Price,Close,High,Low,Open,Volume
Ticker,AMP,AMP,AMP,AMP,AMP
Date,,,,,
2015-01-02,105.67186737060547,106.7918733201495,104.56787702640416,106.38386600843018,622200
2015-01-05,102.27991485595703,105.03991625341322,101.7679157643469,104.62391317678585,1068600
2015-01-06,99.52791595458984,102.57591133789359,98.7839163606129,102.26391209882361,1307600
2015-01-07,101.2959213256836,101.63191959258904,99.84791833133451,100.5999196840845,1271000
2015-01-08,103.09590911865234,103.49590878119947,102.19991378079345,102.82391227780532,1681400
2015-01-09,102.14392852783203,103.69592328776983,101.80793022858366,103.46392882174929,843700
2015-01-12,101.1039047241211,102.15190790969554,100.33590616358036,102.01590339623259,908800
2015-01-13,101.83988952636719,103.94387889278646,101.0558877100828,102.50389025499973,1177000
2015-01-14,99.97589111328125,100.52789245981322,98.49589396034992,99.91989141895982,1199900
2015-01-15,98.28791046142578,100.51990914944746,98.18391275394815,100.10390611251688,888900
2015-01-16,99.72789764404297,99.7918929378094,97.19189568270218,98.36789541772752,934800
2015-01-20,100.1279296875,100.69592853959486,99.06392900095794,99.9999268514448,1020600
2015-01-21,101.07190704345703,101.4639110888221,99.07190882489716,100.12791374366655,1172700
2015-01-22,104.18392181396484,104.42392408313238,100.7439279448015,101.75192893038938,1183000
2015-01-23,103.58392333984375,104.39992618083268,103.16793242304537,104.18392291559566,1241700
2015-01-26,104.6239242553711,104.85593092550819,102.95992397968254,103.495922131795,1077700
2015-01-27,103.20790100097656,104.09590067528178,102.38390883635888,103.23990780757535,717500
2015-01-28,101.11192321777344,103.9919259274815,101.03192449883956,103.9919259274815,1444200
2015-01-29,102.60791015625,104.1119128100054,101.07991460255337,103.24791206467917,1637600
2015-01-30,99.95191192626953,102.24790595201384,99.81590741009715,101.7039061978547,1367900
2015-02-02,103.00789642333984,103.14389482754873,99.703901801888,100.70390083902944,1173400
2015-02-03,106.01590728759766,106.12790669776047,103.51990125008041,103.84790388235014,1338000
2015-02-04,105.50389099121094,106.59189031506607,105.06388902071471,105.87989156536061,1274200
2015-02-05,106.45207214355469,106.9341969554348,105.06196317665238,105.58425483873644,915800
2015-02-06,108.3082275390625,109.64209550632144,107.31185428332824,107.31185428332824,1316500
2015-02-09,108.22789764404297,108.38057092645367,107.27972201372927,108.10736029748182,857400
2015-02-10,109.41708374023438,109.65011516912323,108.65372986613197,109.52154695049077,909000
2015-02-11,109.47340393066406,109.81088651540601,108.62969133833538,109.23234143843477,858600
2015-02-12,110.54206848144531,110.63848854218078,109.40908372402905,109.47336785150057,754900
2015-02-13,110.73489379882812,111.04024029826034,109.97153981118959,110.6063255610733,702200
2015-02-17,110.50991821289062,111.09649400626033,110.1402998130469,110.53402322762201,915000
2015-02-18,109.16799926757812,110.30901471267575,108.76623274771525,110.25277377558436,945900
2015-02-19,109.15997314453125,109.65012881072522,108.77426844064826,108.87873166390095,882700
2015-02-20,109.44120025634766,109.50548437242335,107.91449234760957,108.7903404398757,1344500
2015-02-23,108.28414916992188,109.57783834594903,107.6734682415966,109.57783834594903,900000
2015-02-24,108.86267852783203,109.88316916262606,108.18771355750353,108.18771355750353,1039900
2015-02-25,108.734130859375,109.16000252287041,108.29218509698968,108.52520435664103,571800
2015-02-26,108.75016784667969,109.32068174792552,108.30822218528394,108.81445196660472,549900
2015-02-27,107.37616729736328,109.29661154585776,107.33598817699556,108.74217156324308,896200
2015-03-02,108.3966293334961,109.2403416889449,107.13508852050317,107.376150945052,898300
2015-03-03,108.05108642578125,108.60552617259155,107.36807845285303,108.0109073225018,823300
2015-03-04,107.36811828613281,107.85827410173061,106.990456644888,107.48865564069023,912200
2015-03-05,108.00289154052734,108.17162663262847,107.34398848504738,107.68147093019226,647300
2015-03-06,106.85382080078125,110.14028027037065,106.64490662319656,107.76984798086987,1091600
2015-03-09,107.78595733642578,108.1234398541334,106.8538557574551,106.8538557574551,794400
2015-03-10,104.65216064453125,106.29939377398897,104.65216064453125,106.29939377398897,774800
2015-03-11,104.96553802490234,105.6405029200253,104.4753823189563,104.48341323641871,733600
2015-03-12,108.02700805664062,108.09932310381281,105.8012176042157,105.84942763566382,849500
2015-03-13,107.15919494628906,108.05914826476761,106.33958759642073,108.01896914999031,867200
2015-03-16,109.06354522705078,109.20818756206306,107.81003554134129,108.05109792573363,627200
2015-03-17,108.38053894042969,108.62963221781946,107.57700591094475,108.28410663945162,679700
2015-03-18,108.77427673339844,109.67424218346207,107.47255697614231,108.13949095055972,1103200
2015-03-19,107.14311218261719,108.75017855617718,106.64492553031549,108.55733843835375,1005800
2015-03-20,109.41708374023438,109.83492432031977,107.47253541194418,107.85822780690135,1355200
2015-03-23,108.46894073486328,110.07600698156192,108.46894073486328,109.69834543271234,771700
2015-03-24,106.94223022460938,108.66983395437829,106.94223022460938,108.13146818380972,850000
2015-03-25,104.86909484863281,107.0707798386153,104.86909484863281,106.85382248017514,970500
2015-03-26,104.6601791381836,105.5842372357949,103.80039289456053,104.27448670954789,903600
2015-03-27,103.69595336914062,104.86910487836148,103.24597677596317,104.26645502801112,1002300
2015-03-30,105.27891540527344,105.67263879675572,104.5075181962828,104.5075181962828,1012600
2015-03-31,105.13424682617188,105.889569750798,104.40302890884745,104.67623942649962,973500
2015-04-01,104.82897186279297,105.48786286946886,104.12185855333408,105.07002207197527,817600
2015-04-02,104.61198425292969,105.39944331810172,104.19414357590364,104.57180514266781,1225700
2015-04-06,104.00130462646484,104.61199775500309,102.90046797667613,103.31830870763208,876900
2015-04-07,102.98079681396484,104.60392471845385,102.98079681396484,104.14591726372295,912100
2015-04-08,103.43077850341797,103.79236593535909,102.65135043897469,103.42274758659855,1343000
2015-04-09,100.66663360595703,104.01736542189715,99.54168595248753,103.41471555008901,2728600
2015-04-10,100.06396484375,101.02820813489298,97.09089515628413,100.84339284502104,4061400
2015-04-13,101.75140380859375,102.71564729749565,99.71846585541428,99.89524413490321,2489800
2015-04-14,103.06919860839844,105.1503464843901,100.75501925724448,101.64694152708985,3750700
2015-04-15,103.59149932861328,105.62443735661006,102.98081850668623,104.41913754897828,3403300
2015-04-16,105.07804870605469,105.64855045921011,103.95309477625105,104.45932465770991,2331100
2015-04-17,103.80845642089844,104.73251469964676,103.28615248256551,104.40306314390588,1505800
2015-04-20,104.90126037597656,105.20659465064563,104.11380128307128,104.4352096545998,1123300
2015-04-21,104.72450256347656,105.2548375150104,104.2986308705331,105.09412103688801,1570400
2015-04-22,105.76103210449219,105.87352625805931,103.45489582589445,104.8369738616867,1615300
2015-04-23,102.1853256225586,102.87636473295967,100.67468526495779,102.25764680551669,4336400
2015-04-24,102.65135192871094,102.94062433065027,101.57462053408085,101.79157177029987,1522800
2015-04-27,101.79962921142578,103.4227698064157,101.6067768178511,102.95671905098516,1528900
2015-04-28,102.16120147705078,102.27369562461409,100.96393883200057,101.24517420090883,1351500
2015-04-29,102.44242095947266,103.18167598228153,101.67103001131888,101.70317206713408,1466800
2015-04-30,101.1984634399414,102.98365272579306,101.02075122963647,102.28896290161522,1419600
2015-05-01,101.30347442626953,102.33742961180259,100.43914577273593,101.86083723427339,1191100
2015-05-04,101.77198791503906,102.06278860070715,100.98036861961103,101.5215786101591,1011200
2015-05-05,100.66533660888672,102.1839576341482,100.49570390097396,101.54581202084239,1120300
2015-05-06,99.75253295898438,101.32770422196766,98.83166626001028,101.1903772376331,1628900
2015-05-07,100.61687469482422,100.97229915998257,99.36482188295646,99.45367799924605,1494400
2015-05-08,102.06278228759766,102.55552752100868,101.06113896717517,101.85275821363746,1468600
2015-05-11,101.31155395507812,102.59592467005302,101.2550097200075,101.91738768634605,1106700
2015-05-12,100.75418853759766,101.17423053554825,99.6879214443362,100.58454967386264,975800
2015-05-13,102.18396759033203,102.49900067327341,100.61687552236506,100.68957878304545,1819600
2015-05-14,103.6379623413086,103.65412135913134,102.3697506080445,102.97558435634632,956700
2015-05-15,103.3956298828125,103.7510543326498,102.66862812762702,103.70258960325737,1115800
2015-05-18,104.17916107177734,104.21146677820818,102.90286996769751,103.05634980610907,1094200
2015-05-19,104.17916107177734,104.84961849310702,103.79143096601823,104.45380271645182,882000
2015-05-20,103.7671890258789,104.30839892008979,103.39560564477765,104.05798965978352,1248400
2015-05-21,103.6298828125,103.91261017542134,103.35524112182893,103.37947964999985,755700
2015-05-22,103.61371612548828,104.23569648274217,103.20982085109024,103.51677435723094,730400
2015-05-26,102.43437194824219,103.71066323723441,102.33744248918848,103.28254169212103,1436200
2015-05-27,102.49091339111328,102.95134679763763,102.26473644234478,102.58784901038248,1381900
2015-05-28,102.59591674804688,102.7009257013956,101.73966761655961,102.32126893972563,1101500
2015-05-29,100.64111328125,102.70903028661041,100.62496042404442,102.32937343224447,1674500
2015-06-01,100.64111328125,101.24694711365683,100.01912659163757,100.68958417858765,1254000
2015-06-02,101.84468078613281,102.67669137753622,100.49569262020967,100.64108678536321,1617000
2015-06-03,102.8786392211914,103.66218511590398,101.84468403912662,102.40204684526088,1410900
2015-06-04,101.23884582519531,102.45051315559637,100.58454127603481,100.58454127603481,1124200
2015-06-05,102.27281188964844,102.86248660225361,101.50542496353725,102.24857952650842,1487300
2015-06-08,101.88508605957031,102.9755918157964,101.84470083780714,102.55554360201124,1148600
2015-06-09,102.0466537475586,102.33745448452514,101.34388427274602,101.73162064298826,1069600
2015-06-10,104.89808654785156,105.10810446061807,102.81401713390134,102.81401713390134,1692500
2015-06-11,104.71229553222656,105.56853848091154,104.42956822243016,105.04347523782074,1136300
2015-06-12,103.66217803955078,104.41340585032593,103.40368309882136,104.30840306565713,821600
2015-06-15,103.3067626953125,103.71065183124315,102.16779853667482,102.4989844234512,921900
2015-06-16,103.7752914428711,103.90453894430765,102.72517706370934,102.72517706370934,615600
2015-06-17,103.67835998535156,104.46190599987361,103.3714002567743,104.12262823369878,950400
2015-06-18,104.59114837646484,104.83348437225698,103.61374337192163,104.13072107760848,812900
2015-06-19,103.26636505126953,104.84153012068806,103.1371237402997,104.11453465040798,1278400
2015-06-22,104.48614501953125,104.8092514617648,103.77529605575263,104.47805934675696,1039900
2015-06-23,104.81729888916016,105.00309675693423,104.0418386892704,104.38917741249406,1376300
2015-06-24,103.70258331298828,104.7688442721046,103.55717680791129,104.09031345032888,1387800
2015-06-25,103.28253173828125,104.38111069598654,103.20982848813792,104.38111069598654,1259600
2015-06-26,103.73487854003906,104.14684099897877,103.19366860647283,104.122608638201,2627000
2015-06-29,99.99486541748047,102.55552086568304,99.89792981359122,102.40204103357306,1574700
2015-06-30,100.91571807861328,101.57001636619621,100.23718127127803,101.03688602594362,1545200
2015-07-01,101.90125274658203,103.09676140192582,101.32773078636353,102.5797836867187,1030700
2015-07-02,101.15806579589844,102.24048561607724,100.65724109773387,101.76389944049781,1237900
2015-07-06,99.90603637695312,100.78651190666972,99.2194259446572,99.7202446265656,1441500
2015-07-07,100.02718353271484,100.14027199621933,97.87041705506041,99.8656241828091,1341900
2015-07-08,98.52472686767578,99.74447390836418,98.18546143792979,99.16287250716547,1647000
2015-07-09,99.42942810058594,100.89151101597368,98.9124504810336,100.059500352096,935800
2015-07-10,99.90603637695312,100.12413384119382,98.33087090504716,98.54896836928786,1599100
2015-07-13,101.33578491210938,101.44887338068139,100.5845508492471,101.01267852353752,717200
2015-07-14,101.51349639892578,101.74775284296975,100.44722930081552,100.98843927695543,901100
2015-07-15,101.72352600097656,102.43436871734215,101.13384510460652,101.82046161983261,1042300
2015-07-16,103.3067626953125,103.67834612368473,102.78170558603084,103.24213895447741,1209800
2015-07-17,103.09674835205078,103.31485195724488,102.48284124473783,102.99981889450648,1038300
2015-07-20,103.6298828125,104.08224905831811,102.9028872017307,103.5491123700367,860200
2015-07-21,103.10482788085938,104.35688678583033,102.86249191123282,103.88030051852043,1320600
2015-07-22,102.43437194824219,103.3148535660922,102.32128347077298,102.99174098924027,1648500
2015-07-23,101.94971466064453,104.38112945458046,101.74777005363995,103.94492220104702,1879800
2015-07-24,100.19683074951172,102.31321231856147,99.70408544588892,101.92547598545207,1299100
2015-07-27,99.32439422607422,99.89791593631648,98.62162506193397,99.88176308600814,1138900
2015-07-28,101.18230438232422,101.2550014659778,99.54251553608763,100.39067899300713,2056800
2015-07-29,102.3616714477539,102.39398332064987,100.76226763513168,101.33578951260087,1439700
2015-07-30,102.79206085205078,102.93011158577006,101.85817694370742,102.24797417519238,962700
2015-07-31,102.0530776977539,102.86514962569775,101.93126566943891,102.85703336726264,793800
2015-08-03,101.98811340332031,102.18301513250246,101.13544157171324,101.97187469036378,1070700
2015-08-04,101.62266540527344,102.61339400084825,101.26535182769138,102.08554608731554,716600
2015-08-05,101.64706420898438,103.39302047923579,101.34660149440475,102.46725877233382,831000
2015-08-06,100.45328521728516,101.93937818752191,99.96604334713345,101.69576035025432,838000
2015-08-07,99.92544555664062,100.94053538880635,99.21894080303129,100.44517105506014,582700
2015-08-10,101.62266540527344,101.8825281356196,100.84307721423494,100.94052806147083,837300
2015-08-11,100.22592163085938,100.78625327600184,99.78740202104582,100.60759645026845,959100
2015-08-12,98.9509506225586,99.37323144104158,97.08318914270339,99.25141942818624,1674700
2015-08-13,98.7641830444336,99.63309969737354,98.41499189256334,98.9184724866902,1363400
2015-08-14,99.85234069824219,99.93354663335596,98.49618237543339,98.87785708564543,1340300
2015-08-17,100.81060791015625,100.88369760486346,98.78855055897402,99.56001640669396,890100
2015-08-18,99.45443725585938,100.97300760122856,99.1783296140364,100.57509414232402,1034900
2015-08-19,98.236328125,99.17021194826606,97.98458784578479,98.82102082115323,877900
2015-08-20,96.53910827636719,97.59480425780066,96.31172912851804,97.59480425780066,1439000
2015-08-21,93.25833129882812,95.98689329879959,93.15276418533293,95.24791111309972,2395300
2015-08-24,88.62142944335938,93.29084419754473,77.56912724258595,93.23399939618808,2542300
2015-08-25,87.11907196044922,92.47874523178014,87.11907196044922,92.12955406888041,2334500
2015-08-26,90.99267578125,91.30938338545036,87.89867705431236,88.72699401577336,2326800
2015-08-27,93.35577392578125,93.69684259681081,91.27687208832542,92.35692907553522,1440400
2015-08-28,92.68991088867188,93.2502426316972,91.94280602838381,92.73863323306762,1127700
2015-08-31,91.49613189697266,93.36389959029881,91.34995871927221,92.39753212685604,1033800
2015-09-01,88.5970458984375,89.78267016707012,87.86617992582366,89.32791187105134,1859000
2015-09-02,88.97061157226562,90.52979461267445,87.93116034240511,89.55530443796668,1321000
2015-09-03,89.0193099975586,90.01815480892571,88.68635759669226,89.01118754505514,1538600
2015-09-04,88.12602233886719,89.71768839852169,87.48449111757274,88.57266427330325,1162200
2015-09-08,90.19683837890625,90.28616679612712,88.78383480882182,90.13187113081511,893100
2015-09-09,88.426513671875,91.77225231859073,88.17477335130481,91.13883719224168,940100
2015-09-10,88.97061157226562,89.83141215593353,87.93116034240511,88.18290069461938,1279800
2015-09-11,89.10051727294922,89.16548450272,87.97173798705006,88.4995858866096,1112800
2015-09-14,88.45088195800781,89.27919887883778,88.15041927910997,89.25483770980473,640500
2015-09-15,89.19795989990234,89.62024068822342,88.07730309203345,88.49958388035452,1016400
2015-09-16,89.83952331542969,89.98569652355678,88.51584818311375,89.09241856083239,960100
2015-09-17,88.9381332397461,91.22817630294773,88.70263778401879,89.55530976756182,1462300
2015-09-18,87.22463989257812,88.67012678616221,86.85108139153333,87.76060408884777,1956800
2015-09-21,88.34529113769531,89.01931221309067,87.80932078021482,88.04482234374872,814600
2015-09-22,87.29773712158203,87.51699382828083,85.94969467213377,86.84297879917418,1155200
2015-09-23,86.82672119140625,87.71188273448307,86.31511815352141,87.37893030026048,931300
2015-09-24,86.80236053466797,87.04598457067581,85.56801403474917,85.83599303961788,1196900
2015-09-25,87.75247955322266,88.2722050263215,87.15967058966446,87.78496316974338,850600
2015-09-28,84.28496551513672,88.10982443130726,84.00074151415943,86.89983871536481,2013400
2015-09-29,86.4450454711914,86.67243079223864,83.9925912239672,84.76405699890957,1648200
2015-09-30,88.62142944335938,88.75948641432723,86.97292400839815,87.41956615878509,1602500
2015-10-01,89.01121520996094,89.10054362841461,87.36270998950856,88.56457311769252,1269600
2015-10-02,88.1828842163086,88.29657998172073,84.93459663217729,85.93344779036909,1504700
2015-10-05,90.85460662841797,91.09010823504062,87.35457854146239,89.23046274463462,919000
2015-10-06,90.15621948242188,90.70842862145332,89.40911482244313,90.42420469598498,939300
2015-10-07,90.83837127685547,91.81285516493645,89.5877796965938,90.99266693412164,1155800
2015-10-08,90.99267578125,91.21193250892023,90.05066922831287,90.4891888792714,1587000
2015-10-09,90.22119140625,91.51238901416487,89.49032542022434,91.00890218032114,1178300
2015-10-12,89.18987274169922,90.26993003096764,88.82443661000963,90.05878956792152,993200
2015-10-13,87.6956558227539,88.99496981737461,87.55760506611686,88.46712796016027,1123000
2015-10-14,87.35460662841797,88.22352363779855,87.0378989648992,87.78500390470658,1202200
2015-10-15,89.83138275146484,89.89634378535392,87.78495839136637,88.27220022142258,871800
2015-10-16,90.60287475585938,90.8058927602595,89.35228310528052,90.0100594569392,982800
2015-10-19,90.3429946899414,90.51352903756752,89.78266312230085,90.02628715926195,1245400
2015-10-20,91.19568634033203,91.52863263226588,90.17247390505842,90.36736944657136,839600
2015-10-21,90.59474182128906,92.26761419705525,90.42420746079381,91.58547055945712,1203300
2015-10-22,92.64927673339844,93.87550699265192,87.71188446932324,89.49031765273631,1359600
2015-10-23,94.26531219482422,94.4114853917135,93.03908183178733,93.70498057414578,995900
2015-10-26,93.7942886352539,94.75253356350798,93.37201404452549,94.09475741801367,778600
2015-10-27,91.7641372680664,93.31519778339661,91.73977609902859,93.12841849474378,1510300
2015-10-28,94.1841049194336,94.48456756754734,91.78848901487227,92.16204135821445,1738100
2015-10-29,94.2657699584961,94.77217594790493,93.59599594119862,94.18408594455178,856200
2015-10-30,94.22493743896484,94.74768277644354,93.65318667347752,94.20859814188465,1056700
2015-11-02,95.73599243164062,96.0953821657026,94.18408958100964,94.55981237952189,647600
2015-11-03,96.21792602539062,96.65898742363615,95.09075111631367,95.16426550376602,1078100
2015-11-04,94.65782928466797,96.59362457823663,94.55164878690007,96.33225192621016,1002400
2015-11-05,95.60533142089844,95.75235396155215,94.61700942273812,94.6905238088735,749000
2015-11-06,97.4267578125,98.25171786048512,95.75234123323033,97.10004040652029,1376400
2015-11-09,95.88301849365234,97.85964964105867,95.40111517930457,97.50026612528576,704100
2015-11-10,95.19693756103516,96.03823079924402,94.51899993411489,95.45014062801764,708200
2015-11-11,94.78853607177734,95.8748626555267,94.57616880576504,95.8748626555267,654000
2015-11-12,92.9098892211914,94.13507457355877,92.9098892211914,94.01255479199904,736000
2015-11-13,91.88074493408203,93.3754727735444,91.59486955725978,92.7547103612905,1057700
2015-11-16,92.68122100830078,92.72205679520134,91.14565084732294,91.58671847452187,935300
2015-11-17,92.2728271484375,93.22847057271406,92.03595714700177,92.75473056984258,892300
2015-11-18,94.31477355957031,94.43729334650457,92.40348108559547,92.86905129065347,1090400
2015-11-19,93.90640258789062,94.5925036006834,93.61235751623177,94.38830598045458,727100
2015-11-20,93.51432800292969,94.43730511209147,93.33463312392063,93.8900508264868,817200
2015-11-23,92.80374145507812,94.04526030797187,92.74656636773994,93.64503469660455,863100
2015-11-24,91.97062683105469,92.45253655964582,90.94146885727179,92.28101126928503,1176200
2015-11-25,92.31365966796875,92.58320202884846,92.01145117087664,92.28099353175635,594700
2015-11-27,92.71389770507812,92.95076771398107,91.96244565794498,92.2156549676646,339000
2015-11-30,92.25647735595703,93.285635051312,92.13396377571424,92.79556203549133,1196400
2015-12-01,93.61235809326172,93.75121098028517,92.50152253384033,92.82007032483149,892300
2015-12-02,92.29733276367188,94.16778388340232,92.10946819401116,93.53885166601492,945600
2015-12-03,90.9087905883789,92.89359187153964,90.54123110239071,92.62404949480509,1010900
2015-12-04,93.88188934326172,94.07791729184747,90.91693624177357,91.1211338391051,1061500
2015-12-07,92.5505142211914,94.1677618850538,92.04410818336002,93.5143271007099,785900
2015-12-08,91.12931060791016,92.5831966174462,90.67190994826734,91.90525904574945,1215700
2015-12-09,88.89129638671875,91.35800053234993,88.43388954755648,90.32067951691704,785100
2015-12-10,88.85862731933594,90.01029852935858,88.54824921436601,88.85862731933594,1248900
2015-12-11,85.88550567626953,87.68244193536724,85.30558528145514,87.39656656209475,2033200
2015-12-14,85.73033142089844,87.10253973079006,84.19476750119806,85.95903176727754,1911700
2015-12-15,86.4817886352539,87.55995200480105,86.37560809799578,86.71865866293854,1326600
2015-12-16,87.85400390625,88.18889107759743,85.45264353472221,87.38027004594106,1360000
2015-12-17,85.84468078613281,88.20520484586984,85.60781079200754,88.1235270417342,955200
2015-12-18,84.19475555419922,85.2565793305205,83.84353543449217,85.13406575635679,2497000
2015-12-21,86.11421203613281,86.14688439989446,84.57047868018823,84.9135291522612,1033200
2015-12-22,87.53543090820312,88.00100121478582,81.74438961699708,86.66963502653412,1155800
2015-12-23,88.76879119873047,88.83413593388383,87.23322731232791,87.77230579830086,830600
2015-12-24,88.16436767578125,88.89131071492729,87.89482531790907,88.4502431015774,367200
2015-12-28,88.05000305175781,88.1480139064466,87.40473792138786,88.05000305175781,558700
2015-12-29,88.68710327148438,89.6590796115624,88.40939129459335,88.67076397375278,672500
2015-12-30,87.63346862792969,88.89132696296785,87.39659859422594,88.31956977524975,569200
2015-12-31,86.92284393310547,87.98467408086694,86.68597393917047,86.98818866900831,730200
2016-01-04,85.15042114257812,85.21576588700484,83.83538776117531,84.88904839648912,896200
2016-01-05,84.81550598144531,86.14687822493144,84.24375523563981,85.35459059744686,805200
2016-01-06,81.93224334716797,83.49231600838517,81.61369558846368,83.49231600838517,1738700
2016-01-07,79.3348388671875,81.20528938480739,79.05713315891273,80.04544866504443,1624200
2016-01-08,77.54606628417969,81.1562775983886,77.39087414665538,79.9637646126297,1531200
2016-01-11,78.1341781616211,78.55890645764237,76.859980810324,78.44455629211292,1878500
2016-01-12,78.53441619873047,79.21235388163538,77.35823575914776,79.07349474579412,1031800
2016-01-13,75.47959899902344,78.78759616722617,75.34890955225586,78.68957908215049,2012400
2016-01-14,77.66858673095703,78.57522446359677,74.63013204579237,75.92065598534532,1535100
2016-01-15,75.82266235351562,76.72113064229642,74.33610391742612,76.58227775518655,1477800
2016-01-19,75.58578491210938,77.27654080310982,74.89151431339623,77.27654080310982,1090900
2016-01-20,74.826171875,75.6429623059188,72.69434835177263,74.17273703761839,1395000
2016-01-21,73.9767074584961,76.12486400137249,73.86235729920176,75.21822614438437,1456600
2016-01-22,76.16571044921875,76.4597555135574,75.21006710592647,75.26724218890251,1385700
2016-01-25,73.77249908447266,76.08401711144296,73.52745950369406,75.45508509553176,1507100
2016-01-26,75.43878173828125,75.92068521019968,73.88687832266872,74.32794600278709,1952500
2016-01-27,74.41776275634766,77.36637615961537,74.1073846939672,75.01401616981737,2295000
2016-01-28,70.99541473388672,75.9043264136119,66.48673480682963,74.1645652358157,4964300
2016-01-29,74.04206085205078,74.06656357025044,71.21596644004542,71.41199441725965,2187700
2016-02-01,71.70602416992188,73.74800000492951,71.4691542252671,72.89036766158003,1765400
2016-02-02,68.5614013671875,70.54620267049746,67.72827150911706,70.40734353974078,2346700
2016-02-03,69.28015899658203,69.84374634650715,66.31521219419129,69.33733407326892,2728700
2016-02-04,69.81108856201172,70.41551181772124,68.80643345430052,69.2720038135771,1954200
2016-02-05,67.62205505371094,70.22761754107393,67.37701552408288,69.66403036189784,1845400
2016-02-08,65.9721908569336,67.06669378070427,64.78784667732273,66.42959794716909,2298800
2016-02-09,64.66529083251953,65.74345385056704,64.36308238976467,64.73880520482197,1908900
2016-02-10,66.15631103515625,67.11187778158079,65.25017427255632,65.8844744057391,2082900
2016-02-11,62.82830047607422,64.36049770140966,62.60588758811391,63.47907295649543,2463000
2016-02-12,66.0245132446289,66.22221432801588,62.73770523730238,64.98657155844006,2218400
2016-02-16,68.30633544921875,68.59465085814243,66.41168684428847,67.23544874681586,1934500
2016-02-17,69.99503326416016,70.36572351846732,68.73467885775212,69.22069524827943,1855200
2016-02-18,69.42664337158203,70.41516130065817,68.88296385267336,70.01975287206697,2321000
2016-02-19,68.11685180664062,68.94061344402729,67.64730792472233,68.81704794145878,1831000
2016-02-22,69.64083862304688,70.17628516762046,69.17129454530192,69.44313750736615,2010500
2016-02-23,68.72642517089844,69.4513330597442,68.396919299677,69.3771975382403,1698400
2016-02-24,68.72642517089844,69.02297982651756,66.22218934833796,67.67201141083123,1583600
2016-02-25,69.50077056884766,69.85498831901559,68.34750303680306,68.98179672278624,1344000
2016-02-26,71.24715423583984,71.94735048837441,70.0197509495284,70.3657293870438,1533300
2016-02-29,69.15481567382812,71.18950876901866,69.1383431995503,70.9094327126598,1726800
2016-03-01,72.49927520751953,72.62284073009967,70.0279898951309,70.08565296769449,1728700
2016-03-02,72.40039825439453,72.62281738048753,71.56016428364711,72.52396373724604,1229700
2016-03-03,73.75960540771484,74.07263251494669,72.07913119482502,72.5898655869626,1898100
2016-03-04,74.51748657226562,74.71518763098571,73.35598578188134,73.89142588738144,1571500
2016-03-07,73.94086456298828,74.06443009602404,73.10886334433856,73.51250488643821,1278900
2016-03-08,73.16651153564453,73.87494707712332,72.28508679703293,72.86995683061608,1906500
2016-03-09,73.03472900390625,73.80906087312198,72.30157517171035,73.80906087312198,1354300
2016-03-10,72.86994934082031,74.03968928775713,71.5107414632772,73.82551579987438,1316700
2016-03-11,76.28034210205078,76.34624455499032,74.10561143347665,74.1715138864162,1299800
2016-03-14,75.64603424072266,76.14852935274945,74.31977747419984,75.73664852550144,1344300
2016-03-15,74.22093963623047,74.75638608276479,73.16652549925433,74.69872300604904,1571400
2016-03-16,75.32477569580078,75.54718860081604,73.44659992970446,73.44659992970446,1223400
2016-03-17,76.9228744506836,77.53246270638888,74.99527485966914,74.99527485966914,1255900
2016-03-18,77.7301254272461,78.4550331894479,76.80751040597053,77.35943531488395,3533100
2016-03-21,77.54894256591797,77.87020919503074,76.60161515079896,77.31829024602207,970700
2016-03-22,76.89817810058594,77.33477093604017,76.21445416195138,76.60162329069155,1166900
2016-03-23,76.41212463378906,77.46653843286474,76.10733059179294,77.00523396696963,1541300
2016-03-24,75.76959991455078,75.79431175867225,74.67399540327918,75.29181664552671,1951700
2016-03-28,76.93110656738281,77.07114455150172,75.33300681862802,75.78607827878113,1350600
2016-03-29,77.57365417480469,77.63955663308502,75.08589608036351,76.31329951301402,1344500
2016-03-30,78.72689819335938,79.52594797460432,78.15850066138051,78.25735431883844,1992700
2016-03-31,77.44185638427734,78.6445479793383,77.02997544275765,78.34799319865978,1959000
2016-04-01,77.98551940917969,78.21617168191382,76.18971863386001,77.18646954663426,1491400
2016-04-04,76.75813293457031,77.73841159190845,76.51924123300033,77.73841159190845,1482100
2016-04-05,75.71195220947266,76.18149619744375,74.8634722520897,75.48129361967293,1652400
2016-04-06,76.80754852294922,78.41388780489169,76.14854285339652,76.17325470184423,2739800
2016-04-07,74.99525451660156,76.42859789686818,74.22915600072074,75.84372793299389,1694700
2016-04-08,75.20944213867188,76.50274769462762,75.0035017234891,75.66250728119236,872800
2016-04-11,76.23917388916016,77.07940834483716,75.79434166504697,76.02499401426007,1099000
2016-04-12,77.57365417480469,77.65602910525293,75.94260918359477,76.30506013452789,1190800
2016-04-13,80.4238510131836,80.43209038977524,78.52096353270015,78.61157782079964,1287700
2016-04-14,80.02022552490234,80.83574799582848,79.38593166636072,80.14379105923761,1238700
2016-04-15,79.4271011352539,80.27557467566048,78.99050844240803,79.94607502545429,965900
2016-04-18,79.55892181396484,79.88842781437407,78.70220872682255,79.08113842761168,948900
2016-04-19,79.7730712890625,79.96253922465976,79.07287517758118,79.87192494478312,960500
2016-04-20,81.354736328125,81.62657300982981,79.66602172565311,80.07790272286037,1204000
2016-04-21,81.41238403320312,82.28556957115357,80.9593125079624,81.63479696435509,873100
2016-04-22,82.31028747558594,82.69745657385333,81.54418865779,81.72541728121767,957800
2016-04-25,81.43710327148438,82.20320210243241,80.7451399960452,81.80779361863793,721100
2016-04-26,82.5738754272461,82.62330540553347,81.60183631830559,81.89839104881648,831000
2016-04-27,83.2575912475586,83.55414594980479,81.16523586384497,82.20317732170666,1104100
2016-04-28,80.83573913574219,83.19993764623882,80.53095130723315,82.6315400214789,1161700
2016-04-29,78.99874877929688,80.59684221359046,78.61981914911166,80.30029378176108,1585900
2016-05-02,80.58036041259766,80.67921406829434,78.34796720440006,79.15525006244819,1436300
2016-05-03,78.72689819335938,79.18820269189155,77.44183207041839,78.9493110666367,1404600
2016-05-04,78.07613372802734,78.89165605971802,77.19470895130227,77.92785636910149,984000
2016-05-05,77.362060546875,78.92308935905585,77.25411962611194,78.35846312942438,1524600
2016-05-06,77.42847442626953,77.53641532719992,76.3075272699265,76.6645703544583,1713300
2016-05-09,77.16278839111328,77.5530456236279,76.84726436702628,77.25412545978408,1102500
2016-05-10,79.0642318725586,79.28841877571496,77.67757864042723,77.78551954417928,1291800
2016-05-11,79.02269744873047,79.77830263368014,78.69886846516079,78.77360164171643,1221500
2016-05-12,79.16385650634766,80.30141372272674,78.30861548790884,79.60393782475249,1060300
2016-05-13,77.91006469726562,80.08553080728589,77.61944972091918,79.07253093758277,1348100
2016-05-16,78.51620483398438,79.02270794426144,77.61114584557777,77.87685187597462,1008400
2016-05-17,78.95628356933594,79.90286807804438,78.06782839447776,78.22559353508446,1032700
2016-05-18,80.9822998046875,81.05703299810004,78.25881115679866,78.59925040525079,1525800
2016-05-19,80.21839141845703,81.35594877147813,79.313326059354,80.3263323199385,1281000
2016-05-20,81.09855651855469,81.5718456895681,80.63357244455777,80.75812356007349,883100
2016-05-23,80.99890899658203,81.31443295338009,80.47579565394834,80.85774770741925,724100
2016-05-24,82.84223937988281,82.97509557036204,81.43067719816617,81.74620114815657,953900
2016-05-25,84.16248321533203,84.73541453482396,83.04153586692271,83.17438574198978,992600
2016-05-26,83.17438507080078,84.0877493349144,83.1328722567104,84.07114547626479,845900
2016-05-27,84.29531860351562,84.31192879437738,82.8588475056259,83.39856467986279,596700
2016-05-31,84.41988372802734,84.95129589516785,83.86356260538538,84.53612974365603,1124000
2016-06-01,84.98451232910156,85.3083414295612,83.01662877014422,84.41988609382501,1103900
2016-06-02,84.71049499511719,84.80183205117736,83.6393719466524,84.22060199891487,698300
2016-06-03,83.44837188720703,83.59783191114852,82.21947765314027,83.11623779678919,1030400
2016-06-06,84.71049499511719,85.10075217375018,83.44008764164889,83.55633365210137,707300
2016-06-07,84.4863052368164,85.05093141218947,84.26211831987268,84.81843939908272,600300
2016-06-08,84.2289047241211,85.11735997038596,83.67257730698039,84.30363158519435,691300
2016-06-09,83.58953857421875,83.85524461694021,82.99169839436252,83.83033566526817,799700
2016-06-10,82.65959167480469,82.75922750690539,82.0036283287638,82.47691753604224,1179700
2016-06-13,82.07831573486328,83.14944475941896,81.99528380306143,82.07831573486328,1295300
2016-06-14,79.86966705322266,82.34405379339927,79.43789070377295,81.7047007010519,2172700
2016-06-15,80.34293365478516,81.44727050416623,79.83643058032415,80.33462856022305,1049700
2016-06-16,79.92778778076172,79.99420954922309,78.56604333584795,79.42958967517201,1240200
2016-06-17,80.29312133789062,80.86605258400975,79.76170923581245,79.98590247774253,1328100
2016-06-20,81.61334991455078,82.71769322326787,80.84114074149176,80.84114074149176,1131100
2016-06-21,81.94550323486328,82.25272215595281,81.4556038447153,82.15308632638138,746100
2016-06-22,82.34403228759766,82.74259448031002,81.77940620996499,81.88735343660122,893300
2016-06-23,84.45310974121094,84.46141483919857,83.43180441140944,83.44840827245108,1043100
2016-06-24,75.8259506225586,80.1685916390274,75.80934676278157,78.5743486983083,3543100
2016-06-27,71.01000213623047,73.61725089537899,70.75260119888195,73.61725089537899,2365600
2016-06-28,71.15948486328125,72.58765761926593,70.51182659834251,72.29704254332336,3708800
2016-06-29,73.87467193603516,73.92448985103194,71.58295282218472,72.11436503192783,1727500
2016-06-30,74.60536193847656,74.60536193847656,72.75372430687185,73.93279474811011,2104100
2016-07-01,74.53892517089844,76.07504494000068,74.21509609204388,74.4226791597677,1234500
2016-07-05,72.1143569946289,73.96600075981617,71.59955503721599,73.75011259400259,1507100
2016-07-06,72.51292419433594,72.60426125780222,70.52012532724073,71.53313178755188,969200
2016-07-07,73.13565826416016,73.77501124078555,72.44648105011926,72.65406409037749,1150700
2016-07-08,75.42735290527344,75.77609714625517,74.54720304668709,74.59702093757154,998700
2016-07-11,76.10824584960938,76.7808128457257,75.51040570420314,76.16636884513879,941000
2016-07-12,78.56605529785156,78.64908727226971,77.11297357326657,77.26243366119266,1072700
2016-07-13,77.92667388916016,78.66566902316444,77.37865794408062,78.48299492982733,1087500
2016-07-14,79.51262664794922,80.02742864436469,78.7238071240314,79.88627366695613,1076700
2016-07-15,79.91117095947266,80.52562136250455,79.4544920401151,80.25991530589933,917600
2016-07-18,80.38447570800781,80.55884474767522,79.70360340957318,79.8447647287706,896400
2016-07-19,80.02743530273438,80.41769254857272,79.6122690982142,79.79494324179244,834800
2016-07-20,80.1270523071289,80.39275834117497,79.2635061127463,80.39275834117497,766300
2016-07-21,79.91947174072266,80.60034386994765,79.81153083868723,80.12705478420506,563900
2016-07-22,80.608642578125,80.67507066715929,79.7450964254729,80.11874334016113,626000
2016-07-25,79.96098327636719,80.52560935432132,79.67866706992454,80.08552802266276,1175800
2016-07-26,80.2101058959961,80.40108512899288,79.62887576936807,79.68699878203087,1410600
2016-07-27,79.35484313964844,80.80792439880747,78.71549017298834,79.58733512752484,1362300
2016-07-28,79.33824920654297,79.64546808540291,78.159172594244,79.02271889645024,925300
2016-07-29,79.57903289794922,79.80322613356876,78.77361600664004,78.90646586095419,888000
2016-08-01,78.74040985107422,79.95269419225117,78.44979482663666,79.75341622334147,933100
2016-08-02,77.22088623046875,79.2551973660086,76.86384316976934,78.67396742297757,1094700
2016-08-03,78.7237777709961,78.91475692534776,77.39524778941058,77.39524778941058,906500
2016-08-04,78.62337493896484,78.97489370256359,78.07935415599805,78.7572841122878,759000
2016-08-05,80.78271484375,80.93336666545049,79.33478947699406,79.6863082658133,1298100
2016-08-08,81.02542877197266,81.59455714384967,80.49815060989584,80.79945424120989,568400
2016-08-09,80.56510162353516,81.27651043225822,80.5399940539424,81.02542196544069,507400
2016-08-10,80.11314392089844,81.05889853267036,79.93738455333612,80.53999174808965,740700
2016-08-11,80.45626831054688,80.84963713817191,79.82018879631013,80.2219225542025,441400
2016-08-12,80.01272583007812,80.28055060263405,79.01675584940408,79.70305722816904,447100
2016-08-15,81.05889892578125,81.28487981763215,80.08803674042701,80.28053235969057,437000
2016-08-16,80.79942321777344,81.19279205125513,80.37257550639511,80.8663809735667,543100
2016-08-17,81.36857604980469,81.72009479616865,80.7743401541575,80.84966286318765,763100
2016-08-18,81.32671356201172,81.8121477872714,81.05888888349672,81.30160599612657,772100
2016-08-19,81.19281768798828,81.39368463334904,80.45629491259035,80.94172921720352,531400
2016-08-22,81.02542877197266,81.20955947838074,80.55673707234882,81.05890766272373,458500
2016-08-23,81.73682403564453,81.98790607670244,81.4020415954567,81.43552047801988,622600
2016-08-24,81.6280288696289,81.97954761349192,81.47737706719548,81.80378824156041,636000
2016-08-25,81.53596496582031,81.6531378825126,81.00868684070508,81.44389961906995,681100
2016-08-26,82.30594635009766,82.91692478581697,81.80377587968731,81.91258384499626,851800
2016-08-29,82.8834457397461,83.2517070638619,81.93769124924609,82.30594618791794,581900
2016-08-30,84.24769592285156,84.32301863130516,82.85835081388795,82.85835081388795,775800
2016-08-31,84.59920501708984,84.73311416754858,83.46931982104664,84.2560512454217,1556200
2016-09-01,83.60322570800781,85.12647974949961,83.14289905311581,84.94234908754281,1062700
2016-09-02,84.62430572509766,84.90886663766207,83.58648594773967,83.99659106867696,652300
2016-09-06,84.24769592285156,84.54062820924602,83.46095802329651,84.40671265806859,779600
2016-09-07,84.33138275146484,84.44018433842598,83.60323137134043,83.82921224830238,589100
2016-09-08,84.32300567626953,84.6410454832862,84.1723538970629,84.18909014566633,644400
2016-09-09,83.20149230957031,84.37322128171387,83.19312099249957,83.8961583757857,740600
2016-09-12,84.96746063232422,85.21017775395732,82.2724774984321,82.50682330264495,1070300
2016-09-13,83.0592041015625,84.07191634544908,82.67420653338243,83.66181121191178,847300
2016-09-14,83.03409576416016,83.69528931600989,82.49007510651732,83.00898819903637,920100
2016-09-15,84.46529388427734,84.91724926334344,82.70769388931664,82.70769388931664,883500
2016-09-16,83.11780548095703,83.69530512969433,82.34781020627065,83.64508998995892,1965900
2016-09-19,83.66181945800781,84.77496845848435,83.38562344096725,83.55301786892116,698600
2016-09-20,83.16802978515625,84.33139405449664,83.15128714772165,83.94639640428895,671600
2016-09-21,84.41507720947266,84.61594413469192,83.50279515018062,83.78736248089862,614200
2016-09-22,84.44019317626953,85.04280039731348,84.20584734262911,84.9507350504626,718000
2016-09-23,83.39398193359375,84.71636897655983,83.30191660873894,83.83756592492507,888100
2016-09-26,81.90421295166016,82.8667100831016,81.51084405907979,82.13855874670107,1003900
2016-09-27,82.33104705810547,82.43147730476672,80.9751812591921,81.53593808786056,929400
2016-09-28,82.9839096069336,83.31869215817245,82.2725006764548,82.9002155654854,885600
2016-09-29,81.53596496582031,83.20987107336141,80.95010038235895,82.76628697653423,773300
2016-09-30,83.50279235839844,83.97985528074709,82.23899801130895,82.60725296432484,958200
2016-10-03,84.38997650146484,85.02605621393563,82.97552382143161,82.97552382143161,938300
2016-10-04,84.55735778808594,85.33572430791105,84.36486218026418,84.70800957855029,920600
2016-10-05,86.36518859863281,86.7418149227364,84.6996474060447,85.15997414478919,920700
2016-10-06,86.047119140625,86.59113976183953,85.53657739914834,86.37353023626504,577900
2016-10-07,84.66619873046875,85.9718438326191,84.2142431830828,85.9718438326191,903000
2016-10-10,85.05115509033203,85.75419245382639,84.91723956274616,85.51147534915987,567200
2016-10-11,83.43582916259766,85.22690769715499,82.96713123852426,84.8335388477576,694900
2016-10-12,83.77062225341797,84.46529477218002,83.3772597093119,83.62834177669164,542800
2016-10-13,82.60724639892578,82.78301212227177,81.07562748707902,82.60724639892578,706100
2016-10-14,81.25138092041016,83.67017404813096,81.25138092041016,82.8667001109191,1236100
2016-10-17,80.68226623535156,81.6447634118388,80.5734582643874,81.25139450084836,921100
2016-10-18,81.29322814941406,81.92931410433724,81.11746881689125,81.69496832764014,766300
2016-10-19,82.09671020507812,82.45660022200205,81.55269590650552,81.82052058988303,700000
2016-10-20,81.8958511352539,82.77465435405071,81.72846308664725,81.99628779568475,728500
2016-10-21,81.66151428222656,81.88748881120968,80.95847673832758,80.95847673832758,700100
2016-10-24,82.00462341308594,83.23493844416193,81.91255811079942,82.26407669110685,902500
2016-10-25,81.37694549560547,82.30595747949124,81.1760721719241,82.03813276669425,937700
2016-10-26,75.43456268310547,80.69063226618505,75.41782643467751,80.69063226618505,2710500
2016-10-27,76.07063293457031,76.33845755210376,74.89889783832054,75.69400676115978,2488800
2016-10-28,74.68132781982422,76.17946824757061,74.49719711640634,76.12925310498225,1425000
2016-10-31,73.97825622558594,75.08303364741764,73.40075676004561,74.80683769559896,1661300
2016-11-01,73.40077209472656,74.78174575688604,72.78980000930173,74.46370593059943,1283200
2016-11-02,72.61405944824219,73.34220462578539,72.18721153990742,73.0576436105262,1002700
2016-11-03,73.91419219970703,74.8850758882317,73.07837890730504,73.12059404207795,1974900
2016-11-04,74.09991455078125,75.23121434879009,73.6355803208715,74.04081723275183,1260500
2016-11-07,76.99571228027344,77.06325392689517,75.60270285517426,75.90663382384614,1173100
2016-11-08,76.59890747070312,77.11389473155762,75.65334389109135,76.68333129505018,714600
2016-11-09,86.1136245727539,86.21493703811532,77.21521592730092,77.4347230483545,3675000
2016-11-10,92.77476501464844,94.45482312017485,87.75147288818545,88.22425150494651,4188700
2016-11-11,93.5852279663086,93.75408204163641,91.86295504471109,92.28508057134407,1839800
2016-11-14,96.46412658691406,97.33370413612501,94.83472180597168,95.05422244093073,2013100
2016-11-15,96.43036651611328,96.49790815337572,94.09178724462058,95.51012942150648,1800300
2016-11-16,96.24463653564453,96.4556993350648,95.3919410224715,95.58612163203335,1087800
2016-11-17,95.89848327636719,97.51100603500642,95.47635770911607,96.56544244555894,1370700
2016-11-18,95.51858520507812,96.87783022284117,95.43416136892608,95.86473130676505,1087500
2016-11-21,96.4472427368164,96.71740282802388,95.60299164665244,96.03356150615096,826300
2016-11-22,96.06732177734375,97.29148314725495,95.28216809203292,96.59919758695796,960700
2016-11-23,95.98291778564453,96.78495382242566,95.24841694735397,96.25307790298268,831100
2016-11-25,96.63297271728516,96.69207003210494,95.81404818255088,96.44723645895891,338000
2016-11-28,94.97824096679688,96.29527051371005,94.55611545138889,95.38348429568319,1046400
2016-11-29,94.60678100585938,96.10954700954044,94.52235717980005,95.29062881152748,1077400
2016-11-30,96.42195129394531,96.81030616369254,95.45950521650066,95.64524155445085,1426200
2016-12-01,97.12265014648438,98.54099229345103,96.759621905263,97.45190756978691,1225700
2016-12-02,95.79718017578125,97.04666828581202,95.35816596545949,96.99601527736151,860900
2016-12-05,96.77649688720703,97.24083754760784,95.69585655877364,96.23617672299034,1122700
2016-12-06,97.25772094726562,97.70517942610509,96.27839305283518,97.70517942610509,1806200
2016-12-07,98.57476806640625,98.82803955184131,96.86093922790724,96.93691874120019,1177100
2016-12-08,100.38145446777344,100.73603837468244,98.60852849210389,99.14884866676272,1092500
2016-12-09,100.10285186767578,100.415227090979,98.70983627560688,100.415227090979,1029400
2016-12-12,97.39281463623047,99.90024161982015,97.24084916931214,99.78204697234203,943300
2016-12-13,96.98755645751953,98.65073202491484,96.07577023614414,97.88246693343545,975500
2016-12-14,95.34127044677734,97.6882873133531,94.94447142639056,96.34593124808647,1942700
2016-12-15,96.58230590820312,97.544751435455,94.98667219506852,95.64518687780682,1358100
2016-12-16,94.32819366455078,96.98757991159587,94.1340130456975,96.82717655632659,2095900
2016-12-19,94.0580062866211,94.4801317834117,92.90982442006076,94.26062472156589,1511000
2016-12-20,95.80561828613281,96.01668106250759,95.09644400812869,95.51856956087825,844400
2016-12-21,95.32440948486328,95.80563242838804,94.65745024013148,95.69587564615166,627300
2016-12-22,94.3534927368164,95.21462591517685,94.03267323730799,95.19774372941932,665700
2016-12-23,94.49702453613281,94.74185812458427,93.58523181523594,94.60677485876637,448400
2016-12-27,94.834716796875,95.23151579921637,94.42947348098144,94.8009459837902,338100
2016-12-28,93.55990600585938,95.6874159292454,93.53457950361218,95.07111623748115,581000
2016-12-29,92.8000717163086,94.29439964715597,92.18377207114209,93.61899624638185,670200
2016-12-30,93.6612319946289,94.21843444798462,93.06181440400924,93.39107186306616,798100
2017-01-03,94.42948913574219,95.56922689152572,93.34040438742123,95.50169169528397,1029800
2017-01-04,97.25772094726562,97.75583242928052,94.53923790515081,95.11332889192883,1523800
2017-01-05,96.0251235961914,97.50256310251712,95.01202479687524,96.4641377993868,1491900
2017-01-06,97.64608001708984,98.19483804940111,96.26994667647247,96.77649602074985,1463800
2017-01-09,97.25772094726562,98.68450732053553,97.20706794409021,98.04287470210727,993900
2017-01-10,96.86092376708984,98.06820300088913,96.5992015671199,97.39279959861885,891200
2017-01-11,97.13953399658203,97.16486050017318,95.58611499249164,96.63298460138408,1055300
2017-01-12,97.16487121582031,97.46036429997163,95.3159653973884,96.59078656144246,936300
2017-01-13,97.31681823730469,98.91245868925137,97.08042896771985,97.72206158596764,495100
2017-01-17,94.17620849609375,96.50633678845473,93.97358360370411,96.22773883338672,757900
2017-01-18,95.74653625488281,95.83939796548077,93.50082486392755,94.79252823101614,1078300
2017-01-19,95.38349151611328,96.33749293434752,94.42948365675436,95.83094356573753,893000
2017-01-20,95.44257354736328,96.20239425800989,94.85159401104256,95.95756714794516,1180000
2017-01-23,95.28218841552734,96.21086342262623,94.62367352760495,95.08800781059173,678100
2017-01-24,96.50636291503906,97.36750283801517,94.91917280837642,95.70432676585408,690000
2017-01-25,98.73517608642578,98.96312751935584,96.90315251302749,97.84027186812766,1136800
2017-01-26,96.98755645751953,99.25859379991458,96.68362557001966,99.18261429860173,1314800
2017-01-27,95.73808288574219,97.62075936656449,95.55234659985832,97.5110090345082,1009700
2017-01-30,95.45103454589844,95.56922919357488,93.93138631529048,95.08800628771358,810400
2017-01-31,94.78407287597656,95.5523445069182,93.68655025607787,94.57301009048162,1159500
2017-02-01,95.46792602539062,97.27462305507915,94.89383495906084,95.92382244051652,1035100
2017-02-02,99.53721618652344,104.08772956692322,98.08510311501824,98.08510311501824,3524700
2017-02-03,102.37388610839844,102.88043545997999,101.49586422646566,102.09528171063502,1942400
2017-02-06,104.15526580810547,104.45075241986632,102.11217314723395,102.15438828082479,2088600
2017-02-07,103.9948501586914,104.68713579907254,103.6064954278556,104.53517034429987,1274600
2017-02-08,102.64404296875,103.07460636145528,102.04462550340357,103.07460636145528,1120100
2017-02-09,105.1075668334961,105.35391361985752,102.65253088698402,103.0857732870867,1176400
2017-02-10,105.60027313232422,106.0589992628956,104.24108819791176,105.37941003624188,1120800
2017-02-13,107.16336059570312,107.78348579932862,106.15246357473065,106.18644401454804,1044200
2017-02-14,108.57349395751953,109.05771027826107,106.67063503276803,106.6791317614929,1319300
2017-02-15,109.47396850585938,109.74581201529159,108.24220838899811,108.7773921968103,815600
2017-02-16,109.72032165527344,109.81376623569963,108.64996058564074,109.23610529428018,1026600
2017-02-17,109.57592010498047,109.63537777334929,108.1742512649841,108.62448723227362,1046700
2017-02-21,111.08802795410156,111.47029660847458,109.77131328929309,110.09412426784607,1256000
2017-02-22,111.01153564453125,111.55522261223958,109.97516800841682,110.02613542108678,1002700
2017-02-23,110.84162902832031,111.59767582026562,109.76278433386307,111.3768127330512,684700
2017-02-24,110.28948974609375,110.51885609454172,108.76889260925107,109.40601127321912,976600
2017-02-27,111.37682342529297,111.58919628569035,110.12806996917948,110.22151454624276,641300
2017-02-28,111.7081069946289,111.75058415246784,110.41687657713567,110.58677224628272,1455700
2017-03-01,114.06971740722656,114.85124803055672,113.74690648981634,114.30757398988305,1611000
2017-03-02,111.7930908203125,114.78329168080782,111.71662673113474,114.68135684485361,1421400
2017-03-03,113.03335571289062,113.39014064675666,111.41082356714139,111.89504002452558,1129800
2017-03-06,112.49815368652344,113.03333748211132,111.69113934992427,112.50665689738145,924700
2017-03-07,112.28577423095703,112.82946120554503,111.86102850371836,112.46417313977008,810000
2017-03-08,112.60856628417969,113.78935868978462,112.50663147461081,113.09278255404936,648200
2017-03-09,112.74449920654297,113.72140912785999,112.57460351964566,113.05031662784212,879300
2017-03-10,112.21784210205078,113.45809254116064,111.35135706721479,113.45809254116064,1289000
2017-03-13,112.63409423828125,112.90593778687855,111.90353090419332,112.55764310106845,861700
2017-03-14,112.4811782836914,112.57462287188011,110.62078973116071,112.02244559177883,830000
2017-03-15,113.55150604248047,114.57089305965586,112.70201470113278,113.16923753131584,839800
2017-03-16,114.341552734375,114.64737017052923,113.5939961210623,113.93378751136225,1022900
2017-03-17,111.88653564453125,114.44350049542959,111.52124754456742,114.41801678638701,2034500
2017-03-20,110.85012817382812,111.71659999650996,110.12805535938426,111.31733803495285,1009300
2017-03-21,106.92550659179688,111.52125263005104,106.72162394794685,111.52125263005104,1507900
2017-03-22,106.36483001708984,107.06990951808437,103.90980009873591,106.18643757968867,1516500
2017-03-23,106.74710845947266,108.03833272962099,105.66825059009906,105.92310064079837,864900
2017-03-24,106.4073257446289,107.72403391161998,105.88063858916831,107.1039086374087,981800
2017-03-27,106.42428588867188,106.49224675890449,103.04331360841587,104.08818444354469,1289200
2017-03-28,109.04071044921875,109.95816266474299,105.94856244676713,105.94856244676713,1224200
2017-03-29,108.2251968383789,109.0491979851137,107.74098703907497,108.3781055371646,744300
2017-03-30,110.14506530761719,110.32345125455805,107.80896380336847,108.0977877875086,696500
2017-03-31,110.16204833984375,111.13897131416279,109.4569818218039,109.55042640261334,1152300
2017-04-03,110.06863403320312,110.67176581693568,108.47158565989301,110.38294178071972,982900
2017-04-04,109.4994125366211,110.28095586193436,109.32951688589498,109.38048428489208,743800
2017-04-05,108.75189971923828,111.81856439086097,108.58199753954264,110.43388917103968,1017000
2017-04-06,110.18755340576172,110.4254100000905,107.82596147938266,108.51404755313462,678400
2017-04-07,109.8392333984375,110.80765301234537,108.79436267448118,109.18512143397933,808300
2017-04-10,109.89871215820312,110.81616454160854,109.25310327901192,109.77129361698503,576500
2017-04-11,109.8392333984375,109.98364537148761,108.27616595492178,109.15963773062985,1003700
2017-04-12,108.3441390991211,109.63536323699496,107.87691621440388,109.58439582451867,908000
2017-04-13,107.23130798339844,109.38901703202191,107.19732754785649,107.64755697685291,895000
2017-04-17,108.52252197265625,108.6074698130088,107.06989251498185,107.42667733312543,1119300
2017-04-18,107.55410766601562,108.0807946720787,106.88300867608376,107.47765006913473,1222400
2017-04-19,107.80046081542969,109.1426523124876,107.38421184082144,108.7349000666565,1237600
2017-04-20,110.06863403320312,110.21304605131111,107.76650606874468,108.62449440880341,1360800
2017-04-21,109.10869598388672,110.79917586060874,108.7688915889638,110.24701154190087,937200
2017-04-24,112.01392364501953,112.88040840282457,111.38529541489297,112.30274757688503,1432600
2017-04-25,111.18142700195312,112.30274879283427,108.87929984431427,112.00543461112133,2065700
2017-04-26,109.58440399169922,111.50425012391729,109.55043003491988,110.96057607996632,1304100
2017-04-27,109.12567901611328,110.04311838920377,108.08929191340108,109.23610409197524,1314500
2017-04-28,108.60748291015625,109.90721030059511,108.5395220372368,109.08320253948692,1219100
2017-05-01,109.4229965209961,109.9751737656525,108.48855718019803,109.51644110318648,1089900
2017-05-02,109.6778564453125,110.16205989687806,109.10869865238539,110.10260222769506,827100
2017-05-03,109.60137939453125,109.86471964337407,108.90479025430614,108.98974457557587,629300
2017-05-04,109.52446746826172,110.61885605516957,109.06276453701372,110.34525238537209,829600
2017-05-05,110.14005279541016,110.19989543897005,108.92595945038101,109.74675081690569,755500
2017-05-08,109.76386260986328,110.36235432143717,109.3962093145202,110.12295763680761,629100
2017-05-09,110.21699523925781,111.04633832270491,109.64415230310745,109.84079676270787,683900
2017-05-10,110.37088775634766,110.43074344418302,109.23375362580047,109.9519501260579,505000
2017-05-11,109.08838653564453,110.25117575524642,108.16500046848803,109.7296303027896,786300
2017-05-12,107.84009552001953,108.99433947725382,107.35275053567989,108.44713881468338,799400
2017-05-15,110.09727478027344,110.10581999988126,108.19064059371422,108.3616363088285,877600
2017-05-16,111.08051300048828,111.26006698631562,109.90917862109998,110.06307085512012,963100
2017-05-17,105.45465087890625,111.08049664247767,104.99296119869831,111.08049664247767,1886400
2017-05-18,106.37806701660156,107.42115794672733,105.1725320972262,105.37772828121304,2229500
2017-05-19,107.58361053466797,108.39585006579374,106.55761654880104,106.78846796792551,1571300
2017-05-22,106.96800994873047,108.51554280709746,106.7542620280469,108.19920005924986,780200
2017-05-23,105.14689636230469,106.54908241817199,103.93280302650797,105.83088590100563,1881000
2017-05-24,104.14652252197266,105.71115868265817,103.50527883543613,105.16396459199242,1394600
2017-05-25,104.83053588867188,105.18963084751393,104.18929209513855,104.62533970120057,965400
2017-05-26,104.56550598144531,105.16399766788815,104.31755756189895,104.55695423647609,643300
2017-05-30,103.53950500488281,104.71084611160254,103.53950500488281,104.22350104968127,893900
2017-05-31,103.27445220947266,103.73614852805039,101.6072144163193,103.52240059480529,2325700
2017-06-01,105.2751235961914,105.35207623966944,103.53093977982637,104.01829130135981,1699100
2017-06-02,104.88182830810547,105.39482201387878,103.28299803382976,104.40303505245954,1560000
2017-06-05,104.488525390625,105.92491157717821,104.39447579031562,104.81341985883203,699200
2017-06-06,103.3855972290039,104.21494024119237,102.69305602310472,103.50529554797244,701400
2017-06-07,104.26622009277344,104.83051766405373,103.63352815293909,103.9669743457618,832700
2017-06-08,105.38626861572266,106.72005345184597,104.12942989411334,104.26622516093884,767300
2017-06-09,108.14790344238281,108.21630434716766,105.84798009584854,106.13867415658021,740500
2017-06-12,108.95160675048828,109.43895182189738,107.99401357374154,107.99401357374154,1076800
2017-06-13,108.79769134521484,109.74673263242921,108.42149291840731,109.47312903251913,851900
2017-06-14,109.29359436035156,109.33634003299005,107.07061716800446,107.70330922144935,973900
2017-06-15,110.81549072265625,110.95229254543672,108.5583128313382,108.58396154234205,1750600
2017-06-16,111.44816589355469,111.49090503879884,110.4478141905538,111.08905792286163,1338000
2017-06-19,112.9615249633789,113.7310254963642,111.5593387777877,112.00393821599202,1132200
2017-06-20,111.73030090332031,112.94440050892061,111.72175568355641,112.3972063828789,548600
2017-06-21,109.64414978027344,111.85003012244654,109.4560505463265,111.76452572660187,879000
2017-06-22,108.02818298339844,109.49021777746051,107.94268513147225,109.48167255841548,1190400
2017-06-23,107.34422302246094,108.72076034132209,107.11337158370696,108.72076034132209,2733900
2017-06-26,107.89138793945312,108.79767691319503,106.93379503599911,107.69473700887072,880000
2017-06-27,107.54940795898438,108.97724254882009,107.48955880022086,108.41295141234552,956500
2017-06-28,109.78948974609375,110.54187358729052,108.56685132724341,108.59250003511727,906100
2017-06-29,109.45606231689453,112.23478588085266,108.77206621499981,111.55078977895793,901000
2017-06-30,108.8318862915039,110.34521861933052,108.70363624129895,109.99466891697489,833500
2017-07-03,111.2686538696289,112.42289824152427,109.49026901583102,109.90066150635606,539400
2017-07-05,112.11508178710938,112.576771630661,110.50769298707803,111.48238314225578,895500
2017-07-06,110.42218017578125,112.38866382571165,110.19134179465787,111.96116794729804,797400
2017-07-07,112.26893615722656,112.60238233338889,110.26825910025259,110.52475916948565,634100
2017-07-10,113.58566284179688,114.14140227863042,111.60207565615627,112.12362116219633,696600
2017-07-11,112.38011932373047,113.90200361692843,111.62772239814444,113.83360271040797,784000
2017-07-12,113.97896575927734,114.25256942380233,112.49983345559394,112.54258565894358,991500
2017-07-13,114.7313232421875,114.97926506232344,113.75663335404354,114.32093093300486,669800
2017-07-14,115.2015609741211,115.82570112469578,113.20942918647856,113.25218137128728,804900
2017-07-17,115.18450164794922,115.96254735287881,114.83395186272071,115.03915460078767,715700
2017-07-18,115.05623626708984,115.09897541404126,113.73099655815463,114.43208294949228,1278300
2017-07-19,116.31307983398438,116.81753491583108,115.15884872072957,115.34694796220333,1141900
2017-07-20,116.95431518554688,117.45021196372326,116.09932343961626,116.54392280041901,754000
2017-07-21,116.56954193115234,117.46728564581682,116.34724883022419,116.84314548257349,840500
2017-07-24,117.61266326904297,117.73236159242785,116.39003132633579,116.4840809408624,697500
2017-07-25,118.70703125,119.62187852905527,118.11708495545206,119.22003143120773,1060900
2017-07-26,123.67452239990234,124.72617139886204,119.69881691372228,121.84484100606659,2653400
2017-07-27,121.83631896972656,124.16189747024326,121.55417013920744,124.16189747024326,1216000
2017-07-28,123.5035400390625,123.93959412587392,120.75902417493728,121.80211502154215,1240400
2017-07-31,123.87123107910156,124.29016876203346,122.75973899599401,123.75153273452943,1362400
2017-08-01,124.7603988647461,125.02544422893584,123.69165914066541,124.46115956968703,1189600
2017-08-02,124.4184341430664,125.84626915613399,124.0593390840442,124.63218213387547,1468000
2017-08-03,125.75983428955078,126.43055235608361,124.44419399589204,124.44419399589204,919500
2017-08-04,127.1270751953125,127.90958403491356,126.71432861482137,127.30765920482706,923100
2017-08-07,126.65412902832031,127.7032036366779,126.62833318721128,127.02389128584495,1234500
2017-08-08,127.95259857177734,128.9758774801234,126.14681071928682,126.40478228692533,943300
2017-08-09,127.22161102294922,127.37639912639852,125.9145654244833,126.91204793702234,964100
2017-08-10,123.64449310302734,126.77451536078493,123.39512892929224,126.31877133497514,1427200
2017-08-11,123.27473449707031,124.77095878752806,122.99956138209939,124.17762823922625,1009700
2017-08-14,124.80533599853516,125.82861459274311,124.54736451009177,124.97731261717243,723900
2017-08-15,124.5989990234375,126.421988546506,124.19484661414728,125.77706616414665,730200
2017-08-16,123.27473449707031,125.82862756612292,123.05116618188866,125.31268453604058,810900
2017-08-17,119.30199432373047,123.27471026306726,119.13000460019616,122.86196379272708,1569000
2017-08-18,119.35359954833984,120.11890666948419,118.49370331689788,119.20741876351174,1793800
2017-08-21,118.20136260986328,119.31062317097957,117.78000865853637,119.31062317097957,820100
2017-08-22,119.34500122070312,119.73196505091784,118.64848731987858,118.77747963694222,759300
2017-08-23,119.10424041748047,120.33389903846584,117.5736259422793,118.3733363821188,1411000
2017-08-24,119.0096435546875,120.2478963352318,118.93225603614756,119.61158146593502,1066500
2017-08-25,119.19022369384766,120.03291837294768,118.75168131534146,119.73196254804277,1730500
2017-08-28,118.45068359375,119.89530269268853,117.74556251857328,119.58575270374976,1644400
2017-08-29,118.13258361816406,118.72591429372847,115.95704655508062,117.04051140547274,1508400
2017-08-30,117.97775268554688,118.70866968330455,117.84877350757756,118.17552513209125,763900
2017-08-31,119.10424041748047,119.32782186910174,118.1755507716881,118.61410631388232,863900
2017-09-01,120.23070526123047,120.59186012759825,119.27621985690988,119.2848140962367,706700
2017-09-05,116.66214752197266,119.96414667654605,116.35258428117027,119.1902451350292,945200
2017-09-06,116.17198944091797,117.33284151400186,115.54425572689811,117.32424727499254,979600
2017-09-07,113.6438980102539,116.3353645035138,112.81839179009056,116.25797698564806,1046700
2017-09-08,114.16842651367188,114.81334868833369,113.16234949571648,113.6438892867746,841400
2017-09-11,117.41021728515625,117.5735996568213,115.42385923170073,116.02578392653965,1089000
2017-09-12,118.35613250732422,118.76028483951558,117.15228287163313,118.28733922514516,837600
2017-09-13,118.37334442138672,118.73449934355966,117.58224128886818,117.86600868221366,740100
2017-09-14,119.53416442871094,119.76634007345721,118.32172077497943,118.32172077497943,1280800
2017-09-15,120.26509857177734,120.7036409668011,119.43099810049526,119.49979137988699,1808200
2017-09-18,121.12498474121094,121.26257128847459,119.62876056191307,120.60904174945985,1504400
2017-09-19,121.44316101074219,121.94190248129485,120.74664704839398,121.36577348625401,1767100
2017-09-20,121.66674041748047,122.58682269763621,119.82656273619186,121.79571962279016,776100
2017-09-21,122.20843505859375,122.62978889019442,121.21955974727386,121.7956885858051,720200
2017-09-22,122.89633178710938,123.52405217812675,121.72687273042185,121.72687273042185,526100
2017-09-25,123.09413146972656,123.33490134761462,122.18264362901117,122.38902343333277,721500
2017-09-26,124.12605285644531,124.44421033154585,123.14577146737254,123.42093149749186,997200
2017-09-27,127.18730926513672,127.69464511014162,125.55349785241846,125.75128351754037,927700
2017-09-28,127.04967498779297,127.6602071179857,126.16398287173548,127.06687658721448,680600
2017-09-29,127.70318603515625,128.28792230197914,127.04966961550747,127.04966961550747,701400
2017-10-02,127.84076690673828,128.47709482041586,127.08405404949737,127.50540791245648,837400
2017-10-03,128.511474609375,129.19939414080866,127.64298423753641,128.31370217241644,537200
2017-10-04,128.8726348876953,129.8701175946142,128.21911852159724,128.76945154593622,753900
2017-10-05,129.45738220214844,130.28287524892121,128.70926354735232,129.06182415654555,1022200
2017-10-06,129.83578491210938,130.6870740998644,128.5717359329179,129.57781332270662,580800
2017-10-09,129.5261688232422,130.18827945023511,129.0790191253053,129.94750956387864,668600
2017-10-10,130.059326171875,130.3946852318758,129.50039877886616,129.75835719349956,852500
2017-10-11,130.5580596923828,130.67844465220753,129.38860017366707,130.1797032126547,518600
2017-10-12,131.2030029296875,131.80492782514455,130.5064888991602,130.70426141031493,733600
2017-10-13,131.4867706298828,132.20908050605172,130.7644607537139,131.17720737995634,736000
2017-10-16,131.8994598388672,132.4154027378087,131.57269512813934,132.03704636138133,578100
2017-10-17,131.0052032470703,132.028468796625,130.85041509406923,132.028468796625,592900
2017-10-18,131.340576171875,131.959702607456,131.04820143436703,131.1857880024911,504500
2017-10-19,131.09120178222656,131.31478324062743,129.38001636680357,130.20550955188762,585800
2017-10-20,132.5272216796875,132.69060408605716,131.57273620334942,132.16606678607,793900
2017-10-23,132.57879638671875,133.06894354307158,132.33802648846748,132.67338549824427,745900
2017-10-24,132.39825439453125,133.50751501614957,131.9941020226988,133.26674506539553,1459400
2017-10-25,135.05528259277344,137.21363025275377,132.6303823557548,134.2727739740477,1418700
2017-10-26,139.99110412597656,140.19747081676175,135.46804171197184,135.92379876973015,1514500
2017-10-27,138.1165313720703,139.79333955508545,137.73817492299972,139.64714564623733,736600
2017-10-30,136.12158203125,138.24552686573807,135.82061308865582,137.90156048549107,894900
2017-10-31,134.60812377929688,136.61168317837843,134.60812377929688,136.17314091028564,624500
2017-11-01,135.33047485351562,136.39673779687138,134.77153442326346,135.62283642695346,567400
2017-11-02,138.0649871826172,138.08218878739368,135.57129245020622,135.57129245020622,1225600
2017-11-03,137.9439239501953,138.89473015215074,137.52903269350352,137.90935517428568,755400
2017-11-06,138.86021423339844,139.39612943356028,137.67603855522228,137.67603855522228,596000
2017-11-07,137.63275146484375,140.00975376770106,137.25242898612174,138.94658915793198,675700
2017-11-08,138.28970336914062,138.3847840070158,136.89807577250826,137.36482687443146,511900
2017-11-09,137.47715759277344,138.5143922133264,136.19790200039657,137.3561471068615,662900
2017-11-10,135.89540100097656,137.99580061006424,135.78302938448553,137.3734570542256,580100
2017-11-13,135.98184204101562,136.37080346414027,134.43462205706282,134.88409533157588,580500
2017-11-14,135.80030822753906,135.9904694742188,134.03701043642,134.9964423776373,686300
2017-11-15,136.04232788085938,137.21786412629496,134.20987936471045,134.737142236321,768600
2017-11-16,135.77438354492188,137.36481113334722,135.45457288560704,137.0104185065001,800800
2017-11-17,136.81163024902344,137.2956723233067,135.32492205563491,135.32492205563491,640400
2017-11-20,138.86021423339844,138.8947962149116,136.3967822116272,136.8808244395193,792700
2017-11-21,138.09088134765625,139.55165960653065,137.399400231001,139.35285944495013,529200
2017-11-22,137.93533325195312,139.06764900411844,137.3994313085857,138.25514400020018,438400
2017-11-24,137.91798400878906,138.64404695231661,137.48580180109587,138.64404695231661,181300
2017-11-27,137.65003967285156,139.38740748200811,137.4598784373234,138.27238313655195,1133700
2017-11-28,139.8109588623047,140.34686063555927,137.71055944326693,138.23780913040088,1335900
2017-11-29,141.37550354003906,143.51912453534007,140.81367169982698,140.88282246601864,950400
2017-11-30,141.09022521972656,143.60552928652666,140.8741340769944,142.02374053902835,1538600
2017-12-01,140.43331909179688,141.86816750826165,136.3362260966775,141.16803428517483,1098500
2017-12-04,143.09552001953125,144.34020678717812,142.55960515675633,142.67197674218792,1030100
2017-12-05,142.06695556640625,143.75246377261092,141.66934207689218,143.04369171194162,980000
2017-12-06,142.4213409423828,143.88211904312845,141.6952647458413,141.6952647458413,649500
2017-12-07,144.86749267578125,145.46389309036383,141.75577526025975,141.90271563972115,804000
2017-12-08,146.82093811035156,146.89008884533206,144.68595697851205,145.377451139163,886200
2017-12-11,145.02308654785156,147.2445098242879,144.9193670199471,146.46657379753435,738000
2017-12-12,145.73187255859375,146.6048760308755,145.1527366871325,145.41204869735338,831900
2017-12-13,143.84756469726562,145.53307314131078,143.84756469726562,145.26512220779054,846600
2017-12-14,143.0091094970703,144.88477895294963,142.68065994281181,144.279726417046,649200
2017-12-15,145.15267944335938,146.10348537614834,143.190582128929,144.115445000686,1335600
2017-12-18,146.95925903320312,147.8841222090384,146.16404525939657,146.50114689382713,882600
2017-12-19,148.0915985107422,148.62750037843543,147.09757124005804,147.8063565907628,863800
2017-12-20,147.89276123046875,150.07095012706588,147.4865088877925,149.55233937560905,768400
2017-12-21,148.411376953125,149.7252146413025,148.100205216166,148.3681560917672,824700
2017-12-22,148.24716186523438,149.21525914711913,147.2963687567782,149.21525914711913,426400
2017-12-26,147.89276123046875,149.11150506934285,147.73716877262342,148.49781370174574,415000
2017-12-27,147.75442504882812,148.21253704013006,147.48647424514039,148.17795508466298,539300
2017-12-28,148.3336181640625,148.54970932663534,147.59026403724565,147.94465670926297,443700
2017-12-29,146.48387145996094,149.03374442072655,146.42335960648688,148.46326061293084,619700
2018-01-02,146.8641815185547,147.56431468264705,145.9479572204014,147.49516393704883,812400
2018-01-03,146.13815307617188,147.10623736545827,145.79239926631297,146.89878507954293,798700
2018-01-04,146.6739959716797,148.16070378290627,146.59620634169963,146.71721682916439,870200
2018-01-05,147.17538452148438,147.3568937266988,146.63946942662335,147.2186053953027,819200
2018-01-08,148.670654296875,148.9040363425129,146.2763615783174,147.27038840135168,1006300
2018-01-09,150.46861267089844,152.27513177787125,149.44001653952228,149.50916730011113,1639400
2018-01-10,151.981201171875,152.19729228202283,149.91537068642788,150.33026192494842,901900
2018-01-11,154.7040252685547,155.07570903189946,152.41346357166358,152.66412358807065,726800
2018-01-12,157.34889221191406,157.63413405139679,154.50513909144485,155.27442289278153,1153200
2018-01-16,153.260498046875,158.95665807608285,152.89746646694357,158.68870713773998,1618500
2018-01-17,154.26316833496094,154.9546627295241,151.83430564970706,153.3988036390466,1202400
2018-01-18,153.48524475097656,156.3635675700349,153.19135073181786,154.28909758406382,752500
2018-01-19,154.55702209472656,155.94864953896433,153.02709315796864,153.86552782128211,1246700
2018-01-22,153.80502319335938,154.97190736968372,152.8282870754265,154.63480573796923,1131800
2018-01-23,154.12481689453125,154.5137782438697,152.3615192892583,153.22588370519009,1142100
2018-01-24,155.8535614013672,156.03508375019737,153.18267825291093,154.97190591548107,1537100
2018-01-25,149.64743041992188,155.8794910920876,149.02508692348195,155.0756384361935,1920100
2018-01-26,155.4473114013672,155.52510104241446,149.2757492843232,150.2006256472935,1487300
2018-01-29,153.38148498535156,156.44134284288268,153.06167432608115,155.18800370855624,887700
2018-01-30,148.67933654785156,152.8801486485723,148.532396161942,152.11951683852013,1190600
2018-01-31,145.8182830810547,150.2178950567904,144.72918859971486,149.24981107337723,1458800
2018-02-01,147.87548828125,147.95327792508132,145.40340514930068,145.7405067950594,1172500
2018-02-02,144.78109741210938,147.84959495031734,144.17604471747276,146.93337041427338,1095400
2018-02-05,138.63540649414062,144.88475745400459,138.151364537243,143.28569121705027,1739300
2018-02-06,138.7823944091797,139.88878017233853,133.13809396162196,133.5616374135963,1900200
2018-02-07,138.39337158203125,142.04962895683678,137.43392666079544,137.7191684686388,1313200
2018-02-08,131.81558227539062,139.07623858079924,131.77236141386274,138.3847575529738,1608300
2018-02-09,133.00845336914062,134.52973059726853,128.46188629458692,133.78637637677386,1484600
2018-02-12,134.7630615234375,136.65602173648017,133.76039561866943,134.52967943424133,1079000
2018-02-13,135.37681579589844,136.12017007914184,132.78372129935082,133.78638767008113,1544600
2018-02-14,138.77374267578125,139.02440261288837,133.5702639592827,134.40005979948756,1068600
2018-02-15,138.14816284179688,140.5375178595009,136.76668439522595,140.39849765844198,909800
2018-02-16,138.85194396972656,139.78162671360587,137.3488260578447,137.4096391139478,769800
2018-02-20,137.93959045410156,139.84238744524188,136.97515964726438,137.77451893061638,771900
2018-02-21,138.4783172607422,142.38817049566663,137.70503570680935,138.1915930992577,988000
2018-02-22,137.28793334960938,140.04220531003097,137.04465472745602,139.5643451107451,784200
2018-02-23,139.26028442382812,139.37323998344155,137.72240508584713,138.05257471690496,771000
2018-02-26,141.0327606201172,141.33685236972488,139.4079903280271,140.12914264611183,662500
2018-02-27,138.8171844482422,142.36211999049095,138.7650551878364,140.96326071958663,1005400
2018-02-28,135.9239044189453,140.21605737980042,135.85439431240022,139.1212897738366,1211300
2018-03-01,133.5084686279297,136.57553045306616,132.3615718933596,135.82831346900568,1309400
2018-03-02,131.11911010742188,132.1530512468854,128.5038441057917,131.5014090085037,1661200
2018-03-05,135.21144104003906,135.59374001208872,128.59075891151747,129.94617289773154,1318200
2018-03-06,135.16796875,135.98468246179283,133.821238955061,135.81961091616142,645900
2018-03-07,135.31570434570312,135.61979613970786,133.5171651830105,133.74306308064516,886100
2018-03-08,135.89784240722656,136.14980494782702,134.07323853389443,135.89784240722656,737300
2018-03-09,139.98146057128906,140.38982415576592,136.51471862786755,137.2880003235945,815900
2018-03-12,138.91275024414062,140.024885253591,138.48700588204827,139.798974129434,682300
2018-03-13,138.06996154785156,140.3376770824717,137.58340412792768,139.74684788849603,1175000
2018-03-14,136.41909790039062,139.00829874563004,136.0454961235222,139.00829874563004,559900
2018-03-15,135.01161193847656,136.9230936001574,134.70750685829404,136.68851188907755,815700
2018-03-16,136.497314453125,137.80928254360532,134.83779592769747,135.15058469030322,1525900
2018-03-19,135.57630920410156,137.00992982093115,134.5250006761194,136.2279513232897,582000
2018-03-20,136.5320587158203,137.27927555611703,136.00205591912504,136.33222550786104,912900
2018-03-21,137.1576690673828,138.9735757249028,134.59454539062884,136.6624145656794,699000
2018-03-22,131.2494354248047,135.9586351545453,131.11041522980162,135.36781921232557,1123600
2018-03-23,125.88860321044922,131.52748601674548,125.59319521642601,131.3537041306645,1063500
2018-03-26,129.93748474121094,130.28502201811108,127.28746991733114,128.3909213209199,1242500
2018-03-27,127.99122619628906,131.66648482737716,126.98334965317454,130.33713567873474,950500
2018-03-28,127.68711853027344,128.83400187007692,125.98415447093609,128.40825754081905,1268100
2018-03-29,128.53860473632812,130.0677870705105,127.81745240746683,128.22581593414364,1074500
2018-04-02,123.9596939086914,128.87742244644832,121.72674070292223,128.2344641819172,1248100
2018-04-03,125.72349548339844,126.03628426062104,123.47316099994104,124.90676849522308,1157500
2018-04-04,126.59237670898438,126.91386259699368,123.07350558517241,123.07350558517241,918000
2018-04-05,126.82695007324219,127.67842550085875,126.14054619952604,127.4090821799174,1026100
2018-04-06,122.77809143066406,125.74089483197162,121.80497653946236,124.87203846262837,763100
2018-04-09,122.83890533447266,125.74956592320166,122.72594977540288,123.65563236040383,608000
2018-04-10,125.36731719970703,126.1232314823822,124.40288581094221,124.56797069172988,707900
2018-04-11,122.83021545410156,124.05530606448463,122.28284497998855,124.05530606448463,640600
2018-04-12,124.70697021484375,125.53238122394438,123.30811074387194,123.55138949902374,868200
2018-04-13,123.05613708496094,126.0102435637399,122.52613414673156,125.86253956557061,715900
2018-04-16,124.75907897949219,126.16663526891821,123.08219260294386,124.28990238814728,980000
2018-04-17,125.1761474609375,127.19188740767666,124.87204241895397,125.89728660356774,1578800
2018-04-18,125.65401458740234,127.13108114716798,125.44549752593686,125.46286510926085,893100
2018-04-19,126.48809814453125,127.56548469863442,125.73219742750982,125.73219742750982,1240200
2018-04-20,124.84595489501953,126.95726918857676,124.52448232958754,126.85301068253267,1387900
2018-04-23,126.40990447998047,128.13023619582978,124.85464432025387,125.2021947855785,1332300
2018-04-24,123.95104217529297,132.56141123702938,122.82152634072105,129.46827169164465,1852300
2018-04-25,122.8910140991211,124.24642755117584,121.73543384635839,123.12560896818981,1227500
2018-04-26,123.53398895263672,124.72433116229499,121.80497330843342,123.08219319810384,1473000
2018-04-27,123.15168762207031,124.57661131832423,122.93447356314323,123.42971472349609,858700
2018-04-30,121.82234954833984,124.68088098634827,121.8049687099153,123.46448745053516,835400
2018-05-01,120.81446838378906,122.43922538490322,120.03248977718356,121.68332466377647,1153000
2018-05-02,115.5492172241211,120.34529499891538,115.20166671005857,119.52858112068559,2192900
2018-05-03,114.24591827392578,116.11395399318783,112.83836206976734,115.01919984123779,1589700
2018-05-04,117.7278060913086,118.58514978383037,114.22842882494142,114.22842882494142,1126200
2018-05-07,117.31661224365234,118.56763303873264,116.45051168232231,117.95524477019462,1437400
2018-05-08,117.50032043457031,118.25268696816474,116.38926458109721,117.027910447924,1639800
2018-05-09,117.43911743164062,118.33144911112416,116.93170607615416,118.23521569285835,1410700
2018-05-10,118.55014038085938,119.53871866230652,117.00167565833448,117.41285352677369,1064100
2018-05-11,119.9148941040039,121.4983598803928,119.19751549311924,119.19751549311924,943800
2018-05-14,121.5683822631836,122.23325919367478,120.37859335925945,120.38733699749247,1512500
2018-05-15,120.8685073852539,121.88333010879326,120.48357370742406,120.96474080471137,1226600
2018-05-16,122.39944458007812,123.24804444819617,120.78097761121911,120.78097761121911,1006700
2018-05-17,123.74674987792969,124.3941396032499,121.73460489026671,122.1895277607368,1382500
2018-05-18,123.36178588867188,123.96543057171094,122.74065393153327,123.65924308619861,1026900
2018-05-21,124.65660858154297,125.70641940412202,124.30666274130404,124.35915128007267,991900
2018-05-22,126.18753051757812,127.03613044809715,124.76153021904477,124.88400787143603,1039400
2018-05-23,124.37662506103516,125.4876811717209,122.6619375357431,125.09400386686774,982900
2018-05-24,124.77030944824219,125.111498245024,122.96813204221175,123.79923158831446,780300
2018-05-25,124.4291000366211,125.25145580776564,123.75547954244058,124.070424021835,960500
2018-05-29,119.21501922607422,122.72313955513118,118.4713963391894,122.56567401149685,976300
2018-05-30,122.04948425292969,122.66188574531691,120.34354108614042,120.72847459024884,978000
2018-05-31,121.27970123291016,122.66195718954629,120.77228980459552,122.66195718954629,1894000
2018-06-01,122.6969223022461,123.80797838453957,122.1895109681992,123.32681131354117,979500
2018-06-04,122.74068450927734,123.6242726377389,122.11953904833183,123.27434018167249,813900
2018-06-05,122.18075561523438,122.90687797110685,120.59728960082876,122.3644654389593,1116200
2018-06-06,124.22786712646484,124.56031216934822,122.50442311319385,122.74937840298303,1054600
2018-06-07,124.28916931152344,125.7501580809285,123.4405690459007,124.23666742628363,854100
2018-06-08,124.77906036376953,124.97152719864606,123.65050361844209,124.2104034974285,559600
2018-06-11,129.00454711914062,132.09274644858965,127.11488021612196,127.35109191626547,1780700
2018-06-12,128.48837280273438,129.13576236386203,127.93722999368893,129.00454106386647,1167700
2018-06-13,127.86726379394531,129.01330784975534,127.75352974749907,128.540884386876,756100
2018-06-14,129.1707763671875,129.73943326324746,127.57856642616649,128.63712072424306,874800
2018-06-15,128.89083862304688,129.44199491621947,126.6774831603028,128.70711540896687,1427000
2018-06-18,130.1331024169922,130.49179181902662,126.76494619127895,128.26967960311836,1472200
2018-06-19,129.73939514160156,130.28179426391702,127.42105004483923,128.25216269879078,1112700
2018-06-20,128.558349609375,130.35178284858077,128.3133943068463,129.90561712234557,991200
2018-06-21,128.12095642089844,129.2582567815134,127.71853548270697,128.37466876586186,786500
2018-06-22,128.04220581054688,130.1943285533643,128.04220581054688,129.47694985607052,2649300
2018-06-25,126.65120697021484,127.55229548804265,125.23395019487099,127.47356270859687,1004000
2018-06-26,123.9916763305664,126.85242086999324,123.73797736241474,126.28377742640868,1161800
2018-06-27,121.04344940185547,124.63031612019128,120.97346026087104,124.01791447384343,906800
2018-06-28,121.15721130371094,121.81334463372418,119.68746570296652,120.9909887242569,1028000
2018-06-29,122.37321472167969,125.11146807431675,121.93579260826112,122.05827026605579,1301300
2018-07-02,123.23931884765625,123.5105184592822,120.89474240605679,121.2709190675856,721400
2018-07-03,121.81331634521484,124.21038101079408,121.58584830023206,123.74671463318654,337400
2018-07-05,123.32677459716797,123.82542879569753,122.4169292521438,123.03807444051964,996700
2018-07-06,123.94791412353516,124.58655997136277,122.36444833052248,122.86311590904027,988600
2018-07-09,127.51729583740234,127.8234966711627,124.00043148752435,124.69155258641158,1217600
2018-07-10,126.70369720458984,128.05095150657408,126.01256275593063,127.72726339842929,799200
2018-07-11,125.0064926147461,126.02131513444623,120.90347100330318,120.90347100330318,794900
2018-07-12,124.46408081054688,126.17876786703728,123.44051475814892,126.09129146157849,755700
2018-07-13,124.23662567138672,125.69761394976575,124.01791461146655,124.35910333097945,845100
2018-07-16,124.43785095214844,124.91900461049974,123.7379728821867,124.52532736772874,906200
2018-07-17,125.06776428222656,125.81137403053249,123.66800786919609,124.40287397895716,845500
2018-07-18,127.03616333007812,127.3685951302935,124.87529655787951,124.93652872539298,1039800
2018-07-19,123.58926391601562,126.83492894893725,123.46678624211415,126.3975067779941,897900
2018-07-20,122.0670166015625,123.38802660763125,121.9007940589381,123.16057190928744,1587900
2018-07-23,125.12026977539062,125.2514911166866,121.90083492855727,121.90083492855727,1055700
2018-07-24,124.63033294677734,126.23128637258816,124.25414293182884,126.23128637258816,1132700
2018-07-25,127.07110595703125,130.57048236892885,124.68278529364841,126.38872862463616,1785400
2018-07-26,129.85313415527344,130.48302312460152,127.94597997246572,127.94597997246572,1400200
2018-07-27,130.1331024169922,131.8128020362177,129.60819044576786,129.8619027931838,828800
2018-07-30,128.5758819580078,131.2266594101679,128.37467148465072,130.32557075014338,655700
2018-07-31,127.43854522705078,129.35445604386027,126.9486346408289,129.31071116671998,904700
2018-08-01,124.99776458740234,128.61961965049323,124.71780798877438,127.93724212766925,1325600
2018-08-02,122.67941284179688,124.27163588041654,121.53336894099893,123.74672395911969,1121900
2018-08-03,124.02655792236328,124.48441920121317,122.80267009710927,122.96115278865871,798100
2018-08-06,123.66556549072266,124.5284471458164,122.78507016727815,123.9297167748145,629200
2018-08-07,123.94734191894531,126.16618066604818,123.34859805721572,123.93852836630771,866800
2018-08-08,124.5549087524414,124.88948793172031,123.4983033243721,123.85050961216058,1115900
2018-08-09,122.96998596191406,124.80141793426583,122.85551726511301,124.4756255130535,602700
2018-08-10,120.73353576660156,121.45554850823584,118.13607679092428,121.30586588905929,1150100
2018-08-13,119.98509216308594,121.349862495421,119.89703726346765,120.839173635276,753700
2018-08-14,122.0894775390625,122.36242892351021,120.22281842796731,120.22281842796731,666100
2018-08-15,120.8568115234375,121.57002418786848,120.17883963924203,120.86562507732027,751500
2018-08-16,122.13349914550781,122.8731119135154,121.6139967494942,121.81652032560585,563500
2018-08-17,122.80270385742188,123.06685518458103,121.33227803976592,121.89579460123464,737700
2018-08-20,124.30834197998047,124.64293455242237,122.6794334482013,122.6882335660518,702400
2018-08-21,124.92469024658203,125.73474439323817,123.36620964422411,123.70080219175574,753600
2018-08-22,124.1146011352539,125.36490262473376,124.0793738058096,124.90704138898533,560700
2018-08-23,122.38005065917969,124.40517916838644,122.13351304179291,124.176255219468,423000
2018-08-24,124.36994934082031,124.66931448998507,122.82028259635796,122.90832405684071,696200
2018-08-27,126.96744537353516,127.50454815308954,125.32092312724481,125.39136437779396,753000
2018-08-28,126.80012512207031,128.01521295266798,126.3598774658007,127.23157266191974,617900
2018-08-29,126.62403106689453,127.31962990031043,125.61146681303697,126.97623725953945,560800
2018-08-30,125.05672454833984,126.4479084916638,124.95106943008147,126.11331603679268,583800
2018-08-31,124.9951171875,125.44416494836287,124.1234220143395,124.58128332668267,645800
2018-09-04,126.0164794921875,126.06050694300754,124.12342002455121,124.74856414620398,851900
2018-09-05,126.72089385986328,128.0064230300726,125.89322605051811,125.89322605051811,626500
2018-09-06,126.07811737060547,127.21395033494177,125.28566358208334,126.72967525894903,647500
2018-09-07,125.45295715332031,126.9586099146869,124.67813048355336,126.01647356555584,852200
2018-09-10,126.06053161621094,126.78254433215875,125.28569132305608,126.29826914893697,592400
2018-09-11,125.673095703125,126.13975715696728,124.19386998572892,125.24166158653078,685900
2018-09-12,124.51084899902344,125.53222681580314,124.09701511524706,125.47938580986546,640100
2018-09-13,126.23661041259766,126.76491298157502,125.1271911400961,125.21524604668981,536300
2018-09-14,129.8466339111328,129.89066136012102,126.3950941880566,126.3950941880566,840900
2018-09-17,126.86177825927734,129.7674157529382,126.65045452754606,129.7674157529382,844600
2018-09-18,128.56112670898438,128.84289168196204,126.55359830004528,127.12592836317117,782400
2018-09-19,130.69192504882812,131.40513760452245,128.64918271850067,128.77245153640584,806000
2018-09-20,131.56361389160156,132.96359827689636,130.97368361796083,132.00386156762832,793300
2018-09-21,132.0655059814453,132.20637503046086,131.27305208367852,131.5900309557266,1319300
2018-09-24,130.94728088378906,132.0126728259258,130.46300571222966,131.6957073703167,690900
2018-09-25,130.34854125976562,131.7573393620249,129.9787347808638,131.0881676528637,622200
2018-09-26,129.12461853027344,131.35227036017645,128.87808094370408,130.5158025889382,678600
2018-09-27,131.1850128173828,132.03909441936418,128.77245061530328,129.67935979096708,807500
2018-09-28,130.01394653320312,131.64285486862204,129.02778260575218,130.08438777339913,1317000
2018-10-01,131.04412841796875,132.53216775300632,130.54223960472464,131.3963211942398,790400
2018-10-02,130.97369384765625,131.9334306318845,129.45044053151202,131.1321765744636,708600
2018-10-03,132.50575256347656,133.9145370889366,131.3346921136003,131.73091234153304,920300
2018-10-04,133.8088836669922,134.00259372497203,132.33845799799474,132.38248545395257,912400
2018-10-05,131.8541717529297,134.84785041193444,131.4051239846666,134.01138256032655,683000
2018-10-08,132.97239685058594,133.25414834515342,130.1019737276373,131.19379267790325,492600
2018-10-09,131.21141052246094,132.40007109050867,129.96990895191377,132.34724352330102,772700
2018-10-10,126.38632202148438,131.36112980971708,126.29828052997044,131.19383350995642,935200
2018-10-11,119.20146942138672,126.57121148840928,118.98134557531992,125.42656480180325,1466100
2018-10-12,119.55367279052734,121.76371156408814,116.6128211710573,120.91844344408568,1213900
2018-10-15,119.51842498779297,121.04167794361734,118.55867499529613,119.13980506004671,685700
2018-10-16,120.63668823242188,121.2882597640495,118.8668970464369,120.2844953930692,1012400
2018-10-17,121.83412170410156,122.62657547896455,119.67691105945264,120.70708887501254,952400
2018-10-18,117.98637390136719,121.59641011873497,117.33480252222151,121.49955509528483,1039800
2018-10-19,119.62409210205078,120.32849102973712,117.2819713774928,118.21529424667808,987200
2018-10-22,117.25558471679688,120.3549326543812,117.02666072234335,119.81782985924838,1082700
2018-10-23,116.49835205078125,117.43167508783547,113.98894805337416,114.88704374829737,1502100
2018-10-24,107.93992614746094,115.6266605408082,107.39402330742372,114.60528266855707,2534600
2018-10-25,111.10971069335938,111.84932356506721,108.2216870116777,109.30469253348512,1345400
2018-10-26,107.42044830322266,109.61288016224061,106.35504958108707,108.74119152006557,1971500
2018-10-29,108.38018035888672,111.48833490128986,106.8305132229977,109.37514450422191,1208100
2018-10-30,111.47071838378906,111.6292078274627,108.52986691719131,109.20784543212206,914000
2018-10-31,112.03421020507812,114.90462651073138,111.93735519321301,113.17884996348666,1303500
2018-11-01,114.30592346191406,114.31472357953056,111.67323728282035,112.8442978199305,967800
2018-11-02,112.11589050292969,116.36291372547966,111.53957855129205,115.68905707288641,939200
2018-11-05,112.43507385253906,113.88916624307035,111.64596298564862,112.39074580968813,1315400
2018-11-06,113.09121704101562,113.57887296427205,111.637124351997,112.03611064226625,823700
2018-11-07,114.88225555419922,114.97091167156914,112.22232174496318,114.23499689904712,1168200
2018-11-08,115.08615112304688,116.46931068051096,114.14631263036412,114.14631263036412,869100
2018-11-09,113.1887435913086,114.95315286536797,112.43509232903439,114.13744368581284,814600
2018-11-12,110.88346099853516,113.22419564648752,110.62633397283415,112.75427640675699,707300
2018-11-13,112.14250183105469,113.77392690058218,110.92779965332342,111.18492668793263,968800
2018-11-14,110.71501159667969,113.64978828712238,109.4205148239313,112.96708354857114,1124000
2018-11-15,112.30209350585938,112.31095505653664,108.73778841627318,109.37617182124637,940400
2018-11-16,112.18684387207031,112.44397093874936,110.75048774278244,111.6371300011749,968400
2018-11-19,111.68145751953125,112.57696809028326,110.74161889479845,111.7257923380556,649300
2018-11-20,108.35652160644531,110.63519135153133,107.66494190580671,110.63519135153133,815900
2018-11-21,109.62443542480469,111.43318623145903,108.08167997027763,108.65799872352491,665300
2018-11-23,109.59785461425781,110.98988274667548,108.32995586196321,108.34768573146198,315500
2018-11-26,113.46359252929688,113.69411460870681,110.20074927579067,110.20074927579067,1292000
2018-11-27,111.87649536132812,113.79163869268058,111.1583174576387,112.56807508555379,893100
2018-11-28,117.3382339477539,117.46236332352605,111.58392754959529,112.10705000281533,1349900
2018-11-29,113.1178207397461,117.30277327393642,112.96709317958893,116.07920263031255,1154400
2018-11-30,115.04182434082031,115.62701143415893,112.88728354501167,113.02914954262458,1252700
2018-12-03,116.11466979980469,118.162811140699,115.1659561409356,117.28503048213582,972300
2018-12-04,107.66496276855469,115.47628516146999,107.32804116731464,115.47628516146999,1461300
2018-12-06,105.80300903320312,105.84733708183091,100.37675665790704,104.88976870404916,2109600
2018-12-07,102.69091796875,108.2058345358694,102.34512798916292,105.82076442039667,1127900
2018-12-10,99.71178436279297,102.80616385107133,97.86756690111085,102.47811055531615,1494100
2018-12-11,98.96700286865234,102.31850923694645,98.3286194147786,101.63579096812032,1355600
2018-12-12,99.93342590332031,102.7174814342473,99.65856902900944,101.0417284797894,1191600
2018-12-13,99.45465850830078,100.70482731457402,98.3729538924017,100.30583424756314,1238000
2018-12-14,97.6991195678711,100.0043882507946,97.4153942955812,98.45276418821516,1171000
2018-12-17,96.34254455566406,99.10886388624134,95.64209640696085,97.19372025465269,1083400
2018-12-18,96.11199188232422,98.3995298117726,95.41154390712686,96.91883256570148,1186200
2018-12-19,93.51416015625,97.37992094736423,92.85804677854158,96.07655574406762,1367400
2018-12-20,92.54769897460938,94.79977069630853,91.72312155983191,92.94669197407467,1514300
2018-12-21,88.9390869140625,93.77129150592617,88.7706294770173,92.24626566818701,2580700
2018-12-24,86.51854705810547,89.14300714497128,86.46534392648755,88.60215486456705,1053700
2018-12-26,91.05815124511719,91.1202159285429,84.8427942928419,87.05939979310807,1185800
2018-12-27,92.28172302246094,92.2905845741073,88.37162762166137,89.0720757806893,1081300
2018-12-28,91.45713806152344,92.99989349050519,90.80102477222772,92.54770410519336,967000
2018-12-31,92.53883361816406,92.96441801597247,91.02267651745525,91.87385207761412,826200
2019-01-02,95.72187805175781,96.4489242860675,91.13794012611577,91.7142588304625,1603500
2019-01-03,93.18608093261719,95.35835807982528,92.98215704306652,94.76430274722892,1065300
2019-01-04,98.1778793334961,98.59459542395146,95.43815182114115,95.62434584399367,1031100
2019-01-07,98.63007354736328,99.60537858591081,96.44006629513039,97.53063914561206,944200
2019-01-08,99.25071716308594,100.04868962798052,97.12277480610175,100.03982807760065,806800
2019-01-09,100.27922058105469,100.83780943572343,98.55027118456194,99.73836835660467,808000
2019-01-10,100.5807113647461,101.11269542721148,99.11775011955802,99.38373876851854,747900
2019-01-11,100.5807113647461,101.07722892110786,98.0626435477449,99.52560479293297,728600
2019-01-14,101.1126708984375,101.9549782292949,98.86946735677861,99.15319257223463,1076000
2019-01-15,102.12345886230469,102.18552355179779,99.77385544941967,100.76689724585296,671600
2019-01-16,104.85430908203125,105.74095128723977,102.53130406914939,103.20515403917996,1044000
2019-01-17,105.14688110351562,105.9980634537871,102.46035668131417,103.79918811724659,872500
2019-01-18,107.3812255859375,108.15260665042678,105.27988136756198,106.618712836546,928100
2019-01-22,105.75867462158203,106.57438377649213,104.9606953332818,106.2995268745109,1198600
2019-01-23,105.34195709228516,106.73398506876508,103.88786443269632,106.45025983676099,588700
2019-01-24,106.20199584960938,107.21276736139642,104.88976925322115,104.94296561767011,882900
2019-01-25,107.39009094238281,108.39199405547222,107.08862911824531,107.64721795679526,793400
2019-01-28,107.98416137695312,108.05509438105953,106.20200854490515,106.75172917991446,1042000
2019-01-29,107.6206283569336,108.60480174518312,107.13297920313937,107.81569072426855,786200
2019-01-30,106.55667114257812,107.93096940382581,103.81694293709329,107.93096940382581,1553200
2019-01-31,112.24889373779297,112.7542794877618,107.77135498286896,107.77135498286896,1985000
2019-02-01,112.50601959228516,113.4990544508529,111.79670318084308,112.81634298558757,1689200
2019-02-04,112.68336486816406,113.1266860111145,112.24891204214488,112.65676668191404,896000
2019-02-05,111.42431640625,112.94934197342727,110.56427244583892,112.74541806882957,938600
2019-02-06,112.3287124633789,113.11782355033021,110.54655958895748,110.54655958895748,872300
2019-02-07,111.02532958984375,112.67448450749639,108.91511697234053,111.64597638055488,852100
2019-02-08,111.33564758300781,111.37111407854795,108.18806544038078,110.05001925125444,1167500
2019-02-11,111.67256927490234,112.49714669468665,110.76819731346585,111.81443525722935,974700
2019-02-12,114.22611999511719,115.13049885691714,112.81635533332668,112.81635533332668,1169600
2019-02-13,115.08615112304688,116.31858314197554,114.18177236274913,114.98861994763158,790300
2019-02-14,113.53264617919922,114.62190351593482,112.33624643151785,114.19334068392692,837300
2019-02-15,116.6753921508789,116.68432919859157,114.33617440628002,114.67545525420138,706100
2019-02-19,117.81822967529297,118.29142999910185,114.45224599348886,115.67542264670635,909200
2019-02-20,118.6485366821289,118.77353271489639,117.08607946076256,117.55035627827567,941900
2019-02-21,117.5771484375,118.96104194130788,116.89858682029144,118.96104194130788,736300
2019-02-22,120.43424987792969,120.57710643594774,117.6039707370089,118.16645991948552,1004500
2019-02-25,117.80036926269531,121.43419190429164,117.6932336794541,121.05920373939915,1423000
2019-02-26,116.96109008789062,118.72889511584738,116.15754606342298,116.77358921628999,783100
2019-02-27,117.73787689208984,118.22893773986335,116.36292014187367,116.75576882009248,843600
2019-02-28,117.5235824584961,118.1664231459735,116.907525664368,117.77357454545431,976000
2019-03-01,118.01463317871094,119.96993919402436,116.86288485898314,118.85389819200049,927000
2019-03-04,116.59504699707031,119.6039031819724,115.55043412227016,118.56821373183666,767400
2019-03-05,116.18433380126953,116.7021784475161,114.90757584403899,116.65753408389111,863300
2019-03-06,114.1576156616211,116.74682563405642,113.97012156917556,116.55040130527317,605300
2019-03-07,111.52375793457031,113.52370167173287,110.4702148672502,113.52370167173287,812300
2019-03-08,111.02376556396484,111.10412406405581,109.51488265189826,110.25592875399167,997700
2019-03-11,111.0326919555664,111.94337845049617,110.72020182553041,111.38982645208209,1228300
2019-03-12,111.25590515136719,112.1755219231687,110.59521073085116,111.14876275407772,1099900
2019-03-13,111.4791030883789,112.26479349404705,110.95232819834193,112.14872768318571,1172400
2019-03-14,111.66661071777344,112.086243271361,111.24697816418588,111.53268442019397,1294100
2019-03-15,115.22008514404297,115.23794561612115,111.5683951463212,111.9523135547109,2875000
2019-03-18,116.38969421386719,117.36287877866728,115.55042913099426,115.82720514267606,1241500
2019-03-19,115.05937194824219,117.72894723496746,114.74688860605494,117.20217909139977,763300
2019-03-20,115.29151916503906,117.53252488676605,114.21118533892137,114.74689053962503,1394300
2019-03-21,115.6664810180664,116.22895636482168,113.49689724692425,114.51471918588229,1071600
2019-03-22,110.82734680175781,114.66652423239377,109.88094609576689,114.49689742306727,1237300
2019-03-25,110.53272247314453,112.10410356832128,109.60417538320834,110.71128633930442,744400
2019-03-26,112.38086700439453,112.7826390397428,111.07733193361997,112.07730031022857,666700
2019-03-27,112.13086700439453,113.23798457022846,111.41660485832519,112.38086590788109,828800
2019-03-28,113.3808364868164,113.68440318394308,111.9701658258032,112.48800367798017,903400
2019-03-29,114.37191009521484,115.57722644311306,114.03262920355233,114.68439346383285,846700
2019-04-01,118.4610595703125,118.64856046882684,115.69328582599266,115.70220925028437,961900
2019-04-02,121.53239440917969,123.28235266321337,120.70206645792322,121.8716752272228,1578200
2019-04-03,121.92523956298828,123.64841387455772,121.31811982530571,122.88057715578185,833400
2019-04-04,122.56806945800781,123.45197871739688,121.94308930550594,121.94308930550594,440600
2019-04-05,123.1573715209961,123.80913571872007,122.4073951600357,123.19307884237806,662400
2019-04-08,123.69305419921875,123.73769856540137,122.17524111384395,122.89843352594004,500000
2019-04-09,121.84488677978516,123.25556416305396,121.2645509402873,123.13949154573574,584500
2019-04-10,123.69305419921875,124.03233503394937,121.68418033293064,122.27345327002662,544300
2019-04-11,124.68409729003906,125.63051151866563,124.05019361994168,124.24661792932196,512800
2019-04-12,127.26436614990234,128.6482595496754,125.93405415552311,126.701890816952,885400
2019-04-15,126.13050842285156,127.755457227238,125.61266370263749,127.06798569869514,692800
2019-04-16,128.6304168701172,128.63934029286557,126.44296580115116,126.57689888365412,719000
2019-04-17,127.89830780029297,129.24648052079596,127.18403878420295,128.9697045126538,681900
2019-04-18,127.9161376953125,128.4875500468854,126.60367260874669,127.6304247077535,1019900
2019-04-22,127.77328491210938,128.2286246727665,127.1215208726875,128.05006086212913,479300
2019-04-23,129.3268280029297,130.14823248994898,127.06796225773999,127.95185795239463,845000
2019-04-24,128.56793212890625,129.59468447079416,128.50542728926263,128.68400476050252,1126600
2019-04-25,129.5143280029297,131.04107813497453,128.11258754555843,128.11258754555843,1197100
2019-04-26,130.91610717773438,131.05002667834304,128.9072329273017,129.82684982761572,812700
2019-04-29,131.88925170898438,132.88029658229883,130.75535032949662,131.53212406709744,612000
2019-04-30,131.04110717773438,132.3446357678699,129.43400500454254,132.23750016417407,1423600
2019-05-01,130.88931274414062,132.35355820167712,130.47860360274228,131.14822829899768,1139700
2019-05-02,131.57679748535156,132.27320614941343,129.63935147137934,130.48754011365463,942600
2019-05-03,132.87998962402344,134.12924966358383,132.07110763364645,132.07110763364645,701700
2019-05-06,132.36770629882812,132.9249260996075,129.72538294937544,130.74995590999825,574200
2019-05-07,129.6624755859375,130.99261978921146,128.3862541091208,130.98363723940741,801900
2019-05-08,128.54800415039062,130.21069445524014,128.10761242343435,129.0602974070835,782100
2019-05-09,128.36827087402344,128.51207394883392,126.0405151700199,126.49887204293529,761500
2019-05-10,129.9230499267578,130.33648017206608,126.2651515368246,127.55933754803586,855300
2019-05-13,125.267578125,129.69840192349494,125.14175387571129,129.41080951675556,1366300
2019-05-14,128.0896453857422,129.54561362785986,125.73491489244083,125.8247952317035,916800
2019-05-15,127.8469467163086,128.3862011862251,125.83374557093929,127.21782564394658,781200
2019-05-16,130.29156494140625,131.26221492086975,128.2693809126439,128.2963422692557,636500
2019-05-17,129.2310028076172,130.63306157523908,128.1525076672855,128.83556510341637,691000
2019-05-20,131.1094207763672,131.37005177788416,127.89189986371731,128.42215812757712,1024500
2019-05-21,133.37428283691406,133.81467457495208,131.92729708486328,131.92729708486328,1079300
2019-05-22,131.54083251953125,134.2999833150418,131.52285370945688,132.8889552850168,1034200
2019-05-23,129.7433319091797,130.47131598818999,128.95242885355685,130.219667509367,780900
2019-05-24,131.5677947998047,131.83742209755422,130.2915735518585,130.6960076415758,480100
2019-05-28,129.64447021484375,132.07108840504517,129.64447021484375,131.2532239844716,943900
2019-05-29,129.4467315673828,129.5096505383104,126.98415600275852,128.6019058731755,850200
2019-05-30,128.8356170654297,130.79488242729914,128.69181399837083,129.88715127989386,536900
2019-05-31,124.23399353027344,127.19088358972193,123.71271778728041,126.66960784672891,1035400
2019-06-03,126.52577209472656,126.93020604706572,123.34420946067453,123.99130926994094,945100
2019-06-04,132.0441131591797,132.34070177656054,128.15253094515205,128.15253094515205,989500
2019-06-05,132.56539916992188,132.56539916992188,129.82421359686592,132.02614460302738,1003800
2019-06-06,134.58755493164062,134.8302208071105,132.3496667774416,132.75411447449486,729500
2019-06-07,134.69546508789062,135.7020729707925,134.2910309102274,134.6774999875977,629900
2019-06-10,135.9357147216797,136.89738222829197,135.4773579098392,136.5019306821641,948700
2019-06-11,136.53787231445312,137.50852235319215,135.773944307446,136.96028521225105,748100
2019-06-12,135.16281127929688,136.23232438563687,133.90456863290646,136.1154826706805,669400
2019-06-13,136.19635009765625,136.56484029681135,134.65051519855083,134.89316743464502,414800
2019-06-14,137.98489379882812,138.32642271053805,135.28864756234142,136.6367706805848,681500
2019-06-17,132.82603454589844,137.84105281268248,132.59236487328485,137.49054144685522,1402300
2019-06-18,134.8481903076172,137.14000123933778,132.55639308970748,133.19449670964417,1027700
2019-06-19,133.0956573486328,135.71101868209973,132.87097023160948,135.16278156801025,800700
2019-06-20,134.17413330078125,134.78528930159743,131.05548918567737,134.43477799844786,1083700
2019-06-21,131.9093017578125,134.8302339526297,131.80144262830416,134.3179408004475,1360500
2019-06-24,132.76312255859375,133.985421003082,131.2711968354747,131.8463952967743,742000
2019-06-25,129.150146484375,132.7541364609425,128.73672988683467,132.6552735852154,1096100
2019-06-26,131.32513427734375,131.9722343331086,128.78167422473203,129.7433417598156,1221700
2019-06-27,129.4467315673828,131.0824602457523,129.27596717636487,130.61510723567352,1209000
2019-06-28,130.46231079101562,132.05308546015831,130.04888052540204,131.05548797975248,1383500
2019-07-01,130.99258422851562,133.45515987414095,129.6804054810683,132.61931669951048,1591000
2019-07-02,131.23521423339844,131.85535267724174,130.32746978680674,130.77684388074434,947100
2019-07-03,132.85301208496094,133.23946736382393,131.60373848370816,132.25083851168648,633700
2019-07-05,134.92010498046875,134.9291012412793,132.59234992335962,133.29337257597308,724200
2019-07-08,133.8595733642578,134.82122690953625,133.0956318273401,133.78767185494,841200
2019-07-09,134.99197387695312,135.26160107368239,132.40358844425543,132.65523683752036,748300
2019-07-10,133.30238342285156,136.29520384443347,133.00579477370638,135.2526660122484,523800
2019-07-11,135.18975830078125,135.36052272335104,132.6373156524087,134.03936122788616,573500
2019-07-12,135.8368682861328,136.00763272117032,134.61456959271337,135.23470834571663,403400
2019-07-15,135.07289123535156,136.5558343262017,134.5156716148085,136.5558343262017,512500
2019-07-16,135.61216735839844,136.28622876690935,134.78532034294943,135.42342412993702,635700
2019-07-17,133.4371795654297,135.49530742164958,133.07768568147046,135.1537923460321,653300
2019-07-18,134.8841552734375,135.3874521599283,132.45753744853587,132.85298892043912,698000
2019-07-19,133.6079559326172,135.9177324573478,133.5809945745949,135.49531956324677,711300
2019-07-22,132.86196899414062,133.94046426137754,131.45092751509557,133.73375598266153,738400
2019-07-23,133.99441528320312,134.47075090783986,133.40123796103936,133.65290016659324,594800
2019-07-24,136.13343811035156,136.54685474583388,133.1585827320138,133.1585827320138,809700
2019-07-25,132.08908081054688,136.16939335780472,130.21968210559834,135.91774485077465,1549200
2019-07-26,134.74935913085938,135.10886676744101,131.41500979867604,132.72717495921026,1020300
2019-07-29,134.57859802246094,135.96266460326,133.89554042269438,134.61454192643194,803000
2019-07-30,133.49110412597656,133.6438897144665,132.00817469183505,133.24843820834533,533500
2019-07-31,130.77688598632812,133.69781853736055,129.48269969870472,133.3563034414022,795800
2019-08-01,126.32807159423828,130.8577711628019,125.6360314935776,130.2016749636895,1042200
2019-08-02,122.44564056396484,126.27375974178348,122.29179330438092,126.14706118629631,1948100
2019-08-05,118.05643463134766,120.87096581071667,117.13333711864126,120.28272538337862,1728300
2019-08-06,120.60851287841797,120.95240109026945,117.84827936334213,119.96596128280052,1313300
2019-08-07,118.59943389892578,118.79853362898957,115.48625318422887,118.3007843038301,1395500
2019-08-08,122.119873046875,122.17417046873678,119.16958424068821,119.27819289352212,1074500
2019-08-09,119.29629516601562,122.16512399492095,119.18768651452109,121.28727886135347,983200
2019-08-12,113.55862426757812,117.15144382861773,113.28712336765557,117.01570028321115,1636900
2019-08-13,116.49079132080078,117.38674006394042,113.25996405603067,113.28711276257053,2162700
2019-08-14,110.77122497558594,113.98394831456206,110.59927397133312,113.33235868147727,1534300
2019-08-15,111.08798217773438,112.76221922475678,110.02008928265423,111.78482432324864,1351100
2019-08-16,114.3369140625,114.9342132882631,112.20113503390063,112.20113503390063,935700
2019-08-19,115.8663558959961,116.88900331585485,115.61295873500431,116.5813087359519,1051400
2019-08-20,114.34598541259766,115.81207811276478,112.94324891797517,114.85278672506305,698100
2019-08-21,115.79396057128906,116.45460221652537,115.13331892605275,115.87540670376129,760600
2019-08-22,116.36409759521484,117.22383889266527,115.4772006855407,116.73514834550785,729900
2019-08-23,112.66267395019531,116.89804512471989,112.05632977355137,115.31430600674997,1136200
2019-08-26,114.16497039794922,114.62651917386182,112.93417826521882,114.2916689788578,1272000
2019-08-27,113.34141540527344,115.45910437229617,112.30972308183178,115.12425419889499,1356500
2019-08-28,113.89347839355469,114.30977474972202,112.17398864099893,112.20114425721981,839500
2019-08-29,116.22834014892578,116.95233790741369,115.39575446440703,115.39575446440703,805000
2019-08-30,116.72608184814453,117.67632798103469,115.64009218588767,117.47722826522502,668400
2019-09-03,115.11519622802734,116.50889426336343,113.90250798052776,115.21474608769421,1011000
2019-09-04,116.98855590820312,117.30529546225584,116.01116091773804,116.635608867961,948800
2019-09-05,120.73521423339844,122.05649731764329,118.40937376901442,118.53607233612158,1046600
2019-09-06,121.9478988647461,122.4456481525462,119.77591954775549,120.60851207957215,1060800
2019-09-09,124.77144622802734,125.67643970483114,122.75331464130413,123.44110471239738,1406300
2019-09-10,130.88929748535156,130.88929748535156,125.82132514173763,125.92992001182057,1937300
2019-09-11,131.73995971679688,131.89380701226966,128.6177199262577,130.91641200946304,1214300
2019-09-12,132.47299194335938,133.16078223453798,130.2376562356427,130.78064421001244,969700
2019-09-13,133.42324829101562,135.12464129602944,133.13365741454538,134.1563049729775,1099600
2019-09-16,133.42324829101562,134.11105251471642,131.14267353306133,132.21961851776214,1206200
2019-09-17,132.2105255126953,133.26032151248037,130.91639115795778,132.47298141719554,845100
2019-09-18,133.52276611328125,133.83951943593664,130.3733918639394,131.3055342820179,1239700
2019-09-19,133.29653930664062,135.31468555311284,132.87120489764146,133.34179176137553,1220700
2019-09-20,131.9300079345703,134.4820973280061,131.504659702331,133.54089595105114,1557400
2019-09-23,133.29653930664062,133.70379759014452,129.65847393900762,130.17431325747663,1342000
2019-09-24,131.13360595703125,134.25584584909768,129.80326386626658,133.79429013856063,1230600
2019-09-25,131.6494903564453,132.02958621420504,129.47751008092868,130.72639252524954,825400
2019-09-26,132.23770141601562,132.96169928232686,130.8802105950986,131.377959991257,635200
2019-09-27,133.52276611328125,134.31012003244783,132.85307960462765,133.66756842130133,906500
2019-09-30,133.12461853027344,134.46400573951954,132.36441310043617,134.46400573951954,924000
2019-10-01,127.36880493164062,133.79425124130654,126.61765858244112,133.79425124130654,1397300
2019-10-02,122.48188018798828,125.63126913592482,122.3008841563983,125.63126913592482,1054100
2019-10-03,122.32797241210938,122.56326575597534,118.81659313643382,121.63112353532624,1221500
2019-10-04,123.25111389160156,123.6402546163627,122.02936667788558,122.57236850822827,1040200
2019-10-07,121.9298095703125,123.54975618897734,121.89361589468791,122.32800904772976,727900
2019-10-08,116.93425750732422,119.80308625838266,116.75324769611514,119.51348160773598,1613300
2019-10-09,119.63111877441406,120.29176030534035,117.67632907865386,118.54512910202769,731400
2019-10-10,121.2782211303711,122.8619603713075,120.43658347641782,120.66283193940873,732700
2019-10-11,125.13351440429688,126.50909523354088,124.10182187780815,124.59051252336114,903700
2019-10-14,125.6312255859375,125.78507284991353,123.82123827924443,124.15608151206831,532900
2019-10-15,126.8982162475586,128.355256640031,125.34162599687599,126.25566465200039,844900
2019-10-16,126.49102783203125,127.83946018836421,126.36432921178961,126.47292408367846,564700
2019-10-17,127.14259338378906,128.6720214198195,127.08828215210013,127.57698657352685,663200
2019-10-18,128.50914001464844,129.08833558629365,126.58149849551297,126.58149849551297,721800
2019-10-21,130.5906219482422,131.49561584419797,129.92092149395495,130.1109762881145,548000
2019-10-22,128.91635131835938,131.21504307647686,128.77154901047157,130.41864419220207,931700
2019-10-23,129.83946228027344,130.78970853714185,128.50007531571094,128.50007531571094,789300
2019-10-24,135.41424560546875,138.01157375492446,133.24225189697358,136.18348215732442,1254300
2019-10-25,135.25132751464844,135.7852705695695,133.04314032108516,135.39612984418608,624000
2019-10-28,138.29208374023438,138.72647684545208,136.3825464994737,136.54545254462272,777700
2019-10-29,139.09756469726562,139.8306075733111,135.74908990802336,137.1970857240202,639100
2019-10-30,137.5590362548828,138.23778149956152,135.85764375597387,138.1653803497029,876600
2019-10-31,136.5545196533203,137.55906336579017,133.7309432978851,137.0251203155962,737000
2019-11-01,139.25970458984375,139.53296207254783,137.04634816669176,137.21939780389988,757900
2019-11-04,141.49134826660156,141.60976314096766,139.62410414028565,140.6624719429577,648400
2019-11-05,144.17831420898438,144.68840143730162,142.25642183496362,142.25642183496362,730300
2019-11-06,143.7957305908203,144.71569699763563,142.85755721045945,143.76840623204887,812300
2019-11-07,143.67738342285156,146.30973752414718,143.6500590538573,145.00721570876738,1726500
2019-11-08,144.40602111816406,144.6519542853279,142.60254365535855,143.72288424150761,860100
2019-11-11,144.2603302001953,145.1802830765975,142.71187512524975,142.71187512524975,597600
2019-11-12,144.7339324951172,145.65389908323806,143.98704337741373,144.19653480209865,1085600
2019-11-13,144.26942443847656,144.94345794432596,141.93765238364085,142.7392042394123,1359200
2019-11-14,145.11651611328125,145.59014773901725,143.54985421656738,143.75934566250666,798800
2019-11-15,145.8907012939453,146.6102798789765,145.2622131799284,146.23682840565422,785000
2019-11-18,144.15098571777344,145.34420981409104,143.59536716398395,145.0527314062547,655700
2019-11-19,144.8341064453125,145.61743720592918,143.5133780659523,144.76123685148144,791500
2019-11-20,144.2603302001953,145.10741345790345,142.356644420653,144.46982166740398,709000
2019-11-21,143.95970153808594,144.62461748260628,142.32017039543965,144.62461748260628,694200
2019-11-22,145.5263671875,146.11841355365087,144.09632740380135,144.69749115612515,695200
2019-11-25,147.35720825195312,147.77620507259903,144.9252421301685,145.8725193486235,764400
2019-11-26,146.6649169921875,147.16588674620027,145.67208097116094,147.0110301780435,957200
2019-11-27,148.8236541748047,149.0513664808374,147.1021496971356,147.64866479099658,597500
2019-11-29,149.2608642578125,150.2719074955284,148.49575421263742,148.92385447805944,404700
2019-12-02,148.06764221191406,151.00057771775488,147.97656563192024,150.01685892401426,1254700
2019-12-03,145.71766662597656,146.21863651896123,144.08725249985255,145.76321187051286,889400
2019-12-04,147.59397888183594,148.1951426105661,146.34612008911594,146.34612008911594,687700
2019-12-05,148.2680206298828,148.64147210971961,147.42093760818227,148.37731807824292,755200
2019-12-06,150.19906616210938,151.1008121055443,149.81651106750468,150.31748103607964,795100
2019-12-09,150.126220703125,150.636294197475,149.433966190684,149.96226056653518,762900
2019-12-10,150.48143005371094,150.672700637665,149.12425949328875,149.26088133897022,938100
2019-12-11,149.8437957763672,150.93682592701902,149.024037061834,150.29011688449853,663000
2019-12-12,153.41433715820312,154.0155010170617,149.59789035968103,149.7618365583932,773600
2019-12-13,152.5126190185547,154.1248262768621,151.45603042562675,153.36881964046324,974600
2019-12-16,152.5126190185547,154.60757532564745,152.45797028072363,154.27055161159217,928400
2019-12-17,152.42153930664062,152.74944565528378,151.2101079046662,152.32134531404247,902300
2019-12-18,152.34861755371094,153.26858405234924,151.97517998041036,152.56722634415513,894800
2019-12-19,152.36688232421875,153.05001935540642,151.33761808305596,152.64013991638552,782200
2019-12-20,153.1046600341797,153.68760304749998,152.67655973862878,153.66939606785022,1779800
2019-12-23,152.36688232421875,153.44169181381906,152.1300664901854,153.25951082006893,672600
2019-12-24,152.76763916015625,152.87693662396535,152.0389569716966,152.3850841383677,226200
2019-12-26,152.73117065429688,153.43252835395495,152.42148529544423,152.5490036137044,443000
2019-12-27,151.84771728515625,152.8951885888599,151.729302409648,152.8951885888599,566600
2019-12-30,151.26475524902344,152.85874158015542,151.12811951013742,152.63102924713655,417500
2019-12-31,151.72927856445312,152.6128035002566,150.9914928527622,151.10989381120345,603500
2020-01-02,154.14297485351562,154.1520922386718,151.82942447168602,152.60363779504598,822100
2020-01-03,152.2211456298828,153.21398202794572,151.0097142732039,153.00447666132712,581300
2020-01-06,152.72207641601562,152.84049125387673,150.49049876208477,150.6726658137098,748700
2020-01-07,150.88218688964844,152.39420012244338,150.80933117344003,151.64731089441537,1009200
2020-01-08,152.2393341064453,153.6602566288532,151.11899348661692,151.11899348661692,657700
2020-01-09,153.81509399414062,154.52555523072448,152.8678169781806,154.02459930890774,594400
2020-01-10,154.0792694091797,154.78061335639686,152.56725625041156,153.86066057588374,749000
2020-01-13,154.5984344482422,155.5730497863461,153.8424279267066,154.6804214409904,692600
2020-01-14,153.40524291992188,155.1267476024993,152.9407147637672,154.59845332180652,588200
2020-01-15,153.2868194580078,154.37073232667308,152.13005087746967,152.53082678505584,581900
2020-01-16,156.62051391601562,156.62051391601562,154.24319699732197,154.24319699732197,748500
2020-01-17,157.0577392578125,158.26006701372307,156.33817442095625,157.11240189090998,777100
2020-01-21,155.0720977783203,156.74805720282032,154.990124674596,155.98294710447786,540300
2020-01-22,155.88278198242188,156.96669510497563,155.7552636090897,156.17426049201563,526100
2020-01-23,156.1013641357422,156.18333724060676,153.0409098013439,154.81706323236568,751300
2020-01-24,152.63099670410156,156.1924062703468,151.65638145532253,156.11953667150263,558900
2020-01-27,147.9219207763672,150.08974655810437,147.59401447239398,148.97850930010944,754500
2020-01-28,150.39942932128906,150.98237230709032,148.89653356212472,149.40660693739366,619700
2020-01-29,151.2373809814453,152.9042365301746,150.6271137420397,151.37401668780612,710900
2020-01-30,155.30889892578125,155.54572862321902,150.8821710629634,152.3304319175472,887000
2020-01-31,150.66358947753906,153.89710734582124,150.03510122248233,153.89710734582124,932900
2020-02-03,152.5308074951172,154.5893216073925,151.61995832886973,152.09358988843059,864900
2020-02-04,157.8319549560547,158.89764689742435,156.11955393994458,156.11955393994458,681200
2020-02-05,160.36412048339844,160.84686948531714,158.1962947701702,159.39862247956106,649800
2020-02-06,160.22747802734375,161.68482833477597,159.55344464989122,161.68482833477597,521900
2020-02-07,159.69007873535156,160.5918104936797,158.62437300531016,158.9613966398308,461200
2020-02-10,160.0999755859375,160.19105217130712,158.45134067726286,158.90676529948047,454500
2020-02-11,161.79415893554688,163.3608207788282,160.51896162905032,160.90151665146226,462500
2020-02-12,162.71414184570312,163.56123904398083,162.15852313669154,162.66859659444788,409300
2020-02-13,163.38262939453125,163.58411134037334,161.05644780299133,161.67004682920725,514100
2020-02-14,163.76731872558594,163.94131319049518,162.6042207166821,163.12623206008305,525100
2020-02-18,162.36611938476562,164.3717723337192,160.95575927862907,162.9247715122169,994900
2020-02-19,163.96878051757812,164.31679738287096,162.85149042639765,163.520036637949,559100
2020-02-20,164.591552734375,165.62643620308324,162.99801721278038,163.25444628876068,654900
2020-02-21,160.66268920898438,163.88638741369144,159.9666693358149,163.60248475456098,595300
2020-02-24,150.62525939941406,155.12194918945585,149.54458207273544,154.33434163758363,846800
2020-02-25,143.078857421875,151.4219958337512,141.9798738914417,151.00987875663043,1085800
2020-02-26,142.8682861328125,146.86127212472883,142.8682861328125,143.22545628917095,1031900
2020-02-27,133.87486267089844,140.97248367024164,133.81991558292626,138.82031020342933,1487200
2020-02-28,129.4056396484375,130.81599925170883,125.00053846419159,127.5831490031084,2050400
2020-03-02,138.16091918945312,138.188392733835,127.74802663864645,130.16579636460253,1482600
2020-03-03,128.72793579101562,137.6846736735183,127.7022196410743,136.88791301949846,1433500
2020-03-04,132.2996826171875,133.12391701652635,127.50076920559496,131.33806650173358,1243500
2020-03-05,123.18722534179688,127.6747620055268,121.4746424907335,126.71314600798922,1456000
2020-03-06,115.94307708740234,120.2749187181013,113.35129885351448,117.46333814826785,1588900
2020-03-09,99.94366455078125,108.43333944044251,98.56993138300665,104.55025564260673,1498400
2020-03-10,109.2392578125,109.47737351238388,101.19834097765242,105.18216567300422,1738700
2020-03-11,101.45477294921875,106.29031260645358,99.29343219527769,105.11806141526553,1535600
2020-03-12,84.64027404785156,95.86825458449773,84.27394382235146,92.66287733891559,1968200
2020-03-13,103.79925537109375,103.98242395147388,89.92455856376755,90.8312203283568,1810500
2020-03-16,79.07207489013672,91.54557411252404,78.7149048385571,83.13832715386529,1888700
2020-03-17,89.69561767578125,89.7230912205176,75.19815232300408,81.94776363756745,1930500
2020-03-18,86.00484466552734,86.12389900639803,73.27491786896229,81.99353996005716,1803300
2020-03-19,87.39691162109375,90.81293145437283,79.29188666022067,84.09079296568096,1601800
2020-03-20,82.268310546875,89.75057630252184,79.22778109856205,89.09118319541342,1608700
2020-03-23,75.90333557128906,81.70049132746404,75.12488815871224,80.55571366568391,1449700
2020-03-24,91.63716125488281,92.27824094631983,79.66736614335963,82.02102876784348,1485900
2020-03-25,94.8791732788086,102.03174901677671,89.31097293362991,94.22894039120575,1375800
2020-03-26,101.53718566894531,102.46216084008894,92.15001035259245,96.64669265129403,1298100
2020-03-27,94.63191223144531,99.43997891499563,94.2197880376967,96.16133367100646,1152700
2020-03-30,99.96198272705078,100.60305539650543,91.60968273364821,94.15566703115103,992200
2020-03-31,93.85344696044922,99.91618447271681,91.58220519720473,99.33005891842811,1281300
2020-04-01,86.37117767333984,91.10598311221368,85.31798787662929,87.81817822902792,1205900
2020-04-02,86.1330795288086,91.97602256964839,84.24648107129332,85.6751684350609,922500
2020-04-03,82.71705627441406,86.50855941487757,81.09605414393644,85.67516489204876,937900
2020-04-06,93.9450454711914,95.1172968006675,85.94075419786849,88.17536266166297,1064900
2020-04-07,94.769287109375,102.78273159436176,93.78935760612625,99.98031082890856,1302900
2020-04-08,102.28817749023438,103.0116778223908,93.67028776211342,95.68510067103684,996200
2020-04-09,110.32908630371094,114.12058912872574,104.07401986528347,104.07401986528347,1608600
2020-04-13,105.24628448486328,107.92048360495293,103.5886485554873,107.04129514028656,827100
2020-04-14,104.678466796875,108.49744320296756,102.3248043249605,108.40586239217544,1049200
2020-04-15,95.38287353515625,100.44736865265443,94.97990957347658,99.58649363894536,728700
2020-04-16,93.12992095947266,95.55684313665401,91.68292084039281,94.8791369619222,861200
2020-04-17,101.6104507446289,102.2240568108155,97.82810830175669,98.02959026493728,1077200
2020-04-20,100.84117126464844,101.09760033285711,96.71997184429118,98.2402328860289,1097500
2020-04-21,94.74179077148438,98.53329359931321,93.41385155889664,97.07713985532396,1239100
2020-04-22,96.07889556884766,98.49666524576804,95.428655758214,97.58999637654703,626500
2020-04-23,95.56602478027344,98.69813435900979,94.96158589057906,96.7016421095432,505000
2020-04-24,98.43255615234375,99.27511075409629,95.00737668436975,96.86649431175525,730800
2020-04-27,102.98419189453125,103.49705701953665,99.17437560871328,99.7055541012837,771300
2020-04-28,103.927490234375,108.32343192124335,102.85597311608002,107.10538690697,1004000
2020-04-29,108.08531188964844,109.37662429364343,106.27198820011753,109.10187489236056,933800
2020-04-30,105.26457977294922,106.76652724913133,103.50619627520308,105.25541959681586,810800
2020-05-01,101.89436340332031,102.79186510095015,99.8337637875055,101.8760430494769,644400
2020-05-04,103.54285430908203,103.60696158273652,98.93626982273724,100.3008429260506,834300
2020-05-05,101.40897369384766,105.32869075752676,101.01516995218826,103.84505659396099,835900
2020-05-06,98.24938201904297,104.11980433175822,97.79147102381091,104.11980433175822,951800
2020-05-07,111.4830322265625,119.63385067365243,105.70418976929572,107.95711139624612,2110800
2020-05-08,115.03640747070312,116.5383550634313,112.17904017891485,113.98321072299103,872700
2020-05-11,113.44287109375,114.67006919219857,111.1624693344828,112.94832638645714,720000
2020-05-12,110.95184326171875,115.67748142797642,110.94268308476994,114.36785561100784,946200
2020-05-13,107.49002838134766,111.59290694173446,105.36532166578412,110.42981610069415,1155100
2020-05-14,112.27977752685547,112.31641124587814,102.86512834022078,105.31953161739992,1356900
2020-05-15,112.66770935058594,115.79890672245307,110.28467206229645,111.88259508610368,2371100
2020-05-18,121.85809326171875,122.80022759554195,116.42699825860564,116.42699825860564,1121400
2020-05-19,118.7269058227539,122.22757496141425,117.96027560211449,119.21645716919353,918600
2020-05-20,121.5810317993164,123.77009539437992,120.46340010974042,122.24606627521563,895800
2020-05-21,122.03361511230469,124.12108992369645,121.18385196817563,121.43324342050614,731700
2020-05-22,122.34764099121094,122.95724404220748,119.53048366458748,121.9135209723268,730500
2020-05-26,129.34898376464844,131.92599595603696,127.50166885510886,128.04663746478266,1073500
2020-05-27,135.0571746826172,137.22777502578546,132.71107719333415,135.94387781871282,966300
2020-05-28,132.67413330078125,136.9414254939812,132.1476559714124,136.35953098193056,901800
2020-05-29,129.3766632080078,132.0275547070389,127.35385180320294,129.99551180457408,1674400
2020-06-01,132.9512481689453,133.81948837838738,129.42287014230095,130.2449246630484,701400
2020-06-02,135.22341918945312,136.5996736006328,133.40381323332699,134.79854473626443,855700
2020-06-03,139.91561889648438,143.02835391590193,138.5486098918417,139.47226729112063,800900
2020-06-04,141.43040466308594,143.02834197807027,137.6434180984584,138.2253126275889,955200
2020-06-05,143.69337463378906,152.13560189236486,142.88055169008368,151.29507035684153,1400300
2020-06-08,150.27902221679688,150.32520789514334,145.57761049526738,146.22416771044692,1129200
2020-06-09,147.4064483642578,149.3184255229329,143.88731670640806,145.27280249887744,1362200
2020-06-10,142.28941345214844,147.7112774290739,141.91071056711718,146.20571148227154,1118400
2020-06-11,128.47149658203125,137.73577861394605,128.11127078166172,133.92108336744104,1137700
2020-06-12,135.44509887695312,137.21851910962346,130.92841547818105,135.62059600986535,1217000
2020-06-15,138.71484375,141.22719268281818,130.70673681185136,131.0854396797441,1745700
2020-06-16,141.79063415527344,145.9748008064586,138.71485350085854,145.9748008064586,1210400
2020-06-17,138.26231384277344,142.25250750305165,137.6804050218153,142.2247989014724,1418300
2020-06-18,139.03817749023438,141.97541598895646,136.61819908671922,137.33865088767251,1377200
2020-06-19,137.0245819091797,142.21553202432094,135.55595592129967,142.1231606461018,2098100
2020-06-22,136.95993041992188,139.73090286827838,135.92543854924844,137.39405056434265,1355100
2020-06-23,137.26470947265625,140.75613287697752,136.84906651383545,140.00797273232178,1215200
2020-06-24,132.0460968017578,135.47285860788622,130.04174740554353,135.4266729090704,1241000
2020-06-25,139.98028564453125,141.06096314103127,133.89338659340223,134.5676525676847,1434600
2020-06-26,135.8053436279297,138.17914986264054,132.9327686086926,137.338618263229,2317800
2020-06-29,137.03382873535156,138.27152641610832,135.67605106825891,138.0129034408426,981000
2020-06-30,138.58551025390625,139.74008167198824,135.98080446353575,135.98080446353575,1116600
2020-07-01,134.69692993164062,140.1372702259787,134.4660156337589,138.95499014833544,797400
2020-07-02,134.34596252441406,139.57386665526377,134.07810808667904,138.6317321854257,679900
2020-07-06,138.73330688476562,140.3774155526759,137.8096496963266,138.71482979470758,701700
2020-07-07,134.9740447998047,137.79118826967013,134.74313047644577,137.29241953252725,848600
2020-07-08,137.0800018310547,137.61572482883864,134.5491754126741,134.5491754126741,796900
2020-07-09,132.35086059570312,137.30166474681323,131.5010974921259,137.06151890033266,627900
2020-07-10,137.2370147705078,137.54182339619516,132.600250791523,132.72956226055157,762100
2020-07-13,136.69204711914062,140.01720489946499,136.47959579530757,138.75179892500384,748100
2020-07-14,138.36386108398438,138.7425639450813,135.2049549296772,136.27638664547356,552000
2020-07-15,142.33560180664062,142.80666197648782,139.03813833603277,141.91994472830734,638600
2020-07-16,141.21798706054688,143.26850772842045,139.68471230999378,140.97784119718926,531700
2020-07-17,141.6613311767578,142.33561122754534,140.39592504658123,142.05851118827997,636000
2020-07-20,142.59423828125,142.9452185201322,139.5831060451058,140.43286918781646,735200
2020-07-21,145.31900024414062,146.59365178909957,143.00985706494922,143.02833415667237,670700
2020-07-22,145.9009552001953,147.91452192725973,144.63553475202303,144.63553475202303,749000
2020-07-23,144.83871459960938,147.46189823236196,144.49696587174816,145.22664901623673,617100
2020-07-24,143.406982421875,145.66995337342712,143.2684395078111,144.0904936836611,624200
2020-07-27,144.4045867919922,144.89412406023683,140.5806459247479,142.7604778356437,565900
2020-07-28,142.28941345214844,144.31222524489974,142.27093635939534,142.88978507464793,692500
2020-07-29,144.9310760498047,145.06038751315637,140.42362373773068,141.96612979838724,866600
2020-07-30,140.432861328125,141.61515573648032,137.43097485436365,141.61515573648032,955500
2020-07-31,141.9014892578125,142.6311723941987,139.53692859573405,140.78385761521326,692900
2020-08-03,143.80418395996094,144.4969268225642,140.8854239829923,142.63113543299696,583800
2020-08-04,141.70750427246094,143.02834156822615,140.09110396326707,142.28941289381623,765500
2020-08-05,144.24754333496094,145.23586330472875,143.34236322460876,143.48090616715078,634700
2020-08-06,143.9520263671875,144.82025257442328,142.52958593098347,143.22232905287774,508400
2020-08-07,148.6292266845703,148.71291090886703,142.8919764499232,143.09654734614398,620400
2020-08-10,149.5497589111328,150.82366575159932,148.77797148144407,148.77797148144407,497400
2020-08-11,151.14913940429688,154.1060950932073,150.935275020221,152.49743707732662,744900
2020-08-12,149.78224182128906,153.8643373185643,148.0154946923915,153.7806531051813,474700
2020-08-13,147.84811401367188,149.94030430631815,147.6435431610828,148.4711200870755,536100
2020-08-14,148.46182250976562,149.68923340314663,146.75087923362335,147.27159986648638,474900
2020-08-17,146.76019287109375,148.61062426311716,146.69509568877393,148.48973760370896,437600
2020-08-18,145.52345275878906,147.24370372242117,145.37467138265995,146.96474218932232,600100
2020-08-19,145.8489227294922,148.83377307999228,145.5885623932671,145.66293889912495,588900
2020-08-20,144.25885009765625,146.35104046762336,143.44987436161264,144.35184201175107,516100
2020-08-21,143.6730499267578,145.79313529402754,143.1244344564064,144.35185976828663,654900
2020-08-24,146.65789794921875,146.685792685959,144.43552739460995,144.48202335203504,914800
2020-08-25,145.97909545898438,148.66639708339426,145.8582088131205,148.29444363018752,537200
2020-08-26,144.81678771972656,145.91401863543337,144.15657911605987,145.77454493888604,528100
2020-08-27,147.9411163330078,149.233624526081,144.5936059538239,144.85396629569658,567300
2020-08-28,147.74583435058594,148.79658339000122,145.95120675118272,148.79658339000122,498900
2020-08-31,145.80242919921875,147.74583823717228,145.79312149440094,147.74583823717228,750500
2020-09-01,146.13719177246094,146.38824442802243,143.29181483415988,144.67730085825093,688900
2020-09-02,148.52691650390625,149.41959064682027,145.4025782865684,146.01629087303593,589100
2020-09-03,145.37466430664062,152.0417750991783,144.0914640185616,149.3730749169095,630800
2020-09-04,145.56063842773438,149.03832854308473,142.7338632742649,148.25724761511492,614500
2020-09-08,139.02371215820312,143.66373030306215,138.43790853723593,143.53355014411687,780500
2020-09-09,139.5723419189453,140.9113317606415,137.9822710858571,140.3813176086609,675500
2020-09-10,139.5444793701172,141.66456484418606,138.91216545950243,139.8978174900777,810800
2020-09-11,141.43203735351562,142.40838125093023,139.39563699409382,140.11162062705515,667700
2020-09-14,145.08644104003906,145.8768298203135,142.6594994093859,142.73389011011793,725600
2020-09-15,143.059326171875,145.18870467987358,142.62228973855494,145.105020474831,774200
2020-09-16,146.3882293701172,148.54551692724436,143.068628013088,143.45916851458708,651500
2020-09-17,145.98843383789062,146.4533651558457,142.46426069076549,144.03571662704823,683900
2020-09-18,146.6486358642578,148.38747437376284,144.69591874247163,145.70946556413088,1436300
2020-09-21,139.8419952392578,144.25884130669783,137.32206208201984,142.84544659231653,913000
2020-09-22,138.26126098632812,141.68314826469083,136.8385724594617,139.58166406799478,630400
2020-09-23,135.15550231933594,140.6323911582781,135.00672093359645,138.86564412691274,459700
2020-09-24,134.4674072265625,136.74556735347377,131.87309727716513,135.25779597135252,519700
2020-09-25,136.4480438232422,137.6754550843006,132.63560146570035,132.75648814474619,502300
2020-09-28,140.85556030273438,142.08298555029626,137.52665102084464,139.21900749456023,710500
2020-09-29,139.8326873779297,140.91131678673915,136.68974848467383,139.71180074709008,521900
2020-09-30,143.30111694335938,145.41190888691608,140.2604624576197,140.995061811547,954700
2020-10-01,144.4169158935547,145.904701293805,142.42701107914942,144.3053369545365,596400
2020-10-02,147.70864868164062,149.41959210125802,141.3576867540673,141.47855921846383,576600
2020-10-05,151.25140380859375,151.95809404256508,149.5869423604604,149.7450172474577,668000
2020-10-06,148.59201049804688,153.94801267503834,148.25725947519905,152.98096204713008,656400
2020-10-07,153.3249969482422,154.05028842072693,150.46101930802706,151.2142055149479,692400
2020-10-08,157.43502807617188,157.6117042330951,153.79926205409103,154.8965072551306,464000
2020-10-09,158.3927764892578,159.62949532972715,157.26765079817858,158.07662664123356,532200
2020-10-12,159.97354125976562,160.8011183327564,157.84416233777003,157.84416233777003,563500
2020-10-13,155.03594970703125,159.8898324363637,154.31996589453433,158.77400042482637,748700
2020-10-14,155.35211181640625,157.28621304574398,154.93366240214485,155.80773529364626,481000
2020-10-15,158.98789978027344,159.63880074784026,152.59974840306265,153.00889020798377,479600
2020-10-16,158.0301055908203,159.7317554159806,156.7469051794365,159.45279386965416,648300
2020-10-19,157.18392944335938,160.9684761157026,156.83059138950244,159.37840521333808,557300
2020-10-20,156.20761108398438,159.09948411170757,155.77986807841188,157.4164210187293,710300
2020-10-21,155.05455017089844,158.29977494952823,154.9987606988798,156.3656595176312,480300
2020-10-22,158.37417602539062,158.81119831438073,154.55244086723505,155.4358073387858,439400
2020-10-23,158.439208984375,160.30822677219578,157.8998872421896,159.68522084292218,495200
2020-10-26,153.9945068359375,156.4400493962429,151.97670720650657,155.9937052452677,500900
2020-10-27,151.0003662109375,154.11541116654442,150.6563216367546,154.11541116654442,522300
2020-10-28,147.15072631835938,149.84732163075424,145.56065535497973,147.85741664176456,739900
2020-10-29,149.81015014648438,151.34441761862556,144.43554595250163,147.82953845200225,730200
2020-10-30,149.5497589111328,150.1634714487513,146.76017194585575,148.70358079307456,656300
2020-11-02,152.9158477783203,153.92010073461464,151.00033376835182,152.3672324431492,517200
2020-11-03,155.70547485351562,158.16961902436057,154.7291163778441,155.2870395606781,584000
2020-11-04,156.5888214111328,160.81040462379485,150.5819182939125,152.9530702353728,848000
2020-11-05,160.5779266357422,162.38186181036235,158.56942061522244,158.8762768840718,646200
2020-11-06,158.8285369873047,161.79405810313716,157.81819942102274,161.79405810313716,365400
2020-11-09,171.13966369628906,175.38680983055806,170.4286775043182,170.80288451970762,1386800
2020-11-10,171.35482788085938,172.62710321434335,167.12638129096578,170.9525713886113,1034400
2020-11-11,169.60546875,173.23518440278883,168.41738454525927,173.21648475592397,566400
2020-11-12,165.8634796142578,169.21255773328528,164.3386162358145,168.74480963187708,577400
2020-11-13,172.95457458496094,173.6468327675831,167.44450150059447,167.99644093661536,711200
2020-11-16,173.97422790527344,176.40652371340926,172.4306648988474,176.30361856134493,635100
2020-11-17,172.34646606445312,173.14164356796232,169.80191518267125,171.7664629710236,581500
2020-11-18,171.50453186035156,176.28491834227654,171.4577541922249,172.59906077672255,446300
2020-11-19,171.78517150878906,172.2248558640738,168.63253961296692,170.091925673328,436900
2020-11-20,168.20220947265625,171.18644445463923,168.17414573031158,171.01804772603282,527900
2020-11-23,171.90679931640625,172.36519765388638,169.39967602049308,170.00774292112456,526500
2020-11-24,180.24205017089844,180.72851218915102,173.7403544708018,174.76004189742392,763000
2020-11-25,177.92205810546875,179.5591767641138,176.32235302108003,179.41884374293338,670000
2020-11-27,178.44593811035156,179.1475604096059,177.04269351184288,177.81915723596276,300300
2020-11-30,173.29132080078125,177.85653253887062,172.82357270193125,176.20071454660982,1096700
2020-12-01,177.97816467285156,178.4833263758822,175.80780648314314,177.285892296919,773700
2020-12-02,180.96241760253906,181.35532435957865,177.09881307983738,177.69753017740365,823000
2020-12-03,182.1504669189453,184.00274535268164,180.41044345860544,180.62560358246168,722400
2020-12-04,183.61923217773438,185.37796997689537,182.8240545282306,183.40407200269092,514200
2020-12-07,181.89785766601562,182.73979841703127,180.1391204910956,182.5527020584208,810700
2020-12-08,180.09239196777344,181.2056348758591,179.20367331600002,179.98013697688785,649000
2020-12-09,180.77528381347656,183.75015476228467,179.43751687661617,181.50496967920452,690200
2020-12-10,180.41050720214844,180.66308098153118,177.99692449957283,178.86692939986781,838500
2020-12-11,179.37205505371094,179.92399441205927,177.25782440550088,178.09977959024874,539900
2020-12-14,178.67044067382812,182.0569326588663,178.57688533547903,182.0569326588663,941800
2020-12-15,178.46461486816406,180.6910861274242,177.40749958958884,180.63495863909972,678300
2020-12-16,177.5010528564453,180.25139967414796,176.67781163848477,179.84914316280575,790700
2020-12-17,177.7910614013672,178.48331947599794,176.03232392076868,177.93138012607892,686100
2020-12-18,174.88168334960938,178.0436654610701,173.65618546130932,175.92008482988228,2279700
2020-12-21,174.7133026123047,175.65816311248298,171.03680861025128,174.51685636195035,767800
2020-12-22,173.12294006347656,175.6113636052427,172.5429369351478,175.16232938571528,591500
2020-12-23,176.37847900390625,177.45430839220938,173.6561954207213,173.6561954207213,445000
2020-12-24,177.46363830566406,177.63203505583087,174.89102358140696,176.79007985407716,212100
2020-12-28,177.72560119628906,180.6162959066469,177.67882352161192,178.82949436559235,402700
2020-12-29,176.87429809570312,179.01657841218952,176.65912366197435,178.6517354142013,408500
2020-12-30,179.00723266601562,180.08304776100505,176.64977786209084,176.64977786209084,393700
2020-12-31,181.7949981689453,182.1037136617002,178.80141285599876,178.87625427314003,422300
2021-01-04,175.97621154785156,183.26372152620948,173.8152173544161,182.7024323046062,587800
2021-01-05,174.9471435546875,177.60396367711758,173.73100988420856,175.9761951099815,560900
2021-01-06,184.98501586914062,187.0431045668104,178.5207339758375,178.92299047297186,736400
2021-01-07,187.2209014892578,189.13865771409937,186.54734293069816,187.09928238785213,585900
2021-01-08,188.54928588867188,188.63347713146496,185.7147331849775,187.80088597880456,545400
2021-01-11,188.5773468017578,188.9328399653731,186.2666697873401,186.36957495183185,855100
2021-01-12,191.3557891845703,192.85257484192994,188.35283949571405,189.0544617873163,733300
2021-01-13,189.97125244140625,191.64578464293143,188.50251630624757,191.36513288037114,462600
2021-01-14,193.60093688964844,193.9096523504342,189.46604537393435,190.81316219389427,749600
2021-01-15,194.84515380859375,195.0790278662932,190.30799137940878,191.4305982759978,665100
2021-01-19,199.25135803222656,199.9436161444718,195.7713107248874,196.0800262105672,822600
2021-01-20,199.41036987304688,200.65458150987368,197.754537631611,199.95295937234616,536500
2021-01-21,198.26913452148438,200.66400332620574,198.26913452148438,199.63495144548452,663000
2021-01-22,198.12876892089844,198.74619994787028,196.45423670785365,196.82842954414718,447100
2021-01-25,197.96035766601562,199.70038122360828,195.84614132649455,196.76292363439703,630600
2021-01-26,197.6422882080078,199.64424952566085,196.77226931028,199.47585278516476,551300
2021-01-27,188.46510314941406,196.41682221713586,188.0908960403257,193.90968454713956,890900
2021-01-28,193.32965087890625,195.90226546564676,186.45374800089309,191.28091188772112,771200
2021-01-29,185.1066436767578,191.74867295021036,185.05051618409016,191.74867295021036,1012400
2021-02-01,187.8850555419922,188.09086585032128,184.0775933869829,186.9308596846912,610000
2021-02-02,191.8609619140625,192.89936353593575,189.66255383951332,190.49514510212933,518100
2021-02-03,188.83924865722656,192.0573576161585,188.07213498175503,191.16863915093367,844300
2021-02-04,195.80873107910156,195.9209860688595,189.22284331338616,189.40993972116303,478800
2021-02-05,197.44586181640625,199.53201472725627,196.35133277507575,197.09973272692463,462300
2021-02-08,199.5507354736328,199.73783189935588,197.3336135660027,197.6797426673175,392700
2021-02-09,200.8136444091797,201.55268022461192,197.82005902619298,199.1016844226886,565100
2021-02-10,201.17845153808594,203.69493848584725,199.9529538556091,201.34683399466817,746100
2021-02-11,201.82711791992188,202.9645756339173,200.1914531821279,202.10913353316874,445000
2021-02-12,205.00445556640625,205.25827103968078,200.9716654951357,201.16908071744015,412900
2021-02-16,206.98794555664062,208.09718874217916,205.54027217765568,206.57432459121634,828600
2021-02-17,205.29586791992188,206.62133120300265,203.3311826626488,206.01970461509433,401600
2021-02-18,201.35707092285156,204.27120798046178,200.04101735458713,202.81413945165667,601500
2021-02-19,211.0301055908203,211.2275064454417,201.46046731392528,202.81413054981599,1233600
2021-02-22,212.33677673339844,214.26385213136305,208.8210130791712,210.06187590204257,872000
2021-02-23,212.9196319580078,214.2921003561218,209.45087274499073,214.2921003561218,717300
2021-02-24,218.18382263183594,218.85124462938555,211.70693178636972,212.68456946285778,641500
2021-02-25,210.51307678222656,219.88529974199867,209.73283994519286,219.49048369384437,569900
2021-02-26,207.97496032714844,212.72216239195635,207.16652338817576,210.66348183639178,886700
2021-03-01,215.3448944091797,216.895958485372,211.4907151950128,211.4907151950128,651300
2021-03-02,212.25216674804688,215.33551901009997,212.25216674804688,214.58348222286529,753600
2021-03-03,210.278076171875,214.57406226491017,209.98666533756133,213.1546034761307,894000
2021-03-04,204.21481323242188,210.82331006282467,200.586249046325,208.6048094566529,946700
2021-03-05,208.97142028808594,209.91146265164556,201.07505582784023,207.99376819739538,958600
2021-03-08,210.63531494140625,216.20975968650805,210.0806790043177,211.50954751941006,854500
2021-03-09,210.09950256347656,213.42724676255733,208.0314118947211,210.24991280874508,856100
2021-03-10,212.12057495117188,214.79030643377965,211.0113317355939,212.2145849345539,1166500
2021-03-11,212.9572296142578,215.58935158161688,208.9244534495446,211.45317016427458,993600
2021-03-12,211.9701690673828,215.66452886881615,211.07711729907908,215.4389135256801,698500
2021-03-15,214.45187377929688,214.498864423398,208.52960388779894,212.5717890101806,972800
2021-03-16,207.8621826171875,213.9724585616839,207.18535090351511,212.71280511720295,917800
2021-03-17,211.9701690673828,212.0077644526177,207.10074190470291,208.46380053603283,939300
2021-03-18,213.2956085205078,222.26362078413214,212.1393604189642,213.399013755209,1623900
2021-03-19,214.73387145996094,216.52935582724183,208.59539593806463,211.6787337607911,3287000
2021-03-22,215.4389190673828,216.28496586797402,212.28978550625854,214.72449197827163,918000
2021-03-23,208.28521728515625,215.42013620095435,207.5801854315657,214.1322682612036,768100
2021-03-24,209.1312255859375,214.68687939225973,209.1312255859375,210.19347804588256,624700
2021-03-25,214.03826904296875,214.70569115395637,206.03849856450046,209.18764652880066,678900
2021-03-26,218.63507080078125,218.7102759166946,212.9572064725508,215.74913364623154,713900
2021-03-29,215.53292846679688,217.7890245744632,212.5529956674913,216.06875954011545,574100
2021-03-30,218.8418731689453,219.8383158160083,216.5763675467535,216.62337253544504,360100
2021-03-31,218.51290893554688,221.0604308028577,217.7984816925096,218.58811406806328,627500
2021-04-01,221.2953643798828,221.42696972996677,218.7384481406172,220.01690626025,494700
2021-04-05,223.99331665039062,226.09901692863198,221.82182085865625,224.1531221476276,551600
2021-04-06,222.25421142578125,225.28114901520468,221.60559423711192,224.002690813809,409800
2021-04-07,223.81468200683594,224.58552362696364,221.05095517394193,222.8934445105073,373600
2021-04-08,222.8464813232422,223.91812924068978,220.6467852312041,223.41990784404638,330500
2021-04-09,226.35279846191406,226.7194144165084,223.6360765563538,224.97094935914183,434500
2021-04-12,230.94021606445312,231.6170477440036,226.41861438850395,227.25525155573877,578500
2021-04-13,228.70289611816406,230.35737982773978,226.5408101968178,229.78395342274507,626900
2021-04-14,232.12466430664062,233.72274787112866,227.3116517804982,228.35509942436676,624200
2021-04-15,232.67930603027344,234.3243802809379,230.0941893506579,233.16811776571345,560900
2021-04-16,233.85433959960938,234.2773557886422,231.49482411925456,234.05174046066767,547300
2021-04-19,231.91787719726562,234.70039479323788,231.2786408778173,233.78855247690598,422400
2021-04-20,227.84747314453125,230.9214013521643,225.9485835498887,230.32918441574492,654400
2021-04-21,232.5006866455078,232.75450210776324,226.01438553126937,226.5032115916369,441000
2021-04-22,228.33631896972656,232.69811562380806,227.65948721789405,232.69811562380806,479100
2021-04-23,234.2021484375,235.0105854251187,228.1012684760571,229.2293307612239,503000
2021-04-26,232.66050720214844,236.195061662907,232.35029147127642,234.66280221781795,602600
2021-04-27,241.14907836914062,244.07262518286785,235.94124972734681,235.94124972734681,774000
2021-04-28,241.2336883544922,242.26774078459354,239.48520882789953,241.03628747305157,500500
2021-04-29,245.20066833496094,246.14071078158528,242.0891301316598,244.41103612233474,611100
2021-04-30,242.9069366455078,245.14424202066556,240.90464185702098,244.12900890888608,818000
2021-05-03,242.3899383544922,246.04668836946183,241.52508672464845,245.56728625361885,748100
2021-05-04,242.0891571044922,242.88819901071346,236.96592806835682,240.67909327745065,745000
2021-05-05,245.58604431152344,247.13710832750718,241.76947497054934,244.37338174434475,471800
2021-05-06,247.79518127441406,247.92677229216318,242.9821687978917,245.63306655134906,492500
2021-05-07,250.79739379882812,251.5149111067889,244.38701741612903,245.20839956087102,495900
2021-05-10,249.3340606689453,254.23388783172982,249.29628901905403,251.58099845057856,410500
2021-05-11,243.7167205810547,247.06825589426535,240.7617299761523,245.54825668067733,639900
2021-05-12,236.8154296875,246.83223523575535,235.65420352347715,244.50975409638178,779500
2021-05-13,239.7232208251953,241.74357191983083,235.6447613917833,235.6447613917833,664400
2021-05-14,243.89610290527344,245.67099595652647,238.8452322073384,240.70508986491805,509600
2021-05-17,242.7725830078125,244.16984568935646,239.86480033806333,242.40440312436712,512500
2021-05-18,238.64695739746094,244.5663885559947,238.38261347358687,243.02754677746196,746800
2021-05-19,238.15606689453125,238.29768899552246,233.48282567513786,234.36083660315273,609000
2021-05-20,238.6091766357422,240.96940029889112,236.7021118823325,238.50532621833716,477700
2021-05-21,240.05364990234375,242.52717427787823,239.21341079310525,239.21341079310525,715400
2021-05-24,240.4690399169922,242.1400823449632,239.3361210064382,241.50752971078353,441800
2021-05-25,239.32669067382812,244.50031155830203,239.31725496477108,241.86629375945446,844500
2021-05-26,241.43202209472656,242.9992286464954,238.18435166374448,240.7239549160763,655100
2021-05-27,245.74647521972656,246.36957772146195,242.47993375122638,244.1793120681385,1849900
2021-05-28,245.3122100830078,246.87940209669765,242.53658467231105,246.70002278835622,625300
2021-06-01,247.61582946777344,249.0414140428836,245.85038645191958,248.44663296025274,599200
2021-06-02,248.00291442871094,248.3522229921663,244.64195755298334,247.61583421178395,463600
2021-06-03,249.0697021484375,251.55266217658283,246.3790412750508,247.19094442651442,514300
2021-06-04,250.57081604003906,250.72187382848315,246.7566861129751,248.90920917848106,377700
2021-06-07,250.05152893066406,251.90196507846437,249.5794841848359,251.90196507846437,414900
2021-06-08,249.15467834472656,250.25924699162798,245.75595017863216,248.79591970339897,462400
2021-06-09,246.14306640625,248.47496910510122,245.75598617398214,247.59697260356558,649600
2021-06-10,242.93316650390625,249.60788754226763,242.4894431961331,248.5882545403787,496900
2021-06-11,244.10379028320312,244.58528517044797,242.88590670381535,243.68838857878134,560100
2021-06-14,240.38404846191406,244.04712009677604,239.10953636205903,243.82054785093246,903100
2021-06-15,240.66734313964844,242.52721539551786,238.04277494197632,239.8082180604851,711500
2021-06-16,239.4305419921875,240.9599623935889,235.31431113886785,239.94034399076705,958100
2021-06-17,231.2642059326172,240.41242249803722,229.8480714641685,240.41242249803722,839300
2021-06-18,223.4282684326172,227.2518345401079,223.13560293501234,226.84586848438812,1336300
2021-06-21,227.8560028076172,228.73399911333507,225.3824785627972,225.89229495151142,632400
2021-06-22,229.3854522705078,231.05649490342273,225.7601516479671,227.9315462129593,906800
2021-06-23,229.4798583984375,230.8204638574276,227.8371373627188,229.40432950425534,629200
2021-06-24,231.7173614501953,232.246049338906,228.8567710193278,231.64183255099886,572100
2021-06-25,234.73841857910156,235.9185304836389,232.32155170351518,232.9635256648653,2011000
2021-06-28,232.7841796875,234.4457721981803,231.71735382922563,233.9265200368227,613000
2021-06-29,234.3135986328125,236.2961781367553,233.4827951803047,234.84228650053058,584900
2021-06-30,234.96502685546875,235.8147017425967,233.24677684975387,233.4355918907085,590300
2021-07-01,236.95703125,238.09937148968334,235.1254952960877,236.3716859580752,537200
2021-07-02,236.89096069335938,237.58014206774445,236.08849317679153,236.53220203556194,372200
2021-07-06,233.3695068359375,236.6454988485495,232.24603792480966,236.04128209033752,457600
2021-07-07,235.01222229003906,235.20105173864943,231.34916435876087,231.34916435876087,517500
2021-07-08,227.83714294433594,233.0201999899612,226.97801795833843,231.3680432041186,672700
2021-07-09,235.03109741210938,235.1349478418497,230.55612203486743,231.80231278608773,564500
2021-07-12,237.5801239013672,238.07105448939387,232.85024055327196,232.93520515341226,443200
2021-07-13,235.64474487304688,237.89166808634562,234.7384126148985,237.5046023397957,395300
2021-07-14,233.0485076904297,237.26858906819726,231.33969352975785,235.3237525235593,422800
2021-07-15,234.94610595703125,236.8059633644074,230.99980448355961,231.14142654738248,452100
2021-07-16,232.98239135742188,236.1356466365206,232.86910523418723,235.67305202953798,486300
2021-07-19,224.7971649169922,228.68680928069614,223.32438751347956,228.42246535727918,478000
2021-07-20,232.07611083984375,233.53943818555885,224.5894728707997,224.5894728707997,486700
2021-07-21,237.07977294921875,238.6469651241155,233.8604383994495,234.56850559110796,475300
2021-07-22,233.07681274414062,236.5132978354812,232.90686914875621,236.15453922740684,457700
2021-07-23,234.9744110107422,236.67377481781173,233.98311425614654,234.32298701756045,445000
2021-07-26,237.1080780029297,238.3259615550983,234.63456806181682,235.54090034263214,368700
2021-07-27,235.59754943847656,238.20323140330242,228.2242123780737,228.2242123780737,714200
2021-07-28,237.9672088623047,240.05365309923155,234.9744467276182,237.48572837947384,532300
2021-07-29,244.71743774414062,245.51046948789838,239.12842948399657,240.5728997106693,556700
2021-07-30,243.15972900390625,247.2759748776537,242.96147824371855,244.0566256998288,457100
2021-08-02,243.97164916992188,248.43717457639417,243.46183271444335,245.10453941269503,444100
2021-08-03,245.34054565429688,245.97309832695896,240.37463982948708,244.5663853120318,380700
2021-08-04,241.2715301513672,245.49161171577654,241.01662193182423,242.94255833167466,339700
2021-08-05,247.0587615966797,247.06821171046363,242.17780663860768,243.26353251614802,370700
2021-08-06,251.8281707763672,252.62464181875058,248.85088823243,249.73269235761046,379800
2021-08-09,251.8471221923828,253.20304721696058,248.9267283917146,251.2023640584567,289700
2021-08-10,254.52102661132812,256.37948810323667,250.72829057502761,252.33072386526695,354100
2021-08-11,257.2611999511719,258.79725286475104,253.85722405269556,254.53991745164956,546400
2021-08-12,258.66455078125,259.0248652853033,255.63984189041366,255.8199991424403,345800
2021-08-13,258.0672607421875,259.413665863419,256.43638304956494,258.67408347585064,300400
2021-08-16,257.2043762207031,258.2947819279743,254.53998175332745,256.8061262472622,321700
2021-08-17,254.80543518066406,256.82504230628876,251.92294841486265,255.03299002608154,397600
2021-08-18,250.3394775390625,255.2984892515171,249.9981452590009,253.58227888101416,413000
2021-08-19,246.86915588378906,250.7188092883844,245.26675165205043,246.59420337625016,467000
2021-08-20,248.04486083984375,250.00760803668487,246.2622708602742,247.10613930346275,511400
2021-08-23,251.28768920898438,252.52980781518298,248.42418422014757,249.44821011016205,471500
2021-08-24,254.24606323242188,254.79599720225303,251.55319529764535,251.8092234883881,282500
2021-08-25,258.5507507324219,260.01096188145664,254.568396148154,255.2700428980855,309500
2021-08-26,256.0285949707031,259.1765723245913,256.0001506124085,259.1765723245913,355800
2021-08-27,262.0969543457031,262.2581293723964,256.52162949055867,256.83451738349123,578500
2021-08-30,258.64556884765625,263.54769169372423,258.5791890387367,263.24426594118233,286600
2021-08-31,258.76885986328125,260.2764687234246,257.3655373379867,258.8257485797942,609600
2021-09-01,258.1714782714844,259.0153757244759,254.66318671354998,258.33268224592604,439900
2021-09-02,259.7454833984375,260.4092236608295,258.18098584996983,259.4136132672415,345900
2021-09-03,258.2378845214844,260.75056600665704,257.37503372161837,258.8352449934128,388200
2021-09-07,255.85792541503906,259.90666001854487,255.82948105712308,257.8775616358975,374900
2021-09-08,255.1562957763672,256.95783941675705,253.47799173771233,255.67778535196436,334400
2021-09-09,255.58297729492188,259.07231629276134,254.58739570188393,255.07097878573123,351400
2021-09-10,252.9091339111328,258.11465491801914,252.8332629852642,258.11465491801914,370900
2021-09-13,255.62088012695312,256.5026841609458,253.136643074832,256.01913007510046,372600
2021-09-14,252.766845703125,257.270719127863,252.06519889235295,255.95275858306616,432900
2021-09-15,257.2138671875,258.9206157753091,252.21694784831774,253.2030673255221,540200
2021-09-16,257.1948547363281,259.4704900601046,254.79595088923375,258.171482889028,390300
2021-09-17,255.58297729492188,259.5274260787086,253.82886010111966,256.46481037775135,1194200
2021-09-20,243.0290069580078,248.92671182455135,238.4587681988308,248.92671182455135,810000
2021-09-21,240.36459350585938,245.3330673625072,239.13195167117635,245.28566974697586,519200
2021-09-22,245.70289611816406,247.23894939061415,242.61180737624164,243.8729081546291,442900
2021-09-23,253.87625122070312,256.2277578208717,248.33886045541345,248.37679591536326,425500
2021-09-24,257.3370666503906,258.076648825664,253.40210983404802,253.4495074475344,385400
2021-09-27,263.2158203125,264.03124446520644,258.07665154766255,258.07665154766255,493900
2021-09-28,257.10009765625,264.54334818638466,256.75876528994036,262.5900913713088,509000
2021-09-29,256.6828308105469,259.0153838146067,255.59242521754368,258.03875564887016,331400
2021-09-30,250.43429565429688,259.10070930365276,250.30156497179405,258.4180158237554,581300
2021-10-01,254.61582946777344,256.4173731468269,249.26808715148906,251.76178657995962,484200
2021-10-04,251.16445922851562,257.7163848284034,249.79907203200858,252.9944472987377,444600
2021-10-05,258.787841796875,259.82135884307337,252.2548693457383,253.04184930221442,494800
2021-10-06,259.03436279296875,259.6506765427051,253.19354647774105,254.93820138702574,477000
2021-10-07,262.0306396484375,266.3354028717451,261.4427702308602,261.4427702308602,512100
2021-10-08,264.63812255859375,267.0749620368087,261.2720524754447,262.26766289564733,380900
2021-10-11,262.8650817871094,269.3696106585733,262.8176552215439,264.38215315957194,400300
2021-10-12,265.00787353515625,266.2405298021871,260.35228773598584,263.5761357141647,397700
2021-10-13,263.927001953125,265.24496256521746,258.8352588932914,264.87518588043184,356400
2021-10-14,271.0194091796875,271.1237244623926,265.63373121917726,267.5300991435495,456400
2021-10-15,274.85003662109375,277.154116336752,272.5838923600261,274.43283342941817,466000
2021-10-18,274.03466796875,275.5422770611781,272.03398467553933,274.2527317702229,343200
2021-10-19,277.98858642578125,278.5290582665291,274.49927614692825,275.77933037217514,304300
2021-10-20,281.3546447753906,281.97095857945664,276.3102990217115,276.97401045059837,322500
2021-10-21,280.7667236328125,282.55880511169204,279.49616066607285,280.85208564861523,346200
2021-10-22,282.7484436035156,283.4500904126582,280.0176694088439,281.2502968740309,607000
2021-10-25,282.55877685546875,285.0050783660825,281.7148793707508,283.7914042403959,451100
2021-10-26,281.9045104980469,285.4033108765179,281.9045104980469,284.22757227736446,480300
2021-10-27,280.9658508300781,291.613937153035,280.1883331132811,289.1960798631158,595900
2021-10-28,287.80224609375,287.8780880706484,282.4450130678093,282.4450130678093,559500
2021-10-29,286.4748229980469,290.39082736260406,285.0809914265312,286.95840607478027,533300
2021-11-01,289.92620849609375,290.1158568687956,285.9628063586246,287.75488799093637,381700
2021-11-02,291.9173583984375,293.9275035384061,289.91670435661354,290.14425922188553,572000
2021-11-03,294.1645202636719,295.0558153124309,289.99251750946667,289.99251750946667,386800
2021-11-04,290.79852294921875,293.91805608605904,287.9729245068234,293.6525657511966,439600
2021-11-05,290.4939880371094,295.2714927557318,290.1513934107302,293.40615853448486,402800
2021-11-08,292.102294921875,294.16747563858024,290.9602839952213,292.31166794825396,395200
2021-11-09,290.4559326171875,292.06429177711766,287.93392972774234,290.37978111808434,496700
2021-11-10,290.10369873046875,293.35849185712334,287.6007780057062,288.8284374011008,395700
2021-11-11,291.3219299316406,293.23483690013046,288.8761077140797,289.64697460278455,346000
2021-11-12,293.625,294.1293946850769,289.5041938796494,291.1982014109719,328100
2021-11-15,292.81610107421875,295.547447929139,292.0071584096139,293.9295916432161,376900
2021-11-16,293.7677307128906,297.07009694447083,290.83653760861,293.1967107711194,456500
2021-11-17,287.8006896972656,293.64405349539584,287.01077042202746,293.1206354066267,565300
2021-11-18,288.52398681640625,290.7033368870183,285.7260147608794,289.40905190411956,414800
2021-11-19,285.07879638671875,287.3438237779254,280.8342660988809,285.55464150106366,781000
2021-11-22,286.7538146972656,291.6074412513532,284.6220376244961,288.57154673614065,580000
2021-11-23,289.2852783203125,289.91339735284527,285.24059487153806,286.7918545823459,513600
2021-11-24,287.8482666015625,289.09497868628955,284.7267232908795,286.96320151117504,435100
2021-11-26,277.64617919921875,280.72014999220136,271.717165928722,277.6557053981407,499200
2021-11-29,279.5209655761719,283.2706278921806,274.47701832026405,283.2706278921806,574000
2021-11-30,275.6095275878906,277.5604811627297,271.51724171008755,275.0575309278229,2654100
2021-12-01,271.1746520996094,284.89801075560587,270.96527905976063,282.1286173804172,827100
2021-12-02,281.49102783203125,282.9185636474706,272.3738452031399,273.80138101857926,549000
2021-12-03,276.1805419921875,283.19449499124016,272.5546042028719,282.84237422038916,656000
2021-12-06,279.45440673828125,281.9858778592547,276.86580746863115,279.64472740847856,591900
2021-12-07,287.01080322265625,288.5240166494508,283.5466649653739,284.1367084181926,468200
2021-12-08,286.05914306640625,289.6755847129307,284.3270882757817,286.5064388027848,548300
2021-12-09,282.9851379394531,285.7260108578995,282.1666691169768,284.38412394810655,445600
2021-12-10,283.42291259765625,285.4500177743895,279.1974049444537,285.02174548176373,637400
2021-12-13,278.69305419921875,283.00421118292627,277.2179454797952,283.00421118292627,589700
2021-12-14,278.12200927734375,281.8240990880985,277.13227211530386,277.90313906039637,840400
2021-12-15,283.8321228027344,283.8892219006966,276.1234541449858,279.30209645245054,545600
2021-12-16,285.72601318359375,290.7414110295685,284.3079747682543,287.7150425921861,609500
2021-12-17,280.39654541015625,285.2311198322685,278.083944723298,284.4317033865627,1524500
2021-12-20,270.1087951660156,276.4185076056871,265.22661842606027,276.4185076056871,613700
2021-12-21,280.2727966308594,281.34821132937344,273.81081128609645,273.9059861258672,541800
2021-12-22,284.26043701171875,285.1835779559928,279.78748005631076,280.55834703579546,371900
2021-12-23,287.6769714355469,289.4376044749337,285.3548445483108,285.3548445483108,345900
2021-12-27,292.5401611328125,292.87322957818736,288.1147770066653,289.74218869729435,332500
2021-12-28,290.9031982421875,295.0240046245106,290.62719991219336,290.6367261094193,547400
2021-12-29,290.65576171875,293.63455724767374,289.6279198466642,290.92223386275646,333800
2021-12-30,287.3819274902344,292.7494457999623,287.0488300691162,291.50273380249797,251400
2021-12-31,287.0869445800781,289.1330732385491,286.53494785493723,286.53494785493723,282600
2022-01-03,289.5613098144531,291.5408129266947,287.81020308812447,289.0093131574514,390500
2022-01-04,302.71368408203125,304.0365477418639,291.4361755391092,293.6345781444348,819500
2022-01-05,299.725341796875,307.729060608707,299.3161219431898,307.58631287408224,736100
2022-01-06,303.77960205078125,304.6170652470934,298.8878992164318,302.35206638145104,512800
2022-01-07,303.9033203125,304.73131545946507,300.99114965108816,304.0365709257897,587300
2022-01-10,303.25616455078125,305.49264297938146,297.05115309912037,305.49264297938146,651100
2022-01-11,310.27960205078125,310.6888219287854,301.390817712754,304.4362384343834,488200
2022-01-12,312.3448486328125,314.45760280543504,309.03295507907455,311.0600605878018,453300
2022-01-13,311.5072937011719,316.31331837247603,310.5175276007031,313.00145452762564,500300
2022-01-14,312.7064208984375,312.8396714960865,304.4838308911605,305.0834004940082,589100
2022-01-18,303.77960205078125,308.88064890174314,300.45818264403744,308.6712758418432,515300
2022-01-19,296.765625,305.9780107765233,295.78538498252357,305.9780107765233,611800
2022-01-20,294.4530334472656,303.17052186970744,294.03428730585614,298.2788478262079,403600
2022-01-21,284.9170837402344,293.0254756958843,284.1366906222855,293.0254756958843,879700
2022-01-24,286.4207458496094,287.03933882513627,270.0992606601718,276.82771902161215,839600
2022-01-25,284.10809326171875,287.41045963850166,275.1717367880481,280.47262948398316,620300
2022-01-26,284.3555908203125,292.93030181829397,280.1776559049333,289.85636032673506,929400
2022-01-27,289.03790283203125,302.09509716628975,284.4317244691915,285.5166655394655,1051300
2022-01-28,283.68939208984375,286.44928848242637,273.4587201369716,286.2589678255542,922600
2022-01-31,289.60894775390625,290.5606382999855,281.0437328391932,282.2999713304075,1083900
2022-02-01,293.2158508300781,293.9676944622541,286.04962247862795,291.36004272528504,1098100
2022-02-02,298.07891845703125,298.6118627153824,292.3307298072031,293.95811213026525,664900
2022-02-03,289.5517883300781,296.43252000053803,289.1140189021918,294.24361477453715,645000
2022-02-04,293.2158508300781,295.8710754750513,288.5335207595495,289.704110538004,796100
2022-02-07,296.8417663574219,299.28761773992204,292.1023375468525,293.0730803759389,821100
2022-02-08,300.0870361328125,300.65805620475,297.6316585364675,298.7832248785824,702800
2022-02-09,303.74151611328125,307.09145591603516,302.23782899444626,303.7700656639788,656000
2022-02-10,301.7071533203125,309.4145891674368,299.500939958344,300.62791760325473,840300
2022-02-11,290.34185791015625,303.86567952618077,288.68004212925507,301.0386748601756,756200
2022-02-14,287.42889404296875,293.4649261753093,282.7967895940872,290.63792157055633,794400
2022-02-15,294.6300964355469,296.51158908687387,289.25303742531645,290.9244131103767,745600
2022-02-16,298.0874938964844,299.65382589305796,292.1278542239241,292.1278542239241,584700
2022-02-17,285.948486328125,295.36550927544965,285.31813545304635,293.3694127442728,470400
2022-02-18,287.0563659667969,290.8670929638232,284.9456655373802,284.9456655373802,640300
2022-02-22,284.0383605957031,288.46034789716185,280.972588137268,286.0153663080733,556100
2022-02-23,278.4607238769531,288.5653995599619,278.1933049463023,286.9704168741849,706300
2022-02-24,276.35955810546875,277.1236330224287,266.37907542608673,269.49261877643295,911300
2022-02-25,289.1670837402344,289.835645671188,277.8781570068152,278.02141195016844,744900
2022-02-28,286.3210144042969,289.5205111135925,279.18662611199136,280.2658620274879,776300
2022-03-01,266.53192138671875,282.89230765164456,264.9655894847649,281.22093183129397,1009200
2022-03-02,276.8753356933594,280.246738306648,269.1774585746722,269.1774585746722,651100
2022-03-03,277.3528137207031,279.32981911967426,273.1027621762276,277.0185327989753,513000
2022-03-04,268.8431701660156,272.18592169617693,264.1728838986171,270.1516139586705,660500
2022-03-07,253.01759338378906,266.6178043013876,252.79791641239086,265.9205915067987,808800
2022-03-08,249.64625549316406,258.9677373265194,246.57092283933977,255.03284580038616,1056100
2022-03-09,262.186279296875,266.6655680161541,260.2761358480217,261.04021071544855,625600
2022-03-10,260.2952880859375,261.5655208118649,255.88286083753323,256.6564666981506,520800
2022-03-11,259.6553955078125,265.4240380052173,259.4643986137018,264.2779400546267,451400
2022-03-14,261.3076171875,266.92344332310785,259.88454056627546,264.28743616235937,492300
2022-03-15,267.0285339355469,267.27686194238964,261.9571047648156,264.06780538354025,578300
2022-03-16,281.2399597167969,282.99728811630183,271.33587102548285,271.33587102548285,838000
2022-03-17,286.426025390625,286.426025390625,276.7129615609135,277.524749269196,616600
2022-03-18,287.3047180175781,287.9732508179548,280.22763218280176,286.3018750972938,1157300
2022-03-21,285.42327880859375,290.61887292551376,282.9878276713897,288.76603087627836,536800
2022-03-22,293.66552734375,294.3627111984612,287.9446266670535,289.1766776169908,603700
2022-03-23,289.5396423339844,295.2987255532138,288.7755672162305,291.39248441811986,494500
2022-03-24,297.7150573730469,297.77235936370846,288.536799915607,290.8576471233439,663600
2022-03-25,300.4942626953125,301.97461241341506,296.8840922457489,298.3262309285997,706700
2022-03-28,297.1227722167969,300.81889454120983,294.1143025908657,300.6374286106055,672000
2022-03-29,298.19256591796875,304.18085656224,296.44479707085515,303.0252276617279,551600
2022-03-30,296.6453552246094,298.383593178875,295.193627198417,298.1925671291708,431400
2022-03-31,286.8653564453125,297.5335214463709,286.8653564453125,295.3559588734059,751000
2022-04-01,284.0479431152344,291.6598674805581,282.14735932204155,289.873887654284,609400
2022-04-04,284.1625061035156,289.8929367949291,281.287730713117,285.1844399053057,571000
2022-04-05,285.1271667480469,287.2856093736959,282.3479040842326,283.0164369112465,618100
2022-04-06,279.1292724609375,282.1090915878876,277.8399197992636,278.90003542668865,732400
2022-04-07,276.3022766113281,280.38998299401806,272.17638833981835,278.01186339661893,626800
2022-04-08,279.8742370605469,281.90854457532095,274.50673842608745,276.32136894305575,461300
2022-04-11,277.6966857910156,284.5158832842966,277.4579178411049,280.5619011899441,417700
2022-04-12,275.00341796875,281.9181295184891,274.0101349856799,277.2191918746439,595000
2022-04-13,279.58770751953125,279.92198847657244,272.9022049646196,272.9022049646196,395300
2022-04-14,277.66802978515625,282.7681096055081,277.4865638147851,279.77873026321055,424800
2022-04-18,277.3528137207031,278.3270055009657,273.4656649364014,275.7292093310571,534300
2022-04-19,284.2580261230469,285.19397783865327,278.52759529027577,279.5208781289701,540500
2022-04-20,287.32379150390625,290.30361080139465,286.13951182066796,286.7698626945948,553900
2022-04-21,278.60394287109375,291.8889930206763,277.57247831350287,291.2968532610896,571400
2022-04-22,267.4964599609375,278.10732134905794,267.267252087479,276.84661975208786,723800
2022-04-25,268.33697509765625,269.53081489361773,259.80819059046246,264.1824067784144,823900
2022-04-26,252.66419982910156,267.30546492113785,251.7186881982232,257.8693521136899,1268700
2022-04-27,254.24966430664062,257.70701967600854,251.44175078805887,252.14852376354196,684400
2022-04-28,260.6487121582031,262.16727319387905,253.32329683685683,256.5896560158571,596900
2022-04-29,253.5620574951172,262.778525668353,252.68340757180508,259.04419062806517,771200
2022-05-02,256.7328796386719,257.34413965577176,251.3558200833286,255.30027176338604,727200
2022-05-03,259.8655090332031,262.54925873284003,256.7137834307733,258.3946901503779,518800
2022-05-04,270.78192138671875,271.4982251709653,257.57329242966125,259.58847975236665,737100
2022-05-05,258.5379638671875,268.2510283503357,255.79688314905493,266.68472565788284,602200
2022-05-06,255.80345153808594,259.6702466387512,251.55286117495862,257.5017609473736,665800
2022-05-09,249.12522888183594,254.36410403280604,246.96634838052682,251.43760400646136,782300
2022-05-10,248.8853302001953,255.40033011519958,243.61764235373872,252.48346403551548,901000
2022-05-11,246.0260467529297,255.58268373428135,245.30641985682834,248.4727664869969,717400
2022-05-12,240.80633544921875,246.85118928203002,236.0663909170469,242.92682770360355,888800
2022-05-13,251.01541137695312,252.05169037730147,244.62513645461556,244.67311450327537,719200
2022-05-16,250.00796508789062,253.10716865509144,246.38104686674578,249.76808946669934,537400
2022-05-17,258.15411376953125,258.7010371752259,253.71164217219948,256.2255338215033,566500
2022-05-18,249.39390563964844,255.88012270496927,248.59750215746203,254.26816551347127,622800
2022-05-19,243.6368408203125,250.43972377262372,242.94599794041392,244.7018890400858,730000
2022-05-20,245.64224243164062,248.71263283808247,238.7050288706828,246.81283664355138,717300
2022-05-23,252.38754272460938,254.39289941137957,248.9908957171091,251.67749097170744,519100
2022-05-24,250.07513427734375,251.07302504835403,242.91723938523785,250.18066549418467,574700
2022-05-25,254.5080108642578,255.99522786728272,248.70303307371483,248.70303307371483,581300
2022-05-26,263.22027587890625,264.1893826560036,257.5976059690008,257.5976059690008,592000
2022-05-27,267.2118225097656,268.79502494550195,263.7576371851892,264.0838644977685,660300
2022-05-31,265.0816955566406,267.8354918132331,261.9249540048494,264.3812776029196,1919600
2022-06-01,259.4878234863281,266.21394447537836,256.4174041872744,264.8610426188278,515500
2022-06-02,264.448486328125,264.6020102514248,257.3098142256959,260.0539774902328,412800
2022-06-03,260.3609924316406,263.4601665663844,260.06354901836846,261.0422309638101,400900
2022-06-06,263.17236328125,266.07005049631726,261.15740203133413,262.9133081292002,359400
2022-06-07,265.8397216796875,266.04120897653655,258.89293395923045,260.56245869649894,446200
2022-06-08,261.1382141113281,265.23527940491044,260.64885844707703,262.97086747169686,369800
2022-06-09,254.93980407714844,261.44522929741686,254.80545968346894,260.97505320122866,469700
2022-06-10,241.39161682128906,249.46102092078132,241.3628329204049,248.77978241206353,471500
2022-06-13,230.6643829345703,235.37554347401118,228.9468799924503,233.18787906107218,580600
2022-06-14,233.2262725830078,235.2891970386953,230.99063006935276,232.2187920605935,631400
2022-06-15,236.49815368652344,240.39373119067355,231.84457570836454,236.21030003076683,534600
2022-06-16,226.05880737304688,229.10042870955766,224.12060811629328,228.0545597996055,635100
2022-06-17,225.5790252685547,229.58014861139358,223.71758822733935,228.0545286333712,1066600
2022-06-21,232.77532958984375,233.46617261225796,229.54179596967387,232.61220126882185,579700
2022-06-22,231.34564208984375,232.8040899497484,228.22725904936976,228.8413400470908,541200
2022-06-23,229.8583984375,232.7081218091212,225.55024192225784,231.92133743438424,479000
2022-06-24,239.19435119628906,239.26152339311398,228.1504836425062,228.1504836425062,954700
2022-06-27,237.21780395507812,241.45880333720075,236.0472097092381,240.8351325554476,637700
2022-06-28,233.88832092285156,242.54303745363848,233.7731853095008,240.5088968665959,628700
2022-06-29,230.2805938720703,234.32969548558856,229.6665128740453,234.24334377668956,1000100
2022-06-30,228.05453491210938,231.45118177837847,222.16319046446378,225.48307537795807,859700
2022-07-01,228.33279418945312,231.3840048859212,224.51397862165283,226.79758444678865,563100
2022-07-05,225.78053283691406,225.87648894406195,219.56296068390606,222.24957063473676,779200
2022-07-06,224.1110076904297,227.6131859862481,220.84869038062496,224.71548431434152,780200
2022-07-07,228.62063598632812,229.18673887624087,224.35085332715212,227.29651801799142,483800
2022-07-08,226.9511260986328,229.5129960273975,224.50439178527668,229.30190430525093,494700
2022-07-11,222.02886962890625,225.684586402579,221.58750668377306,224.83062977480805,584300
2022-07-12,222.2687530517578,225.66540017372563,219.84121284578623,219.84121284578623,580200
2022-07-13,218.79534912109375,220.52245651151023,214.43921430828667,219.09279254705655,557700
2022-07-14,214.08419799804688,214.90937075250235,211.08096506032058,213.45093746064578,718900
2022-07-15,221.002197265625,222.07683530607778,213.42211925644492,218.38275972159875,586000
2022-07-18,220.85824584960938,226.5672965952998,219.62049424912877,224.88816746794242,464000
2022-07-19,228.43833923339844,229.30188556006127,224.3604539247832,224.3604539247832,642100
2022-07-20,232.2283935546875,232.44907503467024,226.19312915078856,227.70914488805212,506100
2022-07-21,235.40431213378906,235.60581407704865,229.10997881704236,231.59508648579148,601200
2022-07-22,235.13568115234375,238.6090755297534,232.73692489372465,236.85319883238898,559200
2022-07-25,236.07598876953125,237.99499377043762,234.86702088966487,237.10266347262237,635800
2022-07-26,231.7965850830078,235.12605948940075,229.6568988901302,234.14736296926466,778500
2022-07-27,246.1315460205078,247.19660891494104,235.82649957638455,236.7476283257765,1007600
2022-07-28,251.9557342529297,253.27024786916715,242.73491550994677,247.09105000807546,921900
2022-07-29,258.9888916015625,260.7063797544631,252.12842625700986,252.12842625700986,842700
2022-08-01,255.7649383544922,259.25754088560683,254.479208748044,255.93764174602538,549800
2022-08-02,253.4141845703125,258.86418088139334,253.20312213627548,253.42378896520208,747800
2022-08-03,259.12322998046875,260.975062686194,254.69993772964088,256.11998261906325,590100
2022-08-04,259.5262451171875,261.46442961364824,258.1061708846656,258.39400992018716,498900
2022-08-05,259.3623352050781,264.13393535730694,257.61757493684047,257.61757493684047,604200
2022-08-08,260.432373046875,263.30494715405837,260.00822945481605,261.5409181279928,477500
2022-08-09,261.5890808105469,262.9193465558556,259.3719908467933,259.97928863640306,409000
2022-08-10,270.77557373046875,270.9587279533233,266.900476346279,267.7005478848232,627200
2022-08-11,273.1083679199219,276.1159097536975,272.10584416945005,274.7278089969334,645700
2022-08-12,278.74755859375,278.8150132505384,272.3179501543081,274.27478238933065,674900
2022-08-15,276.01953125,277.7353740766072,274.57359529215205,275.90386108019493,355300
2022-08-16,278.6415100097656,279.77897262568325,275.01702095007533,275.7496379517516,440200
2022-08-17,277.7642822265625,279.0559814417779,274.4289983001812,274.4289983001812,423000
2022-08-18,281.3116760253906,282.42987014319345,277.253423594956,278.2270299858113,404100
2022-08-19,274.4771728515625,279.6247009408044,273.50359605114727,277.8799407041334,446100
2022-08-22,267.00653076171875,270.071937420935,266.4474484554665,269.0597645763561,413200
2022-08-23,267.3438720703125,270.82377267403035,266.82332697311494,266.82332697311494,486500
2022-08-24,267.7294921875,268.68382992241465,265.68590740993295,267.0065242095319,321000
2022-08-25,273.4264831542969,273.5710708662406,268.81876842195686,269.02119121867804,351500
2022-08-26,264.9340515136719,275.4026443023902,264.76054623979286,273.8795751179527,531300
2022-08-29,261.36737060546875,264.09535655103605,260.3551978899399,262.83257496627743,462800
2022-08-30,258.74542236328125,263.497724625893,257.5790128903599,263.1506847128526,402900
2022-08-31,258.3502197265625,261.64693740166956,258.0803128442868,259.84434185743794,682600
2022-09-01,259.47802734375,259.7961497369158,252.71105746929743,257.04886545955645,472800
2022-09-02,258.74542236328125,266.06185448436077,256.97171510577,263.0639320890028,435400
2022-09-06,258.8128967285156,261.25170762130847,255.14022161758342,261.2324390648656,462800
2022-09-07,266.8811950683594,267.20896642696727,258.54297058461407,260.2684623310819,575400
2022-09-08,272.1637268066406,272.7710246710474,264.29783094972595,264.8280251664574,458100
2022-09-09,276.2798156738281,277.1281028907486,273.53256062410645,273.53256062410645,536600
2022-09-12,278.81500244140625,280.6465448613057,277.1666436811392,277.4269015640311,419200
2022-09-13,267.710205078125,274.9398843567533,267.00650570465467,272.14441425254506,498600
2022-09-14,267.9415588378906,269.9080399372301,264.2688839335847,268.51993909271306,550100
2022-09-15,267.35357666015625,271.190108082336,265.58951823739807,268.25969892173447,498500
2022-09-16,262.4470520019531,264.1146794821521,259.2467063631787,263.7869374951902,1019000
2022-09-19,268.1151123046875,268.50068936238864,259.52624875867394,259.5937034159799,407100
2022-09-20,265.2232666015625,266.6017186932062,262.41814689524375,265.242535160187,380900
2022-09-21,260.14312744140625,268.9922475650789,260.09494134798325,268.0957744204068,397900
2022-09-22,254.9474334716797,260.9721665063451,254.41723931404405,260.7697142956782,453400
2022-09-23,248.0840301513672,252.3736517917905,243.99686071937762,251.56393121097983,455600
2022-09-26,244.03546142578125,249.29866064701054,243.57275127866666,246.84058101876957,680800
2022-09-27,243.41848754882812,248.48889736074807,240.3627448482037,247.84303306304065,581100
2022-09-28,250.07943725585938,251.62177483158132,241.85688259855868,244.52704845913854,476400
2022-09-29,244.77767944335938,247.33216050203734,240.75797911445514,246.62849047355138,573300
2022-09-30,242.8690185546875,249.1636727312623,241.8375919782244,244.0161299995088,679100
2022-10-03,252.95204162597656,253.15446442443977,242.53166544268495,246.5513656663453,637800
2022-10-04,267.6812744140625,268.15360402346437,258.4851145855697,259.50690685344233,544800
2022-10-05,266.32208251953125,268.0571936374234,262.3795012721843,263.05428305005233,407400
2022-10-06,265.1171569824219,269.0211720144221,263.9603965341639,265.8015583818604,437500
2022-10-07,262.0614318847656,262.72656481179445,257.40553081320746,262.72656481179445,679200
2022-10-10,263.06396484375,265.2136004056003,259.7190315365068,264.6544886476524,486900
2022-10-11,256.69219970703125,263.8447464563596,255.93066519700048,261.3191830169822,452900
2022-10-12,253.9063262939453,258.69719486215445,253.4821827630167,256.52829111348586,649300
2022-10-13,264.7991027832031,265.3389165600028,244.55598319145747,246.7441705520342,715100
2022-10-14,248.57565307617188,270.2165052559487,248.19972504323553,267.2764179724556,890700
2022-10-17,257.4248046875,260.55766614968803,255.01491125504765,255.22698305380925,717300
2022-10-18,258.8321533203125,266.37027615433436,257.4440526196309,264.37490713753846,555700
2022-10-19,254.77392578125,260.0660718432894,253.24123706504952,256.2391598377271,454300
2022-10-20,248.54672241210938,257.6272122344612,248.08401236297755,253.809920518812,530300
2022-10-21,257.3861999511719,257.8874470630792,247.83338136458977,248.99976124251765,549600
2022-10-24,261.8590087890625,263.3724288919474,258.6779612944983,259.81542390963153,445000
2022-10-25,268.23077392578125,268.99227902972075,259.5262404818279,260.2106419437437,830500
2022-10-26,281.9574890136719,287.7123148379386,276.31833334987044,276.9545486500694,860100
2022-10-27,289.2160949707031,290.6909483988888,284.35774215294526,284.6951330768081,709500
2022-10-28,300.9185791015625,301.0535178334811,289.67883286266493,291.39467577014693,638900
2022-10-31,297.9784851074219,301.9403650304262,296.77353844506484,298.58578293207273,774500
2022-11-01,302.7982482910156,303.8200406280975,300.16666381165834,300.3883551530601,577800
2022-11-02,297.6410217285156,307.62763253309777,297.27474274311203,301.12092213975535,562600
2022-11-03,296.8217468261719,301.56440030130955,290.31503500587354,293.57318599173664,652700
2022-11-04,303.7905578613281,309.11393408151594,299.1640611641943,301.5257067957911,634500
2022-11-07,307.7491455078125,308.726720204878,303.1226497869984,305.8133727453372,352400
2022-11-08,309.9656066894531,312.63698249420185,306.2005145722516,308.8331666520995,509400
2022-11-09,304.8938903808594,310.93349178880413,303.91631570952376,306.1327837347339,426700
2022-11-10,320.91241455078125,323.03208814385266,314.28238675927025,318.9863300540141,899700
2022-11-11,320.5252380371094,328.5103001960778,319.9541886514584,323.5450386366755,1073700
2022-11-14,310.2560119628906,319.0734735137041,310.15924694099755,318.14431072564196,955700
2022-11-15,313.0338439941406,318.2700836176235,310.1204963710071,314.98896396050884,682600
2022-11-16,310.4205627441406,312.86931443353365,307.4007615582151,311.18520135774105,676500
2022-11-17,311.24322509765625,311.4658200573008,305.1164878737464,306.4618640974577,756100
2022-11-18,318.1442565917969,318.2216745036488,311.9013777892202,316.97309283562396,729500
2022-11-21,315.22125244140625,317.6409685702015,313.43065659858763,317.3409261332349,546700
2022-11-22,319.8089599609375,321.51241952754094,317.1085492873306,317.4569741290648,428500
2022-11-23,321.9190368652344,323.1385536979406,318.90889466782943,318.90889466782943,397600
2022-11-25,321.7351379394531,323.2740738482968,319.85743586607276,320.65110984297587,164000
2022-11-28,315.2890319824219,320.88341485267233,314.52439336573343,318.1249323798514,546700
2022-11-29,314.0597839355469,317.07958472205866,312.2691882209343,313.1499683732583,452900
2022-11-30,321.2899169921875,322.55784587118404,311.1948389298586,314.69861266967706,1304800
2022-12-01,320.3026123046875,322.1028962166918,317.26346462400306,321.2124278071167,448000
2022-12-02,319.5767517089844,320.61239733429164,315.9375186202493,315.9375186202493,387600
2022-12-05,310.8560791015625,316.6730561119333,309.31711377699173,316.42142574073796,402900
2022-12-06,311.4657897949219,313.4015623344492,308.0201170375669,310.6527688728258,405000
2022-12-07,311.659423828125,315.4148278226208,309.1138778453843,310.53667204871033,521500
2022-12-08,312.71441650390625,316.0826718425169,311.56262931358606,314.60180681746937,481400
2022-12-09,310.730224609375,313.8855138474943,308.73638120344623,311.3980685163414,424200
2022-12-12,315.501953125,316.5375987346722,309.704322634256,311.01094573588915,582300
2022-12-13,314.3598327636719,322.79011505424506,309.50102412179257,322.79011505424506,570500
2022-12-14,311.5917053222656,318.1443160724287,309.7333797149101,313.52747839350025,538000
2022-12-15,304.4100036621094,307.59432909613383,302.4161597624422,306.8684141946758,552900
2022-12-16,302.1548156738281,302.8129714379088,297.9638799146238,299.63830473978345,1249500
2022-12-19,296.7249755859375,301.96124516941813,295.3892874710595,301.2740244776722,642400
2022-12-20,298.14776611328125,299.580219231087,295.55380784141164,298.109042382717,501200
2022-12-21,302.97747802734375,304.64224381364147,299.9189534647248,301.7095492087881,623300
2022-12-22,298.0316162109375,300.3255024293895,294.7795022972396,299.66731717822074,470700
2022-12-23,298.370361328125,300.9449429678658,296.52169456486007,297.8670709806204,464200
2022-12-27,298.4961853027344,300.7804127610165,296.7346248155293,298.8930223050752,291700
2022-12-28,294.76983642578125,299.802858291212,294.6053122536247,298.4284463963075,275800
2022-12-29,302.2806396484375,302.72585918146814,296.88950459040774,296.918540004789,324500
2022-12-30,301.37078857421875,302.4064341281798,298.49616473767077,299.0091433565642,377500
2023-01-03,300.6836242675781,305.9489292016681,298.3413259361237,303.43241838885933,376200
2023-01-04,302.8323059082031,306.07473130229045,300.58680233893466,302.7258230431481,462300
2023-01-05,298.8349609375,303.57759894446326,296.81208166950626,301.8741387668409,497800
2023-01-06,310.9625549316406,312.7531507570083,302.56130770335284,302.56130770335284,568200
2023-01-09,310.90447998046875,315.63742925990357,310.2656713926675,313.9049338186082,401200
2023-01-10,309.5010070800781,310.6915179224569,307.6910643340764,310.6915179224569,383400
2023-01-11,319.3928527832031,319.3928527832031,310.072101176001,312.3079461382491,669400
2023-01-12,320.5349426269531,323.0223881530225,317.96036133441174,320.4865305858522,743400
2023-01-13,322.4803466796875,323.157878897005,316.79885888927043,318.0861641946646,367300
2023-01-17,325.4808044433594,325.9840946868648,322.18999692418686,322.7223225752494,572500
2023-01-18,317.66033935546875,326.7294305132329,317.2150903289307,325.50019583840157,459500
2023-01-19,312.7918395996094,314.3017399178595,309.7623506477527,313.18864700356437,574300
2023-01-20,322.54815673828125,323.19665365082625,313.662966291337,314.737306063739,621000
2023-01-23,327.6585693359375,328.81035647109076,322.22874101668447,323.4192223393294,585200
2023-01-24,330.04925537109375,332.6819075045293,323.9128592702836,323.9128592702836,561300
2023-01-25,331.9947814941406,332.74973183647995,325.40347632206766,326.22615627569786,681600
2023-01-26,336.2049865722656,341.0057241098011,331.98501628670215,338.0246176266084,762400
2023-01-27,333.3884582519531,338.2278899029465,333.2045574862116,336.51471219446495,506700
2023-01-30,332.4302673339844,334.6564238612961,330.7848781138496,331.0461968182842,537900
2023-01-31,338.8763427734375,339.0215198092762,329.5555930845042,333.1755078908392,597200
2023-02-01,343.144775390625,345.3128315452476,336.7083365284268,338.40213778361317,651000
2023-02-02,336.5437927246094,344.2868844043453,336.06953781124173,343.59969328828294,580200
2023-02-03,342.7285461425781,342.91244690333576,333.4658671245934,333.4658671245934,561100
2023-02-06,339.7572021484375,342.3027484086673,337.69559914566423,339.9217558524958,389300
2023-02-07,341.9833068847656,342.9415345572087,335.3242729105177,337.12452753214035,504500
2023-02-08,341.37353515625,344.0545697726766,337.9568974452241,339.263520417144,435000
2023-02-09,338.2652893066406,346.64786245352445,337.7407634008946,343.7921531171152,388100
2023-02-10,339.7028503417969,340.3536240732776,335.5261184894315,336.2060605433946,340800
2023-02-13,345.14227294921875,345.82221501253184,339.0131901755245,339.6931322388376,366300
2023-02-14,342.6266174316406,347.2112919717975,339.469797854952,340.3051562955569,335200
2023-02-15,340.2565002441406,343.24820984220594,339.3823101666924,340.0233907948492,422000
2023-02-16,339.4503479003906,342.51002833164586,334.38973209415025,336.4974994310246,310700
2023-02-17,341.4027099609375,342.62656428076247,336.1089553272692,337.420255338074,511700
2023-02-21,330.7181091308594,339.34348576513923,328.4452028242645,337.3814118532775,417900
2023-02-22,329.6107177734375,332.6703976237559,327.3863664787336,330.8734630232821,451900
2023-02-23,329.367919921875,334.9433384369765,326.19168502484996,332.60246182529704,415900
2023-02-24,330.0478515625,332.0487867028515,324.18101677177935,326.5996162202632,363900
2023-02-27,330.0964050292969,334.6130784202403,329.78557267158163,333.4766402235888,370600
2023-02-28,333.0395202636719,336.5071713953763,330.64033680256875,331.1940013649628,633400
2023-03-01,333.4474792480469,336.1089107318503,331.95162456383616,332.1459021850699,348200
2023-03-02,331.12603759765625,333.26297317355403,326.97847359649046,331.0386215480887,535300
2023-03-03,335.0404968261719,335.6135773653244,330.40726827855127,332.621897159771,470700
2023-03-06,333.8748779296875,336.4391706921895,332.8938263007122,334.77820665042094,506500
2023-03-07,327.5612487792969,335.8563760694297,326.36650358590356,333.369776508755,544900
2023-03-08,327.3087158203125,332.27219250138677,325.96827713323995,328.29946067298886,743400
2023-03-09,306.5319519042969,327.96918719008306,305.26923622971077,325.78369723149615,832900
2023-03-10,293.13739013671875,303.5694542152414,292.23403162931675,302.21932230591773,1010500
2023-03-13,278.5965576171875,284.97819549915715,267.2028591367717,284.5993630059548,1375800
2023-03-14,289.17431640625,289.84453571376156,282.28759811267975,286.67802367986917,1293800
2023-03-15,275.4106140136719,278.7714038225434,270.1654437030234,277.2949945154488,926300
2023-03-16,279.8204040527344,282.8898067976479,267.3388519556649,272.4577443601854,933800
2023-03-17,273.3611145019531,279.169672617647,270.0197403565343,279.169672617647,2111100
2023-03-20,279.5581359863281,280.2283552211769,274.6140760145815,275.82823699907533,757700
2023-03-21,293.31219482421875,293.6035816428446,287.17338894258125,288.4166887730617,1028100
2023-03-22,287.7464904785156,297.27522549789927,287.5522424661032,292.4283033239974,1096100
2023-03-23,288.64007568359375,295.6724868541585,287.53274660043905,287.7270242214637,1242100
2023-03-24,283.0841369628906,283.5503855720695,275.55633692485884,283.0744141868838,920000
2023-03-27,289.6794128417969,293.91439238816236,287.2607838547137,290.05821567814235,710000
2023-03-28,290.767333984375,291.7483560900922,288.2030112673064,289.1355084240265,648300
2023-03-29,292.9916687011719,293.0693619717716,289.0383528954467,293.0693619717716,511100
2023-03-30,292.0106201171875,296.4981550178844,290.75759750121165,295.9153517330626,446300
2023-03-31,297.7122802734375,297.9356965710809,293.39957798550705,295.5170676771424,511800
2023-04-03,297.4889221191406,299.9075514857932,295.26460005211436,298.13972559180195,399000
2023-04-04,291.6221008300781,300.5097547788257,288.1933108281584,299.7618125173389,523900
2023-04-05,289.9319763183594,289.9999764608485,286.43521572176735,287.8242090420609,736300
2023-04-06,288.7955017089844,292.2631528286691,287.8921729898543,290.27191089431324,430800
2023-04-10,293.3996276855469,293.54532110321,286.58090895544285,287.6979313476705,371400
2023-04-11,297.1003723144531,299.3247238434055,294.4583564637089,295.75993366069673,342400
2023-04-12,296.2164611816406,300.5680254445235,294.20583283178553,299.26644823987965,529000
2023-04-13,299.5189514160156,300.500003044926,294.55547519679664,296.31357805244915,307400
2023-04-14,300.5582580566406,304.7252668335204,299.1012648828815,303.3556896930745,381800
2023-04-17,302.6758117675781,302.69525731861035,295.75995411479926,298.7225253142081,586400
2023-04-18,306.58056640625,306.6485665481235,301.64619865710023,303.28774698171736,508800
2023-04-19,306.9107971191406,308.8437321659229,303.65683933956706,303.65683933956706,342900
2023-04-20,306.706787109375,307.4255609257488,303.9773555907315,303.9773555907315,537600
2023-04-21,305.0943908691406,307.30901941175426,300.9176591222775,305.92002630163944,571200
2023-04-24,303.9385681152344,305.5218391653918,300.1212521694324,304.66706488241533,651900
2023-04-25,281.6950988769531,291.34038757203035,281.2288503417215,291.20438729994424,1292700
2023-04-26,284.1234436035156,286.23121084706526,280.32554381242466,280.36440527075865,882600
2023-04-27,293.7395935058594,294.3223968087046,285.48329736960613,286.22151686271724,732000
2023-04-28,296.3718566894531,297.15863069376627,292.0397382786196,292.0397382786196,594200
2023-05-01,293.9046936035156,298.6739221908127,293.6327226897389,297.83859354228645,517400
2023-05-02,285.7649230957031,293.17613637658167,282.63724341173776,293.17613637658167,487600
2023-05-03,280.54888916015625,290.41759349759434,280.06322475167565,286.8722492442066,489400
2023-05-04,273.9341735839844,278.4120153559053,271.82640641023204,277.33382483174563,1024500
2023-05-05,284.19195556640625,286.66123683144696,277.39899714859854,277.39899714859854,709000
2023-05-08,286.6416931152344,288.5058583200835,282.347295315852,288.4960887802879,647300
2023-05-09,286.44647216796875,287.7445699429716,282.58151724662173,283.78200898223486,471200
2023-05-10,283.8796081542969,290.7702019271032,280.97114452787645,290.0577105457374,483500
2023-05-11,283.6063232421875,283.74297766258246,279.70231971341514,280.71736897074726,332800
2023-05-12,286.29034423828125,286.5929319337568,283.22571675770484,286.05611354262027,525700
2023-05-15,291.6973876953125,291.9706667591635,287.7055475409394,288.0569233574244,525000
2023-05-16,287.35418701171875,292.0389792371401,286.53432007634655,289.4037649946015,508400
2023-05-17,293.9129333496094,295.2500498534964,288.8962742897169,290.4578817294009,417000
2023-05-18,296.4114990234375,297.27035483580903,292.2342161686543,294.13740014101796,398400
2023-05-19,296.577392578125,299.5444436926006,293.7177170523427,298.1975576674379,453400
2023-05-22,296.71405029296875,299.39805283267043,294.9572307595079,296.8018868018641,480900
2023-05-23,293.1907043457031,297.56319969605477,292.9759829270433,295.4550338906274,464200
2023-05-24,285.99755859375,291.58028524661563,284.8653939119593,291.58028524661563,544100
2023-05-25,298.353759765625,298.7832026052703,285.62669788698526,285.62669788698526,920700
2023-05-26,301.7111511230469,302.6090552360494,298.7733789982653,299.8079375287844,638800
2023-05-30,302.02349853515625,304.2877980472637,298.48061040732114,303.35084549793703,624600
2023-05-31,291.3070068359375,299.6225242671602,288.5546769886704,299.0857356548683,2094500
2023-06-01,296.44073486328125,297.8168995708723,292.3512891125111,293.0247320499531,587600
2023-06-02,305.6834716796875,307.5085884650218,297.81690737760147,300.17881270502875,529500
2023-06-05,304.2488098144531,306.2495999987907,302.57008686242625,303.74127021965285,507900
2023-06-06,305.4590148925781,307.8892476980155,302.2382237098253,303.17517627086863,432600
2023-06-07,309.5289611816406,311.3052603060467,304.5708595862068,305.99581265914327,518100
2023-06-08,306.96209716796875,308.8360024883985,302.3748803577296,308.1430500886179,471400
2023-06-09,306.805908203125,308.29918848280556,303.53629902507816,307.4403028710599,375600
2023-06-12,305.1369323730469,307.8209348190213,303.6631614987259,306.71804904831885,400000
2023-06-13,309.98760986328125,311.75419877104775,303.6826528302701,304.7855385357342,473200
2023-06-14,311.2759704589844,314.2625309315884,308.5529493008472,311.67613441579533,470900
2023-06-15,317.77618408203125,319.23041614175276,310.02673322109746,310.02673322109746,545600
2023-06-16,317.2003173828125,322.080322265625,316.2633647851646,322.080322265625,937400
2023-06-20,314.3992004394531,315.51182606830827,309.32398342959783,314.282085087488,502500
2023-06-21,313.5890808105469,319.0156434932438,313.1401287313093,313.8428505786822,613100
2023-06-22,312.9351806640625,315.6777408745004,309.08973464515685,312.4471802026297,538600
2023-06-23,309.4118347167969,311.9201645034963,308.0161603972637,309.0116707216855,1510800
2023-06-26,312.2422790527344,314.86769455920654,309.10929413624694,309.5485065369326,427900
2023-06-27,318.28363037109375,319.2694007840016,312.43739467356073,312.43739467356073,426700
2023-06-28,317.5809631347656,318.69358872847914,314.5846330724877,317.61998172739754,534500
2023-06-29,323.63214111328125,324.1103720322677,318.89853069973367,319.2596462740854,443600
2023-06-30,324.1884765625,326.62847891820417,322.441426535964,326.62847891820417,499400
2023-07-03,327.0383605957031,328.5511798254044,323.0562901250202,323.0660596650439,244800
2023-07-05,324.0323181152344,325.59392560535696,322.14864341439454,324.2275302209443,551700
2023-07-06,320.7529602050781,321.4849609032011,318.0006304316913,320.3625360045981,569700
2023-07-07,324.6374206542969,325.9940762275178,319.42557932519867,319.42557932519867,465300
2023-07-10,326.2966613769531,330.0347321004228,322.8903976339812,324.47154427309476,337300
2023-07-11,329.185546875,329.68331681160015,327.4092182800409,327.7215456828166,388900
2023-07-12,329.9566345214844,334.2998206963113,329.57597987000827,332.92365584011804,457000
2023-07-13,333.6947326660156,334.2120119995284,330.0444984931214,330.72768131530034,332200
2023-07-14,331.1668701171875,335.74431681942997,330.4739178031386,335.74431681942997,316100
2023-07-17,334.7683410644531,336.7886702712169,330.06400912320754,330.06400912320754,451900
2023-07-18,344.0012512207031,345.1236462410673,335.5978981998343,335.71501353619476,585500
2023-07-19,344.01104736328125,346.4315403809125,342.791046206545,344.48927828546283,419200
2023-07-20,348.334716796875,348.44209238464646,343.32782739205373,344.3233673769838,507600
2023-07-21,345.37744140625,349.2033781249048,344.42097956547457,349.2033781249048,414800
2023-07-24,346.4608154296875,349.0276728158443,345.445766138528,345.6507179907674,305400
2023-07-25,346.1679992675781,348.2956741254126,344.0012760330796,346.4900962509841,298000
2023-07-26,345.9727783203125,349.4277997470643,343.37661258797255,345.37740233711156,670000
2023-07-27,340.1363525390625,347.84675457358486,338.2916963302678,347.84675457358486,816900
2023-07-28,336.9252624511719,344.69425106285667,336.44703154128587,344.323365955115,669200
2023-07-31,340.0875244140625,342.2932661869707,337.2766370655662,338.3892625996556,450600
2023-08-01,340.63409423828125,341.36609493605573,338.25264958537355,338.25264958537355,353600
2023-08-02,339.4140930175781,340.9952097588724,336.73009045952836,337.83297627628383,353400
2023-08-03,344.0305480957031,346.0508771094138,336.4079834409662,337.4230327179564,422700
2023-08-04,337.8777160644531,346.41138902158724,337.55441062426013,342.61974845174007,494500
2023-08-07,342.4531555175781,344.7065760540265,340.76797871564133,341.1010912358304,336100
2023-08-08,340.03314208984375,341.13046088630995,334.5563253076885,337.2898450986783,349500
2023-08-09,336.3002624511719,340.532803155981,336.2316725560276,338.52429129620936,344400
2023-08-10,335.8496398925781,341.326457215961,334.88947090093745,338.03447060154855,414000
2023-08-11,337.4564208984375,338.9358579447611,333.04753106208574,334.60533521629964,327900
2023-08-14,337.1037292480469,339.20038578796016,334.4877747490444,337.13312065142003,410700
2023-08-15,329.8143310546875,334.43876744658144,328.2956956246892,334.2820033435025,387600
2023-08-16,327.0024719238281,331.7052758175816,327.0024719238281,328.84441291711926,305300
2023-08-17,323.8182678222656,330.1278813702067,323.72028651381737,328.63863724106693,304800
2023-08-18,325.6405944824219,326.32643374165536,320.3597398252347,320.3597398252347,345200
2023-08-21,326.30682373046875,328.2271617211038,324.16116161724426,327.3943654383965,296800
2023-08-22,321.9959411621094,327.9724427378702,320.9966034821101,327.188651996659,299300
2023-08-23,326.6791076660156,327.6196922812457,322.82868470269636,323.0638159066562,277100
2023-08-24,326.23822021484375,330.6666937644813,325.0429201554703,326.4341529083694,229300
2023-08-25,327.3649597167969,328.9031795023208,324.45509135488396,327.97240195064796,270200
2023-08-28,329.4714050292969,331.8032224301631,327.75683692862407,328.39367052893505,249900
2023-08-29,333.5374450683594,333.5864506785153,326.9045252688648,329.40288449607993,349200
2023-08-30,333.2532653808594,334.8600450693549,332.62620898555747,333.53737227901684,250700
2023-08-31,330.7450866699219,334.9188450536842,329.65757492186896,334.1938372216489,553900
2023-09-01,335.37933349609375,337.67195251914967,331.81304720457223,332.43026663794785,281200
2023-09-05,333.4394226074219,337.86792659513685,332.9887444678597,334.83068542915385,397100
2023-09-06,332.8320007324219,334.4583948744266,330.99005965835147,331.8032716792035,304300
2023-09-07,333.5668029785156,335.0070415377331,330.4903931382357,331.71508477363494,438700
2023-09-08,338.0638427734375,338.5831107935304,332.6066399621693,333.7235431055199,415000
2023-09-11,336.5647888183594,342.91359994698155,335.8005825630367,341.2382304448689,430600
2023-09-12,340.1703186035156,341.92405528107,334.69347197456693,335.78101356035285,402000
2023-09-13,338.1324768066406,342.1984472945987,336.8685865928961,341.551806485234,408900
2023-09-14,342.7176513671875,343.22714215802347,338.28917774503304,341.4047856902615,462400
2023-09-15,340.09197998046875,343.83464497444254,339.6511089103093,340.8267949971008,1086000
2023-09-18,340.0527648925781,340.189944707516,336.16314306488476,339.0632343835611,379300
2023-09-19,340.1507263183594,342.9038305601729,338.9848175583377,340.4348631329074,456100
2023-09-20,338.00506591796875,343.00181349904994,337.71115190130956,341.40481090924334,330800
2023-09-21,330.4022216796875,335.9280148367789,330.3434388726747,335.9280148367789,387100
2023-09-22,326.7379150390625,331.02923923222727,326.3068211995858,330.6961267016676,369300
2023-09-25,328.8738098144531,329.54981209698417,325.26829487599645,325.35646908676136,271700
2023-09-26,321.2904968261719,327.188630907524,320.8496257750448,325.6993867356326,407600
2023-09-27,320.3303527832031,322.7307304238008,318.47860469788407,322.11348106202786,438000
2023-09-28,323.6615295410156,326.06190734124306,319.73270898634036,320.01684583360884,427500
2023-09-29,323.0050354003906,327.45312340496884,321.8391266729812,325.4936169588616,344700
2023-10-02,319.26239013671875,321.86853745493346,314.6183691477084,320.6144544498983,447200
2023-10-03,310.64056396484375,316.0096225544942,308.23037933468413,315.9116412492673,504700
2023-10-04,311.6693115234375,312.0514296667213,307.936453799149,310.42503558190737,635600
2023-10-05,315.7843017578125,316.52892387622313,310.1115214550621,310.89534207962583,342600
2023-10-06,319.8306884765625,321.52567254925947,312.04163732304073,313.65825428299024,300900
2023-10-09,319.64453125,320.30097915203635,315.9410647735742,315.9508718750029,308500
2023-10-10,322.2507019042969,324.56290563041443,320.2618036518578,321.5648625484069,314000
2023-10-11,322.67193603515625,324.4158956472365,319.64450204057465,322.30943211181267,283200
2023-10-12,318.78228759765625,323.62227070194433,315.6862639589019,323.62227070194433,417000
2023-10-13,318.3316345214844,322.9266796917009,315.9018356786944,321.15332868738324,454700
2023-10-16,324.0044250488281,328.34472494875206,320.2617603041079,322.446591005581,664300
2023-10-17,328.2761535644531,331.2448050054495,324.2591588678018,324.2591588678018,459900
2023-10-18,317.0089416503906,327.296350206593,316.8717917508158,326.1696400113288,562900
2023-10-19,310.1800537109375,318.439365790293,309.4648231301608,316.4602751430713,513900
2023-10-20,305.8691711425781,310.1017123811037,302.34205344380683,310.1017123811037,1356900
2023-10-23,305.04620361328125,309.3277208581,302.4694475854699,304.1350401972738,509800
2023-10-24,307.1428527832031,309.22973209842485,305.3107188941618,307.5445552246038,476200
2023-10-25,300.9214172363281,306.1728801243675,300.42173352806265,305.1343441069613,541300
2023-10-26,309.93511962890625,319.6542844011066,301.3426949416616,301.3426949416616,995600
2023-10-27,304.2721862792969,310.1702904555171,303.2140658578683,309.45508967333706,596900
2023-10-30,309.4452819824219,311.5223542166098,305.0853976907685,306.9763144039963,413800
2023-10-31,308.20098876953125,310.5817820045538,304.8110209775991,309.5138545439844,629900
2023-11-01,311.10107421875,313.42308483092745,307.35840931572784,309.3669215855324,421100
2023-11-02,324.66082763671875,324.80778464335975,314.77512099405016,314.77512099405016,621900
2023-11-03,330.2879333496094,334.7345526177944,328.82213895651586,328.86149780563403,708100
2023-11-06,327.7596740722656,331.8816051488261,323.8147827530085,330.7601331912093,453500
2023-11-07,327.54327392578125,329.5894838270379,326.3037253188431,327.54327392578125,427600
2023-11-08,326.9431457519531,328.38927570516904,325.7429560627399,327.46453791075857,335900
2023-11-09,326.4512634277344,329.62882242908694,325.1428744401214,329.2254767957013,263000
2023-11-10,330.89788818359375,331.67506790337643,325.8118598169082,328.0941929052275,378500
2023-11-13,329.6878662109375,331.30121882289444,328.5368525004141,329.01891586017507,511800
2023-11-14,336.879150390625,340.4502079543363,332.5112487449954,335.0100103221993,498900
2023-11-15,337.8924255371094,339.5549841945202,336.6528769465648,338.4039705001565,581700
2023-11-16,338.61053466796875,340.92234890791815,337.39065066178904,338.0202720871724,463800
2023-11-17,342.1816101074219,342.9587897823658,340.9716031688449,340.9716031688449,414900
2023-11-20,343.8048095703125,345.82150763780413,338.3941239997701,340.3616460254219,425400
2023-11-21,342.3094787597656,344.4836122466187,341.79793383333174,342.6144422765633,324900
2023-11-22,344.82794189453125,345.2903108284087,342.80139636017674,344.33606132751305,321200
2023-11-24,345.71331787109375,347.7398632116432,342.9587689460137,345.3886599155858,211300
2023-11-27,343.7950134277344,344.18851188692264,341.77831506063967,344.18851188692264,373200
2023-11-28,339.9288024902344,343.94253437479034,339.82057316301587,343.371966174017,542200
2023-11-29,342.69317626953125,345.172243369082,340.34197289116713,341.7290796087032,441900
2023-11-30,347.7693786621094,347.9464484459655,342.09305818512644,343.9523809816299,1166200
2023-12-01,350.5042419433594,352.3242059371619,346.4904799435998,347.4447293875715,676300
2023-12-04,347.9956359863281,351.9405275372536,346.9135228123437,348.06450646743787,739100
2023-12-05,346.83477783203125,347.5824458035427,344.2474815830408,346.6773724684497,372700
2023-12-06,344.4541320800781,351.3207654659059,344.2180089969217,349.55982465948,393800
2023-12-07,347.0020751953125,347.277527111628,344.68038331036144,345.57560954388856,449100
2023-12-08,351.7732849121094,352.4422652844102,346.59872188247226,346.59872188247226,418100
2023-12-11,359.4958190917969,360.8140553907462,353.06204297898546,353.2686244081474,592800
2023-12-12,364.2178649902344,364.36542314359303,359.50564114628224,360.1745914561781,511500
2023-12-13,365.7427062988281,367.59218199938357,362.67337642216444,364.9753738296622,971500
2023-12-14,373.8095397949219,374.1145033229103,365.5656172775449,367.7102091911427,785700
2023-12-15,371.714111328125,373.45535754395104,369.6875660073318,370.72050308041423,1214300
2023-12-18,370.01220703125,371.76330052638673,368.1135553807376,371.50754306440393,437600
2023-12-19,375.42291259765625,376.01317527215014,370.17947905468407,370.6221535440494,438000
2023-12-20,366.7264709472656,375.2359986734331,366.6084244157962,371.97975175170427,472300
2023-12-21,369.9236755371094,370.9369482426731,366.1165249834087,368.1430703945362,400200
2023-12-22,369.943359375,373.38652331554863,369.16620970140696,371.8223467280545,272400
2023-12-26,372.10760498046875,373.06185436860875,369.9531659497402,370.0318836434858,204400
2023-12-27,373.85870361328125,374.03577339367655,370.75001515099086,372.19614506822717,221100
2023-12-28,374.9605712890625,377.54786802038615,374.3998202058917,377.36095099266254,294100
2023-12-29,373.6619567871094,376.5247051247385,373.35699325490197,375.5704556788621,316900
2024-01-02,372.8749694824219,373.46523214832746,370.425413944221,372.7372585395142,540600
2024-01-03,374.3604736328125,380.0564290329504,374.1932210288775,374.9113774709397,728500
2024-01-04,372.88482666015625,379.35796167786674,372.6979096439269,373.13076694235207,411800
2024-01-05,375.89508056640625,377.8921141767297,370.7204881480695,371.85180728302066,424300
2024-01-08,378.1971130371094,378.24628908244233,372.3535698040775,376.11154434529436,435900
2024-01-09,369.8056335449219,377.12481842858114,367.93649348539725,376.02301081547216,513600
2024-01-10,371.8518371582031,372.05844859870024,368.39885621824726,370.2483018109447,304500
2024-01-11,372.1272888183594,372.72739868198187,368.16273291057666,372.3535646721851,422400
2024-01-12,370.2877197265625,375.63938320158695,368.9006127942702,374.28178790521537,354100
2024-01-16,367.4053039550781,367.8480085127867,363.18495991602515,367.2872574122252,813800
2024-01-17,366.0181579589844,370.3073720308182,362.42743589448094,363.14559231618426,501100
2024-01-18,368.7923583984375,368.9104049244924,363.29313756500375,366.1657031056926,519300
2024-01-19,375.47210693359375,376.0525223717399,367.9856694570868,371.49770373967146,1231800
2024-01-22,380.82373046875,382.3780897597206,376.44601175411617,376.44601175411617,476400
2024-01-23,381.5025329589844,381.66978555145306,378.6004558003079,381.2270810588048,422500
2024-01-24,383.1355895996094,387.20837496416993,382.6732206817294,384.6407428817282,577000
2024-01-25,385.0244140625,396.1113905619231,364.1096440158704,364.1096440158704,1251000
2024-01-26,385.0440673828125,389.02831763213743,383.3519971828878,387.04110110522316,497200
2024-01-29,386.726318359375,386.9230825916113,382.2010412380073,383.7947294442985,591600
2024-01-30,387.1591796875,388.1036119856687,385.0736109008899,385.15232860340745,390200
2024-01-31,380.5483093261719,389.9137346115059,380.4499572295841,386.0770721623494,581300
2024-02-01,379.7514343261719,383.3716978508732,371.92070467920814,381.0598533508888,391600
2024-02-02,384.3456115722656,386.2836220645684,375.7868783272318,379.5054939393351,322800
2024-02-05,383.7356872558594,384.51283688425366,379.2989152291799,381.5123776336555,395200
2024-02-06,381.74847412109375,386.08686407557786,379.83015803314186,383.73569071175865,365000
2024-02-07,385.0047302246094,386.7853654383488,380.4302471076044,382.77160333240425,423900
2024-02-08,389.76287841796875,389.95044243536233,383.109386830196,384.9356506108602,329200
2024-02-09,391.8458251953125,393.0896644741173,387.9070409803336,389.5753545722162,306800
2024-02-12,392.2702941894531,397.1666309314532,388.8942020869423,392.0531163838118,415700
2024-02-13,384.88629150390625,391.3423375550755,380.8092897764523,387.5417411925714,405300
2024-02-14,386.33740234375,388.5289128121387,384.5012874213862,387.3936775522543,329100
2024-02-15,392.724365234375,394.6098565274276,386.28805165029513,388.6967398897814,306500
2024-02-16,392.69476318359375,395.6167972792193,390.8389157456819,391.90504215154306,299100
2024-02-20,391.6878662109375,392.98105172947606,385.2910173675811,389.14099026342865,359400
2024-02-21,390.28607177734375,392.0827217558278,387.66023580992993,391.608901190725,466400
2024-02-22,398.1537780761719,398.5684011854437,391.8655334460381,393.07975886340364,341100
2024-02-23,401.8951416015625,403.05013943476814,398.8250688509347,399.8023538533915,319000
2024-02-26,402.6947937011719,405.43911516568414,398.4993363826162,400.5822732109585,517500
2024-02-27,403.4647521972656,405.33051106718267,399.7530271910351,402.94155523456703,362600
2024-02-28,405.3699645996094,408.0352954072031,402.0629516268156,402.71448496891804,354200
2024-02-29,402.1320495605469,407.2455938909235,399.9504204725183,406.9099609639902,789700
2024-03-01,405.32061767578125,405.63651812993254,398.8546902988508,402.43810887794564,442300
2024-03-04,407.0876770019531,409.3285338414069,401.7767170522202,404.2051379141312,436200
2024-03-05,407.2949523925781,412.07283381364635,404.3038396183541,404.3038396183541,419500
2024-03-06,410.13800048828125,410.3452969844237,405.893197276616,409.249556807459,357900
2024-03-07,407.4825439453125,413.8596304314909,406.7026740568119,411.658268647873,589200
2024-03-08,406.722412109375,411.33246203221256,405.3502364406298,407.69969714261674,371800
2024-03-11,406.406494140625,407.7687884470081,402.26038365388723,405.06393231479655,395300
2024-03-12,407.6898193359375,409.1705688539993,404.8270429595365,407.9464922260312,274000
2024-03-13,411.40155029296875,411.9148659171077,407.9958145509116,408.3709425602888,430100
2024-03-14,408.63751220703125,413.435126085182,405.01459853955754,413.435126085182,508000
2024-03-15,414.10638427734375,416.4361124261869,405.12319498884784,405.12319498884784,1263500
2024-03-18,418.91387939453125,422.2505063308773,413.09948551432973,415.11331321498636,695000
2024-03-19,423.4844665527344,423.7115256498318,419.565415088982,419.565415088982,613900
2024-03-20,425.59698486328125,428.2327018473215,419.910897694054,422.7934363634325,629700
2024-03-21,430.13800048828125,431.61874999936475,424.1952398365401,425.46869285133124,543800
2024-03-22,424.63946533203125,430.8783636680068,424.27421861592467,430.8783636680068,445100
2024-03-25,425.97210693359375,427.56143009369794,423.54365633203184,423.54365633203184,515100
2024-03-26,425.68585205078125,428.6374696402724,425.3304565181689,426.13008893506554,354500
2024-03-27,430.3847961425781,432.378861324357,425.33047912451536,429.9306779308857,488700
2024-03-28,432.8132019042969,434.9849798494012,429.6937527312948,432.53679654091314,446300
2024-04-01,429.24951171875,432.625633741748,428.1241577950339,432.1715456761029,434300
2024-04-02,427.6404724121094,430.4834861779885,425.63652593816596,429.0916081433047,523100
2024-04-03,430.6216735839844,432.6256199167248,426.1300790841632,427.7885111955503,374400
2024-04-04,423.38580322265625,435.014621975228,423.2278529867286,434.73821659383634,419500
2024-04-05,429.22979736328125,430.0392809988625,424.4519158540782,424.4519158540782,295600
2024-04-08,430.17742919921875,432.23075188540156,428.410423288902,429.8319451098214,288900
2024-04-09,424.0767822265625,433.22780330644235,421.65824278143054,431.7470538039807,376900
2024-04-10,420.51312255859375,425.4588053681507,418.4301859444413,420.46374616671926,473300
2024-04-11,417.05804443359375,422.1616775196444,415.5476811447138,419.67402919852617,467600
2024-04-12,408.3907165527344,416.110334240083,407.2456000122602,414.39267449233427,630600
2024-04-15,405.9030456542969,418.11428837581303,403.9385942915283,414.94549288150534,589000
2024-04-16,405.5772705078125,408.65722446869376,403.5239477832757,406.13996251533763,583200
2024-04-17,406.4854736328125,410.9277221699853,405.93266289159396,408.75597429403416,518300
2024-04-18,407.3344421386719,411.0758109147622,405.27126815158306,408.36110354344663,365800
2024-04-19,411.6582336425781,412.5565586021223,406.3275114539929,409.00275385170715,1159100
2024-04-22,415.9721374511719,419.76285240197086,409.17054723054076,414.5901106658688,538100
2024-04-23,402.4578552246094,418.14391300027887,397.5319047345506,414.7184445302453,992000
2024-04-24,407.5614929199219,409.92083500386883,400.8290411745031,400.8290411745031,675500
2024-04-25,405.63653564453125,407.1468989816202,396.5348605320418,404.669101759143,652400
2024-04-26,404.74810791015625,407.1765288345312,403.32658587492995,403.32658587492995,454200
2024-04-29,411.0067138671875,414.5901325205685,406.07088214097155,406.07088214097155,395500
2024-04-30,406.5052185058594,410.68091266803856,405.92279400483915,409.56544005647925,507700
2024-05-01,408.1340637207031,415.24167358801583,403.9583391579161,406.5052452461726,490500
2024-05-02,411.1350402832031,412.78359116902675,406.7618705847488,410.26632910043185,295700
2024-05-03,415.0482482910156,416.49464255833595,410.5009692590017,413.7108150600328,279700
2024-05-06,421.0022277832031,421.3489741882311,417.55465728375606,418.1688782240778,436000
2024-05-07,420.9130859375,422.98361767259456,420.06110982163574,422.05236968391995,398200
2024-05-08,421.97314453125,423.3105777785892,419.5261468881031,420.2691619995846,352000
2024-05-09,426.0250549316406,426.29252949087373,421.1112567359138,421.1112567359138,279000
2024-05-10,429.51226806640625,430.7011043696274,426.1439388517638,428.3036289103645,330000
2024-05-13,427.9172668457031,432.32583528182784,427.41200689354,430.5029449302409,328900
2024-05-14,431.2756652832031,432.2762686118234,427.9766915882229,428.90793958581065,238700
2024-05-15,435.2978515625,435.8922394066514,432.4842746778398,432.93009579431265,404000
2024-05-16,431.9196472167969,437.9727291266219,431.8700947361753,435.9021973173679,403700
2024-05-17,430.07696533203125,435.50594008899907,429.74013543507033,434.33693687601175,931800
2024-05-20,429.06646728515625,431.8998170750173,427.78847282351455,429.20514771844506,343800
2024-05-21,430.03729248046875,433.2768575124376,428.3927790756895,429.3537464355253,344800
2024-05-22,433.9109191894531,434.04962985900744,428.3135445925441,429.3735867668932,441200
2024-05-23,430.1066589355469,434.90157931655875,427.93705247147653,434.90157931655875,359600
2024-05-24,436.8631591796875,436.8730757223582,431.1369906879796,431.64225063039447,295600
2024-05-28,430.9190673828125,438.6662459321886,430.46335988972095,436.4570033366415,544200
2024-05-29,423.9941711425781,427.9965242692819,422.35951364492274,427.6894137628607,385000
2024-05-30,426.5005798339844,428.1154041397659,422.5873549183377,424.6480003731691,344200
2024-05-31,432.5437316894531,432.66263949665347,421.68581326725587,425.9655873256497,1094400
2024-06-03,427.025634765625,431.2756592504545,422.83501883509916,431.2756592504545,436800
2024-06-04,420.5960693359375,426.96620844470294,419.34782452517146,424.3507807776467,447000
2024-06-05,423.6672058105469,424.0040356960041,418.9416406380649,421.91370105095314,489800
2024-06-06,421.5471496582031,427.27331814900447,421.14096444247383,423.9941472618863,282900
2024-06-07,422.6567077636719,426.7284159364842,421.3390774094327,421.3390774094327,297000
2024-06-10,424.4795837402344,425.96561397291424,417.9905971508772,420.8635828873858,349300
2024-06-11,418.0896301269531,421.9334997269149,416.94042981734054,421.9334997269149,266200
2024-06-12,424.3210754394531,426.78787598136483,420.60599981206184,422.8350451884966,456700
2024-06-13,422.9341125488281,423.3601006240056,419.22895352901605,422.59728265915084,354900
2024-06-14,419.9125061035156,421.1905005821494,417.0791562759827,419.29828510500784,248900
2024-06-17,428.52154541015625,428.80885303553885,416.0884386810084,420.2493351611627,429700
2024-06-18,432.99951171875,433.33634162202816,427.36250108539446,428.7395400948739,387600
2024-06-20,438.10150146484375,438.527489516851,431.6917569000456,433.10843171487573,460900
2024-06-21,436.7740173339844,440.8457257201765,434.2081420553323,439.0426986550176,838400
2024-06-24,436.24896240234375,442.163364132726,435.96165474921236,437.86378681243025,460300
2024-06-25,434.04962158203125,437.1009236870473,431.8205762355004,435.7139681847673,373900
2024-06-26,429.83917236328125,433.7721999741045,427.8776017122821,431.69175175032245,352500
2024-06-27,426.3321533203125,429.01690607942146,425.65849355321,428.36307939764436,403500
2024-06-28,423.2115173339844,430.00761460435973,422.6369020310289,424.7272670032295,1293200
2024-07-01,422.1217346191406,428.78906766138806,420.8239373309313,426.03495956910297,496900
2024-07-02,429.8292541503906,430.5722692107562,422.0919930737863,422.0919930737863,404800
2024-07-03,429.95806884765625,434.2576459081294,427.8479011378633,431.07754976286935,182900
2024-07-05,428.1252746582031,430.17600349481614,424.8163845281264,428.74941215050796,232200
2024-07-08,423.0826721191406,432.27624375603597,422.70620632473765,428.8583926805892,476700
2024-07-09,429.25469970703125,432.5041512597562,421.9434261550595,421.9434261550595,420800
2024-07-10,436.49658203125,436.70461778051833,428.7593210399334,431.5431483500814,274900
2024-07-11,435.723876953125,438.13123862841735,434.10905262689096,436.5263308448891,361400
2024-07-12,442.1138000488281,445.3236459316961,436.51642551475237,437.7349811977577,348000
2024-07-15,441.6481628417969,445.74962070112207,441.4203242274089,443.0351485469008,404100
2024-07-16,425.0541687011719,435.9418374289103,424.2319119419484,434.1090607623337,1066800
2024-07-17,417.6339111328125,425.9061516850233,415.9695646200401,423.4393513095441,1078600
2024-07-18,414.09716796875,420.4078380795894,413.59193825686,417.71319899387714,717800
2024-07-19,407.0633239746094,415.3355347754164,407.0038549504248,415.3355347754164,616600
2024-07-22,416.098388671875,416.25690219402287,407.1623740401372,408.9456284892785,441400
2024-07-23,417.46551513671875,418.85247057673246,413.0569468892654,415.285992135725,494400
2024-07-24,420.29888916015625,428.6008496631681,416.06866726464096,418.4463096186387,995500
2024-07-25,437.5566711425781,441.3609049907563,418.0698476428942,418.0698476428942,781000
2024-07-26,435.44647216796875,440.5485029963672,432.9103164506802,437.952908491436,530900
2024-07-29,428.0262145996094,436.46688538148925,426.40150398887437,434.6935475658868,360700
2024-07-30,427.847900390625,433.5740688439613,426.4807477791547,430.71099973397395,478200
2024-07-31,426.0646667480469,430.42368249262955,425.3018185852263,429.9184225648768,352800
2024-08-01,414.4637145996094,428.62063741862954,410.60995867394485,427.372392610931,600100
2024-08-02,398.86041259765625,407.7468747274193,396.72055563689236,405.65654001511865,679600
2024-08-05,389.314697265625,393.4113811896782,383.55744895550947,391.35308609791406,723100
2024-08-06,393.3318786621094,398.1345372489746,389.1456769252411,389.70253637167446,385800
2024-08-07,390.5079650878906,398.9797484485363,389.88152473981364,397.96553047945207,625500
2024-08-08,398.2637939453125,399.03937947963516,390.46815642612086,392.904306426766,491300
2024-08-09,402.69854736328125,404.6474794856085,396.74244863425565,397.4882051166509,310600
2024-08-12,402.2510986328125,404.5977310557412,398.87034209126557,403.6928762450637,455500
2024-08-13,405.9500732421875,406.38758614828413,401.6048035722321,404.766803838641,301400
2024-08-14,417.494384765625,418.5483848935804,407.8691611637739,407.8691611637739,581700
2024-08-15,421.6706237792969,426.07555160411766,420.02996553055004,423.500209437678,469800
2024-08-16,428.94921875,430.74897537934834,422.3169441221083,422.3169441221083,570500
2024-08-19,432.8768310546875,432.996147236309,428.7901001096064,428.8000228948023,441800
2024-08-20,431.57427978515625,432.37969441999945,428.3724971626631,432.37969441999945,427100
2024-08-21,431.1566162109375,432.53876614417305,426.1948593855397,432.53876614417305,387100
2024-08-22,431.2461242675781,433.4038293480314,428.7204871687228,430.78870511331894,252300
2024-08-23,437.1922607421875,440.2150687629519,431.8128671580787,434.44789759818406,240700
2024-08-26,438.89263916015625,442.32310092523335,437.1226812318825,438.89263916015625,276400
2024-08-27,436.8442687988281,440.58300452582984,435.5019313400621,438.9423462524076,263900
2024-08-28,436.993408203125,440.4238697008594,434.92515996773517,437.3712326518887,349100
2024-08-29,440.46368408203125,441.5475132381822,435.7107304589083,438.60426936712497,489600
2024-08-30,446.8970642089844,447.8019190568105,439.5687686340148,441.2392558861973,463800
2024-09-03,439.4593811035156,446.1314377609206,437.4309452751735,445.14701854799466,387700
2024-09-04,440.40399169921875,443.8742353548184,437.2916965759858,440.4636497879465,311700
2024-09-05,437.0630187988281,444.0532419223896,433.324313471992,441.9452417142468,537500
2024-09-06,427.7361145019531,439.6582654554842,424.4845967183284,436.3769186254459,561900
2024-09-09,433.8811340332031,436.2874246593352,428.0244451380734,431.90237283570195,477100
2024-09-10,431.6040954589844,435.86983122813314,426.41362889254566,435.3229249093185,347800
2024-09-11,433.30438232421875,433.79163051616445,420.1691336098534,430.37109176717644,317500
2024-09-12,432.9165954589844,433.9407664357386,429.14803103795714,433.6325228642335,255900
2024-09-13,437.8982849121094,439.4792850397682,435.31298966103657,435.39252366872535,321400
2024-09-16,442.62139892578125,443.6853217711526,438.514761736032,440.62276185645806,260200
2024-09-17,449.6712951660156,451.43126958803936,443.60580287569655,443.60580287569655,286700
2024-09-18,448.7763366699219,455.63732036611634,446.65841381686613,449.8104607892611,371500
2024-09-19,461.11614990234375,461.8420304873498,449.4425845192287,453.66853802411083,423800
2024-09-20,458.00384521484375,463.1843887831928,456.0151612532259,461.4442903167772,1061000
2024-09-23,459.4555969238281,462.48832776507834,457.3575196080362,460.39028079419484,515000
2024-09-24,460.7582092285156,461.93152552716174,457.91437527723485,460.3405722291294,262800
2024-09-25,460.4698486328125,464.3577296250237,458.88884844100306,462.15028909694985,350200
2024-09-26,464.8648376464844,466.734205459724,458.9385374843182,460.3008115126243,608500
2024-09-27,465.9685363769531,468.90185737206076,464.13895076507276,464.9344122154871,603800
2024-09-30,467.15179443359375,467.63901228428387,460.4698152395348,465.5509184413786,446100
2024-10-01,470.4629821777344,473.48575996912797,463.3633658267636,466.5551951076652,565700
2024-10-02,477.6222229003906,479.50154380762984,471.8152693801775,472.28261132444527,485300
2024-10-03,476.8267822265625,478.86517123583627,471.9743882989275,477.54270969694977,441500
2024-10-04,484.18487548828125,487.4661918119359,480.5654561953648,482.40499488676863,451900
2024-10-07,477.8310241699219,486.5812517609259,477.11509673379345,483.3198112952095,354000
2024-10-08,481.00299072265625,482.10672612511405,477.662016158815,478.50721293017443,302400
2024-10-09,490.4492492675781,491.4435912896727,480.9930772719973,480.9930772719973,331700
2024-10-10,488.58984375,492.4478957236263,487.07845477209844,491.0060876264509,255800
2024-10-11,499.6568298339844,500.12417176424236,490.38955557796714,490.38955557796714,369600
2024-10-14,501.49639892578125,501.96374088438324,496.03744065510915,500.6909843250921,252200
2024-10-15,508.3374938964844,514.8902043227115,506.527784094273,506.527784094273,489000
2024-10-16,514.6416015625,515.1188663067097,507.8104768068084,507.8104768068084,468500
2024-10-17,518.4598388671875,520.6374502888538,515.0791124592301,517.4058387679685,384500
2024-10-18,520.1998901367188,521.9201429206896,516.4313561229361,520.1601383084069,480100
2024-10-21,519.6829223632812,520.9158967445777,516.6700369436572,519.8022385492247,360400
2024-10-22,516.620361328125,518.7780666179638,514.0251431017001,517.0578742647111,338600
2024-10-23,517.525146484375,520.4584674932933,514.6614973873645,515.4669119717965,387800
2024-10-24,501.357177734375,503.86293902715886,484.37382950896597,497.70795954086117,726500
2024-10-25,501.62567138671875,504.22088948411636,497.7576663771417,504.08169738116555,430000
2024-10-28,510.4952087402344,512.2353072459074,505.47376341691773,506.8360071061733,347800
2024-10-29,513.3887329101562,515.2282413962793,509.9881001485947,510.9128309570096,365600
2024-10-30,511.1315002441406,518.1018468346531,510.86306919400795,513.1699497381167,380900
2024-10-31,507.4127197265625,515.894486272539,507.30335667012235,513.2395493873943,396900
2024-11-01,504.31036376953125,512.5335914567715,502.948120096893,508.1087574583583,550300
2024-11-04,505.19793701171875,507.53150327055346,499.82276402543687,503.8616228515511,369300
2024-11-05,512.5377197265625,512.9665308177379,502.84442827200024,502.84442827200024,311900
2024-11-06,565.8707275390625,567.9050998235679,543.7018337840609,552.2681948700413,798300
2024-11-07,546.105224609375,564.8336488377176,545.5966162839976,561.3233018605555,469100
2024-11-08,550.4732055664062,552.7868378628143,546.1052362718642,547.1224529443425,384100
2024-11-11,562.4501953125,565.162691860757,556.7658460587263,559.4284921745037,332600
2024-11-12,559.767578125,560.8944778760691,555.050595133272,560.4457022541272,519000
2024-11-13,558.3515014648438,563.7167227147579,558.1620211282319,561.1238306944156,501700
2024-11-14,559.9969482421875,563.3676653656022,558.4911486301365,559.9570800686197,526700
2024-11-15,560.8944702148438,565.9205988566022,557.7331981195726,560.6651217107911,730100
2024-11-18,563.4873046875,566.5788227180492,559.3287804732662,560.1764204113148,533800
2024-11-19,561.01416015625,562.759351397245,555.3198285376393,557.4639449806949,338500
2024-11-20,559.8573608398438,564.6142120311594,555.758608394296,561.7620855948672,311800
2024-11-21,568.6431274414062,571.8642321651895,561.5725834499317,564.9333180723612,412000
2024-11-22,570.498046875,573.7889668087433,569.4808302006381,570.7573421737543,514000
2024-11-25,568.6431274414062,575.4144471165141,566.5788083426324,572.4226908923382,1144900
2024-11-26,572.4326782226562,572.9611901758756,563.985921423842,568.7129474285599,377500
2024-11-27,570.3384399414062,574.8859072279188,569.53066814931,573.4000112902611,245500
2024-11-29,572.3927612304688,575.2449485087261,571.8842137857978,573.230479779961,214000
2024-12-02,563.81640625,573.6892262353743,562.3305103826066,573.6892262353743,558700
2024-12-03,564.1654052734375,567.047478330458,562.6695271858063,566.4890196124397,484800
2024-12-04,559.8772583007812,565.3521626043066,557.3542421327127,563.4174910909038,543500
2024-12-05,563.6568603515625,567.5262032247867,559.4883540329726,562.5199783917374,457900
2024-12-06,560.0068969726562,567.9749314046039,558.5110188429809,562.4401944982924,331700
2024-12-09,552.3081665039062,561.8917449049842,548.6881363875156,561.8917449049842,597400
2024-12-10,544.8387451171875,553.3054058009703,543.7018631024378,552.288189170148,493500
2024-12-11,549.2864379882812,550.3435227670396,543.7118329011987,548.4986307509075,472100
2024-12-12,546.3246459960938,554.5718796394445,545.8559058485795,551.3906429416348,508000
2024-12-13,548.2493286132812,551.1912345052638,545.3572731532093,551.1912345052638,401800
2024-12-16,548.7279663085938,551.081466572959,545.8558754930364,548.5384859816148,426400
2024-12-17,540.3710327148438,544.9783327556327,537.0601482891467,544.1506572997888,554600
2024-12-18,522.4902954101562,545.2176492901744,520.3362576147622,541.1089754292378,735900
2024-12-19,524.3153076171875,532.6623033626015,522.4006005047028,527.8555406268023,493400
2024-12-20,530.6577758789062,534.0883254942663,519.6181879672747,519.8176505582425,1498700
2024-12-23,532.761962890625,532.941460962169,527.0078597392461,528.3341611902276,427100
2024-12-24,537.2994995117188,538.4064347012769,531.4755206410221,535.4046962316712,145100
2024-12-26,540.8995971679688,541.5278708789957,535.2650982888983,535.2650982888983,213700
2024-12-27,534.477294921875,542.3256643695426,532.7321036823756,538.9549472775715,308300
2024-12-30,529.0820922851562,531.9442008619608,523.437672340177,527.3369011594249,321000
