Price,Close,High,Low,Open,Volume
Ticker,AXP,AXP,AXP,AXP,AXP
Date,,,,,
2015-01-02,80.1338882446289,80.92644516237925,79.37579746731396,80.26310998129944,2437500
2015-01-05,78.0146484375,79.92711110791822,77.80789767035674,79.6514412275644,3469600
2015-01-06,76.35204315185547,78.30758269305916,75.75763363708768,78.21282051762687,4800300
2015-01-07,78.01956176757812,78.63300380028977,77.35427501379883,78.63300380028977,5665200
2015-01-08,79.12547302246094,79.32419021366876,78.6243492146589,79.00451301255372,3774200
2015-01-09,78.12323760986328,79.31556731065905,77.96771663114328,79.12548538202047,3681700
2015-01-12,77.32836151123047,78.57252943710887,76.96548139679183,78.1923655504621,3230700
2015-01-13,77.0950927734375,78.74533726295097,76.40388682057446,77.99365128359955,3537600
2015-01-14,75.22881317138672,76.39521702285417,74.5203302948651,75.54849696136121,6628400
2015-01-15,74.20063018798828,76.05823933129786,73.05151035722784,75.60031845704997,5830900
2015-01-16,74.33890533447266,74.48578443319171,73.21569749194799,73.90690333224431,6768700
2015-01-20,75.39298248291016,75.79042348759474,74.66721577604905,74.70177672321641,6364100
2015-01-21,75.74722290039062,75.79042573358676,74.96961804564809,75.6521819408206,7185700
2015-01-22,72.89600372314453,74.40801038857836,72.14431803641438,73.00832184523371,16390100
2015-01-23,72.68865966796875,73.71682661544736,72.5417805588512,72.94786352438739,7366100
2015-01-26,71.97152709960938,72.83553099472196,71.81600613481605,72.38624527784053,6632800
2015-01-27,71.19393157958984,71.95425273359358,70.91745056069507,71.2803306620268,6329500
2015-01-28,70.61503601074219,72.04927894250763,70.5977522426989,71.5395198462746,7942200
2015-01-29,70.84830474853516,71.13342755700025,70.12254479079701,70.90878474501334,7545900
2015-01-30,69.71646881103516,71.02110980441108,69.60414409813828,70.95199451011977,7210500
2015-02-02,70.96062469482422,71.06430751653771,69.85470096384859,69.94974190246293,5459300
2015-02-03,72.3430404663086,72.37759481721137,71.31487384356679,71.34943478629539,5586200
2015-02-04,72.23937225341797,72.98241619284909,71.99745219719894,72.14433128964232,6155700
2015-02-05,73.20706176757812,73.37985993072247,72.6454578496179,72.79233694747334,3966600
2015-02-06,73.44898986816406,74.31299396206423,73.24162413951179,73.53538895918845,5139700
2015-02-09,73.42304992675781,73.65632806538834,72.8355270462582,73.03424423993862,3101300
2015-02-10,74.16608428955078,74.27840900423007,73.54400708010246,73.95872521973467,3589900
2015-02-11,74.31297302246094,74.45985209499824,73.71680825626969,74.19201301074477,4374800
2015-02-12,69.53504180908203,70.4422420146979,69.12031700663827,69.14623607082342,32653100
2015-02-13,67.46139526367188,68.90427953522449,67.15035347447419,68.63644055801343,34874400
2015-02-17,68.325439453125,68.53279857212068,66.63199236570058,66.66655331750445,18578300
2015-02-18,68.93022918701172,69.35358924677077,68.01438717435803,68.01438717435803,13417000
2015-02-19,67.73789978027344,69.10302737723278,67.0121331547178,69.0252636068612,20858000
2015-02-20,68.97342681884766,69.01662305493129,67.56509636763505,67.58238013552935,11348700
2015-02-23,69.37952423095703,69.53504521551382,68.66239932484363,69.11167850699246,6868600
2015-02-24,69.86333465576172,70.58909454718761,69.34493379162541,69.37949472814445,10951000
2015-02-25,70.99518585205078,71.06430773340405,69.87198494327461,70.12254681931113,8184700
2015-02-26,71.92831420898438,72.11839609401855,71.20255420266373,71.72095514886786,8702800
2015-02-27,70.49406433105469,72.0406318681981,70.4335843309128,71.92831375131334,8121200
2015-03-02,70.8742446899414,71.02976566840218,70.46816176885899,70.49408083329791,5503100
2015-03-03,70.77055358886719,70.78783076426039,69.89790791542994,69.97566509243806,6856100
2015-03-04,69.66464233398438,70.4681663428832,69.60416231575877,70.45953104872783,6141000
2015-03-05,70.11389923095703,70.32990014874075,69.6732555129673,69.69053927781194,5571800
2015-03-06,69.38816833496094,70.11393521898421,69.17216730630838,69.66464938796307,6530200
2015-03-09,69.56095886230469,69.83743985866526,69.07711217480349,69.24991691742066,5846100
2015-03-10,68.35137939453125,68.9216187938857,68.14402021220504,68.88706442335597,7525000
2015-03-11,68.64506530761719,68.90426895609329,68.35130732504537,68.60186909408624,4546200
2015-03-12,70.46814727783203,70.84831105629887,69.14622252866883,69.20670253053166,9386600
2015-03-13,69.63872528076172,70.5459321721961,69.07712132853223,70.41633024601579,6919400
2015-03-16,70.41633605957031,70.54593799645053,69.76833296699759,69.88065112998532,5295100
2015-03-17,70.03617858886719,70.16578053768866,69.59554119143469,70.15713864994618,4258200
2015-03-18,70.72735595703125,71.12479693852194,69.35358640256281,69.62143207952218,6449400
2015-03-19,70.45085906982422,70.81373902417452,69.93245819334882,70.71005621214954,4677000
2015-03-20,71.45310974121094,71.76415162836423,70.41630784525042,70.66686973166978,9338100
2015-03-23,71.0211181640625,72.17888682141167,71.0211181640625,71.45312011540553,7291700
2015-03-24,70.30401611328125,70.98658014449697,70.21761042966729,70.88289727925711,5217800
2015-03-25,69.2153549194336,70.3904007841064,69.14623302343476,70.34719795115042,8908000
2015-03-26,67.80701446533203,68.9302153399312,67.29724884564475,68.83517440391873,16181300
2015-03-27,67.36637115478516,67.94525206559129,67.14172834170171,67.73789301834326,9022600
2015-03-30,67.43550872802734,68.04030883651005,67.39230589520996,67.6947059494513,7285200
2015-03-31,67.72157287597656,68.0769949859633,67.28812708427797,67.52218490169773,5918300
2015-04-01,68.42378997802734,68.7618773494411,67.48754497386858,67.66092735270992,6163500
2015-04-02,69.09127044677734,69.15195260526517,68.11168514151419,68.42376670341133,5695200
2015-04-06,69.03057098388672,69.43801106610859,68.25037388858087,68.77917164349752,3831100
2015-04-07,67.90362548828125,68.81385776528727,67.84294333648086,68.12901255847788,5919200
2015-04-08,68.21571350097656,68.79652938254912,67.87762624968154,67.98164902616669,6405800
2015-04-09,68.62315368652344,68.7705236957993,67.972984877985,68.16369550618127,4288100
2015-04-10,68.99590301513672,69.32532607389024,68.65781580189059,68.84853302246192,3442000
2015-04-13,68.71847534179688,69.3426381805281,68.7098111901551,69.11725118842999,4092000
2015-04-14,68.90921020507812,69.32532107576613,68.38907657711157,69.00456880848876,4213200
2015-04-15,69.13460540771484,69.61139843538024,68.84852959111561,68.85720035903445,6042700
2015-04-16,70.14022064208984,70.36560775431097,68.70117703985163,68.85721783269842,8084800
2015-04-17,67.02806854248047,68.05100105214996,66.34322327963014,67.96431320160693,22112500
2015-04-20,66.95004272460938,67.48751129615549,66.71597828344211,67.08874194460708,8432600
2015-04-21,66.99340057373047,67.44418803588503,66.95872410634475,67.08008843526484,5125000
2015-04-22,67.99897766113281,68.1810240992953,66.90669241830004,67.10608039182536,7318100
2015-04-23,67.74759674072266,67.93831399845331,67.39216792152286,67.66957303807844,4815400
2015-04-24,67.6088638305664,67.90361036929805,67.41814664912658,67.87760468343936,3400700
2015-04-27,67.17543029785156,67.58287042059817,66.78533171139874,67.47017689012158,6901700
2015-04-28,67.17543029785156,67.38348905022742,66.69864387150459,67.34881259149812,6493400
2015-04-29,66.88936614990234,67.15810045807002,66.75066030448758,66.86335384349302,4322600
2015-04-30,67.14073944091797,67.34012738238857,66.73330601940293,66.78531738941403,6754100
2015-05-01,67.34012603759766,67.52217244285787,67.01937382993538,67.48749599225734,3859200
2015-05-04,67.86026000976562,68.08565363320498,67.39213784440238,67.58285501701593,3896700
2015-05-05,67.47881317138672,68.06829949857332,67.42680181170586,67.60018403373456,5325800
2015-05-06,67.48750305175781,68.3543945658815,67.0887337489238,68.22435951599147,5896600
2015-05-07,67.99030303955078,68.25903729772111,67.27078148150909,67.4788335970649,7924600
2015-05-08,68.46709442138672,69.03923937921117,68.28504138395535,68.38907074622223,7198100
2015-05-11,69.09127044677734,69.5680635590811,68.49311963135719,68.52779609533012,5827400
2015-05-12,68.55379486083984,68.85720562261201,67.9989847210683,68.61447701319427,4575700
2015-05-13,69.22996520996094,69.36000027555912,68.71849571563695,68.91788369806858,5494500
2015-05-14,70.00152587890625,70.1315609958807,69.58541482736013,69.64609700010011,4450800
2015-05-15,69.54203796386719,70.35691809939043,69.34265000654608,70.13152445499642,4479300
2015-05-18,69.49871063232422,69.82813373314308,69.16062337590641,69.5940692547866,4579900
2015-05-19,70.53030395507812,70.73835609560479,69.67208308827962,69.67208308827962,6063500
2015-05-20,70.18354797363281,70.60832303499323,70.02750721033695,70.5736531888017,3986700
2015-05-21,70.01016998291016,70.36559211247209,69.70675923478211,69.81945276584159,4249700
2015-05-22,70.4349594116211,70.7210352956346,69.97550781152282,70.07953059562983,3395800
2015-05-26,69.51605224609375,70.61700186953686,69.29932930642029,70.32226184623339,5282700
2015-05-27,69.44669342041016,69.89747418655097,69.21262896167924,69.74143341868326,5105100
2015-05-28,69.42937469482422,69.5680805846618,69.24732817480803,69.32535189130688,4443000
2015-05-29,69.10858154296875,69.43799788481296,68.98721727945477,69.38598651869448,7385100
2015-06-01,68.89189910888672,69.49872078239974,68.44111162525401,69.29933935275697,4716900
2015-06-02,69.34266662597656,69.58539524864175,68.64048645128673,68.7098393760079,4197300
2015-06-03,69.87149810791016,70.45231419575161,69.45539362647746,69.62876939143084,4321400
2015-06-04,68.79650115966797,69.64605101712245,68.65779536277786,69.39465833450785,5438100
2015-06-05,68.82254028320312,69.24731541832372,68.68384103277707,69.12595109400355,4817000
2015-06-08,68.31974792480469,69.21264551577468,68.31108376785993,68.8572232790918,5883600
2015-06-09,68.63182830810547,68.82254557924459,68.36309394269679,68.38042887013664,4506300
2015-06-10,69.51605224609375,69.77611580538635,68.6578246430082,68.6578246430082,5865400
2015-06-11,69.61141967773438,70.01885330023798,69.35134947167158,69.64608953227334,4013400
2015-06-12,68.94387817382812,69.74141674610863,68.57978534046404,69.7240818266491,6253500
2015-06-15,68.7011489868164,68.80517834418876,68.32838539022009,68.4844261193501,4929300
2015-06-16,68.79650115966797,69.17793548725936,68.48441973052164,68.51909617974417,6992700
2015-06-17,69.62873077392578,70.0968530163036,68.88320349316012,69.0392442406194,6945600
2015-06-18,70.01880645751953,70.13150655788486,69.18659161427604,69.55935513286116,4632300
2015-06-19,69.51605224609375,69.88881596688647,69.16929421984437,69.8021214999297,13054800
2015-06-22,70.4349594116211,70.83372884970373,69.92349641946932,69.94083134553395,5548600
2015-06-23,70.53030395507812,71.01576115425978,70.46962180518041,70.59965687320644,5356300
2015-06-24,69.9928207397461,70.53029587286272,69.9928207397461,70.16620301519866,5637600
2015-06-25,69.2472915649414,70.21821243891256,69.2472915649414,70.20954167191658,6591100
2015-06-26,69.2472915649414,69.74141946199428,69.20395095767626,69.49869089696583,15746700
2015-06-29,67.44416809082031,68.78784608189089,67.3921500981949,68.67515255660872,8553300
2015-06-30,67.62690734863281,68.22730274804617,67.56599815148975,68.01846552475178,7793000
2015-07-01,68.21858215332031,68.66235284147933,68.00975162184668,68.42741268479395,5319900
2015-07-02,68.05327606201172,68.85379888646743,68.02717306708892,68.47094389659144,4577700
2015-07-06,67.5137710571289,67.74000801457616,67.29623730843817,67.47897149930918,5724800
2015-07-07,67.47895050048828,67.69648418148456,66.4869974462333,67.48764706793534,7183000
2015-07-08,66.06935119628906,67.17441973167195,65.91272662984234,66.90468000447052,5544800
2015-07-09,66.42610168457031,67.39195205069814,66.38259891840607,66.6784416272941,3934000
2015-07-10,67.27014923095703,67.42677383027376,66.92210046679062,67.27014923095703,3036000
2015-07-13,68.33172607421875,68.40133849354946,67.67042136778836,67.84445241611515,3677500
2015-07-14,68.71456146240234,68.86248281795407,68.05325700888443,68.39260912508108,3904900
2015-07-15,68.34040069580078,69.05391109892636,68.14896994203,68.74936519001963,3947000
2015-07-16,68.6710433959961,68.87988054777941,68.45350967517355,68.74065577992387,4095800
2015-07-17,68.93209838867188,68.95820137748996,68.43612168531799,68.51443065177222,3084400
2015-07-20,69.001708984375,69.28884849248604,68.89729039322344,68.91469017244705,3553000
2015-07-21,68.6971435546875,69.09741142650732,68.26207613093747,68.9146772665625,3974600
2015-07-22,68.73194885253906,68.90597980294001,68.39259679750967,68.56662774791062,4392700
2015-07-23,67.00910186767578,67.82702429808624,66.24337877715931,67.60949053620834,12256800
2015-07-24,66.04325103759766,67.13091984046125,65.8518202661171,66.6958523193158,8639900
2015-07-27,65.19052124023438,65.78221338413918,64.65104171749452,65.6429952177755,9861400
2015-07-28,65.35584259033203,65.7561039072298,64.71194452737504,65.36454579943512,5516600
2015-07-29,65.86924743652344,66.13899392605325,65.190542883486,65.35587073462301,4594200
2015-07-30,66.23468017578125,66.31298914112669,65.81701244479545,65.94753402564122,4767100
2015-07-31,66.1824722290039,66.71325516024403,66.12156303879293,66.46961839940015,6344800
2015-08-03,66.11288452148438,66.26950914459756,65.63430744013696,66.00846589320703,5159500
2015-08-04,65.88663482666016,66.26949641821341,65.80831921084045,65.93013760113388,4137600
2015-08-05,65.77351379394531,66.54794019664097,65.77351379394531,66.43481837672812,5562000
2015-08-06,65.26013946533203,65.94754706433275,65.00779946276685,65.82572866841917,4522100
2015-08-07,69.3671875,69.80225515201846,64.68585531557385,65.26014780276887,23689600
2015-08-10,70.70719146728516,70.82030665859706,69.17575158594416,69.34107940591197,12609000
2015-08-11,70.77680206298828,71.04654852004,69.8283577732222,69.98498239265028,8509800
2015-08-12,70.48094177246094,70.55925074345605,69.43678232756972,70.23730501122658,6945600
2015-08-13,70.27210998535156,70.48094054296612,69.94145441064114,70.48094054296612,4866900
2015-08-14,70.40261840820312,70.76807347534024,69.97624752460733,70.05456311819528,5387100
2015-08-17,70.48094177246094,70.62886314340982,69.82834045975297,69.95015884037015,4574700
2015-08-18,70.68976593017578,70.84639049658176,70.21989223095781,70.52444479351625,4458300
2015-08-19,70.43742370605469,71.05522538146158,69.96755666062316,70.41132071893105,5314600
2015-08-20,68.5318374633789,70.01106437278983,68.50573447441101,69.70651843715858,7240600
2015-08-21,67.02649688720703,68.4013117578965,67.02649688720703,67.97494747370656,8483300
2015-08-24,64.95555877685547,66.1998517035149,62.39736055202812,63.833084181035325,12873200
2015-08-25,63.97235870361328,66.60887483122023,63.76352804351813,66.36523131606774,7779000
2015-08-26,65.80831909179688,66.04325930022661,64.35519498263656,65.5994885143294,6505800
2015-08-27,66.8959732055664,67.15701634850286,65.71258913116613,66.02583824724873,7025000
2015-08-28,66.69586181640625,66.83507999092278,66.06936343457065,66.40871561829752,4919000
2015-08-31,66.75678253173828,67.22665639919425,66.10418104448371,66.35652108285481,4559700
2015-09-01,64.3899917602539,65.5733759236928,64.04193642301834,65.12960520275236,6101100
2015-09-02,65.20794677734375,65.44288040634785,64.36391440594073,65.17314056589758,5914400
2015-09-03,65.48636627197266,66.3477981199007,65.30363870656996,65.59077823014354,4783000
2015-09-04,64.45960235595703,64.84245724148526,64.01583164740498,64.63362670041502,5095200
2015-09-08,65.6865005493164,65.89533776490369,65.1905237798542,65.76481616481273,6046300
2015-09-09,65.36453247070312,66.57401938386843,65.24271412251396,66.19986113197255,4959800
2015-09-10,65.5298843383789,66.00846138705565,65.24274474777805,65.39066614878534,4764600
2015-09-11,65.69520568847656,65.7213086815403,65.07741051108502,65.3297505083753,3843600
2015-09-14,65.38195037841797,65.69519954308922,65.0687012137467,65.39935679790189,4452100
2015-09-15,66.56532287597656,66.78285661086538,65.46025442372661,65.66038174220678,5473700
2015-09-16,67.2788314819336,67.44415924043051,66.46960574400002,66.53051492261426,4193100
2015-09-17,67.0525894165039,68.2185735675745,66.80024951337221,67.40064468422358,4181800
2015-09-18,66.08677673339844,66.82639708681786,65.88664932186124,66.17379557869896,12402900
2015-09-21,66.77416229248047,67.27884221787653,66.40870716247792,66.49571934029706,3266300
2015-09-22,65.87792205810547,65.93012803534113,65.26012698593767,65.79090988317824,5047200
2015-09-23,65.80831909179688,66.09546528494238,65.37325151622042,65.70390712236532,3183300
2015-09-24,64.99037170410156,65.28621435579889,64.25945500464624,65.25140816643417,6108900
2015-09-25,65.34712219238281,65.84309876314313,65.01647335807651,65.59946208116988,4478000
2015-09-28,63.81571578979492,64.99910025608652,63.74611001541696,64.79026965574245,5894700
2015-09-29,63.60687255859375,63.96363112533408,63.22401764042327,63.78090355649285,5283000
2015-09-30,64.50311279296875,64.55532541339743,63.78090570284604,64.29428222706603,4912200
2015-10-01,64.29427337646484,64.91206841789395,63.702581322354796,64.52921353954257,4741100
2015-10-02,64.74675750732422,64.74675750732422,63.08479624052657,63.25882060919672,5072400
2015-10-05,67.26143646240234,67.47026699833697,65.29492955309243,65.30363276168227,6480600
2015-10-06,66.92208099365234,67.47026361244718,66.7567532317575,67.20922047667666,3887100
2015-10-07,67.41119384765625,67.9963891866788,66.97447971458352,67.08802299024005,3431800
2015-10-08,67.41119384765625,67.48106970824281,66.47662586942975,67.24524034469539,3298900
2015-10-09,67.5422134399414,67.97019144997873,67.10549928087865,67.64702057332975,2651800
2015-10-12,67.5247573852539,67.53349353638086,67.20159309459565,67.39374843700371,1895100
2015-10-13,66.90462493896484,67.44615303357979,66.86968699766088,67.12298207431638,3247400
2015-10-14,66.52904510498047,67.06183700593512,66.32816028813355,66.73867273612127,3098600
2015-10-15,67.02689361572266,67.41994039434506,66.44169818644538,67.25398686578917,3615800
2015-10-16,67.43742370605469,67.69071880834014,66.9221040130727,67.32388038312601,5613700
2015-10-19,67.25399780273438,67.5247585186372,67.01817502819497,67.21032371009737,4054900
2015-10-20,67.2103042602539,67.38499391651794,66.97448155395873,67.29765242025043,3470800
2015-10-21,66.82601165771484,67.78678160677586,66.68625990904334,67.50728477316302,5833500
2015-10-22,63.32355880737305,64.00483189110388,62.35405275322385,63.81267657749162,23652600
2015-10-23,65.1490249633789,65.35865258951073,63.428376512392674,63.603059537105615,9341300
2015-10-26,64.79962921142578,64.92190860542108,63.87379094638358,64.02227877942975,5227700
2015-10-27,64.6424331665039,64.81711616862641,64.39787429804063,64.45027786593151,4099000
2015-10-28,65.02674102783203,65.02674102783203,64.46774739083334,64.93939952150032,7841100
2015-10-29,64.82587432861328,65.48094580458758,64.66865690783018,64.76473459073829,5250200
2015-10-30,63.987342834472656,64.87823654163546,63.812653220706245,64.70355359159645,6310100
2015-11-02,64.581298828125,64.6948421225883,63.996096728443554,64.13584847276448,4940600
2015-11-03,64.65987396240234,64.86949481717026,64.52012894713268,64.76468772164972,5047900
2015-11-04,64.6948471069336,65.37612025366121,64.58130380372248,64.90446807583506,12872700
2015-11-05,64.57255554199219,64.92192820045395,64.25812081574954,64.76471083733261,4983700
2015-11-06,64.89574432373047,65.33245860137676,64.72979076583094,65.12283095022019,7440800
2015-11-09,64.12711334228516,64.860796684174,63.96116647292831,64.70357930117854,5622600
2015-11-10,64.08345794677734,64.26687715074203,63.84762849615753,63.865100799619675,4961900
2015-11-11,63.68168640136719,64.28434764166467,63.55067077043928,64.1620681631271,4719500
2015-11-12,62.86940383911133,63.57687898838859,62.72965204167102,63.51573924294157,6112500
2015-11-13,62.18810272216797,63.07026731893289,62.10076121026842,62.61608745881711,4486700
2015-11-16,62.589881896972656,62.589881896972656,61.323406727751596,61.86493473083886,5244600
2015-11-17,62.10948944091797,62.91304190990016,61.978473857909506,62.81696425994257,5867700
2015-11-18,63.01785659790039,63.0353222328075,62.126955951860445,62.126955951860445,5817000
2015-11-19,63.53318405151367,63.655463502308976,62.94798858503179,62.97419037252646,4851300
2015-11-20,63.253700256347656,64.06598915484595,62.974203359215544,63.65547662949185,4429600
2015-11-23,63.096466064453125,63.5331802666285,63.03532634269777,63.28862137960707,3251400
2015-11-24,62.56367874145508,62.85191173508698,62.01342120575539,62.773306371585754,4873100
2015-11-25,62.6160888671875,62.71216653155706,62.23177820970926,62.62481835396265,4391300
2015-11-27,62.75585174560547,62.88686738540484,62.38901328515301,62.71218430816051,1547500
2015-11-30,62.572418212890625,62.947992740478036,62.38026287360441,62.75583740119182,5377200
2015-12-01,63.0615234375,63.27115103683555,62.511265982635315,62.88684043511643,4193500
2015-12-02,62.18810272216797,63.27115879365904,62.065823272762564,63.009127594230186,4146000
2015-12-03,61.50682830810547,62.624815629887536,61.24480377791096,62.371527249818534,6807800
2015-12-04,62.10075378417969,62.2841729363543,61.45441867693637,61.576698111719445,4993400
2015-12-07,61.67278289794922,62.092024818931726,61.288472250606766,61.856202071345336,5926400
2015-12-08,61.061378479003906,61.27099941486614,60.537316143754204,61.17492176431899,7669100
2015-12-09,61.01770782470703,61.838732643245876,60.57225748020938,60.65086950040533,6910700
2015-12-10,61.23606491088867,61.7077170407888,60.79935071621038,60.91289400788401,4783000
2015-12-11,60.144287109375,60.991513821505514,59.81238667795228,60.30150450609747,9094300
2015-12-14,60.11811447143555,60.63343433828805,59.21848374541586,60.257859634211165,6393000
2015-12-15,61.2710075378418,61.69898561555394,60.781883071011926,60.92163482260054,6247200
2015-12-16,61.7601318359375,61.9784889729605,60.96531532231389,61.7601318359375,5581800
2015-12-17,60.7644157409668,61.978480728214045,60.624670657001914,61.8299994940857,4800000
2015-12-18,59.27960205078125,60.380117299473596,59.01757080276987,60.380117299473596,17898900
2015-12-21,59.74251937866211,60.06568370564274,59.38441044324602,59.52416222206154,4733400
2015-12-22,60.13555145263672,60.380110368718775,59.57655774052609,60.03947378364295,3796800
2015-12-23,61.113792419433594,61.131258057165844,60.21416214228571,60.31023980913942,5278000
2015-12-24,61.27973175048828,61.58543031787311,60.91288680589751,60.91288680589751,1956400
2015-12-28,60.93038558959961,61.227348137368345,60.5810127905473,61.14000660353824,2860700
2015-12-29,61.6203727722168,61.67277634083546,61.244798315080914,61.38454338597385,3838800
2015-12-30,61.27973175048828,61.795051240689986,61.20985588830633,61.58543031787311,2792700
2015-12-31,60.74696350097656,61.419500609816374,60.729491196796445,61.14873986860876,3531300
2016-01-04,59.0350227355957,59.55034896003648,58.318811709556755,59.47173693839335,9248300
2016-01-05,58.12666702270508,59.139840577165096,57.358045708566074,58.84287809759711,10809200
2016-01-06,56.51251983642578,57.50381796077102,56.35461435511652,57.23186554174677,9752200
2016-01-07,56.00372314453125,56.36339604379325,55.33701362874613,55.53878102623963,11323900
2016-01-08,55.819496154785156,56.50375438306288,55.76685987677985,56.30198365726643,10003600
2016-01-11,56.18793869018555,56.32829539351919,55.35454608409132,55.91598962966367,8157100
2016-01-12,56.49496841430664,56.93359393508093,55.79316490391007,56.84587016950493,7560000
2016-01-13,55.135231018066406,56.46865645554019,54.591336265952826,55.83703458440996,11291200
2016-01-14,55.521217346191406,55.92475200851734,54.7141446750925,55.13522475923005,6664000
2016-01-15,55.18787384033203,55.310688475086145,53.95094976017615,54.41589183358754,8643800
2016-01-19,54.951011657714844,55.9598518216789,54.6001132045799,55.62649544672027,7652100
2016-01-20,55.29314041137695,55.74054038400644,53.76672524304117,53.98603803648176,9043800
2016-01-21,54.951011657714844,56.424793861645306,54.836968070883394,55.266822608049594,8992300
2016-01-22,48.30145263671875,51.66132301760751,47.494379786550695,51.22269741433837,43783400
2016-01-25,48.266353607177734,48.924291900602,47.49437173922138,47.77509181003329,18498300
2016-01-26,48.32776641845703,48.89798100962255,48.21372283093441,48.42426458124943,12844800
2016-01-27,47.82773971557617,48.96816569904158,47.740012580572355,48.573401957644464,11044100
2016-01-28,46.38904571533203,48.038275608901195,45.748652722651265,47.968097251053585,18015000
2016-01-29,46.93294906616211,47.117171053741465,46.53818527388601,46.65222889086542,13981100
2016-02-01,47.98563766479492,48.240041296620504,46.494310068771256,46.8539828995963,9861900
2016-02-02,47.07330322265625,47.71369625101643,46.924172112391346,47.66106331631024,11698400
2016-02-03,47.46806716918945,47.62597266688269,46.34518660465808,47.37156899321603,9729800
2016-02-04,47.704917907714844,47.77509625872904,47.20488502586639,47.44174323512842,6904000
2016-02-05,47.35402297973633,48.11723064483796,47.204891870677116,48.00319038959786,9159600
2016-02-08,45.96797180175781,46.88908504442115,45.818837333002776,46.704863065178145,11830600
2016-02-09,46.16972732543945,46.51185472638425,45.53810544895832,45.84514200199918,8588900
2016-02-10,45.8714714050293,46.8715373543202,45.862697017994456,46.4943190265774,7081900
2016-02-11,44.8363151550293,45.257395383809786,44.09942391805139,44.9328133349172,9214500
2016-02-12,46.196044921875,46.257452233990215,45.301248357049346,45.5117901031926,6107700
2016-02-16,46.652217864990234,46.9153925488256,46.257454166013346,46.50308342473333,7163800
2016-02-17,47.02944564819336,47.371573141002195,46.75749652358842,46.932947463770695,8638900
2016-02-18,47.503150939941406,47.67859849215128,46.889074467864205,46.932936355916674,8502900
2016-02-19,47.99441909790039,48.275139253659866,47.397887930299454,47.59088429230218,6557000
2016-02-22,48.80148696899414,48.80148696899414,47.99441409547023,47.99441409547023,6537800
2016-02-23,48.34531784057617,48.77516908722434,48.213728811999296,48.70499072604522,5884100
2016-02-24,47.933013916015625,48.13478132783554,46.98558418458087,47.766337361846574,5596400
2016-02-25,48.590938568115234,48.590938568115234,47.63473472198317,48.05581485425499,4385900
2016-02-26,48.58217239379883,49.03834341938001,48.38040501936926,48.87166354965073,5886800
2016-02-29,48.75761795043945,49.25765081183778,48.08213419900986,48.51198536581671,10380500
2016-03-01,49.8278694152832,49.86296026778603,48.79271269158505,49.1523855636193,9160800
2016-03-02,50.10858917236328,50.20508734280948,49.62610166658015,49.8980507517969,7266200
2016-03-03,50.95952224731445,51.038474989025886,50.143678365112244,50.143678365112244,6848000
2016-03-04,51.13497543334961,51.45078641425859,50.7138952409536,51.266561111096415,5410000
2016-03-07,51.757816314697266,52.17889645263297,50.555983211852805,50.880565190719345,9373500
2016-03-08,52.135032653808594,52.63506550842283,51.50341079684437,51.61745437578455,10556900
2016-03-09,51.80168533325195,52.45085272680472,51.336743244397304,52.398216447398404,6469000
2016-03-10,51.53851318359375,52.16136079509049,50.924436612542166,52.01222968238624,6484100
2016-03-11,52.16134262084961,52.556106232298404,51.775353393236855,52.22274992191421,7837300
2016-03-14,52.257850646972656,52.58243263490329,51.76658879910523,52.205214373343,4253400
2016-03-15,51.95958709716797,52.108721538228856,51.43323772665968,52.07363068780892,3881900
2016-03-16,52.37189483642578,52.547345737431,51.512189102592565,51.678865618001346,4882600
2016-03-17,52.70524597167969,53.07368981534275,52.038533283459955,52.24030062829172,4609800
2016-03-18,53.70531463623047,53.9070819922529,52.66138366172417,52.907016250903716,8341300
2016-03-21,53.69654846191406,53.84568291526845,53.38073747499698,53.50355546159093,3665600
2016-03-22,53.17019271850586,53.42459635506511,52.55611624442915,53.310552768599315,4783200
2016-03-23,53.18773651123047,53.43336575474602,52.88069661038857,53.24914382210935,3605100
2016-03-24,53.047393798828125,53.09125570000969,52.284182663184914,52.82808094647173,3549900
2016-03-28,52.880699157714844,53.328099125895626,52.51225527469313,53.31055370102113,3261900
2016-03-29,53.16142654418945,53.20529178560763,52.161360614499756,52.73157528845522,4210300
2016-03-30,52.88947677612305,53.51232433822375,52.80174964638841,53.49477891227682,5103200
2016-03-31,53.86322021484375,53.968489412450054,52.880696549026716,53.082463905458575,6310200
2016-04-01,53.600040435791016,54.09130225251938,53.12632738894108,53.49477124165185,4167500
2016-04-04,53.17897033691406,53.56496303226209,53.038610269455134,53.521097792192194,3367300
2016-04-05,52.80174255371094,53.021055328916255,52.354345964728935,52.75788066795935,4640000
2016-04-06,52.78411865234375,52.93397174787198,52.37862688251918,52.74885791363742,4112100
2016-04-07,51.88499450683594,52.46678329552765,51.7439549023849,52.40507867874591,4051300
2016-04-08,52.44913864135742,53.119075739395974,51.99957607542541,52.008389577144335,4602800
2016-04-11,52.71360778808594,52.960429646075305,52.25522818056261,52.59901204554266,4033400
2016-04-12,53.489322662353516,53.515766538049256,52.713603136333404,52.889903487153816,4360300
2016-04-13,54.79393768310547,55.031942642780976,53.630360122013705,53.674434367290786,4689700
2016-04-14,55.10245895385742,55.252315418059446,54.62645241278155,54.793935884396284,4017900
2016-04-15,54.77630615234375,55.393355661102404,54.573561938243635,55.234685691345916,4395700
2016-04-18,55.172969818115234,55.208230551454534,54.41488086456335,54.48540233124195,3140100
2016-04-19,56.036842346191406,56.072103082511525,55.30520056211792,55.3140140648735,4798400
2016-04-20,57.31502914428711,57.58829825074319,56.34538214554884,56.521685879601115,8498700
2016-04-21,57.83509826660156,59.36008640823003,57.64998444899163,59.06038024408946,9466700
2016-04-22,58.1171989440918,58.37283432743258,57.341482650895735,57.341482650895735,5946300
2016-04-25,57.9144401550293,58.046666255443284,57.42080322046917,57.861552404983236,4201700
2016-04-26,58.355186462402344,58.557934036414046,57.85273268584121,58.16126248002839,3979600
2016-04-27,58.38163757324219,58.76949226668885,58.029036894864575,58.52267380941409,4539700
2016-04-28,58.03785705566406,58.610832416284076,57.79103855577845,57.94089840953733,3797800
2016-04-29,57.67644500732422,57.993784993702036,57.165174282015556,57.79985425477119,5051200
2016-05-02,57.896812438964844,58.22296925262542,57.456063259839134,57.80866394819945,4330000
2016-05-03,57.16516876220703,57.341472473893,56.70679256242139,57.32383874007493,4745400
2016-05-04,56.64508056640625,57.07701283450281,56.266036042277165,56.53048148741263,4998000
2016-05-05,56.34537124633789,57.05057259553625,56.23077888534501,56.82138114825201,4037200
2016-05-06,56.86545944213867,57.04175641892067,55.93106999700737,56.204332328609034,3667700
2016-05-09,56.39827346801758,56.92717458412146,56.21315959057368,56.618651455048294,4261100
2016-05-10,57.15635299682617,57.41198833972328,56.4070840649423,56.715603797065455,4042300
2016-05-11,56.935977935791016,57.57947472136123,56.77731468144936,56.96242853681364,4959500
2016-05-12,56.71560287475586,57.61473499381351,56.477601269887046,57.35909965507355,3607800
2016-05-13,56.52167510986328,57.279764208591,56.45997049602723,56.72441595876807,4524000
2016-05-16,56.477596282958984,56.68034385278097,56.12499561495896,56.4335186774721,4879500
2016-05-17,55.322837829589844,56.504045814227574,55.17298471640609,56.29248808236233,7977600
2016-05-18,55.992767333984375,56.072102308284755,55.12008261668019,55.12008261668019,5316800
2016-05-19,55.305213928222656,56.0015951442767,54.934982832682174,55.5872931616584,4587000
2016-05-20,56.34537124633789,56.53930195363236,55.49032015880613,55.67543399977854,5278200
2016-05-23,56.054473876953125,56.50403650508766,56.02803000548903,56.29247880807693,3074100
2016-05-24,57.182804107666016,57.38554497519526,56.23078421362686,56.23078421362686,3946100
2016-05-25,57.570655822753906,57.96733412050678,57.30621034955077,57.332654224341205,5755900
2016-05-26,57.50013732910156,57.6235465536378,57.25331215473074,57.55302507524614,3593500
2016-05-27,57.75577926635742,57.914449266758126,57.588299123095496,57.64118688146243,3957100
2016-05-31,57.96733856201172,58.10837481346662,57.649998589614086,57.91444408307925,5256000
2016-06-01,58.09956359863281,58.143634484080295,57.45606679834722,57.96733749169203,3816000
2016-06-02,58.54030227661133,58.54030227661133,57.82628411766471,58.055475546789424,3052200
2016-06-03,57.72932815551758,58.02022424069545,57.09464823342005,57.76458889844511,4352000
2016-06-06,58.12599563598633,58.35518033435141,57.7381342613719,57.782211863140915,3915200
2016-06-07,58.0819206237793,58.707783590076055,58.07310375797284,58.311112057660594,3779500
2016-06-08,58.40808868408203,58.69016791667464,58.12600945148943,58.12600945148943,2601100
2016-06-09,57.923255920410156,57.98496053605688,57.209244407169706,57.932072787016466,3883800
2016-06-10,57.27095413208008,57.72052021492649,57.04176265696044,57.52658948407905,3939100
2016-06-13,56.125003814697266,57.20043298283089,56.08974643286558,57.12110135172235,5883400
2016-06-14,53.833099365234375,56.11618003114197,53.22486676626405,56.05447542092683,12323200
2016-06-15,54.14163589477539,54.79394625999011,53.64799889016415,54.18571350960131,5979900
2016-06-16,54.591182708740234,54.749852650594875,53.47167961349859,53.71849802853971,5543600
2016-06-17,54.529483795166016,55.03193754258751,54.31792272973373,54.591188405365216,6521500
2016-06-20,54.91735076904297,55.89581455104998,54.85564614879474,55.2258772329337,4289100
2016-06-21,54.90853500366211,55.07601848563293,54.432525070503615,54.91734850791343,3360600
2016-06-22,54.60882568359375,55.21705835936171,54.547121065587554,54.90853526933075,3462800
2016-06-23,55.754764556884766,55.77239492547992,55.06719699491868,55.39335040730657,3624600
2016-06-24,52.94278335571289,54.388439872601865,52.88989225290642,53.31301098741182,10798700
2016-06-27,50.83601379394531,52.308117948130736,50.53630755028869,52.308117948130736,7567600
2016-06-28,51.03875732421875,51.66462036425029,50.37763354210529,51.34728041081192,8294300
2016-06-29,52.8283576965332,52.89037293803216,51.260250776679975,51.33998514140394,6281100
2016-06-30,53.82946014404297,53.82946014404297,52.110745831325154,53.040977787282856,8535400
2016-07-01,53.767433166503906,54.5027613752554,53.66112183521106,53.82944839138942,4166500
2016-07-05,52.40309143066406,53.50164966824101,52.23476150585916,53.35104224033774,4911800
2016-07-06,52.69545364379883,52.9169375629706,51.60575316702288,52.048721005366424,5484400
2016-07-07,52.98780822753906,53.44849513443685,52.60685565798081,52.695447864102064,5077400
2016-07-08,54.4761848449707,54.573634928054965,53.64340316738127,53.75857574866889,5768400
2016-07-11,55.06975555419922,55.33553555246057,54.803975555937875,54.88370989337388,3414400
2016-07-12,55.813941955566406,56.10630232133969,55.48614673480707,55.48614673480707,4531900
2016-07-13,55.902549743652344,56.12403370203382,55.49502007132892,55.796238389910805,3887600
2016-07-14,56.35436248779297,56.699876821441464,56.17717469681076,56.398658590644516,4417200
2016-07-15,56.50497055053711,56.797330915890726,56.08858312354628,56.65558135742184,3675600
2016-07-18,56.6910285949707,56.80620118563462,56.29235684234683,56.66444822507805,3260000
2016-07-19,56.84163284301758,56.85048733266205,56.25691208716726,56.42523863896962,3840500
2016-07-20,57.12513732910156,57.40863648481521,56.25691736270492,56.95680738193772,8315800
2016-07-21,56.19490432739258,57.03654057776208,55.70764034571112,56.522699605312596,9498600
2016-07-22,56.94793701171875,57.001090982666774,56.14173578310595,56.16831614815594,4063400
2016-07-25,56.99224090576172,57.071971868356265,56.73531876103628,56.877064947588515,3060300
2016-07-26,57.02768325805664,57.18715195390757,56.68216549732865,57.080837236955965,2745900
2016-07-27,57.22257995605469,57.53266283853011,56.88592684489737,56.93908082056627,3168500
2016-07-28,57.39977264404297,57.55924133438022,56.75303663346615,57.01882003707914,3044000
2016-07-29,57.1074104309082,57.35547132815559,56.85048828471555,57.32003309152703,3732700
2016-08-01,56.8150520324707,57.35547333141463,56.66444459090344,57.13398941411475,2913900
2016-08-02,56.230342864990234,56.89479467431187,55.991139808085244,56.66444948785077,2531000
2016-08-03,56.54927062988281,56.717593796646334,56.23033327507,56.256910261445704,3034500
2016-08-04,56.646724700927734,56.7175977961193,56.26577209799114,56.59357072442815,3680000
2016-08-05,58.0465087890625,58.21483874861842,57.00996555834703,57.17829551790294,4863800
2016-08-08,58.3211555480957,58.69324696325073,58.126248589922945,58.3211555480957,3253700
2016-08-09,57.931339263916016,58.48062187275619,57.73643231370971,58.32115316432862,3701600
2016-08-10,57.355464935302734,58.02877783789268,57.213718763740076,57.966762620493064,2883000
2016-08-11,58.01106643676758,58.170535116163805,57.48836091463184,57.58581437199355,2450100
2016-08-12,57.92247009277344,58.037646052592365,57.594678229664346,57.72756992837326,2103800
2016-08-15,58.14396286010742,58.312292821387125,57.825025438289885,57.825025438289885,3136700
2016-08-16,57.85160446166992,58.17939634791708,57.833881962376374,58.126242368342524,2805600
2016-08-17,58.18825149536133,58.33885892779706,57.66554596746649,57.940190604490155,3054500
2016-08-18,58.14396286010742,58.276854579056995,57.825025438289885,58.04650938348797,2807500
2016-08-19,58.05537033081055,58.188262049066424,57.64784068487179,58.00221634716962,2783200
2016-08-22,57.904754638671875,58.064223326076366,57.55037902675604,58.0553620770115,3230700
2016-08-23,58.18825149536133,58.719811512821316,58.18825149536133,58.232550979796464,3551700
2016-08-24,57.72757339477539,58.578070854769216,57.63011992714717,58.33886443089887,4128200
2016-08-25,57.5858154296875,57.71870712481726,57.37319277297132,57.5858154296875,4243800
2016-08-26,57.39977264404297,58.0199249069363,57.16056622896073,57.82501797884048,3623600
2016-08-29,58.0465087890625,58.267992731992486,57.408640711113115,57.58582516179569,4173800
2016-08-30,57.9844856262207,58.44517594964316,57.674409500351324,58.267984764037365,3775800
2016-08-31,58.09967803955078,58.223708525021976,57.461803109039174,58.00222454965848,4783600
2016-09-01,57.461795806884766,58.15282464073931,57.07198189685249,58.07309366413471,3657700
2016-09-02,57.754146575927734,58.179391898307145,57.46178619232156,57.63897061678756,3131700
2016-09-06,58.25913619995117,58.26799069076764,57.630122635163836,57.72757610737135,3956400
2016-09-07,58.64008712768555,58.64894161824364,57.860459372775054,58.01992807181101,3200700
2016-09-08,58.68437194824219,59.100762759555245,58.51604878133535,58.60464098904719,4078900
2016-09-09,57.692138671875,58.48947544229679,57.692138671875,58.24141451290749,5144900
2016-09-12,58.38315963745117,58.55148281170196,56.82391102891439,57.337755318875175,4923200
2016-09-13,57.01883316040039,57.869330784896675,56.73533395223497,57.78073854968641,5620300
2016-09-14,56.23919677734375,57.018821125026314,56.11516632239852,57.018821125026314,5403300
2016-09-15,56.54927062988281,56.850485487677034,56.0442842317118,56.168318053809294,4634300
2016-09-16,56.39866638183594,56.65558854527384,55.95569853297465,56.14174421839803,10475800
2016-09-19,56.75303268432617,57.213722983978016,56.407518339163424,56.664440475670744,3388600
2016-09-20,56.45182418823242,57.26688341440711,56.43410506858821,57.160568696541844,2927600
2016-09-21,56.94793701171875,57.14284391739744,56.45181525846532,56.69101826645935,3849300
2016-09-22,57.258026123046875,57.65670127323731,56.99224944874007,57.00996519003246,3213700
2016-09-23,56.566986083984375,57.43520593643103,56.51383211149961,57.15170681792538,5083900
2016-09-26,56.18603515625,56.815048632643,55.6810521253907,56.203754274122836,6946600
2016-09-27,56.94793701171875,57.071967450032105,56.32778482015196,56.637860915935356,3916300
2016-09-28,56.89479446411133,57.14285539054374,56.46068446327797,56.939087195743795,3580100
2016-09-29,56.14173889160156,57.4174849586302,55.7785054251824,56.88592494226231,4132500
2016-09-30,56.735321044921875,57.02768143784249,56.37208755587215,56.50497587845539,4307000
2016-10-03,56.53155517578125,56.74418121929369,56.292352144170884,56.54927429437198,2770000
2016-10-04,56.62014389038086,57.03653132301571,56.442956094999005,56.55812866893363,3709400
2016-10-05,57.30575942993164,57.45712478233566,56.709193672814116,56.780426824475036,3345000
2016-10-06,55.151004791259766,56.70029189222109,54.9907335947264,56.59344556006007,7975900
2016-10-07,54.99072265625,55.44482542162793,54.74141346527105,55.302362541556676,4217400
2016-10-10,55.11538314819336,55.640715679142964,55.08866902181752,55.33798162068755,2522900
2016-10-11,54.18936538696289,54.93729628964427,53.91334209548645,54.78592758251762,3926500
2016-10-12,54.038002014160156,54.35854434646324,53.94006154291911,54.1537541667325,3293800
2016-10-13,53.78870391845703,53.922264383333655,52.97844547644533,53.62843271923857,4220500
2016-10-14,53.55720138549805,54.492114422361006,53.512678967460694,54.32293738561974,4963800
2016-10-17,53.33458709716797,53.79758885916088,53.227737401401036,53.66403183432614,3903900
2016-10-18,53.49485397338867,53.93114497489917,53.31677455791032,53.88662597017517,3416600
2016-10-19,54.53662872314453,54.91949838835613,53.66404307116422,53.797600123964784,7888500
2016-10-20,59.46051025390625,60.350904254217916,57.653011520180314,58.17834071964398,25870700
2016-10-21,59.976932525634766,60.181719314631245,59.122155212802625,59.166670831070185,8561200
2016-10-24,59.736534118652344,60.48446866017196,59.71872922647768,60.270775988238164,5174000
2016-10-25,59.42487335205078,59.994724773875504,59.309124617143034,59.594050328055395,3882300
2016-10-26,59.47832107543945,59.718724463043365,58.89065778303674,59.21120016195331,3621800
2016-10-27,59.59407043457031,59.852285508636136,59.1488734364914,59.656397742574676,4751300
2016-10-28,59.16667556762695,59.85228271686231,59.03312190896647,59.78995541176517,4994500
2016-10-31,59.13996124267578,59.505026002611906,59.04201737016445,59.487214320428194,3233400
2016-11-01,58.98859405517578,59.48721244997995,58.52559223045279,59.451595879898775,3761600
2016-11-02,58.27627944946289,58.792709554333214,58.000259507589604,58.55230618450269,3659000
2016-11-03,58.16943359375,58.55230323244829,57.91121855433337,58.34750965181918,3796500
2016-11-04,58.329715728759766,58.837240062149895,57.90232359861507,58.32080988623223,3429900
2016-11-07,59.6563720703125,59.950203592958516,59.344735664398925,59.52281166973121,4012100
2016-11-08,59.71872329711914,59.88790032523522,59.0420219778217,59.46941407242189,3956000
2016-11-09,61.20568084716797,61.4371851861882,59.70981867525584,59.79886350861002,9319100
2016-11-10,62.425506591796875,62.68372159545223,61.481691387044,61.650861580830785,9418700
2016-11-11,62.77275848388672,62.852890659529876,62.01592516576366,62.30085088999228,4656100
2016-11-14,64.48234558105469,64.71384997243999,62.88853916647605,63.039911341517524,8084100
2016-11-15,64.5268325805664,64.5357384196601,63.43164533964616,64.22409518986426,4431200
2016-11-16,63.823429107666016,64.46451374314782,63.4672702220466,64.06383244938883,4663700
2016-11-17,63.9124870300293,64.10837481776822,63.50290656165148,63.53852314061927,3797400
2016-11-18,63.21796798706055,63.75220297761368,63.01317439754583,63.68987567526859,5430600
2016-11-21,63.69878387451172,63.814532642246974,63.18235375415433,63.49399027741595,3368200
2016-11-22,63.859066009521484,64.00152553323171,63.102232382318164,63.94810406098637,4086200
2016-11-23,64.89189910888672,64.92751567684071,63.672063923999566,64.05493353804786,4661400
2016-11-25,64.87410736083984,65.15903316901384,64.51794840233056,64.97205124425906,1900400
2016-11-28,64.22412872314453,64.79398044571018,64.08166918908731,64.58028774804015,4467700
2016-11-29,63.654258728027344,64.33986584294593,63.56522069565474,64.28643758898923,3814800
2016-11-30,64.14398193359375,64.40219699813996,63.9124776010408,64.10836535988047,4812500
2016-12-01,64.58025360107422,64.79394618575377,63.91245832993145,64.5090204751261,4298200
2016-12-02,63.98371505737305,64.69603299327531,63.600845355629865,64.57137158030021,2959100
2016-12-05,64.13506317138672,64.67820392305262,64.09944660484865,64.40218402383947,3929100
2016-12-06,64.38439178466797,64.76726149910172,64.17960495669614,64.52685809383752,3843900
2016-12-07,66.14735412597656,66.53022371959902,64.31314512977681,64.52683773293471,5801500
2016-12-08,66.69939422607422,66.95760241682446,65.88022687279879,66.60145037723873,3415800
2016-12-09,66.57474517822266,66.69940656694044,66.14735993437817,66.63707247599856,2566900
2016-12-12,65.51520538330078,66.51244251709852,65.13233561424101,66.51244251709852,3654900
2016-12-13,65.74668884277344,66.0939487479633,65.0967050354146,65.59532349510543,2892900
2016-12-14,65.95147705078125,67.42953421126305,65.21244847054035,65.4706635212209,5415800
2016-12-15,66.72611236572266,67.43842331722567,66.19187066063857,66.36995349338842,4061600
2016-12-16,66.779541015625,67.11788824456433,66.40557721629739,67.03775605606536,8200600
2016-12-19,66.37885284423828,66.89527602581457,66.01378816766325,66.49460157933619,3076600
2016-12-20,66.83296203613281,67.22473751466723,66.36105436962518,66.779540577484,3244900
2016-12-21,67.0644760131836,67.28707451386373,66.50353023700983,66.87749408779234,3244500
2016-12-22,66.40558624267578,67.1089983188337,66.33435309221665,66.77955009283555,2865200
2016-12-23,66.75282287597656,66.9932262079528,66.5480293172694,66.5480293172694,1957500
2016-12-27,66.76173400878906,66.87748276400383,66.59255700310396,66.86857692339777,2049400
2016-12-28,66.21858215332031,67.11787490248444,66.02269445170758,66.80623846499365,2517300
2016-12-29,65.8178939819336,66.49459502721953,65.44393029631405,66.12953038661655,2573700
2016-12-30,65.96039581298828,66.19189338529142,65.74669634032227,65.85354607665528,3378800
2017-01-03,67.09114837646484,67.44730713249682,66.54800780197782,66.68156818463521,5853900
2017-01-04,68.19104766845703,68.45036402959867,67.11801374420126,67.2968561426472,4635800
2017-01-05,67.35050201416016,68.11950723288484,66.9034062740709,67.95855249356714,3383000
2017-01-06,67.484619140625,67.88700250057434,67.11799742953217,67.4220260219187,3089600
2017-01-09,67.83334350585938,68.40562531567048,67.53825877894941,68.08371594488457,4818700
2017-01-10,68.5397720336914,69.7469290567849,68.06585168420676,68.42352278576116,9561400
2017-01-11,68.77225494384766,69.24617523294121,68.04795536457702,68.55764412369587,4500200
2017-01-12,68.74542999267578,68.80802311562017,67.81547015026014,68.70072451750907,4056700
2017-01-13,68.51295471191406,69.4160832087245,68.32517531687012,68.79015189191136,3454300
2017-01-17,68.49505615234375,69.4786652744493,68.37881373263244,69.2104119623143,6450300
2017-01-18,69.2908935546875,69.39819898466446,68.41458975403008,68.95110325963616,5988400
2017-01-19,68.57552337646484,69.5501884823421,68.50398644517001,69.39817761994354,8111400
2017-01-20,68.13740539550781,68.77228751143704,67.4131122953813,67.94962595555432,8465900
2017-01-23,67.93170166015625,68.38774104949101,67.71709769781982,67.8869893745234,4444300
2017-01-24,69.23722076416016,69.44288772964826,68.0390010800312,68.25361186718497,4024300
2017-01-25,68.7543716430664,69.76480540212302,68.31621979630681,69.74692457704934,5278300
2017-01-26,68.79014587402344,69.2640662327425,68.52188572049158,68.80802670059398,3344900
2017-01-27,68.71858215332031,69.12097222686225,68.44138510555814,68.85271217783429,3530900
2017-01-30,69.10310363769531,69.13887210890327,68.44140397569379,68.70072027534778,5344500
2017-01-31,68.29835510253906,69.07630428639537,67.93174007714067,68.72757009207999,5568100
2017-02-01,68.63813781738281,69.24618827808607,68.47718308301609,68.71861177349649,3916800
2017-02-02,68.41458129882812,68.75437155188557,68.01219110274953,68.16420881529754,3655500
2017-02-03,69.7826919555664,70.12248220374862,68.77225821234725,68.9779183970944,5235800
2017-02-06,69.58594512939453,70.11352138041784,69.28192345623297,69.4965273915315,3229500
2017-02-07,69.49655151367188,70.08671424612135,69.3177091537338,69.80057329235889,2060200
2017-02-08,69.56810760498047,69.69329388032308,68.92428857628107,69.33561588414116,2223100
2017-02-09,69.90789031982422,70.07778888445044,69.45185075390833,69.56810001271137,3031800
2017-02-10,70.17616271972656,70.36394214496336,69.95261481032931,70.1940435507364,2191200
2017-02-13,70.56063842773438,70.80206707586481,70.17613589764652,70.48015766359877,3317100
2017-02-14,71.00773620605469,71.0434978554788,70.34602971535598,70.64111448914284,3511200
2017-02-15,71.1776351928711,71.6247308998893,70.34603690493167,71.34753374462252,5704100
2017-02-16,71.09715270996094,71.17762665294215,70.56957629146602,71.05244041576809,4295000
2017-02-17,71.2760009765625,71.33859410633237,70.55170807177701,70.83784906817345,2690300
2017-02-21,71.50849151611328,71.93769959272403,71.21340669960628,71.46377921465245,3505500
2017-02-22,71.41011810302734,71.5084796922657,70.9898470984886,71.38329345544201,2943000
2017-02-23,71.58002471923828,71.93769582362766,71.32964539517108,71.41906999340745,3339500
2017-02-24,71.32070922851562,71.43695165658995,70.87361352065255,71.32070922851562,3932300
2017-02-27,71.68731689453125,71.8125031342717,71.16868428867032,71.31175817530992,2619400
2017-02-28,71.58895111083984,71.97345363099475,71.32963482309462,71.64260722625686,4415300
2017-03-01,73.25216674804688,73.32370370604926,72.44739302586959,72.47422450172535,4746400
2017-03-02,71.6247329711914,73.0196762564829,71.58896449493888,73.0196762564829,4409800
2017-03-03,71.4280014038086,72.1254763759,71.3743521067779,71.62472458910577,4579600
2017-03-06,71.08821868896484,71.24917341925939,70.72159692801758,71.08821868896484,3670300
2017-03-07,71.15973663330078,71.55317611837697,70.93618883549986,71.32962832057606,4433500
2017-03-08,70.67689514160156,71.86617144300307,70.61430201111409,71.5353181406324,4326800
2017-03-09,70.90937042236328,71.26704147256466,70.47121178823201,70.8110088369165,4573500
2017-03-10,70.98091125488281,71.05244820457798,70.53381555249648,70.98091125488281,3762800
2017-03-13,70.82890319824219,71.12398801098267,70.69477311771112,70.98091410584573,3664300
2017-03-14,71.25813293457031,71.35649455930584,70.48912758962378,70.60537004515636,3321400
2017-03-15,70.84678649902344,71.43694926614212,70.6321756544904,71.40118079205328,4337200
2017-03-16,71.32963562011719,71.62472038072497,70.9898453886567,71.06138232858673,3474800
2017-03-17,70.86466979980469,71.49954488724089,70.62324111894719,71.4637764119029,6672600
2017-03-20,70.5069808959961,71.17762435440216,70.48910007217934,70.77524100821374,3099500
2017-03-21,69.32662963867188,70.75733392584198,69.13885034055606,70.57849844824678,6804000
2017-03-22,69.45185852050781,69.90789813742128,68.90640110984317,69.23725445107692,4877300
2017-03-23,69.6038589477539,70.10461079704162,69.3087809551211,69.36243025884718,4082900
2017-03-24,69.9257583618164,70.49804025975416,69.6306804116042,69.84528441779626,4726800
2017-03-27,69.38925170898438,69.58597490975536,68.55765342890457,69.04051760657727,3835300
2017-03-28,70.3192138671875,70.51593707433064,69.20147457400086,69.30878000211689,4235900
2017-03-29,69.9704818725586,70.94514729110851,69.87212026600812,70.14931743602884,2913600
2017-03-30,70.82890319824219,70.90938397541655,69.82740632870146,69.92576793294828,2924100
2017-03-31,70.73948669433594,71.02562768763087,70.46228952580817,70.57853195922382,5228400
2017-04-03,70.27449035644531,70.80206676618303,69.72009612163059,70.79312294306527,3022700
2017-04-04,69.97940826416016,70.29237383333708,69.88104668211344,70.1850684287031,2563700
2017-04-05,69.81783294677734,70.9581160104691,69.72804801147232,70.56305407494528,2858400
2017-04-06,69.96143341064453,70.30262549135998,69.27008240786974,69.81777899519554,2914800
2017-04-07,69.82678985595703,70.2487864855918,69.46765020108899,69.56641566122265,2203000
2017-04-10,69.57537078857422,70.13204806528825,69.4586511169083,69.9614519796513,2217100
2017-04-11,69.3688735961914,69.64720883904191,68.85709213506216,69.61129350929527,4642300
2017-04-12,68.84809875488281,69.56639151560822,68.758313872329,69.48558032620657,3055800
2017-04-13,68.05802154541016,68.96485828867586,67.96822976079649,68.53388786319643,3666600
2017-04-17,68.8391342163086,68.87504954770972,67.90535615032621,68.08493280733188,4160800
2017-04-18,68.04901885986328,68.67752004679255,67.81557262608275,68.64160471466099,3845900
2017-04-19,67.83351135253906,68.49792765254207,67.79759603224878,68.40814277688982,5283600
2017-04-20,71.84695434570312,72.08040051410102,69.54842853423855,69.5843438563111,11099300
2017-04-21,71.46089172363281,72.251015313788,71.37110682024672,71.72127273855676,5837800
2017-04-24,72.2330551147461,72.6550517010342,72.04450476026294,72.40365122838999,3563200
2017-04-25,72.39466094970703,73.08601900667723,72.39466094970703,72.78074215226036,5061300
2017-04-26,72.2958984375,72.65504487186931,71.96369363708087,72.38569018370369,3661600
2017-04-27,72.12530517578125,72.61015180767258,71.90083952306202,72.52036006646641,2922700
2017-04-28,71.15560913085938,71.98164105654492,70.97603935576177,71.77513650019745,5313200
2017-05-01,71.1376724243164,71.3711118194417,70.82341496522939,71.12869187830405,3458100
2017-05-02,71.416015625,71.52376163865729,71.06584964330165,71.06584964330165,3334900
2017-05-03,70.77850341796875,71.38905019972898,70.65280321438405,71.1376497925596,3800600
2017-05-04,70.32959747314453,71.30826467471553,70.0243205473248,71.13767539425578,3902200
2017-05-05,70.32058715820312,70.68871405259648,69.92552548619989,70.58096809201008,2936700
2017-05-08,70.17695617675781,70.69771136823192,69.98839897018968,70.48222622520301,2608600
2017-05-09,70.42835235595703,70.69770705577562,70.1140949309455,70.17695189606683,2570600
2017-05-10,70.61688995361328,70.62587049703076,70.15897814138725,70.28467834864185,2396900
2017-05-11,69.96143341064453,70.43729936517273,69.35986727379364,70.21283377528991,3780600
2017-05-12,69.57537078857422,69.86268654587707,69.33295090122256,69.76392111210284,2865800
2017-05-15,70.32959747314453,70.58997851717758,69.56641543381994,69.56641543381994,3327000
2017-05-16,70.15001678466797,70.60792872213727,69.88963575552462,70.5720133887917,2457500
2017-05-17,68.56978607177734,70.15001970384493,68.4530595210095,70.15001970384493,4441600
2017-05-18,68.57874298095703,69.00073949934384,68.21062287671724,68.47997754686021,3545700
2017-05-19,68.95587158203125,69.44969205349176,68.506940144258,68.73140586314462,3283900
2017-05-22,69.11747741699219,69.24317765381281,68.68650028350068,69.09053578040279,2800000
2017-05-23,69.31499481201172,69.51252569380563,68.97380946628037,69.15337925873929,2239600
2017-05-24,69.2431869506836,69.54845703819214,69.07259081345819,69.54845703819214,2091300
2017-05-25,69.5304946899414,69.96146498091088,69.36887911829054,69.57538371808654,3185200
2017-05-26,69.5484390258789,69.67413924702151,69.15337727363168,69.28805803918398,1858800
2017-05-30,69.21623992919922,69.51253629708644,69.12645501927418,69.35092071916155,2073000
2017-05-31,69.08158111572266,69.23421618103167,68.21963346143811,69.21625508502412,3117100
2017-06-01,70.28469848632812,70.37448339578513,69.09053932511637,69.34194666180528,3553400
2017-06-02,70.4732437133789,70.6977093957315,69.82678145217959,69.82678145217959,3534800
2017-06-05,70.90421295166016,71.11071752037385,70.58098185700997,70.70668207713524,2738600
2017-06-06,70.79647827148438,70.86830893735053,70.29367731071989,70.44631233807348,2878000
2017-06-07,71.65840911865234,71.90980954082187,70.74259231644228,70.85033829029254,4284000
2017-06-08,71.78412628173828,72.0085919759903,71.53272580019991,71.65842604096909,4079800
2017-06-09,72.10735321044922,72.48446076084146,71.58659803636758,72.17918387244288,3849400
2017-06-12,71.98165130615234,72.48445907828751,71.89186640581889,72.14326686681208,3352300
2017-06-13,72.35873413085938,72.49341487317865,71.89184865431928,72.00856831091752,3174400
2017-06-14,72.58322143554688,72.65505209959615,71.48783463446665,71.92778546400743,4013100
2017-06-15,72.45751953125,72.9423662272023,72.03552980250632,72.17020373181334,2773400
2017-06-16,73.13091278076172,73.15785441537307,72.52036588239532,72.6011770859321,5914700
2017-06-19,73.51700592041016,73.57088234821384,72.98727013974714,73.22969008933958,3076500
2017-06-20,74.0826644897461,74.35201923035929,73.44518269843344,73.60679828286129,3929100
2017-06-21,73.81328582763672,74.34302834024653,73.61575495344825,74.16345170455328,2683400
2017-06-22,73.84919738769531,74.19038270288614,73.67860130502596,73.72349717419617,2312100
2017-06-23,73.82225036621094,74.25322049813764,73.6785890888042,73.97488533584553,3785300
2017-06-26,74.4866943359375,74.7829906931137,74.01980871111532,74.07367828509308,2491600
2017-06-27,74.59443664550781,74.98949158539217,74.53158652892515,74.5764755549705,2994500
2017-06-28,75.39352416992188,75.6628788418048,74.88174275818143,74.98050819291626,3668500
2017-06-29,75.0882568359375,76.6684971417767,74.66626711150305,76.24650056719331,5092600
2017-06-30,75.63597106933594,75.99511761024627,75.05235879662544,75.50129026022574,3320800
2017-07-03,76.40812683105469,76.98275850453146,76.04000662624138,76.04000662624138,2306900
2017-07-05,76.50725555419922,77.39949280365269,76.43515376862598,76.80467026268528,3501200
2017-07-06,75.47083282470703,76.46220854796512,75.45281081199603,76.3089973738993,3213400
2017-07-07,76.00255584716797,76.32700700214451,75.49785023053522,75.6420537998602,2454600
2017-07-10,75.97551727294922,76.21885219437662,75.67810257653447,75.82229926582364,2147000
2017-07-11,75.84932708740234,75.98450930722774,75.2905487001129,75.91241441532188,2733200
2017-07-12,76.44416809082031,76.58837166174042,75.75921488095925,75.95749135297203,4629100
2017-07-13,76.93986511230469,76.99393801750271,76.37207210370451,76.5433121381719,3309400
2017-07-14,76.85874938964844,77.11109878359109,76.23688347171455,76.47121085580642,3354700
2017-07-17,76.80467224121094,77.0750436300684,76.40811928634744,76.72355601135027,2190500
2017-07-18,77.07505798339844,77.11110888382733,76.39011150326789,76.5703591294062,2816000
2017-07-19,77.4445571899414,77.48962252437381,76.87677110651816,77.29134605447865,5539700
2017-07-20,76.92182922363281,77.01195301609309,76.18280312385116,76.5523196117443,5386400
2017-07-21,77.13812255859375,77.75998837432299,76.99392587547061,77.31837700750289,3570400
2017-07-24,76.60641479492188,77.21025194365203,75.57898813481168,77.01197541696293,5389100
2017-07-25,76.97592163085938,77.59778071407911,76.67850687853364,77.36345331442801,3255200
2017-07-26,76.87675476074219,77.25527873587474,76.75958766653223,76.97589297461069,3038100
2017-07-27,75.56996154785156,76.78665009448852,75.10131364043785,76.76862808405185,6119300
2017-07-28,76.4261474609375,76.69651884728225,75.36267017223655,75.59699066520103,3321200
2017-07-31,76.81369018554688,77.23727273500167,76.46219567479935,76.75961040450599,3079800
2017-08-01,76.82268524169922,77.36343483200976,76.73256145598148,77.2552890395501,3148800
2017-08-02,76.87675476074219,76.93082764976022,76.57934011913669,76.74156566219395,3252300
2017-08-03,77.09308624267578,77.3995085798123,76.73258411733401,76.82270792966793,2381800
2017-08-04,77.48059844970703,77.80504956447079,77.36343134515113,77.49862045563667,2840200
2017-08-07,77.3724594116211,77.67888857441824,77.21924826822502,77.59777234344061,2089100
2017-08-08,77.4535903930664,78.11150042871073,76.97592798680253,76.99394999933806,2922800
2017-08-09,77.22825622558594,77.48060558787212,76.82268885676507,77.27331468256308,2961000
2017-08-10,76.2098617553711,77.12914258364066,76.2008541867066,77.00296786227136,3755200
2017-08-11,75.96649932861328,76.48021247327878,75.67809908732745,76.39008868712774,3078600
2017-08-14,77.02996063232422,77.21020816747868,76.35402206149091,76.37204406460526,2893600
2017-08-15,78.21963500976562,78.3818605890256,77.39949267128328,77.49863090727575,3774100
2017-08-16,78.76039123535156,79.11187887380895,78.39988915395789,78.40890359689419,3379600
2017-08-17,77.58876037597656,78.97668890538046,77.55271635662002,78.71532507101169,3870400
2017-08-18,76.94886779785156,77.62480657396904,76.79565665883942,77.49863188584082,4271200
2017-08-21,76.87675476074219,77.18317696651525,76.56131123879523,77.01193698328726,2505100
2017-08-22,76.87675476074219,77.26429317604547,76.52526723011866,77.02996586362872,2155300
2017-08-23,76.85874938964844,77.06604032096149,76.33602171590707,76.3450361588351,1960400
2017-08-24,76.93082427978516,77.08403537596023,76.64242409098382,77.0479844928597,2057900
2017-08-25,77.02996063232422,77.47157190665455,76.98489531053424,77.05699707499711,2302100
2017-08-28,76.97592163085938,77.2282710415579,76.79566714035633,77.20123458698389,2105500
2017-08-29,76.98491668701172,77.06603291355674,76.06564300086399,76.38107971297327,2779400
2017-08-30,77.22825622558594,77.27331468256308,76.80466684917509,76.94886353790815,2131700
2017-08-31,77.59776306152344,77.75998862806895,77.23726103853295,77.50763927477686,3792300
2017-09-01,77.6338119506836,77.99431396438341,77.55270260750324,77.78702307180471,2262700
2017-09-05,76.8857650756836,77.42652148922345,76.31797909267087,77.25528149986893,3089800
2017-09-06,76.81369018554688,77.36344743075506,76.60639925623477,77.12011248208931,2823300
2017-09-07,76.07466125488281,77.07504434169826,75.77724653598918,76.84973141090096,2905400
2017-09-08,75.93045806884766,76.61541130727237,75.72316714600682,75.86737072294044,3462100
2017-09-11,77.22825622558594,77.61579471081241,76.57935393627608,76.57935393627608,3397500
2017-09-12,78.00334930419922,78.0484077704812,77.33641799356964,77.48062158808604,3333300
2017-09-13,78.08443450927734,78.2015947365674,77.85912161956313,77.88615806616825,2396500
2017-09-14,77.67888641357422,78.22865050200109,77.65184996266876,77.99432313414583,2764900
2017-09-15,78.39990234375,78.39990234375,77.57075223025423,77.97631284254925,7791600
2017-09-18,79.1929931640625,79.1929931640625,78.36383633441099,78.48100346169056,3395100
2017-09-19,80.21138763427734,80.41867851540303,79.20198342688919,79.28309964159179,4043800
2017-09-20,79.69768524169922,80.5538715755259,79.5534816743996,80.43671133409838,4251000
2017-09-21,79.68868255615234,80.03116264101247,79.34620934729777,79.71571901000856,2877800
2017-09-22,79.670654296875,79.95004013281718,79.40027602750804,79.58053049908769,2770100
2017-09-25,79.49940490722656,79.88694338048586,79.16593933107185,79.56249224584998,2863100
2017-09-26,79.93199157714844,80.00408646583158,79.49037342544952,79.73371516226366,2197800
2017-09-27,80.65299987792969,80.87831276708827,80.23842498699831,80.8242398740114,2888900
2017-09-28,81.23880004882812,81.39201113546144,80.41866485637728,80.41866485637728,2458800
2017-09-29,81.5272445678711,81.8066304514738,81.04958216970923,81.1487204269888,2996300
2017-10-02,81.59930419921875,82.16709011711694,81.20275137503438,81.50918043263212,4466400
2017-10-03,82.40144348144531,82.5907055139573,81.64438847539257,81.64438847539257,2912300
2017-10-04,82.02288055419922,82.56362994459995,81.93275680179936,82.5546155065595,3091700
2017-10-05,82.47528076171875,82.89145619083169,82.12242932356133,82.29433042131114,2991000
2017-10-06,82.82813262939453,82.86431579812934,82.41195026089082,82.5567105460313,1891800
2017-10-09,82.95480346679688,83.19907784640093,82.78290233509891,82.8643248274499,1653700
2017-10-10,83.13574981689453,83.54287609783826,83.03622883221028,83.12670057213651,2247200
2017-10-11,83.19905090332031,83.82331741938715,83.06333989079941,83.10857919582266,3051400
2017-10-12,82.88240814208984,83.44334385160911,82.71050704186382,82.90049972511636,3279000
2017-10-13,84.01332092285156,84.06760257384869,82.56575270834712,82.78288621488535,3224200
2017-10-16,83.19905090332031,84.45662627441958,82.15860901072517,84.17616191041219,4294000
2017-10-17,82.95480346679688,83.3257396584254,82.85528248555606,83.18098626006217,2939600
2017-10-18,83.30760955810547,83.4795037077839,82.94571587567803,83.05428605117062,4720200
2017-10-19,83.14478302001953,84.09474645978972,81.46198275236954,81.78768647530502,6512100
2017-10-20,83.3166732788086,84.40235460472799,83.2081099780014,83.9952215190521,4442200
2017-10-23,83.57904815673828,84.22140634505469,83.4342947845718,83.4342947845718,2963100
2017-10-24,84.9180679321289,84.98139883775066,83.53383035028857,83.77810472838644,4481500
2017-10-25,84.61947631835938,85.26183440131372,84.384244361804,85.0447009274042,4266100
2017-10-26,86.57372283935547,86.60991291236027,85.02663345679079,85.03567579812902,4136800
2017-10-27,86.66419982910156,86.87228413331681,85.97660220539025,86.35658764117109,3212200
2017-10-30,86.01277923583984,86.9627495837699,85.80468806063277,86.60990503226445,3096500
2017-10-31,86.4198989868164,86.501328363225,85.51516801922911,85.93135033856282,3146400
2017-11-01,86.66419982910156,87.3698890391377,86.3475452992842,87.11656541528382,2320000
2017-11-02,86.83607482910156,87.07129989329333,86.30228000871473,86.85416640998208,3013300
2017-11-03,87.24320220947266,87.24320220947266,86.6551257355615,87.10749119202407,2089500
2017-11-06,87.1165542602539,87.5146381339371,86.79085052770405,87.17083591482881,1848300
2017-11-07,86.28421783447266,87.66845547898777,86.11231669605137,87.2341814618108,3200900
2017-11-08,86.06707763671875,86.2027886989093,85.4518601369994,86.03993680479091,2163700
2017-11-09,84.81852722167969,85.64183570580184,84.39330256746709,85.3523151731044,3949800
2017-11-10,84.61044311523438,85.18042808329392,84.49283056593717,84.85472435941703,2714400
2017-11-13,84.95425415039062,85.02663429711558,83.9409528038934,84.13999475611166,2708500
2017-11-14,84.82758331298828,84.85472413948267,84.08570414442491,84.65568220845714,2843700
2017-11-15,84.3752212524414,84.85472761360762,83.95904578987167,84.38426359327643,3236600
2017-11-16,84.64664459228516,85.08091858349616,84.41141946199049,84.63760225057831,2586500
2017-11-17,84.76422882080078,84.82755969917467,84.06758225613991,84.42042670744418,3261200
2017-11-20,84.9994888305664,85.3523334270661,84.75521445704773,84.97234800045888,3456600
2017-11-21,85.41567993164062,85.63281349716175,85.15330704296646,85.42472227422996,2917000
2017-11-22,84.8818588256836,85.68706883200223,84.57425361093242,85.39755519942192,2159100
2017-11-24,84.5742416381836,85.15326882137423,84.56519239710447,85.01755781538144,837300
2017-11-27,84.5652084350586,85.04471476496371,84.46568747195944,84.65568015536242,2731300
2017-11-28,86.2027816772461,86.2027816772461,84.66474150450473,84.827593385358,3536400
2017-11-29,87.39701080322266,88.04841820962115,86.49227982823578,86.81798353143502,4325500
2017-11-30,88.40126037597656,89.10694941320556,87.58700113973181,87.77699381109736,5328300
2017-12-01,88.5369873046875,88.86269105769775,86.71847583413876,88.73602925403272,3445200
2017-12-04,89.19743347167969,89.7221791523839,88.64555386565321,89.22458120210258,4562400
2017-12-05,89.30599212646484,90.24691315204524,89.18837958672333,89.7493083636207,3525600
2017-12-06,88.85363006591797,89.40551652429724,88.8174399978628,89.24266466932386,3081300
2017-12-07,89.18839263916016,89.67694825678024,88.19318981921576,88.44651342037793,3026100
2017-12-08,89.1612548828125,89.56838112691456,88.79031180936559,89.56838112691456,3850300
2017-12-11,89.56836700439453,89.60455707189418,88.88076952700045,89.20647323194767,2984100
2017-12-12,89.90311431884766,90.16548711486855,89.43265037337943,89.45979119666623,3455500
2017-12-13,88.464599609375,89.84883699026142,88.44650802577421,89.6769427871288,3463900
2017-12-14,87.89460754394531,89.25170388203232,87.89460754394531,88.94409178940717,3464600
2017-12-15,89.13411712646484,89.42363084196194,88.15701265075683,88.46461795360622,7891800
2017-12-18,90.18359375,90.95261378253983,89.55932710000222,89.74027745636768,3485400
2017-12-19,89.70408630371094,90.82595088945143,89.67694547622088,90.66309902196086,3282600
2017-12-20,89.12504577636719,90.41881128134364,89.07980646888336,90.21072013048693,3091000
2017-12-21,89.1159896850586,89.74025618709946,88.99837715820904,89.6135944189388,2339500
2017-12-22,89.33314514160156,89.60456722733606,88.85363877234761,89.08887078648081,1980300
2017-12-26,89.17933654785156,89.49599102498979,88.7812526894207,89.3874277199995,1575200
2017-12-27,89.68598937988281,89.7945595942852,89.17934218443898,89.4779050971328,2569900
2017-12-28,90.2016830444336,90.39168263943142,89.89407780024689,90.14740139017715,1914900
2017-12-29,89.84883117675781,90.69928050451878,89.8035987694075,90.47309776011849,2056800
2018-01-02,89.51409149169922,90.22882984308464,88.86268403714287,90.22882984308464,2746700
2018-01-03,90.06597900390625,90.2559716965546,89.58646574811743,89.78550768400144,2976400
2018-01-04,91.56404876708984,92.29039006161916,90.71060571195744,90.81955205730407,3122000
2018-01-05,91.77288818359375,91.77288818359375,91.0374656054499,91.56406277821833,2550300
2018-01-08,90.92850494384766,91.88182009610661,90.90126835762653,91.70023823669649,1896500
2018-01-09,91.26443481445312,91.5186591229197,91.03745401992892,91.11917070794779,2978500
2018-01-10,91.89997100830078,92.23589809911955,91.09192005868898,91.14639322435623,2279200
2018-01-11,91.455078125,92.09970256235893,90.97387316224561,92.09970256235893,2745400
2018-01-12,91.6729965209961,91.72746969039035,90.72875566570904,91.57312442583762,3231500
2018-01-16,91.10099792480469,92.96224299735914,90.92849725103032,92.61723472290709,3814000
2018-01-17,91.48233795166016,91.70023756674111,90.10229089337174,91.69115639576577,4469700
2018-01-18,90.66519165039062,91.55495231442853,90.41097431780835,91.55495231442853,5290700
2018-01-19,89.00371551513672,89.82992900150494,87.47840417076091,88.07763684354288,12306000
2018-01-22,89.26700592041016,89.2851613359974,87.92327657911956,88.30460957549245,4983600
2018-01-23,88.95830535888672,89.33963138545464,88.46802607034084,89.12173178840202,4375200
2018-01-24,90.1567611694336,90.34742417771902,89.12172945193944,89.2034392011033,4949500
2018-01-25,90.51085662841797,90.89218267037438,90.0659693192319,90.27479468139103,3375200
2018-01-26,90.45639038085938,90.74692554210353,89.8390022973525,90.65613460300935,3668700
2018-01-29,90.2566146850586,90.95571223824099,90.09318829345857,90.56530513202436,3472100
2018-01-30,89.62108612060547,90.88309864378122,89.60293070689866,90.29294725821119,3466500
2018-01-31,90.24755096435547,90.52900488828455,89.43041884838053,89.64831843700617,3202900
2018-02-01,90.79232025146484,90.82863801079395,89.33964451282226,89.83899811806273,2952100
2018-02-02,87.77803039550781,90.51088163848031,87.74171263001419,90.3656105765058,4663300
2018-02-05,83.53801727294922,87.81433480081631,80.45107694469675,87.00628369051111,6421900
2018-02-06,85.50817108154297,85.54448882540841,80.36025037766538,81.48607272988856,7244000
2018-02-07,84.99067687988281,86.1164995172531,84.80909504146614,84.91804137375489,3796800
2018-02-08,80.20594024658203,85.31755281097085,80.15146706570137,85.11780857853509,5814900
2018-02-09,83.27468872070312,84.00102287779701,79.4795707569739,81.23186221472953,8017600
2018-02-12,85.98031616210938,86.8700838620506,83.91025256960144,84.05552359281782,7419200
2018-02-13,85.85320281982422,86.08018358610074,84.27341862607251,85.37200470362251,3366700
2018-02-14,87.36945343017578,87.6690628246308,85.04516530536574,85.31754503876597,3446800
2018-02-15,87.66905212402344,88.25920352308901,86.65218268750776,88.1230136730118,3057400
2018-02-16,87.87788391113281,88.51342735543405,87.38760457114155,87.49655784455207,3280700
2018-02-20,88.24104309082031,88.71316002708201,87.61457397223369,87.68720947839797,3514700
2018-02-21,88.52251434326172,89.42135639552158,87.84157192523662,87.99591721086524,4431500
2018-02-22,88.38630676269531,89.04001246130915,88.11393400620828,88.60420635326557,4270100
2018-02-23,89.70278930664062,89.73910012859245,88.56788563083244,88.77670402811584,2440600
2018-02-26,92.28130340576172,92.31762116102001,89.85715038922437,90.27479418433951,4953100
2018-02-27,90.41100311279297,92.71712910654269,90.41100311279297,92.29948522329896,5167300
2018-02-28,88.53157043457031,91.11914950463907,88.45893493476777,90.82861443233139,4053700
2018-03-01,86.37982940673828,89.24887059875846,85.8259955934294,88.81306433060017,4369800
2018-03-02,86.79743957519531,86.93362941396593,84.61842293557433,85.91675313496869,3584700
2018-03-05,87.75982666015625,88.3318155662358,85.9802917652165,86.33438112520409,2661400
2018-03-06,87.22418212890625,88.05946981602247,86.37981327019622,88.05946981602247,3221100
2018-03-07,86.83375549316406,86.91547216546152,85.5989796543574,86.44334832461632,3594900
2018-03-08,87.6962890625,87.77800574363745,86.33440441003991,87.20601668328949,3760500
2018-03-09,89.92977905273438,89.98425221802262,88.12300723244016,88.59513108794832,3044300
2018-03-12,88.67686462402344,90.51994776432679,88.50436391203523,89.96611401231678,4020900
2018-03-13,86.58863830566406,89.18529921865313,86.32533974574231,89.08542711223784,4858700
2018-03-14,85.82597351074219,87.31496690957027,85.42648511162602,87.12430388096588,3013800
2018-03-15,85.69884490966797,86.62493017842596,85.30843777223122,86.3071516110292,3213000
2018-03-16,86.80652618408203,87.5147050777788,85.58990565557721,85.84412993643292,5124900
2018-03-19,86.10741424560547,86.6884913400466,85.16318041853278,86.6521735887126,2610400
2018-03-20,86.2072982788086,86.84284862488975,85.99847983832335,86.570468915583,2501600
2018-03-21,86.01661682128906,87.40573780190235,85.7079263486649,85.90767050243454,2124000
2018-03-22,82.99324798583984,85.30844756982889,82.7299494743613,85.1087033937484,4113900
2018-03-23,82.12164306640625,83.85577954277375,82.0853322374437,83.36550022893535,5100400
2018-03-26,84.09184265136719,84.42776977567786,82.43942283465171,82.956938740796,2769800
2018-03-27,83.0023422241211,85.10872389647459,82.50298859052843,84.2643549931184,4357300
2018-03-28,83.71957397460938,84.92711315459944,83.1657404236937,83.31101141988906,5509700
2018-03-29,84.69107055664062,85.6807103948527,83.79222857520143,83.88301950507038,4940600
2018-04-02,82.62101745605469,84.93622456212364,81.67677642532834,84.5639726970227,4998400
2018-04-03,84.20075988769531,84.37326743908025,82.78440251350716,83.12033644859854,2864500
2018-04-04,84.96346282958984,85.27215342214527,82.69365461290003,82.81168214648213,4619200
2018-04-05,85.84745788574219,86.62209552415183,85.48293070638502,85.84745788574219,2482300
2018-04-06,83.76049041748047,85.49201488944999,82.75802009845604,84.97255615727747,2968900
2018-04-09,83.97008514404297,85.88387993286862,83.80604519340605,84.48042856695443,3109700
2018-04-10,84.75383758544922,85.38265860536866,84.32551062712196,85.1274868734907,4584000
2018-04-11,83.47795867919922,84.58066888944026,83.25924107997885,83.78781498492627,4064900
2018-04-12,85.07281494140625,85.61050427342548,83.89719618452618,84.31640794270749,3137300
2018-04-13,84.78117370605469,85.93856867803983,84.33462318956596,85.78363702901035,2510300
2018-04-16,85.30064392089844,85.84744153872357,84.85409334418063,85.46468390153687,2811500
2018-04-17,85.53759765625,86.21198119690621,85.29153419286787,85.62872943965067,2651700
2018-04-18,86.71321105957031,86.79522757367384,85.66517823315735,85.70163233483967,4981400
2018-04-19,93.29302215576172,93.83070448404011,90.26740139991291,90.54991198237046,11716900
2018-04-20,91.85311126708984,93.56641214348086,91.47035367016869,93.13808518615606,5614700
2018-04-23,91.68907165527344,92.1903068100027,91.05114232462549,91.84399635658676,3183300
2018-04-24,91.53414916992188,92.69153725580485,90.7504034287759,92.2176478776951,5048900
2018-04-25,90.02133178710938,91.40655967352345,89.21936250485942,91.13315742009989,5129200
2018-04-26,91.34278106689453,91.59795283522455,89.82085181508185,90.08513884739772,3021100
2018-04-27,90.77774047851562,91.39744623948661,90.15803471754464,91.12404398059331,2017000
2018-04-30,89.99400329589844,91.47036311883785,89.97577972159945,91.1331678945807,2567000
2018-05-01,89.83908081054688,90.05779847211176,88.66346208115837,90.05779847211176,2915200
2018-05-02,88.97331237792969,90.5590345600245,88.90041112531306,89.36518529149438,3542000
2018-05-03,88.5267562866211,88.69079626240796,87.04128819409637,88.55409512376745,3572300
2018-05-04,89.62944793701172,90.17624542387364,87.52427448378506,87.80678501220048,2363200
2018-05-07,89.83908081054688,90.21272319268233,89.57479378273932,89.79351144430419,2152100
2018-05-08,90.89620971679688,91.47035306126483,89.66591347607837,90.02133223555465,3199100
2018-05-09,91.58882141113281,92.01714835507305,90.66837459242561,91.33364968782578,2694300
2018-05-10,92.39078521728516,92.83734265958854,91.33364428993278,91.78019477932858,2847600
2018-05-11,92.42724609375,93.57552581793247,92.2905449677674,92.49103902548747,2522100
2018-05-14,92.30879974365234,93.09254565541876,92.14475973995914,92.67333385773834,2234800
2018-05-15,91.80755615234375,92.25411370428505,91.1058337824363,91.88046435913938,3442300
2018-05-16,91.67082977294922,92.26319662253978,91.34275683848051,91.38831924050601,2135200
2018-05-17,92.2449722290039,92.62772977655735,91.40654894781808,91.72551357077928,2876100
2018-05-18,92.0353775024414,92.34523386587682,91.55237286079144,91.9806998306798,2927600
2018-05-21,92.99229431152344,93.30214377481518,92.36347316754836,92.5639672686946,2084000
2018-05-22,93.5937728881836,94.08589289353031,93.02875162319685,93.24746930793657,2910700
2018-05-23,92.89203643798828,93.18366229124796,91.96248120350704,92.79178939909507,2553900
2018-05-24,92.9649429321289,93.23833825352746,91.78932427726173,92.67331708422525,2230000
2018-05-25,92.13560485839844,92.62772465787535,91.5614685687955,92.3634377126244,1850800
2018-05-29,89.05532836914062,90.98734698297287,88.38094490692986,90.98734698297287,4377800
2018-05-30,90.21270751953125,90.60458036124518,89.27403714244872,90.08512165970883,3076800
2018-05-31,89.58389282226562,90.54990202605912,89.1282270539996,89.93019630310098,2780300
2018-06-01,89.53834533691406,90.77775708559673,89.51100649660496,90.53169361699571,2711200
2018-06-04,90.63194274902344,90.68662738380758,89.89376623207971,90.04869096599708,2417400
2018-06-05,90.50433349609375,90.59547221290705,89.70236423965513,90.33118523054586,1811500
2018-06-06,92.01715850830078,92.04449734554198,90.74129279807786,91.13316568865542,2872700
2018-06-07,92.48193359375,93.31124173214356,91.94424433559541,92.44547949549306,4245700
2018-06-08,92.04449462890625,92.31789689906643,90.75951369322541,92.30878163595214,3580500
2018-06-11,92.2267837524414,92.65511084979636,91.85314129603017,92.20856017406716,3453000
2018-06-12,91.79841613769531,92.50013826525615,91.35185873997698,92.50013826525615,2426100
2018-06-13,91.15140533447266,91.93515125381911,91.09672765034941,91.92604294173856,3183800
2018-06-14,90.9144287109375,92.13560953416676,90.6865958451493,91.60703561684039,3285500
2018-06-15,89.78441619873047,90.4679151273085,88.68170542830717,90.42235270381636,6741200
2018-06-18,89.73883819580078,89.8117464042235,88.68169003239969,89.17381000988887,3621300
2018-06-19,88.5267562866211,89.24670912741296,88.0528668859639,88.5267562866211,3119600
2018-06-20,87.87059783935547,89.21025650499283,87.81592016415684,89.03710126298535,4495300
2018-06-21,88.06197357177734,88.36271468065644,87.26911949752525,87.63365354287185,3350700
2018-06-22,88.60877227783203,89.27404043531469,88.46295588813777,88.71812761719458,7235400
2018-06-25,89.80261993408203,91.22429505637662,87.16887207141653,88.44473774796968,7996700
2018-06-26,89.50189971923828,90.97825981211196,89.37431381709108,90.67751863437488,5166100
2018-06-27,88.36271667480469,90.59548340737324,88.33537783754572,89.70237532376406,3693700
2018-06-28,88.37183380126953,88.80926911245261,88.00729974001104,88.40828790268627,3142300
2018-06-29,89.31051635742188,90.6592904800592,88.99155161815591,89.42898698831785,4698500
2018-07-02,90.22180938720703,90.25826347787392,88.5449629339714,88.76368052506587,3148700
2018-07-03,89.16468811035156,90.50434679056218,89.05533275876468,90.50434679056218,2041200
2018-07-05,90.11588287353516,90.20734182911288,89.2927383175936,89.95125396234685,2385500
2018-07-06,90.10675811767578,90.57320798262359,89.81408519764189,90.05188412575468,1996600
2018-07-09,91.37802124023438,91.46948017685028,90.6188988083701,90.78352768542658,4991700
2018-07-10,91.37802124023438,91.89019686757915,91.06705248229677,91.37802124023438,4675500
2018-07-11,91.73471069335938,92.19201232796662,91.14936515929165,91.14936515929165,3469600
2018-07-12,92.51213836669922,92.67676726326143,92.00910368890628,92.40238344303428,3688800
2018-07-13,91.91764831542969,92.51214196379019,91.11279977753698,92.44812000029725,3456500
2018-07-16,92.09143829345703,92.26520823170523,91.5243815520307,92.00912034134227,3264800
2018-07-17,92.51213836669922,92.79566319716228,92.05483665156761,92.17373258546849,3092200
2018-07-18,94.18587493896484,94.26818590759194,92.759088681921,92.87799160709952,5923800
2018-07-19,91.61583709716797,92.7133655578873,90.80184048551695,91.64327408755845,7171100
2018-07-20,91.59754180908203,92.64933722837597,91.4420608889603,91.57924583149658,3325500
2018-07-23,92.5761489868164,92.74077786321102,91.46947980911301,91.59752371543443,2617900
2018-07-24,93.02429962158203,93.37184635912524,92.5304130085242,92.79564879949244,3155100
2018-07-25,93.86573028564453,94.00292217054557,92.44809941598484,92.58529130088587,2549400
2018-07-26,93.7468490600586,94.34134266918423,93.61880514152325,94.05781086853865,2744000
2018-07-27,94.98155975341797,95.33825451389907,93.90232748435795,94.08525234734188,3815800
2018-07-30,92.23775482177734,94.30476053414542,91.78045310528081,93.9572137416414,4423000
2018-07-31,91.02132415771484,92.55785809582284,90.94816119142013,92.42067317285154,4330400
2018-08-01,90.95732116699219,92.31093750480763,90.70123328688771,91.36889695533557,3315400
2018-08-02,91.21339416503906,91.3963120418843,90.24390987972403,90.45427171817882,2481800
2018-08-03,92.18287658691406,92.28348351812167,91.1859552625487,91.4237540979367,1830400
2018-08-06,92.30176544189453,92.66760816571491,91.82617478543673,92.16457354822819,2004600
2018-08-07,93.26213073730469,93.97552043289052,92.71336996976727,92.82311793655171,1852800
2018-08-08,94.00294494628906,94.15842586384241,93.11577845056465,93.28955534540121,2228900
2018-08-09,94.19501495361328,94.49683579112833,93.54564728912011,93.69198720229267,2435500
2018-08-10,92.90543365478516,93.47248341052304,92.53044283630028,93.3718764581428,2473800
2018-08-13,93.11575317382812,93.56391378329111,92.74076947576299,92.81393940929192,3389200
2018-08-14,93.45417022705078,93.83830195790259,93.13406045134094,93.2255193904195,2327100
2018-08-15,92.84140014648438,93.22553192900085,92.22861051871298,92.89627412173795,2219600
2018-08-16,93.88404846191406,94.33220221256721,93.1706588651562,93.19809585305138,2290400
2018-08-17,94.23159790039062,94.48768576505054,93.34443138505381,93.86575510321748,1950800
2018-08-20,94.9632797241211,95.09132365136693,94.14013520763307,94.22244617034653,2267900
2018-08-21,95.85957336425781,96.26200106481048,94.89924404867035,95.04557695386333,3218400
2018-08-22,96.79249572753906,97.18577553460182,95.58521931620923,95.94191414379273,2761300
2018-08-23,96.37174987792969,96.96623642610628,96.17968402696766,96.52723076044143,1866800
2018-08-24,96.72847747802734,97.25894225619939,96.44494562062656,96.86566941188299,1844000
2018-08-27,97.90829467773438,98.16438250782579,97.20404616711293,97.6704958449909,1972000
2018-08-28,98.11865997314453,98.2558518903764,97.56989928208779,97.91744609158721,2275000
2018-08-29,97.59733581542969,98.14609650393074,96.84736124630841,97.89915663636002,1896200
2018-08-30,97.15831756591797,97.56073829755584,96.92051873958434,97.4967163417587,1868300
2018-08-31,96.92967987060547,97.31381165747662,96.30774922515518,96.50895612932284,2115500
2018-09-04,97.87173461914062,98.10952653454575,96.56385117292518,97.26809288494651,2941800
2018-09-05,96.65528869628906,98.09121577159291,95.92360317677476,97.86256491897848,5511800
2018-09-06,96.3991928100586,96.82905749354627,95.62178137164474,96.49065174789499,3623900
2018-09-07,97.0211410522461,97.26808092723118,96.35347742631153,96.61871327892274,2498400
2018-09-10,98.12779235839844,98.59424201166823,97.4601288555664,97.4601288555664,3337000
2018-09-11,99.06068420410156,99.20702408593141,97.37781743027598,97.59732027515113,2795800
2018-09-12,98.66740417480469,99.40823761289968,98.46619730474404,99.06068388361302,4103100
2018-09-13,99.38081359863281,99.86555230761164,98.7131500140871,98.96008987376425,3429600
2018-09-14,100.2039566040039,100.61553236316725,99.54544097163927,99.54544097163927,2999800
2018-09-17,99.87469482421875,100.82588325790005,99.63690294920139,100.79844627061887,2383100
2018-09-18,100.2771224975586,100.48748436299525,99.66433985587234,100.09420459725156,2173200
2018-09-19,100.69783020019531,101.02708797345196,100.35943141725431,100.6063712582618,2365700
2018-09-20,101.62158203125,102.22521663308963,101.20086531412055,101.38378319883074,2844800
2018-09-21,101.42952728271484,101.98743596349776,101.30148335380113,101.78622208152743,5662900
2018-09-24,100.46920013427734,101.3746557090537,100.01189835216604,101.28319674820573,1871600
2018-09-25,100.48748016357422,100.82587896278746,100.03931946417077,100.82587896278746,1910600
2018-09-26,98.78630828857422,100.70697389886102,98.59424242533251,100.67953691523644,2944200
2018-09-27,98.63997650146484,99.09727820706077,98.17352680795334,98.78631639663327,2121700
2018-09-28,97.3961181640625,98.65827537440758,97.20405227941662,98.10950772928166,3931500
2018-10-01,98.68572235107422,99.68263685008803,98.42048648984557,98.60340440482406,3361300
2018-10-02,99.13387298583984,99.20704294066104,98.14609952936657,98.78632616724559,2223100
2018-10-03,99.18875122070312,100.0576287712918,99.00583330366933,99.92043684458082,2505100
2018-10-04,98.89500427246094,99.91387857429594,98.0413530196547,99.36313741188471,2478700
2018-10-05,98.42689514160156,99.56509467430877,97.95876192129701,99.18875049642246,2399800
2018-10-08,98.20658111572266,98.42688319445199,96.90315866365128,97.87613500068284,2723400
2018-10-09,97.90367889404297,98.15150998102645,97.24278665801467,97.57323277602882,2604400
2018-10-10,95.06736755371094,98.2249612337964,95.0214695280831,98.17906320816857,4555600
2018-10-11,93.24073028564453,95.77414137801445,93.2131942742358,94.74609293579644,6069300
2018-10-12,94.54413604736328,96.30651049489197,93.36003874582114,95.74658835223126,4855900
2018-10-15,94.19535827636719,95.05818370733142,93.81901408602072,94.40647238061328,2780900
2018-10-16,95.70986938476562,95.8934544295364,94.2595860478702,94.60838712835458,3121000
2018-10-17,95.7741470336914,96.64616046377256,95.38862884509393,95.76497303138326,3792400
2018-10-18,94.39729309082031,96.15967500968452,93.89244983010242,95.94855389854604,4538200
2018-10-19,97.96794128417969,98.72062262427978,95.51713117406096,95.51713117406096,5726300
2018-10-22,95.93017578125,98.17903840783416,95.87509676379864,97.85777331875838,5003100
2018-10-23,95.81085205078125,95.93935809755034,93.47937419745652,94.00258639180055,4223800
2018-10-24,93.47935485839844,96.33403731243466,93.17645181256705,95.85673023790272,4056700
2018-10-25,95.09488677978516,95.61809196552038,93.44266319469962,94.0668384165464,3378900
2018-10-26,92.93781280517578,94.23206126348427,91.91893844528953,94.12191022350453,5395700
2018-10-29,92.88273620605469,94.77361677926916,91.8271448849,94.05765256234538,4238700
2018-10-30,93.69966888427734,93.984216964941,92.16677044520304,93.25907175652203,3778200
2018-10-31,94.29629516601562,95.19583729943093,94.13107214107465,94.59919820919673,4511300
2018-11-01,95.49876403808594,95.7098781049904,94.56249773208431,94.78279980588118,2786800
2018-11-02,95.19586181640625,96.42585731953235,94.4431805096173,96.31570627351887,4322200
2018-11-05,96.57272338867188,96.74712746981217,95.27848179536888,95.49877689577163,2697700
2018-11-06,96.36157989501953,96.98575499161431,95.80165780823366,96.36157989501953,2856000
2018-11-07,98.50031280517578,98.65636186580524,96.28816698016048,97.05002926557444,3606900
2018-11-08,99.5926284790039,99.71195353119695,98.24330787589636,98.24330787589636,2896700
2018-11-09,99.39067840576172,100.35448074062361,98.53702711012964,99.48246743692614,4444000
2018-11-12,97.74764251708984,99.53756038905154,97.5732454343856,99.28054826459882,3154600
2018-11-13,99.00515747070312,99.31724156843947,97.72927106538526,97.89449411802626,3021800
2018-11-14,98.92257690429688,100.3545128603773,98.1148233672422,99.69362041957963,4978100
2018-11-15,100.60230255126953,100.69409157397259,97.60993279038598,97.92202387124061,3742600
2018-11-16,100.47380828857422,101.31827860125087,99.6660549898906,99.6660549898906,3486200
2018-11-19,99.36314392089844,100.98783150689856,98.60128164474419,100.87768746903338,3161200
2018-11-20,97.38048553466797,99.04189745012502,96.80220821785146,98.72063227411584,3779000
2018-11-21,97.75682067871094,98.83076716881429,97.41719352238934,97.63749562527332,2791000
2018-11-23,97.0592041015625,97.71091535032323,96.66450495056043,97.18771015044183,938800
2018-11-26,100.67573547363281,100.72163348601097,98.0597098383071,98.35343890958835,4488500
2018-11-27,101.07044219970703,101.29991827281452,99.80373679725312,100.51052002108044,2837900
2018-11-28,103.62222290039062,103.88841600582568,101.27238997386674,101.27238997386674,3995900
2018-11-29,102.17192077636719,103.04393402380609,101.41006556410537,102.80527695573238,4249500
2018-11-30,103.05309295654297,103.21831597904344,101.30908072276901,101.30908072276901,3949500
2018-12-03,103.13573455810547,105.14594734959302,102.80528842791423,104.63191614537638,3399400
2018-12-04,98.80322265625,102.95215419723353,98.71143362280615,102.67678009384764,5238400
2018-12-06,99.36314392089844,99.49164996711067,96.17801476894999,96.96741305457053,7455200
2018-12-07,97.9220199584961,100.62066053706612,97.07754977848549,99.31723125577216,4419400
2018-12-10,97.1051025390625,97.9587538691874,95.00310072610864,97.24278959289964,4110000
2018-12-11,96.74711608886719,99.14284690846968,95.93018180971353,98.57374371273337,3132200
2018-12-12,98.65636444091797,99.803744899603,97.7568150799649,98.46359836117088,4183800
2018-12-13,97.94037628173828,99.46410062987411,97.60075620642255,98.92253350507225,3542600
2018-12-14,97.0224838256836,97.7109120657042,96.31570058060628,97.08673684796335,5245400
2018-12-17,92.87357330322266,96.80220326139433,92.50641011955922,96.80220326139433,7345500
2018-12-18,92.7266845703125,94.14943896389259,92.2218414329207,93.60787881600895,5220800
2018-12-19,90.66141510009766,93.62624941284867,90.1382098687951,91.57014550424539,6195600
2018-12-20,87.90769958496094,90.75320877167475,87.43957339232877,89.8720214052996,7110500
2018-12-21,83.83220672607422,88.6970956233361,83.66698366145448,87.38449211081671,11005300
2018-12-24,82.15243530273438,84.0341419293259,82.15243530273438,83.29063468015175,3190900
2018-12-26,86.13614654541016,86.18204456717073,81.73939058049895,82.47370990728389,5383700
2018-12-27,86.90718841552734,86.90718841552734,83.76795706475346,84.77765049883774,4226600
2018-12-28,86.66852569580078,87.7975511100523,86.23710953753438,87.56807502612799,3225100
2018-12-31,87.49463653564453,87.76082961978537,86.55837724233362,87.32023247978061,2821100
2019-01-02,87.82508850097656,88.3666487060897,86.07188783075384,86.20040088258271,4175400
2019-01-03,86.11079406738281,87.72370094018277,85.9264646660349,87.3642536853532,4776600
2019-01-04,89.99100494384766,90.6453835952232,87.46565505808397,87.89883697574376,4637200
2019-01-07,90.47946166992188,91.17070744274606,89.41955007858166,90.11079585140585,3289000
2019-01-08,90.92188262939453,91.7237234069876,89.88040092907475,90.95874992275886,3227200
2019-01-09,91.08777618408203,91.78823361863861,90.46104629988308,91.00482302131913,2954500
2019-01-10,90.56243896484375,90.94031643157825,90.15690575318159,90.73754982574718,3523800
2019-01-11,90.8297119140625,90.94952533579698,89.73293286197872,90.21219358063335,2770600
2019-01-14,90.72830200195312,91.27207856225998,89.9725403389259,90.10157230346361,4120500
2019-01-15,90.31356811523438,91.12463437361023,90.08315284305326,90.88500052166137,5795100
2019-01-16,91.622314453125,92.12922373467808,90.79281822764806,91.18913270028067,4701900
2019-01-17,91.69605255126953,92.38729831355833,90.848126103807,91.62232501406253,5693300
2019-01-18,92.60850524902344,92.91264805093033,88.82047777707803,90.49790060411179,9872500
2019-01-22,92.00942993164062,92.79284046567027,91.2075822377235,92.02786005981191,4699800
2019-01-23,91.89884948730469,92.3412500154089,90.74677283587665,92.10161610303088,3585100
2019-01-24,91.90805053710938,92.66381239500907,91.59468209120553,91.8804018278242,3415900
2019-01-25,92.87577819824219,93.63153995587007,92.24904842130329,92.56241682563052,3488300
2019-01-28,92.5163345336914,92.54399027209156,91.6868452062986,92.2121917284481,3185400
2019-01-29,93.0508804321289,93.47484358779752,92.6637845550029,93.03245030871479,2827400
2019-01-30,94.62693786621094,94.79283713569119,92.66380237045765,93.17071172651929,3501500
2019-01-31,94.65460205078125,94.83893850907812,93.73294085444758,94.00944202603444,4302100
2019-02-01,94.98638916015625,95.41957099513616,94.38731508034085,94.38731508034085,4727800
2019-02-04,95.31819152832031,95.35505881699802,94.48869511236248,94.96796283345648,2578300
2019-02-05,95.76058959960938,96.0186535822741,95.3089776299461,95.5117371650997,2231200
2019-02-06,96.7375717163086,96.8481736065991,95.3274310157644,95.7145270842044,3595700
2019-02-07,96.21220397949219,96.57165125459635,95.4933094292839,95.90805412156827,3857300
2019-02-08,96.33201599121094,96.33201599121094,95.32740875791166,95.60390990321918,2581900
2019-02-11,97.15229797363281,97.29054151048143,96.59929569937427,96.72832768824365,2653800
2019-02-12,98.61773681640625,99.01405136712401,97.93570957739759,97.94492112547942,3238600
2019-02-13,99.13385009765625,99.97256494216641,98.70988690204229,99.12463855093849,3182100
2019-02-14,98.26749420166016,98.94952134397839,97.91725853615247,98.61772283545274,2385900
2019-02-15,98.96796417236328,99.62234269491687,98.7283373545601,98.9218853374239,3882300
2019-02-19,98.15690612792969,98.82972181787902,98.12003884050763,98.66382254033782,3692800
2019-02-20,98.41496276855469,98.78362858356469,98.15689880756234,98.22141479781043,3840800
2019-02-21,98.25829315185547,98.57165455930087,97.99101058165515,98.3781065667523,2566500
2019-02-22,99.02326202392578,99.12464529844289,98.48869694587484,98.59929879945226,2256400
2019-02-25,98.55320739746094,100.32279476496096,98.3965267208179,99.72371373058535,3333500
2019-02-26,98.56242370605469,99.18915342990806,98.08315607690594,98.31357131315035,2548100
2019-02-27,99.00483703613281,99.19838502989886,98.24907518973929,98.48870905275666,2393500
2019-02-28,99.29976654052734,99.95414508823504,98.69147386124656,98.82050585478237,3295800
2019-03-01,100.36888885498047,101.06013463630717,99.72372190671278,99.908058334096,2682000
2019-03-04,100.4610595703125,101.46566679079189,99.31820177894359,100.97718753446954,4053200
2019-03-05,100.32280731201172,100.75598914537868,99.8343280639055,100.48870658794553,2685700
2019-03-06,100.44264221191406,100.87581707592179,100.3228217537758,100.3965563385198,2616000
2019-03-07,99.41036224365234,100.1200381641092,98.98639900092651,100.0555221713404,3048200
2019-03-08,99.52096557617188,99.60391169736792,98.32280337075646,98.42418665114003,2077100
2019-03-11,100.97718811035156,101.18917325781996,100.19377757979788,100.47027872315385,3289200
2019-03-12,101.77903747558594,102.56244801903141,101.14308905443175,101.14308905443175,3917500
2019-03-13,103.35506439208984,103.46566624395108,101.46565652182399,101.54860966864878,4234100
2019-03-14,103.54861450195312,103.94492902301317,103.11543269617637,103.58548178666982,3538200
2019-03-15,104.62696075439453,104.85737602009297,103.71451827110914,103.88041754368065,4780400
2019-03-18,104.65460968017578,105.29976956944684,104.29516245162256,104.83893906804882,2918000
2019-03-19,103.84355926513672,105.27213684907352,103.55784656103596,105.27213684907352,3331300
2019-03-20,102.0923843383789,103.64999365506786,101.93570365835045,103.4656642705303,3309300
2019-03-21,103.06013488769531,103.39193341715107,101.20759427018666,101.34584482941247,3111000
2019-03-22,100.88502502441406,102.59931526459515,100.45184317434344,102.57166655615937,3737400
2019-03-25,100.49791717529297,101.44722688863955,99.71450672468664,100.71911384837483,3596200
2019-03-26,100.92190551757812,101.75140203776468,100.50716077334346,101.373517555123,2844500
2019-03-27,100.44264221191406,101.38273355639055,99.8435610163738,101.08780224913156,3346600
2019-03-28,100.60851287841797,101.27210285710439,99.99099469657966,100.84813966306235,2693300
2019-03-29,100.73755645751953,101.74216363557011,100.59008731300797,101.5670457843916,4891000
2019-04-01,102.94955444335938,103.2629229115537,101.45646778202179,101.65001579250195,5125100
2019-04-02,102.30435180664062,102.72831494329489,101.72370801699297,102.49789973652318,3568900
2019-04-03,101.89884948730469,103.2260437282456,101.70530149912017,103.06014444812799,3719700
2019-04-04,101.85260772705078,102.19482500449261,101.27915245133092,102.04684087126033,3619600
2019-04-05,102.62953186035156,102.86076278299744,102.14857464615555,102.18557244057183,4553700
2019-04-08,102.38905334472656,102.52779331454053,101.6676139696235,102.31506480988604,4776600
2019-04-09,101.6028823852539,102.02834650474601,101.26990923841508,101.75087358678623,2869300
2019-04-10,101.8896255493164,102.1856009305586,101.29766773022229,102.1856009305586,2650100
2019-04-11,101.6028823852539,102.50931085311716,101.20516485189691,102.21333550666141,2320600
2019-04-12,102.5832748413086,103.17522535180167,102.1578037963229,102.50002805194819,2316900
2019-04-15,102.23182678222656,102.63879551352474,101.97284924653084,102.59254650074682,2285000
2019-04-16,103.48046875,103.61920872669133,102.61104520551051,102.7497781255935,2523400
2019-04-17,103.36949157714844,104.05393325112757,102.89777843722615,103.87819546129968,3799900
2019-04-18,105.1360855102539,105.57080082058869,102.96251601518848,103.82269542210815,6186800
2019-04-22,103.89667510986328,104.88634313130606,103.80418415635232,104.14640139000359,3174400
2019-04-23,105.41354370117188,105.47828807083395,103.4989521336136,103.76718082410139,3342800
2019-04-24,105.4598159790039,105.77429376253052,104.90486307134354,105.21934085487017,2318400
2019-04-25,107.18016052246094,107.75361578202316,106.13499923594127,106.5789657363456,4595200
2019-04-26,108.77104949951172,108.89129412304109,107.3836636460572,107.83687438233505,2990600
2019-04-29,107.99411010742188,108.86353372314223,107.79987694678405,108.43806960127718,3096200
2019-04-30,108.42881774902344,108.53980408630676,107.38364936221612,108.26233118649006,2387900
2019-05-01,108.23456573486328,109.13174283191381,108.15132599098402,108.6507856240825,2450500
2019-05-02,108.44729614257812,108.8172670076909,107.9200899531898,108.21606523395856,2538700
2019-05-03,110.38966369628906,110.67639489766022,108.79879349320485,109.05777810722604,2856200
2019-05-06,110.38040161132812,110.63013498610242,108.2623323439644,108.45656549289524,2924500
2019-05-07,109.34449768066406,110.4451593102593,108.81729137322773,109.48323766822287,6282300
2019-05-08,108.66930389404297,109.2427592358465,108.04960659254168,108.9837816803898,4037500
2019-05-09,108.45655059814453,108.48429717895146,106.7176895970964,107.42988476864282,3219600
2019-05-10,109.56649017333984,110.00120555851308,107.48541128767971,108.08661326597014,2435100
2019-05-13,107.19865417480469,108.11432662721901,106.9396766776861,107.67961137565243,3710600
2019-05-14,108.22533416748047,108.89128042240718,107.07842359216959,107.27266379703028,2460700
2019-05-15,108.8265380859375,109.35374437156621,107.19867021624188,107.45764775211443,2711400
2019-05-16,110.84285736083984,111.31457044301092,108.9282655056844,108.9282655056844,4143500
2019-05-17,110.13066864013672,110.61162587653806,109.61271360761097,109.69595335643487,5273600
2019-05-20,110.84285736083984,111.2868238599317,109.71445632817223,109.90868946633489,2765600
2019-05-21,111.49956512451172,111.61980267620437,110.38040113464433,111.42556952811233,3369100
2019-05-22,111.0000991821289,111.80477831367462,110.47289293654073,111.3238210773834,2941100
2019-05-23,109.53870391845703,110.4358809533413,109.00224652860354,110.3156363672596,3290200
2019-05-24,110.53764343261719,110.64862977049883,109.44623308492748,110.26016347469617,2240100
2019-05-28,109.29826354980469,111.10186952046021,109.29826354980469,110.39892532928427,2550300
2019-05-29,108.22533416748047,108.96526896225912,107.32815696607133,108.87277799498784,2553900
2019-05-30,107.97561645507812,108.5028228072632,107.39291692580288,108.41033182657642,1882400
2019-05-31,106.0979995727539,107.27265665437179,105.95925960278065,107.07841646244442,2969100
2019-06-03,106.0147705078125,107.22641845068652,105.3395730160941,105.95927028026564,2968500
2019-06-04,108.07733917236328,108.2160791466935,106.57896720809987,107.02292665802672,3043200
2019-06-05,109.25199127197266,109.36297760105168,108.22532538834422,108.38256072561144,2568100
2019-06-06,110.46363067626953,110.65786379399763,109.27972954538929,109.5294558234376,2209300
2019-06-07,112.01752471923828,112.2487556748875,110.58388997156959,110.87062115506858,2481800
2019-06-10,113.4511489868164,114.18183252935509,112.2949943153705,112.47072502693676,3453700
2019-06-11,113.97836303710938,115.37499289506438,113.83962305571681,114.27433837099618,3303800
2019-06-12,112.86844635009766,113.94136130881616,112.46147763381018,113.69162793960035,2685700
2019-06-13,112.71121215820312,113.48814474459654,112.30424343774462,112.92394067545486,2343900
2019-06-14,112.84069061279297,113.40489463038556,111.86027375574713,112.84994182557863,2483800
2019-06-17,112.33199310302734,113.0626837545242,112.19326017780084,113.0626837545242,2094200
2019-06-18,114.1633529663086,115.66173216834346,113.03494472168333,113.58989762949322,2729200
2019-06-19,115.31950378417969,115.54148352825591,114.39457995115181,114.9125350395326,2951700
2019-06-20,115.54147338867188,116.91036364633118,115.1252605229785,116.2536686293041,3303200
2019-06-21,115.36573791503906,116.82711201966723,115.20849552068759,115.80044613292866,5703800
2019-06-24,114.82003784179688,116.00393915482182,114.69980029040194,115.59697748884977,2680900
2019-06-25,113.91360473632812,115.21774346622882,113.8026113534526,114.94026353734388,2387800
2019-06-26,114.31131744384766,114.69053955050093,113.79336242657281,113.93210239380225,1902500
2019-06-27,114.63506317138672,115.06977850594066,114.28358759539388,114.40383221101624,1504300
2019-06-28,114.17257690429688,115.19924271394264,113.95059014891963,114.95876059058764,4338900
2019-07-01,115.54147338867188,116.91036364633118,115.1992561167132,115.89294893060764,4008800
2019-07-02,115.70795440673828,115.92068996438879,115.24549255294907,115.4119791025775,4076100
2019-07-03,116.77494812011719,116.95123546423218,115.92135891045406,116.17186617117063,3714300
2019-07-05,116.34815979003906,117.08113548091323,115.33683639120085,117.02546169211466,3731500
2019-07-08,115.83783721923828,116.1904118631769,115.64299669011825,115.9677309053183,3332000
2019-07-09,116.81204986572266,116.94194355505215,115.21620502118881,115.2997050734684,2237100
2019-07-10,117.7306137084961,119.15017156275017,117.5543263403783,117.5543263403783,2733800
2019-07-11,118.09243774414062,118.47284576116519,117.31307558049336,117.81409714798464,2928100
2019-07-12,118.72338104248047,118.76049454646748,117.7120646038732,118.34298001429839,1639400
2019-07-15,119.28933715820312,119.39138335045321,118.53780121307274,118.99242917486949,2355700
2019-07-16,118.8161392211914,120.00374281375205,118.57491210804213,119.89240940112185,2734000
2019-07-17,117.90689086914062,119.3542819554405,117.84194401472143,118.77904041020656,2248900
2019-07-18,119.1316146850586,119.77181023715208,117.5172232831054,117.54505664125259,3524500
2019-07-19,115.81001281738281,118.76046848956753,114.8636434487238,117.64709192894804,7819000
2019-07-22,116.90483093261719,116.91411107583139,115.69866714708041,115.74506078447615,4839700
2019-07-23,118.94603729248047,119.66973281587266,117.23885883511181,117.25741204500667,4055100
2019-07-24,118.71409606933594,118.96461044139195,117.63783281218663,118.49142213314587,3628300
2019-07-25,117.97183990478516,118.93676967305142,117.36875791478418,118.58419496082014,2663500
2019-07-26,117.62854766845703,118.35224323933004,117.18319981500127,117.91616845209207,4236200
2019-07-29,118.00895690917969,118.25946419438809,117.40587490127044,117.74916947898532,1829500
2019-07-30,117.34091186523438,117.74915324421119,117.18318481560264,117.43369206627212,1575400
2019-07-31,115.39250946044922,117.45225558756952,114.69664727355452,117.39658887779434,3221000
2019-08-01,115.1327133178711,117.02545928859433,114.60385834654225,114.8358124055229,4489800
2019-08-02,115.33683013916016,115.89352552491158,114.19562017145664,114.97498238562724,3268800
2019-08-05,112.0059585571289,114.19560507705044,111.48638381635936,113.62035655785921,5876200
2019-08-06,113.70388793945312,113.98222857623253,112.14515630598856,112.32143658567925,3497000
2019-08-07,114.62242889404297,114.91004968774472,111.54207899823523,112.19154759003813,3170800
2019-08-08,116.24610137939453,116.62650236938457,114.7708698284004,114.91004368470948,2976100
2019-08-09,117.06257629394531,117.59143128111539,115.71724554303017,116.51516809611854,2138300
2019-08-12,115.00279998779297,116.6357582664085,114.863633239092,115.9677295579442,2918000
2019-08-13,117.2017593383789,117.36876656208864,113.66678136164596,114.9193320001305,3175700
2019-08-14,113.79666900634766,116.28321693843756,113.31420057309094,115.37395386263931,5626300
2019-08-15,113.54615020751953,114.12139883125253,112.39566003872974,113.79666455925657,3031700
2019-08-16,115.63373565673828,115.74507615406762,113.83377696130908,114.58530585192266,2343400
2019-08-19,115.42032623291016,117.0440044357241,115.36465245245739,116.99761079845935,3286700
2019-08-20,112.65544128417969,114.8450880820668,112.58121428931129,114.70591423635749,3641600
2019-08-21,113.65748596191406,114.1770607754208,113.18429771179846,113.65748596191406,2948300
2019-08-22,113.44409942626953,114.78015720513613,112.98019126179383,114.40902925782021,2322100
2019-08-23,109.25965118408203,113.23998402296621,108.61017551668716,113.19359037576776,4800400
2019-08-26,109.97406005859375,110.35446812258957,108.90706994489291,109.78849963824416,3170600
2019-08-27,109.2503662109375,110.72559068812306,108.41533014900396,110.49363661973466,3145800
2019-08-28,110.49364471435547,110.6977654420791,108.52667860067733,108.58234531599217,2327400
2019-08-29,112.02452850341797,112.45132311549172,111.30083298387221,111.76474109421447,1901300
2019-08-30,111.68125915527344,112.87814312362276,111.17095731961696,112.70185574790924,2366200
2019-09-03,109.11119842529297,111.59774645991925,109.03697142039623,111.20806530222659,3198700
2019-09-04,109.85344696044922,110.15962802613691,109.29675861835655,109.87200017109258,3746900
2019-09-05,111.95958709716797,112.85028986291043,110.87404376504524,110.87404376504524,5261100
2019-09-06,111.51424407958984,112.44206038555883,111.3379567162792,112.39566673878971,4552400
2019-09-09,111.26370239257812,112.64615344566398,110.8925745455841,112.46058598282951,5336000
2019-09-10,108.84211730957031,110.97609742364162,107.9050280342922,110.9668172795141,6196100
2019-09-11,109.48231506347656,109.5750952706765,108.3225447767872,108.66583932997064,3674400
2019-09-12,110.42866516113281,111.7368892131465,110.20599128711926,110.41011195441287,3733500
2019-09-13,110.59568786621094,111.3101103020581,109.7513788077357,110.63280136353715,3941100
2019-09-16,109.1482925415039,109.89054830128285,108.2575898769745,109.61220062169686,4280600
2019-09-17,110.4565200805664,110.53073999585833,109.01840215681472,109.38953004797732,3054700
2019-09-18,110.16890716552734,110.22458095787924,108.99058356111699,110.0297333026627,2844500
2019-09-19,109.28746795654297,110.89258597308812,109.1111806183525,110.04827693587853,1975800
2019-09-20,108.36894226074219,109.70499286486346,107.96998098483327,109.324591878258,5301500
2019-09-23,109.7049789428711,109.87198613202692,107.71945295994924,107.96068713954664,5089400
2019-09-24,109.64005279541016,111.52351879173288,109.03697077189541,110.30808167815407,5128400
2019-09-25,110.52147674560547,110.81837766916703,108.61017041391882,109.35242626216092,2742900
2019-09-26,110.3266372680664,111.36578697145949,110.26168333292789,110.6977581171774,3411200
2019-09-27,110.02972412109375,110.98538079105742,109.46376272904452,110.53074573839206,2909200
2019-09-30,109.74211120605469,110.63281400765422,109.61221748990539,110.45653372355252,2345800
2019-10-01,108.27616882324219,110.87405752132143,108.19266874672341,110.13180158510531,2841300
2019-10-02,104.71334075927734,107.45039581872751,104.61128040722012,107.40400925422266,4908800
2019-10-03,104.82511138916016,105.20696726328823,103.43737271695811,104.49912802360627,3529300
2019-10-04,106.55744934082031,106.66920856826178,104.87167423416713,104.92756095363733,2728200
2019-10-07,105.84960174560547,106.78096646469439,105.80303066735146,106.09175856217827,2556000
2019-10-08,104.81578826904297,105.84960369472834,104.35942153789551,105.0858848952422,3757300
2019-10-09,106.10106658935547,106.89272517567167,105.45842976814524,105.47705393590905,2365600
2019-10-10,107.12557220458984,107.84272705326657,106.11038802092311,106.9299864565187,2384300
2019-10-11,108.41085052490234,109.50054549865834,108.21526479415758,108.72751110637047,2860400
2019-10-14,108.40154266357422,108.96967572942688,107.98243136845299,108.16870147611817,1864400
2019-10-15,109.51919555664062,110.07802018316144,108.71822827717807,108.99763348468818,2379700
2019-10-16,109.35155487060547,109.89174110507658,109.03488711381189,109.55644917705993,2136700
2019-10-17,110.925537109375,111.13975412223552,109.86378189341175,109.91035297187022,3005500
2019-10-18,108.74616241455078,111.74515838333365,108.66233588264541,111.5123171696797,6188500
2019-10-21,110.87898254394531,111.18632752830094,109.4260486206071,109.48193534064865,4259500
2019-10-22,110.46916198730469,111.15836984045667,110.17112558277287,110.52504159260803,3912100
2019-10-23,108.49466705322266,111.0466113330439,107.5819336673291,110.2922011279296,3921100
2019-10-24,108.42017364501953,108.87654038159127,108.16870118402656,108.44811345051895,2551300
2019-10-25,110.14319610595703,110.37603729088082,108.28977515782438,108.37360167938645,2325000
2019-10-28,110.44123840332031,111.11182218843146,109.96624037124167,110.49711801682976,2552700
2019-10-29,109.36084747314453,110.67407518420832,109.04418686822792,109.98486015159722,2756300
2019-10-30,109.96623992919922,110.0593749865904,108.83928939154232,109.37948267246033,2264400
2019-10-31,109.23046875,110.09663834694176,108.86723702603247,109.70546681432288,2507400
2019-11-01,110.9627914428711,111.25151223033339,110.05936653349038,110.28289918096009,2036600
2019-11-04,111.40986633300781,112.22946484601246,110.84173320391656,111.40986633300781,1956400
2019-11-05,110.6181869506836,111.72651326419563,109.67751368021025,111.61474693741953,2630000
2019-11-06,111.47505187988281,111.5029916861343,110.72995721967989,110.72995721967989,2420700
2019-11-07,112.9559097290039,114.02698055562705,111.85689909828822,112.01522939197851,2845000
2019-11-08,113.13288116455078,113.44954177955378,112.59268788581105,112.70445421767941,1984600
2019-11-11,112.60199737548828,113.44953558553146,112.2387656989342,112.47160688163548,1704100
2019-11-12,112.5926742553711,112.90934193778776,112.14562319351624,112.57405008852236,2012400
2019-11-13,112.00592041015625,112.66718849209627,111.88483845191104,112.01522894098379,1807900
2019-11-14,112.62995147705078,112.67652256180207,111.57751175572037,111.76378188322579,1990600
2019-11-15,112.47161865234375,113.00249632023167,112.12701110781134,112.67652005148466,2341500
2019-11-18,111.4471206665039,112.5554399991798,111.20496381740462,112.28534334167479,2617900
2019-11-19,111.76378631591797,112.1828976723026,111.63339580034275,111.77310195438768,1891000
2019-11-20,111.11180877685547,111.97797821044952,110.76720128839382,111.60543091860556,2544100
2019-11-21,110.6461410522461,111.27015376269672,110.35741313241486,111.10250781451228,2783800
2019-11-22,110.8882827758789,111.10249979088012,110.28290138436255,111.02798890690153,1629700
2019-11-25,112.32258605957031,112.32258605957031,110.96279439383689,110.96279439383689,2285400
2019-11-26,111.56818389892578,112.7323898327082,111.39122232315114,112.61131497366449,4596200
2019-11-27,112.07112884521484,112.09906865248335,111.15838820852932,111.7637767537621,2629700
2019-11-29,111.87552642822266,112.59267409573276,111.55885874625498,111.82895535254407,1961500
2019-12-02,109.21183776855469,112.09906720971699,109.03487618379894,112.0524961277025,5538200
2019-12-03,108.5691909790039,108.73683692187146,106.78097232558294,108.07556878771315,3792300
2019-12-04,109.84516143798828,110.40397886963214,108.96967629477174,109.25839709487542,2444100
2019-12-05,110.1618423461914,110.30154850628693,109.51919827320222,109.81724187113961,3128300
2019-12-06,112.3319091796875,113.10494366964012,111.67995666150426,111.95936183826157,3287600
2019-12-09,112.19219970703125,113.18875972994806,111.86622345761907,112.17357553810025,2885200
2019-12-10,112.60199737548828,113.13287498781723,111.79170750161819,112.18287898317658,2518200
2019-12-11,112.35986328125,113.04907133183207,111.85692537220349,112.58338887224276,2015300
2019-12-12,114.22257995605469,114.62306710937747,111.81034850413924,112.32259488720352,2933800
2019-12-13,116.1598129272461,116.4112782835852,113.70101055210067,114.06424223667334,3919000
2019-12-16,115.19120025634766,117.6593184298109,114.874532525212,117.0259900732892,3416100
2019-12-17,116.3740463256836,116.79316481182775,114.79072877114051,115.47993683662685,4325200
2019-12-18,115.73140716552734,116.4858104782999,115.56376119538339,116.44855502874007,3154200
2019-12-19,116.26226806640625,116.32746331726617,115.37746725530799,115.65687953370733,2543600
2019-12-20,117.13773345947266,117.61273143905493,116.26225548633408,117.22155997622183,5828700
2019-12-23,115.94559478759766,117.1098007155558,115.20981578843822,117.1098007155558,3031400
2019-12-24,116.17843627929688,116.72794517373049,115.84314440270158,116.3740220230193,953500
2019-12-26,116.80245208740234,116.83039189187714,115.98284659214757,116.40196497651617,1486600
2019-12-27,116.5975341796875,117.32399741601301,116.52302330782135,117.20291547279353,1788600
2019-12-30,115.7686538696289,116.84903340224717,115.65688752939258,116.60687655127674,2306500
2019-12-31,115.94559478759766,116.02010567236675,115.28432667320732,115.75932468142399,2340400
2020-01-02,117.6185302734375,118.0110576309888,116.10449414277421,116.50636942704213,2708000
2020-01-03,116.45027160644531,116.91756804718577,115.83344401246438,116.1885867404911,2090600
2020-01-06,115.94558715820312,116.0390521478832,115.06707472430688,115.30072293775183,2855200
2020-01-07,115.33811950683594,116.26336453183079,115.29138700713406,115.39419280217552,2042300
2020-01-08,117.32880401611328,118.09516997744572,115.70261422116467,115.93626246706332,3458200
2020-01-09,119.4503173828125,119.51573860120834,118.12319716370938,118.21665502850658,2787100
2020-01-10,118.95498657226562,119.78677370661761,118.6185325482156,119.23536730243337,2789200
2020-01-13,120.132568359375,120.51575488138069,119.28209250503504,119.47835616372888,3285700
2020-01-14,120.37557983398438,121.58119851504748,119.94566078431606,120.2073456803725,3836000
2020-01-15,121.32887268066406,121.34755427331527,120.04847054616936,120.27277800480351,3187200
2020-01-16,122.01111602783203,122.36625166185966,121.22606134955144,121.96438352681976,2424500
2020-01-17,122.91767883300781,123.23543703942227,122.2354156559465,122.85225047599185,3659400
2020-01-21,121.992431640625,123.19806468056926,121.86158918194779,122.53449732964728,3102700
2020-01-22,122.88961029052734,123.61859152111877,122.36622635250285,122.36622635250285,2483800
2020-01-23,122.7774658203125,122.96439581060838,121.62792053592435,122.6746600299522,3841000
2020-01-24,126.2728500366211,129.09532464903847,125.09526809087377,127.44109118703734,8612500
2020-01-27,122.09520721435547,123.34755818883195,120.44097390582763,122.57184442563252,6432400
2020-01-28,123.78683471679688,125.11395500888776,122.56252022075034,123.36627073689066,3712700
2020-01-29,123.06719970703125,124.42237096907498,122.84290651334703,123.81487696107943,2518400
2020-01-30,124.50647735595703,124.60928315370799,121.90831002453139,122.19803156525944,2428500
2020-01-31,121.3755874633789,123.5999233506361,120.91764602359584,123.52515419988926,3522600
2020-02-03,122.43167877197266,123.57188333345769,121.91764978757253,122.0111147886478,2721900
2020-02-04,123.22608184814453,124.61861616801312,123.10458020545568,124.18871141208614,2547500
2020-02-05,124.86162567138672,125.04854141200043,122.70270394591407,124.70273231807032,4084500
2020-02-06,124.53453063964844,125.56258875448572,124.40368817601087,125.3850137836721,1708600
2020-02-07,123.19805145263672,124.06721606464949,122.74943656183314,123.89899617616581,2885600
2020-02-10,123.590576171875,123.83356520368532,122.75878902131447,123.0017780531248,1816500
2020-02-11,123.95503997802734,124.90831430745648,123.66531850962711,124.328871370656,1733300
2020-02-12,124.52518463134766,124.97378530779484,123.86161728303841,124.66536788625041,1715400
2020-02-13,125.6653823852539,125.86163893130767,124.35694361494595,124.4410535632547,3178300
2020-02-14,126.98316955566406,127.45046614107329,125.7308181293497,125.89905231569226,2360300
2020-02-18,126.73081970214844,127.80559597496568,126.11398488400184,126.98314955077021,2428200
2020-02-19,127.97380065917969,128.43175632016155,127.21678268180099,127.38501682163854,1785000
2020-02-20,127.64669036865234,129.0111879137451,126.07656699944752,127.48781129892264,2541700
2020-02-21,126.07657623291016,127.35697820045382,125.13264253982464,127.29154985243254,3106100
2020-02-24,119.80546569824219,122.39429201486537,118.9082573731413,120.96435176315566,6329300
2020-02-25,112.9922866821289,119.61854713436472,112.06704167777878,119.3568622547811,7628100
2020-02-26,110.74925994873047,114.42221037401741,110.72122330226217,113.33807917472265,5268000
2020-02-27,105.43142700195312,109.79598143934356,105.4033903546875,108.31932288674257,8279800
2020-02-28,102.73980712890625,103.76785798635696,100.00144939757071,101.9173678690214,11362100
2020-03-02,106.4220962524414,106.53424283717077,101.48743974338875,103.84261784799675,9851600
2020-03-03,100.94539642333984,108.78663147221454,100.00145545478388,107.49688851131772,9285000
2020-03-04,108.13240814208984,108.21652522058241,102.10428609438952,103.03887910211849,7470900
2020-03-05,103.68375396728516,105.22582677642328,102.52485346573515,104.31927751864583,12060600
2020-03-06,101.16032409667969,101.6556571467782,97.00138893040236,98.81450126959518,9897700
2020-03-09,91.86115264892578,94.80512221162623,90.59945344501965,94.27240445307123,12266300
2020-03-10,96.54345703125,96.60887825419107,91.07608243103502,95.26306209039926,9793200
2020-03-11,89.14148712158203,94.35651831978791,87.730256677455,93.73969058289639,8822900
2020-03-12,78.06654357910156,83.74887010659445,76.4590426547102,81.92641680881236,12206600
2020-03-13,93.08546447753906,93.53407226986299,78.78619537900633,84.46851558937593,12680400
2020-03-16,80.25350189208984,87.0853743054528,75.11324049359975,77.04784768017997,15072400
2020-03-17,80.91706085205078,83.1227008261793,77.77682791025352,81.87969046788903,10512200
2020-03-18,68.92623901367188,76.18802404086405,62.617735781912074,74.78613443380632,14359300
2020-03-19,72.02908325195312,72.7954492376667,65.22524725578785,67.79537804243911,12330400
2020-03-20,69.27203369140625,77.04784693770203,67.81406380559056,73.81415610836815,12208600
2020-03-23,64.44953918457031,70.48700974220485,63.66448440480644,68.05706911340022,8907600
2020-03-24,78.55255126953125,79.2254522979842,67.01032102085375,68.70193934524588,10593900
2020-03-25,84.27224731445312,90.15083801563398,79.73947278649914,81.87969156683076,11046500
2020-03-26,87.18817901611328,93.16957544944586,84.89842196167066,86.20685354558381,9459400
2020-03-27,82.92642211914062,85.95450078871131,80.20675365387994,82.18809295293973,6999800
2020-03-30,84.36571502685547,85.41246185372259,79.69274958073703,82.72083632369494,5565000
2020-03-31,80.01049041748047,84.95448719989709,79.50580944832735,84.05727896486174,6075900
2020-04-01,72.74871063232422,75.99174925738981,71.96365598956505,75.37492162813307,8313400
2020-04-02,72.04388427734375,74.35575332114497,71.263861410008,72.4197923469152,8338100
2020-04-03,69.16812896728516,72.04387404705926,68.2377444382335,71.42361291436761,10023100
2020-04-06,78.81974029541016,79.1768558772216,73.99864050602275,75.38952492726591,11253000
2020-04-07,82.30632781982422,87.68189628018077,82.15595885898142,85.92449669276061,8693200
2020-04-08,86.53534698486328,87.39994688920724,82.81380171965662,83.83816324697996,6122800
2020-04-09,89.11036682128906,91.95791273523344,87.8322593159563,88.89421322951048,6902500
2020-04-13,84.89073944091797,87.79467023551564,82.64465495804522,87.6725008261916,5037700
2020-04-14,83.06755065917969,86.93006549419643,80.73688913463593,85.95268876229571,8703200
2020-04-15,78.7445297241211,80.2575830661958,75.82179988967755,78.40620679235374,10415600
2020-04-16,76.45145416259766,78.88549931686816,75.49287729638908,78.74453023272369,7526600
2020-04-17,82.12776947021484,82.12776947021484,79.20503900948623,80.18241578069329,8269000
2020-04-20,78.95130157470703,80.13542493814137,77.71078626302317,79.4963711612141,6140400
2020-04-21,76.61122131347656,77.49462094595076,74.68466759093485,75.86879794531724,7360300
2020-04-22,77.56981658935547,78.62237785260109,77.03413968975435,78.56598590475723,5130300
2020-04-23,77.49462127685547,79.67492081249634,76.78978297218725,78.22765196651264,5807200
2020-04-24,78.161865234375,79.67491866113998,76.41386571239788,79.06405737959128,9125400
2020-04-27,79.93807220458984,80.02265654319842,77.38185705977561,78.4438181990477,7785000
2020-04-28,82.87959289550781,83.60322376682626,81.0188165307104,82.28752410353364,7165900
2020-04-29,90.33209228515625,90.5858309553731,85.41701600144275,86.225231276929,9396500
2020-04-30,85.75534057617188,88.63107901780981,85.6801560910342,88.10480196182041,6553700
2020-05-01,83.00177001953125,83.70660842226843,81.91162368502431,82.79501627419708,4620200
2020-05-04,81.17859649658203,82.10898847405787,79.90048878306892,80.90605808429004,4875400
2020-05-05,81.51689910888672,83.38707527913704,81.15978360817877,82.701029493319,4410300
2020-05-06,78.94190216064453,82.47549407447929,78.8103328973091,82.22174823091301,4723400
2020-05-07,81.50751495361328,82.10897647561268,79.81589994174819,80.16362279696126,4627600
2020-05-08,84.11070251464844,84.26107145794381,82.27812583064765,83.1709181290099,3913100
2020-05-11,80.19180297851562,82.37210245636999,80.16361059427386,82.23113336517538,5917600
2020-05-12,78.13368225097656,82.00559694712547,78.09609001082133,80.91544349258373,5504900
2020-05-13,73.3313980102539,77.18451379457683,72.73933623839062,77.06234436641118,10681600
2020-05-14,78.76334381103516,78.84792815211787,71.42362849317223,72.28822859097683,10625100
2020-05-15,77.26908874511719,78.36863497481362,76.32930417204592,77.50403488838501,6618600
2020-05-18,83.08634185791016,83.64081120972973,80.74627355043908,81.49810393492541,7781700
2020-05-19,82.00558471679688,84.43022290031166,81.39472345285498,83.09573083876732,4920600
2020-05-20,85.26664733886719,85.83990926394209,83.4246634849081,83.80997855568124,5218500
2020-05-21,84.42084503173828,85.9244988275918,83.75359888389036,84.68398354976429,6241900
2020-05-22,83.9509506225586,84.53361242041318,82.89838940742213,84.30806614930775,3734500
2020-05-26,88.64048767089844,89.8152184803463,87.29659533809057,88.28337208602191,6559400
2020-05-27,95.1343994140625,95.56669947512269,90.97115329669343,93.97846118667191,11007700
2020-05-28,92.15526580810547,96.29031904356117,92.10828088508093,95.42571902405305,9268200
2020-05-29,89.34530639648438,91.26246751389229,88.9599985045959,89.74941399235938,7710900
2020-06-01,90.92416381835938,92.16467925497314,88.86603316466397,89.80581780361344,4269500
2020-06-02,93.10446166992188,94.4389541045558,92.25865408107374,92.66276175296854,5433800
2020-06-03,99.05328369140625,99.49498353557735,95.51029225581127,96.59104582070059,7301000
2020-06-04,100.12464904785156,100.96105674238505,97.01396441245146,97.23951070187951,5841600
2020-06-05,103.12256622314453,108.94922781358181,101.56252036203485,107.23882014645443,10097600
2020-06-08,106.8253173828125,106.86290962848547,103.97777109547252,105.17130159312877,6795200
2020-06-09,103.80859375,105.06790869311271,102.1263786550134,103.45147822552842,5517400
2020-06-10,99.76751708984375,103.68641638556183,99.57955590456602,103.37628580734314,5747400
2020-06-11,92.66275787353516,96.78841159364883,92.2210579750741,94.79607287887104,8601200
2020-06-12,95.55728149414062,97.26768887647337,92.17405896721706,96.99515053033419,7251100
2020-06-15,97.69058990478516,98.4330204745678,91.7417598344779,93.97844422585827,6472400
2020-06-16,99.26002502441406,102.49287829315901,96.66621822659576,102.4552860589894,6706000
2020-06-17,97.69999694824219,99.72993493453251,97.57782754295107,99.3070276023953,4408200
2020-06-18,96.00839233398438,97.25830032671746,95.17197749450479,95.98959262793564,3645700
2020-06-19,94.86186218261719,97.95375445407424,93.33940851147791,97.95375445407424,7589500
2020-06-22,93.4521713256836,94.4483405837131,92.0518872829974,92.09887937516304,4799900
2020-06-23,93.43336486816406,95.52908726952182,93.2736032383258,94.86184119491551,4364800
2020-06-24,89.73062896728516,92.35262146390588,89.27952924368077,91.76995965131765,5958300
2020-06-25,91.95790100097656,92.21164680111953,88.1141862927584,88.91300158916214,5195400
2020-06-26,87.7946548461914,90.5012384428278,86.88306285260128,90.15351564187499,10489400
2020-06-29,88.82840728759766,89.6648218959785,87.71946154669307,88.75322999413511,4962400
2020-06-30,89.46746063232422,89.84337577850744,87.93561483636003,88.49009129022691,4367100
2020-07-01,88.78775787353516,91.53493506419879,88.40069455936816,89.92061311045498,3301000
2020-07-02,89.05210876464844,91.84649183787064,88.59896225431969,91.35558251813788,4239700
2020-07-06,91.17620849609375,92.4223522640407,90.47760740007176,91.11012538728288,4059600
2020-07-07,87.80593872070312,90.17549488449862,87.44719573943826,90.09997649069518,5564200
2020-07-08,87.70210266113281,87.89090947058979,85.63463424574384,86.82413731237348,6382100
2020-07-09,85.50247955322266,87.99476722678479,84.56787347626663,87.33393610217325,4484500
2020-07-10,88.01363372802734,88.08915212459254,84.79442529167147,85.2664494821623,4400900
2020-07-13,88.32516479492188,90.40207556811478,87.58880820536459,88.96711798626986,4819700
2020-07-14,89.53356170654297,89.89230476788667,87.12624220722378,87.97588734919717,4044400
2020-07-15,91.9125747680664,92.30907346222862,90.99684644879693,91.25174361112937,5405600
2020-07-16,90.93074798583984,92.3185003837026,90.31711504224171,91.10067699787443,2666000
2020-07-17,89.85453796386719,91.12900201886973,89.69405144488938,90.95907299803481,2861600
2020-07-20,88.74057006835938,90.02447676469889,88.34407137750965,89.49581184356593,3560100
2020-07-21,90.94017028808594,92.00694222515209,89.42969451800927,89.92059644234045,4227100
2020-07-22,91.13844299316406,91.95976778051974,90.04334327668982,90.44928441951825,4360300
2020-07-23,91.26117706298828,92.30907159241904,90.16608442474346,90.16608442474346,4239800
2020-07-24,89.99615478515625,91.71432294940966,88.07973727916428,89.96783447955349,4790300
2020-07-27,90.43041229248047,90.60978382342029,88.40070645098929,89.34475500958808,3501800
2020-07-28,89.13705444335938,90.90242766792842,88.91048482819335,90.4020831332826,3567400
2020-07-29,91.28006744384766,91.33670805876771,89.15595795410887,89.41084792376886,2791700
2020-07-30,89.35419464111328,89.47691835688146,87.32448886483236,89.38251494455835,3856300
2020-07-31,88.0986099243164,89.16538218717508,87.069600467557,89.03321596708707,4088200
2020-08-03,88.30631256103516,89.11819498520755,87.2678604750648,88.08917820002732,2869000
2020-08-04,87.97588348388672,88.55175365467173,87.31504520137807,88.25909371708877,2415100
2020-08-05,90.05278015136719,90.23215165984459,88.56118188696709,88.57062438807591,2844900
2020-08-06,90.55313873291016,90.88355429784347,89.19371366539609,89.85454479526271,2698800
2020-08-07,93.61186218261719,93.74402840977947,89.63741125753091,89.95839152529591,4690700
2020-08-10,95.9342269897461,96.90659595276063,93.70627158598558,93.92339874339599,5254800
2020-08-11,97.48245239257812,99.78592588840729,97.19923495498766,98.17160378018636,4744000
2020-08-12,95.99085998535156,98.93629415040067,95.04681140453674,98.89853134286578,3407800
2020-08-13,94.80133819580078,96.13244989134238,93.93281540010256,94.90518409556009,3265400
2020-08-14,94.79190826416016,95.62266830674929,93.7156864054969,94.08387192709,1956500
2020-08-17,92.09194946289062,94.40486579383163,91.98810353431584,94.32934017259186,7488500
2020-08-18,91.26117706298828,93.3003255102652,91.07237022269344,92.69613497829855,3337300
2020-08-19,91.46885681152344,92.43179029622361,90.52480832986666,91.40277370590819,3079600
2020-08-20,91.30835723876953,92.12023939307551,90.32654609396889,90.38318668996135,3102500
2020-08-21,90.770263671875,92.18633640559375,90.59089215413141,91.09123670097576,2845100
2020-08-24,93.77234649658203,93.8101093038091,90.99684138680409,91.27061633731108,4141100
2020-08-25,93.50801086425781,95.15065330884337,92.54507731905613,94.99016678548269,2946600
2020-08-26,92.89437103271484,93.59296488489424,92.33737868924068,93.04541504283985,2936500
2020-08-27,95.84925842285156,96.4251286763988,93.01711246869256,93.23424682762004,3992100
2020-08-28,96.80274963378906,97.14260772468748,95.10345917929696,96.43457123573572,4382900
2020-08-31,95.90589141845703,97.14259995124354,95.68876427929753,97.14259995124354,4665800
2020-09-01,96.73666381835938,97.02931658749135,94.55591379801326,94.91464968283697,3142500
2020-09-02,98.55865478515625,99.00235868729077,96.56671207718072,96.84048697855133,3536900
2020-09-03,98.61531066894531,102.92961225435539,98.03944047724237,99.0967774461518,6747900
2020-09-04,99.7575912475586,102.2215581119003,98.63417856562039,100.39954443831654,5235100
2020-09-08,97.86949157714844,99.20060321957055,97.52019829418575,98.57752784587917,4517000
2020-09-09,97.97334289550781,98.85130820542928,96.94433358520601,98.7191420041523,2474700
2020-09-10,97.01985931396484,99.2289365068796,96.58559787660106,98.36041363215203,3288900
2020-09-11,97.57687377929688,98.03945562355797,96.30240948040284,97.15205474717219,2604400
2020-09-14,101.26808166503906,101.66458751772026,98.38873799788473,98.79467914996127,3620100
2020-09-15,100.71109771728516,102.07052990864932,100.29571405825307,101.80619026948062,3371500
2020-09-16,100.05027770996094,101.4757859658971,98.83245410403094,100.75831418765144,5798900
2020-09-17,98.80412292480469,99.45551151488712,97.5390941452261,98.43593737060326,3215300
2020-09-18,97.6523666381836,100.18241658225348,97.52963573929027,98.61529281575072,6630300
2020-09-21,92.67725372314453,94.99961252484303,90.83636174695657,94.97129221790469,8339900
2020-09-22,92.96990966796875,94.1971685313528,91.01572934627423,92.52620567179572,4884400
2020-09-23,90.21327209472656,91.6671076448312,89.76956814860469,90.40208611569248,9427200
2020-09-24,90.10942840576172,91.47830308207452,88.46678599670498,90.00558249229941,4249000
2020-09-25,90.8741226196289,91.431107850927,89.17483221436119,89.38252406417385,2775600
2020-09-28,93.2908706665039,94.14995824199534,93.11149915018848,93.46079968129791,3930900
2020-09-29,92.2807388305664,93.79121495659886,91.78983679055021,93.2153448081555,3200400
2020-09-30,94.64086151123047,95.83979992934694,92.7338867227058,92.7338867227058,5060900
2020-10-01,95.66043090820312,95.80203961582349,93.81009681551316,94.71638246075815,4179300
2020-10-02,95.92477416992188,97.3691673054668,93.11150630925479,94.19716358710508,3783300
2020-10-05,98.07718658447266,98.25655808323853,96.54782560095806,97.54852179129026,2863200
2020-10-06,96.0663833618164,99.39887362203369,95.65099969113133,99.13454117796825,3309200
2020-10-07,97.59574127197266,98.32266272438086,96.66113517853844,97.05763386029608,3048400
2020-10-08,100.54399108886719,100.61983215594068,98.64800780764335,98.90396960086582,2922600
2020-10-09,100.80941009521484,101.63416528314502,99.7666209180417,100.47761452510534,3511300
2020-10-12,101.06538391113281,101.44458199336287,100.48710846306739,100.92318372622131,2626700
2020-10-13,99.54861450195312,101.04643595225973,99.31161656728779,100.382844628238,2602600
2020-10-14,99.35899353027344,100.74306034610584,99.31159829162401,99.89934843256829,2826300
2020-10-15,98.99876403808594,99.4348393104058,97.66209239746463,98.06025437010625,2699300
2020-10-16,99.45381164550781,100.18376206428621,98.78073118108021,99.20733178103866,2394300
2020-10-19,97.14070892333984,99.74768605183442,96.93214959584387,99.66236303940308,3196500
2020-10-20,97.77584838867188,99.16939713151835,97.48197332110072,97.58625297074241,2954700
2020-10-21,96.15478515625,98.01284776402757,96.08842603570801,97.80428846158082,2588400
2020-10-22,99.34004211425781,99.40640123794394,96.28750795949179,96.41074426559402,3748800
2020-10-23,95.72818756103516,98.24984126143436,94.799152682403,95.39638474056565,8921200
2020-10-26,91.84141540527344,94.89394924197985,90.7986261848871,94.58111030608356,5731500
2020-10-27,89.99285125732422,92.618785051503,89.96441266389236,92.54295121321891,3780300
2020-10-28,86.83602142333984,88.70356586716767,86.26722796023219,87.1772989477247,7037800
2020-10-29,86.33360290527344,87.4332767371479,85.44248840238224,86.65592384077557,5419500
2020-10-30,86.4947509765625,86.57059203987637,84.47553148589319,86.07763959353993,4736300
2020-11-02,88.54240417480469,89.23443389319539,87.47116919173283,88.12528561625629,3572900
2020-11-03,91.2821044921875,91.81297742990581,89.49040109478689,89.82219668086083,4004300
2020-11-04,91.38640594482422,92.73255249102844,88.03051428931855,89.1112243033251,4545500
2020-11-05,93.00745391845703,93.2065312811163,91.80350056902965,92.15426005520175,4197300
2020-11-06,91.66130828857422,93.50988897862975,91.26314632774536,93.3961273851641,3126300
2020-11-09,111.2657699584961,113.57886440426688,104.45919039333643,104.79098598672552,17261700
2020-11-10,109.91961669921875,113.65470569923556,109.13278921400733,112.42231379826104,7056800
2020-11-11,105.3408203125,109.96701632664299,104.5634675553571,109.90065720954304,5642700
2020-11-12,105.32185363769531,106.28880901275753,103.85247116014948,104.10842568142999,4941200
2020-11-13,109.0095443725586,109.62574031563072,106.37412906759924,106.4973653631731,4811500
2020-11-16,112.49817657470703,114.12872350334099,110.67803419360057,112.90581330686553,5339100
2020-11-17,110.42206573486328,111.6639324275031,108.20376161013198,110.88657959787633,4023200
2020-11-18,108.2985610961914,112.58348728675291,108.25116585455461,110.85814282044774,3264300
2020-11-19,108.20376586914062,108.82944382699539,106.67749874084893,107.86248829805663,3249800
2020-11-20,106.7248764038086,108.58293872961876,106.080241945254,107.82454269628374,3702300
2020-11-23,110.0523452758789,110.70646181751287,107.80560973305302,108.29856220019308,3022900
2020-11-24,114.12871551513672,114.55530886964277,111.75873636209774,112.81100768465524,6163400
2020-11-25,114.30883026123047,114.6880283523865,112.10000807040353,113.28499758488982,4646600
2020-11-27,114.31830596923828,115.36110253718392,113.55991701289847,114.26142878647838,2447700
2020-11-30,112.42231750488281,115.16201981299713,111.86300594679766,113.78742768849662,3517700
2020-12-01,113.692626953125,116.19532406810886,113.61678589325238,114.06234307925205,3583400
2020-12-02,115.96781158447266,116.46076402316358,112.7162001794908,113.0764343757418,3271900
2020-12-03,116.71672821044922,117.50355574042266,115.76873661195415,116.46076642859848,4285100
2020-12-04,118.536865234375,118.80230171329606,117.4087529663589,117.88274874517553,5048600
2020-12-07,117.49407958984375,118.37571205492749,116.2522056928881,118.0344345050498,4253700
2020-12-08,117.09593963623047,118.07237722961531,115.67395198866033,116.10055262249328,3623000
2020-12-09,115.36109161376953,117.5130292047793,114.71645708398927,116.86839467499905,3622800
2020-12-10,115.5032958984375,115.77821433707632,113.47459440340823,114.44154990932437,2818800
2020-12-11,113.9770278930664,114.2329824306909,112.65931297700938,113.86326630267686,2942800
2020-12-14,111.25627899169922,115.4558814739991,110.58320591897316,115.39900430049015,5336300
2020-12-15,112.90579986572266,113.10487723690001,109.54990868172862,112.61192477959447,4528900
2020-12-16,112.81099700927734,113.37030856481738,112.12844192057638,112.74463788857597,2943700
2020-12-17,112.79203796386719,113.44614721614064,112.29907830690001,113.19967462025862,3746700
2020-12-18,111.39848327636719,113.15226610620464,110.58321000712795,112.42230860038289,8394100
2020-12-21,110.35569763183594,111.8630006949755,107.80559809817058,109.74897639780211,4528300
2020-12-22,108.59242248535156,110.21348698193404,108.43125844356679,110.14712787035232,3632300
2020-12-23,110.86761474609375,112.04312953777001,109.75846630972678,109.75846630972678,2725200
2020-12-24,111.24679565429688,111.3321186460893,109.79636988723308,110.84864097953442,707000
2020-12-28,112.20428466796875,113.14279431273266,111.4838090376703,111.91040959081886,1878700
2020-12-29,111.9957275390625,113.14279651220649,111.86300929308564,113.03851685713867,1860400
2020-12-30,113.2186279296875,113.71158033951406,112.00519993694398,112.09999764276432,1954200
2020-12-31,114.62166595458984,114.7638589061847,112.96268068169971,113.48407171361838,1747800
2021-01-04,111.90093231201172,115.46538284806724,110.77281996353568,114.99138703544396,3472100
2021-01-05,112.49817657470703,113.07645210713193,111.0098298517289,112.10950372735753,2112700
2021-01-06,116.65985107421875,118.2430026392482,114.5268698445384,114.70699057392193,5861500
2021-01-07,115.73707580566406,119.57087705649766,111.63690005233747,118.05828126368411,8696600
2021-01-08,115.85123443603516,116.25078532140978,113.70125874269587,116.12711688297384,2934500
2021-01-11,115.1662826538086,115.49924897349258,113.5775870893385,114.55744115295822,3311000
2021-01-12,115.69902801513672,116.36494615932506,114.84284235977786,116.06052539941561,2671300
2021-01-13,116.44104766845703,117.85850608445554,115.261418186725,115.67999217561909,3678300
2021-01-14,117.75386047363281,118.43880896385448,116.14613455952708,116.67887630634564,3404700
2021-01-15,116.20320892333984,116.8786421686753,115.78462771182281,116.51714483197762,3948200
2021-01-19,120.57925415039062,121.82547528296709,118.19144992551838,119.38059444376681,5818500
2021-01-20,122.66264343261719,123.23342411864186,120.88368053686074,120.99784102884317,4090200
2021-01-21,121.22616577148438,122.6150858893266,119.96091408772318,122.04429063550492,3654900
2021-01-22,119.99894714355469,120.87415573862064,118.80028747590057,119.61841945849412,2954800
2021-01-25,115.25187683105469,118.91444013564012,114.46228320664329,118.19143830738622,6156700
2021-01-26,110.49531555175781,114.43376181033463,110.0862495269316,112.96873482044452,8932500
2021-01-27,108.53559875488281,111.11367054698123,106.64248264831815,109.26811586802089,5816900
2021-01-28,113.17802429199219,114.51937558731724,110.92340358364112,111.71299731679775,5788500
2021-01-29,110.5999755859375,112.62627560225866,110.17187912640138,112.0079188882377,5059300
2021-02-01,111.33247375488281,113.48244924101746,111.30393544552979,111.96985352364274,3359800
2021-02-02,114.82380676269531,116.46007099460168,112.52162441685641,112.53113960647347,4036700
2021-02-03,114.57646942138672,115.09018078913216,113.73930692966982,114.23399517622309,2782500
2021-02-04,118.81932830810547,119.30450133070185,114.91893552341533,115.09968056480413,3915900
2021-02-05,120.13216400146484,121.14055647676643,119.51380724930364,120.45561516359572,3184200
2021-02-08,121.75889587402344,122.14893154157008,120.57926642407666,120.69342692231521,3360900
2021-02-09,120.51266479492188,121.44495730966393,120.05603009713832,121.43544212109532,2175000
2021-02-10,121.98722076416016,122.43434035068154,120.66489238502353,121.41643273671386,2929100
2021-02-11,122.06332397460938,122.83388742480444,120.79807951813231,121.24519183278802,3733000
2021-02-12,123.3095474243164,124.10866371593563,121.76842049749163,121.9491728192159,2873300
2021-02-16,124.31793975830078,124.53675284021632,122.00624936947149,122.63412127110175,2730600
2021-02-17,122.30113220214844,124.77455858851353,122.18697897432132,123.74713599029684,3088800
2021-02-18,122.23457336425781,122.5580172550722,119.94189878374415,121.28325029853853,2269700
2021-02-19,125.29779052734375,126.86745554195595,123.185868625112,123.185868625112,3419500
2021-02-22,129.3313751220703,129.82606338346343,124.97434718408947,125.10753081031916,3923100
2021-02-23,130.27317810058594,131.57647600270673,127.74267478056112,129.8260585472009,4814400
2021-02-24,133.0795440673828,134.0879363214801,130.14949015937063,130.52050267768803,4099500
2021-02-25,130.40634155273438,133.7930226976985,129.73090110338705,133.77399232162458,3607500
2021-02-26,128.67495727539062,131.51939646444166,127.27652202512758,130.4253892079974,3654800
2021-03-01,131.95701599121094,132.96540837834803,131.3957286584328,131.4528052817158,2972100
2021-03-02,132.47071838378906,133.36495751266233,131.35768069655097,131.50989470059884,2929100
2021-03-03,135.6481170654297,137.22730478455455,133.18421261585883,133.18421261585883,4393700
2021-03-04,135.7337188720703,137.0941078890284,133.1366310417831,135.22952270579287,4461700
2021-03-05,140.15731811523438,140.75665154140074,135.16291160630917,137.6173074040346,5048300
2021-03-08,142.95420837402344,144.08627633261577,139.57703487591627,140.10976932327148,4283400
2021-03-09,138.0359344482422,141.82216743405564,137.09412653914876,141.34650951316706,5806100
2021-03-10,139.60556030273438,141.0705798977805,138.35933922496474,138.60667604815018,3049800
2021-03-11,140.55690002441406,140.623499093593,138.0644574406511,138.8920974860538,3147700
2021-03-12,141.30844116210938,143.3062101289295,140.8137674024179,141.84119019827452,2420100
2021-03-15,139.83392333984375,141.66995598006437,138.92065372819738,140.83279337904918,2586300
2021-03-16,136.3235321044922,140.09073385441033,135.8669046684861,140.08122592388347,4031000
2021-03-17,137.63636779785156,137.76956594980763,134.99171094248157,137.7124748064289,3278500
2021-03-18,135.6385498046875,138.41638899659176,135.15338418238971,138.40688106844033,3173600
2021-03-19,133.85963439941406,135.02974860981294,132.9368570376423,134.99168785407022,5098300
2021-03-22,133.1366424560547,134.12601901065165,132.05214303162185,132.69904531977016,2274100
2021-03-23,129.4550323486328,132.7085300531871,128.55128540557737,132.17579562426704,4905400
2021-03-24,131.68112182617188,133.22224866626766,130.91055840612398,131.25303265013707,2638900
2021-03-25,135.3531951904297,135.59102411289192,130.10192851800454,131.23399651147284,2766400
2021-03-26,136.7325897216797,136.9704186261988,134.1830708328783,136.74211216805205,2687500
2021-03-29,135.43882751464844,136.10476019581637,133.47911926440005,135.067814928591,2220600
2021-03-30,136.50428771972656,137.44608092217564,135.6671253033942,135.94300045463564,2034500
2021-03-31,134.95852661132812,136.69511769839667,134.8726543478066,136.42794983884767,2957300
2021-04-01,137.9451141357422,138.0023623175834,135.69326010612127,135.8172929802579,2629200
2021-04-05,139.36680603027344,140.72173285954,138.93743016796915,140.1778606498361,2960100
2021-04-06,139.4526824951172,139.81527368555527,137.7638030818327,139.2904744782255,2851200
2021-04-07,140.3877716064453,141.5614027730601,139.04238136984384,140.66447594865915,2399500
2021-04-08,140.30189514160156,140.4164060498917,138.05004140597651,140.0729024441334,2295600
2021-04-09,141.00799560546875,141.6377546679607,139.9679482371317,141.41829847087047,1783400
2021-04-12,140.8076171875,140.99844928297372,139.70077065037452,140.51181069602677,1869000
2021-04-13,139.30001831054688,139.8820656630651,137.2485332538424,139.8343539995035,2132100
2021-04-14,140.6644744873047,141.93352896401183,139.02329234897323,139.12825217966494,2141800
2021-04-15,141.72364807128906,141.78089625649852,138.8324982417412,140.75038524405193,2901200
2021-04-16,143.11671447753906,143.55562682721242,141.87628405708128,142.84954664046262,3480000
2021-04-19,141.73318481445312,142.6587359690121,141.02710444963495,142.3534074608753,2259100
2021-04-20,138.45083618164062,140.7408509839973,137.88786171243976,140.46414656453982,2526700
2021-04-21,140.4354705810547,140.62631723015232,136.4661136160835,137.40120104653028,2161700
2021-04-22,140.41641235351562,142.0957553017479,139.18551831114243,140.80762764199434,3247300
2021-04-23,137.71609497070312,138.33630296656668,134.2333470936542,135.0539382682367,6395300
2021-04-26,143.45068359375,144.19493902023646,138.88972769930976,140.0729100858159,4821100
2021-04-27,143.4697723388672,143.96594748040994,142.02897314194448,143.79418838698643,2692100
2021-04-28,145.54986572265625,146.42771964138953,142.5919316001271,143.77509942531606,2584500
2021-04-29,147.5441131591797,147.97348907948086,145.1205000417821,146.79985768144223,2636000
2021-04-30,146.32276916503906,146.98113780690778,145.4926268608433,146.5613129592047,2712700
2021-05-03,147.70631408691406,148.89903300790084,146.9525075754984,147.50593090198313,2726200
2021-05-04,147.4486846923828,148.6032430295215,145.8361263601449,147.40097302299475,3025100
2021-05-05,149.22344970703125,149.54786576065237,147.24831473628421,147.77309941614774,3001600
2021-05-06,149.69097900390625,150.29209935479363,146.9620379152373,149.67189142718686,2798800
2021-05-07,151.69473266601562,151.96190049287256,148.22153635732096,148.47916767591678,2617800
2021-05-10,151.40847778320312,153.32637879775933,151.23673327658565,152.42945199327798,2987600
2021-05-11,147.35328674316406,150.55931638038484,146.60903116305568,149.2902760252573,3900100
2021-05-12,145.32086181640625,148.75588323205946,145.10140563340994,147.62996367102502,3487400
2021-05-13,147.01930236816406,147.71584612023523,144.85332079661728,145.42583168516356,2269700
2021-05-14,149.94857788085938,150.70238419600815,147.44864433243148,148.26923531879723,1892700
2021-05-17,149.67190551757812,150.16808064210744,148.73681800406845,149.85320111459208,1541400
2021-05-18,147.8875732421875,151.04588983699261,147.7635258459209,150.14896309994936,2417800
2021-05-19,147.63949584960938,147.68720751222367,144.76743429871348,145.10140137745836,3526800
2021-05-20,148.40283203125,149.08983917493245,146.87614625427685,148.34558386253556,3031100
2021-05-21,149.68142700195312,151.53252882419795,149.18526648678514,149.51921899973803,3424100
2021-05-24,151.37033081054688,151.627962153209,149.75777263095458,150.4734039253614,1956900
2021-05-25,150.7692108154297,152.74436037244786,150.5115940067766,151.78064870851898,2484200
2021-05-26,151.31309509277344,152.0764381148911,150.15853676988138,150.91234328206204,3731600
2021-05-27,152.41993713378906,152.9447217960272,151.57072186926894,152.64892984180375,2828400
2021-05-28,152.79208374023438,153.27870786450492,151.5802771254134,152.9161166192297,2436400
2021-06-01,156.25572204589844,156.58968918231662,154.14700305400763,155.0630030723446,3827800
2021-06-02,156.59922790527344,158.09728994581107,155.83589939906005,157.06677899095342,3384600
2021-06-03,156.9808807373047,157.83963244444868,155.358786090724,156.17936264314062,2454800
2021-06-04,157.43887329101562,158.1354169567793,155.83586629700253,157.43887329101562,3239300
2021-06-07,158.31674194335938,159.01328573851347,157.791942689658,158.04003755116642,2516400
2021-06-08,158.8796844482422,159.48081939679923,156.13167016817283,157.3053014186145,2486300
2021-06-09,156.57061767578125,158.52667990513265,156.2939132517154,157.6965520733758,2700100
2021-06-10,154.79583740234375,157.63928995887082,154.6908775487866,157.61065130830252,3024500
2021-06-11,156.97132873535156,156.9999528214491,155.06297867788646,155.5305296834054,1630100
2021-06-14,156.3034210205078,157.3243953675257,155.63550136148314,156.77097206160337,2125700
2021-06-15,158.6507110595703,159.25183152172949,156.29389720311298,156.41793007586065,3726100
2021-06-16,157.13356018066406,159.013286432406,156.74235942579554,158.18315869264705,3281300
2021-06-17,154.700439453125,158.3930930476468,153.1737532143843,158.36446895463183,4194400
2021-06-18,150.92185974121094,152.35312225769658,150.04402047824635,151.42757133227144,6900200
2021-06-21,157.3434600830078,157.63926657883894,151.83788052172542,152.74434390824658,3681400
2021-06-22,156.96180725097656,157.66790208126642,155.01529641224548,155.93129637415765,2697600
2021-06-23,158.41220092773438,159.21370475397276,157.23855472549866,157.46756205852142,2327600
2021-06-24,160.50180053710938,160.85484066628283,158.78428243920658,159.4044904325475,2417100
2021-06-25,161.68496704101562,162.60098153901635,160.7307919453949,160.7307919453949,9186000
2021-06-28,157.2289581298828,161.11245743749603,155.7213598559396,160.89298670071543,3433400
2021-06-29,156.72328186035156,158.69843157923452,155.75001904700815,157.98280015521468,2785900
2021-06-30,157.6583251953125,158.54571548263348,156.19843866543218,156.19843866543218,2331800
2021-07-01,159.70562744140625,160.1169863073255,157.55313159566498,158.4715216485551,2685900
2021-07-02,161.19801330566406,161.6572083066997,159.77257754713247,160.43267857224075,2028700
2021-07-06,162.21209716796875,165.0629544661275,160.52837220884737,165.0629544661275,4688100
2021-07-07,163.57054138183594,167.18673311304607,162.03988647940542,162.25035390059088,3998900
2021-07-08,160.2413330078125,162.67125485856363,158.41409997577543,159.71516451723318,4628400
2021-07-09,164.4889373779297,164.84289865975492,161.87724673065162,162.63300545070845,3175200
2021-07-12,166.07704162597656,166.55537410232148,162.51824683416643,162.7000155107853,3154100
2021-07-13,165.1394805908203,167.16761998509065,164.9481505416563,166.45968274588202,2675000
2021-07-14,165.0438232421875,166.98585171085716,163.5992499829717,165.36908578626435,3123100
2021-07-15,165.35951232910156,165.7517337930281,163.6853489715219,163.72360913963203,3448200
2021-07-16,162.64259338378906,166.25878551552682,162.1929597157777,166.21096394886217,4359800
2021-07-19,155.7545928955078,159.16989321954077,154.48222696680216,158.4715174091495,6739800
2021-07-20,161.55197143554688,162.23120983001786,155.52499519700496,155.87895648279576,4243700
2021-07-21,165.0342559814453,166.09615460008484,162.38430472931657,163.34096962547656,3384500
2021-07-22,163.4940185546875,165.70392664079026,161.72419732416756,164.7855219532822,3335900
2021-07-23,165.67520141601562,171.88396116162897,165.4551726015082,168.88003430328743,6326600
2021-07-26,165.12989807128906,167.82768499371332,164.83333434339423,165.74216290881085,3115900
2021-07-27,165.4456024169922,167.53112454268694,162.5947455800391,163.07307794988236,7922600
2021-07-28,162.65216064453125,165.9335140481972,162.3555968788993,165.503017788488,7961700
2021-07-29,164.49850463867188,166.2874776887821,163.58967602471046,163.9627747019176,3186900
2021-07-30,163.14004516601562,165.7326131649909,162.46082134101087,164.85248331154125,3441900
2021-08-02,161.93466186523438,165.84741756494057,161.44675345346687,163.7236204482564,2895700
2021-08-03,161.714599609375,162.9104305224155,158.1366828599868,162.39383799090194,3642000
2021-08-04,160.777099609375,163.05396672631838,160.06917693086496,161.00670443885136,3544400
2021-08-05,162.279052734375,163.14004520495297,161.02582419712536,161.35108672178404,2535400
2021-08-06,163.93406677246094,165.35950245837174,162.3842745994558,163.14003330427266,2828700
2021-08-09,163.3792266845703,163.70448923965407,161.47545832237844,162.96786779388452,2560200
2021-08-10,162.14511108398438,164.25933197232314,161.37020038720416,163.33136601217777,3389500
2021-08-11,163.2739715576172,163.33136910715993,161.36064205261547,162.1068393917625,3843400
2021-08-12,161.2171630859375,162.73825667965303,160.69099450389996,162.6521603473779,3372800
2021-08-13,158.88290405273438,161.00670124118054,158.43327039407384,160.80579519468534,4157700
2021-08-16,158.5671844482422,158.71067832365665,155.58239505925465,157.6296570679274,3845400
2021-08-17,157.5148468017578,159.1411885708319,156.27119429253048,157.62008050919738,7631600
2021-08-18,155.1040802001953,157.9836362066722,155.03710665240524,156.7304075613203,3563700
2021-08-19,152.13841247558594,154.1091397639825,150.51208512285896,153.21944844540533,4256400
2021-08-20,152.82716369628906,153.05676844615942,151.2103982517825,151.96617142997493,3075000
2021-08-23,153.4968719482422,154.83621149402413,153.17160940332045,154.2430693619083,2006300
2021-08-24,154.2144012451172,154.88406385237664,153.24817481161065,153.64041098070194,2377600
2021-08-25,158.97857666015625,159.9830777915467,153.54472667318717,154.8649289943031,3579900
2021-08-26,158.3376007080078,159.28470420434002,157.25657930850903,158.77767298038225,3164700
2021-08-27,161.3415069580078,161.57111175698017,158.00275626686692,158.18452490802682,3002300
2021-08-30,157.14175415039062,161.00668810121437,157.09393258862326,160.87275561366383,2582100
2021-08-31,158.7681121826172,159.2177312529157,156.62517756559518,156.9887148964193,3536300
2021-09-01,157.31396484375,160.03088942063025,157.0174010860862,159.131622157039,2569000
2021-09-02,155.0275421142578,157.92623544667055,154.15697359592997,157.89753666892764,4350600
2021-09-03,152.39671325683594,154.29090556919573,151.3156773070196,153.78387436739007,4206500
2021-09-07,152.79849243164062,153.69775961690985,151.6983338269234,151.985321568992,3779000
2021-09-08,152.042724609375,152.3584257345993,150.00503857935752,152.29146679154647,3056700
2021-09-09,152.48281860351562,155.1232084858428,151.66964759535594,151.8992524276423,3295800
2021-09-10,151.8418426513672,154.46310953491752,151.52614150645607,154.18566856020163,2943700
2021-09-13,154.4535369873047,154.78837552355108,152.82720966313752,153.67864079504278,3192500
2021-09-14,152.56890869140625,158.64373642749612,151.8992462049394,155.63023334207423,4281500
2021-09-15,154.34828186035156,155.27624780318214,152.310595940489,153.08549202526515,2933100
2021-09-16,155.5823974609375,157.37135592393406,155.17102401582272,156.03203107423815,2765000
2021-09-17,156.8164825439453,157.13218366008198,154.56832916182606,154.56832916182606,6390600
2021-09-20,153.61166381835938,155.11361986464212,151.10519228122803,152.45409306373384,5976900
2021-09-21,156.1946563720703,158.18452078533207,154.68312432937498,154.89359174022783,3480600
2021-09-22,160.23179626464844,161.31281758699282,157.7540232819543,158.4428231214809,3562800
2021-09-23,165.84742736816406,166.55536464808722,161.97293161018968,162.1451388826241,4399200
2021-09-24,168.1051788330078,168.3730438713628,165.79005123148255,165.8570101922964,2680400
2021-09-27,169.1096649169922,171.05169357033583,168.68873000931305,169.9706575208461,3703300
2021-09-28,165.63694763183594,169.5592792631876,165.20645137901607,167.88511581524062,3862200
2021-09-29,164.1062469482422,165.48384637405834,163.0156498357284,165.39775005933086,2726100
2021-09-30,160.27008056640625,164.89077410332214,160.15528544171607,164.71856681873794,3088200
2021-10-01,166.4022979736328,167.5311555687004,161.17890110467494,161.19803849032556,3956000
2021-10-04,165.177734375,169.54968456305073,164.4315370597743,166.3448665034392,3613900
2021-10-05,167.18670654296875,168.4303734893573,165.15858218573268,165.91434082530188,2629400
2021-10-06,165.88565063476562,167.32064766308557,162.53732423535246,165.07249441057778,2922200
2021-10-07,167.15159606933594,169.6259287363561,166.5857642180972,168.31204452460366,3578800
2021-10-08,167.97634887695312,169.73139904384254,166.42270414691407,166.72960488233696,2375300
2021-10-11,166.35560607910156,169.5492064078408,166.2309258056297,168.59016340288167,2499200
2021-10-12,167.7462158203125,169.3286309278929,166.01035031953396,166.49945698478874,3069500
2021-10-13,161.80975341796875,166.95981019535802,160.23692331528576,165.7034660725476,5608100
2021-10-14,164.4854736328125,165.31985106469017,162.85510332109982,163.99636692944952,3061900
2021-10-15,168.60935974121094,170.4890905966959,166.05830166370848,166.65291831792618,3043900
2021-10-18,169.5780029296875,170.3356405172973,167.18998041343193,168.3887842528268,2623300
2021-10-19,170.04791259765625,170.70965461144002,169.04091451728246,170.4507089030388,1400100
2021-10-20,172.24415588378906,172.40719146350335,168.99300018516394,169.7026827517041,2398500
2021-10-21,170.2013702392578,172.4263424923953,168.80116095571992,172.22495164804417,3313800
2021-10-22,179.4177703857422,181.28790135264566,174.73763575362668,177.4229591431001,6026100
2021-10-25,174.8431396484375,179.5424594690016,174.3828030725797,179.08210825930792,3889600
2021-10-26,173.538818359375,175.98438080136515,170.24930807490318,175.90765560953335,3832200
2021-10-27,170.73843383789062,176.20497632228458,170.62335335416728,172.72365998513234,3309900
2021-10-28,167.45848083496094,171.8892543363917,165.9336061408105,171.0932469758006,4865700
2021-10-29,166.66250610351562,169.43414003319558,165.9528089525925,168.43674166390537,3455400
2021-11-01,167.0748748779297,168.8586953088523,166.24049757980166,167.42971607836128,2250400
2021-11-02,166.07748413085938,168.02434036241877,165.50206707797864,167.8325346781252,3252900
2021-11-03,165.5404052734375,166.7104388508383,164.71562774566044,165.6267156273849,3831200
2021-11-04,165.4636993408203,166.89267878023043,164.6293365545408,165.08008796717903,3315400
2021-11-05,169.4532928466797,170.50823125951902,168.1681788689754,168.9641716005708,3936000
2021-11-08,172.67572021484375,174.63216178077457,170.50827335365324,170.77681889587606,3392000
2021-11-09,172.49346923828125,173.7689981449496,171.12203018104094,172.39755908770928,3203300
2021-11-10,173.9608154296875,175.9652118595232,172.01395924050385,172.01395924050385,3296700
2021-11-11,173.87449645996094,175.24592090705218,173.33743472868508,174.53623846236678,2119700
2021-11-12,174.4403076171875,174.9102438932251,172.29204631308656,173.308644051076,2390200
2021-11-15,175.62954711914062,176.39676980266455,174.58417914024514,175.05411547266303,1748300
2021-11-16,173.5100860595703,175.88850898941604,172.37842215952273,175.88850898941604,3299200
2021-11-17,172.25372314453125,174.29648952799363,170.90146892917346,173.7594131264846,3543500
2021-11-18,168.9929962158203,172.98260451111835,168.63814030704802,172.62776323618286,4011500
2021-11-19,166.43234252929688,168.09149772230919,164.80197209403875,166.61456306999602,4456500
2021-11-22,163.9004669189453,168.07231043520855,163.89088175571806,167.822964486767,4651700
2021-11-23,163.8524932861328,164.90743174713094,160.9561794898214,164.28405968535176,5890300
2021-11-24,164.5813751220703,164.93621636068457,161.023319038458,161.57956575245365,3590600
2021-11-26,150.39710998535156,158.47224919940103,148.17212350141418,158.32838398851743,6804200
2021-11-29,151.39454650878906,154.7991524890734,148.0187106512078,154.16618052193255,6258500
2021-11-30,146.06227111816406,149.48604747077042,145.4868393886291,148.73799500267705,7444900
2021-12-01,143.91400146484375,150.63690278492945,143.75096589818605,149.7066298316551,6145500
2021-12-02,150.34915161132812,151.4424598743884,145.25663642197287,145.46761238573376,6289300
2021-12-03,149.5531768798828,151.84528920428275,147.3377897562211,151.6055284396642,4069300
2021-12-06,154.0989990234375,156.07463959851944,151.57672626405414,152.55495407430195,4141900
2021-12-07,160.11221313476562,162.23170443436513,157.43648981736806,157.76256089920378,5124500
2021-12-08,162.01112365722656,163.55518344104775,160.428708593076,161.10003575259944,4042400
2021-12-09,161.138427734375,161.91525031348186,159.72863318938974,160.9753921614372,2245300
2021-12-10,160.18894958496094,163.59355512911768,159.16278119438397,162.4427064669078,2768500
2021-12-13,156.61175537109375,159.58478047062832,155.35541113747982,159.58478047062832,3477600
2021-12-14,156.18016052246094,158.49144306210408,154.4634653342227,155.49923354433534,2964200
2021-12-15,155.59515380859375,156.3719763581917,152.0370975602574,156.04590522470247,5013000
2021-12-16,156.3240203857422,158.41472725377653,155.26906715537152,157.28306345559335,4900100
2021-12-17,153.4564971923828,154.7128560770405,150.5218273412506,154.40595522874116,9576800
2021-12-20,149.50523376464844,151.73022086260883,147.48165216397322,150.56977223010006,3839600
2021-12-21,154.31961059570312,154.45387602856925,151.06845545416977,151.28903124377098,3722400
2021-12-22,155.81573486328125,156.48706211183742,153.87846368844507,153.95518889311384,2877700
2021-12-23,157.4652862548828,159.5847632749219,156.88985455112555,157.14880028119993,3140500
2021-12-27,157.65708923339844,158.24210608975034,155.87326854303328,158.24210608975034,1687300
2021-12-28,157.67625427246094,159.32580931037637,156.89943182757258,156.89943182757258,2035300
2021-12-29,157.12001037597656,158.1749488549198,156.57334886285525,157.8776478778191,2082200
2021-12-30,157.43650817871094,159.00933817116703,157.2830577809505,157.877659779978,1632900
2021-12-31,156.89942932128906,158.40511911294473,156.56375844199934,157.37895078665505,1743600
2022-01-03,161.3206329345703,161.50283881606342,157.66666673365017,157.77216205126993,3236400
2022-01-04,166.4994659423828,166.92144722946264,162.6537085466521,162.76878903082454,4799500
2022-01-05,164.72523498535156,169.08888394817825,164.47588905147202,167.55442379272276,4491900
2022-01-06,166.23472595214844,166.99427979021027,163.20616383174416,165.88860330948236,2649400
2022-01-07,167.65765380859375,168.59987069023714,165.234795728091,165.84051391585731,3043000
2022-01-10,167.0423126220703,169.41709507309207,163.92720963269215,169.41709507309207,4269400
2022-01-11,168.6190948486328,168.94598430667153,165.84050511418027,167.8114657509536,2762700
2022-01-12,167.7441864013672,170.00359981980247,167.45574846084477,169.4363331575686,3224300
2022-01-13,166.60963439941406,169.58052552041886,166.18660879795746,168.1768023151415,3808800
2022-01-14,161.9081573486328,162.20621914100892,158.36041953965838,162.20621914100892,6508500
2022-01-18,159.76412963867188,162.4273499947026,158.48539949906956,161.43705776194977,4336300
2022-01-19,155.1684112548828,160.30255061290381,154.95689108622466,160.30255061290381,3592000
2022-01-20,154.71653747558594,158.22583889668846,153.31282864359554,154.90882454798094,4205600
2022-01-21,152.62057495117188,155.63952729847483,151.60142565013734,153.78392121027215,3779100
2022-01-24,152.80323791503906,153.30319601120397,146.9576349606779,149.81314256811146,5405000
2022-01-25,166.43661499023438,167.74418761557945,153.50511504337024,159.7353071191612,13320800
2022-01-26,168.56141662597656,172.3110656595199,166.3596879681413,170.12857010893833,8257300
2022-01-27,165.27325439453125,171.3303925215198,164.05222341845544,169.88821747559695,3649900
2022-01-28,170.2343292236328,170.37855552137083,163.2253654022088,165.13864145203087,4271500
2022-01-31,172.887939453125,173.18598659447642,168.46526375344772,169.12866657545553,5524300
2022-02-01,176.46450805664062,176.94523300627472,172.09953196900986,172.98406411586927,3471200
2022-02-02,177.0606231689453,177.46443038030765,174.6377652302096,175.47422197727715,2841400
2022-02-03,176.94528198242188,178.63744366266138,175.29160119487958,177.6759934972763,3380900
2022-02-04,178.68548583984375,181.40637639124822,177.0798514524681,177.7817205053419,4075800
2022-02-07,180.62759399414062,181.62751013873523,177.62787490148023,178.4739555360508,3260800
2022-02-08,186.52130126953125,187.03086859935453,180.37763631453777,180.82951899125845,5133900
2022-02-09,188.82879638671875,191.05936769147905,186.80975995109722,186.80975995109722,4614200
2022-02-10,187.9730987548828,190.58824413076155,187.10779955619282,188.79033718630637,4511100
2022-02-11,184.41571044921875,189.5979250335197,183.10813794537813,187.8961545337608,4834900
2022-02-14,184.93490600585938,186.66550420051306,183.56002493190155,184.84836435967696,3841300
2022-02-15,190.3478546142578,190.7132102852714,186.69434191580734,187.14622456030463,4134300
2022-02-16,190.7324676513672,191.85736246141795,189.6364151694795,189.88638690374734,4122600
2022-02-17,188.1654052734375,189.77102517781427,186.7809147840059,188.08848750507306,3051700
2022-02-18,187.3673553466797,190.12671177880145,186.7135618064352,187.40580688643018,2806300
2022-02-22,185.0214385986328,188.58840984940585,184.35803575761267,187.655802184575,3420600
2022-02-23,181.6659698486328,186.95394471132187,181.281395726844,186.85780851615587,3562100
2022-02-24,181.08914184570312,181.23335350015628,172.1476525054816,173.51290995970993,5886600
2022-02-25,186.24246215820312,186.76163863681853,182.15630018030618,182.34858722162446,5426200
2022-02-28,187.04051208496094,187.60777884237632,181.93521396218125,182.31980283759555,5787800
2022-03-01,171.19580078125,187.2616382498774,169.955536619451,187.16548737259382,8562500
2022-03-02,173.3590545654297,175.21466077346682,171.23425819008992,172.85909643629424,4058800
2022-03-03,172.95521545410156,176.3779746227699,171.83993009088854,175.08963532590002,3339900
2022-03-04,166.2827911376953,170.01322220405163,164.2349124095856,169.8113112288815,5348600
2022-03-07,152.99554443359375,164.1771980481642,152.94746899909185,163.57149451924164,7760400
2022-03-08,153.88006591796875,159.8795041577955,149.71698591495152,154.33194856366876,7058900
2022-03-09,162.14854431152344,164.1483621667072,160.2833435464557,161.54284075881853,4788200
2022-03-10,163.0619354248047,164.36950808826018,158.4758145482681,159.20651130968946,3840900
2022-03-11,161.42745971679688,165.6674580157545,161.16787876258098,165.12904832774026,3000000
2022-03-14,166.12896728515625,167.9749645090519,163.16771369186904,164.7252582620554,4614600
2022-03-15,169.25364685058594,171.4265331794796,166.6865771822529,166.89809735003126,3827300
2022-03-16,173.6475067138672,175.7146186030919,169.50365904505895,172.27262541393904,5239300
2022-03-17,179.7622833251953,180.47376151022956,173.11866120412586,173.23403049391925,6398900
2022-03-18,183.36773681640625,183.63694163049186,177.71440637948453,181.41599457900463,8744100
2022-03-21,181.8005828857422,184.11768098195947,180.32956551159404,183.4158265669139,3166200
2022-03-22,183.9542236328125,186.8578066359574,182.73317806904777,183.15621840109617,3007000
2022-03-23,178.84893798828125,182.31014928039494,178.04130881661456,181.55061021471585,3664600
2022-03-24,181.60826110839844,182.06975292744391,178.5412337475678,179.41615662973186,2424400
2022-03-25,182.94471740722656,183.88693436426405,181.71406249624104,183.06971061040227,1871900
2022-03-28,182.38706970214844,182.62743221221203,179.1085215439457,182.62743221221203,3043700
2022-03-29,183.5792236328125,186.52125761700776,183.02158099905742,184.91563824231818,2764100
2022-03-30,182.4447479248047,184.69455208930663,181.13717532933737,184.01191612974588,2278000
2022-03-31,179.79115295410156,183.74271310585112,179.7334683004438,182.22362032042378,3801600
2022-04-01,179.95457458496094,182.11783684267968,179.0988847676191,180.94486680040507,2647000
2022-04-04,180.42572021484375,181.23333473730017,178.43551156604374,180.3872539972619,2971400
2022-04-05,178.25283813476562,183.48312889293112,177.67597689178686,180.26227994224885,2974700
2022-04-06,176.6280059814453,177.74327695826904,174.7243242027973,177.37793589282867,3143300
2022-04-07,175.85665893554688,176.70514141296474,172.69415206252717,175.01782766677766,4062400
2022-04-08,177.11972045898438,180.0315458341036,175.41311911354276,176.44479794480637,3075600
2022-04-11,171.2093048095703,175.90485272897365,170.90076040875027,174.57428074679908,4816800
2022-04-12,169.2519989013672,172.8291099659437,168.45174316597888,170.24511694574554,4348900
2022-04-13,173.15696716308594,173.57157193687394,167.76720808930796,167.9889652219614,2980600
2022-04-14,174.67068481445312,175.93375704915903,172.27951011489165,172.84838695060162,2667100
2022-04-18,177.87179565429688,179.23129201740898,174.51645576237246,174.83463670132693,2182700
2022-04-19,180.46539306640625,181.35243603698547,178.09352081538472,178.38276276389593,2713800
2022-04-20,181.70921325683594,183.33866369951656,180.91857927381344,181.58386525655027,2256200
2022-04-21,179.08665466308594,185.52736482836914,177.96820323043676,184.10038369386936,3973200
2022-04-22,174.07290649414062,178.9034537074896,173.860800605128,178.7877421990562,4373700
2022-04-25,177.50537109375,177.65962856230271,171.6142364399376,173.5329433563679,4408900
2022-04-26,172.25059509277344,177.32218671481232,172.14453480035272,176.68582496028787,3728100
2022-04-27,171.26715087890625,172.98338862657297,169.21344453645514,171.29607507706416,4085800
2022-04-28,175.46131896972656,177.30290469155764,171.24786075918243,173.88971694723656,2703200
2022-04-29,168.45176696777344,175.77952060257124,168.08537413676072,173.63904144323772,3210100
2022-05-02,165.47244262695312,168.61567648229348,161.5096652143984,168.39390465604,3881800
2022-05-03,165.9448699951172,167.76716795510683,164.22863232749543,166.80298882892805,3152300
2022-05-04,171.45034790039062,171.7878017841986,165.06747175982267,166.05093863739654,2930400
2022-05-05,164.88427734375,170.42830766467176,163.26446337271386,170.31261087022827,2987100
2022-05-06,161.16253662109375,163.90081654731185,159.09919385952043,163.11018259430784,3129800
2022-05-09,155.25213623046875,160.0730321474682,154.6350621415811,159.11848945950788,4485200
2022-05-10,156.0331268310547,158.82924071809413,152.71634792006245,157.56616827852375,3014800
2022-05-11,153.6805419921875,159.0317401872973,153.34307334362217,155.93671808130117,2644300
2022-05-12,147.77975463867188,151.53041125328852,144.5111876388502,150.02629400908137,5314800
2022-05-13,153.06344604492188,154.35544262548953,150.29625648417343,150.373392584653,3625100
2022-05-16,150.82656860351562,153.05383525945743,148.7921642994801,151.771474958961,2811300
2022-05-17,156.05242919921875,156.92982120123344,152.7259987675149,155.30037050480107,2928100
2022-05-18,150.50839233398438,155.08824393957843,149.83345506444596,155.03038082420014,2697700
2022-05-19,148.4835968017578,150.85548410715697,147.76046240174924,148.06900680761228,2768300
2022-05-20,147.75082397460938,149.25494115301086,144.34727262004,148.82106346111917,2982500
2022-05-23,153.3430633544922,153.8444406901484,150.43125257605362,151.00011480970142,2726600
2022-05-24,150.05520629882812,152.31138198606192,147.44227432066137,151.655732511633,2817800
2022-05-25,154.7603759765625,155.96559980430655,150.47943329866783,151.51109724487014,4381000
2022-05-26,159.44627380371094,160.7961332080197,156.87191768306536,156.87191768306536,2463900
2022-05-27,163.52479553222656,163.60191692022389,160.0923052780734,161.09505986852028,2157500
2022-05-31,162.7727508544922,164.6625339782523,161.05649822465776,161.9242683919504,4123500
2022-06-01,159.8223419189453,163.30302948527734,157.9711195853908,162.6570311745219,2276400
2022-06-02,163.08126831054688,163.1294802126959,159.98624662394477,160.18873072808793,1707000
2022-06-03,160.85401916503906,162.02066776881819,160.03446095269928,160.92150405930542,1390700
2022-06-06,161.0372314453125,164.1611629739122,160.31409696743907,163.0427261627465,1486000
2022-06-07,162.6473846435547,163.40907970559667,158.55925971405878,158.74245610817437,2083100
2022-06-08,160.01516723632812,162.59916011930406,159.2727452223127,160.77686223923362,2313900
2022-06-09,155.2135772705078,160.60335065808312,155.165365363788,160.26588202325274,2273800
2022-06-10,148.88856506347656,152.22463189967783,148.830716659693,151.62683073209448,2733300
2022-06-13,141.0497589111328,145.61997329852804,140.17236708126782,144.49188547823934,4156500
2022-06-14,139.42030334472656,142.11999304721368,138.11865567858027,140.7219362986674,3574800
2022-06-15,140.98231506347656,142.5924929190649,138.30189747007677,141.4354805649415,3327800
2022-06-16,132.5746612548828,137.49198184812948,131.60084540315142,137.48233063876967,4815100
2022-06-17,139.01535034179688,140.34592234903067,132.66141292883634,133.05672993275465,10033600
2022-06-21,139.57456970214844,143.37343794097475,138.99607103431393,143.37343794097475,3518800
2022-06-22,139.21783447265625,141.10763218309256,136.27708496233276,137.1352038641445,3419000
2022-06-23,136.57598876953125,139.44925360919837,134.47408500649445,139.34319330018772,3915000
2022-06-24,140.914794921875,141.03050643898402,135.94927754877122,136.55671519891703,8957200
2022-06-27,139.1214141845703,143.44094771413685,138.79359677833398,142.68888909408528,3151500
2022-06-28,137.09664916992188,144.15443359139954,136.76883175762487,140.84730584364692,2649300
2022-06-29,134.4740753173828,136.60490312823705,133.4906084058001,136.57597892897348,4164900
2022-06-30,134.15467834472656,135.36441253775652,129.97384465259182,132.2965283963041,4123500
2022-07-01,135.87733459472656,136.3515557004411,133.04172481926776,133.62240312147895,2625300
2022-07-05,135.15151977539062,135.15151977539062,131.28036973794568,132.79980321593024,4057000
2022-07-06,133.69979858398438,135.9741044587034,133.40947423168922,134.8030754244891,4401300
2022-07-07,136.487060546875,137.5903376302269,134.6676154466137,135.66443532160426,4258000
2022-07-08,137.19354248046875,138.5000614342532,135.21926259611507,137.1741973640565,3631800
2022-07-11,136.05157470703125,137.72584302330986,135.33540660825844,135.94511748650106,2373600
2022-07-12,134.69662475585938,137.31933474747404,132.6449204749915,133.0997816719404,4047400
2022-07-13,134.90957641601562,135.509614729207,131.96750880843553,132.432042690208,2753800
2022-07-14,132.08363342285156,132.81916137143827,129.7996543398094,131.32876035676065,4600200
2022-07-15,137.89036560058594,138.50007648089291,134.3966519642407,135.209604727072,3296600
2022-07-18,137.7451934814453,141.3453640800883,136.9612879872233,139.6904409955246,3330300
2022-07-19,143.01962280273438,143.1647850078711,139.74849661918913,139.74849661918913,3372300
2022-07-20,144.132568359375,144.2971052102448,141.655035013106,142.13892870627615,2802300
2022-07-21,145.3423309326172,145.48750792923445,141.73248741251788,143.4358029956552,4683000
2022-07-22,148.08114624023438,155.69764319622297,147.70370974114638,153.88787069836584,9298400
2022-07-25,148.83604431152344,149.79415932473546,146.33916536909172,149.28123309257342,4213800
2022-07-26,145.00360107421875,148.5553793824972,144.0454861450478,147.8101788820309,2812700
2022-07-27,146.74563598632812,147.80052090801726,142.526081532305,146.71660354020946,5029100
2022-07-28,147.2391815185547,147.73274780005022,142.7873533577871,146.8714175633632,3587900
2022-07-29,149.05862426757812,149.40702833345236,146.41655394833842,147.46176614596112,3197900
2022-08-01,148.39085388183594,149.7844701951498,146.91014024075616,147.91663270744684,2295600
2022-08-02,146.71658325195312,148.3618189626597,145.98105533927955,147.12305220867373,2562900
2022-08-03,150.42320251464844,151.01355347436555,148.3714977609336,149.10702570454094,2609300
2022-08-04,151.81683349609375,152.62978628934553,150.2586948959889,150.9942229104897,3693300
2022-08-05,152.4362030029297,152.94912919383688,150.97484920187065,151.4393830645806,2513600
2022-08-08,152.21359252929688,155.61052079602015,151.88454837594742,153.87818794505205,3080700
2022-08-09,153.6846466064453,153.8201362557511,152.20393302215217,152.56200964518936,2997900
2022-08-10,157.2073974609375,158.9203854010152,156.43316453901286,156.55898163441424,3225400
2022-08-11,157.7396697998047,159.60749234801943,156.95574962039876,159.0655337799833,1968200
2022-08-12,160.49789428710938,160.65274384942157,158.02036035918223,159.1720299820703,1942600
2022-08-15,160.072021484375,160.71076467832614,158.48485082402743,158.98810437992194,1852800
2022-08-16,160.0236358642578,160.63333182114744,158.67841210876915,159.6849044025596,1876000
2022-08-17,158.62037658691406,159.18169514877502,156.97514067374442,158.03971290611287,1804100
2022-08-18,159.34620666503906,159.67526563959993,158.07840739725646,158.64939848061016,1397700
2022-08-19,157.0138397216797,158.6493880922345,156.791237977851,158.23324658095072,1895400
2022-08-22,152.6201171875,154.06212617530838,151.92330886279902,153.85888426090878,1969300
2022-08-23,152.26202392578125,154.45890589884718,152.1362068130444,152.91043984164534,2885200
2022-08-24,154.00405883789062,154.42020045360692,151.25553059296635,151.97169879514496,2029200
2022-08-25,157.00418090820312,157.10096557677122,153.6653165843436,154.84601865799215,1936300
2022-08-26,152.24267578125,158.3203811585387,152.12654598654638,157.95263188622124,2373700
2022-08-29,149.56187438964844,151.46841695415296,149.43607205585286,150.85872086829562,2693600
2022-08-30,149.67800903320312,151.09097042611123,147.97469368754156,150.62643658968733,2104500
2022-08-31,147.1036834716797,151.3329096459661,146.94883394493465,150.54900422180685,3271600
2022-09-01,146.2423553466797,146.49397475574136,142.89380442809409,145.9617034968518,2425200
2022-09-02,144.96485900878906,149.01989032189329,144.13256130657248,148.5359966524014,2028500
2022-09-06,143.813232421875,146.43592835042668,141.82926503803364,145.1681290527948,2797600
2022-09-07,147.34564208984375,147.78114349724746,143.60030931200106,143.61965442894177,1766400
2022-09-08,148.57476806640625,148.7392901991567,144.693930036892,146.05851420338854,3399200
2022-09-09,153.3362579345703,153.48142015651894,149.32961816886555,149.47478039081417,3543500
2022-09-12,157.21705627441406,158.18484365039356,154.20723694442734,154.36208646872728,4146300
2022-09-13,150.3457794189453,154.6621029797487,149.85219839086946,153.04589978390854,3519800
2022-09-14,151.2651824951172,152.4845893748232,148.55537466183918,151.14903795852757,2840200
2022-09-15,151.1006622314453,153.67496567536912,150.87806048118742,151.39098665827763,2371600
2022-09-16,148.14892578125,149.11671336949914,145.6617045911617,149.11671336949914,6527200
2022-09-19,150.35546875,150.47159852614288,145.84557539108812,146.37786147718552,2472500
2022-09-20,148.53602600097656,149.61027075019436,147.22952169555975,148.63281066090335,1725900
2022-09-21,143.91969299316406,149.8231881851409,143.87130066223267,149.68769851889266,2599900
2022-09-22,138.42263793945312,144.09387299318007,137.8806793296386,144.02613555058554,3249400
2022-09-23,135.7418975830078,137.38714848800092,133.64180004457583,136.2451513222034,3035600
2022-09-26,133.02235412597656,136.7386536097349,132.29651369083962,135.52891955117335,3808700
2022-09-27,133.06109619140625,135.85800121297333,131.7158722834677,134.94827868567054,2828700
2022-09-28,136.03221130371094,136.63223483994756,132.12235622466756,134.0385713773945,5269500
2022-09-29,133.3514404296875,134.47407753530644,131.464257654799,133.9321188683914,2280700
2022-09-30,130.56422424316406,134.20310017984505,130.28355757898956,132.9740058345905,3717200
2022-10-03,135.50961303710938,136.23545367899416,130.57389076538664,133.5062857772199,2677100
2022-10-04,140.77438354492188,140.86148088029307,138.42265211903714,138.42265211903714,2408800
2022-10-05,139.719482421875,140.6098451865878,137.50325545291008,138.3161934423523,2073800
2022-10-06,137.79360961914062,140.38727341942425,137.55166270789323,138.44202556921152,2526000
2022-10-07,134.5224609375,136.73868778916142,133.63209821991353,135.89671739946596,2579600
2022-10-10,133.0804443359375,135.85800430496744,132.24814655449097,135.49991291371643,2893400
2022-10-11,132.9256134033203,134.72569866778835,131.0287434860444,131.97717106105,2588700
2022-10-12,132.33526611328125,133.9901744441904,131.72555527175413,132.8868973011626,2397400
2022-10-13,137.51327514648438,138.48475711173873,126.92411283102865,127.60416206561743,5232300
2022-10-14,132.908447265625,139.77683197717408,132.25755611808884,138.88307033472267,3871900
2022-10-17,137.5035400390625,138.16415543183734,136.09489426481778,136.57092572691087,3139300
2022-10-18,141.82666015625,142.8564286873305,139.45624174391594,141.96266704104102,3963300
2022-10-19,139.86424255371094,142.87584220574834,138.53331716826227,141.28259774762637,2803900
2022-10-20,138.3584442138672,143.11871420455427,138.0961399620129,139.89338732586236,4319300
2022-10-21,136.04632568359375,137.2898362166827,128.43963506392132,136.96924539451578,11755400
2022-10-24,137.5909881591797,139.68937782647595,136.3669114609828,137.2703973488728,4299600
2022-10-25,142.82723999023438,143.23526051484436,137.56181109126658,138.41670488508248,3889100
2022-10-26,142.69125366210938,145.2365312726212,142.29294256047834,143.3518541806462,3559100
2022-10-27,142.7786865234375,145.44055208873397,142.23465906743795,144.20676600725446,2101300
2022-10-28,146.14971923828125,146.60631685415916,141.88491487879423,142.3803652429098,3383100
2022-10-31,144.2164764404297,146.013723777089,144.0901938810773,145.72227625984203,3042900
2022-11-01,142.88555908203125,146.33432277851247,142.44839519343782,145.68343168684893,2675500
2022-11-02,139.4076385498047,144.77993172754043,139.2813411720149,142.39980427800265,2851600
2022-11-03,135.33712768554688,138.14470950496005,134.81253403401115,137.06636411003606,3960500
2022-11-04,140.59286499023438,142.18609474996384,136.97895105315376,138.33901981500657,3322100
2022-11-07,142.78839111328125,143.33241855064213,139.66021852482027,142.0306364935806,2918000
2022-11-08,145.91656494140625,147.0240536121958,142.9438329736889,143.23528048150425,3846000
2022-11-09,141.7003173828125,145.2073668144485,141.5060240129858,145.2073668144485,2425500
2022-11-10,150.33682250976562,151.34715715318208,146.9949224356664,148.43271148255658,4701600
2022-11-11,150.47283935546875,154.34905769084332,150.2882554123121,152.02721641228837,3714600
2022-11-14,149.7344970703125,152.036904231079,148.695004411662,148.99616140289388,3666500
2022-11-15,149.5013427734375,152.86267652988593,147.97612396223275,152.48379919760632,2916900
2022-11-16,148.218994140625,151.4637399875824,147.51952601720896,149.8122237942644,2635300
2022-11-17,146.3440399169922,146.75206055593424,144.96453733095814,145.72229206379882,2769600
2022-11-18,148.15098571777344,149.37504754194867,146.63547636680303,147.90811524938363,2631300
2022-11-21,148.4521484375,149.08362057378733,147.5583868582805,147.90812093916097,2003500
2022-11-22,150.1716766357422,150.7254136206091,148.9184566605149,149.70536946580623,2124600
2022-11-23,149.54019165039062,150.5699748466854,148.5201475832033,149.4430523611347,1404400
2022-11-25,149.75393676757812,150.06481810714143,148.80188860653223,149.14191321872485,665800
2022-11-28,146.56744384765625,149.39445923936088,146.08170298270224,148.33554771143352,1782900
2022-11-29,150.01625061035156,150.06482767571052,146.23718617419505,146.65493114791514,2655700
2022-11-30,153.09580993652344,153.09580993652344,147.1600556761528,149.45275326666345,3914700
2022-12-01,153.00840759277344,154.3393331247781,150.33683222210595,153.2221348083179,2670300
2022-12-02,152.27978515625,152.79466936833552,150.57969186104467,150.79341906119,2285400
2022-12-05,151.62887573242188,154.90276453847147,151.1139915826169,151.51230266412952,3013100
2022-12-06,150.28823852539062,153.8244318498597,148.94760365875138,151.30829742783368,3285100
2022-12-07,150.3562469482422,152.5129377962816,149.90935878413575,150.1522292415849,2879800
2022-12-08,149.72479248046875,151.95920391661653,149.07390135676118,151.44431967213683,1632400
2022-12-09,149.51104736328125,150.71569016621652,148.26755180963542,149.5984919937435,1761200
2022-12-12,152.82383728027344,153.26100123337292,149.60823410092547,149.86081409471552,2773900
2022-12-13,153.02780151367188,156.94287157824525,151.70658580890733,156.03938588907906,3110500
2022-12-14,149.71505737304688,154.09643485451392,149.45275314241707,153.07639084670956,3556200
2022-12-15,145.93601989746094,147.93727034518247,142.29296258040338,147.32523197235258,4282200
2022-12-16,142.12779235839844,144.3524791901442,140.03909756403638,144.3524791901442,4510600
2022-12-19,140.8745880126953,142.55526240886545,139.56309631366764,141.87521320532773,2546000
2022-12-20,141.54490661621094,142.32209508309862,140.13626085827286,140.85516278428045,1607800
2022-12-21,142.9049835205078,143.56558405140245,142.19579110961425,142.8661159459632,2107100
2022-12-22,141.166015625,142.51637471146773,138.6498813627588,141.88491748148417,2901100
2022-12-23,142.82723999023438,142.9438130476561,140.39853580305547,141.08827949097926,1671800
2022-12-27,142.2152557373047,143.64333552696297,141.51578748018065,143.08958364688993,1858500
2022-12-28,139.90309143066406,142.63296779416177,139.83509541161854,142.0403632915713,1490200
2022-12-29,143.11871337890625,143.41014607524448,140.28197332969657,140.94258869654874,1758500
2022-12-30,143.5364532470703,143.71131287679682,141.57405562397068,141.8460693748592,2247200
2023-01-03,142.92440795898438,146.15944436465253,141.57404875274182,145.275392305353,2762200
2023-01-04,146.24688720703125,147.6264046300433,144.3233570838073,144.3233570838073,2620400
2023-01-05,142.74716186523438,144.9795748733981,142.3474849964305,143.4588124944843,2505700
2023-01-06,146.39309692382812,146.64655235103055,141.82105197244343,144.02422059934668,3077400
2023-01-09,146.61732482910156,148.61576881538986,146.3248819469779,147.5434435392245,3219400
2023-01-10,148.17706298828125,148.35252868602248,145.52547225006856,146.72453247635062,2198400
2023-01-11,150.0487823486328,150.23400607079648,148.44028716934878,148.46953145442538,3113600
2023-01-12,151.0236358642578,151.83276248303798,148.56701172199905,150.86765642268176,3322400
2023-01-13,151.84251403808594,152.32019552626318,148.46954395836306,149.38590463465212,2391300
2023-01-17,149.883056640625,152.17395809050498,149.5126092040442,151.62803007211627,3073400
2023-01-18,146.63682556152344,150.86766782773685,146.53934955943328,150.60446923457596,2762400
2023-01-19,143.15660095214844,144.27767150369047,140.5732418279166,142.9226318055146,3852300
2023-01-20,147.7871551513672,147.96262087980278,144.00473522710456,144.2387044067047,3954800
2023-01-23,150.1267852783203,151.16012310867453,147.73840757844178,148.17708676821226,3608700
2023-01-24,151.42333984375,152.72963430373773,148.82049406152865,149.0739495183112,2348500
2023-01-25,152.82711791992188,153.10981765155407,149.5126216136086,149.62961363619672,2916500
2023-01-26,151.9595184326172,154.25040543479665,150.4094966917572,153.68499103797672,3640300
2023-01-27,167.9762420654297,171.12500041890195,161.33752223155386,162.60482900656334,13997300
2023-01-30,168.31747436523438,173.38668746885443,168.17123805333958,170.39389314396544,10240700
2023-01-31,170.53036499023438,170.90081244966,167.57657307696803,168.56118029806913,5170900
2023-02-01,169.2435760498047,170.7155930376166,167.6058216022549,169.01936489106936,3725200
2023-02-02,168.77561950683594,170.81305043588415,166.77717599448508,169.77971283072154,6895500
2023-02-03,174.36154174804688,175.86280308504487,166.90395075172341,167.24513907262232,5305100
2023-02-06,172.0413818359375,173.27944447907723,171.27125751659406,172.29485214674838,3397800
2023-02-07,174.20555114746094,174.52725317230878,170.35489973643368,170.6473574749334,3526300
2023-02-08,174.49798583984375,175.57032578104494,173.40615962699638,175.22912265202189,2926500
2023-02-09,174.8587188720703,177.50056709095406,173.9911035667949,174.64425083031503,3557900
2023-02-10,174.74172973632812,175.20965321580496,172.0511511355623,174.07883937998756,2586200
2023-02-13,176.7694091796875,176.81815461523126,173.7961161117384,174.73197789911623,3102400
2023-02-14,176.46719360351562,177.5687630049414,174.2932693345159,175.77504417649862,2325900
2023-02-15,176.12600708007812,176.19425366559852,174.0105860542251,174.42002094229161,1501200
2023-02-16,173.4646759033203,175.35588580628183,173.21120558126225,174.96593718581514,1899100
2023-02-17,172.8407745361328,173.14297542281872,170.26717311804063,171.6222129769032,2355300
2023-02-21,169.11683654785156,172.06088532291454,168.96087197948503,170.71558865500143,2713300
2023-02-22,170.30615234375,171.59296042835385,168.58066509394698,169.1948248502368,2468800
2023-02-23,170.73509216308594,172.1583785723559,168.51243712670603,170.83258303530312,2575300
2023-02-24,169.8674774169922,170.5401257620897,167.85929039395927,169.32156423112133,1667400
2023-02-27,168.9413604736328,171.27124934442395,168.7268924708807,171.11526991060103,1909000
2023-02-28,169.61404418945312,170.9300818902612,169.21435238493973,169.63353046648746,2301400
2023-03-01,171.48573303222656,172.74328200427962,168.6586613169222,169.14608593593826,2566500
2023-03-02,170.93006896972656,171.40775047133144,168.31748004262928,169.6627619323202,1795000
2023-03-03,174.58570861816406,174.87816630117126,170.82279078017763,171.58317183098697,2875600
2023-03-06,174.55650329589844,175.97978973751583,173.97160267435817,174.06907867377205,2730700
2023-03-07,170.91055297851562,174.4004996997137,170.67658383728295,174.17628856958464,2906400
2023-03-08,170.43289184570312,171.78793167388133,169.20458717682104,171.4077410710117,2101400
2023-03-09,167.79103088378906,175.73606037873293,167.6350663248528,175.08291323344605,4349400
2023-03-10,161.5325164794922,166.533497852664,160.69414553608547,166.533497852664,5104300
2023-03-13,153.6654815673828,157.91582460278298,153.46075669382353,157.42840001099407,6123200
2023-03-14,159.78753662109375,160.18722836479682,156.83374472254175,157.43814646910457,5284000
2023-03-15,155.79063415527344,155.93687044703347,152.00821484200557,153.93842679311564,6100800
2023-03-16,156.6875,157.8475728706166,152.17395854228766,154.0846545497594,4737300
2023-03-17,152.5834197998047,154.6598387373218,151.00415378568306,154.24066066954356,7447200
2023-03-20,154.74755859375,156.64851145102287,153.60698687938628,154.386854295178,3054300
2023-03-21,160.4211883544922,160.43094636689216,157.63311893656572,158.8419373476662,3986800
2023-03-22,158.6566925048828,162.57559008844134,158.41298022760958,160.48941358998303,4367300
2023-03-23,158.6664581298828,162.05894422037954,156.77526308520424,158.57872526763353,3727500
2023-03-24,155.76141357421875,156.66803112103702,153.8507173546121,156.48280738163226,2588700
2023-03-27,159.0174102783203,160.33346276033978,157.75986124829558,159.8265369681891,3984300
2023-03-28,155.2057647705078,158.5007453143862,154.21141431199044,158.13031269260125,4883700
2023-03-29,159.47557067871094,160.0604861253207,157.02870463959619,157.63310635941326,3884800
2023-03-30,158.3252716064453,160.81114019005037,157.74035610147263,159.83629093177538,2644800
2023-03-31,160.80137634277344,160.92811150175675,157.681861804489,159.55357052745964,3594300
2023-04-03,159.66078186035156,161.0840680686481,158.58844191745578,159.9824838432203,2704400
2023-04-04,158.4714813232422,161.03533944286616,156.784996396179,160.85985885434675,2063500
2023-04-05,157.61044311523438,158.11924683309343,156.73961373492494,157.10163939737532,2346800
2023-04-06,155.40890502929688,157.3266795201923,154.82182267405366,157.170137164902,3754500
2023-04-10,157.66915893554688,157.6985115625715,154.4011037323839,154.63592474858083,2372600
2023-04-11,158.34429931640625,159.07814485273198,156.86682901144903,158.18774201875993,2742300
2023-04-12,155.8590087890625,159.70436736168165,155.4480570591101,159.70436736168165,2817600
2023-04-13,158.80416870117188,158.92157920317342,155.55567213129675,156.35801704197368,2729000
2023-04-14,159.70433044433594,161.22094726651656,157.98224526973854,160.70236437501498,2618100
2023-04-17,160.18380737304688,160.2131599995648,157.42454103935992,158.45192775786305,2622300
2023-04-18,160.85894775390625,161.49495622488908,159.763076447769,161.05465185582514,2444500
2023-04-19,161.39707946777344,162.9626224627155,160.2131504550809,160.82957050536007,3768600
2023-04-20,159.76304626464844,160.22292394304756,150.6927122829798,155.57523607294388,10832400
2023-04-21,160.2522735595703,161.2209549144273,157.7571960795741,159.50864888915274,3882500
2023-04-24,157.13099670410156,160.76109238890552,156.9450867864529,160.6925929749823,2473500
2023-04-25,152.75729370117188,155.81988075038996,152.61053055477637,155.48720766514234,3421300
2023-04-26,152.36585998535156,153.87268248454183,151.73964590476163,152.41478599307854,2789100
2023-04-27,155.03709411621094,155.28170928992856,152.55181052049494,153.16823060577812,2143500
2023-04-28,157.86483764648438,157.90398443334394,153.50091150949547,153.91186319077303,2379800
2023-05-01,155.88836669921875,158.3638710886518,155.26213751504943,158.3638710886518,1803600
2023-05-02,149.9490966796875,154.9392520355313,148.63796297384224,154.9392520355313,4925600
2023-05-03,148.9315185546875,151.64184410484313,148.56947792171667,149.95889040655717,2655300
2023-05-04,145.604736328125,147.99218285691785,144.2251031394188,147.77692030562503,3997900
2023-05-05,149.3620147705078,150.0175965555786,147.86497114515944,148.03130766685095,2221900
2023-05-08,149.74359130859375,151.25042886922645,149.65553344508373,150.10563185322826,2271600
2023-05-09,150.07630920410156,150.41876149618435,148.6086181319951,148.7260286401234,2322700
2023-05-10,145.47750854492188,151.33849266008892,144.763236518272,150.30132685779978,4602600
2023-05-11,144.80239868164062,145.30140824420002,143.12922438108885,144.78282528797413,2900300
2023-05-12,144.74365234375,146.1037267504805,143.92174911978285,146.1037267504805,2319000
2023-05-15,146.76910400390625,146.97458731876688,144.7436832021922,144.98829837553203,2271900
2023-05-16,145.21334838867188,149.12719098163575,145.17420160187245,146.95500714813082,1960200
2023-05-17,148.8140869140625,149.59685847394414,146.08418808199326,146.59299183543519,2446500
2023-05-18,150.1741180419922,150.80033218431265,147.80624534977665,148.9706157699013,2629800
2023-05-19,149.65554809570312,151.58311670188817,148.86299738628043,151.24066444467266,2258200
2023-05-22,152.16043090820312,152.5420300161642,149.97846754371417,150.36006665167525,2483800
2023-05-23,149.27395629882812,152.40502743315236,149.21525104789154,151.1428197476415,2928400
2023-05-24,147.47360229492188,148.4324896290733,146.8865198853695,148.23680046926447,2308400
2023-05-25,147.8258514404297,148.23680316253248,146.15267699389412,146.37773371538285,3234300
2023-05-26,153.85317993164062,154.84141995429155,149.24462304336612,149.51859087004414,4015400
2023-05-30,154.60655212402344,155.52630746549772,153.28563928839176,153.76507542119842,3268200
2023-05-31,155.14471435546875,156.16232176662885,152.89425193130145,154.27388499617513,5588500
2023-06-01,159.21510314941406,160.4577522381749,154.82180987032947,155.63393392486617,4087200
2023-06-02,164.92933654785156,166.19155923731896,160.9470091817575,161.4362395416788,4819800
2023-06-05,163.82366943359375,164.6162351496352,162.25814125638817,164.6162351496352,2870900
2023-06-06,168.11912536621094,168.93123461220634,163.89216795750346,164.23463517603201,3631500
2023-06-07,167.8549346923828,169.9096931874312,167.02323713216362,169.9096931874312,2789000
2023-06-08,167.4537353515625,167.83533436298222,165.90776591475054,166.97428431460014,2354400
2023-06-09,168.02125549316406,168.51048579335844,167.25805741927076,168.2365180196595,2200900
2023-06-12,169.89991760253906,170.18366464004447,168.2267432141087,168.3050218627612,2609600
2023-06-13,171.3675994873047,172.32648675418514,170.4576382394755,170.6533273855557,2480400
2023-06-14,170.71202087402344,173.2266568346475,169.65528164185156,172.22863777936612,2326100
2023-06-15,170.0662384033203,170.77073124591126,165.91757491931168,167.71793888143333,2797600
2023-06-16,168.50071716308594,170.81966415425953,167.85492954297118,170.44784432507984,4616300
2023-06-20,165.7610321044922,167.53204359692754,164.7042927483711,167.3167810467848,2865700
2023-06-21,164.30311584472656,165.45770721255363,163.3540077892681,165.45770721255363,2813600
2023-06-22,164.6357879638672,164.87062390094502,161.6710533100881,163.6769006818516,2755900
2023-06-23,164.4499053955078,164.96848839852376,162.1700900567178,162.42448447683608,4214400
2023-06-26,163.51055908203125,166.82754007338207,163.46163306372674,164.89997140715647,2507100
2023-06-27,164.5673065185547,164.75321643924138,162.60059096826427,162.7669424247605,2433900
2023-06-28,166.123046875,166.21110474969356,163.5986166229122,163.65732187270794,2289000
2023-06-29,168.37350463867188,168.5985463999783,166.65141932888835,166.90581371427282,2899200
2023-06-30,170.44784545898438,171.3186748567051,169.59658945506777,170.48699224659256,3370600
2023-07-03,171.6611328125,172.5319621632948,169.958605966285,170.5456883077727,1700200
2023-07-05,171.788330078125,172.76679065175185,170.29127166476232,170.62395960668928,2487800
2023-07-06,167.8315887451172,169.1766715449694,165.17086143844614,168.61704435094285,3157300
2023-07-07,166.71234130859375,168.4501596306478,165.60288455760423,166.05452645930134,2145300
2023-07-10,168.58763122558594,168.705444351055,166.3687174870971,166.77126564088067,1865600
2023-07-11,171.46432495117188,172.38723427682163,169.18651989630908,169.36323956395023,2282400
2023-07-12,171.15997314453125,174.67487597723195,171.14033263113006,173.78141988400589,2305800
2023-07-13,171.0716094970703,172.8977876883403,170.73778070197227,172.230145079466,2080400
2023-07-14,170.237060546875,172.46578686403808,169.3828854966329,172.17123909388917,1829500
2023-07-17,172.20069885253906,173.05487393492308,169.69706518404658,169.7952527715649,2144100
2023-07-18,174.80252075195312,175.1952561558086,171.25816425677294,172.00435403343644,2687000
2023-07-19,173.89923095703125,175.5388617456788,173.1039624588398,175.00868774065847,2749100
2023-07-20,173.88943481445312,173.99743517523095,170.8850802090454,172.36761699670146,3940700
2023-07-21,167.12469482421875,170.18795547557394,164.3756074538975,169.03923273131574,9098400
2023-07-24,164.7388916015625,165.9268954924322,163.89452928560254,164.54253140789513,4979900
2023-07-25,163.4723358154297,165.87778160443764,163.39378875121335,164.30688526407278,3286700
2023-07-26,164.69961547851562,165.36724309240165,163.04034422809914,163.14834457520678,2352000
2023-07-27,160.6250762939453,165.47523392533887,160.20288769540912,165.46542116028294,3944200
2023-07-28,162.4217987060547,163.55089599069288,161.6461707293862,162.2843450779873,2925900
2023-07-31,165.80908203125,165.91708238474317,163.482168048047,163.482168048047,3345900
2023-08-01,166.56507873535156,166.72217289117836,164.21853908998537,164.89599452833065,2340100
2023-08-02,163.7178192138672,164.69963522114674,163.03055100503616,164.23818049921948,2236200
2023-08-03,163.3839874267578,163.62944140162597,162.02907669146265,162.824345173024,1708700
2023-08-04,162.4021759033203,165.04326314107902,162.05853433671655,163.50180494633696,2256000
2023-08-07,163.92398071289062,164.28724778293602,163.11888452581374,163.81598037026617,2027200
2023-08-08,162.8538055419922,162.97163364235777,160.6152663922366,161.9014428795331,2102900
2023-08-09,160.84109497070312,163.26616656705747,160.52690667791344,162.92253997580642,2445200
2023-08-10,160.56619262695312,163.47237477020613,159.76111124419927,161.71493060620097,2556000
2023-08-11,162.26470947265625,162.76543016210428,159.6432629549797,159.71198227408624,2102500
2023-08-14,163.05999755859375,163.45271795277188,160.79200507237124,161.3418196167497,1827300
2023-08-15,158.9658203125,161.81308050784867,158.75963237607886,161.40071961632853,2447600
2023-08-16,157.83673095703125,159.99673808995394,157.71891783389833,158.3374666929919,1994900
2023-08-17,157.66001892089844,159.65310425097627,157.4636587123766,158.965836030488,2473000
2023-08-18,157.3163604736328,157.8760027383801,156.04982453016993,156.33454455483857,2139500
2023-08-21,157.95455932617188,158.71054684263876,157.16910354754953,157.95455932617188,2070500
2023-08-22,156.18727111816406,158.3276225336076,155.72581645862874,157.83671459634206,2256100
2023-08-23,156.54075622558594,157.16911790963883,155.8142069422368,156.43275585888978,2042500
2023-08-24,154.92074584960938,158.4847428570955,154.8716670328301,156.11856261297046,2468600
2023-08-25,155.4411163330078,156.73710566290293,154.46911309959404,155.55892945900104,2969200
2023-08-28,156.29527282714844,157.9839973445802,155.87308420712978,156.0890848999167,2509900
2023-08-29,157.32618713378906,157.86617390033715,155.42146186747777,156.00072966004655,2175800
2023-08-30,157.2574462890625,158.91671750836727,157.20835249923925,157.35563386870896,3039900
2023-08-31,155.11708068847656,158.01343424718976,154.87162674313953,157.73852702691786,3653900
2023-09-01,156.71743774414062,157.24762668104646,155.82399672604924,156.17745102354627,2195500
2023-09-05,157.09054565429688,158.91672384678094,156.45237130510503,157.19854600368708,4151000
2023-09-06,155.1269073486328,156.93344495261877,154.0076378568892,156.17745751981283,2949200
2023-09-07,153.92909240722656,154.76364189742623,153.2320115222413,154.40035983467084,2617400
2023-09-08,154.56729125976562,154.92074563175748,153.86039749710565,154.1647580710635,1931300
2023-09-11,154.96002197265625,156.26583905795616,154.53783329993,155.4901960239358,2611100
2023-09-12,155.61782836914062,156.81564502891047,154.58691862342758,154.7832788175342,2659000
2023-09-13,156.24618530273438,157.77781574477714,155.73563682827944,156.4425454909641,2976700
2023-09-14,158.83816528320312,159.01489992456365,157.0905342877575,157.6501765071916,3209900
2023-09-15,160.77235412597656,161.34180914750962,158.87745662410637,159.08362957420866,7269500
2023-09-18,156.72726440429688,160.9687009635459,156.45235717274002,160.8116068365647,2413400
2023-09-19,156.452392578125,156.9629261343676,155.5687491498764,156.1578447687088,2230700
2023-09-20,154.3709259033203,157.2869206297237,154.0272992911836,157.09056042545654,1969700
2023-09-21,151.89674377441406,154.01745472274757,151.63164928787674,152.99637278327748,2712100
2023-09-22,150.29637145996094,152.22072212802456,150.13927732912936,152.18145608597712,2380600
2023-09-25,150.4436492919922,150.52219636338484,148.99056592453297,149.44220783971028,2434400
2023-09-26,148.3720245361328,150.1785773060533,147.42948959483087,148.99057339102163,2332100
2023-09-27,147.17420959472656,148.74512115723311,146.26112792321223,148.74512115723311,3705400
2023-09-28,147.4982147216797,148.13640411582347,146.310225741262,147.04658774743478,3489800
2023-09-29,146.4771270751953,148.93166700210367,145.96657857562798,148.69602577584428,3579400
2023-10-02,146.76182556152344,147.17418641092607,145.37747663185763,145.72110318236622,2657600
2023-10-03,142.41238403320312,146.4672730784636,141.68583495176978,145.79964552902763,4184100
2023-10-04,143.96368408203125,144.2484041286827,141.77422362752347,143.24694761942152,3476700
2023-10-05,145.00868225097656,145.45231177104034,142.72151792562116,143.52005407031157,2706200
2023-10-06,147.20712280273438,148.22254705503437,144.07211211711652,144.6340538131984,3204600
2023-10-09,146.71421813964844,147.33529346941458,145.3340189829799,145.5114798221121,2279400
2023-10-10,148.79434204101562,149.58302509603183,146.8916586495592,147.38458367858456,2909100
2023-10-11,149.36611938476562,150.64772731869408,147.64088198525172,149.28724958421412,1727000
2023-10-12,149.1393585205078,150.55898465821429,147.9859160443399,150.342096495905,2377200
2023-10-13,148.96194458007812,151.95892203289498,148.30141182654734,150.75618380069727,2951500
2023-10-16,150.62803649902344,151.23927381590372,149.07040651320685,150.21398124474416,2586300
2023-10-17,152.20538330078125,152.54056869578147,149.35627735752442,149.4154259515977,3919400
2023-10-18,149.38584899902344,151.41669758811804,148.99151501695977,150.95334688561078,2632200
2023-10-19,147.50286865234375,153.8418918227669,146.90149956503652,148.28169855769545,4642200
2023-10-20,139.56678771972656,145.84664722598592,139.43862240967988,142.65248790211467,8261000
2023-10-23,142.54403686523438,143.78621739660448,138.91611636640184,139.49776421112617,5313500
2023-10-24,142.37643432617188,144.43685691387697,141.50888163961184,143.78620744183192,3521100
2023-10-25,141.48919677734375,142.7905109602472,141.20329185219015,142.05112345729287,2841400
2023-10-26,141.3117218017578,142.85951337350963,140.9666833606616,141.3412960954839,3378000
2023-10-27,139.31045532226562,141.9229667397698,139.0344185371305,141.81452264254696,3442500
2023-10-30,141.24273681640625,141.82438471889986,139.72451935902583,140.70051629591325,3303300
2023-10-31,143.9636688232422,144.604465281729,141.0455613581964,141.3018769330158,3737200
2023-11-01,144.3777313232422,144.74250605702682,143.08627021371692,144.41717374775385,2332600
2023-11-02,148.71546936035156,148.77461794984927,146.23112330131363,146.23112330131363,3108400
2023-11-03,150.5984344482422,151.70259663240822,150.24352786098822,150.4209886760535,2666000
2023-11-06,150.8251953125,150.90406511680706,149.36612649713507,150.44071441830127,2490000
2023-11-07,150.81532287597656,151.6138589378133,150.19424762947943,150.8054697917986,1583300
2023-11-08,150.84487915039062,151.6237089508269,150.2730844359706,150.80545177551244,1804500
2023-11-09,150.21395874023438,151.97863865313167,149.8984945645173,151.5054198252404,2052900
2023-11-10,152.19552612304688,152.29410209622552,149.94778935144618,150.87447570513518,2088100
2023-11-13,152.1560821533203,153.0630623288834,151.3279717812249,151.899766574208,1753600
2023-11-14,154.68971252441406,155.68541551509225,153.82215979249594,154.38410146009085,2968600
2023-11-15,157.17404174804688,157.18390987445036,154.77843372059502,155.30093296220903,3272600
2023-11-16,156.7994384765625,157.8345839387146,155.73471871916692,157.39093942430904,3749100
2023-11-17,160.259765625,160.27948683602506,157.64726927204458,157.64726927204458,2975800
2023-11-20,161.53152465820312,162.32019260506027,160.45693675128808,160.60482327348143,3242900
2023-11-21,159.9935760498047,161.7976831989862,159.4415025043914,161.33433253561233,2759700
2023-11-22,161.47235107421875,162.34975689747986,160.5456647894732,160.9695730326453,2527500
2023-11-24,162.09344482421875,162.88212778233475,161.64981536117733,162.23146321367332,950700
2023-11-27,161.71884155273438,162.19206042507463,161.00904332998098,161.44280473197514,2146400
2023-11-28,163.31591796875,163.63138215294111,161.29492241861442,161.60053351803873,2117800
2023-11-29,165.06085205078125,166.3326069268023,164.04542779252887,164.04542779252887,2720200
2023-11-30,168.35360717773438,168.74794115698978,165.15944779140818,165.62279849061568,4253100
2023-12-01,171.30126953125,171.8730642661204,167.90009045783805,168.25499701593432,3412000
2023-12-04,170.79849243164062,172.8293407861611,170.2168446102732,170.41401157853116,3631000
2023-12-05,168.26486206054688,170.26615129629437,163.58207480319186,169.66478222574005,6452500
2023-12-06,165.1397247314453,169.94082436311675,164.81439243290583,169.30001285040194,3890700
2023-12-07,166.23402404785156,166.82554007162653,165.3664862672929,166.07629947867196,2797100
2023-12-08,166.0467071533203,166.73681418294188,165.19889060023215,165.95798426421254,2680100
2023-12-11,166.0072784423828,167.11142561232742,165.4847791535428,166.01713152680125,2811400
2023-12-12,168.61976623535156,168.65920865675565,165.39604777931123,166.0072699251887,2946200
2023-12-13,172.08995056152344,172.18854156547943,167.7423490330931,168.78736252925083,3207700
2023-12-14,176.32911682128906,177.35439411648133,173.1152515061205,173.2532698928363,4548100
2023-12-15,177.9557647705078,178.61628241594482,174.98836190795478,175.02778928613898,7139200
2023-12-18,180.1739501953125,180.25282000466478,178.46843381634332,178.81348735189988,2814400
2023-12-19,183.12164306640625,183.14136427901136,180.59786939655066,180.61759060915574,3978300
2023-12-20,178.09378051757812,183.02303007569404,177.98533642558453,182.72728713650775,4020700
2023-12-21,182.1752166748047,182.58928691661347,179.25710907008465,179.25710907008465,3496800
2023-12-22,182.94418334960938,183.73285127922057,182.01748198515207,183.01318502415594,2781600
2023-12-26,183.3286590576172,183.54553220212756,182.51040181300033,183.3286590576172,1230000
2023-12-27,184.41310119628906,184.48211791784436,182.99347476938948,183.50612098863152,1825400
2023-12-28,185.1426239013672,185.40880760027915,184.35394093158723,184.47223811204748,1486100
2023-12-29,184.68911743164062,185.6355399584821,183.89058141614586,185.09331950262896,1913800
2024-01-02,185.64540100097656,186.06932430022715,183.43710674846656,183.8511619208122,2236600
2024-01-03,183.68356323242188,184.83700582687882,182.9638819641927,184.03845476036935,2720500
2024-01-04,185.08799743652344,186.5023252434658,183.72312439470747,183.97038312886394,2777500
2024-01-05,186.9869384765625,187.43200116968734,184.474796434575,184.77150992714994,2243000
2024-01-08,187.1352996826172,187.2539790411,184.336329110423,186.1561497007092,3442100
2024-01-09,184.72206115722656,185.92868499910352,184.29676828272454,185.77043578573182,2055500
2024-01-10,182.94178771972656,184.05940199247058,181.65603932398585,183.0011273994342,2757800
2024-01-11,183.00112915039062,183.32751248338053,180.04390932103982,182.98134422647377,3493300
2024-01-12,180.04391479492188,184.36600776791246,179.9549052718026,183.79236568868447,3366000
2024-01-16,178.98565673828125,179.163675785999,176.85923762489327,179.02521149617107,4142900
2024-01-17,179.01531982421875,179.60874681050234,177.03724999190695,177.48231268588205,2377600
2024-01-18,177.81858825683594,178.2142112944726,175.86030326783083,178.12520177030777,3215200
2024-01-19,181.16151428222656,181.36921824397757,177.44274862540223,179.01531043767991,3388500
2024-01-22,182.98135375976562,184.7220649597358,182.0417735596777,182.23957753472632,3145100
2024-01-23,183.43630981445312,183.98028204466345,182.7835431382007,183.64399869868546,2327600
2024-01-24,183.782470703125,186.35395236503038,183.69344609340757,185.0385341489261,3052500
2024-01-25,186.0078125,186.26495615712338,184.3857806749152,184.39568068307725,3472500
2024-01-26,199.22128295898438,202.52467083359664,190.15183517873595,190.4287637299287,13555400
2024-01-29,198.65756225585938,200.6751869298114,196.8871963213928,199.69605197999346,4935500
2024-01-30,201.91146850585938,202.19829707766974,198.21248764376278,198.30149716267985,4284600
2024-01-31,198.53887939453125,203.06866123312676,198.45975478831195,200.1806659262864,3495000
2024-02-01,200.99166870117188,201.23892742016344,197.6882958373986,198.1630283522495,3028300
2024-02-02,204.14669799804688,204.70055512922073,200.77408535607216,201.1598083646736,3393000
2024-02-05,203.6818389892578,204.45328496329466,201.18946694696035,203.2367763260018,3099300
2024-02-06,203.39501953125,204.80934727457188,201.76311799581495,203.18733065512725,3255300
2024-02-07,206.7874298095703,206.85665440872143,203.34559239832151,204.8093599033278,3272100
2024-02-08,208.89407348632812,209.0226377645822,205.669809967085,205.9665234633585,4136600
2024-02-09,210.14024353027344,211.90072442082743,208.1028340788328,209.23033324572106,4785100
2024-02-12,209.93255615234375,211.6633673403878,209.28968946194632,209.9226712356291,4041400
2024-02-13,207.37095642089844,208.65670487583895,205.33354683592725,207.91492866238968,3381700
2024-02-14,208.58746337890625,208.97318640290035,206.5302839785881,208.83472211458133,2770800
2024-02-15,210.1995849609375,210.78311192685004,208.3401945296502,209.15121038720312,2644500
2024-02-16,210.22926330566406,211.94028951708574,209.54682678608347,210.19959346494105,2831300
2024-02-20,210.1600341796875,211.4062127376309,207.9742603808412,208.68636672580175,3341700
2024-02-21,208.57757568359375,210.35784157503147,206.8072097999955,209.27979712380474,2600200
2024-02-22,211.64358520507812,213.1864772455314,210.15013283680028,210.15013283680028,3027800
2024-02-23,212.2073211669922,213.94803221211154,211.91060768507643,212.642498928272,2617000
2024-02-26,214.58102416992188,215.15465114646273,210.91169795447414,211.07983208090513,2684500
2024-02-27,215.58982849121094,215.6887380201934,213.92825706292774,215.04585626475802,2428100
2024-02-28,215.63926696777344,216.79643593038207,214.38318848365327,214.79858130934812,2599200
2024-02-29,217.0140380859375,217.3305365009649,215.26344207007045,216.5887603186539,5186500
2024-03-01,217.2514190673828,217.9635254332218,216.0348952223805,216.90525080095603,2342800
2024-03-04,216.5096435546875,217.17229515723622,214.8579570065779,216.6678927679314,2625300
2024-03-05,214.81837463378906,216.49973092492573,213.75021514387907,215.0557484398162,2672300
2024-03-06,216.05467224121094,216.8854579404654,214.8876182958023,215.2337714580875,2727900
2024-03-07,220.97018432617188,222.22626292468888,218.38880253095454,218.58660650051831,2974100
2024-03-08,220.92071533203125,222.43393748437123,220.3965280552847,220.59433201210848,2242800
2024-03-11,217.7755889892578,219.92179283188426,215.89641369389096,219.4866150773472,2808200
2024-03-12,220.2086181640625,220.98996419947235,217.23162849776173,218.8140904010531,2067700
2024-03-13,220.36685180664062,221.03940335004876,219.43715663598843,220.69323511707006,2693100
2024-03-14,218.05252075195312,221.8306261382073,216.69754779841486,221.82074122235852,2417900
2024-03-15,216.06455993652344,219.17012876136533,214.83815128978983,218.55691689226148,5266600
2024-03-18,218.54705810546875,219.29871924828342,216.58877309427007,217.48878344570736,1893000
2024-03-19,219.2591552734375,219.5162989213999,216.9645870000178,218.6261735241278,1817600
2024-03-20,225.41094970703125,225.5592989067747,218.8041886680803,219.06134740293567,2249700
2024-03-21,226.60768127441406,229.1495083214232,226.47911699404816,226.59779635791688,3523700
2024-03-22,223.48233032226562,228.0120968367034,223.43287555948447,226.5384445095586,2284100
2024-03-25,223.5515594482422,224.50103960187147,222.7603285021303,222.86912294586412,2119500
2024-03-26,221.998779296875,224.38234192564545,221.8603150151561,224.13508320175632,2106400
2024-03-27,225.25270080566406,225.49995953322244,222.67131908629582,224.70872858674068,2153100
2024-03-28,225.193359375,225.95492047557227,223.8581562199749,225.95492047557227,2295800
2024-04-01,225.11424255371094,226.0637227332249,224.34279651037636,224.94610842544319,1616700
2024-04-02,223.05703735351562,224.48125000859676,222.1273421430335,223.88782303848802,1984500
2024-04-03,224.1449737548828,224.76805545059912,222.78010082731276,223.33395793082693,2070100
2024-04-04,217.85507202148438,227.8653498827094,217.47808459815175,227.32962294521923,3035300
2024-04-05,220.70240783691406,221.35718184285295,217.78563359308626,218.26183699874184,1827400
2024-04-08,222.33935546875,223.07351433691892,221.3671024776753,221.69449703490338,1401200
2024-04-09,218.10308837890625,222.16077054599157,216.24786768610198,221.22820999749933,3503400
2024-04-10,215.9303741455078,217.76576363002852,213.81721324801578,215.7914808699063,3115000
2024-04-11,216.47605895996094,217.4383964685814,212.81521021000546,215.78159249452182,3139000
2024-04-12,216.47605895996094,216.5554287186159,214.4124906496322,215.28554285660337,2441200
2024-04-15,216.67446899414062,220.97026054041748,215.10696550910944,220.13690080801868,3459000
2024-04-16,216.6149444580078,217.64673614515922,214.79940103197188,215.9800015498504,4176700
2024-04-17,215.95022583007812,218.53960528504828,214.8093178329353,217.82529266724742,2256800
2024-04-18,215.7815704345703,219.70035914585057,215.46409143240714,216.53556035735974,3901500
2024-04-19,229.214599609375,229.7701878947051,217.1109920219921,217.1109920219921,7572300
2024-04-22,231.1591339111328,233.51040437749623,225.89108911836558,230.19679639151704,5151300
2024-04-23,237.072021484375,237.52837861969886,231.82380846052817,232.9151235897492,4684500
2024-04-24,237.2307586669922,238.6494684116611,236.08985062878443,236.3874834199529,4429200
2024-04-25,235.2267303466797,236.56605520635236,233.55008024825523,236.2485913288734,3329000
2024-04-26,233.77825927734375,235.04814506615816,232.5678970195312,234.13541560158734,2993300
2024-04-29,237.0323486328125,237.23076545318983,233.7782643362785,234.7207555867456,3696300
2024-04-30,232.18096923828125,237.71688446386503,231.92302890196257,236.00055712594582,3564300
2024-05-01,229.63128662109375,233.28220439688252,229.40309290643268,231.37737575670155,4176000
2024-05-02,230.66305541992188,232.10159617876533,229.0856213837742,231.73452433265385,2734900
2024-05-03,228.94674682617188,231.50636469283424,227.31970467118882,231.41706425579773,3203100
2024-05-06,232.47860717773438,232.71671643531894,229.49239403774405,230.46464701430773,2259600
2024-05-07,232.80599975585938,234.1354090384102,231.56587576730848,233.63935944298984,2084300
2024-05-08,234.37353515625,234.97871631173257,231.67502395195714,232.54806100871068,2501900
2024-05-09,237.25062561035156,237.48873489172826,233.69890830554382,234.09575710783832,3166300
2024-05-10,240.38565063476562,241.61584401287845,238.411367682987,238.59986896208056,2590800
2024-05-13,236.76446533203125,241.61582975932834,236.21882288882267,241.030494871161,2768800
2024-05-14,239.62171936035156,240.17729249207858,236.21882635940742,236.2684192089861,2387300
2024-05-15,239.79037475585938,240.95112900880687,238.3518339366458,239.7209356834091,2013400
2024-05-16,239.41339111328125,241.4273513194664,238.94710326867357,239.810224746115,2605900
2024-05-17,240.9015350341797,241.26860689398163,239.98879044844486,240.88168881147263,1848700
2024-05-20,240.38565063476562,242.4789806519789,240.18723381296354,241.18924860291563,1983200
2024-05-21,241.15948486328125,241.65553448284413,239.4332267374385,240.4253259765643,1825800
2024-05-22,238.193115234375,241.54641568347603,237.63754205331932,240.99084250242032,2292700
2024-05-23,233.5996856689453,238.92725356009535,233.2623604339015,238.92725356009535,3272600
2024-05-24,236.2981719970703,238.1732539527634,234.81995392878966,234.9886089703544,1624200
2024-05-28,235.37554931640625,236.58591162405506,234.01637817512574,235.8715989461563,2315400
2024-05-29,234.07589721679688,235.7823091214507,232.8159269427045,233.58976313920647,2711300
2024-05-30,235.3457794189453,235.44499539676093,233.12347170467737,234.50248902221088,2386300
2024-05-31,238.10382080078125,238.29232208103252,234.0461384878106,236.11962229410807,5102500
2024-06-03,235.0084686279297,239.4530689052282,231.68493017785704,238.28238395100692,2677200
2024-06-04,235.37554931640625,238.1038222800316,233.8675542032607,234.5223433477068,2512100
2024-06-05,232.8357696533203,235.82198287229366,231.85358597031737,234.3834420229738,2925100
2024-06-06,231.50636291503906,234.5322534760714,230.86148932831168,232.93497309962203,2709600
2024-06-07,230.83172607421875,232.27026693036325,229.87931929063643,230.57378572413037,2212500
2024-06-10,230.60354614257812,232.07184875599083,228.77808720285068,230.11741207285638,2933500
2024-06-11,222.75604248046875,229.8098687246511,222.4385785936483,229.8098687246511,3168100
2024-06-12,222.26991271972656,226.59546612162796,221.0694810862175,225.63312862330304,3091100
2024-06-13,220.4345245361328,221.98219687209593,218.99598371812772,221.64488677594653,3011300
2024-06-14,223.04376220703125,223.85727572582405,219.59124589342284,219.63093834111027,2373800
2024-06-17,226.4665069580078,226.66492378642565,222.2500850166356,222.42865562074158,2426700
2024-06-18,227.49827575683594,227.49827575683594,224.97835033194684,225.7819482993675,2176500
2024-06-20,228.39117431640625,229.84954628234547,224.65095591645016,226.75420147588974,2968100
2024-06-21,228.559814453125,229.28404261746928,225.702563963984,229.28404261746928,5064300
2024-06-24,229.64120483398438,232.05199864251807,228.3911652819557,229.8495371902062,2152600
2024-06-25,228.7681427001953,229.4725397677856,226.73433638540115,229.03601371330507,3479900
2024-06-26,228.85743713378906,230.65314940931245,227.32961102030836,228.22249424869895,3151900
2024-06-27,226.595458984375,228.510218377826,225.57359798444037,227.9744763140696,2264200
2024-06-28,229.7205810546875,231.75438751552534,226.9327846244792,227.43874978492389,3901100
2024-07-01,231.9627227783203,232.9449064837125,229.7205839273572,230.49442012982382,2792700
2024-07-02,234.10565185546875,234.32391489278396,231.12935422469693,231.70477358323404,1871700
2024-07-03,233.84771728515625,235.7029380099154,233.3318214443779,234.63146901979098,1365900
2024-07-05,234.4646453857422,235.52934557242384,232.40487573348497,234.54425155032118,2488300
2024-07-08,233.3501739501953,238.3155002779324,232.60388323951287,235.0616685280263,2638600
2024-07-09,236.5741424560547,238.0169680484597,232.96209075358294,233.80789291981478,1943400
2024-07-10,237.74830627441406,238.26573873924826,234.45467911394297,235.3999928045025,2203000
2024-07-11,237.5692138671875,238.76327598922697,235.78807335278282,237.68861552439435,1868700
2024-07-12,237.44979858398438,239.0717266734902,236.05671353544378,237.78811338220544,2612200
2024-07-15,242.79324340820312,243.44998287453438,239.26079769080437,239.26079769080437,3054400
2024-07-16,248.39540100097656,248.5247477307514,242.59423281471993,242.93254762078203,3074600
2024-07-17,248.72377014160156,249.5994075679645,246.1565283222863,247.57944862970308,2471900
2024-07-18,247.96751403808594,252.47510853910478,246.53463350045718,249.55960689841183,4053300
2024-07-19,241.18125915527344,242.1763134266515,236.47464151966258,240.6041258558754,5750400
2024-07-22,243.53953552246094,244.39528281232427,238.7135161813729,241.80813560576345,2590000
2024-07-23,245.67889404296875,247.75856901381758,243.82809248700758,245.73861005336767,2564000
2024-07-24,239.79812622070312,244.4052170168134,239.4797015766291,243.78828824807337,2838100
2024-07-25,238.99212646484375,243.74849982786597,238.20604027488912,238.81302398485022,3828800
2024-07-26,244.67388916015625,245.17141628563408,240.68372707982027,240.7334676457097,2174400
2024-07-29,246.6640167236328,246.73367781457796,243.10172040792762,245.41025373653733,2059300
2024-07-30,251.23129272460938,252.42535478764032,247.99736641293399,248.22623982236811,2498800
2024-07-31,251.7885284423828,254.97269910313256,251.18154472398027,251.85818953000899,2180700
2024-08-01,247.45008850097656,253.7388387734751,245.1913262407505,252.59453243664947,3929700
2024-08-02,231.13119506835938,243.4400110208767,228.91222838929903,243.30070403616716,6902600
2024-08-05,224.8026580810547,229.63862242390834,220.93189759143792,225.51909836764955,4890700
2024-08-06,229.97694396972656,232.0267533895921,225.37979798213206,225.83752963882878,3148200
2024-08-07,227.6684112548828,235.00195608401796,227.37983702502248,232.8625955591426,2665300
2024-08-08,232.38497924804688,233.34023807605703,229.8674930327238,229.90730370819136,2239200
2024-08-09,236.6736602783203,237.16122714522925,231.93719231413317,232.3650735384842,1956400
2024-08-12,235.87762451171875,237.80803228026843,234.23577580909077,237.0219308817401,1747000
2024-08-13,237.8080291748047,238.08664316009893,235.30048812383313,237.52941518951044,1913200
2024-08-14,242.55442810058594,242.88279783806297,238.32544737094213,238.62396669440523,2132500
2024-08-15,248.2660369873047,249.12178425519505,244.136567896316,246.54459737495563,2656800
2024-08-16,250.46511840820312,250.50491389856745,247.8978765549896,248.15658520066603,2149700
2024-08-19,252.79354858398438,252.85324941280192,250.59447189482134,250.75368422721726,1653400
2024-08-20,251.82833862304688,253.36071553126408,251.0123868266873,252.96269989319615,1659700
2024-08-21,245.0818634033203,248.5844585945233,242.14645641935297,248.4053409352247,3502500
2024-08-22,246.53465270996094,247.6889193644693,244.54454407114955,245.54955865107664,1981300
2024-08-23,250.05712890625,250.9228212203148,246.77344693854837,246.77344693854837,1868200
2024-08-26,252.6243896484375,254.8931122297409,250.70392696090713,251.17160369491756,1931000
2024-08-27,253.76869201660156,255.41052550658472,252.4452680011448,252.4452680011448,2518100
2024-08-28,255.81851196289062,257.3509041212159,252.49503417187728,252.95276584059525,2557100
2024-08-29,258.5549011230469,260.2763559637797,255.5597780153689,256.7240048872286,2423500
2024-08-30,257.37078857421875,260.4554629769795,254.83341225634553,259.2016848418835,3442100
2024-09-03,253.05226135253906,256.2065969040593,251.53977453682455,254.50504733846498,2970300
2024-09-04,250.49496459960938,255.3110083853288,249.42030417800663,253.72889094101018,3062600
2024-09-05,250.59445190429688,251.91787584303333,247.14161253543566,251.46015940306282,2711200
2024-09-06,242.85293579101562,252.31591134656028,242.11660536951138,250.047173706911,3653000
2024-09-09,249.67901611328125,251.89798288855553,246.3057827384661,247.02222302898642,3080800
2024-09-10,244.20620727539062,251.25119304494663,239.40009352306677,250.47505196030528,3630900
2024-09-11,252.9228973388672,253.3706839252229,242.29572459139607,243.19126739745977,3149900
2024-09-12,253.88809204101562,255.72894852199354,251.34075552787147,252.90299802668193,2279600
2024-09-13,257.71905517578125,258.9230623362967,254.48512880774538,254.9627657879403,2199200
2024-09-16,259.7987060546875,261.55001122212576,257.8682984133008,260.0176192006173,2170200
2024-09-17,264.08740234375,265.89840843852403,260.0574446181813,260.2265868420636,2765700
2024-09-18,260.88330078125,265.0326901233833,259.7091441226365,263.09232230224626,2577400
2024-09-19,267.42083740234375,268.7641667519267,265.03271320677777,266.50537410460936,2973300
2024-09-20,267.6596374511719,270.1472731176325,265.62974861132534,267.0725590778847,5847200
2024-09-23,265.9779968261719,271.0627399862676,265.72923325623844,270.01791477255915,2534900
2024-09-24,264.8934020996094,267.1720849957166,261.7291366491081,266.4456844099175,2340300
2024-09-25,264.8536071777344,267.3909834077969,264.2366480252154,265.76904009656283,2116300
2024-09-26,266.8238220214844,267.65966404446255,265.0227760493559,266.9631442086387,1430600
2024-09-27,269.71942138671875,271.33140452548,266.0974394547666,266.6745575986924,2231900
2024-09-30,269.8587341308594,270.1373481158822,265.9680682340659,268.76416834446724,2113100
2024-10-01,267.2715759277344,270.4855817001911,265.20184609554326,269.93831401282137,2429500
2024-10-02,269.58013916015625,270.047815921572,264.93322196197647,267.2716057690552,2009500
2024-10-03,267.2616271972656,269.7592231739901,266.31634384497187,268.30645241819695,1614500
2024-10-04,275.32269287109375,276.1407768065914,269.36669473630667,271.61141719244256,2239600
2024-10-07,273.1477966308594,275.66187466561536,270.91303015397017,273.70648063858295,3287500
2024-10-08,268.478759765625,271.86082278053243,265.5356975664241,270.6137547861263,3332800
2024-10-09,270.7833557128906,270.9529399017817,267.7903926779265,268.17946204055477,2087000
2024-10-10,269.8355712890625,272.2598640347952,269.24695888038633,270.2944837618281,2052800
2024-10-11,275.5122375488281,276.45999094331273,270.36433728863216,270.7434508248242,1723200
2024-10-14,275.8713684082031,277.0486236737868,274.464672128798,275.5122274582245,1399000
2024-10-15,276.6595458984375,280.7599214132134,276.2505039310562,279.91190906356906,2264600
2024-10-16,281.019287109375,281.20884388309474,277.038655753253,278.22586693770984,2243600
2024-10-17,285.10968017578125,285.6883063456715,281.81743275379176,283.3338565182602,3571900
2024-10-18,276.1407775878906,278.5451284123408,268.41891161365743,276.1507334288904,7884400
2024-10-21,270.1049499511719,275.7117629622075,268.89779661880937,274.3549675549235,4092700
2024-10-22,271.76104736328125,272.1900314401798,267.9500003198676,269.9852237824962,2595400
2024-10-23,270.59381103515625,272.7088334696191,268.32911608546596,271.36199395454264,2051100
2024-10-24,269.34674072265625,270.5938086988124,268.07970017344456,269.59615431788745,3490600
2024-10-25,266.722900390625,272.5292560980165,265.72524602630324,271.0128019788106,2993300
2024-10-28,270.8332214355469,271.3320485991703,267.05210301040296,268.60844132522857,2336900
2024-10-29,269.795654296875,271.1624358634014,268.94764202358664,269.66595436206694,1749000
2024-10-30,273.4371032714844,274.4248018261227,269.63604246101687,270.3643411301548,2152900
2024-10-31,269.44647216796875,273.4370895489552,268.00987792112846,273.0580064723968,2315400
2024-11-01,272.0503845214844,274.10555017813203,270.31447558427624,271.6612846860431,2508300
2024-11-04,269.5562438964844,272.1800798313247,269.07735882548064,271.6912084736346,1944000
2024-11-05,275.2927551269531,275.5321824381081,270.5538967690364,271.08265237850094,1859600
2024-11-06,294.4676818847656,296.1337477142804,286.1372613992019,287.3244725931659,5380500
2024-11-07,286.1472473144531,292.35265900871065,283.9823238323904,291.63434661032085,3876900
2024-11-08,286.9254150390625,289.41955106957244,285.27929134812524,286.0075595835964,1814400
2024-11-11,292.2828063964844,293.48995967747703,289.7487557336606,289.808612561082,2299500
2024-11-12,287.8332824707031,292.8614387567503,286.90544073399536,291.31508660556455,2251400
2024-11-13,286.96533203125,289.9283364309926,286.7657889688177,287.24467405105725,2118100
2024-11-14,287.6237487792969,289.8784574459295,286.6859512159716,287.66366347982023,2979400
2024-11-15,286.1971130371094,289.8684739243854,284.82034509288184,287.3244673811796,2614400
2024-11-18,284.8702392578125,286.8455754383109,282.9447431717573,286.2669492960425,2074400
2024-11-19,284.88018798828125,285.94768545178414,280.65014327921625,281.2287998530379,2512900
2024-11-20,287.0351257324219,287.65366656068915,284.42127619568214,285.47878737549297,2387400
2024-11-21,292.312744140625,293.38024167370673,286.8555732625489,289.1402104020424,2410300
2024-11-22,300.59326171875,301.21183302792474,291.82390137117864,292.71179796464537,3788900
2024-11-25,304.49407958984375,305.08269201046244,301.79044479113895,302.3391425123612,3478400
2024-11-26,304.8532409667969,306.24995093978896,301.29160770117164,304.89312521888667,2130500
2024-11-27,303.5363464355469,307.0979798946808,302.07977955928874,306.2798959924828,1697000
2024-11-29,303.96533203125,307.06805301395576,303.9553761906339,306.5293111188437,1326600
2024-12-02,301.551025390625,306.1302553830523,299.2065314870522,305.49174195995346,2166900
2024-12-03,301.4013366699219,304.2745860273884,300.4336411926859,303.12728963081514,2128700
2024-12-04,301.8902282714844,302.81803955872664,300.00464683677,301.29162954081335,1561200
2024-12-05,299.8250732421875,302.7182648900997,299.61557434472377,301.5709684283754,2793600
2024-12-06,303.2769470214844,304.0251878108957,299.91485661242206,300.9324835714587,1797600
2024-12-09,296.0240173339844,304.354437734891,295.465333300855,303.3567833263033,2377900
2024-12-10,301.4013366699219,304.2646301873099,295.814496748175,296.7323216870359,2967800
2024-12-11,301.6308288574219,303.4166387654939,298.83740870456865,302.658411675721,2071200
2024-12-12,299.5956115722656,303.7359017917513,299.5557273163936,302.91781785642183,1668100
2024-12-13,301.4313049316406,303.6061841437396,300.54337793130946,301.750531189989,1662000
2024-12-16,302.8579406738281,303.48646779053786,300.12434703045545,302.9876406116882,1813700
2024-12-17,300.6331787109375,302.3192171132859,298.9970412970945,301.6208468421843,3611500
2024-12-18,287.10498046875,302.8778940121689,285.7581409468005,301.890225904204,3541200
2024-12-19,292.39251708984375,296.1636492323062,290.51695252760874,292.3326602658359,3540200
2024-12-20,297.949462890625,302.0099233660811,291.31506761127935,291.66425271987526,6232400
2024-12-23,298.09912109375,299.05689123421536,294.49760334132054,295.7845860359486,1902400
2024-12-24,302.7481994628906,302.90782782239467,297.30101489605005,298.58799761292875,862900
2024-12-26,303.2769470214844,304.1748603255745,300.3039564369939,300.77285521619814,1228900
2024-12-27,300.3438415527344,304.3743738081356,298.0093339365948,300.1443289425832,1676000
2024-12-30,296.632568359375,298.9970348540695,293.4400925576962,296.6525409327454,2392800
