Price,Close,High,Low,Open,Volume
Ticker,BR,BR,BR,BR,BR
Date,,,,,
2015-01-02,38.18149185180664,38.72574686922933,37.81307508552036,38.72574686922933,637400
2015-01-05,37.61210250854492,38.13123892463107,37.377655865213086,37.896789087203274,551000
2015-01-06,37.89678955078125,38.139611116685835,37.38603124214553,37.77956622768138,1188300
2015-01-07,38.516414642333984,38.59177297265895,37.82981794119405,38.08101131091161,715900
2015-01-08,39.09416580200195,39.328615751810595,38.49130225958792,38.6420189437158,1048500
2015-01-09,39.110897064208984,39.26998860934795,38.92669034039536,39.1025253379841,555100
2015-01-12,39.08578872680664,39.38722205383604,38.86808545990894,39.05229542511514,722700
2015-01-13,39.16952133178711,39.94822307917306,38.801104571535674,39.35373130896146,580500
2015-01-14,38.842952728271484,39.102520929324946,38.52477286796335,38.75084777970103,424500
2015-01-15,38.4661750793457,39.09416010703215,38.382445019959654,38.96019009555626,612100
2015-01-16,39.152767181396484,39.17788875153456,38.36569385583092,38.44105217805184,309300
2015-01-20,38.93507385253906,39.34535883187181,38.55828217643699,39.219760541805385,371300
2015-01-21,38.9769287109375,39.18625701034543,38.54152546487744,38.91831704263099,478300
2015-01-22,39.74728012084961,39.76402677719752,38.8513547678742,39.2951299817504,645300
2015-01-23,39.88960647583008,39.981711453060164,39.521189761006596,39.73888982110755,481300
2015-01-26,40.61805725097656,40.65155054170422,39.713760760001946,39.82261235781882,743700
2015-01-27,40.33339309692383,40.517603104267,40.15755801396777,40.35013975160028,591000
2015-01-28,40.02357864379883,40.77716195813966,39.93984858402631,40.701803626705576,783100
2015-01-29,40.5427131652832,41.019984740327494,40.08219143557418,40.68505810375887,754400
2015-01-30,40.18267059326172,40.58458063318683,40.09893733863332,40.4171173180271,754900
2015-02-02,40.58457946777344,40.626444496836925,39.529562848430594,40.31663944885077,606300
2015-02-03,41.304664611816406,41.354901363149395,40.76878144285724,40.85251468523989,900000
2015-02-04,41.36327362060547,41.631213590781186,41.145570398527454,41.187435419974335,933700
2015-02-05,42.635990142822266,42.67785836156775,41.42188845752253,42.125231731551715,825700
2015-02-06,43.02952194213867,43.02952194213867,42.07498546941042,42.242448736963624,1163900
2015-02-09,42.66110610961914,42.937417791287025,42.46014954596377,42.76158279439872,1453500
2015-02-10,43.38119888305664,43.55703389188304,42.627615710805756,42.836944014864734,1045300
2015-02-11,43.356082916259766,43.52354621996276,43.138382857313665,43.397951137758156,871500
2015-02-12,44.277137756347656,44.327374520970224,43.590540957661375,43.590540957661375,730200
2015-02-13,44.0343017578125,44.36922831881329,43.59889850615004,44.23525833323226,1156900
2015-02-17,43.98405838012695,44.44458316405857,43.95056828191969,44.04267004460986,961800
2015-02-18,44.35249328613281,44.385983395725965,43.917089920449385,43.99244825670416,1064300
2015-02-19,44.29387664794922,44.419471731595934,44.20177167015016,44.352488325803726,596900
2015-02-20,45.055824279785156,45.097689300815276,44.11803119940951,44.226882809364895,734500
2015-02-23,44.829750061035156,45.080943385389865,44.61204683759037,45.00558506867381,555100
2015-02-24,44.8799934387207,45.07257831640587,44.712533327146126,44.78789165499344,543400
2015-02-25,45.01396179199219,45.18980001324555,44.77114336148407,44.77114336148407,510200
2015-02-26,44.486446380615234,45.17304287454623,44.46969973514179,45.013951339596545,1016500
2015-02-27,44.57017517089844,44.83811510280906,44.39434018947507,44.50319178496875,867900
2015-03-02,45.742431640625,45.75080336916813,44.52832657965469,44.52832657965469,730500
2015-03-03,45.240047454833984,45.650332475889364,45.08933076906649,45.650332475889364,690000
2015-03-04,44.704166412353516,45.21492814879363,44.66230137696116,45.21492814879363,320700
2015-03-05,44.74601364135742,44.90510518427536,44.578553566427665,44.846493519230705,525400
2015-03-06,44.3441162109375,44.737654524956326,44.10129456211324,44.620431161826566,490100
2015-03-09,44.436222076416016,44.56182036460305,44.134788740044854,44.17665377140815,375600
2015-03-10,43.45655059814453,44.15151880110712,43.448175678560524,44.15151880110712,390500
2015-03-11,43.36397171020508,43.633312890141745,42.850539082575764,43.002043897640156,958000
2015-03-12,44.30666732788086,44.37400423052639,43.540727719689315,43.71748227293346,459500
2015-03-13,43.650150299072266,44.23091665864668,43.56597916745255,44.19724820599879,663300
2015-03-16,44.50867462158203,44.52550884716647,43.81006870842888,43.91107085113528,560300
2015-03-17,44.71910858154297,44.794861009832466,44.331927719840536,44.4581828372567,505200
2015-03-18,45.46820068359375,45.66178945173366,44.49183812513154,44.693842400234026,569300
2015-03-19,45.417701721191406,45.64495895735441,45.24936267098174,45.384033268989405,405900
2015-03-20,45.400882720947266,45.712311192057406,45.35879874698145,45.712311192057406,1106000
2015-03-23,45.249359130859375,45.518703516602656,45.24094362386743,45.518703516602656,307300
2015-03-24,44.895843505859375,45.207268592018245,44.87059377775989,45.12310069115355,391800
2015-03-25,44.21407699584961,45.038934719497824,44.21407699584961,44.98843525753567,427100
2015-03-26,44.39925003051758,44.49183665805329,43.801649521077955,44.054156462029916,413100
2015-03-27,45.038936614990234,45.04735533287155,44.432920570340016,44.432920570340016,462200
2015-03-30,45.88905334472656,45.91430308008739,45.249365555314235,45.29145272864966,504400
2015-03-31,46.30147933959961,46.39406598099099,45.80488089006438,45.86380228887744,923700
2015-04-01,46.208900451660156,46.29306838258091,45.485044686858956,46.14998225785548,462700
2015-04-02,46.65499496459961,46.94958592541207,46.0405600957617,46.0405600957617,708200
2015-04-06,46.73915481567383,46.78965749057119,46.141554277988845,46.18363823500326,871700
2015-04-07,45.84696578979492,46.680239099415495,45.83013156393992,46.50348454413844,662500
2015-04-08,45.93112564086914,46.183632562742915,45.70386844794283,45.70386844794283,553600
2015-04-09,45.66178512573242,46.06579684846136,45.409278200376804,45.712287795123444,498000
2015-04-10,45.577632904052734,45.872223883202494,45.42612805454689,45.67863506678967,398900
2015-04-13,45.45977783203125,45.804871380517625,45.45136232583392,45.50186499541721,297100
2015-04-14,45.384037017822266,45.586044536920255,45.23253539199951,45.36720600113131,445000
2015-04-15,45.358787536621094,45.94797265893049,45.34195330903504,45.61129452881066,425100
2015-04-16,45.266212463378906,45.33354939093895,45.04737387041161,45.23254721040031,331200
2015-04-17,44.26458740234375,44.97160889054162,44.10466706018967,44.97160889054162,529800
2015-04-20,44.73593521118164,44.87060581517291,44.39084158777898,44.5339276997945,430200
2015-04-21,45.106285095214844,45.274624177258524,44.76119142188571,45.01369843955077,394400
2015-04-22,45.07261276245117,45.232536321506934,44.90427369487699,45.232536321506934,279800
2015-04-23,45.34195327758789,45.46820837899541,44.89585748466902,44.89585748466902,435200
2015-04-24,45.939552307128906,46.08263841032387,45.54395602756593,45.720710582383326,471400
2015-04-27,45.257781982421875,45.9479692076044,45.20727930345717,45.93113498128283,422600
2015-04-28,45.61970901489258,45.77962934591995,45.047358173278404,45.16519454464597,725500
2015-04-29,45.779632568359375,46.04055827389726,45.46820739199517,45.51871007362202,553600
2015-04-30,45.384037017822266,45.92272266515003,45.22411667285345,45.577629028574776,609800
2015-05-01,45.73754119873047,45.973213919888444,45.50186847757249,45.58603638918605,589100
2015-05-04,45.69544982910156,46.032124631732266,45.661781385598644,45.73753377808046,388300
2015-05-05,45.30828094482422,45.77121089289273,45.14835741328775,45.5692034044046,321700
2015-05-06,45.266212463378906,45.72072709200492,45.05578938095591,45.493469777691914,488400
2015-05-07,45.53553771972656,45.77121367240779,45.013689558075804,45.15677887336087,477700
2015-05-08,42.95154571533203,45.274617648792706,42.54753390316506,45.03052617556668,2021700
2015-05-11,43.11988830566406,43.641736537781675,42.76637914510719,42.90946526891333,1682400
2015-05-12,43.288230895996094,43.51548817945604,42.656961734429906,43.002055414320715,670500
2015-05-13,43.37238311767578,43.66697721281075,43.17879436356985,43.414470281837794,666500
2015-05-14,43.52389144897461,43.70064599391361,43.31346845429483,43.5575598987154,869300
2015-05-15,44.39925003051758,44.424499761372786,43.59964204183642,43.59964204183642,794900
2015-05-18,45.266212463378906,45.37563336526326,44.264599746933946,44.30668372125826,744300
2015-05-19,45.59446334838867,45.66180026323313,45.19887021148033,45.35037505907955,703200
2015-05-20,45.905887603759766,46.023723983259465,45.48504155651767,45.661796125767225,700200
2015-05-21,45.59446334838867,46.0742308396534,45.52712964434503,45.863807796965695,598200
2015-05-22,45.51870346069336,45.67020506196276,45.30828046735243,45.40086388735038,485900
2015-05-26,45.333518981933594,45.37560292802866,44.91267309938434,45.240932374044874,902100
2015-05-27,46.05738830566406,46.234142859056355,45.26619575291719,45.44295351710973,768200
2015-05-28,45.93112564086914,46.14154861089724,45.74595239978851,45.93112564086914,598400
2015-05-29,45.60287094116211,46.006882699248585,45.52711853584589,45.87221211321976,793300
2015-06-01,45.68705749511719,46.065819676245,45.207293135955744,45.72072595806218,815100
2015-06-02,45.29145050048828,45.58604143454037,45.07260876879212,45.485039287265415,816400
2015-06-03,45.64496612548828,45.99005978775184,45.16520184406824,45.49346127758713,613400
2015-06-04,45.12310791015625,45.79646085719866,45.07260523507802,45.56920363554683,360600
2015-06-05,45.07261276245117,45.19886786583197,44.71910361026599,45.13153095448204,480700
2015-06-08,44.44975662231445,45.081025635755466,44.44975662231445,44.870602631275126,340800
2015-06-09,44.256168365478516,44.39925446902869,43.89424053663947,44.39925446902869,414000
2015-06-10,44.44133377075195,44.7443433827498,44.18041132437599,44.39924981593002,503500
2015-06-11,44.58443069458008,44.6854328455853,43.8942434429102,44.51709378670961,551600
2015-06-12,43.89423370361328,44.407663063603195,43.88581498659718,44.3571636047057,697300
2015-06-15,43.67425537109375,44.071910422671735,43.29352215442441,43.54734645054397,504300
2015-06-16,43.91962432861328,43.995770984417504,43.48812876406305,43.598115867716515,419800
2015-06-17,43.80117416381836,44.131141925818106,43.74194934640869,44.10576078335981,372300
2015-06-18,44.258060455322266,44.31728528124564,43.73349310069964,43.91963011217934,503100
2015-06-19,44.12267303466797,44.376494086636754,43.99576089492868,44.325728585239084,573200
2015-06-22,44.54572677612305,44.61341091052023,44.27498378351219,44.43573642677768,386900
2015-06-23,44.258060455322266,44.77416204872435,44.1903730956893,44.72339975651058,554400
2015-06-24,43.67425537109375,44.29188782146402,43.648874232485795,44.24958484794743,406000
2015-06-25,43.62349319458008,43.818089455213624,43.547346551070426,43.767323950370525,289400
2015-06-26,42.87895965576172,43.98731592442972,42.752047474669894,43.82656006471196,1362100
2015-06-29,42.33746337890625,42.91279286514316,42.21901376012396,42.261316734330485,807100
2015-06-30,42.31208038330078,42.7435791257142,42.02441563086189,42.70973545424841,745300
2015-07-01,43.69963836669922,43.75886317326704,42.565901283456874,42.565901283456874,1099100
2015-07-02,43.82654571533203,43.90269235355356,43.36120658287147,43.82654571533203,801500
2015-07-06,44.0380744934082,44.088840007057144,43.51351042907803,43.71656602865268,822600
2015-07-07,44.35958480834961,44.51187812813785,43.81809888355171,44.08884184595066,688500
2015-07-08,44.08037185668945,44.241127682335524,43.89423811871895,44.114215528142324,847500
2015-07-09,44.79106903076172,44.86721567133434,44.478023165078646,44.57955094333885,970700
2015-07-10,45.324100494384766,45.55254044120061,45.137963524199215,45.25641637727835,734500
2015-07-13,45.42563247680664,45.950199763475105,45.408710639090515,45.73868163328927,728500
2015-07-14,45.43409729003906,45.713299557593785,45.30718511455284,45.535625093921624,375400
2015-07-15,45.341026306152344,45.501778922446725,45.21411413762327,45.41717296176769,312500
2015-07-16,45.49331283569336,45.654065428024346,45.417166191429196,45.527156505924104,431700
2015-07-17,45.04489517211914,45.49331250311323,45.02797333712748,45.44254699813823,335500
2015-07-20,45.12104034423828,45.247949261271714,44.9856656687201,45.18026515102253,598900
2015-07-21,44.95183563232422,45.22257859100947,44.84184529676126,45.163353770516494,404500
2015-07-22,44.89261245727539,44.977218424649095,44.74031913399411,44.774159584437136,689800
2015-07-23,45.35793685913086,45.594836072102126,44.90951956957533,44.94336000892143,743100
2015-07-24,44.934906005859375,45.493313664803445,44.723387904327375,45.493313664803445,743200
2015-07-27,44.38496780395508,44.79108226449418,44.2749806898061,44.588026647980044,384800
2015-07-28,45.011051177978516,45.01951048165842,44.24958474638751,44.44418100612521,441600
2015-07-29,45.950191497802734,45.97557263605602,44.850294836681,44.95182584471405,406900
2015-07-30,45.950191497802734,46.25477483937203,45.527155313528205,45.882504159114035,521600
2015-07-31,45.91633987426758,46.26322935617985,45.882496210786044,46.14477976150386,432500
2015-08-03,45.94173812866211,46.085572138304784,45.544086230848926,45.99250364280257,328000
2015-08-04,45.97557067871094,46.31400090272635,45.2056449852102,45.89942403968296,363500
2015-08-05,45.99250793457031,46.37324125737521,45.77252724694486,46.17864494294402,674400
2015-08-06,45.772518157958984,46.28016356340003,45.527159600881575,46.14479210078447,950900
2015-08-07,47.42235565185547,47.43927748654198,41.46600539762067,41.46600539762067,1281600
2015-08-10,48.33612823486328,48.49688086593892,47.60850528708053,47.70157378889146,945600
2015-08-11,47.591583251953125,48.21767838950579,47.43083062153931,47.91309174029156,458900
2015-08-12,47.22777557373047,47.422371898026135,46.500152570487764,47.13470706482579,601500
2015-08-13,47.532344818115234,50.34976406157078,46.55936032590264,50.34976406157078,331400
2015-08-14,47.633872985839844,47.76078513021328,47.29544598002719,47.557726344717764,411300
2015-08-17,47.9976921081543,48.16690725214204,47.16854145287585,47.498509208521206,408400
2015-08-18,47.64234161376953,47.99769049947461,47.61695724514037,47.972309358355766,389900
2015-08-19,47.17699432373047,47.64233671311129,46.94009509096204,47.43927792251693,343100
2015-08-20,45.97557067871094,46.89778965026763,45.96711137548997,46.71165270430817,557300
2015-08-21,44.740318298339844,45.95866163432322,44.740318298339844,45.60331270497792,718000
2015-08-24,43.14970016479492,44.384965316478656,42.15133429493803,42.396696109693345,1143200
2015-08-25,42.819732666015625,44.49495594313315,42.7774296836284,44.427268589305044,1061000
2015-08-26,44.325740814208984,44.4526529889619,42.76896717779182,43.87732339110051,970000
2015-08-27,45.1295051574707,45.315642131523376,44.308813838249726,44.74877190486766,798500
2015-08-28,45.29025650024414,45.33256270408404,44.72338951690389,44.94336693032439,694700
2015-08-31,44.664161682128906,45.290253435465296,44.57109320399539,45.112579010397674,572600
2015-09-01,43.15815353393555,43.94500115750114,42.65051136341397,43.741945580296594,1866200
2015-09-02,43.78424835205078,43.91116050784341,43.15815333232277,43.82655132814493,1056700
2015-09-03,43.79270935058594,44.588019532970925,43.70810339512428,43.86039669696352,918500
2015-09-04,42.9804801940918,43.5558097233738,42.743580938802836,43.200460840440364,834300
2015-09-08,44.70646286010742,44.74030652852584,43.437354342005406,43.733478371891934,1103300
2015-09-09,44.47803497314453,45.011061598661264,44.359585329143194,44.91799309908572,1202000
2015-09-10,44.3172721862793,44.85875799329978,44.16497889961603,44.40187813331,850000
2015-09-11,44.87889862060547,44.90442596478369,44.12155386693337,44.24919708002799,689500
2015-09-14,44.60660171508789,44.887415541056825,44.470450442343,44.84486887696825,423800
2015-09-15,44.989524841308594,45.10865679034591,44.53001635875067,44.632128994196634,538700
2015-09-16,46.66587829589844,46.74246356496469,45.44902526856887,45.72983900384555,1212300
2015-09-17,46.589298248291016,47.07433725803714,46.453147004258796,46.555259625757536,632500
2015-09-18,46.11276626586914,46.623335854435815,45.97661502480502,45.9851263033037,1345000
2015-09-21,46.802032470703125,47.11688159841578,46.359540137811564,46.359540137811564,502700
2015-09-22,46.870121002197266,46.95521432874556,46.240419348991935,46.91266766547141,709800
2015-09-23,46.972232818603516,47.22751603986884,46.70843831717139,46.89564752761369,501000
2015-09-24,46.85309600830078,47.02328264076796,46.28296040200954,46.572282221746455,552300
2015-09-25,47.19346237182617,47.874218493624895,47.006256467144794,47.15091572285773,429200
2015-09-28,46.47016143798828,47.372162117739016,46.24040562915516,47.1083709360465,631000
2015-09-29,46.802032470703125,47.091354255820626,46.316993484785776,46.665881233359684,673400
2015-09-30,47.09986877441406,47.618946452678216,46.79353088277971,47.21049268439708,790200
2015-10-01,46.77650833129883,47.67850912317879,46.308485377660986,47.219000694491655,1181300
2015-10-02,48.35927200317383,48.35927200317383,46.12128268549405,46.2829612878732,1266500
2015-10-05,48.81877899169922,49.23574402729272,48.49542179669404,48.52945717515117,968400
2015-10-06,48.180572509765625,48.90387872104175,48.04442124881162,48.716669519941696,475900
2015-10-07,48.05293273925781,48.50393318450137,47.82317687674634,48.35076260949372,874800
2015-10-08,48.546478271484375,48.7421955007385,47.38919096276259,48.02740058923987,495000
2015-10-09,48.78473663330078,48.844302594705674,48.49541485814784,48.56348885142424,712700
2015-10-12,48.929412841796875,49.057056086781714,48.64009096645345,48.895374210320576,310800
2015-10-13,48.529457092285156,49.14213934889411,48.52094905921088,48.74219362626305,375700
2015-10-14,48.078453063964844,48.750701239852816,47.993359755212644,48.50392609992913,232100
2015-10-15,48.7421875,48.76771808821778,48.21460187095404,48.21460187095404,840700
2015-10-16,49.329341888427734,49.48251243193406,48.68262109448959,48.89535759979266,386700
2015-10-19,49.75482177734375,50.06967093980992,49.252763425577854,49.252763425577854,520000
2015-10-20,49.63568878173828,49.79736737608497,49.337855691813104,49.62717750271371,272600
2015-10-21,49.235748291015625,50.05265587456385,49.16767103600218,49.96756255189923,261100
2015-10-22,50.27389907836914,50.36750042624116,49.43146097870587,49.43146097870587,367000
2015-10-23,50.76744842529297,50.963165655064806,50.0952001712275,50.51216522324718,419100
2015-10-26,50.639801025390625,50.827010206300955,50.31644384431139,50.54619968103722,375900
2015-10-27,50.30793380737305,50.88657742983304,50.095197276942216,50.54620092880482,524600
2015-10-28,50.971675872802734,50.971675872802734,50.13774578613493,50.46110623324477,503500
2015-10-29,50.84403610229492,51.00571471377238,50.478128971912405,50.554714260739026,508400
2015-10-30,50.699371337890625,51.150371742294695,50.69086005888196,51.0312398049881,724800
2015-11-02,50.750431060791016,50.84403566255868,50.46962050159018,50.69086508623017,606600
2015-11-03,50.46112060546875,50.69938780356598,50.061178006921516,50.69938780356598,888700
2015-11-04,50.1462516784668,50.73340329247598,50.04413905996555,50.54619736624063,653400
2015-11-05,48.78473663330078,50.767439161709525,48.5805081612687,50.29090822436896,1095600
2015-11-06,48.64857864379883,49.09107092951783,48.078446412609736,49.057035558386524,1300400
2015-11-09,48.452877044677734,48.64859428754893,48.29119842998473,48.56350096320571,1260700
2015-11-10,48.52095413208008,48.52946216604387,47.85721711542789,48.231632285777444,711500
2015-11-11,48.452877044677734,48.75921820607691,48.34225637225201,48.69114419582279,632100
2015-11-12,47.96784591674805,48.62307501048041,47.94231856442821,48.274187128997234,683100
2015-11-13,46.57228469848633,47.79764604636585,46.257435516355876,47.695533412234745,1146200
2015-11-16,46.93818664550781,47.11688454706021,46.26593844888487,46.45314762923601,1195700
2015-11-17,46.75098419189453,47.31260856765518,46.69992949616316,46.955212713126684,522900
2015-11-18,46.91266632080078,47.065836901079216,46.29998399968706,46.87011965874616,901400
2015-11-19,47.159420013427734,47.44874174800525,46.75096637274789,46.94668353935901,1024800
2015-11-20,47.52533721923828,47.704038362886344,47.270054044728916,47.39769725503444,1794200
2015-11-23,46.71695327758789,47.61044624545489,46.67440336560646,47.431748301102,662000
2015-11-24,46.870121002197266,46.88713707062506,46.04470210104898,46.317004641326335,764400
2015-11-25,46.71695327758789,46.97223651896381,46.53825208713246,46.94670592255445,420200
2015-11-27,46.88713455200195,46.972231120081474,46.512719390758534,46.8190605436405,187000
2015-11-30,46.785011291503906,47.21899557489597,46.54674744719543,46.895635181833455,944000
2015-12-01,46.98073196411133,47.074336551622885,46.73395682359935,46.97222393165649,1026900
2015-12-02,46.50420379638672,46.97222348337628,46.410599209768485,46.97222348337628,515300
2015-12-03,45.98513412475586,46.66589044586394,45.653265621097056,46.5467584954328,868100
2015-12-04,46.75950241088867,46.92969232948744,46.12129265072032,46.12980068590404,754600
2015-12-07,46.50420379638672,46.895638207606964,45.95959558752621,46.725448345219405,1127200
2015-12-08,46.078739166259766,46.214890431777654,45.68730143755639,46.11277454806257,1170300
2015-12-09,44.7342414855957,45.942586777873615,44.589582189688244,45.85749021019086,1200000
2015-12-10,45.23917007446289,45.52159225028302,44.768464271607975,44.84548909496475,644100
2015-12-11,45.07658767700195,45.43603815921864,44.67434959049528,44.70858359160811,770700
2015-12-14,45.513038635253906,45.572946472724915,45.15358834569557,45.21349944789886,626000
2015-12-15,45.92384338378906,45.992311359380174,45.41034662578677,45.76123683885931,781900
2015-12-16,46.59138488769531,46.79678552798213,45.863930680113825,46.30040255171623,719100
2015-12-17,46.10356903076172,46.96795930609468,46.10356903076172,46.617069076977224,716200
2015-12-18,45.82970428466797,46.26617949327666,45.59862975035742,45.975197109115186,1840000
2015-12-21,46.094993591308594,46.28327719218998,45.701312666494424,46.06931974199989,843300
2015-12-22,46.36886215209961,46.52291178833105,45.97518119938896,46.21481251586817,505000
2015-12-23,46.75399398803711,46.771110979868666,46.32607898644538,46.65129203704779,387200
2015-12-24,46.72832107543945,46.88237075106202,46.6427393733081,46.6427393733081,158900
2015-12-28,46.856689453125,46.86524631608635,46.326075801753426,46.61705811342148,394700
2015-12-29,46.93372344970703,47.395872493496796,46.6341842165467,47.2589398062331,941200
2015-12-30,46.67698287963867,47.2075967234815,46.64274888591118,46.89949730940072,372900
2015-12-31,45.9837532043457,46.70265065525393,45.9837532043457,46.51436697902731,500100
2016-01-04,44.83694076538086,45.393231665414696,44.46893354192455,45.28197283246134,609300
2016-01-05,45.299095153808594,45.41891086581681,44.76848131574366,44.8369460377198,680500
2016-01-06,44.94819641113281,45.358994459755124,44.682887909743684,44.77702974135701,791400
2016-01-07,43.5018424987793,44.37478626658474,43.424817664592645,44.1779457491594,605700
2016-01-08,43.20229721069336,44.657208836781344,43.091038398622196,44.37478337492354,852700
2016-01-11,43.364906311035156,43.59598081227787,42.61177823076168,43.25365075708061,929800
2016-01-12,43.87841033935547,44.00678289762401,43.476169141035236,43.67300967549989,655600
2016-01-13,42.483402252197266,43.95543095146915,42.2608878804325,43.95543095146915,656500
2016-01-14,43.416255950927734,43.51039777424484,42.01269525897345,42.57754293414365,619500
2016-01-15,43.142391204833984,43.17662518919137,42.16674550377553,42.26088732839212,854100
2016-01-19,43.48472213745117,43.69867963086855,42.851406520453544,43.49327900070568,781500
2016-01-20,42.99690246582031,43.45049134040426,41.55910774346958,42.902760639457796,632600
2016-01-21,42.911312103271484,43.49327671597433,42.59465594377296,43.02257090812905,636000
2016-01-22,44.374786376953125,44.374786376953125,43.43337463653696,43.47616548569542,754800
2016-01-25,44.10091018676758,44.63152703307631,44.01532850948254,44.32342777127943,773500
2016-01-26,44.5801887512207,44.640096595310744,43.861291357407545,44.2036246934072,664900
2016-01-27,44.682891845703125,45.5216050102779,44.31488461592512,44.563076145725724,960400
2016-01-28,44.81982421875,45.27341642006349,44.468933986450665,45.016664762261044,808000
2016-01-29,45.8382568359375,46.214820867704006,44.68288435540545,44.93107584360112,1263700
2016-02-01,46.094993591308594,46.31750790302437,45.29907161542295,45.50446893935574,609100
2016-02-02,44.96530532836914,45.68420260052029,44.78558182651438,45.5215928243099,559700
2016-02-03,45.341888427734375,45.45314727969544,44.58875685749043,45.29909756612888,919800
2016-02-04,45.1279182434082,46.45445417086228,44.52027969011536,46.45445417086228,890100
2016-02-05,44.06669235229492,45.29052636582403,43.673008033434975,44.93107929850765,748800
2016-02-08,44.46036911010742,44.58874165114431,43.0482483055751,43.52751428041696,933900
2016-02-09,44.69145584106445,45.102253961403854,43.904090328530664,43.912650459116854,893100
2016-02-10,45.812583923339844,46.34320093264708,44.88828911874981,45.11080350688341,878900
2016-02-11,45.701332092285156,45.966637353863185,45.059459468880775,45.15359804460437,859000
2016-02-12,46.514366149902344,46.5571602680877,45.85537982432148,46.1378020688943,552700
2016-02-16,47.139129638671875,47.37876105329001,46.88237796331453,47.03642766263567,1531500
2016-02-17,47.43865966796875,47.60126620125768,46.97651066001175,47.43865966796875,770700
2016-02-18,47.515682220458984,47.56703319600978,47.07920709010812,47.43865738949897,956200
2016-02-19,47.71253204345703,47.883698730640255,47.37875879905291,47.45578364504871,687800
2016-02-22,48.046302795410156,48.32872830432131,47.823788398928244,48.08053678401748,849900
2016-02-23,48.371524810791016,48.71385494267311,47.806676991688995,47.926492701084385,1145700
2016-02-24,47.68684387207031,47.96070918348245,47.267485777558704,47.84945038049251,716700
2016-02-25,48.45709991455078,48.465660043901224,47.43866325894458,47.80667046742682,748400
2016-02-26,48.41431427001953,48.83367250551726,48.28593843381552,48.594037828918644,395000
2016-02-29,48.037742614746094,48.75664000221268,48.02062562162396,48.31160797523502,615800
2016-03-01,49.25300979614258,49.27012678580758,48.20033941723484,48.39717990128439,529700
2016-03-02,49.141761779785156,49.304371584921185,48.70528987410632,49.18455589570475,661100
2016-03-03,49.218788146972656,49.2444652702687,48.885014926719094,49.15032343589302,515300
2016-03-04,49.210243225097656,49.26159421941924,48.83367906094012,49.16745236219646,674300
2016-03-07,49.03050994873047,49.17599950677794,48.69673671346118,48.962041969837834,417800
2016-03-08,48.371524810791016,48.78232292788947,48.243148970876966,48.66250721849407,444900
2016-03-09,48.52556610107422,48.76519747832583,48.24314060811397,48.58547394538712,554100
2016-03-10,48.00933074951172,48.895526733096546,47.77702713917965,48.76646807776831,575000
2016-03-11,48.35348129272461,48.499744694331454,48.12978007814066,48.327667594366346,306800
2016-03-14,48.36209487915039,48.508361596753616,48.09537843038323,48.10398081043121,419400
2016-03-15,48.31047058105469,48.55997896979063,48.09537499214901,48.12978779197927,342600
2016-03-16,48.680442810058594,48.81810387703453,48.14700330369046,48.25885394626426,491700
2016-03-17,49.368743896484375,49.549423415948304,48.6632305786837,48.76647554950617,332000
2016-03-18,49.88497543334961,49.98822041121027,49.1966701107807,49.342933555908424,996400
2016-03-21,49.63544464111328,49.910766664266646,49.52359732564919,49.81612738551182,212800
2016-03-22,49.558013916015625,49.78171512828723,49.30850556984791,49.558013916015625,366900
2016-03-23,49.308502197265625,49.5408057716136,49.22246201300854,49.497784038436336,373000
2016-03-24,49.015987396240234,49.231083000707365,48.525569680623065,49.09342194513234,343900
2016-03-28,49.6956787109375,49.94519035814528,48.84390209750114,49.01597920875127,502200
2016-03-29,50.779762268066406,50.796970307419414,49.325717404765285,49.54941535215857,598000
2016-03-30,50.91743469238281,51.17554877622913,50.814189715264014,50.951850778788625,296900
2016-03-31,51.02927780151367,51.3218079285957,50.63349943045104,50.857200676977506,476100
2016-04-01,51.12390899658203,51.2701756779823,50.07424493931677,50.771152424154806,691400
2016-04-04,50.74534225463867,51.356212834863825,50.685115762621976,51.09809882877832,365100
2016-04-05,50.40119934082031,50.73674793020341,50.18610375459032,50.461425842396864,430800
2016-04-06,51.12390899658203,51.184138770404005,50.26352679240854,50.504436041403515,611000
2016-04-07,50.435604095458984,50.8399847833418,50.125865975557055,50.8399847833418,746900
2016-04-08,50.68513107299805,51.037887753694335,50.32377201174272,50.71094149677381,716500
2016-04-11,50.814170837402344,50.98624464130736,50.54745118999369,50.788357141138654,795000
2016-04-12,50.349571228027344,50.788364745036,50.19470215564831,50.64210133339909,1063600
2016-04-13,51.39064025878906,51.399245920747525,50.4270128916397,50.659316533042364,444700
2016-04-14,51.373435974121094,51.72619265195368,50.392600493420666,51.296001421323766,542400
2016-04-15,51.270179748535156,51.61433397036745,51.123913055522166,51.158329134124976,780100
2016-04-18,51.93268966674805,52.04454031384059,51.115325612638884,51.115325612638884,402700
2016-04-19,52.526336669921875,52.534942330554564,51.96709016641857,52.01010862328839,621800
2016-04-20,51.99290084838867,52.457508061979034,51.674560327416565,52.457508061979034,664700
2016-04-21,51.493892669677734,52.104766755177074,51.35623159733257,52.001518489344065,607400
2016-04-22,51.6917724609375,51.76920372057097,51.09810654696233,51.3304101721572,773300
2016-04-25,51.54551696777344,52.14778539200059,51.261592441069936,51.74340455477257,630000
2016-04-26,51.94989013671875,52.19939853787121,51.399245926853695,51.708980833329,612100
2016-04-27,52.20800018310547,52.35426360417976,51.751998597287795,51.94988613985203,338600
2016-04-28,51.39064025878906,52.14777768831276,51.21856312270208,52.03592705754146,351100
2016-04-29,51.485267639160156,51.64013668768079,50.81417061696904,51.330398590639525,679700
2016-05-02,52.46611785888672,52.46611785888672,51.52830092052694,51.571319383697904,589100
2016-05-03,51.82943344116211,52.466114532765644,51.59712981624791,52.22520852860195,710600
2016-05-04,51.26157760620117,52.0703357645074,51.1927454486783,51.803616077253146,1266900
2016-05-05,50.86580276489258,52.14777388914061,49.83334330568783,51.36482609497916,2199100
2016-05-06,51.82943344116211,51.88105428085539,50.47002777287118,50.59048077495302,893900
2016-05-09,51.924072265625,52.38007713202647,51.872451426404616,51.91546988645431,731100
2016-05-10,52.81026077270508,52.81886315065017,51.967086603887466,51.967086603887466,550400
2016-05-11,52.65540313720703,53.07698867203563,52.242419982189915,52.81887461041223,608700
2016-05-12,52.68120193481445,52.99954243117264,52.156368265460536,52.80165491818795,529300
2016-05-13,53.12861251831055,53.39533224044371,52.31985425424308,52.8102719533827,1445900
2016-05-16,53.67064666748047,53.76528924186804,52.99954626823127,53.18883141700641,1207800
2016-05-17,53.37812042236328,53.88574612721989,53.154419179085124,53.576007963972046,1051000
2016-05-18,54.35895538330078,54.685901584749125,53.292079859568425,53.39532810135091,1467000
2016-05-19,53.9029541015625,54.30733156344209,53.378120356935646,54.08363360253624,881200
2016-05-20,54.883792877197266,55.08167714889699,53.91155986758224,54.100845041692686,1121700
2016-05-23,54.69451141357422,55.055873744836475,54.48802146608025,54.918212685807646,1388800
2016-05-24,56.234580993652344,56.25178574936866,54.677288033516795,54.98702614997227,1719100
2016-05-25,55.778587341308594,56.82825482123292,55.4344331007143,56.57013749973815,1687800
2016-05-26,55.47745895385742,56.14855616244415,55.46024763024427,55.79579623453763,1001500
2016-05-27,55.57208251953125,55.80438938685682,55.296760481208665,55.4086143670303,1418400
2016-05-31,55.22794723510742,55.92485486441334,54.780544720242,55.769985772990175,9977800
2016-06-01,55.210731506347656,55.28816932797894,54.823562090779575,55.030052008136146,711700
2016-06-02,55.23654556274414,55.23654556274414,54.814960039156446,55.15911430021023,833500
2016-06-03,55.35698318481445,55.42581533073487,54.53102040845101,55.20212070278561,827700
2016-06-06,55.45164489746094,55.59791489911231,55.19353410739974,55.33119188259298,572700
2016-06-07,54.883792877197266,55.06447238952179,54.358959099598906,54.38476952076003,1194100
2016-06-08,54.883792877197266,55.06447238952179,54.76333986898092,54.80635833161557,520100
2016-06-09,54.875179290771484,54.961219485713855,54.34174321052014,54.556838774729314,693200
2016-06-10,54.668701171875,54.84077831675606,54.30733883941491,54.50522640729364,904700
2016-06-13,54.33314895629883,54.66009189967282,53.82552321757798,53.920162523018874,760000
2016-06-14,55.30537033081055,55.4688450598909,54.711707756097155,54.87517920307967,1211300
2016-06-15,55.106571197509766,55.44369322311991,54.76080315727512,55.20165757344871,846200
2016-06-16,55.72028732299805,55.806727654816655,54.90773699244639,54.90773699244639,722500
2016-06-17,54.829952239990234,55.55605911160807,54.68299968443325,55.55605911160807,1251800
2016-06-20,55.34859848022461,55.84131571970825,55.25351211865971,55.521485771695254,775400
2016-06-21,55.55605697631836,55.988265315186474,55.34859882025491,55.34859882025491,565300
2016-06-22,55.521488189697266,55.746231785933105,55.41775581029725,55.746231785933105,825400
2016-06-23,56.282169342041016,56.282169342041016,55.841314998206734,56.152505523857315,514500
2016-06-24,54.22486114501953,55.409111143303974,54.10384333026628,54.40638786714941,723500
2016-06-27,53.248069763183594,53.948248508340455,53.083831769993395,53.74078704024237,919000
2016-06-28,54.40638732910156,54.40638732910156,53.5506166203877,53.8185836939804,590100
2016-06-29,55.04605484008789,55.11520646028898,54.691644130651376,54.89045957277548,852800
2016-06-30,56.35995101928711,56.35995101928711,55.192990107648164,55.227567557730524,915400
2016-07-01,56.506935119628906,56.76625623260766,56.394556701858306,56.40320271745087,394900
2016-07-05,56.59336471557617,56.71438253092069,56.15251033397755,56.25624271640556,400400
2016-07-06,56.74029541015625,56.7748728596505,56.204354835456606,56.43775097079926,602900
2016-07-07,56.783538818359375,56.783538818359375,56.23895204123375,56.28217551702916,676300
2016-07-08,57.587432861328125,57.69115862641115,57.00826876139005,57.207087469423996,520600
2016-07-11,57.90726852416992,58.01964690748897,57.64794749069057,57.656586908657005,364700
2016-07-12,57.889991760253906,58.51237288574493,57.73439647888115,58.27897666619753,753700
2016-07-13,57.7430534362793,58.30491916357383,57.682544515110145,57.79491634157349,756600
2016-07-14,58.062870025634766,58.39135260299547,58.01100713235729,58.3481291286134,468100
2016-07-15,57.65658950805664,58.04558096827635,57.48370881127622,58.01100350992509,673800
2016-07-18,57.6133918762207,57.95915998025592,57.5355909201982,57.74305573960616,363400
2016-07-19,57.94184494018555,57.95049095297222,57.53556807389251,57.55286009946586,318200
2016-07-20,58.417274475097656,58.87541421056338,58.201170328559094,58.348119565411274,432800
2016-07-21,58.2443962097168,58.581518202862604,58.00236058335326,58.34812859029096,389000
2016-07-22,58.82356262207031,58.98779732039559,58.17525005795481,58.356776784509975,342000
2016-07-25,58.44321060180664,58.82355604059188,58.41727915733959,58.78897858297725,579200
2016-07-26,59.10017395019531,59.14339082952374,58.46050082436262,58.46050082436262,624400
2016-07-27,58.935916900634766,59.16066703595712,58.80625310737285,59.11744357321165,632200
2016-07-28,58.47780227661133,59.13476094105845,58.33085299225444,58.88407925863814,429600
2016-07-29,58.503719329833984,58.719823493050725,58.20981423847187,58.48643389856595,472500
2016-08-01,59.29896926879883,59.350838742233705,58.46048422715745,58.55557056765128,525300
2016-08-02,58.84951400756836,59.48053475724288,58.685272658621905,59.3163000032751,356700
2016-08-03,58.7630615234375,58.93594225885536,58.53831129141243,58.93594225885536,461000
2016-08-04,59.02236557006836,59.25576174990985,58.82355344128899,58.82355344128899,695800
2016-08-05,59.43729782104492,59.80899728887269,59.273056527476975,59.298987974887396,856900
2016-08-08,59.203895568847656,59.584241012030006,59.17796412408082,59.43729176170075,649400
2016-08-09,59.32492446899414,59.58425215511194,58.1061001721853,58.82356772146448,1107300
2016-08-10,60.08559036254883,60.63881637286215,58.95320030817922,58.95320030817922,997700
2016-08-11,59.74848937988281,60.319001017389624,59.26441150520635,60.16340573534657,1158600
2016-08-12,59.19524002075195,59.886769207680686,59.100153685865976,59.6360876516153,631500
2016-08-15,58.77168273925781,59.27304594964113,58.728465866278384,59.195251621293,879500
2016-08-16,57.96778106689453,58.80626631060795,57.92456418942045,58.667963069724564,909200
2016-08-17,57.60471725463867,58.019640092434074,57.388613121301944,57.92455374616794,976100
2016-08-18,57.829471588134766,57.959135396522505,57.61336743914695,57.61336743914695,820800
2016-08-19,57.91591262817383,58.01964499513182,57.72573991957183,57.91591262817382,852200
2016-08-22,58.84951400756836,58.9878173053822,57.89001056000093,57.91594201615486,973800
2016-08-23,59.08287811279297,59.281696848807805,58.84948851353503,59.11745557101189,565200
2016-08-24,59.10017395019531,59.2211917642769,58.82356086158364,59.091527936339126,452200
2016-08-25,59.713905334472656,59.731190766137736,59.10880970658132,59.1347477465427,581800
2016-08-26,59.64474868774414,59.98187065272899,59.40271308159868,59.64474868774414,346600
2016-08-29,59.670684814453125,60.033738252160845,59.57559844815213,59.64475336818489,535800
2016-08-30,59.69660949707031,59.97322255088479,59.41135702546271,59.79169585259798,336900
2016-08-31,59.90407943725586,59.99916580104325,59.47187109094081,59.65339780499601,751500
2016-09-01,60.638824462890625,60.638824462890625,59.860848221165654,59.91271110562227,530100
2016-09-02,61.30441665649414,61.30441665649414,60.87220840607615,60.87220840607615,432100
2016-09-06,61.56376647949219,61.56376647949219,61.019179666495425,61.39952517462308,718600
2016-09-07,61.72800064086914,62.013253143977046,61.304431703116656,61.46002697525558,593500
2016-09-08,61.41681671142578,61.693429825578846,61.37359323313002,61.485965043731404,434300
2016-09-09,60.00782012939453,60.98461545555004,59.99918070870435,60.98461545555004,603100
2016-09-12,60.465938568115234,60.56967093436828,59.757117219491,59.91271247138292,620800
2016-09-13,59.6929817199707,60.76125043659407,59.61481199915785,60.47463917067571,760900
2016-09-14,59.03289794921875,60.040370748849895,58.97210223394994,59.92746631370382,570900
2016-09-15,59.53665542602539,59.649559894858626,58.78973262915821,59.11976566391242,373400
2016-09-16,59.658226013183594,59.74507608390791,59.17185368990324,59.54531495762989,668000
2016-09-19,59.57136917114258,60.34435268954274,59.267390611229956,59.8579803674469,396200
2016-09-20,59.684288024902344,60.10985806438594,59.50190086512366,59.74508374482857,446700
2016-09-21,60.37910461425781,60.578865796946374,59.7450929553197,59.84063004796586,577700
2016-09-22,60.657020568847656,60.839414357945365,60.46595303601933,60.70044892363027,453500
2016-09-23,59.72770309448242,60.4312039194753,59.71033573054091,60.38777557026787,507600
2016-09-26,60.68309020996094,60.86547739882772,59.16319034316687,59.31952316594376,1360600
2016-09-27,59.98828125,60.65703433223412,59.901431146964654,60.53544286273701,1059300
2016-09-28,60.248817443847656,60.29223916729774,59.666908038741205,60.29223916729774,547800
2016-09-29,58.52047348022461,59.64954437983413,58.511793110736896,59.64954437983413,849900
2016-09-30,58.87656784057617,59.20660079186606,58.424936826983384,58.64206533799322,738300
2016-10-03,58.69417953491211,58.96341676288633,58.563901105614974,58.763662247368735,574200
2016-10-04,58.4857292175293,59.26739313793998,58.41625313389851,58.980788555652666,553400
2016-10-05,58.46835708618164,58.81576398095475,58.36413302987909,58.81576398095475,481100
2016-10-06,58.989463806152344,59.09368786190881,58.27728265740482,58.485724142682415,480100
2016-10-07,58.094913482666016,59.154501851812626,57.86041756754151,58.91131893946502,724800
2016-10-10,57.85171890258789,58.84182434673668,57.82566454241072,58.52047177666745,409800
2016-10-11,56.54895782470703,57.66934189293251,56.21892482738556,57.60854616641968,992600
2016-10-12,56.766075134277344,57.07874070197573,56.271022423127555,56.77476212955672,493400
2016-10-13,56.6792106628418,57.009243511029844,56.33180382850824,56.34917118841952,468700
2016-10-14,57.09611511230469,57.28718927461518,56.7747691359068,56.9137279463456,427900
2016-10-17,56.90503692626953,57.417463654981226,56.82687384334397,57.017947992143704,411100
2016-10-18,56.887664794921875,57.51299591088056,56.84423644611086,57.51299591088056,375800
2016-10-19,56.44472122192383,56.88766520328011,56.41866686294447,56.77476077229099,388700
2016-10-20,55.732540130615234,56.39261260631177,55.56752366825005,56.244966821003636,675500
2016-10-21,55.89756393432617,56.062583721701316,55.471990598554335,55.78465949499575,325900
2016-10-24,56.09732437133789,56.45341834456658,55.654386936755735,56.45341834456658,361000
2016-10-25,56.52289581298828,56.6618546149734,55.98441471798468,56.07126479750492,671100
2016-10-26,56.019161224365234,56.56632273925094,55.99310686073785,56.21892238923668,306200
2016-10-27,55.480682373046875,56.18417999611942,55.341720247724716,56.079955917289,363300
2016-10-28,55.645694732666016,56.297080267991234,55.53278697886989,55.53278697886989,410500
2016-10-31,56.158119201660156,56.279710633252414,55.62832512419271,55.86282099191035,562800
2016-11-01,55.697811126708984,56.28840102513232,55.68913075593253,56.17549656890331,444300
2016-11-02,55.60226821899414,56.20154505171148,55.558846490944646,55.558846490944646,409000
2016-11-03,55.689117431640625,55.81070885579111,55.4111899167166,55.4111899167166,290600
2016-11-04,55.6109504699707,56.33181868169542,55.602263474607426,55.602263474607426,459900
2016-11-07,56.609745025634766,56.97451932977572,56.27971207801717,56.27971207801717,391800
2016-11-08,57.044002532958984,57.4956269191707,56.4968410720462,56.627112877332856,446600
2016-11-09,53.978153228759766,54.699018216797654,51.98925512292682,54.27344815850404,1663900
2016-11-10,52.72748565673828,53.943406616850304,52.24111992318794,53.79575750979532,1454200
2016-11-11,52.65800094604492,53.222533017417916,52.35401908012001,52.41481479068145,619900
2016-11-14,52.597206115722656,53.08357180835369,52.32796559793206,52.718797538880416,1186800
2016-11-15,52.97935485839844,53.179112684060854,52.536414168993595,52.6406349230092,836400
2016-11-16,54.516639709472656,54.8293053686506,52.99673977645016,52.99673977645016,888300
2016-11-17,56.35786056518555,56.42734326023792,54.36027946607138,54.36027946607138,1083100
2016-11-18,56.59239196777344,57.13955356231434,56.34920241062848,56.47948087396809,867800
2016-11-21,57.044002532958984,57.45220519282058,56.69659559097659,56.73133694779846,648000
2016-11-22,56.99189758300781,57.504317721014644,56.740027699055794,57.01795194578962,589700
2016-11-23,57.235069274902344,57.31323234795834,56.60105119087244,56.800812310185684,427000
2016-11-25,57.20032501220703,57.7127450239076,57.035305253615626,57.443507839877476,204400
2016-11-28,57.269813537597656,57.62590082111874,57.09610676714222,57.09610676714222,545200
2016-11-29,58.094913482666016,58.16439620797602,57.38273211383201,57.43484084469581,599000
2016-11-30,56.22760009765625,58.18175679203771,56.158124006684744,57.95594790046622,859700
2016-12-01,55.749908447265625,56.34049815463115,55.41987224300429,56.21021974652028,519500
2016-12-02,55.15932846069336,56.2797157463309,54.95957061734098,55.6630649106432,635900
2016-12-05,55.61964416503906,56.001792492223586,55.194070795161316,55.506736403541964,399000
2016-12-06,55.671749114990234,55.94967334511825,55.26354976561867,55.71517746785624,405300
2016-12-07,56.87030029296875,56.87030029296875,55.73254243397573,55.85413386528246,790200
2016-12-08,56.98320007324219,57.23506991072411,56.69658888304874,56.90503037308238,496700
2016-12-09,57.113494873046875,57.235086329299435,56.792142237958025,57.044012147691866,544700
2016-12-12,56.87781524658203,57.25315353074316,56.36280397033943,56.9127251700308,429300
2016-12-13,57.00873565673828,57.26187585198446,56.799242848817954,56.903992582606264,445000
2016-12-14,56.67702865600586,57.54992297896319,56.58974055564116,57.1047450095515,303000
2016-12-15,57.026187896728516,57.3404303867553,56.68575964247536,56.93016898812838,376000
2016-12-16,57.15712356567383,57.54119254168353,57.01745727646651,57.174578521997134,967300
2016-12-19,57.515010833740234,57.89908649649291,57.157127596802624,57.349158768523274,419500
2016-12-20,57.907806396484375,57.907806396484375,57.33169960428261,57.53246822953267,450900
2016-12-21,57.253150939941406,58.108590538186284,57.20077939748087,57.75943138258313,255400
2016-12-22,57.253150939941406,57.48883620032775,56.79924869941719,57.39281726604546,254200
2016-12-23,57.68085479736328,57.698309752465995,57.07855562167113,57.25313181131724,219000
2016-12-27,57.86417007446289,58.15222682228774,57.44517783583988,57.602299092866545,246800
2016-12-28,58.0649299621582,58.48392218567713,57.907808710795535,58.073660770471534,591600
2016-12-29,58.35299301147461,58.553761666465036,58.03002632515703,58.160955165741896,591100
2016-12-30,57.872901916503906,58.361720653912975,57.54119777927133,58.361720653912975,354500
2017-01-03,57.54993438720703,58.16968868020331,57.34044157287252,58.06493894320781,498700
2017-01-04,57.93400573730469,58.26570322334721,57.55866086588415,57.57611582424176,630800
2017-01-05,57.6372184753418,58.28315849251386,57.37535414064524,57.87290370219032,735300
2017-01-06,57.872901916503906,58.01256155876828,57.53247363014319,57.65467831449545,480100
2017-01-09,57.74197006225586,58.12603909742874,57.6634060975607,57.87290556364363,367900
2017-01-10,57.628482818603516,57.83798226032498,57.384073462917264,57.64594443524137,304900
2017-01-11,57.70704650878906,57.85543695125111,57.174580417926016,57.48882291940767,321400
2017-01-12,57.794342041015625,57.803072850416584,56.93017838069639,57.62848996067877,216700
2017-01-13,57.80305862426758,58.265691513813785,57.75068710006375,57.925263287179604,346700
2017-01-17,57.78561019897461,57.8903599309454,57.36662459040379,57.78561019897461,316900
2017-01-18,57.70704650878906,57.96891747990892,57.39280400730742,57.96891747990892,372600
2017-01-19,57.384071350097656,58.00382552481352,57.2356809124168,57.68085888511461,238500
2017-01-20,57.48881912231445,57.76814503188716,57.183307449290396,57.40153102425829,234500
2017-01-23,57.48881912231445,57.628478747273306,57.04364116467655,57.38406940885406,243700
2017-01-24,58.49265670776367,58.63231635136684,57.384077069526555,57.611031482494575,442500
2017-01-25,58.99020767211914,59.0338483981913,58.641048565261606,58.937829477314075,436400
2017-01-26,58.82435607910156,59.260803301329446,58.78070869301634,59.01639392242681,338500
2017-01-27,58.69343185424805,59.0862384254965,58.57122714132383,58.88546973445964,260000
2017-01-30,57.96890640258789,58.571198865622335,57.4538953670408,58.571198865622335,455300
2017-01-31,58.07366180419922,58.143494952638,57.523740744468874,57.8903547842891,337400
2017-02-01,57.49755859375,58.492657712772754,57.19204021503543,58.483926903755076,516600
2017-02-02,59.3393669128418,59.41792421574254,57.40154019208416,57.497559113178,1131700
2017-02-03,59.84563446044922,59.97656994478302,59.46156547530021,59.72342978431244,468300
2017-02-06,59.41790771484375,59.72341935181889,59.0163771834401,59.46155508854915,487500
2017-02-07,59.78452682495117,59.92419310510634,59.33935554117983,59.35681049637183,496500
2017-02-08,59.51394271850586,59.79326867072739,58.929105046613266,59.295719110218535,426800
2017-02-09,58.64104461669922,59.671060249762576,58.61485885088792,59.51393899523916,697900
2017-02-10,58.76324462890625,58.894180107217146,58.42281638109095,58.4839187163487,623600
2017-02-13,59.25208282470703,59.43538989084955,58.85928292006695,58.85928292006695,473800
2017-02-14,58.97274398803711,59.260800740577594,58.85053930386645,59.22588416514943,422300
2017-02-15,59.49650192260742,59.61870663956539,58.91165745184274,58.998945584004495,524300
2017-02-16,59.898014068603516,59.90673821735179,59.409188692823655,59.4877526491468,718800
2017-02-17,59.86308670043945,59.95037478977152,59.365537265626884,59.871810847614626,487400
2017-02-21,60.35190963745117,60.413011970311665,59.784527026801015,59.950379070131554,576900
2017-02-22,60.10750961303711,60.19479772211707,59.69724817473986,60.002759886347654,613400
2017-02-23,60.203514099121094,60.59631382564811,59.95037398171208,60.2209690528905,1234000
2017-02-24,61.4168586730957,61.4168586730957,60.19480501887255,60.20353582873564,552200
2017-02-27,60.94548797607422,61.63507536520061,60.70980941354905,61.451768336646396,713000
2017-02-28,60.51777267456055,61.18989845812565,60.50904186552162,61.015322235283186,678400
2017-03-01,61.62635803222656,61.809665100864756,60.7971108179599,60.7971108179599,608200
2017-03-02,61.058956146240234,61.539050694956615,61.02404623329293,61.539050694956615,482600
2017-03-03,60.77963638305664,61.050238183229254,60.50031043359094,61.01532160708904,522300
2017-03-06,60.29083251953125,60.68363244367549,60.282101708426964,60.40430642525662,390100
2017-03-07,59.90673828125,60.44793518871886,59.705976305337174,60.41301861472194,543900
2017-03-08,59.61869430541992,59.985308380447286,59.56631610923299,59.94166099356755,363600
2017-03-09,59.898014068603516,59.898014068603516,59.30444563060018,59.627412285329946,497700
2017-03-10,60.08219909667969,60.433045393275776,59.81906270127349,60.336562494415936,362300
2017-03-13,60.29270935058594,60.31902165400793,59.959409020845506,60.03834593111149,286300
2017-03-14,60.31902313232422,60.46813734176521,59.99449579304988,60.31902313232422,326600
2017-03-15,60.35411071777344,60.70495706622181,59.810305234924094,60.547076544011915,413500
2017-03-16,60.7751350402832,60.85407196503663,60.389203341030964,60.389203341030964,411400
2017-03-17,60.76634216308594,60.915449655627,60.511978780132054,60.73125686628166,584200
2017-03-20,60.06467056274414,60.76635658991179,59.93310234145092,60.76635658991179,281000
2017-03-21,59.41560363769531,60.4155114324783,59.213871493957924,60.4155114324783,545400
2017-03-22,59.95939636230469,60.029566951173756,59.42435733289048,59.42435733289048,381600
2017-03-23,59.65241622924805,60.204994632479,59.59101862888905,59.83660903032503,357200
2017-03-24,59.433135986328125,59.959402069264996,59.336653090408795,59.71381167668354,237700
2017-03-27,59.24895095825195,59.389285475906576,58.60865590066065,59.09983675020761,303700
2017-03-28,59.5033073425293,59.59102394386843,58.76653607250804,59.21386531035646,364700
2017-03-29,59.240169525146484,59.58224280978225,58.97703314073302,59.538384515101264,267600
2017-03-30,59.555946350097656,59.62611696351637,59.240185281551454,59.240185281551454,245300
2017-03-31,59.59980392456055,59.72259916440376,59.28404282443837,59.45946937552774,374900
2017-04-03,59.32788848876953,59.69627412977366,58.95072984912132,59.503308310627524,445800
2017-04-04,58.71390914916992,59.47699269275778,58.46831873551696,59.178777673846874,516600
2017-04-05,58.67005920410156,58.99459326368786,58.53849098038615,58.898110345752414,569300
2017-04-06,58.7226676940918,58.77529898423033,58.32796982315074,58.71390138893204,317100
2017-04-07,58.46831512451172,58.76653012500486,58.31920093242867,58.46831512451172,515700
2017-04-10,58.67882537841797,58.78407459167821,58.327979053264,58.45954726167637,316900
2017-04-11,59.45946502685547,59.512089642414146,58.63497702663254,58.6788353341569,517300
2017-04-12,59.35420227050781,59.60856570282044,59.09107253117012,59.60856570282044,389100
2017-04-13,58.7928466796875,59.24894890287628,58.69636377446822,59.12615369474936,408000
2017-04-17,59.5033073425293,59.52085333953198,58.845472983508685,58.845472983508685,253900
2017-04-18,59.59102249145508,59.608561796193136,59.17877856582252,59.42436898317715,359600
2017-04-19,59.84539031982422,59.99449784252162,59.60856619145778,59.72258841025506,430400
2017-04-20,60.05590057373047,60.248866415721004,59.72259350416934,60.02081526683782,395900
2017-04-21,60.04712677001953,60.1962343034382,59.89801923660085,60.17869499614575,292300
2017-04-24,60.84528732299805,60.84528732299805,60.34533354135704,60.52075333806619,444100
2017-04-25,61.15230941772461,61.336502314544255,60.76637761952723,60.99442883590205,416700
2017-04-26,61.15230941772461,61.318963001826205,60.889172884073666,61.178621732721695,397900
2017-04-27,61.56452560424805,61.82765532669904,61.09088407363188,61.35401379608286,270500
2017-04-28,61.34525680541992,61.58207426077226,61.047035044483565,61.529449646657966,411300
2017-05-01,61.31015396118164,61.45926145307916,61.08210287885621,61.397863856895704,403300
2017-05-02,61.36278533935547,61.617148749312555,61.12596792558127,61.204904832893725,522100
2017-05-03,60.84528732299805,61.380326402348146,60.56461163316163,61.28384350660723,377900
2017-05-04,60.66985321044922,60.950528865014874,60.5909163194005,60.87159197396615,328500
2017-05-05,60.441829681396484,61.00318118407531,60.108522626042465,60.818981657780846,501400
2017-05-08,59.976951599121094,60.3716562475035,59.84539007483107,60.25762733733555,517600
2017-05-09,59.95939636230469,60.187447430211314,59.78397658196769,60.0207939546062,518000
2017-05-10,62.064476013183594,62.76616192617059,60.87160260008542,60.87160260008542,1037700
2017-05-11,62.099578857421875,62.23114040263896,61.65224952816825,62.00309592970367,550500
2017-05-12,62.336395263671875,62.56444642454225,61.76627070741515,62.05571948561542,498500
2017-05-15,63.18718719482422,63.336294718247494,62.432869886893215,62.511806802174654,567700
2017-05-16,64.07306671142578,64.1432306211503,63.01175476536119,63.18718126926467,686300
2017-05-17,63.59064483642578,64.33618898924423,63.25734455530965,64.07305930157449,706000
2017-05-18,63.441558837890625,64.03799570058223,63.25736598656741,63.45909814627638,774100
2017-05-19,64.3362045288086,64.52039736221761,63.52926258477736,63.63451850037011,458600
2017-05-22,65.02910614013672,65.45012299342274,64.54669169281273,64.57301068325975,610700
2017-05-23,65.0028076171875,65.36242026081027,64.38883154669143,65.03789292004974,448100
2017-05-24,65.67816925048828,65.73080054104861,64.81860290942343,64.81860290942343,474600
2017-05-25,66.46758270263672,66.68686082276515,65.59924322064252,65.78343603852996,498500
2017-05-26,65.92377471923828,66.55529005984559,65.92377471923828,66.27461434451892,424000
2017-05-30,65.99394989013672,66.38865457368364,65.56416659154559,65.73958643411885,485400
2017-05-31,66.56407928466797,66.6430229038864,65.77467655167628,66.20446657353975,1089000
2017-06-01,67.87974548339844,67.87974548339844,66.63424716249017,66.66055947053441,657700
2017-06-02,68.1077880859375,68.41477612762989,67.77448104766796,67.91482226206301,566200
2017-06-05,67.43241119384766,68.14287691779313,67.38855958095675,68.14287691779313,470400
2017-06-06,66.52897644042969,67.54643007075003,66.38864193146223,67.16049846037518,795200
2017-06-07,66.73072052001953,66.98508394771211,66.42373248378273,66.7219475213164,419900
2017-06-08,65.55537414550781,66.7745597576953,65.45889125316181,66.66053756303005,651000
2017-06-09,65.1168441772461,65.99395686651012,64.51164097210427,65.56417352248559,692000
2017-06-12,65.34488677978516,65.34488677978516,64.5291718180821,64.99404041172745,369600
2017-06-13,66.24352264404297,66.24352264404297,65.55633199208171,65.68847887006558,277700
2017-06-14,66.21708679199219,66.66639957641425,65.78538462743049,66.29637491102763,252700
2017-06-15,66.69282531738281,66.77212015371055,65.41535639957065,65.52108060747088,306200
2017-06-16,66.3932876586914,66.77212435884583,66.19065126119038,66.50781718325504,1444600
2017-06-19,67.00117492675781,67.07165099886147,66.55185551885008,66.84259200170857,342300
2017-06-20,66.6487808227539,67.15977109552391,66.6399687913998,66.96594673539663,282100
2017-06-21,66.88666534423828,67.13334849886573,66.56069405631423,66.88666534423828,461900
2017-06-22,67.14215850830078,67.25668804903674,66.29638483723642,66.94833411504635,386200
2017-06-23,67.34480285644531,67.85578655504769,67.20383720054643,67.27432002849586,478700
2017-06-26,67.42406463623047,67.66194240715485,67.12452281697435,67.4945474366236,248000
2017-06-27,66.58712005615234,67.27431072964282,66.57830802347358,67.18621056768968,319600
2017-06-28,66.97474670410156,67.2126244804188,66.45495116304012,66.83378782172946,287900
2017-06-29,66.1466064453125,67.08929220695386,65.58275739470146,66.9130851776311,412900
2017-06-30,66.56947326660156,67.01879267727752,66.19063665007266,66.36684363544029,361300
2017-07-03,66.26111602783203,67.09808404155395,66.16420387127887,66.72805275216514,191600
2017-07-05,66.62235260009766,67.23024834181211,66.29637465047497,66.32280402338291,319400
2017-07-06,65.62679290771484,66.33160746146562,65.52107542977903,66.2611246617686,434300
2017-07-07,66.27877044677734,66.41091733751105,65.45942611616861,65.62681441830198,310300
2017-07-10,65.87348175048828,66.4549548164664,65.78538160396108,66.17303031461316,486900
2017-07-11,65.65325164794922,65.86470014163426,65.11583854426813,65.86470014163426,345000
2017-07-12,66.3580551147461,66.67522107916248,66.16423072297923,66.16423072297923,291100
2017-07-13,65.91752624511719,66.62234076497167,65.77656737411195,66.49018720229778,330100
2017-07-14,66.26111602783203,66.54304046827517,66.07610374394206,66.07610374394206,270000
2017-07-17,65.89993286132812,66.46378199352587,65.60919626208532,66.3228163496705,319600
2017-07-18,65.73249816894531,66.06728128863658,65.441761745167,65.73249816894531,316700
2017-07-19,66.54306030273438,66.56948967665232,65.58275720179091,66.0585060971466,343700
2017-07-20,66.2963638305664,66.71925389290743,66.19063963457877,66.63114703544632,294300
2017-07-21,66.3051986694336,66.45496962406305,65.92636190550435,66.01446207166217,336200
2017-07-24,66.94831848144531,67.01880128464462,66.16421578028068,66.3227987266741,335600
2017-07-25,67.53860473632812,67.72361705675148,66.83379013523995,67.03641979596593,649600
2017-07-26,67.02761840820312,67.7236210190559,67.00999434525919,67.52979665633606,284400
2017-07-27,66.51660919189453,67.34476515261568,66.0937191825707,67.29189970044477,444600
2017-07-28,66.48138427734375,66.73687940774221,66.31398929359054,66.5606791144517,376100
2017-07-31,66.83380126953125,67.03643096401467,66.25232811852047,66.67521829394752,349200
2017-08-01,67.38001251220703,67.432871247449,67.00998120068549,67.12451742252209,245100
2017-08-02,66.70162963867188,67.22143186541993,66.51661733743903,67.22143186541993,322000
2017-08-03,67.25666809082031,67.25666809082031,66.47256543923416,66.6928191440979,363000
2017-08-04,66.6575927734375,67.36240068387131,66.34042686117861,67.36240068387131,327900
2017-08-07,66.604736328125,67.04524385241366,66.2699530294457,66.73688992973388,322700
2017-08-08,66.12898254394531,66.60473144186855,65.89111145578914,66.48138988184522,360700
2017-08-09,65.76777648925781,66.24352543487686,65.5122813117062,65.88230602887272,659600
2017-08-10,63.679752349853516,64.88674511540889,63.06304464284559,64.27884271735115,1124600
2017-08-11,65.43297576904297,65.52108263916365,63.29210922435358,63.29210922435358,785600
2017-08-14,66.71926879882812,66.79855692232567,65.51227583101425,66.14660770543874,443700
2017-08-15,67.02761840820312,67.27430151653361,66.56948687420886,66.78974060973403,331000
2017-08-16,67.91741943359375,68.20815589536966,66.86020449100154,67.04521676987474,428700
2017-08-17,67.36241149902344,68.40200955131228,67.31836477845545,67.9174485737834,584800
2017-08-18,67.22142791748047,67.78527681810634,66.8602086446622,67.23023322539622,614800
2017-08-21,67.30953979492188,67.69718178074868,67.00999123328134,67.13333278171855,455800
2017-08-22,67.74122619628906,67.78527962412778,67.14213587437317,67.50335516214437,442700
2017-08-23,67.80290985107422,68.16412920751027,67.19500738371143,67.52979736706399,473400
2017-08-24,67.47693634033203,68.09365087984906,67.44170165497549,68.04079213020316,493000
2017-08-25,67.72362518310547,67.97912033861728,67.39764721470537,67.73243049350826,550400
2017-08-28,67.75887298583984,68.03198550954946,67.50337780620984,67.88221455923204,320400
2017-08-29,67.64432525634766,67.9703032002583,67.35358871623362,67.5297957352166,403800
2017-08-30,67.626708984375,67.75005053880776,67.21263088523189,67.60027961151235,336700
2017-08-31,68.83368682861328,68.93059899845935,67.58264737264926,67.76765968191636,664300
2017-09-01,68.72798156738281,68.93942328390217,68.25223266400602,68.84251109682852,299000
2017-09-05,68.98350524902344,69.10684686146615,68.34036107990322,68.49894411327439,688500
2017-09-06,69.19491577148438,69.30944529651526,68.58701329811191,69.1684863981396,455100
2017-09-07,69.66184997558594,70.0318746315618,69.36230812692276,69.36230812692276,435100
2017-09-08,69.67064666748047,69.9261417465286,69.19489790528144,69.54730514264467,420400
2017-09-11,70.6221694946289,70.6221694946289,69.64424225333508,70.05831367986215,495800
2017-09-12,70.90409088134766,70.90409088134766,69.88211024454127,70.75431322139424,383300
2017-09-13,70.08472442626953,70.82477357273955,69.78517592297766,70.65737862320559,483700
2017-09-14,70.18650817871094,70.24846320978554,69.50499608429843,70.05374546852482,409600
2017-09-15,70.0626449584961,70.39011887629094,69.8148179159155,70.11574737703657,820700
2017-09-18,69.76167297363281,70.36352477641528,69.74397442910642,70.19535821674901,369300
2017-09-19,70.01836395263672,70.09801755258886,69.42536464434605,69.89445385098178,487800
2017-09-20,70.53170013427734,70.58480252707291,70.05375834133771,70.07145688807184,261200
2017-09-21,70.6910400390625,70.6998859393832,70.15998890561153,70.4874695375602,346300
2017-09-22,71.62918853759766,71.62918853759766,70.5139910801221,70.6024973142662,340300
2017-09-25,72.1867904663086,72.33725850591341,71.46102847606102,71.60264386566709,488200
2017-09-26,71.99207305908203,72.59392496287427,71.97437451158527,72.47001487261647,352300
2017-09-27,71.85047149658203,72.44347080872294,71.70885609228885,72.25760565503373,529200
2017-09-28,71.35482025146484,72.03632571150483,71.07159623848038,71.83276203948733,376000
2017-09-29,71.53185272216797,71.95669223669371,71.3105836891555,71.3371348927018,396100
2017-10-02,71.7796630859375,71.85932343821466,71.42563133129313,71.47874048367594,420800
2017-10-03,72.31957244873047,72.66475161199888,71.45220159067993,71.87703436735094,709000
2017-10-04,72.31957244873047,72.46118787601763,72.04520099910563,72.46118787601763,396200
2017-10-05,72.30187225341797,72.42578237318052,72.09830176946802,72.22221188923056,611400
2017-10-06,72.29301452636719,72.40807198589975,71.94783539517486,72.26646332436695,351100
2017-10-09,72.67359161376953,72.86830941609645,72.30186131074218,72.33726516140108,333700
2017-10-10,72.53199005126953,73.05418850738863,72.33727896438303,72.9302783827357,378200
2017-10-11,72.57623291015625,72.8152004620117,72.31956005662612,72.57623291015625,401000
2017-10-12,72.76209259033203,73.25773295844456,72.39921496441924,72.57622745228984,417500
2017-10-13,73.09841918945312,73.28429108052404,72.96566319953618,73.00991294531063,237200
2017-10-16,73.54979705810547,73.54979705810547,73.11611181020047,73.23116923237335,346000
2017-10-17,73.45243835449219,73.7002584967387,73.04530429900258,73.54979723217366,256300
2017-10-18,74.00120544433594,74.10741699605074,73.58521864086217,73.62947514222517,365800
2017-10-19,74.05428314208984,74.21359704022373,73.56749555244149,73.6825529639747,241900
2017-10-20,74.66500854492188,74.85972633658672,74.38178450775311,74.55879699876095,287800
2017-10-23,74.63848114013672,74.8685961012853,74.5588207669731,74.66503234699265,185800
2017-10-24,74.68270874023438,74.9659327836501,74.40833734734241,74.6650101917807,274200
2017-10-25,74.57649993896484,74.84201866707255,74.17821171791306,74.70041002926713,315100
2017-10-26,75.30228424072266,75.48814943123655,74.83319493810252,74.85974614351943,277700
2017-10-27,76.07228088378906,76.089986185564,75.06329476562891,75.74480707948786,373800
2017-10-30,75.79790496826172,76.08112900645678,75.40846938352087,76.08112900645678,286900
2017-10-31,76.04573059082031,76.31125609985884,75.69169882963368,75.84216688613908,412100
2017-11-01,76.48826599121094,76.75379149117875,76.01032414282525,76.24044579262443,401700
2017-11-02,76.34666442871094,76.60333730180939,76.17849781295119,76.3024079237443,339000
2017-11-03,76.85999298095703,77.09011462085154,76.37320525542651,76.55907039636656,266800
2017-11-06,77.14319610595703,77.6299836569217,76.85996541836722,76.85996541836722,462900
2017-11-07,77.32909393310547,77.44415138422816,76.85999797254195,77.21402972938867,383500
2017-11-08,80.08167266845703,81.20571612211246,77.99289294516306,77.99289294516306,1142500
2017-11-09,77.73623657226562,80.32065719983594,77.31139706717434,80.32065719983594,966600
2017-11-10,78.28498840332031,78.55936662134143,77.4441687013157,77.61233534275488,638400
2017-11-13,77.51494598388672,78.48852808620657,77.39988179961904,78.18759878034453,813700
2017-11-14,79.4001693725586,79.43557322386103,76.82460165180244,77.38219711647892,833100
2017-11-15,78.52396392822266,79.52409763365003,78.26729101211919,79.26742471754658,427300
2017-11-16,78.4708480834961,78.99303972671865,78.27613026649969,78.7717707078763,786400
2017-11-17,78.9930419921875,79.03729849826304,78.24958130880063,78.32038226488883,570000
2017-11-20,79.4975357055664,79.6125931686073,79.04614500001475,79.40902944533535,681700
2017-11-21,80.27638244628906,80.58616441728945,79.42671038183252,79.99315842480355,576500
2017-11-22,78.55048370361328,80.5330517677728,78.24070849868102,80.27637895437377,679800
2017-11-24,79.07269287109375,79.21430828357232,78.60360363429889,78.69211664339527,255100
2017-11-27,78.8071517944336,79.24968970427255,78.72749145931441,79.15233082390057,465900
2017-11-28,79.84270477294922,79.86041007431831,79.1169427264775,79.12579537716205,559400
2017-11-29,78.87797546386719,80.18788416096866,78.61244996312269,80.0728267120295,592500
2017-11-30,79.88697814941406,80.07284333748865,78.90454304630876,79.21431835976642,1555600
2017-12-01,79.77189636230469,80.18788315705258,78.57704512910138,79.75419781368716,498000
2017-12-04,79.80730438232422,80.61272681468272,79.54178562362365,80.37375250399852,503500
2017-12-05,78.38232421875,79.70993814794342,77.9928953912836,78.57704200878001,695200
2017-12-06,78.46197509765625,79.108076683778,78.00173187628874,78.12564195452012,434700
2017-12-07,79.0107421875,79.09040254957499,78.34693509811967,78.5505055766714,452400
2017-12-08,79.24083709716797,79.78958653659122,79.07267053051078,79.32934332866395,427000
2017-12-11,79.47980499267578,79.59486240915815,79.04611301362793,79.04611301362793,470400
2017-12-12,79.10810852050781,79.58605048000007,78.99305104515794,79.3647814294534,464800
2017-12-13,79.19661712646484,80.1170903831254,78.96649543600212,79.0815529049359,465300
2017-12-14,78.95221710205078,79.70761860125381,78.68561079079022,79.3165878751019,415100
2017-12-15,80.00975036621094,80.09861911062849,79.12104936153415,79.12104936153415,795200
2017-12-18,80.80069732666016,81.17395013803443,80.01864284850681,80.41855560637197,872900
2017-12-19,81.01399230957031,81.38724512947023,80.4363352614865,80.77403922516962,434800
2017-12-20,81.01399230957031,81.65385138071971,80.69405938387008,81.2805985608198,510200
2017-12-21,81.4139175415039,82.1515411653722,81.29838882629946,81.33393090770693,411600
2017-12-22,80.82736206054688,81.70718102836322,80.67628450131626,81.70718102836322,351800
2017-12-26,80.74737548828125,81.07619730766555,80.5607490870904,80.87179308907515,181900
2017-12-27,80.72071838378906,81.01399135894816,80.58741186960302,80.73848942156341,197700
2017-12-28,80.76513671875,81.07618746321702,80.39188396168946,81.07618746321702,235700
2017-12-29,80.49853515625,81.23615858555314,80.47187521210054,80.8628990267098,292100
2018-01-02,80.69406127929688,81.04953628931264,80.36523943675597,80.62296356519325,571100
2018-01-03,80.6229476928711,80.96954050557822,80.32078585754316,80.61405878529531,414700
2018-01-04,81.26280975341797,81.74270903703062,80.86289029361598,80.86289029361598,349100
2018-01-05,82.25817108154297,82.33815770572447,81.48500546921228,81.6005341705286,258800
2018-01-08,82.76473236083984,83.23574964698354,82.1959641899226,82.24929086736896,439000
2018-01-09,82.9246826171875,83.38681090334812,82.55142984930784,82.81804284365052,451700
2018-01-10,82.63142395019531,83.20019206145139,81.6627363111728,82.75584155076692,402200
2018-01-11,83.04911041259766,83.13798594180076,82.31149369406884,82.82693515009178,455600
2018-01-12,83.57343292236328,83.81337918053954,82.71139196996195,83.21795120855606,361600
2018-01-16,83.60014343261719,84.10670297762029,83.19134158754922,83.90230544521323,375700
2018-01-17,84.5865707397461,84.85318378112336,83.73341849969066,83.94670486464169,298000
2018-01-18,84.54214477539062,84.84430671648535,84.33774729135064,84.63990245219313,360600
2018-01-19,85.25308990478516,85.31529870554792,84.60433517090138,84.75541949868304,289300
2018-01-22,86.07958984375,86.20400745642164,85.22643759389393,85.22643759389393,587500
2018-01-23,85.89295959472656,86.6839030029782,85.71521531294182,85.96405730744046,276000
2018-01-24,85.47527313232422,86.33731429488623,85.07536034445076,86.09736119796102,275600
2018-01-25,85.65300750732422,85.99071825652436,85.34196348589079,85.7596540776376,295000
2018-01-26,86.58612823486328,86.65722593352928,85.16420816279206,85.71519837682918,262200
2018-01-29,86.0440444946289,86.66613258335543,86.017384545148,86.27510869054947,377500
2018-01-30,85.68855285644531,86.55059395216695,85.68855285644531,85.75965056707719,421800
2018-01-31,85.6796875,86.0085026106005,85.06648149120116,85.83076507947874,549400
2018-02-01,85.47527313232422,85.84852597170631,84.76430953138096,85.5730307969602,407800
2018-02-02,84.2221908569336,85.53747132134082,84.2221908569336,84.86205666230735,390900
2018-02-05,80.53409576416016,84.05335129085387,80.53409576416016,83.53790302788956,680800
2018-02-06,80.75627136230469,81.33392165284909,77.7702351252004,79.27213537296768,843600
2018-02-07,81.4405746459961,81.85826528058055,80.3563581341603,80.69406891799548,648900
2018-02-08,80.64073944091797,83.9822576214702,80.63185731131061,83.5467959619034,850200
2018-02-09,81.92936706542969,82.34705772073323,79.5387586307575,81.56499631327053,902500
2018-02-12,83.43123626708984,84.10665083511732,81.47609704099675,81.58274358760623,1341400
2018-02-13,84.86205291748047,85.20864575005491,82.97801121840922,83.31571514289834,1079100
2018-02-14,86.50615692138672,86.58614354158846,84.43548862862168,84.84429029784464,747300
2018-02-15,87.98141479492188,88.00807474486794,86.06181703578456,87.10160254544316,662600
2018-02-16,87.78589630126953,88.17692696710195,87.28822583948391,88.17692696710195,684900
2018-02-20,87.61705017089844,88.3724516333557,87.03939980114016,87.30600609943193,720700
2018-02-21,88.1058349609375,89.53664441157235,87.51929570441901,87.62593550728494,750900
2018-02-22,88.73677062988281,89.29665645498204,87.94582748609861,88.4168378098972,911800
2018-02-23,90.09650421142578,90.1142820282225,88.66569507056198,89.03006573213932,668800
2018-02-26,89.7321548461914,90.62974489261634,89.05674008391362,90.15872759481304,811600
2018-02-27,89.58993530273438,90.82522900777651,89.5543864532062,89.80322839990335,698900
2018-02-28,89.20780944824219,90.45199228112826,89.13671851684231,89.82101534579161,713800
2018-03-01,88.4168701171875,89.36778001842447,87.7147954379189,89.34112007039232,612200
2018-03-02,90.94966125488281,91.01187683677549,87.57260136821867,87.66147011624257,994200
2018-03-05,91.82058715820312,92.00721355479544,89.80323886910949,90.45198680294224,1338000
2018-03-06,93.80238342285156,93.82904336521501,91.61617322555004,92.32713666307491,1004200
2018-03-07,94.26451873779297,94.8688357142554,92.82482061674254,93.1625313502147,1030900
2018-03-08,94.89550018310547,95.03769561034443,94.04234796042518,94.69998486077748,607100
2018-03-09,96.29076385498047,96.39741042900731,95.10878975212557,95.30430508104911,670500
2018-03-12,96.48625946044922,96.85063009536879,95.81973376459636,96.56624606968157,454500
2018-03-13,96.30850982666016,96.98391756473116,95.76640178672874,96.78840908071005,832300
2018-03-14,96.1346435546875,97.06201689273466,96.07222452247107,96.77667177357894,1238600
2018-03-15,95.51936340332031,96.33081074756753,95.0467544277805,96.2327227340747,1287700
2018-03-16,95.66204071044922,96.30406892512298,95.39453348977797,95.70662864880987,2663600
2018-03-19,95.34102630615234,95.51045230759804,94.47607200869784,95.23402613948281,986400
2018-03-20,97.10660552978516,97.36520060887428,95.37669690568207,95.37669690568207,1147700
2018-03-21,96.95501708984375,97.27602439733306,96.40215794301491,97.11552414517055,465200
2018-03-22,94.81494140625,96.97286467005614,94.81494140625,96.31300524293474,596400
2018-03-23,93.35253143310547,95.92955648394361,93.23660551251908,94.9754330928357,833300
2018-03-26,96.3040771484375,96.50917215797946,93.89647794099248,94.29774220784505,607000
2018-03-27,95.71554565429688,97.27602833186049,95.0824363557794,97.03527114071451,1066200
2018-03-28,95.5372085571289,95.92956066884953,94.65442310892216,95.70663456958366,852400
2018-03-29,97.81106567382812,98.13207982788036,95.38562842239584,96.09898791782784,953800
2018-04-02,95.86714172363281,98.0874837695297,94.67225429279475,97.2938673996476,1278000
2018-04-03,96.295166015625,97.2938774940355,95.05569731819371,97.2938774940355,1204100
2018-04-04,96.82127380371094,96.91936184049321,94.60092475636519,94.98435795383264,772300
2018-04-05,97.2046890258789,97.49003413379745,96.58049192513181,97.22252011873955,684700
2018-04-06,95.01112365722656,97.0263710659886,94.41367643119314,96.5537687373571,501900
2018-04-09,95.31429290771484,96.76776878514194,95.28754286137652,95.4658810390756,526500
2018-04-10,96.43782043457031,96.83908464426429,95.62636626422241,96.52698950303966,706300
2018-04-11,95.61748504638672,96.7677779670739,95.3856399508467,95.8493233387607,722000
2018-04-12,95.59070587158203,96.27732204717962,95.59070587158203,95.84930095561033,583400
2018-04-13,95.4391098022461,96.01871895582467,94.68116251056513,96.01871895582467,395600
2018-04-16,97.82890319824219,97.82890319824219,95.69772991517844,95.81364905497237,924000
2018-04-17,99.97789001464844,100.2275661337621,98.06072438122001,98.22123142967365,944900
2018-04-18,99.6033706665039,100.39698697377374,99.49637050122249,99.94222266499942,714200
2018-04-19,98.94353485107422,100.15625356861278,98.57793952765645,99.21104893409462,425400
2018-04-20,97.9537353515625,99.23779197432468,97.59705220044353,98.97027791019414,432700
2018-04-23,97.91806030273438,98.63142656087125,97.53462712953964,98.3550003673465,395300
2018-04-24,97.0085220336914,98.79193082525886,96.14356768127485,98.61358586420333,502400
2018-04-25,95.73339080810547,96.8569403259989,95.1716194507413,96.70534539828294,660200
2018-04-26,96.42000579833984,97.09770312788247,95.90282235519213,96.45567479496476,749500
2018-04-27,95.77796173095703,96.61615914332633,95.4212786518048,96.3754019767178,552100
2018-04-30,95.5996322631836,96.74101285867907,95.46587523645663,96.08115347750167,539700
2018-05-01,96.31299591064453,96.553753109656,95.07352731622532,95.5907107072805,717700
2018-05-02,95.7601318359375,96.66075515533134,95.02893452400824,96.33082208899621,524800
2018-05-03,96.1346435546875,96.46457661249678,94.97543198450175,95.41236521001676,742800
2018-05-04,96.81233215332031,97.34735335375665,95.06459260354102,95.67987072578282,704400
2018-05-07,96.70533752441406,97.19577765587005,95.87605217687502,96.83909454237157,928800
2018-05-08,100.04925537109375,101.82375245835566,97.16905326608683,97.19580331610759,1463700
2018-05-09,101.54729461669922,102.03773475793533,100.0581499015491,100.40591407327481,984500
2018-05-10,104.57019805908203,104.5880359613004,101.96642219484164,102.30527430532706,967100
2018-05-11,104.79310607910156,105.52430347068704,104.2402536630035,104.56126781571568,1023100
2018-05-14,103.46446228027344,105.54213520191739,103.36637425027894,104.81093785306321,784000
2018-05-15,103.08995819091797,103.4377224030197,102.44792985990999,102.92945110816598,906900
2018-05-16,102.62625885009766,103.41096309691787,102.44792068663753,103.25045602853781,921500
2018-05-17,101.48487091064453,102.76892736448892,101.08360667040034,102.55492022323631,959500
2018-05-18,102.3320083618164,102.58168452852031,101.50272292059826,101.50272292059826,760700
2018-05-21,103.02752685546875,103.43771006174765,102.19824149405402,102.78676285848387,793000
2018-05-22,101.93074035644531,103.42880420530372,101.6899831321491,103.20587807781386,629300
2018-05-23,103.46446228027344,103.49121232424197,101.38678935862949,101.56513432369441,542500
2018-05-24,103.66062927246094,105.33703097843775,103.11668908213295,103.47337217789683,611100
2018-05-25,103.35746002197266,104.92685486393532,103.33070317537842,103.70522419288658,771300
2018-05-29,101.81481170654297,103.24153742854325,101.56513555558853,102.76893517092738,1006900
2018-05-30,103.59822845458984,103.93707371339775,102.55493582866919,102.55493582866919,733200
2018-05-31,102.94725799560547,104.22239540783706,102.8313388865531,103.83896228938521,932000
2018-06-01,103.68738555908203,104.1956567901299,103.44662836676025,103.70522345668489,757800
2018-06-04,105.09628295898438,105.4797161297902,104.01732143256909,104.02624038161056,700700
2018-06-05,105.03384399414062,105.81854128179121,104.89116804920587,105.06951298037431,1127800
2018-06-06,106.67459106445312,106.69242896158013,104.8376822439066,105.04277724188078,940200
2018-06-07,105.90771484375,106.78158803568041,105.08734853502433,106.6745810724347,765100
2018-06-08,106.4695053100586,106.99560763356942,105.87206500273338,105.94339618338319,756800
2018-06-11,104.61474609375,106.03255943979734,104.43640795861272,105.35486228058089,1811600
2018-06-12,103.64279174804688,104.79308428568419,103.3039397666731,104.58799611048154,1342900
2018-06-13,103.20587158203125,104.4631781274585,101.48488171400219,104.052994895074,2019600
2018-06-14,102.77203369140625,103.99753607783705,102.38738745513147,103.25507827821792,1856000
2018-06-15,102.31584167480469,103.73814101110055,102.00275906137135,102.74521699086262,25107800
2018-06-18,104.17644500732422,104.3195723715501,101.61810138163783,102.04747664962709,2580400
2018-06-19,103.9080810546875,103.99753223604718,102.49472918526656,103.28190913579444,1446600
2018-06-20,104.5789794921875,105.01729507632238,104.0333183911533,104.10487524439822,718000
2018-06-21,104.47161865234375,105.52715886062869,104.33743848207193,104.78470116652001,831800
2018-06-22,104.19432067871094,105.07095174117813,103.72021648814236,104.83837322831072,1569600
2018-06-25,102.38739013671875,104.12277182834235,101.84172902388222,104.06909565638774,839300
2018-06-26,102.84358215332031,103.68443817907182,102.3247558044657,102.9777623228085,800000
2018-06-27,101.26921844482422,104.08697478441873,101.26921844482422,103.38029890832006,871100
2018-06-28,102.44999694824219,102.67362830692592,101.37656915643524,101.37656915643524,654400
2018-06-29,102.95986938476562,103.8186129265305,102.17268951098623,102.66467437284072,1353500
2018-07-02,103.68443298339844,103.75598982214439,102.41420184387398,102.4320961720754,572300
2018-07-03,103.95281219482422,104.71315753896253,103.51449659109313,104.25695442729251,412000
2018-07-05,103.6755142211914,104.96362639242228,103.12090591468426,104.42691241901872,732300
2018-07-06,104.29273223876953,104.51636362978638,103.37137199973024,103.67551424035115,661300
2018-07-09,104.9636001586914,105.13356215725422,104.3374351503338,104.62368298625253,600400
2018-07-10,104.92784881591797,105.50034461687443,104.52530822716878,105.14253303510458,618400
2018-07-11,105.10673522949219,105.4198177567277,104.40005933962505,104.41795366957408,658200
2018-07-12,106.80632781982422,106.86894432114029,105.41086363741556,105.48242730311587,978400
2018-07-13,105.52716064453125,107.14624940570363,105.44664981113237,106.67215204412412,502500
2018-07-16,105.30353546142578,106.10860971909628,105.1604081157566,105.6076708339416,630400
2018-07-17,105.78658294677734,106.02810181842588,104.82944097633195,104.95467399491825,732800
2018-07-18,105.70606994628906,105.75079894830769,104.73104048940831,105.65240060361674,1560700
2018-07-19,106.17121887207031,106.52008322211344,105.17829516050541,105.59872317842586,877200
2018-07-20,106.00125885009766,106.44852154566769,105.41981598091918,106.05492818966617,587200
2018-07-23,106.35907745361328,106.40379963133593,105.53611567689086,106.0459949108045,516600
2018-07-24,105.68817138671875,107.04784691481811,105.24985587646582,106.7615990760242,660600
2018-07-25,107.30725860595703,107.3430404383989,105.178290760816,105.91180126415759,547700
2018-07-26,106.78844451904297,107.92449564912255,106.6811058340945,107.3430527484642,383300
2018-07-27,104.9457015991211,107.32514202958859,104.3105894933545,107.13728572218452,395500
2018-07-30,101.17082977294922,104.74893166995672,100.5088828329154,104.74893166995672,680600
2018-07-31,101.06348419189453,101.92222776965247,100.39259013195672,101.5196872388774,1245000
2018-08-01,100.68778991699219,101.60020976531814,99.87377524610885,101.0634958205495,1173700
2018-08-02,102.43211364746094,102.57523417405645,100.29419831665358,100.49098818763642,884700
2018-08-03,102.86148834228516,102.89727018229416,101.57337622540196,102.46790175156248,484800
2018-08-06,103.94385528564453,103.98858428833177,102.66468361022852,102.86148030255215,1208600
2018-08-07,115.54582977294922,116.06465607773394,105.55398394738039,106.5558547264799,2981900
2018-08-08,115.79632568359375,117.03971560880234,114.9465291705737,116.14519008996518,1107500
2018-08-09,116.04676818847656,117.3706755152565,115.49216684713872,116.36879785588609,927000
2018-08-10,115.72476959228516,116.98605393239879,115.3580244790402,115.53692686466309,694200
2018-08-13,115.41166687011719,117.33489095271632,115.35799753190496,115.76947155778133,785800
2018-08-14,116.37776184082031,116.807130217788,114.97335038890313,115.65318478988318,701100
2018-08-15,116.1630630493164,116.35091937943403,114.9912370191443,115.85892770471995,654700
2018-08-16,118.35464477539062,118.7571784458763,116.4135264382443,117.11125510691907,877200
2018-08-17,119.1776351928711,119.2402585330657,117.85374120082768,118.08631293002904,1614000
2018-08-20,119.25812530517578,120.29576432974696,118.83769730192877,119.69643398773756,703600
2018-08-21,118.83769226074219,120.43888655139578,118.66773026884711,119.56225557408605,659200
2018-08-22,118.7214126586914,118.91820933943494,117.74638324460948,118.42621763757612,503600
2018-08-23,119.16864013671875,119.48172939518834,118.1578223616196,118.35461898419412,703900
2018-08-24,120.1615982055664,120.47467390486219,118.89137377987151,119.33863647832919,371400
2018-08-27,119.7500991821289,120.87720981115343,119.67853551922472,120.53728582470184,560600
2018-08-28,119.07028198242188,120.06320576778127,118.6409135926212,119.87534941947003,491900
2018-08-29,121.07404327392578,121.34239002966785,119.15975906982821,119.99166131138303,995600
2018-08-30,120.44786071777344,121.24398791704898,119.78592054159316,121.0293105190994,574300
2018-08-31,120.88615417480469,121.08295084199929,120.04529816940476,120.37628182752668,616600
2018-09-04,122.21001434326172,122.33524731082483,119.4101600721643,120.98451932858198,890800
2018-09-05,121.33338928222656,123.14927422206142,120.00054191162617,122.83619861310012,730100
2018-09-06,122.5320816040039,122.62153960093106,120.62675184369607,121.27081120332446,689200
2018-09-07,121.83433532714844,123.31925050589535,121.44969602448195,122.24582294451845,700700
2018-09-10,122.39791870117188,122.59471539170343,121.17242320507768,121.95959631782881,582200
2018-09-11,122.29058074951172,123.07775386698955,121.74491967692043,122.25479208772283,626800
2018-09-12,122.38897705078125,122.72888743584602,121.48549762227034,122.3621287302005,519900
2018-09-13,122.42475128173828,123.24771304200782,122.0222175668442,122.5947132978741,754000
2018-09-14,123.19403076171875,123.65918775975796,121.68228075512143,122.53207709717732,551500
2018-09-17,120.99919128417969,123.80895520138593,120.84658618004181,123.28829524147345,554200
2018-09-18,121.50189971923828,121.88789842346311,120.8824937077036,121.16077439170047,578000
2018-09-19,119.0871353149414,121.94177279140222,118.57544725919071,121.09794499970967,751800
2018-09-20,119.38336944580078,119.7244811068022,118.13558537324228,119.62573501339341,942500
2018-09-21,119.078125,120.72089316294927,117.74058069889628,119.64367195543144,1371800
2018-09-24,119.80525970458984,120.20921593520816,117.70466264967577,118.3150966606454,610400
2018-09-25,120.42464447021484,120.83758630764879,119.53594355759617,120.19125089977543,600300
2018-09-26,118.75496673583984,121.12485906036537,118.57543213654178,120.57728332667041,821500
2018-09-27,117.81240844726562,119.58085235720723,117.44435360968929,118.75496853224155,877700
2018-09-28,118.44974517822266,119.42822029345122,117.63284707757029,117.78546585481749,1102000
2018-10-01,116.76214599609375,120.02074024978694,116.32227446760913,119.07816623024307,913700
2018-10-02,116.32223510742188,117.13014759501849,114.85900151793662,116.83390936353682,574900
2018-10-03,116.44793701171875,117.02245603663397,115.85546041482098,116.69928822901828,634900
2018-10-04,114.51787567138672,116.5107341074526,114.03312410083933,116.48380460611192,575600
2018-10-05,113.91645812988281,115.38865710895232,112.7404837456984,114.54483616051046,676100
2018-10-08,112.35449981689453,114.00624048611603,110.74763938503642,113.54841823263946,1025100
2018-10-09,112.74047088623047,113.14443401596277,110.50523289074698,112.04027634659512,720500
2018-10-10,106.6900634765625,112.70456850692622,106.492571305733,112.44423854072423,904000
2018-10-11,103.88929748535156,107.40822813516385,103.6110099171953,106.25919011471957,1158800
2018-10-12,105.3435287475586,106.7439246018749,104.19449091239035,106.28610248514809,1484700
2018-10-15,103.90723419189453,105.42432688704851,103.86234711794802,105.31660201886044,957700
2018-10-16,106.51052856445312,106.6631336600831,103.96109476933674,104.73310588097856,1438500
2018-10-17,106.6541519165039,107.06708696612046,105.48716334553693,106.50154682510762,679400
2018-10-18,106.45665740966797,107.35434406703449,105.22683107231148,106.49256569781932,941700
2018-10-19,104.99345397949219,108.20717457146883,104.91266544978454,106.9683691743012,645600
2018-10-22,106.17837524414062,107.10299139241482,104.80491577349599,105.50511026058497,522300
2018-10-23,104.92162322998047,105.5948882819283,102.48889299746571,104.68822960977907,788800
2018-10-24,100.97180938720703,105.855220685505,100.75635963450082,104.65232371919096,801900
2018-10-25,104.68824768066406,105.45128016815544,101.81564552054526,102.42607288029986,949100
2018-10-26,102.50685119628906,104.44585099641331,101.85153686156539,102.60559728575161,936600
2018-10-29,101.7079086303711,104.7779955845985,99.96639419313753,103.79054155736121,1472000
2018-10-30,102.56070709228516,103.47634452724925,101.29496553789873,102.0669766599771,701300
2018-10-31,104.97547912597656,106.37586810947079,103.71871644521747,104.15858098640118,759700
2018-11-01,104.76903533935547,105.38844148051747,103.33273769568245,105.21787878105376,665600
2018-11-02,104.40992736816406,107.14787426689291,103.75461997850456,105.09217110910728,756900
2018-11-05,104.65232849121094,105.42433968492821,103.27886878691133,104.76902530930988,875100
2018-11-06,94.49948120117188,107.62366395759555,92.02187070120746,106.12452872814046,3074600
2018-11-07,97.5605697631836,98.22485586007511,95.41509956137078,95.45100784347363,2026500
2018-11-08,96.51925659179688,97.79397672099101,95.52283080413858,97.36308415570757,1186000
2018-11-09,96.2409896850586,96.70779060147935,94.78673477455605,95.5138656542103,1252000
2018-11-12,95.37024688720703,97.6234427478345,95.17275468882758,96.19612397577627,1271600
2018-11-13,94.63411712646484,96.59107413461348,94.19425262222371,95.5766907700723,1130000
2018-11-14,94.7059326171875,96.31279239055846,94.09550547897287,95.36124682317872,1226000
2018-11-15,95.05604553222656,95.72033178246431,93.30555918065205,94.22119661482809,1092300
2018-11-16,94.00577545166016,95.54081926452922,94.00577545166016,94.56233695937652,1923600
2018-11-19,90.81000518798828,94.50847063304658,90.44195029143441,94.1045142893819,1174500
2018-11-20,88.34133911132812,90.50476019516445,86.48312132668485,88.07203039937272,1377300
2018-11-21,89.94819641113281,90.52271529892118,88.4670189700316,89.00562957123253,1255100
2018-11-23,88.82609558105469,90.11876661129443,88.46702638270449,89.00563702903574,545000
2018-11-26,88.79022216796875,89.71483865831814,88.1259288739556,88.89794022195393,1705300
2018-11-27,88.59268951416016,88.99664572990358,87.77579145053036,88.7363158035426,1567500
2018-11-28,91.95903015136719,91.99493844216565,88.78121832816808,89.05052023594729,2400000
2018-11-29,91.35755920410156,92.32706234329459,90.46885141757713,91.55505134528589,1132500
2018-11-30,95.0381088256836,95.0381088256836,91.05237703891181,91.16907386328944,3781100
2018-12-03,93.94291687011719,96.30383048448903,92.16549414626785,96.20508439711926,1918800
2018-12-04,92.54252624511719,94.44562467158573,91.83335972060019,93.72747936166282,1900900
2018-12-06,90.41500091552734,91.42938436930085,88.66450783038563,90.63044379489048,1557600
2018-12-07,88.54782104492188,91.16009279174803,87.83864768597738,90.19058945176266,914100
2018-12-10,89.21209716796875,89.71480635116566,87.48854043679385,88.5657685303824,721100
2018-12-11,88.68246459960938,90.98054022225463,87.75784844983586,90.49578861145186,740300
2018-12-12,89.75971221923828,91.49224822960647,89.6699448979938,89.83152881575691,993600
2018-12-13,88.3208999633789,90.40466112829819,88.1044001129085,90.12502409084145,722300
2018-12-14,87.16627502441406,88.49230766781767,86.90467613919527,87.40983569232316,1082300
2018-12-17,85.5064697265625,87.4188439107593,84.85698389486593,86.95879029960959,1833100
2018-12-18,86.60699462890625,86.94977579080094,85.47039431834607,86.28225168303192,1168200
2018-12-19,86.77838134765625,89.58379535511962,86.1559631062412,86.6340549736283,1627100
2018-12-20,86.2912826538086,87.09411754774338,84.56834036270169,86.06576707950806,1452600
2018-12-21,84.73072052001953,87.88793888323215,84.4781441521129,86.3183522525339,1873100
2018-12-24,82.80028533935547,84.378894097375,82.6379138775288,84.18946187227522,640400
2018-12-26,86.15594482421875,86.32733192687238,82.39434099799337,83.22424328075816,965600
2018-12-27,86.4717025756836,86.62505153259839,83.66628794939291,85.35314712202566,763200
2018-12-28,85.81317138671875,87.09410489309172,84.82992692908324,86.83250603905034,671800
2018-12-31,86.82347869873047,87.25647154274131,85.83121174718254,86.26419770900559,586000
2019-01-02,85.76807403564453,86.59796959251427,85.15467147574336,85.47941441229035,574500
2019-01-03,84.47811889648438,85.72296214423221,83.38662455737888,84.64950601936025,1204700
2019-01-04,87.39179229736328,87.86989109275726,85.28096983932163,85.28096983932163,727800
2019-01-07,87.6353530883789,87.99617938179847,86.70623002830118,87.24746602733597,1300600
2019-01-08,88.72684478759766,89.14179260294107,87.8608658405085,88.7899888707545,704300
2019-01-09,88.87117004394531,89.3402462690378,88.30287330274088,88.76292697829999,541900
2019-01-10,89.41242218017578,89.55674857674407,88.06834432995437,88.66370878154606,591000
2019-01-11,89.10569763183594,89.12374272877132,88.14049141143308,88.69977241923388,384400
2019-01-14,89.21394348144531,89.69203529551929,88.0773433031455,88.16754813712758,896600
2019-01-15,90.24230194091797,90.54899978080144,89.2410123635765,89.43946714570735,499100
2019-01-16,89.63792419433594,90.43173646074264,89.0245216168708,90.31447085114948,619100
2019-01-17,90.3054428100586,90.79255719920276,89.44848651641989,89.54770702177164,438300
2019-01-18,91.38792419433594,91.81189455228625,90.55802857743124,91.11730964909594,662500
2019-01-22,89.88147735595703,91.18946479742601,89.3041580966146,91.06317663958163,853300
2019-01-23,90.0348129272461,90.61213210097637,89.35826637532585,90.27837353996233,719200
2019-01-24,90.9278793334961,91.0000390844457,90.02581706583122,90.3776207996454,401800
2019-01-25,91.86599731445312,92.1546637818963,91.20749586161367,91.64950434605812,423900
2019-01-28,90.70235443115234,91.4059618263628,90.26033901031441,90.93688564143035,320900
2019-01-29,90.11600494384766,90.59409675451673,89.11471546474587,90.5670359927336,460300
2019-01-30,90.9278793334961,90.93689500099671,89.41241444853154,90.58509126718252,501600
2019-01-31,90.9549331665039,91.00003214713571,89.61987808397353,90.67528920495774,1382600
2019-02-01,92.89436340332031,93.57992568338592,90.84667846508829,90.99101171279982,1038100
2019-02-04,93.29126739501953,93.35441147124305,92.20879555056261,93.04771363878258,778300
2019-02-05,94.13017272949219,94.13017272949219,92.95749620391511,93.35439882260576,968000
2019-02-06,93.39952850341797,94.13019674170877,93.0116414510264,93.82349887256561,907600
2019-02-07,87.40080261230469,91.10827866086133,84.5863661800448,90.07090579472082,2857500
2019-02-08,87.9781265258789,89.29513653089359,87.5992620481737,88.11343723425607,1396500
2019-02-11,88.68172454833984,90.74744762279322,88.17657196495834,88.20363272732695,1504900
2019-02-12,89.64693450927734,89.73714623055092,88.0412649741161,89.09667604401135,1087800
2019-02-13,89.9716796875,90.41369510980117,89.32219381832853,90.18817956534932,1300100
2019-02-14,89.7191162109375,90.07091996002406,88.97942539462869,89.6108662565304,645400
2019-02-15,90.52191162109375,91.15335908970067,89.89949358081799,90.3956235038096,1051000
2019-02-19,90.0528564453125,90.47682671157301,89.35826481014905,90.22424355557621,1130900
2019-02-20,90.35055541992188,91.00905698767167,89.86344099438978,90.1701388462867,1266500
2019-02-21,89.84539794921875,90.74746019144422,89.71910978588228,90.49488386477128,1103100
2019-02-22,90.9639663696289,91.15340552424372,89.57479637184497,90.20623727992859,615200
2019-02-25,89.8093032836914,91.48713939276327,89.6920376846099,91.48713939276327,643700
2019-02-26,90.98201751708984,91.17144980210317,89.36732493661606,89.70109051431965,798800
2019-02-27,92.064453125,92.10955898160186,90.0167752439623,90.60311696884918,1262400
2019-02-28,91.33379364013672,92.41626547855198,91.22554370341994,91.95621873242895,886600
2019-03-01,91.55027770996094,92.0013087457131,90.8647154907926,92.0013087457131,739200
2019-03-04,89.89049530029297,92.39822699501158,89.54770727611341,91.8299303138233,1082400
2019-03-05,89.75518035888672,90.38662108592338,89.50260406807206,89.97167333927247,652000
2019-03-06,89.16885375976562,90.34153746031004,89.10570967633255,89.80030147628528,860300
2019-03-07,88.96138763427734,89.17788066201598,87.83380974494595,88.94334253402205,1036000
2019-03-08,89.25003814697266,89.37632630705306,87.91498303473736,88.23070343493838,1004600
2019-03-11,89.74615478515625,89.89951056985606,88.39306165953303,89.43945698013167,1038000
2019-03-12,90.60311889648438,90.8917784911903,89.94461053989934,90.07089868244645,729600
2019-03-13,93.34539031982422,94.17528581062263,91.31575056908747,92.0013128186056,1697900
2019-03-14,93.90277862548828,94.03872650691976,92.87865082595117,93.79401893742379,1116000
2019-03-15,93.84839630126953,94.70032293612167,93.56743552019421,93.94809094703884,1503800
2019-03-18,93.64900970458984,94.9540913433682,93.0689718841114,94.18372926128868,976300
2019-03-19,93.32275390625,94.33781681251786,93.17774096844177,93.63089602719633,787700
2019-03-20,92.22610473632812,93.26836258760703,91.77294975008479,93.04178509448538,1017600
2019-03-21,93.15052032470703,93.63086341333634,90.97537541742044,91.86356206562569,825000
2019-03-22,90.96632385253906,93.09615065736249,90.77599961019438,92.87863822533937,865300
2019-03-25,90.94820404052734,91.23822295413285,90.00564084266034,90.63099693417699,872200
2019-03-26,91.31978607177734,92.21703092304996,90.64911177746446,91.40135064253137,655100
2019-03-27,91.60074615478516,91.78200537852099,90.68537117134805,91.51918157848289,629400
2019-03-28,93.07803344726562,93.13241674873152,91.74576356678995,91.99046422229873,751800
2019-03-29,93.97528839111328,94.12029439903876,92.54331689689178,93.65807435174514,711700
2019-04-01,95.15348815917969,95.29850108305558,94.32874962707507,94.71846321674556,539200
2019-04-02,95.32568359375,95.6247675454633,94.68220434026152,95.37100185840828,548800
2019-04-03,97.51897430419922,97.66398725248077,95.40726991838542,95.86042500986832,1229400
2019-04-04,97.28330993652344,98.08993218017144,96.57638925844194,97.37394646620274,898200
2019-04-05,98.94184875488281,99.05060843063288,97.0114111838401,97.45550109261039,1594800
2019-04-08,98.9871826171875,99.18657193019197,98.11712581783806,98.83311157153742,1081100
2019-04-09,98.9962387084961,99.14124470465352,98.28025301949161,98.31650624718002,1063500
2019-04-10,99.240966796875,99.57630405978185,98.7515584596318,98.93282464820228,559500
2019-04-11,99.96600341796875,100.00224973589833,98.95093365101312,99.47659515075426,957700
2019-04-12,101.04450988769531,101.08076312100741,99.8844340800974,100.49166018023112,652800
2019-04-15,101.91454315185547,101.94173825649224,100.76353264767486,101.00823327264077,982500
2019-04-16,102.63960266113281,102.6667908535156,101.86924058037027,102.01424657794387,1770400
2019-04-17,103.31932067871094,104.28907192077818,102.36769259083208,103.01117865534157,2429300
2019-04-18,102.22271728515625,103.17433874397099,101.62454929853213,103.0293327231695,836400
2019-04-22,102.76651000976562,102.82088640749889,101.60643409413679,101.8873880352225,498500
2019-04-23,104.28909301757812,104.44316406043009,103.13808234240628,103.16527053648643,1096900
2019-04-24,105.9929428100586,106.56392248732662,104.13501161524552,104.79661398736766,1265500
2019-04-25,106.09265899658203,106.22860689565893,104.74225887217221,105.74826364490494,767900
2019-04-26,106.8811264038086,106.92644466448589,105.76636218834749,106.25577036236,438800
2019-04-29,106.73612213134766,107.02614104518247,106.49142148185429,106.94457646688346,648100
2019-04-30,107.0624008178711,107.53368590328243,105.87513689719461,107.01708946535635,815600
2019-05-01,106.09265899658203,107.36149453030413,106.06547079968612,107.25273482812312,489200
2019-05-02,106.03828430175781,107.1983601518859,105.42199314205259,105.82077180850817,690700
2019-05-03,106.73612213134766,106.88113504556323,106.11077295393291,106.72706401015643,685200
2019-05-06,106.97177124023438,107.1530373941548,104.47035363290665,104.98695007103552,954400
2019-05-07,104.4341049194336,106.73612624730757,103.79968376717041,106.73612624730757,1197800
2019-05-08,104.93257141113281,106.04733576117741,103.96281998108607,104.28909213648465,735600
2019-05-09,106.10169982910156,106.4370369817122,103.91749656337164,103.97187294475874,1158100
2019-05-10,108.0321273803711,108.5487236992851,105.11381557897673,105.63947001754885,1100100
2019-05-13,106.31017303466797,107.23460625545249,105.89326432131737,106.2467316069141,1389900
2019-05-14,107.58805084228516,108.4309193528425,106.46422846640738,106.8901952393745,1076300
2019-05-15,109.34628295898438,109.67255505270221,106.88111910182528,107.0261250798136,946700
2019-05-16,110.95953369140625,111.8930318860368,109.7450746945593,109.7450746945593,908100
2019-05-17,110.24353790283203,111.34017207416372,109.87195443193919,109.87195443193919,640900
2019-05-20,110.71481323242188,110.8054428333874,109.27377699306732,109.50941948725394,654400
2019-05-21,112.28273010253906,112.68150866106897,111.35829707046908,111.54862131487772,782900
2019-05-22,111.63019561767578,113.03497881527223,111.52144284830062,112.02897421097464,778000
2019-05-23,111.4217529296875,111.53957073971056,110.31605363012967,110.81451997831628,693400
2019-05-24,112.29180145263672,112.76307957273468,111.28579687947399,112.11960035366054,916100
2019-05-28,112.21928405761719,113.9865854789192,112.13771949106264,112.63618575406291,1410100
2019-05-29,112.19210052490234,112.91714427788277,111.05921317843705,111.54862134186153,1301700
2019-05-30,112.9443130493164,113.12557221665175,112.13769799986432,112.24645073442792,710800
2019-05-31,113.17091369628906,113.79626279217672,111.94738986454468,111.94738986454468,995100
2019-06-03,111.58487701416016,113.83252168667273,110.97764412804327,113.23436075020895,1852400
2019-06-04,114.46695709228516,114.46695709228516,112.00179275738331,112.6362069988963,748300
2019-06-05,115.8354721069336,116.18893243307618,114.05004040510786,114.88385081139441,685800
2019-06-06,116.29769897460938,116.8052303319861,115.26449927415565,115.78109566708444,674400
2019-06-07,118.74474334716797,119.09820370374872,117.15870080342474,117.22213531399385,823600
2019-06-10,119.75978088378906,120.94704455338294,119.2431914697081,119.54226154517094,535900
2019-06-11,118.77191925048828,120.78392840410271,118.27344602248613,120.64797361690646,636500
2019-06-12,119.14351654052734,119.91387172914679,118.76285417768847,118.88973702223714,507800
2019-06-13,119.30267333984375,119.89396448378923,118.24747147938038,119.58468141917754,574900
2019-06-14,118.39302825927734,119.68476623670686,118.37484493256576,119.36637757402738,478000
2019-06-17,117.98368072509766,119.30269368592326,117.74717255542475,118.84786067319705,601000
2019-06-18,118.29295349121094,119.08437230277467,117.87451492914347,118.4294117113292,697400
2019-06-19,118.76599884033203,118.93883761298586,117.38330253950392,118.31116580930723,510900
2019-06-20,118.75689697265625,120.35790410735461,118.2474862425432,119.91217665870637,547100
2019-06-21,117.09220886230469,118.75689931124938,116.97394784034198,118.75689931124938,1509000
2019-06-24,116.83750915527344,117.94730284169425,116.39176779584137,117.6744002518461,576600
2019-06-25,116.49185180664062,117.61984289599697,116.20985750440272,117.21049588047728,606000
2019-06-26,115.82777404785156,117.86543089539018,115.77318936823121,116.80110945510322,537300
2019-06-27,117.07402038574219,117.84724209709168,115.43662562452282,116.23712926732776,1325700
2019-06-28,116.14613342285156,117.61068902380036,115.63672277904328,117.31960317608092,1255500
2019-07-01,117.6834945678711,117.80175559823137,116.5009397858789,117.63802236887341,693700
2019-07-02,119.24811553955078,119.29360161674904,117.75626381810052,117.94729979017247,692400
2019-07-03,119.9394760131836,120.12140644978571,118.87515450423595,119.04799327714886,375000
2019-07-05,120.48524475097656,120.54892802607813,119.03887931241208,119.77570646487322,560200
2019-07-08,119.36637115478516,120.47616476220027,119.33908228578325,120.1213955847742,483900
2019-07-09,119.22083282470703,119.39367159874297,118.46580832151999,118.82057753334014,614800
2019-07-10,119.3117904663086,120.70357827259326,119.05708510832193,119.59378469262235,435100
2019-07-11,120.24876403808594,120.26696124660762,119.10257586807298,119.7848254434033,469600
2019-07-12,120.41248321533203,121.14021878680138,120.003136294006,120.83093568005741,510200
2019-07-15,120.61258697509766,121.18568087977894,119.7938932944662,120.5671009083073,346300
2019-07-16,120.30332946777344,121.08564278928279,120.05771575928516,120.83093741766595,327900
2019-07-17,121.16752624511719,121.5314010268765,120.05773245145771,120.59444601950223,402100
2019-07-18,122.68665313720703,122.73213921482929,121.09473758324295,121.09473758324295,329700
2019-07-19,121.0947265625,124.6151432201206,121.03105716394502,123.1960526816281,546100
2019-07-22,120.65809631347656,122.00439809166308,120.47616589162456,121.77698159424772,577700
2019-07-23,122.04988098144531,122.60477777587076,120.48525440963586,120.73995976966054,438100
2019-07-24,122.04080963134766,122.45924827229032,120.73997986576603,121.83157643047292,338500
2019-07-25,122.45923614501953,124.05115169268562,121.94073372730305,122.71394152221394,642800
2019-07-26,122.25910949707031,123.00504230802919,121.79518481637291,122.71394251436656,742200
2019-07-29,121.64965057373047,122.65938055727887,121.04928146274801,122.50473897714672,576200
2019-07-30,119.38457489013672,121.12202646001923,119.12076396815525,120.74907393646245,749000
2019-07-31,115.63676452636719,117.85634523299004,115.02728292583278,117.1832011593951,1161100
2019-08-01,116.86480712890625,119.4846499868664,113.79922981699659,114.94541106735416,1109600
2019-08-02,116.19164276123047,117.43788769608682,115.80048609848,116.83750479689735,752900
2019-08-05,110.14237213134766,113.89019199023548,109.41463648136087,112.9077578850153,982700
2019-08-06,111.91620635986328,112.38923656422139,110.00590915660358,111.28853460185765,824400
2019-08-07,112.4346923828125,112.95320161531282,109.82395595785442,111.0247145457604,585900
2019-08-08,114.82713317871094,115.0818385281934,113.053280454472,113.27159833399978,597200
2019-08-09,114.39051818847656,115.4002481686566,113.25343550270642,114.3632293144504,429500
2019-08-12,113.23524475097656,114.36322882719816,112.81679221701829,114.08123454319323,334700
2019-08-13,115.30016326904297,115.336550741163,112.58026392492685,113.43534522904524,1086700
2019-08-14,114.23583984375,114.88170176858212,113.11694778736212,113.91745818224116,1209700
2019-08-15,115.22740936279297,115.5185022526997,114.14491136543457,114.88173872484182,1045800
2019-08-16,116.63737487792969,116.85569971346571,114.95449417682718,115.70951167740347,564800
2019-08-19,116.66466522216797,117.89271988193042,116.600981939181,117.34691472639118,1051400
2019-08-20,116.60099792480469,117.78356667033164,115.97333301420507,116.77383671043448,482400
2019-08-21,119.4118881225586,119.54833250286715,117.35603358987676,117.44700576368575,637800
2019-08-22,118.42941284179688,119.76662290539564,117.65619122828161,119.02069016008436,580400
2019-08-23,115.94603729248047,119.1116782927881,115.50030285819568,118.04737064879728,1743600
2019-08-26,116.73744201660156,117.1376972862808,115.30016803929973,116.5646032519308,606600
2019-08-27,117.75627899169922,119.03891157979464,117.07402938701915,117.80176507475863,650300
2019-08-28,116.96485137939453,117.46517043594264,115.49119001845331,117.11949292770922,561200
2019-08-29,118.55677032470703,119.20262540557565,117.76536535391818,118.31115662051683,428800
2019-08-30,117.74717712402344,119.55740370145338,117.41969678693823,119.4118676808397,465200
2019-09-03,116.75564575195312,117.8472422609505,116.30080577630264,116.93757619005224,426700
2019-09-04,118.05646514892578,118.22930392849946,116.94667139836088,118.16562063901311,398400
2019-09-05,119.63017272949219,120.03953354088458,117.97458779870321,118.25658204271,326000
2019-09-06,118.5203857421875,120.17598464644327,118.40213859217111,120.17598464644327,414800
2019-09-09,117.5015640258789,119.21174067090628,116.86480055605041,119.21174067090628,381800
2019-09-10,113.708251953125,116.7829275276661,112.72581099060179,116.7829275276661,582600
2019-09-11,113.38988494873047,114.02664846621158,112.67124787031504,113.69007643848664,518400
2019-09-12,113.5634765625,115.32677132550322,113.42643155565962,114.29437164831775,372300
2019-09-13,113.3076400756836,114.02027261724942,112.7868746990301,113.94718102779687,358700
2019-09-16,114.07510375976562,114.58673101660949,112.53107682627791,112.74121343270942,309100
2019-09-17,116.19468688964844,116.30432426605618,114.34916969436588,114.34916969436588,454900
2019-09-18,115.42724609375,117.1905475603001,113.69136617113557,116.50532262979765,489000
2019-09-19,115.9114761352539,117.25449752241576,115.29934277493645,117.25449752241576,375100
2019-09-20,115.76528930664062,117.24536260780603,115.29933914268896,116.0667868815739,1037600
2019-09-23,114.59586334228516,115.60998658189463,113.55433249680489,115.29021956273809,476500
2019-09-24,114.62325286865234,117.19967197010413,114.1755791124447,115.59169196545992,644200
2019-09-25,115.68307495117188,115.92975036752712,113.53605294586673,114.32177015410647,258500
2019-09-26,115.71046447753906,116.56013495507281,114.7328872158946,115.86577886247395,364800
2019-09-27,113.17972564697266,116.2860482852519,112.14733315456687,116.2860482852519,434800
2019-09-30,113.68223571777344,114.52276813315117,113.23456190507848,113.23456190507848,556300
2019-10-01,114.11163330078125,115.76529042774906,113.74618232493488,114.24867828802336,446200
2019-10-02,111.12408447265625,113.3441910687151,110.99617767044693,113.19801485350358,741600
2019-10-03,111.16064453125,111.73623218543923,108.95881403609089,110.8500156775723,809300
2019-10-04,112.37574005126953,112.79600621013556,111.38902456328988,111.92806629058138,735500
2019-10-07,111.27027893066406,112.06513439954422,110.79519049970168,111.90068178427242,976700
2019-10-08,109.24201202392578,110.94135307568736,108.71210847651682,110.52108690821048,1481700
2019-10-09,110.40231323242188,110.82258637751016,109.4978274862481,110.1921836302752,1438700
2019-10-10,111.95547485351562,112.23869603530522,109.27855651635137,110.12822703211742,452700
2019-10-11,113.59999084472656,114.72375129351194,113.1340476807105,113.1340476807105,409400
2019-10-14,112.92393493652344,114.0659650369543,112.78688993039202,113.66397518147366,229200
2019-10-15,114.42224884033203,114.71460819305123,113.07008944790446,113.29849541004126,330000
2019-10-16,114.41313934326172,114.44054694865831,112.92392772633096,114.10250355117137,545600
2019-10-17,114.55018615722656,115.56430945708124,114.23955731170643,114.64155414275474,327500
2019-10-18,112.35747528076172,114.33089936782993,111.58088935494203,114.27608416192172,456700
2019-10-21,112.96959686279297,113.11577306248884,111.45297783986472,112.7229145058602,379800
2019-10-22,111.16064453125,113.89238565703337,111.06014532084866,113.64570324226689,435800
2019-10-23,112.46709442138672,112.7685919644615,111.01443584722112,111.14234262845343,491200
2019-10-24,114.00199127197266,114.6506634167314,111.98288325142569,112.92391477087003,635800
2019-10-25,112.87824249267578,114.36744703083052,112.72292112273517,113.79186644819595,455900
2019-10-28,113.97457885742188,114.41312138613253,113.37158375174434,113.5269051086109,316400
2019-10-29,113.83753204345703,115.19882964890424,113.34417432052248,113.86493964410947,432800
2019-10-30,114.07510375976562,114.17560296670261,113.1523414826163,113.84669773861768,461700
2019-10-31,114.40399169921875,115.04352567362777,111.91893344940509,114.09335593279327,344500
2019-11-01,114.94303894042969,115.82011718771227,114.5319109080904,114.77858633341431,364900
2019-11-04,112.8051528930664,115.35416461037644,112.68637731569927,115.30848062363559,423200
2019-11-05,112.74119567871094,113.52691282536043,111.80016413503475,113.0701008550013,705400
2019-11-06,106.7478256225586,109.32425201365066,105.20380579073709,108.23703721489036,1537300
2019-11-07,110.07343292236328,110.52110677268637,106.73870361516798,107.08587825842281,832200
2019-11-08,109.25114440917969,110.09167669946707,107.47871186498489,109.62572657251336,475300
2019-11-11,108.37407684326172,109.46128461778486,107.81676566900799,108.77606664652842,398300
2019-11-12,108.01776885986328,108.83089366428567,107.63404148139142,108.17308326736016,472100
2019-11-13,108.60250091552734,109.02276717142276,107.7619614333377,107.8350530353366,355900
2019-11-14,109.05931091308594,109.0958567133953,108.13654862387092,108.75781328833271,549900
2019-11-15,109.45217895507812,109.48871778812739,108.465463173165,109.48871778812739,570800
2019-11-18,110.17391204833984,110.92309040111407,109.45215524040943,109.81759925491676,570900
2019-11-19,111.5078125,111.84584892049696,109.45215849056417,109.98205511549406,731500
2019-11-20,111.86412811279297,112.81429793745993,110.86827429861006,111.28854051464384,496500
2019-11-21,110.86825561523438,112.03769305762988,110.14649191898157,111.81842527977996,662900
2019-11-22,110.73123931884766,111.27028116823335,109.40648714780617,111.08755216403533,415500
2019-11-25,110.97791290283203,111.54435534478442,110.74950689355491,110.97791290283203,388800
2019-11-26,112.73206329345703,112.91478530285214,110.8225925048062,110.84086191758655,805400
2019-11-27,112.46709442138672,113.11576651774968,111.87323752543853,113.11576651774968,406400
2019-11-29,113.02442169189453,113.54518708150604,111.81843831751013,112.27525030735873,284800
2019-12-02,111.65396881103516,112.96958937306015,110.64898397966462,112.96958937306015,408800
2019-12-03,110.96875762939453,111.23370939581991,110.38403889328237,110.6124448674011,430700
2019-12-04,111.24286651611328,111.91894636283848,110.7677781056806,110.79518571197512,469900
2019-12-05,111.334228515625,111.83672453681322,110.89568589982451,111.27027511023726,652500
2019-12-06,112.38490295410156,114.15732897550704,111.85499930103039,112.13822054266555,439100
2019-12-09,110.72208404541016,112.50364788435762,110.55763146255367,112.43055629855535,544700
2019-12-10,110.91395568847656,111.39817529624443,110.33836810381831,110.4297360807087,432300
2019-12-11,109.10496520996094,110.61244604933191,108.59333805299518,110.53022324356122,848800
2019-12-12,109.71987915039062,110.56422950872194,108.86634909193019,108.93059298871496,609700
2019-12-13,109.87593078613281,110.1053743412318,109.27937614246312,109.30690824874515,609600
2019-12-16,110.94052124023438,111.72063476045318,110.49999363090103,110.65601353412075,1336400
2019-12-17,112.3997802734375,112.73017946588055,110.92216360780604,111.06900380330308,854700
2019-12-18,113.53781127929688,114.43723280557647,112.55579346085923,112.63839675507664,655100
2019-12-19,112.4640121459961,113.70300548414117,112.23456867589297,113.15234255630547,640900
2019-12-20,113.44605255126953,113.68467576836038,112.63841389611798,113.12483302945132,1307900
2019-12-23,112.7577133178711,114.07013040768423,112.68428971795122,113.62959581022491,345700
2019-12-24,112.9412612915039,113.08810848611147,112.57415730910428,112.9137291930299,110000
2019-12-26,112.5374526977539,113.42768761419423,112.0234944858627,112.83114010366599,261900
2019-12-27,113.07893371582031,113.37262111577964,112.07856341666694,112.75771421618666,286700
2019-12-30,112.69347381591797,113.08811692831195,111.99596359358114,112.9779815241345,273800
2019-12-31,113.3818130493164,113.45523665774301,112.151992115383,112.43650684752096,375400
2020-01-02,113.60206604003906,114.6207957531204,112.85867133127269,114.43724375161712,391200
2020-01-03,113.69384765625,113.79480336268112,111.87665894461043,111.97761465104156,359200
2020-01-06,114.72174835205078,114.7309280524957,112.6934686814337,113.02386787685239,401500
2020-01-07,114.31793212890625,115.15310986590917,113.99671261546676,114.72175494697889,585300
2020-01-08,115.05215454101562,115.84144077781997,113.8315133838577,114.59326751971356,486200
2020-01-09,117.56686401367188,117.93396804016409,115.46515355025927,115.621180463785,752300
2020-01-10,117.09878540039062,117.58520451709784,116.35539067501244,117.53932701878688,644000
2020-01-13,117.92477416992188,118.24598663440509,116.98864086507342,117.3465721280863,430400
2020-01-14,117.56686401367188,118.23683516387459,116.88770616012825,117.68616512001533,470000
2020-01-15,117.73204803466797,118.65899473660971,117.39247613473168,117.92478673719285,398800
2020-01-16,118.71408081054688,119.27392354989553,118.45710519289052,118.47545059120823,374300
2020-01-17,120.2283935546875,120.36605405252968,118.52133336084546,119.14542696067623,523800
2020-01-21,121.6693115234375,121.90792773297908,119.55842842508487,119.55842842508487,683200
2020-01-22,121.63258361816406,123.25704747282037,121.60505151928172,122.33008679671619,729400
2020-01-23,120.46701049804688,121.90792240360712,119.89799509795043,121.69683830423584,447800
2020-01-24,120.25592041015625,121.50409355126783,119.52169844406959,121.11863016999915,369900
2020-01-27,118.76914978027344,119.66856447816664,117.58521334758699,118.14505610940367,399500
2020-01-28,119.09954071044922,119.90717234026026,118.62229429002421,119.07200860966705,424100
2020-01-29,118.88844299316406,120.00812844241969,118.87009759532874,119.83376313826128,415100
2020-01-30,118.81504821777344,119.13626076941401,117.32824456450027,118.10835819756863,946400
2020-01-31,109.35279083251953,111.44531476384905,105.90195808499553,110.5826048264528,2180900
2020-02-03,106.85643768310547,111.05984469990376,106.64534656129271,110.7477978679276,1291600
2020-02-04,107.69159698486328,108.67362187941671,106.27823119736107,108.27897878231782,1030900
2020-02-05,110.77532196044922,111.57378788253558,108.21473859381183,108.21473859381183,1475100
2020-02-06,109.88508605957031,111.62885108900437,109.75659125538479,111.17914378156527,859100
2020-02-07,108.15967559814453,110.3164433190443,107.86598816809087,109.31607291738236,677200
2020-02-10,108.5176010131836,109.10497584123941,107.86598228212358,108.23309330017352,949300
2020-02-11,109.95848846435547,110.02273235712471,108.87551498477458,109.44453732220154,575000
2020-02-12,113.28083801269531,113.54699329629057,110.04109711571847,110.47245198906046,1140100
2020-02-13,112.3080062866211,113.62959607799364,112.14280668744203,112.6384054849792,701400
2020-02-14,112.22541046142578,113.6112512467365,111.61050352432315,112.70265689175945,633700
2020-02-18,112.43648529052734,112.58332547716681,111.68391095359429,112.05101492122263,637700
2020-02-19,112.77607727050781,113.44605543480975,112.0235027993791,113.17990010937805,554900
2020-02-20,111.39940643310547,112.67511174248959,108.35239701038039,112.67511174248959,1505500
2020-02-21,109.77494049072266,111.16078108766031,109.31605352504019,111.16078108766031,577600
2020-02-24,106.8656005859375,108.17801760969687,106.048782333604,106.79217698971303,565300
2020-02-25,103.20368194580078,107.96693117476569,103.08437384833813,107.16846528604226,826100
2020-02-26,103.2862777709961,105.88357964443523,103.25874567373253,104.56198295930959,1675800
2020-02-27,98.8350830078125,102.57042285886868,98.8350830078125,101.22129397618684,1324400
2020-02-28,95.77889251708984,99.20218552003882,94.44812305519295,97.33910547255928,3048500
2020-03-02,97.51348876953125,98.40373068145092,95.07220653675934,96.83433796126614,2429100
2020-03-03,94.09019470214844,97.94485000257349,93.74144307582075,97.75211828786131,2486900
2020-03-04,97.42171478271484,97.47677898391088,94.57661668727066,95.91656593216862,1175700
2020-03-05,93.0531005859375,95.70546675140875,91.49288766579897,95.04466838455399,1098500
2020-03-06,92.10779571533203,92.68599079271486,87.69330518301031,90.01527219483076,1281900
2020-03-09,83.99467468261719,87.85850944347324,83.73769907901993,86.0046020139901,1241700
2020-03-10,91.3093490600586,91.99767967886929,86.08721886008297,86.83061368773896,1905000
2020-03-11,89.63897705078125,90.68523875900652,87.50056213752494,88.93229421356426,1616400
2020-03-12,88.32850646972656,91.45705715288615,83.48340498187903,83.97252838647496,2707100
2020-03-13,95.68382263183594,95.73919296109838,87.78400313227384,91.92771607546138,1887900
2020-03-16,91.9461669921875,95.45309989191473,84.35089867571331,85.21839764529753,1554600
2020-03-17,96.73589324951172,98.87696597867428,90.10041041550492,93.7734611786222,2142600
2020-03-18,93.11822509765625,96.68975206494444,88.40232638717075,91.8446512287734,1522600
2020-03-19,86.23358154296875,92.5460533595975,85.40299129315211,92.36148087785551,1332800
2020-03-20,83.76948547363281,90.1465646055404,82.88352499841476,86.60271566368019,1151600
2020-03-23,77.7615737915039,82.92968064573378,75.58358474620174,82.92968064573378,1246800
2020-03-24,87.51636505126953,87.5625046436976,80.2902416159931,81.06545436226652,871000
2020-03-25,86.69500732421875,88.91913568570003,82.03447889989229,86.90726494360699,1898900
2020-03-26,89.45441436767578,90.25731941202467,86.26126270317849,87.59943073610478,1308600
2020-03-27,84.50780487060547,87.67327169884547,84.2678549976369,87.58098545262348,947400
2020-03-30,89.46363830566406,89.86969912397257,83.5941439803239,85.19071617076148,1036000
2020-03-31,87.51636505126953,89.75895484011436,86.40890921818045,88.18083714292544,1001300
2020-04-01,84.27709197998047,85.82752497076945,83.13272695184735,84.69238363924957,1123000
2020-04-02,84.99691772460938,86.695014015721,83.40956913976211,83.42803061130037,784000
2020-04-03,85.2645492553711,87.17490310431504,84.09249933609136,84.31398769859538,561700
2020-04-06,91.00484466552734,91.65085534544652,88.18084506332589,89.17754624934571,1126200
2020-04-07,92.98902893066406,95.52693905509604,91.7616016170107,93.26588762873644,941800
2020-04-08,94.22567749023438,95.37004223603545,91.90003209831761,93.58889757252429,956900
2020-04-09,97.74185180664062,98.16637414439032,93.57967689204587,94.62252478427952,1271400
2020-04-13,94.67789459228516,97.73262052536842,93.5058445620973,97.15120383741873,502300
2020-04-14,98.70162200927734,98.92311740097794,95.03780884415659,96.90201595788318,952800
2020-04-15,98.35093688964844,99.38456098424128,96.85587459869973,97.40960606711725,1016900
2020-04-16,98.79391479492188,100.35357101820121,97.13273457020033,98.96925651126249,953300
2020-04-17,101.46102905273438,101.64560150794124,100.14131557914058,100.60275375814557,707400
2020-04-20,101.3226089477539,102.08859811118035,99.64297404634253,100.31666992955762,619000
2020-04-21,99.08000946044922,100.30743674485824,97.26194185170573,100.06748691278858,740500
2020-04-22,100.97190856933594,101.9962948780315,99.69833465297899,100.68581210237811,566700
2020-04-23,101.74712371826172,102.61462979264928,100.51047271442158,101.51640461685976,814200
2020-04-24,102.8453369140625,102.99299346044604,101.04572390816313,102.23623517763852,698200
2020-04-27,105.52169799804688,105.78010933827586,103.63903609187349,103.64825978756843,535500
2020-04-28,103.79591369628906,107.59816009951938,103.620564920649,106.69374513682395,863600
2020-04-29,106.6106948852539,107.96732452666187,104.97720650622527,105.12487013241436,614800
2020-04-30,107.05366516113281,107.57970444106091,105.52168691794564,105.9462162689647,481100
2020-05-01,104.34040832519531,105.87238659926211,103.2421901466055,105.39248690625796,503500
2020-05-04,105.0694808959961,105.26328410275848,103.13144178738389,103.68516624113188,544900
2020-05-05,106.45379638671875,107.14595371958556,105.81701642835345,106.19539210900663,598400
2020-05-06,107.05366516113281,107.83810871316759,105.76163675961112,106.51839514548995,573500
2020-05-07,107.69046020507812,109.36086440404029,107.19210605401447,108.44721864758468,797300
2020-05-08,107.80120849609375,109.99765921055501,106.70299017985248,109.8223104114034,888200
2020-05-11,110.06222534179688,110.50520200606992,106.67526409789909,107.20131032832741,710200
2020-05-12,108.760986328125,111.15123995326653,108.760986328125,110.03456031315373,885400
2020-05-13,105.3094253540039,109.41622247029403,103.934341505323,108.84404361511855,886000
2020-05-14,106.01081848144531,106.06618881435497,102.19933430375954,104.5803571927128,801400
2020-05-15,106.63837432861328,107.32130091550124,104.26658218458081,104.26658218458081,1776600
2020-05-18,110.22835540771484,111.10508513901618,108.98246668082952,109.434681169679,602800
2020-05-19,110.34831237792969,112.0094924360007,109.83150393363515,109.83150393363515,571400
2020-05-20,111.63111877441406,113.27383749675165,111.2065965123146,111.4188611638581,452300
2020-05-21,108.70560455322266,111.30811554127853,108.6040875928988,111.30811554127853,514600
2020-05-22,107.80120849609375,108.88097942019812,107.25671470650202,108.72408505417276,553900
2020-05-26,108.0873031616211,110.62521365277443,107.75506704313642,110.19146055136449,680100
2020-05-27,107.69966888427734,109.68385447547789,107.07211267499038,108.96401203796975,1119400
2020-05-28,110.06222534179688,111.23427510038091,108.09649439100045,108.15187175477493,546200
2020-05-29,111.76033020019531,112.1571673323023,108.97324658099353,110.22835904342547,773800
2020-06-01,112.80318450927734,113.33844746556746,110.84668402318535,111.77879115072317,428300
2020-06-02,113.77218627929688,113.7998714410434,112.38787186407315,113.77218627929688,594500
2020-06-03,114.71355438232422,115.09193009463846,113.91064927425876,114.08599806637386,361800
2020-06-04,114.43668365478516,114.84275155957984,113.46766053324832,114.0675316541526,515800
2020-06-05,116.9007339477539,117.99895894823484,115.22109943930565,115.48873439912819,596000
2020-06-08,117.65750885009766,117.69442475057245,115.45183484389233,116.07016033462195,514000
2020-06-09,113.9844741821289,117.62060266694684,113.77220949710944,117.31605878459878,647900
2020-06-10,112.38787078857422,114.49202755302056,111.67725916026063,114.44588796421363,830600
2020-06-11,110.24654388427734,110.82127826445084,108.6428535578608,110.44121026973573,1574100
2020-06-12,112.74942016601562,113.44466037841426,109.71817595179121,112.00783484953325,1488600
2020-06-15,113.46320343017578,113.55590071016323,110.6822425964575,110.83982867967107,1163700
2020-06-16,115.97532653808594,117.26383770678368,115.17811727326381,115.87335741777042,939000
2020-06-17,116.90231323242188,117.36580666143875,115.91970942605764,115.95678267671234,651500
2020-06-18,116.74471282958984,117.32871193240017,115.91042334532682,116.27194760978287,463200
2020-06-19,114.32528686523438,118.6821221153431,114.26966284651782,118.50599235537909,970200
2020-06-22,115.6045150756836,116.87448945090344,114.18622650022465,114.27892375941754,500900
2020-06-23,115.54891204833984,117.6717127795051,115.3635104352816,116.57786801568083,455400
2020-06-24,113.74127197265625,115.18737611918347,113.50026050852479,114.90927726383464,528200
2020-06-25,115.67869567871094,115.89189870441975,112.21176666558523,113.54662298753033,635900
2020-06-26,115.53964233398438,117.68097972983858,115.28008714325641,115.54891418289567,1542000
2020-06-29,116.5871353149414,116.62421563835545,113.8061747100251,115.91971071053428,608600
2020-06-30,116.97648620605469,117.40289935700615,115.59527054993342,116.35539957073372,769200
2020-07-01,117.97761535644531,119.2290462114199,116.3183150895155,117.16186946018634,539600
2020-07-02,118.85826110839844,120.36925427736442,118.31133516134699,118.48746493499303,573800
2020-07-06,119.2939453125,120.8049384717229,118.66358687113132,120.50829587703235,462800
2020-07-07,117.82929229736328,120.18383253737576,117.70878655983445,118.8397045110653,377400
2020-07-08,119.20123291015625,119.59056568085435,118.15374033974996,118.59869712936796,393200
2020-07-09,118.25570678710938,119.62765037447443,116.9579238417312,118.1630095207998,694600
2020-07-10,116.85597229003906,118.59871227691684,115.71578230560436,118.3947740169759,655600
2020-07-13,115.9845962524414,118.1630139173358,115.5396394563125,117.66244017382141,480400
2020-07-14,117.52336883544922,117.55117730396054,114.82584130464531,115.69720396483727,366900
2020-07-15,119.34955596923828,120.01698762739927,118.01469265291631,118.27424783723484,504300
2020-07-16,118.15375518798828,119.01585332992903,117.83858302134392,118.89534050074808,438000
2020-07-17,119.67403411865234,119.97992739859804,118.65434270316705,118.91389794625424,434500
2020-07-20,119.87796020507812,120.35998323908363,118.9602380245126,119.32176237236597,443700
2020-07-21,120.46192932128906,121.79679254862914,119.71107229208421,120.48047301741761,484300
2020-07-22,121.70410919189453,122.08417723221872,120.09116096806693,120.24874705058468,446200
2020-07-23,120.2394790649414,123.60443195070097,119.85941103475851,122.29737700477315,382500
2020-07-24,121.69483947753906,121.73192687468463,119.22905092117051,121.05521625140534,449100
2020-07-27,124.04011535644531,124.25331838384199,121.10156856823902,121.98220329806654,429600
2020-07-28,122.87212371826172,124.28114785042396,122.22323567867988,123.66933306537607,409300
2020-07-29,124.22549438476562,124.47578477807467,122.5105773135488,123.24289065250268,387300
2020-07-30,124.11426544189453,124.38308539749637,122.64962456093146,122.87210649103729,419900
2020-07-31,124.53143310546875,124.5963289864461,123.02045387843248,124.0401311155239,640800
2020-08-03,127.03426361083984,127.38652311771106,125.15248155674675,125.40277195082346,481900
2020-08-04,127.25675201416016,127.31236896129967,125.84772805960723,126.60786405637151,518100
2020-08-05,125.15249633789062,127.7758709635326,124.71681136310252,127.20114361155578,507000
2020-08-06,125.47694396972656,126.1258319533075,124.3830921019497,125.09687595623731,484000
2020-08-07,125.3749771118164,126.21853857805398,124.49434239357493,124.99490909146355,768200
2020-08-10,126.62641143798828,127.04355269836842,125.42132568434798,125.8292021681675,721200
2020-08-11,131.73411560058594,133.9496138380713,128.61017411557935,128.69359954607964,1131400
2020-08-12,128.9624481201172,131.9751563655231,128.7492450355741,131.35407667075742,837400
2020-08-13,128.70285034179688,130.00990518976883,128.04469760197333,128.25790061610098,655400
2020-08-14,128.73995971679688,129.80598911413801,128.35989165020774,128.83264993043136,280500
2020-08-17,128.05397033691406,130.07480914262658,127.62755013745992,129.5186113424164,572700
2020-08-18,129.07366943359375,129.6205883453979,128.36915029121695,128.36915029121695,362400
2020-08-19,127.27532196044922,129.72256715217898,126.98795824449869,129.36104277651546,780800
2020-08-20,127.27532196044922,127.94275375316639,126.81182844576783,126.81182844576783,304200
2020-08-21,126.87670135498047,127.54413310126027,126.49664744935609,127.54413310126027,378000
2020-08-24,128.2671661376953,128.68432153669914,126.92303803172973,128.0168898719292,383100
2020-08-25,128.17446899414062,129.21268968543868,127.34017238603663,128.8233569262019,382400
2020-08-26,128.8697052001953,128.9902038623458,127.4884898157216,128.3505948702361,513800
2020-08-27,128.67506408691406,130.148970032267,128.01691123344415,129.75963718696806,333100
2020-08-28,128.35987854003906,129.3980993527802,127.90564986211595,129.0643834994423,267900
2020-08-31,127.36798095703125,128.41548056975938,127.29383446019209,128.27643820731586,510500
2020-09-01,129.17562866210938,129.29612733930574,127.2382153137982,127.43288878418832,373600
2020-09-02,132.6796417236328,133.24510430779821,129.3054099174632,129.52787772454613,434400
2020-09-03,128.21153259277344,132.10487403680736,127.25673739073902,131.99364015531052,510100
2020-09-04,125.52334594726562,128.82341826861233,123.78060540442746,128.82341826861233,402800
2020-09-08,122.67745971679688,125.56966885845048,122.3715523006268,123.91035415965219,583200
2020-09-09,126.4224853515625,127.52560209031226,123.63224556656053,124.16989969740908,463500
2020-09-10,124.1050033569336,128.08177069902297,123.77128752688648,126.95084561634647,447500
2020-09-11,124.61485290527344,125.69944011897624,123.53955875867466,125.06908161746779,317100
2020-09-14,126.6396713256836,127.44030497717331,125.85766102575087,125.85766102575087,407300
2020-09-15,126.26729583740234,127.8499398679164,125.72733225890586,127.19826458540541,504700
2020-09-16,125.73667907714844,128.13858095863665,125.68082320637484,127.08658137419889,492200
2020-09-17,124.2657241821289,124.68465734397292,122.81341497815872,124.68465734397292,592300
2020-09-18,122.43171691894531,124.73121127583128,122.11519089710035,124.20056638102746,906800
2020-09-21,121.8731460571289,122.20829544020641,119.65743545759095,121.14699142803737,575500
2020-09-22,122.92512512207031,122.97167640733504,120.99802692013971,122.40378482020422,377100
2020-09-23,119.98329162597656,123.10202931405048,119.7598539476158,122.8786058411496,315000
2020-09-24,119.0243911743164,120.0391511284197,118.22375722610909,119.73192963841989,591100
2020-09-25,121.39834594726562,121.55662317028576,118.01893120045298,118.42855981318037,399200
2020-09-28,122.88793182373047,124.08887581614987,122.31073547757909,122.70174082872639,528700
2020-09-29,122.62723541259766,123.9492096620281,122.29208601094915,122.9810081714098,224200
2020-09-30,122.88793182373047,123.6792613093258,121.81732294836019,122.81345258463637,789900
2020-10-01,124.6939926147461,126.05319942674197,123.44649753922663,124.20058017136212,737100
2020-10-02,124.20056915283203,124.63812568915971,122.17104948564817,122.60860602197583,496700
2020-10-05,126.90035247802734,127.00275961232732,124.24709997100204,124.95463113178421,505200
2020-10-06,126.37902069091797,129.10675258776362,126.20213433751977,126.7979538300174,540200
2020-10-07,128.0175323486328,128.30614464928868,125.97872232613769,127.16104263836826,417600
2020-10-08,129.45126342773438,130.25189746667928,128.2968565652788,129.14404190291648,301000
2020-10-09,131.11767578125,131.65763952744544,129.58158255215585,130.08429958180807,271700
2020-10-12,132.80270385742188,133.31473957791601,131.24798754643612,132.3372194216013,445500
2020-10-13,132.27206420898438,133.86401308727804,131.47143037954896,132.7561720188765,480500
2020-10-14,131.9182586669922,132.89577861876404,131.69483527604183,132.2347846078083,307000
2020-10-15,133.37997436523438,133.86406816886029,130.642922375463,130.9873764675553,419200
2020-10-16,133.44508361816406,135.1208305408063,133.28682060400598,133.79885635890483,381600
2020-10-19,132.0021209716797,134.44127001584948,131.6669714804063,133.6964917901905,372400
2020-10-20,133.58473205566406,134.16192822567368,132.23481579154532,132.47687679609749,335200
2020-10-21,134.5343475341797,135.09293470960984,133.75233685294705,133.91059990471115,374700
2020-10-22,134.7856903076172,135.20462351535676,132.8958243793252,134.05953562607937,281400
2020-10-23,135.67005920410156,135.95865721659428,134.66461134398034,135.53972415957406,363100
2020-10-26,132.3651580810547,134.93464146656368,131.19214232166502,134.10607967185678,306400
2020-10-27,130.3263702392578,133.10995877419754,130.251891006136,132.32794813461012,299200
2020-10-28,126.12767028808594,128.72508163258098,125.38289228156388,128.39923681552165,617800
2020-10-29,128.58543395996094,129.8236244367895,125.53185677103771,125.87632496135488,560900
2020-10-30,128.10137939453125,132.1324639008048,126.73285340811486,127.17971468772105,1020200
2020-11-02,131.05250549316406,131.75073221857946,128.79024351597943,128.79024351597943,643700
2020-11-03,133.74301147460938,135.8842430401214,131.65763577686084,132.3186300248015,463000
2020-11-04,134.841552734375,137.12242404788134,134.4598520175603,135.13946964665774,451000
2020-11-05,134.69256591796875,137.77408473303907,134.02228141738516,137.07585809803464,509600
2020-11-06,136.4707489013672,136.92692884739668,133.90127945105516,134.6274341697403,337800
2020-11-09,136.74072265625,142.7547740625347,136.41487784458207,140.762501096191,567600
2020-11-10,136.1542205810547,137.52274619102414,134.72053452585146,136.72211225733767,523800
2020-11-11,138.55613708496094,139.52433872809758,137.07589958011,137.25277178191897,285500
2020-11-12,135.50254821777344,138.3047599473928,134.67398633057965,138.2861365888434,391100
2020-11-13,136.56385803222656,137.33656408128343,135.28843492516668,136.9269354089679,268300
2020-11-16,138.25820922851562,138.38854432798254,136.27525480130203,137.1317446271503,466200
2020-11-17,137.1130828857422,138.29541723201095,136.61967056120807,137.7461490526928,294400
2020-11-18,135.70733642578125,137.3644598812215,135.56768257173053,136.8058728759339,378400
2020-11-19,136.48004150390625,136.67553701080473,133.5381764766111,135.03703691981562,426600
2020-11-20,134.91604614257812,136.73143312554114,134.71123179522212,136.73143312554114,431400
2020-11-23,137.3924102783203,137.5972246000546,134.59019862980634,135.14877152097813,334200
2020-11-24,136.7965850830078,138.26751778562138,136.0425024771811,138.2116619193319,416900
2020-11-25,136.1728515625,137.53205846677096,135.06499608236493,137.53205846677096,378900
2020-11-27,137.2247772216797,137.2992564204476,135.06493727922873,136.81516293663813,188100
2020-11-30,136.74072265625,137.80202668120958,134.75775426535498,137.58789359676095,812100
2020-12-01,138.20236206054688,139.0216194261897,136.08905819533348,138.248913357315,590300
2020-12-02,137.06655883789062,138.97504808645112,136.51729054944158,138.15579083896154,539900
2020-12-03,137.79270935058594,138.70506915067534,136.4893585011137,136.4893585011137,346000
2020-12-04,138.91920471191406,138.9285092885779,137.36448808141958,138.08133823743074,454000
2020-12-07,136.06112670898438,139.33814188060796,135.08362052966015,138.45372408693032,798600
2020-12-08,137.06655883789062,137.63445048345332,135.46529105713873,135.90284761382438,442900
2020-12-09,138.07200622558594,138.30474846902612,136.4055780129562,137.55066587315338,554900
2020-12-10,136.12628173828125,138.2861223270703,135.3070245121239,137.10380198213556,923300
2020-12-11,137.43896484375,137.5599811600496,135.60495468619914,135.80976901281113,677900
2020-12-14,136.54641723632812,139.22874122240685,136.0791126109622,137.6959826216468,751200
2020-12-15,137.77073669433594,138.3875821491274,136.31274871828603,137.0323874878724,637600
2020-12-16,137.2099609375,138.64926695075576,136.34078131187417,138.0604586488781,654700
2020-12-17,140.96710205078125,141.05121345297982,138.3221564028389,138.60254200450495,714600
2020-12-18,143.81765747070312,144.13542115222424,140.4063255900094,141.18205287913696,1263800
2020-12-21,139.59323120117188,142.75221487243223,138.8362000281195,141.77087235658462,495500
2020-12-22,138.77076721191406,140.11660671441285,138.5184330009488,139.81753919219332,587800
2020-12-23,137.77073669433594,139.2380656278207,137.76138147589734,139.0791837854054,454300
2020-12-24,140.20071411132812,140.21006932991423,137.92962071151933,138.53711095745066,162000
2020-12-28,142.11663818359375,142.5372093693352,140.48107248048728,141.35026624128733,463600
2020-12-29,141.47177124023438,143.57464166078302,140.90165913355662,143.19146277806735,524600
2020-12-30,142.1634063720703,142.53724434869304,141.5932941880676,142.1914435072668,319200
2020-12-31,143.18214416503906,143.3690631757846,141.3409626741327,142.46249099961213,275000
2021-01-04,141.6025848388672,144.31295911998149,139.73336709782268,143.4157283294403,641900
2021-01-05,141.79891967773438,142.50921758943542,139.64931550313167,140.90168850310687,723500
2021-01-06,145.5934295654297,145.88315615463398,141.5091916576036,142.99521696023527,762400
2021-01-07,145.44386291503906,148.00469697131896,144.96721741017438,145.68687040697256,978300
2021-01-08,145.99533081054688,147.7617418870721,144.57472062519645,145.81775275475223,578500
2021-01-11,144.873779296875,145.53735816023377,144.0232956908032,144.7429345681712,447300
2021-01-12,144.64013671875,145.34109372566093,144.07002444935551,144.27563964559658,512300
2021-01-13,144.13543701171875,145.86446979666192,143.3316725011351,144.94854248066778,689500
2021-01-14,143.5279083251953,144.8830884979731,143.34097511984555,144.31297644805952,458700
2021-01-15,141.65869140625,144.0138957922423,140.9951127487592,143.03255350091146,691600
2021-01-19,141.6493682861328,142.9110964124577,141.19141890447779,142.49986608207018,384700
2021-01-20,142.5186004638672,142.64944521670174,140.70545584529677,142.555978567102,413100
2021-01-21,141.21945190429688,143.56531579721647,140.90167394675453,142.3409800609635,505200
2021-01-22,139.2006378173828,141.13527062966637,139.06043793991387,140.63058814937457,852100
2021-01-25,140.81756591796875,140.85495827198937,138.5371171968673,139.18199982417931,725500
2021-01-26,141.86431884765625,142.45312718499122,140.05118904721957,141.49982184383083,549900
2021-01-27,134.2379150390625,140.73344569521663,134.2005226873847,140.35025252603972,1352100
2021-01-28,135.3594512939453,137.37821057585913,134.10707839648202,135.83609684897863,674600
2021-01-29,132.06961059570312,134.93886739876413,132.04157346338033,134.845400783686,705200
2021-02-01,136.51837158203125,136.82678006584578,132.77057959338526,133.26592132448735,704000
2021-02-02,136.92025756835938,137.84552587633286,134.19120022097965,137.84552587633286,696400
2021-02-03,135.09779357910156,138.55584555699014,135.08843835792112,138.16331131462516,486300
2021-02-04,133.8079833984375,135.7893501308073,132.8359962073702,135.19120087607286,1024300
2021-02-05,134.70523071289062,135.92956650270185,134.20053375066004,134.77064594221392,741600
2021-02-08,133.7332305908203,135.44356718399592,133.08834794376992,135.20057391944283,599800
2021-02-09,132.4060821533203,133.34069134273685,131.80793284253392,133.01358668304374,637100
2021-02-10,134.9388427734375,135.27530256091293,132.705127986337,132.9668173475956,624400
2021-02-11,135.845458984375,136.19125984027946,134.94822783750809,135.23795442067185,502100
2021-02-12,138.38755798339844,138.50904745285186,135.12576752174144,135.12576752174144,767800
2021-02-16,136.67727661132812,139.05117808780145,136.0697719766312,138.55583627269868,710100
2021-02-17,137.7894287109375,138.901615950386,135.28468287840207,135.69591321174482,607500
2021-02-18,139.51844787597656,139.89228581845853,136.5837758183826,136.78005000783781,425800
2021-02-19,139.761474609375,141.22881812035453,139.15398424199262,140.19140118117357,614200
2021-02-22,137.85484313964844,139.36890532789846,137.21931579282855,138.7520741562801,448400
2021-02-23,134.26596069335938,138.0230793982071,134.16315311122645,138.0230793982071,1010900
2021-02-24,135.5930633544922,136.34075334009822,132.79857755942726,134.14441668131806,579700
2021-02-25,133.89207458496094,136.83610136796528,133.3126215928081,135.39679558222954,429100
2021-02-26,133.17245483398438,135.2379329439491,132.9294473426923,134.56501325591455,706100
2021-03-01,136.90155029296875,137.3968920232763,133.49957340845793,134.06968558535968,457400
2021-03-02,134.43417358398438,136.9295782450756,133.58367585464143,136.9295782450756,519400
2021-03-03,132.61167907714844,134.23790397703226,132.06026315387265,134.06032597370557,472200
2021-03-04,130.06956481933594,133.77062364473792,128.8919623235742,132.50889547991778,557200
2021-03-05,133.1630859375,133.35000488475308,129.9480287051418,131.33126028901785,486400
2021-03-08,132.54627990722656,135.5370264119445,132.43411710885923,133.64911188730832,472900
2021-03-09,132.69580078125,135.95759179112633,132.56495607300016,133.3687204982503,467500
2021-03-10,133.0696258544922,133.99487958092877,132.50885478434822,132.6957737207293,356800
2021-03-11,135.0416259765625,136.26596118046834,133.83597268009174,133.83597268009174,412500
2021-03-12,135.17776489257812,135.39357989265076,134.0611338154425,135.19653577197144,428200
2021-03-15,137.36407470703125,137.46729304244454,133.90158564941945,134.68041230426832,362500
2021-03-16,138.5276336669922,139.081252808474,136.46326683776627,137.56114115966517,387800
2021-03-17,137.70188903808594,138.90296740180398,137.04505154511256,138.60270496986624,600100
2021-03-18,136.49143981933594,137.8801840683008,135.63754387303294,136.77293139021887,417100
2021-03-19,137.16702270507812,138.93111276778833,136.22867936414426,136.39758861086358,1158000
2021-03-22,138.4900665283203,138.62143400082806,137.08255175803131,137.33590842571792,415400
2021-03-23,138.18980407714844,139.9163520914023,137.50480324705262,138.78095054410562,461300
2021-03-24,139.691162109375,140.90163298115348,138.06783221382452,138.15227967427907,573200
2021-03-25,139.1000213623047,139.86945545291155,138.16167802577047,139.81315714359678,490500
2021-03-26,143.9794158935547,144.15770343328845,138.35873368303217,139.06249124430698,603100
2021-03-29,147.61077880859375,147.9673538360781,141.821202500029,143.94185315437116,771200
2021-03-30,143.54774475097656,147.21667025325922,143.36007896669733,147.21667025325922,453100
2021-03-31,143.6603546142578,144.7019161749891,143.10672122545037,143.41637621031444,516500
2021-04-01,145.3681182861328,145.42441658394858,142.95658384914947,144.12012018528924,407300
2021-04-05,148.82122802734375,149.24347957758803,145.58393273351757,145.9029802834173,645900
2021-04-06,146.50352478027344,147.85474124578602,145.75284737521307,147.85474124578602,419200
2021-04-07,145.1429443359375,147.5732645247564,144.60809606504318,146.58800113123343,369300
2021-04-08,144.85203552246094,147.5638468037365,144.73006064241835,146.42845954729592,592500
2021-04-09,146.38156127929688,146.38156127929688,144.0826229561353,144.45795456555567,421100
2021-04-12,146.3158721923828,147.5169648570279,145.43384146747755,147.06654973854225,473400
2021-04-13,146.16574096679688,147.0946916773856,145.20862678444905,145.84669336069254,329100
2021-04-14,146.26898193359375,146.6443135873386,145.21802753073553,146.22206189737943,318500
2021-04-15,145.9780731201172,147.582632134786,145.61210549019432,147.31989715790476,638400
2021-04-16,147.3199005126953,147.64832640026702,145.17110062041615,146.6255213048496,624300
2021-04-19,146.32525634765625,147.3949671358753,145.5464296912713,147.3949671358753,522500
2021-04-20,149.05584716796875,149.2622838508136,146.57862129181402,146.57862129181402,585400
2021-04-21,150.83868408203125,151.43922321576608,149.4780891731926,149.86281335895552,710400
2021-04-22,151.3359832763672,153.35341533753618,150.51962931120266,150.6134550361522,425700
2021-04-23,152.602783203125,153.1001040319182,150.7354747869126,151.3360139566619,277300
2021-04-26,151.092041015625,152.9499567263331,150.7917642892976,152.89365841964232,284300
2021-04-27,151.28909301757812,151.5330714500008,150.15370559185905,150.57595723215113,357800
2021-04-28,151.08262634277344,151.82392545383553,150.62284735999393,151.53304136644923,308300
2021-04-29,151.50491333007812,152.18989992015136,150.65101750309316,151.71133568055336,276300
2021-04-30,148.84938049316406,150.83866341649883,147.49816404788746,150.58530675351437,610900
2021-05-03,150.1161346435547,150.85743375760782,148.4271140929061,149.08396575892192,756600
2021-05-04,152.81857299804688,153.72876704077484,148.5772577562818,148.5772577562818,839000
2021-05-05,154.8641815185547,155.05186164455853,152.22743897321115,154.2730349391894,512500
2021-05-06,154.73280334472656,156.06526342109518,153.47542676796547,155.136298406214,519800
2021-05-07,154.07595825195312,155.74620808572092,153.6724775284839,155.07059980262588,331700
2021-05-10,155.41783142089844,157.2100565427484,152.11485844202758,154.60146287678333,369700
2021-05-11,153.6912384033203,155.5116266440373,152.27434521539274,154.91108752196405,391300
2021-05-12,149.21534729003906,152.68721444367148,149.1871981380406,152.55584696168478,446700
2021-05-13,151.04513549804688,151.9459371276029,149.59070039088584,150.1912395832511,354500
2021-05-14,153.11888122558594,153.87895146668757,151.78643521056932,152.30252698490307,344600
2021-05-17,152.23681640625,153.1000904915416,151.2421605186491,152.74351546923216,473100
2021-05-18,150.64163208007812,152.01161964344388,150.35074793830435,152.00224136460642,851600
2021-05-19,149.59068298339844,149.63760301068245,147.37619228462424,149.42178806675446,412400
2021-05-20,150.34132385253906,151.70191840453,148.9056601387721,149.90967975182167,503300
2021-05-21,149.44992065429688,151.67378938483841,148.60540321073822,150.76359536474746,595400
2021-05-24,149.61880493164062,151.33597452853934,149.5812775074261,150.42578057305784,332400
2021-05-25,149.35609436035156,150.13492098109882,148.87754445419776,149.67512763112074,413600
2021-05-26,148.9713897705078,149.52502324606394,147.65771476644042,148.9713897705078,503400
2021-05-27,149.79713439941406,150.97944188628858,148.69927437917696,148.98078025261856,967900
2021-05-28,149.64695739746094,150.8105080256235,149.5906591009011,150.56654396787093,630200
2021-06-01,148.40838623046875,150.40704781032233,147.6764795700182,150.33199294287678,545000
2021-06-02,148.73678588867188,149.61883084928942,148.61481100036104,148.61481100036104,415900
2021-06-03,148.82122802734375,149.15903213113518,147.01021831819025,147.9579397370034,463000
2021-06-04,150.95127868652344,151.02634786698914,149.43116715654398,149.43116715654398,298000
2021-06-07,148.52096557617188,151.42983532179377,147.83597902602816,151.42983532179377,286700
2021-06-08,148.4740447998047,149.37486059764032,147.9110474543911,149.243493118579,632100
2021-06-09,149.2622528076172,150.13490507071015,148.51157541866758,149.12149274332523,395500
2021-06-10,151.42041015625,151.53302105606554,149.78770244769737,149.78770244769737,665000
2021-06-11,152.7247314453125,152.73412404065843,151.51427503808637,151.51427503808637,366700
2021-06-14,151.5712127685547,153.2473842549549,150.53536999887174,153.06846465212385,644100
2021-06-15,152.2021484375,152.45638902831837,150.76139428121215,151.5994801261688,320200
2021-06-16,150.87435913085938,152.99311649859163,149.85735387009873,152.80478538409736,398200
2021-06-17,150.40354919433594,151.5712252885443,149.99862358046911,150.4788845264215,456600
2021-06-18,149.09461975097656,149.97036599466543,148.25653398679003,149.03812184735077,875000
2021-06-21,151.5052947998047,151.95729240362922,149.10403328223006,149.76319944796268,399900
2021-06-22,151.67478942871094,152.35277858994024,151.15686806987847,151.45819498945335,321900
2021-06-23,150.3846893310547,152.2397802967311,150.37527780422775,152.2397802967311,345500
2021-06-24,150.96856689453125,151.33581768205084,149.81972815023994,151.08156271569226,334100
2021-06-25,151.31698608398438,151.50531724942223,150.65781982057842,151.33582351115223,715200
2021-06-28,151.42996215820312,151.90079719475932,150.09279237863296,151.84429928937178,399900
2021-06-29,152.59764099121094,152.93664279843398,150.58246757292545,151.63713347595478,448000
2021-06-30,152.10794067382812,152.58818715916223,151.542932975647,152.58818715916223,598300
2021-07-01,153.42628479003906,153.6711281837803,151.96670779847602,152.38104489365924,304000
2021-07-02,154.81996154785156,155.08362798711082,153.41686813492373,154.02896223007383,483600
2021-07-06,155.05535888671875,155.29077634608686,153.38859925114483,155.28135045171763,367400
2021-07-07,158.3700714111328,158.54899103013773,155.00831660698543,155.3755673732998,545800
2021-07-08,156.74095153808594,158.7561245436386,156.27011658941717,157.29653332901694,470700
2021-07-09,158.85971069335938,159.10455406556946,156.82570024246075,157.5790390430242,765000
2021-07-12,158.6337432861328,159.16107621626685,158.2570666440766,158.27590406836555,559200
2021-07-13,158.4453887939453,160.0650623410599,158.19114823981528,158.63373428866308,678400
2021-07-14,160.1309814453125,160.30047514309882,158.3135509295017,159.0763013070271,443400
2021-07-15,160.70538330078125,161.16679234062153,159.56595643698282,159.56595643698282,320500
2021-07-16,159.96148681640625,161.27983350782534,159.42474235958335,161.27040761132753,511500
2021-07-19,156.90103149414062,159.29288104630197,155.6203598769872,158.60545168539977,707400
2021-07-20,159.28347778320312,160.4511537781684,157.1458971880268,157.5978947733787,411200
2021-07-21,159.8013916015625,160.06505804459744,158.7373143024371,159.5377251585276,257000
2021-07-22,160.59239196777344,160.7713115628619,159.6413104613085,159.8861394832096,302300
2021-07-23,162.42868041992188,162.5134272802655,161.05383575422863,161.92017052036934,216600
2021-07-26,162.31565856933594,162.47574075028152,160.92199094735807,161.82600049894157,209900
2021-07-27,161.86363220214844,162.55104717900042,160.39462951463273,162.31562971321287,333200
2021-07-28,160.87489318847656,161.9860712176548,160.13098023922274,161.9860712176548,376900
2021-07-29,162.40985107421875,162.73001547505234,161.56235369113074,161.7318474202499,501300
2021-07-30,163.37034606933594,163.49275340802825,162.07083677113988,162.2215074312558,403900
2021-08-02,163.27618408203125,164.99003062419536,163.11610188338065,164.32143850630544,286900
2021-08-03,164.78285217285156,164.99943226760982,162.1367471831086,163.5398407725101,385600
2021-08-04,163.88824462890625,164.6886698966779,162.8900767026225,164.40616601577355,301200
2021-08-05,163.78466796875,164.59450480167575,163.13492769181968,164.20843099418684,255800
2021-08-06,163.25735473632812,164.36853302202636,162.90894136724106,163.58694504728652,318100
2021-08-09,162.84298706054688,163.5963259382628,162.42866432810987,163.07840456178658,316100
2021-08-10,161.524658203125,163.08783389277886,160.86549205951923,162.66408525537116,359300
2021-08-11,162.08023071289062,163.14432237747755,161.4775625065634,161.91073701520958,370200
2021-08-12,162.8147430419922,163.5869193664469,159.31172936792987,161.1950694348991,619100
2021-08-13,164.18959045410156,165.56443504902558,163.33266726030456,163.5775106692435,523400
2021-08-16,166.66615295410156,166.82623510534174,162.75821443120887,163.82230596628136,441300
2021-08-17,166.4872589111328,166.67559003742633,164.96174374004443,166.06351028478645,300100
2021-08-18,163.53985595703125,166.74154314174058,163.4456975617067,166.42136436514716,375000
2021-08-19,163.59629821777344,164.4249722797211,162.60754200635708,162.60754200635708,451200
2021-08-20,164.3590850830078,165.01826561652587,162.76767475974958,163.8505895755383,579800
2021-08-23,162.4380645751953,164.75457894877545,162.3815666778202,164.75457894877545,421700
2021-08-24,161.27980041503906,162.7393915669872,161.16679026146633,162.4945482081977,455700
2021-08-25,161.0067596435547,161.67535177819883,160.27225806957733,161.14801878854806,551400
2021-08-26,159.90501403808594,160.9596800619439,159.06692813653873,160.95026853271193,326200
2021-08-27,161.5717315673828,161.97664274844036,160.08389132377152,160.41348155340594,335100
2021-08-30,162.27796936035156,162.53222424683696,161.33629949650836,161.33629949650836,250500
2021-08-31,162.17442321777344,163.2102660589604,161.49641960695018,162.76767996943008,496000
2021-09-01,161.43048095703125,162.7017412025918,160.68656798041206,162.7017412025918,325000
2021-09-02,161.04441833496094,162.0519978314836,160.35698884288792,161.6376607044108,319100
2021-09-03,160.79014587402344,161.78831373389104,160.58297733306108,160.8183948233598,329800
2021-09-07,158.93505859375,161.03497863275706,158.67139214798874,160.9219828327861,322400
2021-09-08,161.78831481933594,161.83540119146025,158.8597206456221,158.8597206456221,423600
2021-09-09,160.7713165283203,162.76766671709078,160.76190500098315,161.63765121189297,778300
2021-09-10,160.04623413085938,162.00489502038442,159.51888687887896,161.65648173011928,374500
2021-09-13,160.37579345703125,161.49638290270178,159.5471193724194,160.65829729212547,463700
2021-09-14,160.3758087158203,161.27376669599425,159.51565326806798,161.27376669599425,456200
2021-09-15,160.35691833496094,161.1320073550292,159.55348822958499,160.40418232302875,250700
2021-09-16,159.421142578125,160.99021452613422,159.3644315670066,160.69718359711774,318600
2021-09-17,157.43617248535156,160.1205994778089,157.2187754658842,158.9296249616197,720700
2021-09-20,155.4322967529297,157.1620546186549,153.75924989543446,155.81037975642437,494100
2021-09-21,153.60801696777344,156.24519433775092,153.36226444812823,156.2262858599497,461100
2021-09-22,155.11094665527344,155.39450173645398,152.65336351678533,154.0995521225825,630400
2021-09-23,158.8634796142578,159.37389318399076,155.92383841099524,155.92383841099524,544600
2021-09-24,159.75198364257812,160.03555316020922,157.68195933664416,158.49483650533796,421700
2021-09-27,159.02415466308594,159.70471565773806,158.17344620829923,159.31717117576665,330700
2021-09-28,157.7008514404297,158.5799154919001,156.6989183237658,157.95606544543008,716200
2021-09-29,159.1753692626953,160.48922718514996,157.44562580103457,158.39084774302904,540700
2021-09-30,157.5117645263672,160.93346292155127,157.4645005504735,159.9220830675406,751300
2021-10-01,156.92578125,158.31525892775448,155.17711454935943,158.30579747581854,636000
2021-10-04,153.64581298828125,156.86902292443233,152.54935219229205,155.80091762981002,687400
2021-10-05,155.4322967529297,155.81037975642437,152.26579751262892,154.09008334069887,577200
2021-10-06,157.83314514160156,157.89931759606984,154.08061313230633,154.08061313230633,643100
2021-10-07,159.6479949951172,159.6669034741292,158.09783144383218,158.61770644458645,594400
2021-10-08,159.68582153320312,160.22459062234833,159.1943020100073,159.73308552209696,353900
2021-10-11,159.1092071533203,160.19620658960875,158.428646218672,159.42113211694596,552900
2021-10-12,161.35882568359375,162.03937213520192,159.11864012864558,159.95043995819196,446200
2021-10-13,163.2115020751953,163.31547708553325,160.460902238665,161.69915533376036,362200
2021-10-14,168.29681396484375,168.42914449464445,164.00549714154997,164.45921417767752,670100
2021-10-15,170.083251953125,170.19667397976076,168.70322146296877,168.9773439245963,485700
2021-10-18,168.2684326171875,169.66735720642626,167.85253260940047,169.66735720642626,739500
2021-10-19,171.01902770996094,171.01902770996094,167.72021181010285,168.6370784013672,499000
2021-10-20,171.36874389648438,173.2024768029587,170.70709141037057,171.39709940139335,577700
2021-10-21,172.33287048339844,172.93781194618373,170.59365115781634,171.17023711632592,388900
2021-10-22,173.98703002929688,174.72430207599865,171.9453469355332,172.36124694607142,382400
2021-10-25,173.38206481933594,174.5446982657483,173.05124577256308,173.58056778575417,369600
2021-10-26,174.1382598876953,174.85663789970658,171.8224686745857,173.9870353162221,465200
2021-10-27,171.36874389648438,174.86606225703662,170.6503659776101,174.3556487457324,547100
2021-10-28,169.78076171875,172.40847758088597,168.9867787437756,171.9358666067904,509900
2021-10-29,168.6370391845703,170.5274829458288,166.98290089346912,169.45937760537655,789800
2021-11-01,167.53115844726562,169.6957105583695,165.43276437859086,169.1096775128104,600800
2021-11-02,169.07186889648438,169.8658664054143,167.54061374166298,168.2495303019239,743600
2021-11-03,160.56484985351562,166.74660955352425,157.38890348855202,165.8013875927963,892900
2021-11-04,161.9827117919922,163.18314793543703,160.8200926105941,160.97133161289085,618200
2021-11-05,164.28904724121094,164.54426124096207,162.11503357495,162.65381708298634,539200
2021-11-08,165.4800262451172,165.8770177634374,163.74080676392995,165.14919276837864,658400
2021-11-09,168.5897979736328,168.7883009414665,164.57260443844532,165.57453745955058,491200
2021-11-10,169.03404235839844,170.1115948000767,167.72018443018595,168.3156788715937,504600
2021-11-11,166.16055297851562,168.98677167768963,166.0754864682416,168.98677167768963,347100
2021-11-12,166.93568420410156,167.80528684986706,165.63127302398064,166.16059511940787,626500
2021-11-15,167.3799285888672,168.46692821774022,166.8127895685325,167.63514259031226,304600
2021-11-16,167.41770935058594,168.90171475443907,166.2456433479937,167.20975936504038,274300
2021-11-17,165.0830078125,167.15304619084856,164.09053630326866,167.06797967684741,343600
2021-11-18,163.5233917236328,165.0830021182942,163.10749177227194,165.0830021182942,319100
2021-11-19,164.5915069580078,165.24371242777846,163.34380702923914,163.94874851571836,538100
2021-11-22,164.53480529785156,166.40634087442237,164.50643536791023,164.50643536791023,588100
2021-11-23,163.58010864257812,164.56314754912805,162.12447318315225,164.56314754912805,423500
2021-11-24,163.64630126953125,164.35521782062372,162.24736222418895,162.3986012165953,722500
2021-11-26,162.17172241210938,164.582026631157,161.73691400781757,162.36076390065062,380800
2021-11-29,165.89593505859375,166.3969016463851,162.14340195332576,163.59905214735554,603200
2021-11-30,159.33607482910156,165.50837315575947,158.90126637565197,165.3665812061173,1290700
2021-12-01,159.03359985351562,162.25681030165188,158.22070836501382,160.85787137161614,820600
2021-12-02,163.99600219726562,165.48000752632788,159.033587145187,159.45893412220536,618400
2021-12-03,161.32106018066406,165.30989874743798,160.38528507399408,164.8372876795543,590600
2021-12-06,162.30409240722656,163.34382805878417,160.08281471303764,162.56875344020085,456500
2021-12-07,164.6765899658203,166.31182010627742,163.00354286576575,163.7786318851274,451500
2021-12-08,164.44027709960938,165.72577963253246,163.73136057975347,164.38356608569185,601200
2021-12-09,165.83920288085938,166.02824440295683,164.44027830980588,164.44027830980588,381000
2021-12-10,168.5897979736328,168.95843397994406,166.77497344848953,167.16251793339046,493300
2021-12-13,169.5539093017578,170.300628257828,167.56893753948563,168.21169593241763,550900
2021-12-14,168.358642578125,170.2748313627789,167.0495757228995,168.82346487737485,545200
2021-12-15,168.8709259033203,169.5254666760387,166.1579108512875,168.5389078527981,601900
2021-12-16,170.80609130859375,171.40371806077405,169.56341905689396,169.57289991144438,992200
2021-12-17,166.75552368164062,170.1799935904048,166.28122045036906,169.6298145797654,969600
2021-12-20,163.02749633789062,165.84485850135,161.58561055829009,164.9721423510769,479800
2021-12-21,166.0725555419922,166.0725555419922,163.3974781250316,164.3271084905073,658800
2021-12-22,170.05670166015625,170.08515869892167,166.5089079233317,166.55634114613653,408400
2021-12-23,171.02426147460938,171.94441094811307,170.2179546251281,170.34127810340797,280500
2021-12-27,174.99891662597656,175.09378306231943,171.33729509176544,172.76970011777865,272000
2021-12-28,174.50564575195312,175.8716268565744,173.79419092733173,175.6629322833853,347700
2021-12-29,173.794189453125,175.14120883936516,173.13015337610935,174.3823208046225,463400
2021-12-30,173.47166442871094,174.72383194500347,172.76970488889816,174.45822328541166,280100
2021-12-31,173.42425537109375,174.37286191536293,173.2060654442091,173.31990807224065,261300
2022-01-03,171.6503448486328,173.91751382536685,169.81954123470433,173.6234481236135,478100
2022-01-04,171.28988647460938,172.34282581749946,170.0282380645092,171.2993673289698,641300
2022-01-05,168.33975219726562,171.85907496619134,168.2923189671092,171.17607698078993,402900
2022-01-06,165.3136444091797,168.57685280089032,163.5207788593205,167.35314241670622,548800
2022-01-07,162.68600463867188,164.73499802522272,162.65754760340747,164.7065409899583,428900
2022-01-10,159.60304260253906,160.9880144524846,157.7342866515439,160.66547724386513,491400
2022-01-11,159.30899047851562,160.10581652739992,156.70032239796842,159.1761861370349,752400
2022-01-12,161.6804962158203,161.97456191859663,158.9200477920916,160.0868297489284,754600
2022-01-13,155.07815551757812,162.54369702055635,154.59437151029184,162.07887471777133,779800
2022-01-14,151.8339385986328,154.23391164105246,150.1074824713841,153.77858462034516,650200
2022-01-18,151.70115661621094,151.79602306034369,148.38103371578532,149.85137675231982,697600
2022-01-19,152.23233032226562,155.30581985125784,151.38807132003083,152.49793892018783,586700
2022-01-20,151.5778350830078,153.78809009352204,150.5438574117652,151.7770488284135,1030100
2022-01-21,148.55178833007812,153.5224772816099,148.45692188728023,152.10906281619506,755500
2022-01-24,149.80392456054688,150.060052347602,143.97948170319142,146.37945479505152,776000
2022-01-25,144.1976776123047,149.23479059189722,144.15025886409381,147.09093050794993,863900
2022-01-26,141.3139190673828,146.75892588124185,140.62144033800323,145.58264854709262,808700
2022-01-27,142.43324279785156,144.8142540859287,141.48463641365117,142.8601272504095,837600
2022-01-28,146.22767639160156,146.3225428250825,141.28544496337477,142.70835461807573,828500
2022-01-31,151.03712463378906,151.18890514421864,145.95259333108746,145.95259333108746,942800
2022-02-01,145.4498291015625,149.94622889734956,141.9399881221624,149.68060577402557,1124500
2022-02-02,146.36997985839844,146.92017334284594,143.96051134117704,145.96207155329688,1044700
2022-02-03,140.76370239257812,146.55968804573257,140.53603164689926,144.73836550405616,626800
2022-02-04,142.1771697998047,143.50521332432137,139.54952531780864,140.28943734926634,620900
2022-02-07,140.27044677734375,141.94000357932413,140.0617521770962,141.9115465406165,534100
2022-02-08,141.1526336669922,141.99689277475036,139.16055445900398,139.91944246559876,615900
2022-02-09,143.1067657470703,143.96050573909537,142.3668538940925,143.07830871230848,403700
2022-02-10,138.92340087890625,142.30993258923706,138.2404031301771,140.33682959008445,558300
2022-02-11,137.18746948242188,140.61193957843332,136.4285958505615,139.5400240598665,924100
2022-02-14,137.3961639404297,139.23646289254003,135.66021228378705,136.3811624977772,756200
2022-02-15,140.0427703857422,140.67833495005252,138.13606221822593,139.45462456275325,1008700
2022-02-16,138.4680938720703,140.52656826850077,136.53292847962115,139.26491986915565,655300
2022-02-17,135.06259155273438,137.56691201231737,134.60725003311143,137.49102175904687,498000
2022-02-18,135.06259155273438,135.89735538953818,133.6112248360775,135.13848180600488,1409900
2022-02-22,135.53688049316406,136.2103828987457,132.97563175766308,134.4934077139167,705500
2022-02-23,133.64913940429688,137.25384619541953,133.52581595492845,136.3242160855971,683600
2022-02-24,137.82302856445312,138.07915636592273,130.5092807383918,131.21125474166223,820100
2022-02-25,140.6309356689453,140.69734508215652,137.2349221296687,138.0317482406707,693500
2022-02-28,138.69578552246094,139.93845792570644,137.1685282275389,138.95189889783978,760300
2022-03-01,138.78114318847656,139.49259811137588,137.53847090574644,138.34477780027984,579900
2022-03-02,140.56448364257812,141.01982511761523,139.03724129678008,139.6253726088059,471600
2022-03-03,138.78114318847656,142.14869938511745,138.21197346032213,141.9400047831,657100
2022-03-04,139.862548828125,140.04278638440968,136.60882090974448,137.95584044278397,473700
2022-03-07,139.71078491210938,140.66887240855496,138.67680714744205,140.03330769611023,771000
2022-03-08,137.6238250732422,141.8071829785809,136.67521862620404,139.75818957907796,768500
2022-03-09,139.5115966796875,140.60248861332795,137.68077819089268,140.09972821177993,589300
2022-03-10,138.1740264892578,138.43013982297327,136.25783730324838,137.63331383557443,401400
2022-03-11,137.1685028076172,140.13763124751034,137.05466018729047,139.59693308065658,394100
2022-03-14,136.54916381835938,138.75018426649288,134.9293664160091,137.5591546266859,448000
2022-03-15,139.37905883789062,139.39811938404603,137.02558298102068,137.606806057797,392400
2022-03-16,143.76202392578125,143.82871401498645,140.57005917220647,140.57005917220647,563100
2022-03-17,145.10549926757812,145.11503680847116,143.0188278017373,143.5714526940306,474800
2022-03-18,146.3441925048828,146.63956553354728,144.21939966799715,144.99118455939433,864400
2022-03-21,144.7910919189453,145.6200438629849,143.00930176183357,145.31513330857214,644800
2022-03-22,145.51522827148438,145.9630565478845,143.9525980747696,144.6386322624917,445900
2022-03-23,143.45712280273438,144.80060760472375,143.12364325699892,144.80060760472375,362300
2022-03-24,144.75296020507812,145.0197496511388,143.33324780080682,143.7620300538434,304800
2022-03-25,145.56289672851562,145.7153374876894,144.47667817261367,145.4199644344348,245800
2022-03-28,147.13502502441406,147.1445480268156,145.06739946634752,145.06739946634752,270600
2022-03-29,150.05067443847656,150.41275210232527,148.37370993553327,149.05974417285918,349300
2022-03-30,148.488037109375,149.81246142792168,147.82106344876433,149.1264272230263,440900
2022-03-31,148.36419677734375,151.49898060788402,147.88778488863971,148.35465923464997,672900
2022-04-01,148.93585205078125,149.04066322655186,147.4685101289269,148.37368962570898,330400
2022-04-04,149.22169494628906,149.47896137258584,147.52567021087094,148.76434371870965,351200
2022-04-05,151.98489379882812,152.44225961471264,148.34511504909082,148.58332095943004,595700
2022-04-06,152.07066345214844,152.3374529164662,149.35511017877832,150.41274503337206,572100
2022-04-07,151.36553955078125,152.28025649437046,149.84101615777678,152.00392954165875,434800
2022-04-08,153.25216674804688,153.881033905364,150.1650271374654,150.9749185925528,481700
2022-04-11,147.52569580078125,153.0425386485301,147.32559642585585,152.9567880045346,454200
2022-04-12,146.80154418945312,149.46943873205836,146.31559483145838,148.36417436680827,494500
2022-04-13,148.14503479003906,148.39277827365586,145.4199582428121,146.38231954959397,283700
2022-04-14,146.2775115966797,148.99305066154346,146.21080695301586,148.62144996681738,327400
2022-04-18,144.4671173095703,146.3918251554576,143.2379811969338,145.95351987887403,428800
2022-04-19,147.34466552734375,147.7162662118395,143.92403172148062,144.7911048316163,372900
2022-04-20,148.1259765625,149.25982453567332,147.6686107253722,148.26889429976765,386700
2022-04-21,147.18267822265625,149.6314275734151,146.63956173452223,149.32653154941204,286200
2022-04-22,141.30377197265625,147.6591049526141,141.2370673281906,146.48713575345727,462700
2022-04-25,143.9144744873047,143.99070212227582,139.50291097272802,141.0178970530755,413100
2022-04-26,139.531494140625,143.3142050995821,139.44574350361523,142.7710886539841,372400
2022-04-27,139.89356994628906,142.97118614773007,139.71253113345114,139.92215349158616,451500
2022-04-28,143.13319396972656,143.54290122953236,140.6368002387934,141.799246450664,324100
2022-04-29,137.33050537109375,142.1517916984145,136.97795066212302,141.33236261052227,478900
2022-05-02,136.50149536132812,138.71205295694483,133.6049181914489,137.65441824401213,537100
2022-05-03,139.531494140625,140.36044604292226,136.5205679926253,136.89216862526905,611700
2022-05-04,142.30422973632812,142.87591525034466,135.75832083186967,138.1880242485148,580200
2022-05-05,136.32046508789062,142.18032379577872,134.98650346488122,141.12268912949915,538600
2022-05-06,135.1485137939453,136.53964283090806,132.69022683642123,135.67256975098388,487500
2022-05-09,131.21336364746094,133.3858006117932,130.05091752141377,130.75599778417464,517100
2022-05-10,130.3176727294922,132.69973145323627,128.45966983275832,132.31859333407763,620600
2022-05-11,128.56448364257812,132.26144392840646,128.27864818867147,129.69834607285648,635400
2022-05-12,129.97467041015625,130.04136050172815,126.42062792383584,127.82127977512296,493600
2022-05-13,132.76644897460938,133.72881020279928,130.8989226910556,130.93702924138017,530500
2022-05-16,132.40438842773438,133.25240094352318,129.66025150521057,131.85174893422968,552300
2022-05-17,133.8526611328125,134.44342167722039,132.0518250313188,134.44342167722039,465100
2022-05-18,130.1556854248047,132.4138722853325,129.14568038350924,132.2900005878583,398300
2022-05-19,131.5087432861328,133.06183617404204,129.00281207131923,129.13620682007715,439600
2022-05-20,132.4234161376953,132.9569950124791,129.6983401366777,132.49012076651024,383100
2022-05-23,133.7669219970703,134.40531214731698,131.9089186435261,133.6335272573014,323500
2022-05-24,133.09994506835938,133.63352401448694,130.8893871041899,132.88079968811468,307700
2022-05-25,133.8907928466797,134.6625777315827,131.77552303083047,132.73786975143585,311100
2022-05-26,137.62586975097656,138.3023664961253,134.3481536062675,134.97702079334385,437500
2022-05-27,139.87452697753906,140.30329474980212,138.65491376184414,138.65491376184414,346900
2022-05-31,139.32186889648438,140.8177943983462,138.06413475729764,138.94074526948293,576600
2022-06-01,137.9021453857422,140.12222595466608,136.95885939623483,139.60770764574693,452800
2022-06-02,140.66537475585938,140.68442076281025,137.11133170308153,138.3118989320698,302700
2022-06-03,139.3885498046875,140.1698720891756,138.32139208824856,139.3218597168768,255700
2022-06-06,138.50245666503906,140.78922777984678,138.1689625471172,140.17942117996898,228400
2022-06-07,140.7606201171875,140.9702424630097,137.20659231763898,137.20659231763898,301800
2022-06-08,138.62632751464844,140.28423147365334,138.35000049552357,140.0555630869967,224100
2022-06-09,135.76785278320312,138.73113503981122,135.7011481462331,138.0641468258538,287400
2022-06-10,133.48106384277344,135.3581276273764,132.66163490868823,133.88124803770782,480700
2022-06-13,128.7740936279297,131.33719123720024,127.90703526950125,130.5654065079413,458200
2022-06-14,128.68795776367188,130.5356648232671,127.49126122003398,129.14748514615744,367100
2022-06-15,132.0674285888672,133.53218400021856,129.23365933359233,129.5495889763698,675100
2022-06-16,128.4390411376953,129.99952338769015,128.0178016465665,129.25278596545675,655300
2022-06-17,127.72100830078125,130.01865939110772,127.11786868112407,128.3337162320756,1106400
2022-06-21,128.9751739501953,129.94209954422425,128.2092852044543,128.4869269962404,589100
2022-06-22,129.85594177246094,130.55480850142004,126.75409890489989,126.75409890489989,444500
2022-06-23,132.79501342773438,133.17795043504216,129.80804925991376,130.5547866498413,336000
2022-06-24,139.38162231445312,139.5252346501215,133.52260130032784,134.0299994151793,557600
2022-06-27,140.62619018554688,141.26761771854143,138.67318804091505,139.2954643407739,402900
2022-06-28,135.1405487060547,141.75589060342082,135.05439006218566,140.66448934863226,507100
2022-06-29,137.75413513183594,138.60618250628121,134.20233328063068,135.45648355817366,686000
2022-06-30,136.4712677001953,137.96474255023233,135.1309588954128,135.45647143584253,543900
2022-07-01,140.17626953125,140.80812892469643,136.5287401543502,136.84466985107343,358500
2022-07-05,139.917724609375,140.03261738691455,136.6627165385652,139.02738958007038,357200
2022-07-06,142.4164581298828,143.5844351343367,140.12837490472063,140.66449262320197,486400
2022-07-07,143.01002502441406,143.1536227629907,141.56440628488764,142.07180443867412,376500
2022-07-08,142.9334259033203,143.45997525923542,141.3250582896261,142.35900576812006,421400
2022-07-11,141.39208984375,142.40688615738878,141.1240309913968,141.77502688765117,296700
2022-07-12,139.86032104492188,143.16320072786158,139.20932510867038,141.40166684470876,311600
2022-07-13,139.69757080078125,140.19540067043843,137.6105389683278,137.72541716589768,385900
2022-07-14,140.53045654296875,140.865537405218,137.1892892740855,137.78284606172656,433900
2022-07-15,142.95257568359375,143.48869334667208,141.37292763190501,142.87598535913816,465800
2022-07-18,140.7985382080078,143.60358794735214,140.14752767976137,143.60358794735214,463300
2022-07-19,145.8437957763672,145.88209824581162,142.34944775732728,142.34944775732728,563700
2022-07-20,146.0065460205078,148.05528991023732,145.55658695335165,146.02569725539652,436200
2022-07-21,149.2519989013672,149.31902092501346,145.80552134756547,146.00655820227777,312400
2022-07-22,149.5296173095703,151.09011415655078,148.67757002062936,150.2189156341193,245900
2022-07-25,148.34251403808594,149.96045024864583,147.51918615730867,149.96045024864583,375500
2022-07-26,148.33291625976562,148.6009750878787,145.65231337052438,147.90210847230608,476900
2022-07-27,151.45388793945312,152.3155180808991,148.87859504326622,148.87859504326622,471600
2022-07-28,153.9813232421875,154.36427487387368,150.70716348385383,151.80813299082664,419700
2022-07-29,153.70372009277344,155.25463427097856,153.01442165621265,154.08665717614574,803700
2022-08-01,154.4600067138672,155.0152756413013,151.78898656084075,152.20064314380602,329700
2022-08-02,156.31727600097656,156.49917619877303,152.93780639299158,153.78028536884423,518200
2022-08-03,158.15538024902344,158.94042003452316,156.4225663421389,156.89167655114062,380500
2022-08-04,159.9935302734375,160.50092841978653,157.38951752593115,158.00222554839667,303400
2022-08-05,160.6923828125,160.71151943520007,157.40864061393276,158.15537792628504,263600
2022-08-08,160.42434692382812,162.1380098191832,159.9360854211783,161.66889955007736,259600
2022-08-09,161.79336547851562,162.2816123876076,159.67759965622753,160.5200786599421,317000
2022-08-10,163.24856567382812,164.7516089906179,162.453957387226,164.7037382055238,400200
2022-08-11,162.4922332763672,164.0718814193933,162.11886455312677,163.91870076162502,484000
2022-08-12,175.40701293945312,175.51232283113924,163.7751271059424,163.7751271059424,977300
2022-08-15,170.5436248779297,175.31126003096128,169.95963635416442,173.92309489981483,1063700
2022-08-16,169.75856018066406,172.07536250319527,168.5810004839533,169.60537954575886,929500
2022-08-17,170.05535888671875,170.9552769643723,167.68110258581245,167.9395931121432,592200
2022-08-18,169.5958251953125,170.58190196044686,167.91088175184575,170.39043343861616,409100
2022-08-19,168.52357482910156,169.13628280944542,167.19284899953703,168.83950443573193,389600
2022-08-22,167.20242309570312,167.86300187713417,166.35995872365737,166.67588834121617,334900
2022-08-23,166.25465393066406,167.48963828420685,165.94829261647922,166.15891236795343,342500
2022-08-24,167.04928588867188,167.61412320782378,165.7568476490131,166.7716440822321,477400
2022-08-25,168.95437622070312,169.0884056298258,166.7428836661243,167.671521217942,397300
2022-08-26,166.57058715820312,169.33734892624906,166.22593797635156,168.8203678494158,954300
2022-08-29,166.4269561767578,167.47047191870683,163.94740477256732,165.09623038073846,493900
2022-08-30,165.2303009033203,167.80559450234244,163.81341612097086,166.79079805249293,485100
2022-08-31,163.870849609375,166.62804334702884,162.76989454202442,165.90044243952946,667500
2022-09-01,164.3878173828125,164.464393106536,162.04228046866953,163.76552641469027,450000
2022-09-02,159.3808135986328,164.75158777278634,158.8159763883585,164.75158777278634,525100
2022-09-06,160.7115478515625,162.31991553739715,159.08404353964417,159.43826102764262,439400
2022-09-07,162.32948303222656,162.94219105038204,160.75941782269624,161.23809641838366,527500
2022-09-08,163.65061950683594,163.8133684553886,161.37210501087958,161.37210501087958,339200
2022-09-09,165.05795288085938,165.5845022450093,163.32513874365688,164.4739644239133,423700
2022-09-12,165.66107177734375,166.18762112183168,164.4643753617396,165.5270423631205,403300
2022-09-13,161.31471252441406,163.30601755365348,160.62541406782682,162.52097751938487,337400
2022-09-14,160.33876037597656,162.42520093659056,159.37726621875888,161.63678335671506,349600
2022-09-15,157.31007385253906,161.5021893433578,156.64664047676055,159.80034042347876,418300
2022-09-16,157.3292999267578,159.18497668214198,155.4159211957963,157.3196755952097,863400
2022-09-19,158.71385192871094,158.80999254432857,156.5312560239972,156.55049001561548,248700
2022-09-20,155.8678436279297,157.93505053186223,154.49289913164256,157.93505053186223,367300
2022-09-21,153.80062866210938,158.15619649689145,153.70447336737834,157.00239164507153,374200
2022-09-22,151.11802673339844,153.87751012015562,151.05072977508607,153.3390757687138,442000
2022-09-23,148.4931640625,149.71426578361766,146.4451767566373,149.71426578361766,587700
2022-09-26,147.310546875,149.02200554039095,146.57980182377335,148.07012091003767,561600
2022-09-27,143.5991668701172,148.89699471280343,143.17610706814463,148.8777607205581,797400
2022-09-28,143.1568603515625,144.1087448213936,139.38780512454568,141.33002737404323,1690700
2022-09-29,141.2434844970703,143.1087854919099,139.75318030440235,142.80111499353976,814200
2022-09-30,138.76287841796875,142.3780920690614,138.65711344744858,141.77234590415134,781600
2022-10-03,143.1761016845703,143.9260659703268,139.71471677243508,140.31083846848847,848100
2022-10-04,146.5894012451172,146.98360268755158,144.3202745156476,144.54141405719415,604800
2022-10-05,144.77218627929688,146.08942861614636,143.27224302891287,143.8875987196203,472300
2022-10-06,139.8397216796875,145.16639320220935,139.4455055284596,144.74333339808553,548800
2022-10-07,137.36866760253906,138.59937896849567,135.70528679360714,138.45516071124948,622800
2022-10-10,138.00326538085938,138.92630629514892,136.0225896184379,138.15710797844724,605100
2022-10-11,136.91676330566406,138.77245467421645,136.10911172769983,137.9263351137377,568000
2022-10-12,134.29190063476562,137.41675695884933,134.26305698085775,137.15714940244035,493400
2022-10-13,137.21485900878906,138.15711932171232,130.4940085211409,131.42665917264003,885200
2022-10-14,133.7438201904297,139.81084493412797,133.5995872888518,138.8589606001565,697800
2022-10-17,137.29176330566406,137.81097843850523,135.65722594581754,135.65722594581754,454600
2022-10-18,139.955078125,141.40694359808433,138.83974145367,140.27237293690777,464800
2022-10-19,137.97439575195312,139.906993504883,136.76291853431223,139.17626331076806,375600
2022-10-20,134.9937744140625,138.72437645569812,132.13813558054025,138.5416902176045,772400
2022-10-21,135.5610809326172,135.83029815158622,132.5612088664453,134.48419738550297,509700
2022-10-24,136.91676330566406,137.48405601347775,134.15727974533453,137.07060589324868,624800
2022-10-25,138.8301544189453,139.08013764274673,136.33026349597912,137.02254053091627,446900
2022-10-26,138.77244567871094,140.7723551739629,137.3590481732744,139.01281920451666,520600
2022-10-27,139.4166717529297,140.82045986868346,138.5417084297968,139.40706209169605,502100
2022-10-28,143.16647338867188,143.30108198312533,139.45510537447075,139.45510537447075,476100
2022-10-31,144.28182983398438,144.90680992099973,141.87809412524484,142.44537223141015,654900
2022-11-01,143.8395233154297,145.5413573101686,142.81071758561478,145.5413573101686,616000
2022-11-02,132.42660522460938,141.04160056850228,132.33046459779288,140.95506960299585,1126700
2022-11-03,128.7537078857422,132.2535466229708,127.96527550131007,130.76322749303037,1016900
2022-11-04,128.30177307128906,130.68627429454256,126.29225395439896,130.4170571243963,970000
2022-11-07,130.282470703125,130.7247645128862,128.23448325853064,128.94599428423766,588100
2022-11-08,131.2343292236328,133.96496882653997,130.33052246195234,131.2054855755992,803200
2022-11-09,128.59022521972656,131.7631439881641,128.3690710151497,130.62858800114424,663800
2022-11-10,135.80145263671875,136.14759115225579,133.061188166114,133.84962049031867,827300
2022-11-11,134.599609375,136.83989313810272,133.25350838187995,136.7052698346742,720000
2022-11-14,135.8783721923828,137.38791051073375,134.0515243450226,134.22460093618787,572700
2022-11-15,137.1090850830078,139.0993705393361,136.09951319241213,137.9744240342396,528900
2022-11-16,137.45521545410156,138.61861520469245,137.05137498479885,137.55135607007702,472700
2022-11-17,137.0802459716797,137.84942965548996,135.04186813011515,135.67645787337312,546200
2022-11-18,139.03207397460938,139.30129119005082,136.36873080266597,138.92630902059753,685600
2022-11-21,141.43580627441406,142.68573702911468,140.1858608484759,140.1858608484759,922900
2022-11-22,142.64727783203125,142.96457267353756,140.61852451542083,141.51270706501745,701400
2022-11-23,142.71458435058594,143.07995686003716,141.00312576090056,141.68579313310082,623200
2022-11-25,142.80111694335938,143.60876851774972,142.0896059823565,142.53189975189593,257900
2022-11-28,140.85888671875,142.25305024008094,140.31082803539857,141.59924128931334,563800
2022-11-29,137.32061767578125,140.85890952121892,136.56102899216253,140.5896923012938,738300
2022-11-30,143.36842346191406,143.6087970499951,137.1571634905542,137.1571634905542,1773600
2022-12-01,144.08950805664062,145.46443759313289,142.33958173248413,143.8683685190638,443400
2022-12-02,143.25306701660156,143.76265791431328,140.9839394702614,142.4357908448987,359900
2022-12-05,139.39743041992188,141.73386904567346,138.91668330125768,141.55118279318302,340300
2022-12-06,137.81097412109375,139.44551142973268,136.6571839427156,138.9936079535885,410100
2022-12-07,136.9071502685547,138.60899900754282,136.26295095407588,137.81095710927423,288900
2022-12-08,139.24359130859375,139.64741709528946,137.02252747491258,137.72442877507953,470300
2022-12-09,136.637939453125,139.36857942214297,136.32064461097872,138.80130137311036,721900
2022-12-12,139.54165649414062,139.55126615439562,137.02253173981558,137.1090773670586,426300
2022-12-13,139.60894775390625,144.03182671582718,138.84937383016185,143.4356903659246,491200
2022-12-14,136.10606384277344,139.66211138531108,135.32333291299878,138.95670250499936,657200
2022-12-15,130.4144287109375,134.93679489959206,129.85396187865095,133.99946421825095,853600
2022-12-16,128.85865783691406,130.4144321771527,127.38984867687813,129.25483746167947,1422700
2022-12-19,128.72337341308594,130.89759138157203,127.79570059212713,128.4817936388097,709500
2022-12-20,128.91664123535156,129.46743548307606,127.92133369125037,128.38516275431206,534700
2022-12-21,131.73828125,131.83490431057427,128.6074021391867,129.23551838478465,539200
2022-12-22,129.873291015625,131.05220158684,127.87301799388183,130.02790562214577,483900
2022-12-23,129.9506072998047,130.38544800894337,129.01327645717654,129.78633479834613,377200
2022-12-27,130.90725708007812,131.34209775076522,128.83933467860476,129.9409379252801,333800
2022-12-28,128.87799072265625,131.64166430458758,128.68472982602452,131.052208985701,424100
2022-12-29,132.05718994140625,132.7239525714594,129.83465275618292,129.84431064036434,362000
2022-12-30,129.61239624023438,131.20681698816432,127.96964183950593,131.20681698816432,387400
2023-01-03,130.02792358398438,131.80594757000497,128.95530856347563,130.4337759235198,436700
2023-01-04,132.0668487548828,133.2554172914628,131.00390643785227,131.33245144066927,458400
2023-01-05,128.53977966308594,131.5063718370681,128.23055045225686,131.4580529297685,457500
2023-01-06,132.4823455810547,132.80121788709232,128.50110113081348,130.12452477675123,365800
2023-01-09,133.98983764648438,135.48763551011834,132.40507458463705,132.8205848060092,535400
2023-01-10,134.3473358154297,134.51160828390292,132.4630166242857,133.6225965307698,301300
2023-01-11,138.73446655273438,138.79244335054267,135.62291728155145,135.66156356513625,490300
2023-01-12,140.1066436767578,140.2805740770246,137.5555612588061,138.71514149517276,419800
2023-01-13,139.25625610351562,139.9230186896343,138.64747030838808,139.3238907780518,462000
2023-01-17,140.25155639648438,140.33852157846195,138.21262246480595,139.2369183721673,558400
2023-01-18,139.14996337890625,142.19386292987556,138.87939518525835,140.80237568176946,605900
2023-01-19,137.54586791992188,139.61379036596836,136.8404590502754,137.90341604140883,399500
2023-01-20,141.3628387451172,141.6237490751473,136.9564252572664,138.58950717378605,321300
2023-01-23,145.08316040039062,145.5083431967315,141.08259960414958,141.37249830573293,463300
2023-01-24,145.19912719726562,146.71625551820074,143.7883093299512,145.3730723319901,577600
2023-01-25,143.97189331054688,144.55167594494807,141.266196782095,143.60468732069086,613300
2023-01-26,145.85623168945312,146.34904920466607,144.0202162456928,144.94788922446858,330700
2023-01-27,144.4260711669922,145.60496700161806,142.986250280279,145.60496700161806,564300
2023-01-30,144.91888427734375,145.8368845219629,143.710985338408,143.710985338408,628600
2023-01-31,145.29574584960938,146.41667958591088,143.865597657177,145.0445081824493,806900
2023-02-01,148.21401977539062,149.10303152701735,144.95751456866643,145.24741323101085,749200
2023-02-02,148.12705993652344,152.16628175776447,146.1557753060841,151.1806320701146,1038500
2023-02-03,148.40731811523438,149.25768380757353,146.1074734899692,146.87087398509973,726600
2023-02-06,144.01055908203125,147.363688115796,143.68201407024483,147.22840400830387,445000
2023-02-07,145.56631469726562,145.82722499369356,142.56106158129785,142.81229924961295,463000
2023-02-08,141.81700134277344,144.99619978715052,141.34351436861667,144.5033675554547,677900
2023-02-09,140.76370239257812,143.35344526381834,139.88434846740844,141.81698667928407,593200
2023-02-10,141.1309356689453,141.30486606412347,139.70078724409655,140.1162974624859,469400
2023-02-13,142.6963653564453,142.74468426909544,141.36284004058393,141.48846626450188,408800
2023-02-14,139.6814422607422,142.89928694197738,139.30457836536476,142.00060242539388,479200
2023-02-15,139.79737854003906,140.39649164702354,138.53150291341885,138.53150291341885,509400
2023-02-16,138.75375366210938,139.787722158995,137.77777669591583,137.95170705341488,320400
2023-02-17,139.0146484375,139.4398311459959,137.9323759030431,138.64744250837037,286700
2023-02-21,137.97105407714844,138.41556739650298,136.61821309626217,137.7004858809712,588500
2023-02-22,138.04833984375,138.84071379610887,137.5168614181601,138.1836239207312,463600
2023-02-23,138.12564086914062,139.20791343587888,136.68582024421661,138.65711927061312,499400
2023-02-24,136.34765625,137.1883493048992,135.8548239806905,136.66652863679056,371800
2023-02-27,135.81614685058594,138.25127501068013,135.79681634082286,137.30427171545207,385600
2023-02-28,136.0384063720703,136.84045302189017,134.9464610333616,135.4489511111116,642000
2023-03-01,135.27503967285156,136.34765465042244,134.74356112633234,135.39099326668781,386900
2023-03-02,137.50723266601562,138.0387112041965,135.18805761164322,135.18805761164322,578600
2023-03-03,139.25625610351562,139.37220968549786,137.85509625674212,138.01936874617041,459200
2023-03-06,138.2899627685547,140.0873173493526,138.2803048832054,139.46887355514596,430000
2023-03-07,136.90811157226562,139.39155925489547,136.20270261066366,138.63783137924133,737800
2023-03-08,137.63284301757812,138.13533315364802,136.70518479929999,136.70518479929999,459600
2023-03-09,136.40562438964844,139.0146833300031,136.16404458508114,138.42522801706443,668600
2023-03-10,132.37608337402344,135.97079227246084,131.85426270610012,135.78718925022343,636900
2023-03-13,132.53067016601562,134.79186826230045,130.86859999021817,131.43873951477914,668500
2023-03-14,133.11839294433594,135.08073494890525,132.04007798605284,133.9538443068185,520200
2023-03-15,132.26353454589844,132.3898283841639,130.14577068612022,131.70010393645356,623800
2023-03-16,133.5652618408203,133.65268917338867,130.96175651523387,131.72921374080087,594200
2023-03-17,131.3018035888672,134.98360989676715,131.23379465364008,134.5270250617921,2113100
2023-03-20,132.33152770996094,132.95325797135186,131.3989249062652,131.61264607329508,521500
2023-03-21,133.021240234375,134.09955518177654,131.82635550559513,133.18640052228412,536000
2023-03-22,131.90408325195312,134.30357691506345,131.63207719342566,133.1281105153267,566100
2023-03-23,133.9247283935547,134.82817403377362,131.9526767908205,131.9526767908205,981300
2023-03-24,136.58651733398438,136.61565978498408,133.06984174007653,133.85671756350928,1051500
2023-03-27,136.90707397460938,138.82084050316766,136.89736476608144,137.20823731760441,771100
2023-03-28,136.6156768798828,137.04311931232536,135.7122163161798,136.29509505555092,418200
2023-03-29,138.89854431152344,139.19969280023125,137.3830778372405,138.20881999671863,444400
2023-03-30,140.96775817871094,141.01633386666313,139.63687030348945,139.8408674403824,473800
2023-03-31,142.38607788085938,143.02722651632172,141.62832981491712,141.85177499862598,578600
2023-04-03,141.05520629882812,141.95866679350792,139.85061207021636,141.09407278420198,472200
2023-04-04,139.43284606933594,142.21120619093358,138.87912478043654,141.48261540544345,502500
2023-04-05,136.8585205078125,139.80202658179363,136.2076477439943,139.0442932255145,594600
2023-04-06,137.16934204101562,137.21791771989595,135.3721605081714,136.55733592141468,784900
2023-04-10,137.9368133544922,138.0048074533158,135.47903494822424,135.93560487145655,431400
2023-04-11,139.93801879882812,140.07402183114607,137.72310380209666,138.0436855546787,483900
2023-04-12,141.375732421875,141.76430818325818,140.00597840469433,140.8511536616862,559500
2023-04-13,142.3763885498047,142.55125809170806,140.52090664438697,141.71580651493295,396900
2023-04-14,141.03575134277344,142.9980935018502,139.74372995581703,141.7546329793034,422400
2023-04-17,141.8809356689453,142.42494782865373,140.58889937802803,141.40491761759066,405500
2023-04-18,141.66720581054688,142.7163784070956,141.268905924009,142.4735147918728,386700
2023-04-19,140.15174865722656,141.58949720562262,140.0934637573648,141.29805788309403,444200
2023-04-20,138.53912353515625,139.52028722040637,137.4510992645249,139.52028722040637,540000
2023-04-21,139.58827209472656,139.9574294757419,138.19908472415904,139.20940550697475,486300
2023-04-24,140.5597381591797,140.8220349951642,139.69514434440336,140.02543527966225,491400
2023-04-25,137.15965270996094,140.365455278799,137.130510263053,140.2585946990638,588600
2023-04-26,135.94534301757812,137.35394905633936,135.5373339126195,136.00362791496948,583500
2023-04-27,139.41343688964844,139.78259436143145,136.06192166267007,136.7808033647686,438700
2023-04-28,141.25918579101562,141.68662809246507,138.73339845875114,139.30655298877767,587200
2023-05-01,140.0642852783203,141.76433044192527,140.00600038728294,140.76373361720374,636000
2023-05-02,148.8850860595703,149.30281913173184,139.84084857159496,142.45406310470236,1156200
2023-05-03,150.65313720703125,154.16008788311674,150.19655249234185,150.63370397019733,981700
2023-05-04,148.69082641601562,151.22632330540316,147.8942414179227,150.28401123542108,686600
2023-05-05,148.5062255859375,151.24573403900828,147.99135595296474,149.011386011517,527400
2023-05-08,148.20506286621094,148.8656594859363,147.13647205011353,148.71022324326964,469900
2023-05-09,148.1953887939453,149.0016978178206,147.54451604958754,148.23424045221495,439800
2023-05-10,150.42971801757812,150.78915139796294,149.10853945603412,149.55540017382862,468000
2023-05-11,150.2839813232422,150.5754205857935,148.7685149458353,150.118835866547,462600
2023-05-12,150.15771484375,151.41088450688642,148.47708804649093,150.8182967255353,384200
2023-05-15,150.03146362304688,150.82804875507819,149.40973321881924,150.1771758962166,341100
2023-05-16,148.16622924804688,149.7011289789319,147.86508075574233,149.3805472481251,551500
2023-05-17,148.37997436523438,149.3028532296949,147.78738649256474,148.94341978705307,487300
2023-05-18,149.78855895996094,150.00228011760262,147.7387895467378,148.08851372985893,401500
2023-05-19,148.8948211669922,150.67258451125218,148.8948211669922,150.67258451125218,518100
2023-05-22,149.3319854736328,150.25486427501414,142.91067069815008,149.42913685197576,415000
2023-05-23,146.7965087890625,148.38969377909746,145.89304828089215,148.3605513262424,618600
2023-05-24,145.74732971191406,146.63135693886628,143.9307143874993,146.63135693886628,702700
2023-05-25,143.94041442871094,145.63075062962452,143.12439618960215,145.63075062962452,605900
2023-05-26,145.3198699951172,145.77645477994363,143.77526095192243,144.2804214246872,503400
2023-05-30,143.5712432861328,145.85416711953823,142.5609372039731,145.67931243777178,647300
2023-05-31,142.53179931640625,143.65869004567608,140.4140208891082,143.49354456654117,4836700
2023-06-01,144.7467041015625,145.02841935243032,140.99688956345238,143.16322870252517,620500
2023-06-02,148.87539672851562,148.94340565619567,144.68843035700124,145.009012109167,604200
2023-06-05,149.1571044921875,149.6331224923278,148.59367397540825,148.83653757937856,570600
2023-06-06,149.8954315185547,150.12857111045614,149.0308376110753,149.42913751153256,484900
2023-06-07,149.5457000732422,150.13828787935745,148.33138201343377,149.64283662409576,468200
2023-06-08,149.59426879882812,149.9342689458213,148.14679640253672,149.9342689458213,624300
2023-06-09,149.4485626220703,149.7302927391947,148.11767464796225,149.7302927391947,354800
2023-06-12,149.8954315185547,150.14800435085434,148.71996505758105,149.46798916910973,366700
2023-06-13,153.26638793945312,153.41210019212838,149.9925760382224,149.9925760382224,580700
2023-06-14,153.64210510253906,154.82299811756718,153.06630453356496,153.93488984848122,538300
2023-06-15,155.8574981689453,156.15028292776518,152.50026470333412,153.2127110911811,428900
2023-06-16,156.9310302734375,158.08263141032216,155.58422937833782,156.1502759155297,1159700
2023-06-20,154.9596405029297,155.85750286984705,153.9641782495781,155.85750286984705,627100
2023-06-21,155.83795166015625,156.82365970281217,153.3493188154547,154.3252579362472,396400
2023-06-22,154.73516845703125,156.47233910141085,154.08129095755362,155.90629255895612,286300
2023-06-23,154.20814514160156,154.66683774952884,153.2224519265079,153.6420986277413,724700
2023-06-26,156.06243896484375,156.8236703393604,153.427406138313,154.0617606531935,353800
2023-06-27,157.62391662597656,157.89717837908373,155.6720384514119,156.40399276687364,298900
2023-06-28,157.838623046875,158.08260781657842,156.68702208186616,158.08260781657842,380100
2023-06-29,159.37086486816406,159.4684498473751,157.44826356707722,157.94598716850723,277700
2023-06-30,161.64480590820312,162.0351756108873,159.9759434121816,160.4541589558719,514600
2023-07-03,159.94667053222656,161.0202095796223,159.39039294704875,160.4931940866644,247300
2023-07-05,159.9954833984375,160.32729917021015,157.95577393520693,159.13665209111886,293000
2023-07-06,159.5758056640625,160.45415983740196,158.0533429669204,158.71698933510908,326900
2023-07-07,159.37086486816406,160.5712658431715,158.34612579072623,158.4827566749413,272100
2023-07-10,161.19586181640625,161.43984659512424,159.2439835866623,159.5367682994537,313900
2023-07-11,162.3474578857422,162.52311975697143,160.49316485898794,161.31295004135225,432100
2023-07-12,162.464599609375,163.9187543765257,162.17181487141607,163.62596963856677,223300
2023-07-13,163.89923095703125,164.11393877148083,162.4645991475956,162.55243010123854,303200
2023-07-14,163.94802856445312,164.63118301360345,163.05992033473265,163.7625977371873,372300
2023-07-17,162.71832275390625,164.37741625353524,162.650014760236,163.51859996773666,427700
2023-07-18,163.3039093017578,163.421017241275,161.1763540867425,162.50363200398905,731600
2023-07-19,165.5876007080078,166.407386054244,163.46981445107255,163.89923007766777,489900
2023-07-20,165.11915588378906,165.4314486846096,163.57717015842718,164.9142020991487,338900
2023-07-21,165.74374389648438,166.20243647797977,164.87515866822383,165.90965176124772,323300
2023-07-24,165.7730255126953,166.51473390971944,165.19722498507198,165.91941042932845,219000
2023-07-25,166.95391845703125,167.12958035700586,165.0410711601814,165.26553299625442,246800
2023-07-26,167.84202575683594,168.59350313875197,165.6168854885075,166.05605516668925,349200
2023-07-27,165.7242431640625,168.69110685031643,165.49002727259332,168.69110685031643,301200
2023-07-28,163.78211975097656,167.64683055065754,163.4990890504628,167.05150705731654,327100
2023-07-31,163.87969970703125,164.66045400262666,163.3429301980813,163.79186875783478,381300
2023-08-01,164.1724853515625,164.6507008970678,162.76713058992618,163.51860790667746,294900
2023-08-02,162.67929077148438,163.7235378636062,161.752151605898,162.63049083821164,459700
2023-08-03,161.90830993652344,162.81594115083072,161.020216567844,162.38652551323594,392300
2023-08-04,161.73265075683594,163.5088524158399,161.51794293441282,162.1815744643382,424400
2023-08-07,162.1522979736328,163.0892061917617,161.27395861860336,162.01566707636934,471900
2023-08-08,172.6046142578125,172.7412451554898,166.0072703688006,167.26622543370908,1026700
2023-08-09,174.28321838378906,176.08869690934378,172.91689461379235,172.91689461379235,624700
2023-08-10,175.04444885253906,177.46477380685707,174.15634064030854,174.50767933461677,735400
2023-08-11,177.52333068847656,177.94299227906924,174.62479013575887,174.62479013575887,514900
2023-08-14,178.42120361328125,179.6704045413868,177.09392576571287,177.09392576571287,451700
2023-08-15,176.4986114501953,177.83564339775708,176.16678080233467,177.32815084072067,661500
2023-08-16,176.986572265625,178.07961935729207,175.9520642491261,176.4986026866094,569700
2023-08-17,174.28321838378906,177.80635937543678,174.26369543076984,177.27934388546737,711400
2023-08-18,174.693115234375,175.81543934765642,173.72693007403996,174.01971480974603,791300
2023-08-21,173.64883422851562,175.8251891098328,173.02423380984467,174.1172957112553,1062000
2023-08-22,173.52198791503906,175.41531229307546,173.3365570895293,173.7854956613766,574700
2023-08-23,178.10888671875,178.26504054959506,173.57077583572635,173.96114552119008,929500
2023-08-24,178.11865234375,179.33857630479832,176.19605098980585,178.5871138667805,1019300
2023-08-25,179.27027893066406,180.4316489930719,177.53310829851395,178.95797123013557,540500
2023-08-28,181.573486328125,182.05168699280037,179.62160797983373,179.86559277337014,444000
2023-08-29,181.7589111328125,182.1200038499566,181.0367108068748,182.03217290118903,396000
2023-08-30,182.334716796875,182.98859425334228,181.26117775392876,182.1492859720343,426800
2023-08-31,181.7296600341797,183.0374150964847,181.1440905090259,182.47136852660978,637400
2023-09-01,183.22280883789062,183.32039381121984,182.02239304358775,182.45180862285233,293700
2023-09-05,183.1740264892578,184.23779661804932,182.1102563604663,183.3399343623276,447900
2023-09-06,180.83175659179688,183.5839121129681,180.3242789612833,183.086188512855,493100
2023-09-07,182.6274871826172,182.8812259857261,180.97814773328733,181.21236358488056,295200
2023-09-08,183.2130584716797,184.53058232407196,182.34447319534445,183.07642758186233,355300
2023-09-11,184.4525146484375,184.51106861963,182.77389797988155,183.31066753523098,442700
2023-09-12,184.25732421875,184.90144766572638,183.10570821733916,183.83766261845312,306600
2023-09-13,183.6132049560547,185.1259137311594,182.5006348366736,184.37443635922853,404400
2023-09-14,184.28945922851562,185.2499595946642,183.5543792129931,184.44627988775167,380200
2023-09-15,181.45697021484375,183.88763086272402,180.58467577133575,183.85822885549004,1031600
2023-09-18,181.28053283691406,182.27043517101606,180.26121354444646,181.61376550915745,403300
2023-09-19,182.0646209716797,182.2508436434135,180.32003218687106,181.1139162461642,342100
2023-09-20,180.81988525390625,183.93661729153598,180.47684193669954,182.45666160108954,527500
2023-09-21,179.84959411621094,181.49616632796824,179.67318207434093,180.5258701871979,526700
2023-09-22,180.58465576171875,182.10382410652906,179.045881095844,179.69275509380057,414000
2023-09-25,181.40794372558594,181.69218304071936,179.52614067476404,180.3494267053909,342400
2023-09-26,178.44802856445312,181.12371558577135,178.26180590433646,180.62385161277587,426100
2023-09-27,177.61492919921875,178.88907084164995,176.4094022011468,178.76165219083464,593500
2023-09-28,177.39932250976562,178.00698391169064,176.6838487666692,177.35031418100732,577700
2023-09-29,175.4881134033203,178.7322642942829,175.1352743814948,178.16380059493946,670000
2023-10-02,173.46908569335938,175.8311314127812,172.93002403136813,175.3018803888886,714100
2023-10-03,172.234130859375,174.18454840250126,171.92050452004116,173.2926477957018,581600
2023-10-04,175.88015747070312,176.01737182075001,172.5478004237115,172.57720243048993,436300
2023-10-05,175.7527313232422,176.13497231780775,173.92973235948946,175.15486566966626,371500
2023-10-06,176.11538696289062,176.76226101692833,174.1649691170166,174.91965551339393,748200
2023-10-09,178.2814178466797,178.3206304929358,175.77234687502335,175.77234687502335,338900
2023-10-10,177.85995483398438,179.2909021669399,177.03666883788063,178.0755794932364,526100
2023-10-11,178.76165771484375,178.8792657313902,176.94845436513313,178.34021901872487,352200
2023-10-12,177.61492919921875,179.17329519126798,176.41919788380923,179.0948848642463,321300
2023-10-13,174.1453399658203,178.0167731435433,173.17504396720068,177.95796913820155,715700
2023-10-16,176.0271759033203,177.08567801840294,173.88073975698785,175.12546454489265,424500
2023-10-17,177.50714111328125,178.39904188032492,176.16439959833696,176.31140963455613,462100
2023-10-18,174.1061553955078,178.2422069088236,173.82193102986622,176.99746719944636,356600
2023-10-19,172.40077209472656,174.94905563793625,172.03813738132263,173.7533242013024,328500
2023-10-20,169.7447052001953,172.95945442359297,169.58788451728725,172.7046320303,439200
2023-10-23,169.2252197265625,171.5382720454025,169.13701371630472,169.9700954052517,370400
2023-10-24,169.41143798828125,171.0874119606453,167.99027140211052,169.65646464724304,326400
2023-10-25,166.60833740234375,169.2840244108901,166.41230410510974,168.50973177044207,386800
2023-10-26,165.9614715576172,169.13702269259423,165.92225891414992,166.80436392926433,380200
2023-10-27,164.0502471923828,165.74582741980154,163.41316893040894,165.74582741980154,342700
2023-10-30,166.0986785888672,166.97097292710222,164.50109993082512,164.79513492292207,423900
2023-10-31,167.2454071044922,167.8530684743217,166.11829037879394,166.29470240671552,487800
2023-11-01,167.13758850097656,167.3924108501651,165.40279551526604,167.05917817309373,573300
2023-11-02,175.2528839111328,176.07616998405993,168.03929770139564,168.06869970719717,801700
2023-11-03,173.59649658203125,178.46762815219444,173.4788885619039,176.0565740081338,565900
2023-11-06,173.8023223876953,174.73342075887234,172.05773366331354,173.92974104399286,477600
2023-11-07,173.380859375,174.39036802209577,172.56738402093453,173.77291100582005,621200
2023-11-08,174.4001922607422,174.50800459822054,172.30276447681567,173.28287119744004,644600
2023-11-09,172.67520141601562,175.6351280121308,172.31256670129596,174.8706459374426,514400
2023-11-10,173.59649658203125,173.75331724569548,171.7245041222904,172.80261253568833,557600
2023-11-13,174.26296997070312,174.30216765743413,172.7829993187005,173.23385496993254,333200
2023-11-14,177.4091033935547,178.4480290287381,176.21337205676483,176.77204003856838,502600
2023-11-15,176.7328338623047,178.4578161390408,176.57601321299043,176.89945019398598,422000
2023-11-16,177.6051483154297,178.9086771144642,176.72304327936519,177.4483276483193,381700
2023-11-17,179.06549072265625,179.11449904860154,177.507124662189,178.46762503870298,506400
2023-11-20,180.05540466308594,180.5062453607005,178.93808364671625,179.35952234036642,353400
2023-11-21,181.5647735595703,183.08394199740596,179.9476034208936,180.43765679082497,416500
2023-11-22,182.9859161376953,183.13294111442502,181.41775440593386,182.17242578989627,382500
2023-11-24,182.8780975341797,184.22085382378793,181.61376652699843,183.25054284950411,162700
2023-11-27,183.88760375976562,184.0542200946151,181.72157645148195,182.85850374776834,350800
2023-11-28,184.8187255859375,186.01444198810117,182.48606687964906,183.54458389875705,475500
2023-11-29,186.84754943847656,187.24939679355003,185.24017497342479,185.39699564202547,501400
2023-11-30,189.96429443359375,190.11130446165208,186.3182961853279,187.2493945919285,1351300
2023-12-01,191.51284790039062,191.90489956316205,187.77864367453802,189.50364108024883,550400
2023-12-04,191.23841857910156,192.61057696138298,189.5526338228861,190.3269265072627,660000
2023-12-05,190.47393798828125,191.36583870029096,188.94497388497422,191.36583870029096,755500
2023-12-06,187.58262634277344,191.71867793728543,187.29840197155215,190.59156118056546,1181500
2023-12-07,188.19027709960938,188.46470577192287,185.02453672990956,186.81813373804192,608900
2023-12-08,187.55320739746094,188.61172436424278,185.27935281209838,188.47451003272886,532400
2023-12-11,187.28858947753906,189.67025658312716,187.17098145685284,187.51402479084328,487200
2023-12-12,189.98387145996094,190.51313743150422,187.21997845439768,187.97464981512152,471400
2023-12-13,189.45462036132812,190.36611237657542,188.43530106003485,190.24850436305726,467000
2023-12-14,190.5765838623047,190.6848442455398,189.0904777082524,190.1533937389082,635000
2023-12-15,190.6848602294922,190.6848602294922,186.91544931938452,188.41140700837778,1137300
2023-12-18,193.5980224609375,193.66690724052503,191.3737664168419,191.91506833099757,660400
2023-12-19,193.9031219482422,195.32034336204148,193.3913442116162,193.59802859170904,494400
2023-12-20,193.25355529785156,195.34001176728066,193.03703453018713,193.39133987569326,462900
2023-12-21,193.25355529785156,193.77516941520884,191.9150701056498,193.20434330203824,341200
2023-12-22,196.5111846923828,197.00327460697807,193.7358053831096,194.34599207164217,568800
2023-12-26,198.8240203857422,199.47356768294517,196.38324350981682,196.6194520835043,981100
2023-12-27,201.03843688964844,201.27463045981733,198.67639606620256,198.99134084961955,537500
2023-12-28,202.57374572753906,204.010639937102,201.0285761135014,201.73718682578206,535500
2023-12-29,202.49501037597656,203.51855084385704,201.62892727572856,202.5540587660129,441100
2024-01-02,196.72772216796875,201.7175215341902,195.85180264627664,201.1171711866893,616300
2024-01-03,194.00152587890625,196.58008727982272,193.98185309456568,196.36356651293525,399800
2024-01-04,193.97198486328125,196.4324342578149,193.91293648059505,194.56249872492586,366700
2024-01-05,193.2437286376953,195.14318862912913,192.80083567046336,193.66691878473844,515200
2024-01-08,196.8359832763672,196.87534386536922,193.05673600163541,194.10980070311925,497700
2024-01-09,196.8359832763672,197.1115524515626,195.0644564234011,195.67465818338562,370700
2024-01-10,198.77481079101562,198.82402278830264,195.93053154958622,197.357589366551,304800
2024-01-11,198.02684020996094,199.30626203970724,196.86550014282432,199.2176894547051,426700
2024-01-12,199.3948516845703,199.45390007517662,197.5347522935055,198.91259813229672,300200
2024-01-16,198.96180725097656,199.58183036076323,196.87533570292436,197.60363421711344,422600
2024-01-17,198.755126953125,201.56004566310946,198.13510383059918,199.33578948747197,402800
2024-01-18,198.0465087890625,199.96565651031767,197.13122872869192,198.8830676760318,450100
2024-01-19,201.64862060546875,201.7667173887785,197.96778234591477,198.69608088357654,442600
2024-01-22,203.11505126953125,203.61697760906196,202.0619715749122,202.0619715749122,367400
2024-01-23,203.05599975585938,204.1385886118555,202.3965860219084,203.09536034334934,343000
2024-01-24,202.80995178222656,204.49289093992152,202.22927424924967,203.29219030445367,443600
2024-01-25,204.95545959472656,205.18181676179785,203.2429812007348,203.2429812007348,539600
2024-01-26,204.59130859375,206.2939355008368,204.24683964506767,204.72909316974443,690400
2024-01-29,204.8668975830078,205.22120295807127,203.57762427906394,203.97129024362604,1036200
2024-01-30,205.65423583984375,206.91398489408593,204.7094165404655,204.7094165404655,1146000
2024-01-31,200.9695281982422,205.92980319591905,200.6841226411131,205.92980319591905,1191800
2024-02-01,198.44020080566406,200.1231400483571,188.83459523678297,199.70978628668874,1169000
2024-02-02,198.54844665527344,199.0700607699422,194.7298240642108,197.8496723600684,713700
2024-02-05,195.09397888183594,197.85952201945375,192.9878344802336,197.64301625578034,840500
2024-02-06,195.7041778564453,196.0978438069423,193.6964424636879,195.29080908581207,593500
2024-02-07,195.11366271972656,196.95407430400127,194.10979502948888,196.08800621472727,863200
2024-02-08,195.85179138183594,196.83597123802608,195.0152324971172,196.6292868605733,583500
2024-02-09,195.83209228515625,196.69817531421762,195.35969018630095,195.881304278606,622500
2024-02-12,194.50347900390625,196.40293900803925,194.46410339805226,196.29467861803107,554800
2024-02-13,190.4978485107422,192.65320477537983,189.5530442687101,192.48589600371568,530900
2024-02-14,193.36181640625,193.83421852956414,191.3934567054829,191.5804532798386,1092500
2024-02-15,195.1628875732422,195.4581445624544,193.39136065536306,193.5881936423731,721500
2024-02-16,194.7888641357422,196.07813727044208,193.83420852873394,194.76917633488034,1212800
2024-02-20,192.07254028320312,194.54282626382624,191.58045036549706,194.54282626382624,527200
2024-02-21,193.4700927734375,193.64723795279235,191.3442605168155,192.33827684155918,538300
2024-02-22,196.67849731445312,196.89501808250836,194.79871019969752,194.79871019969752,490400
2024-02-23,198.3024139404297,198.73544048287422,196.7277200896355,197.7217363847958,325200
2024-02-26,198.2138214111328,199.21768909150663,197.54458630247905,198.05636404388045,362100
2024-02-27,196.84580993652344,198.10555896581428,195.69432129337756,197.77094141496363,354400
2024-02-28,198.26303100585938,199.35547125783515,196.14705030087774,197.0328061733368,314300
2024-02-29,200.35934448242188,200.89079501715693,198.3811483031276,198.3909846957991,1120600
2024-03-01,200.51681518554688,200.7037967490953,198.5386040054726,199.89677705240203,442400
2024-03-04,202.30801391601562,202.367062306087,200.01487299142016,200.01487299142016,461000
2024-03-05,198.01699829101562,202.0324541948998,196.59977679348074,202.0324541948998,416700
2024-03-06,199.80819702148438,201.5501845405812,198.4598604173868,199.31610709729804,465500
2024-03-07,201.65846252441406,202.67216665531788,200.35935282022612,201.14669977111876,519400
2024-03-08,200.32980346679688,202.38673566693785,199.5424566147768,201.66828861001338,446900
2024-03-11,199.15863037109375,200.47742773495838,197.97761758229865,199.84755324644152,296700
2024-03-12,200.78253173828125,201.69782683493133,198.43034242781843,198.97164436482728,362300
2024-03-13,199.76882934570312,201.707664925332,199.3751633976884,200.9006452266838,349600
2024-03-14,197.34805297851562,200.69762386649634,196.4093855170349,200.07514738145554,355100
2024-03-15,197.8124542236328,197.92114299002358,195.58928724667106,195.58928724667106,856900
2024-03-18,197.1010284423828,198.80051719706367,196.88365092189002,198.50409193486303,463000
2024-03-19,199.83799743652344,199.94668619642184,197.33817103567532,197.46662550014116,363900
2024-03-20,201.72523498535156,201.8339237518762,200.08502817300368,200.08502817300368,323200
2024-03-21,203.59268188476562,204.13612568332772,201.43867239505087,202.15008699011125,340100
2024-03-22,201.08297729492188,203.69149260943365,200.34192163651724,203.69149260943365,325700
2024-03-25,199.9269256591797,201.35963020264106,199.60085937105694,201.07309532467497,312300
2024-03-26,199.304443359375,200.50987995127622,198.42505796926054,199.8577624708877,327000
2024-03-27,201.40904235839844,201.54737214404614,199.53170739934856,200.82608219579848,362100
2024-03-28,202.4168701171875,203.15792572655775,201.6066420807382,201.9919903945381,368200
2024-04-01,200.80630493164062,202.04139761697957,200.58892741287576,201.82402009821473,188200
2024-04-02,200.1640625,200.598817536952,198.65231026129922,199.64038440825738,317800
2024-04-03,197.1010284423828,199.62062055586554,196.35009751138097,199.590979537327,465400
2024-04-04,196.22164916992188,200.40121383606927,196.16236713099477,198.70172502835308,301000
2024-04-05,200.33204650878906,201.12250889385402,196.6267682133121,196.6267682133121,471800
2024-04-08,202.4267578125,202.74294879537575,200.21348123963327,200.44073408556528,588000
2024-04-09,204.7685089111328,205.0748095102294,202.50581048077171,203.66185552098278,576900
2024-04-10,201.14227294921875,202.36747531304138,200.3518105706396,202.2390208419377,414300
2024-04-11,198.35589599609375,202.45639790252204,198.27684825073794,201.83392140767066,434100
2024-04-12,196.4587860107422,197.6840033903641,195.29285066811866,196.79472760494306,400100
2024-04-15,193.33648681640625,198.71161315225902,193.03018621099392,198.3262647975763,332400
2024-04-16,191.30104064941406,194.01824461680954,191.13306984973838,193.28706430338414,500500
2024-04-17,191.1429443359375,192.66458699410526,190.01654039013195,192.66458699410526,421200
2024-04-18,190.6785430908203,193.14872843790718,190.3030851702972,191.82471271030417,391900
2024-04-19,191.07379150390625,192.59541912125104,191.0243847790904,191.62711063748617,393800
2024-04-22,191.9136505126953,193.2080253217496,190.71808915584415,191.9828229446007,321600
2024-04-23,193.57362365722656,193.80087650584682,192.11126295935142,192.7139888353742,350600
2024-04-24,192.75350952148438,193.59336351392008,191.37019664723667,192.87207359645996,255800
2024-04-25,193.227783203125,193.69217927140585,190.42165616525173,191.90376742738675,257500
2024-04-26,191.83457946777344,193.71192929391424,191.71601540098226,192.90170129933665,211800
2024-04-29,193.94908142089844,194.01825385296007,192.42745376051934,192.71398864964993,315200
2024-04-30,191.10342407226562,194.02811509951104,191.05401734963468,193.81073758138695,373500
2024-05-01,191.1231689453125,193.77121541508725,190.5599745393591,191.39984356835228,333700
2024-05-02,193.02029418945312,193.44515884358898,190.31296554933527,191.9926886146983,429700
2024-05-03,196.47854614257812,196.7057989702313,194.47275687134308,194.60119625559156,437700
2024-05-06,198.28672790527344,198.56340255848266,195.99440354704274,197.61484467026628,461600
2024-05-07,198.9586181640625,199.59098503833908,197.95077827552888,199.53170299962807,469200
2024-05-08,188.18862915039062,196.35999237999397,186.05438514218335,195.6387023957003,875500
2024-05-09,190.75759887695312,191.86423713454326,188.19849036786817,189.55214717058578,653500
2024-05-10,193.35623168945312,193.93919181609152,191.26151932834438,191.71602499165687,561000
2024-05-13,195.4410858154297,195.92523253923002,193.41553062746715,194.06766323805698,615100
2024-05-14,197.48638916015625,198.34602398219516,195.6683362171676,195.97463681250832,502000
2024-05-15,199.7095489501953,200.27275847111397,198.17804602871234,198.30648542020785,516100
2024-05-16,201.59677124023438,202.45639094159745,199.7787183900069,200.22334875013212,505300
2024-05-17,201.06321716308594,202.31806049670223,200.29252052091607,202.31806049670223,544900
2024-05-20,198.00018310546875,200.98417133216591,197.5851937616471,200.60869832150163,496200
2024-05-21,197.58518981933594,198.06935158254203,196.44891057274455,198.00017915487754,551500
2024-05-22,201.52761840820312,202.6144909710167,197.83221551027947,197.98042060804,642100
2024-05-23,199.28468322753906,201.64617990816143,198.42506351788793,201.64617990816143,501700
2024-05-24,198.14837646484375,200.1344150859222,197.3381635301743,199.47240723783423,496200
2024-05-28,193.88980102539062,197.82234729772247,192.89185148540764,197.61484507659293,737400
2024-05-29,191.80494689941406,193.47479460540706,191.77530588141067,192.605284539135,646100
2024-05-30,193.36610412597656,193.63288836244718,191.1627030387203,192.58553219747733,584100
2024-05-31,198.3756561279297,198.79064547177603,193.17837632372587,194.04788642139366,2491300
2024-06-03,197.19984436035156,198.45470277586696,195.23357133736408,197.50614494029907,550600
2024-06-04,197.59506225585938,198.0495829939663,195.64855499430658,196.33032856305954,503300
2024-06-05,195.60903930664062,197.88161285102893,194.78893595868763,197.88161285102893,468700
2024-06-06,195.34225463867188,196.94294499914847,195.05571977161222,196.42914222437727,350000
2024-06-07,195.67820739746094,197.08128602521023,193.899685903792,194.54192810130402,365100
2024-06-10,194.50241088867188,195.38179631721508,192.4768557780139,195.38179631721508,398900
2024-06-11,194.3245391845703,195.29284761966412,192.6349408492301,194.10716166775936,327200
2024-06-12,194.611083984375,196.33032329231165,193.42538298699384,195.5695020035821,350500
2024-06-13,193.8700408935547,194.46287635363663,192.58554144815398,193.8700408935547,286600
2024-06-14,193.5922393798828,193.8204225748191,191.16153504021923,192.8580656649737,289900
2024-06-17,196.09237670898438,196.14198570248135,192.32233541984257,193.6021626762446,444300
2024-06-18,197.66986083984375,198.3444947180204,195.0704978999747,196.0030924927221,493900
2024-06-20,198.3643341064453,199.22747304807524,196.91583327594205,197.37221481223565,372500
2024-06-21,199.20762634277344,199.73346349594766,197.50119508487938,199.08857687184897,777800
2024-06-24,200.2493438720703,201.6779980005764,198.59250655703673,199.594541540082,385200
2024-06-25,198.91000366210938,200.53707870656564,198.46353786682747,200.41801409650554,367300
2024-06-26,198.84054565429688,198.91991701386974,196.90591607264284,197.99725334359584,378100
2024-06-27,197.6400909423828,200.89424101107016,196.8066992312983,199.7235323737466,433600
2024-06-28,195.447509765625,199.13819491746008,194.74309837404016,197.97741710755804,1005200
2024-07-01,195.01097106933594,196.22135785052305,194.09822311178394,196.01302127095607,329100
2024-07-02,196.72732543945312,196.89599903902663,194.88198297246237,195.16970604134534,264400
2024-07-03,197.92779541015625,199.36636533154487,196.61819070034232,196.61819070034232,191900
2024-07-05,200.5271453857422,200.67597236187223,197.53095603962228,197.88811958837988,385000
2024-07-08,200.17990112304688,201.72760469849905,199.10841053884042,200.6362674909171,389100
2024-07-09,198.41395568847656,200.16008030720528,197.80876227506684,199.8227633590202,470200
2024-07-10,198.99928283691406,200.03108020557673,197.14402466644958,199.6342385572923,525300
2024-07-11,201.86651611328125,203.3646108133178,199.4258959630656,199.82275276801977,370900
2024-07-12,203.83091735839844,205.36870537806777,202.42210969851666,203.13643684134965,336700
2024-07-15,206.4997100830078,207.2239529317668,204.08886745533354,204.1980011836566,298800
2024-07-16,208.0871124267578,210.01181119858504,207.23388920273564,207.23388920273564,508700
2024-07-17,206.30128479003906,207.89859743084213,205.90442799629184,207.89859743084213,708700
2024-07-18,203.2058868408203,207.65057716551408,203.09675310983602,205.37861544007924,671900
2024-07-19,200.29896545410156,204.80318042824652,199.04890058233937,204.50555674821206,591000
2024-07-22,203.1165771484375,203.77137951033222,200.0806945559751,201.05296721729403,827900
2024-07-23,203.93011474609375,204.68411992577953,202.61059432773988,203.25546578444786,301300
2024-07-24,201.5490264892578,204.50555285532687,201.2414719333839,203.930121853982,446200
2024-07-25,206.43026733398438,210.18047702814994,202.16415137173442,202.16415137173442,385500
2024-07-26,210.95433044433594,211.55952381955254,206.3608132662405,207.57120001667369,343800
2024-07-29,209.35702514648438,212.76991806207533,209.23796053273938,211.31150143665081,387900
2024-07-30,213.6925811767578,215.06171069196455,210.19040116451808,210.78567881596612,523600
2024-07-31,212.3135223388672,215.15098403734874,212.15477962349541,213.69256750926502,516700
2024-08-01,213.25604248046875,213.64296840550725,211.043620659789,212.51195299858398,465500
2024-08-02,214.26800537109375,214.32753010663274,208.57323516741843,213.19651471577475,655900
2024-08-05,206.87672424316406,213.39494028455508,206.32113984774716,213.39494028455508,835700
2024-08-06,216.8276824951172,222.0462247185377,209.56536173650454,209.84315393768802,1155000
2024-08-07,210.24000549316406,218.96072752055872,209.95228241721782,217.18484062609502,895600
2024-08-08,214.3374481201172,217.79003420334135,210.1705500643196,210.30944616156157,557900
2024-08-09,212.77981567382812,214.38704400630218,211.59919135018083,213.72232592881554,415100
2024-08-12,209.48597717285156,213.29572666344305,209.11889788839179,212.94847886457558,485900
2024-08-13,208.22601318359375,210.07135577270228,205.94413566007722,209.6943455768881,920900
2024-08-14,207.997802734375,208.11686734317615,204.66428132018237,207.9085156316783,1487000
2024-08-15,207.343017578125,209.2081915645113,206.608843847592,209.1387510856785,761200
2024-08-16,207.0652313232422,208.47403895044113,206.46003792845238,207.3430235236172,538300
2024-08-19,207.62081909179688,208.50380470128454,206.50963513373276,207.53151684566097,713000
2024-08-20,207.83908081054688,208.870878237494,206.54932267295845,207.87875892220126,529300
2024-08-21,209.47607421875,209.81339115687618,207.15451862547283,207.93828623330006,574400
2024-08-22,208.5633087158203,210.04157183947422,207.7398479265531,209.47605660381163,461300
2024-08-23,207.3826904296875,209.43638459135133,206.63860097491747,209.43638459135133,446400
2024-08-26,207.7993927001953,209.654666159889,207.15452118472012,207.8490016948949,483200
2024-08-27,208.50379943847656,209.53559686791434,207.38269976515696,207.38269976515696,659200
2024-08-28,209.9225311279297,211.24205168944965,208.49387683159108,209.01969887975181,488200
2024-08-29,210.4285125732422,211.5297656174202,208.78159087860854,210.4483440597756,352700
2024-08-30,211.18251037597656,211.74801049308016,208.44426661525952,211.73809475016213,646300
2024-09-03,209.78363037109375,211.2321312612413,208.94033801941507,209.46616005591463,637900
2024-09-04,210.26976013183594,210.69636415067833,208.52362053107808,209.77370049771855,754600
2024-09-05,209.1883544921875,210.9543255847205,207.1842693245739,210.3987412147378,700000
2024-09-06,205.95404052734375,209.32725520874268,205.31908478497462,208.6526062170473,632300
2024-09-09,208.9899139404297,209.93243933868527,206.49970007300195,206.49970007300195,455400
2024-09-10,212.46234130859375,212.789742493092,208.63276021822813,209.65465702116822,769000
2024-09-11,209.585205078125,211.2618891409163,206.38066393276293,211.0634683058283,518300
2024-09-12,209.74461364746094,210.9002898995367,207.80189119035614,209.31622506542556,384800
2024-09-13,211.15931701660156,211.4482436840062,209.61509625465104,209.9139801443618,366500
2024-09-16,210.8504638671875,213.42084084897218,209.85419442627244,211.81684644102432,292900
2024-09-17,210.1730194091797,212.4743995109351,209.6848418838298,210.94013597518745,374000
2024-09-18,207.8118438720703,211.90651197767275,207.70225362294264,210.31248995620223,532800
2024-09-19,208.21035766601562,209.78446522001354,206.50673021902168,209.744605929,913700
2024-09-20,207.44322204589844,208.4195618313182,206.43699539371133,207.61258602486865,1172500
2024-09-23,209.86415100097656,209.92393993681395,207.51295451959143,208.20038286400182,382900
2024-09-24,209.74461364746094,210.57151914497035,208.1107322986823,209.38595602446728,320500
2024-09-25,207.59266662597656,210.6412488016406,207.36352890216196,210.6412488016406,356200
2024-09-26,210.96005249023438,211.29878044909103,207.63251623163416,208.13065094825808,757500
2024-09-27,211.239013671875,213.49057719249174,210.1829704701533,211.47812381640026,613700
2024-09-30,214.2278289794922,214.45696670755322,210.81063189759868,210.81063189759868,725200
2024-10-01,213.88909912109375,214.75584871231317,211.48808600308516,214.24775674536832,556200
2024-10-02,212.9525909423828,215.0148759620885,211.2987800379616,212.82307105171577,499200
2024-10-03,214.19793701171875,214.3673009981553,211.57774342925742,212.42457856330586,393200
2024-10-04,214.52670288085938,215.34363592636743,212.32494070355506,214.55658974826423,341300
2024-10-07,214.37725830078125,215.08461631674388,212.40464899710568,212.77327904006796,389800
2024-10-08,216.0011749267578,216.60889989343684,214.1082690708672,215.2639452701036,636400
2024-10-09,218.89036560058594,219.99622528832037,216.6985606685968,217.05721827547998,364100
2024-10-10,216.02110290527344,218.4320731080576,215.36356143127819,217.74464476723213,419400
2024-10-11,219.91653442382812,221.96884715706088,216.8181356774999,216.8181356774999,591300
2024-10-14,220.6836395263672,221.69983861788123,219.47816200966668,220.17554758154284,334100
2024-10-15,220.92276000976562,223.48317990294137,219.87667400204066,221.45078162475582,411200
2024-10-16,218.4121551513672,221.96884451315435,218.15313055768829,220.334963164248,412200
2024-10-17,217.43580627441406,219.63756843570422,216.46942369704522,219.09957442259926,409000
2024-10-18,218.2826385498047,218.59147964131006,216.83803571245622,217.90405130119032,288600
2024-10-21,217.99371337890625,218.57155147738857,216.43953548733705,217.2863705907033,421900
2024-10-22,216.09083557128906,217.59521215569063,215.4631961610204,217.18673803662364,323400
2024-10-23,215.5528564453125,217.62509870280243,214.83554123303273,215.9414009184753,230600
2024-10-24,215.9513702392578,216.9775266028432,213.9887181181791,215.29384392604993,454900
2024-10-25,213.23155212402344,216.73842489317212,211.86666782319486,216.71849524737345,271100
2024-10-28,212.9027862548828,215.3037993661363,212.11574004925717,214.32745952575024,378500
2024-10-29,211.86666870117188,214.43704575268828,211.84673905529064,212.7832347874554,447000
2024-10-30,211.70726013183594,214.74588502351304,211.52793892603148,213.76954520978035,456500
2024-10-31,210.07337951660156,211.73714769511525,208.7383820850084,210.51174051249558,610800
2024-11-01,209.42581176757812,211.82680963445327,209.04722450476063,210.43203845859776,525200
2024-11-04,208.85792541503906,210.66117067450668,208.33986104817515,209.98371475018604,653900
2024-11-05,217.48562622070312,217.67491985045586,207.4232985910731,207.81184307250984,651500
2024-11-06,218.64129638671875,224.44953380165353,215.50303855262976,224.33994355598315,753800
2024-11-07,220.35487365722656,221.32125625743177,217.55535888416708,219.31876009922456,433900
2024-11-08,224.36985778808594,225.31631076007588,220.74343746457973,220.74343746457973,466100
2024-11-11,225.36611938476562,227.20920874951128,224.31006099627066,225.15689611106288,536500
2024-11-12,226.01368713378906,227.89663577870573,225.1369651566883,226.09339051369508,500300
2024-11-13,228.15567016601562,229.14198243263655,225.49563245504328,225.49563245504328,434100
2024-11-14,226.71107482910156,228.33499890593302,225.49562487741485,227.9564116482998,562300
2024-11-15,226.9302520751953,228.78331384369622,225.09711995203847,226.2826830192333,583300
2024-11-18,226.2328643798828,228.48442782290536,225.99375424359786,226.41218558069772,418100
2024-11-19,224.001220703125,226.02364648143268,223.14442836340854,224.64880497025266,382900
2024-11-20,224.54917907714844,225.18679094078303,221.18178334633697,224.0112002429648,457400
2024-11-21,226.6214141845703,227.83686413603178,224.12078332475522,225.85428244756403,974900
2024-11-22,229.38108825683594,229.4508192147692,226.3524205548411,228.43462009879647,943600
2024-11-25,232.35992431640625,233.57537428639924,229.09216166976253,230.82567602086704,815500
2024-11-26,235.55795288085938,235.6177266159899,231.68246530062024,233.29641695660638,655800
2024-11-27,234.92034912109375,236.85311436677907,234.67128174823463,235.75721184545256,361700
2024-11-29,235.1395263671875,236.0560924623849,233.9938073467914,235.15944081139676,253000
2024-12-02,233.37612915039062,235.3487384935171,232.1905660193131,235.3487384935171,334800
2024-12-03,231.35369873046875,233.7248249458714,229.08220554332522,232.9477359714205,432000
2024-12-04,232.06103515625,233.23664100950793,230.0186949499539,231.01496439765555,483600
2024-12-05,235.02993774414062,235.21923137850004,229.81943739470037,231.0847038965771,594400
2024-12-06,234.5517120361328,237.07228775957398,234.49193830073824,235.40850438114157,389400
2024-12-09,232.69866943359375,235.22918722063534,231.26403895198732,233.6849664882988,423500
2024-12-10,235.01995849609375,235.1992949030724,229.1917913019332,233.0174623630025,342900
2024-12-11,234.71112060546875,236.13579385142577,234.17314178091,235.91661335204776,361500
2024-12-12,235.010009765625,235.79705597516855,233.6251957803746,235.49818728918115,321300
2024-12-13,233.52999877929688,235.4499969482422,233.1999969482422,234.92999267578125,366700
2024-12-16,231.9199981689453,234.5800018310547,231.44000244140625,233.8800048828125,372000
2024-12-17,229.69000244140625,233.5800018310547,229.27000427246094,231.8800048828125,680500
2024-12-18,223.08999633789062,231.35000610351562,222.8699951171875,228.91000366210938,500200
2024-12-19,224.17999267578125,225.6999969482422,223.22000122070312,223.2899932861328,474800
2024-12-20,226.00999450683594,228.08999633789062,222.57000732421875,222.89999389648438,1191400
2024-12-23,224.49000549316406,225.42999267578125,223.10000610351562,225.0,306800
2024-12-24,227.33999633789062,227.47000122070312,224.6300048828125,225.1199951171875,113800
2024-12-26,227.74000549316406,228.02000427246094,225.5,225.89999389648438,301800
2024-12-27,226.3699951171875,227.9199981689453,224.88999938964844,226.22999572753906,231400
2024-12-30,225.5,226.33999633789062,221.88999938964844,224.41000366210938,389700
