Price,Close,High,Low,Open,Volume
Ticker,CTAS,CTAS,CTAS,CTAS,CTAS
Date,,,,,
2015-01-02,14.896601676940918,15.020028244144104,14.729502007458226,14.983950778939214,1822000
2015-01-05,14.625061988830566,14.896599823403104,14.592781621819713,14.839634725510914,3243200
2015-01-06,14.596578598022461,14.754183322460618,14.412388425623899,14.714307323598966,4724000
2015-01-07,14.520627975463867,14.74469421279711,14.490245425246606,14.742794941228597,3350000
2015-01-08,14.75988483428955,14.816849940344717,14.62126699032128,14.708614645248268,3518800
2015-01-09,14.64405345916748,14.80545676118943,14.575694174992599,14.801658218335477,3018000
2015-01-12,14.551009178161621,14.718110308079261,14.41239277581057,14.630762648676741,2419600
2015-01-13,14.718109130859375,14.81874878584485,14.579491290875854,14.680130945861329,5664000
2015-01-14,14.729501724243164,14.759884271957452,14.63645770712748,14.682030079979299,6072800
2015-01-15,14.746590614318848,14.860522258020234,14.680129160833545,14.775072438704607,5084000
2015-01-16,14.987750053405762,14.99154714813562,14.752291064718591,14.765583069352871,4970400
2015-01-20,14.961161613464355,15.046609982419639,14.860521972648757,14.991542708465563,3750400
2015-01-21,15.086490631103516,15.101681907642696,14.881414192704074,14.909896025315199,3124800
2015-01-22,15.158645629882812,15.179533269030298,14.978252514401767,15.130162353889006,7003600
2015-01-23,15.149150848388672,15.20611740085289,15.058006102909454,15.120667572156563,3444000
2015-01-26,15.185227394104004,15.3675183053623,15.094081214115166,15.270675760759042,3648000
2015-01-27,15.168139457702637,15.278274021569112,15.092185984834368,15.107375810176244,3418000
2015-01-28,14.877615928649902,15.255489885160262,14.86432392360843,15.198524770148191,3524400
2015-01-29,15.168139457702637,15.19852200582565,14.81305248101262,14.845332851853598,3100000
2015-01-30,14.944070816040039,15.15674427230572,14.942172993629374,15.037116268060936,3734000
2015-02-02,15.19662094116211,15.202317306083087,14.80355582570065,14.959262744658343,2193200
2015-02-03,15.321951866149902,15.37891698304717,15.14915434617232,15.318153322458118,3715600
2015-02-04,15.19282341003418,15.456765601049586,15.141553229782602,15.335238323836137,3040400
2015-02-05,15.285870552062988,15.344734931592424,15.244095270311885,15.268781454284655,1668000
2015-02-06,15.198518753051758,15.348529292684836,15.151047118309112,15.28396711610079,1790000
2015-02-09,15.12826156616211,15.249788846083142,15.088385563255468,15.190924477323737,1108000
2015-02-10,15.301056861877441,15.310550319100463,15.086484156823843,15.26687722869222,1683600
2015-02-11,15.369420051574707,15.407396787599549,15.20042111344082,15.255486946060953,2062400
2015-02-12,15.610573768615723,15.612473039838303,15.342834475010648,15.413091574331965,2111600
2015-02-13,15.502336502075195,15.667538308004586,15.443472140192906,15.614370310340675,1742800
2015-02-17,15.544114112854004,15.652349395465512,15.481451199573788,15.639057394047239,1380400
2015-02-18,15.551713943481445,15.57639868171012,15.441579359901397,15.519433566862432,1274000
2015-02-19,15.568798065185547,15.608674067444516,15.511832968552486,15.54791042847093,1452800
2015-02-20,15.659948348999023,15.690329452082242,15.340938798666304,15.52133049165739,1897200
2015-02-23,15.701719284057617,15.709314919904415,15.54411309985525,15.665640375965186,1870000
2015-02-24,15.792864799499512,15.82514516690871,15.639057149957297,15.665641152378928,2238400
2015-02-25,15.89350414276123,15.965661961153803,15.76248340437371,15.83274050284717,2073600
2015-02-26,15.952369689941406,15.9846500561915,15.853627871304212,15.853627871304212,1934400
2015-02-27,15.851729393005371,15.946672665379406,15.809954121365697,15.908694487198172,1627200
2015-03-02,16.047313690185547,16.0625035140524,15.808056217468884,15.859324951548423,1486800
2015-03-03,15.990347862243652,15.999842770217457,15.859325665546852,15.978955131650734,1774800
2015-03-04,15.906797409057617,15.925787225125898,15.796664298947247,15.920089411073675,2077600
2015-03-05,15.749191284179688,15.902998929640317,15.716909468907673,15.902998929640317,1514400
2015-03-06,15.623865127563477,15.762482946725003,15.53461821712352,15.631460763422135,1652400
2015-03-09,15.920093536376953,15.969464463252532,15.63716287802371,15.686533804899291,2074400
2015-03-10,15.528926849365234,15.785273485025595,15.528926849365234,15.75109383702289,1891600
2015-03-11,15.508033752441406,15.64285302528414,15.460562116283288,15.60487629584539,1448800
2015-03-12,15.734003067016602,15.743497976067076,15.53082447232603,15.5858917576354,2632000
2015-03-13,15.677032470703125,15.79476264848315,15.451068470466376,15.747291012902076,2080800
2015-03-16,16.210617065429688,16.225806890061847,15.81185410790454,15.81185410790454,3581200
2015-03-17,16.18973159790039,16.24100034143848,15.954271175530574,16.203023601685803,2317600
2015-03-18,16.360631942749023,16.394810143720278,15.997947801652398,16.18593515059403,3026800
2015-03-19,15.942872047424316,16.75368829921236,15.677030629645953,16.700518856681345,6255600
2015-03-20,15.675138473510742,16.01503419234184,15.675138473510742,16.00744000366871,6161200
2015-03-23,15.91818904876709,15.96945777730088,15.608673060358617,15.675134508554843,3344800
2015-03-24,15.899200439453125,15.963761166887462,15.838436805336386,15.9390764385248,2152000
2015-03-25,15.5137300491333,15.952368950445019,15.47195622642113,15.952368950445019,5444400
2015-03-26,15.405497550964355,15.530823387824594,15.335240444287814,15.443475735794557,2793600
2015-03-27,15.642857551574707,15.659948098870881,15.363725467121839,15.37131965623149,3061600
2015-03-30,15.711213111877441,15.806156389116497,15.671337109283371,15.72830365511458,1798000
2015-03-31,15.50044059753418,15.718810448553786,15.464363133409263,15.709316989034427,3650800
2015-04-01,15.515631675720215,15.574496049645134,15.316251643690858,15.530822949223285,2781600
2015-04-02,15.701719284057617,15.726404014020153,15.528921828161657,15.528921828161657,2116400
2015-04-06,15.53652286529541,15.680837099116715,15.511838126751202,15.589690885987492,2938800
2015-04-07,15.568798065185547,15.578292972317437,15.399799149017776,15.515630062173587,3863200
2015-04-08,15.595383644104004,15.696024744235444,15.441575984302439,15.591586550098842,3046400
2015-04-09,15.502336502075195,15.669436130264524,15.426381598818487,15.597279768966258,1906800
2015-04-10,15.63336181640625,15.663742914584208,15.494743981445517,15.54221562443323,1881600
2015-04-13,15.441575050354004,15.523226329362426,15.411193953991525,15.428283049060514,2234800
2015-04-14,15.509933471679688,15.53272037923297,15.266878919322298,15.388406195500993,2569200
2015-04-15,15.614377975463867,15.690331467286983,15.561208502979696,15.561208502979696,2724000
2015-04-16,15.595383644104004,15.627665462385956,15.485250533319448,15.587788007374106,2100400
2015-04-17,15.452966690063477,15.551708505893313,15.375113959043206,15.473854326153658,2292800
2015-04-20,15.521328926086426,15.572599114902669,15.479553645930867,15.51563256037788,2416000
2015-04-21,15.578298568725586,15.61817458530977,15.551714557669463,15.5858942074159,2119200
2015-04-22,15.580191612243652,15.620067612887013,15.483349068555848,15.585887976804221,2346800
2015-04-23,15.629563331604004,15.667541515366658,15.515631677755202,15.515631677755202,2095200
2015-04-24,15.595383644104004,15.677034928050917,15.580193819363785,15.64095746448338,2596000
2015-04-27,15.498541831970215,15.646653119681789,15.487147653032743,15.593485113705276,1664800
2015-04-28,15.47385311126709,15.547908742965504,15.41308947888072,15.500437109891173,2339200
2015-04-29,15.321951866149902,15.443479187328004,15.312456955640386,15.41879299949124,2048800
2015-04-30,15.181432723999023,15.339038945886815,15.097883607145539,15.251691285841952,3814400
2015-05-01,15.432083129882812,15.433982401497932,15.234602343503443,15.234602343503443,1965200
2015-05-04,15.479558944702148,15.559312438081017,15.430189459182083,15.464369113852982,1895600
2015-05-05,15.38080883026123,15.610571356224996,15.373213195264174,15.568796088100813,2150400
2015-05-06,15.329543113708496,15.405496581148194,15.227004194201472,15.37511548391622,2137200
2015-05-07,15.403596878051758,15.447269971625898,15.270675428820653,15.327641971165319,1706400
2015-05-08,15.648555755615234,15.686532496986983,15.40739895687319,15.553612453466043,1753200
2015-05-11,15.840338706970215,15.944776909091326,15.570700101682581,15.601082650924972,4971200
2015-05-12,15.659948348999023,15.846036408273223,15.599184694112783,15.779576387103866,3338800
2015-05-13,15.978955268859863,16.034022548397758,15.686529775134268,15.732102146616828,3829200
2015-05-14,16.16314125061035,16.1745339783236,15.988444549598503,16.06629871889019,2176800
2015-05-15,16.225807189941406,16.269481739454896,16.125167537385487,16.157447907314822,1676800
2015-05-18,16.391010284423828,16.42898702268936,16.176438960656142,16.185932420862674,2114400
2015-05-19,16.372018814086914,16.470759184105617,16.362523906959215,16.442275911441946,2232400
2015-05-20,16.389108657836914,16.45746793586764,16.335940652417346,16.360626832590356,2194000
2015-05-21,16.37581443786621,16.436578071359026,16.343534074480498,16.37581443786621,1768400
2015-05-22,16.332143783569336,16.41379506407955,16.060605938962762,16.246693960494266,1558800
2015-05-26,16.29416275024414,16.383409651547463,16.195422391628945,16.313152562306406,1916000
2015-05-27,16.360631942749023,16.38531668191269,16.248598083147886,16.292272643366623,1820800
2015-05-28,16.38341522216797,16.40240359196732,16.335943573309706,16.375819584504274,1573600
2015-05-29,16.347333908081055,16.48785101117266,16.345436085483264,16.4024011865273,2725200
2015-06-01,16.396703720092773,16.459366630880357,16.29606407782635,16.40429935613243,1980000
2015-06-02,16.320749282836914,16.387210737935987,16.286569644024627,16.29416528028508,2729600
2015-06-03,16.370119094848633,16.41379363823343,16.349231458714957,16.38341109523194,2924800
2015-06-04,16.203020095825195,16.413794287902608,16.184031730057384,16.358727013072347,2266800
2015-06-05,16.227705001831055,16.23530063796416,16.085290083954177,16.17263772640566,1448400
2015-06-08,16.176437377929688,16.28467266498822,16.15934683327857,16.214414112479517,1900400
2015-06-09,16.237201690673828,16.265684967118194,16.136562036127405,16.195426411718042,1075600
2015-06-10,16.402400970458984,16.45746824817983,16.212514405374495,16.324548232108494,1180000
2015-06-11,16.413793563842773,16.476455023240423,16.396703021302045,16.465062294026193,1716000
2015-06-12,16.339738845825195,16.37201921289461,16.151750110897396,16.30935630125201,1105600
2015-06-15,16.01883316040039,16.241000127336246,15.925789135129087,16.187832112895503,3655200
2015-06-16,16.197330474853516,16.244802133397965,16.035925676826356,16.035925676826356,1441600
2015-06-17,16.248592376708984,16.288468379224437,16.146053463646627,16.235300375870498,1189600
2015-06-18,16.419492721557617,16.468863637750033,16.32075088917278,16.32075088917278,1638000
2015-06-19,16.48215675354004,16.531526224347246,16.349235270001333,16.406201827049312,4388400
2015-06-22,16.62267303466797,16.649257042605374,16.493550089520653,16.52013409745806,1480000
2015-06-23,16.603681564331055,16.708118304950762,16.58659102029395,16.689129938358043,2906800
2015-06-24,16.43657875061035,16.616971836263993,16.303658749576602,16.303658749576602,2495200
2015-06-25,16.299861907958984,16.516333923071386,16.28277281263721,16.516333923071386,2341200
2015-06-26,16.218212127685547,16.364424144538518,16.144155034898752,16.332143776349092,5514400
2015-06-29,15.997943878173828,16.229605730519374,15.984651875927097,16.142258080223765,1787600
2015-06-30,16.0625,16.185926527502442,16.053006543250074,16.10617453695102,1836000
2015-07-01,16.203020095825195,16.22010919040039,16.13276154889291,16.189728094915782,2002000
2015-07-02,16.18023681640625,16.28467502463068,16.08149642303751,16.26758447750315,1533200
2015-07-06,16.159347534179688,16.212515544343404,16.064404244967445,16.064404244967445,1334400
2015-07-07,16.090986251831055,16.231503345493543,15.933381512337391,16.19542443648298,3020800
2015-07-08,15.901106834411621,16.081500011716887,15.87072572533374,15.999848698534947,2532400
2015-07-09,15.980855941772461,16.1270679770986,15.950473392306423,16.08529269594265,1644400
2015-07-10,16.149852752685547,16.21631275995069,16.04921165743318,16.17833457814239,1815600
2015-07-13,16.334043502807617,16.347335505889024,16.17643873733373,16.30176313085559,1382000
2015-07-14,16.38341522216797,16.421393410486427,16.26758428305623,16.35113484863709,902000
2015-07-15,16.345436096191406,16.40619973990991,16.303660819500024,16.375817193690885,1988800
2015-07-16,16.478355407714844,16.575197958737146,16.400502671625155,16.457467770264554,3652400
2015-07-17,16.24479866027832,16.42708961626899,16.07010189315749,16.42519034469166,4298800
2015-07-20,16.34923553466797,16.520133759858734,16.2656864180234,16.33024716491783,2796800
2015-07-21,16.176437377929688,16.4745592351765,16.174538106586326,16.364424676774604,2335600
2015-07-22,16.50874137878418,16.533426115112267,16.178337653483286,16.284675134040715,3426800
2015-07-23,16.28087615966797,16.518234402106003,16.248595786389135,16.493549666431555,1934400
2015-07-24,15.997943878173828,16.24669482681392,15.973259145064066,16.184033358347662,1856000
2015-07-27,15.906797409057617,16.028326147272434,15.885911219077729,15.988448692504699,1726400
2015-07-28,16.10618019104004,16.108079462544435,15.842237951996626,15.967562345612787,1709600
2015-07-29,16.191625595092773,16.203019773302213,16.01123395081013,16.11377286237859,2033600
2015-07-30,16.18973159790039,16.233404703743993,16.0017428245813,16.087192662104457,1050000
2015-07-31,16.235300064086914,16.33024333931549,16.218210969931086,16.277075336982595,2292000
2015-08-03,16.354928970336914,16.368220971652402,16.14795331432154,16.2941653287919,1386800
2015-08-04,16.51064109802246,16.52963091907721,16.30366537674919,16.387215953486265,2378800
2015-08-05,16.63595962524414,16.700520352449647,16.552409085360015,16.694823988133784,3433600
2015-08-06,16.561908721923828,16.65495274600213,16.499245799113663,16.65495274600213,1886000
2015-08-07,16.60177993774414,16.63595957224974,16.39290503741852,16.472657035025144,2142000
2015-08-10,16.774581909179688,16.846739745911364,16.740403711216032,16.747997900505855,1869600
2015-08-11,16.694826126098633,16.710017398699218,16.57519811398787,16.626466848115484,1508400
2015-08-12,16.68153190612793,16.71191444728826,16.472657006168216,16.520128640191757,2029600
2015-08-13,16.727109909057617,16.82964884696801,16.611280415807506,16.700525900938604,1989600
2015-08-14,16.803058624267578,16.84293462169803,16.683430631976215,16.721407358466383,1662400
2015-08-17,16.926490783691406,16.937883515680802,16.66064926375423,16.76698674096094,1506000
2015-08-18,16.873321533203125,17.040421201257,16.863826624761128,16.966365551312244,1959600
2015-08-19,16.641658782958984,16.77647807303537,16.548614769836885,16.766984613821837,2089200
2015-08-20,16.444177627563477,16.65495184840575,16.444177627563477,16.52772818680752,2254800
2015-08-21,16.11567497253418,16.514436510845975,16.11567497253418,16.394807035248668,2848000
2015-08-24,15.481449127197266,15.87071710746917,14.811149883495691,15.378910223388287,4696000
2015-08-25,15.42448616027832,15.861224386239723,15.403598522436742,15.821348381829301,4067600
2015-08-26,15.952369689941406,15.99604278575755,15.51752931063088,15.800459868370075,3966000
2015-08-27,16.235300064086914,16.288468066419814,16.009334605452686,16.051109878348367,2790000
2015-08-28,16.210617065429688,16.282773440771027,16.081494139379163,16.128965782063627,2074800
2015-08-31,16.138460159301758,16.258089632851483,16.049213234183593,16.113775425240846,2561600
2015-09-01,15.771979331970215,16.018832472669605,15.705519316772588,15.87451826201213,3044400
2015-09-02,16.06820297241211,16.07959570365818,15.865024389112559,15.937180768203739,2271200
2015-09-03,16.157445907592773,16.25998481884195,16.102380082749512,16.153648814014396,2039600
2015-09-04,15.902997970581055,16.075795420034748,15.851729241425847,15.954266699736264,1835600
2015-09-08,16.40050506591797,16.402402888712707,16.113775913466082,16.16884319762702,2546000
2015-09-09,16.147953033447266,16.567602151930636,16.127065396212032,16.525826877460165,2792800
2015-09-10,16.18023681640625,16.26948374912171,16.125169529226074,16.125169529226074,2488800
2015-09-11,16.284666061401367,16.301755150403135,16.11376792778882,16.11566719836201,1219200
2015-09-14,16.201120376586914,16.307456380921458,16.185929104905007,16.307456380921458,1724000
2015-09-15,16.43088150024414,16.466960405173584,16.121366972398775,16.248590602060435,1958000
2015-09-16,16.392908096313477,16.455571012719773,16.32454881454653,16.409997192395426,2874800
2015-09-17,16.45177459716797,16.641661193579157,16.366326208270838,16.423291317962338,2980800
2015-09-18,16.40999984741211,16.45937076972488,16.189732141751712,16.220113244830475,9696800
2015-09-21,16.580900192260742,16.634068215963236,16.41569830542514,16.516339434541994,2863200
2015-09-22,16.332143783569336,16.444176161000822,16.22960486511096,16.37581688202857,3161200
2015-09-23,16.440380096435547,16.484053197629017,16.26568479422246,16.387212086955007,2072400
2015-09-24,16.35873031616211,16.504942355688186,16.146056809949897,16.30746012464536,3006800
2015-09-25,16.785974502563477,17.038524009792965,16.402402787322362,16.50684098917506,4353600
2015-09-28,16.28277015686035,16.77647485146445,16.278973063648,16.717610489997746,2504800
2015-09-29,16.102386474609375,16.328350574564624,15.984656244874717,16.328350574564624,3740800
2015-09-30,16.28277015686035,16.394802515615595,16.094782895384643,16.225803617640185,3396000
2015-10-01,16.233400344848633,16.38341088941536,16.09668180049823,16.360625431169872,2878000
2015-10-02,16.389108657836914,16.402400659191805,15.85173078987243,15.999842076032511,4347200
2015-10-05,16.634061813354492,16.736600726192524,16.459366531653885,16.571398902944676,2771200
2015-10-06,16.28087615966797,16.71002026763746,16.22770814515701,16.55621259012793,3188800
2015-10-07,16.584693908691406,16.60938009232415,16.322650938661617,16.40430222949056,2498400
2015-10-08,16.951175689697266,16.991053149500612,16.45557300981842,16.586593775173167,3129600
2015-10-09,17.055612564086914,17.167646399663397,16.898006354934733,17.015736556118224,2241200
2015-10-12,17.287275314331055,17.349938236676245,17.03852434521008,17.101185818835564,2597200
2015-10-13,17.367023468017578,17.539820921702646,16.882813640914716,16.882813640914716,3806400
2015-10-14,17.218914031982422,17.57590025803032,17.190430757058703,17.49045188197871,2724800
2015-10-15,17.67654037475586,17.682238188866947,17.36132941709601,17.36132941709601,3270400
2015-10-16,17.57400131225586,17.754392960711133,17.49045076414464,17.714516957854265,1828400
2015-10-19,17.596790313720703,17.653756871393817,17.498049922303014,17.56071284599949,1448000
2015-10-20,17.61577796936035,17.706924168199002,17.545520859626915,17.545520859626915,1769600
2015-10-21,17.344242095947266,17.752498593282276,17.317658086699392,17.735409493931435,1970800
2015-10-22,17.539823532104492,17.608182815305337,17.38221732646257,17.467665706103823,2024000
2015-10-23,17.75439453125,17.786674900886847,17.442980668203717,17.680338883862138,1526000
2015-10-26,17.76009178161621,17.856934344071995,17.706923770454495,17.76768741874212,1773600
2015-10-27,17.594890594482422,17.77148371705244,17.494249493611054,17.706922977453026,2060400
2015-10-28,17.655658721923828,17.915802466454686,17.492356111375138,17.705028200484165,2182800
2015-10-29,17.534128189086914,17.761992981443846,17.482859443820495,17.655656947575828,2325200
2015-10-30,17.67654037475586,17.735406197480444,17.530328351068736,17.564507992137354,3852400
2015-11-02,17.73540687561035,17.856934171007797,17.68033959352094,17.771484340709208,2336800
2015-11-03,17.558813095092773,17.796171331051703,17.518937085298038,17.78287932778679,2846000
2015-11-04,17.572254180908203,17.852672539365795,17.480062606670487,17.808497837439827,2925200
2015-11-05,17.441650390625,17.737434536556062,17.399395303297872,17.570336738037298,2686800
2015-11-06,17.455095291137695,17.5626540963235,17.385950868289267,17.4493335001268,2337200
2015-11-09,17.43012809753418,17.480066064918528,17.278394575167116,17.42820701196122,1982400
2015-11-10,17.53768539428711,17.58954444709778,17.203488308125326,17.387872957916617,2154400
2015-11-11,17.58761978149414,17.670208859779194,17.512713578556376,17.643319528743003,2451600
2015-11-12,17.320648193359375,17.597225877998667,17.312965317079527,17.53768395316954,1645200
2015-11-13,17.19196128845215,17.428203478466063,17.161229786951253,17.33409081949719,1823200
2015-11-16,17.18044090270996,17.190044865873617,16.95956440353625,17.069042842950356,3223600
2015-11-17,17.20348358154297,17.3091212783494,17.099766969776255,17.16891137762073,3454800
2015-11-18,17.54920768737793,17.583779895371425,17.25150248158067,17.268789318256772,2855200
2015-11-19,17.432048797607422,17.754722294858574,17.430127712076946,17.568416563093,3782800
2015-11-20,17.53768539428711,17.60106802978507,17.47238313858056,17.518478934688652,7562400
2015-11-23,17.702861785888672,17.708623576646925,17.481983859550006,17.481983859550006,1879600
2015-11-24,17.606828689575195,17.670211320999687,17.437809804468728,17.641400900774112,1600800
2015-11-25,17.666366577148438,17.679811241465902,17.55304600759395,17.637556163508584,1062800
2015-11-27,17.67213249206543,17.699021826977216,17.54920939950901,17.631798489697747,867200
2015-11-30,17.591461181640625,17.789291932593937,17.579937600843643,17.658685977246225,2638400
2015-12-01,17.889169692993164,17.891090778600766,17.579940851323204,17.6682917396062,1981200
2015-12-02,17.67789077758789,17.85843467507325,17.66252502772561,17.84883071506969,1394400
2015-12-03,17.316808700561523,17.71822912312231,17.239981397741783,17.6798162043919,2306800
2015-12-04,17.79889488220215,17.82578421498688,17.3475365500485,17.35329834059398,1965200
2015-12-07,17.67213249206543,17.80273846107648,17.29759995803606,17.743196534892792,1668800
2015-12-08,17.768163681030273,17.823863428254906,17.52231753145853,17.585698688668472,2392800
2015-12-09,17.522315979003906,17.770081726440928,17.437805823066622,17.770081726440928,2855200
2015-12-10,17.58185577392578,17.658683052350685,17.45509054472092,17.545362486968298,1358000
2015-12-11,17.266868591308594,17.595303841383064,17.24381996371506,17.433966378945808,1858400
2015-12-14,17.26879119873047,17.46085871619636,17.18043885118036,17.337934156888032,2663600
2015-12-15,17.351375579833984,17.627953222180402,17.266866884395927,17.44164753061975,2254000
2015-12-16,17.52423858642578,17.593383004825256,17.32640929253347,17.476221710612744,2956400
2015-12-17,17.385948181152344,17.6702087050788,17.29567769366895,17.568413171996053,2044000
2015-12-18,16.997974395751953,17.56073225074544,16.990291519617035,17.36482403806074,4489200
2015-12-21,17.13434600830078,17.330255730458067,17.01334397898654,17.184283981743107,2831600
2015-12-22,17.503108978271484,17.735510453937493,17.18043555227269,17.572253388511125,3973200
2015-12-23,17.57801628112793,17.654843571253362,17.506952246682815,17.606826698094803,2133200
2015-12-24,17.58185577392578,17.652921262906546,17.470456293477593,17.516552074389153,845200
2015-12-28,17.67405128479004,17.681734160885018,17.39363290143792,17.52039815896686,1441200
2015-12-29,17.827707290649414,17.98520259969716,17.68173556397917,17.789294372485145,1409200
2015-12-30,17.716306686401367,17.937184615652736,17.70286201933522,17.866119109526647,1178800
2015-12-31,17.48774528503418,17.745115014353015,17.485824199862936,17.679812772117,1260000
2016-01-04,16.9576416015625,17.253425759686777,16.86736963225302,17.25150467417667,2866400
2016-01-05,16.984525680541992,17.140099855455873,16.919221981639904,17.013336092841197,2511600
2016-01-06,16.90770149230957,17.06327569565062,16.711793290523016,16.769412660291433,1916400
2016-01-07,16.686824798583984,16.852002974980017,16.558139918128113,16.675301216859225,3366800
2016-01-08,16.25467300415039,16.748286451106363,16.220100793394927,16.746366831045766,3231200
2016-01-11,16.385272979736328,16.433289840153193,16.206650200371257,16.31036679471468,2740000
2016-01-12,16.681060791015625,16.732919832603255,16.35646773757915,16.373753107869277,2674400
2016-01-13,16.289243698120117,16.71563376928093,16.243147909858017,16.70218910331454,1942400
2016-01-14,16.429454803466797,16.54661610052775,16.26811733482598,16.396803678806215,2065600
2016-01-15,16.139432907104492,16.231625958240457,15.864776304488789,16.079892446900146,2817200
2016-01-19,16.037633895874023,16.362228392142367,15.9300765805769,16.264273571220475,2976000
2016-01-20,15.814840316772461,16.00690785405865,15.41726057320441,15.80139564777679,3081600
2016-01-21,15.428784370422363,16.0126698122552,15.365401736572863,15.870538791133493,5956000
2016-01-22,15.83404541015625,15.931998781590341,15.568991318288397,15.626612155309779,3242400
2016-01-25,15.720726013183594,15.878221318908022,15.689995972372394,15.801394018841721,2353600
2016-01-26,15.914713859558105,16.004985822942558,15.74569497973451,15.753376390552985,2747600
2016-01-27,15.895506858825684,16.074129694109057,15.835964936825395,15.92623689712628,2893600
2016-01-28,15.96849250793457,16.085653805116962,15.893586296996162,16.01843047034644,3269200
2016-01-29,16.50244140625,16.513966454201007,15.901270580167248,16.051083015300023,4488400
2016-02-01,16.5389347076416,16.658017100761988,16.25275450547299,16.406407646375275,3081200
2016-02-02,16.37183380126953,16.59271172624304,16.302689381880278,16.43905713529831,3879200
2016-02-03,16.277721405029297,16.70987330073804,16.11254322988525,16.6176802515623,3633600
2016-02-04,16.358388900756836,16.40064398593089,16.227782939927373,16.29692735832878,2741600
2016-02-05,16.003063201904297,16.381436391513166,15.922395207822037,16.32573664359199,3141600
2016-02-08,15.872462272644043,15.914717368255568,15.595884530720692,15.903193784128469,2598400
2016-02-09,16.035717010498047,16.17976765207906,15.726488182675423,15.747615727336017,2569200
2016-02-10,15.995382308959961,16.323817581594852,15.974254765220977,16.10486073317159,1813200
2016-02-11,15.772581100463867,15.922393492003696,15.417255110106813,15.749532476627548,1454800
2016-02-12,15.943522453308105,16.04723907178726,15.722644550918721,15.964649994036746,2402400
2016-02-16,16.129831314086914,16.174006024016354,15.947366287028476,16.160561355947536,2412800
2016-02-17,16.056842803955078,16.066446765156606,15.40765517756137,15.423020929340318,5062400
2016-02-18,15.9569730758667,16.150960254455445,15.732254384614874,16.106785536701246,2099600
2016-02-19,16.014589309692383,16.085654819708655,15.73225128584792,15.866697963869093,2856400
2016-02-22,16.256595611572266,16.300771788201953,16.129831803840016,16.150957883996256,2482000
2016-02-23,16.125986099243164,16.256592049556634,16.062603476585455,16.241226298847135,1559600
2016-02-24,16.17400360107422,16.19705222803608,15.910870605021437,16.00498473276334,1768000
2016-02-25,16.283483505249023,16.283483505249023,16.077971325110298,16.241228417963875,1898800
2016-02-26,16.298847198486328,16.325736529659427,16.187447703421398,16.325736529659427,1536400
2016-02-29,16.131750106811523,16.354549126648227,16.131750106811523,16.29500720080423,1983600
2016-03-01,16.510122299194336,16.52740913636415,16.195131713083562,16.256593255120816,1599600
2016-03-02,16.531248092651367,16.53700988264546,16.341101696053283,16.45442080689339,1893600
2016-03-03,16.656091690063477,16.671457439771302,16.408324471119297,16.51396216866243,1502400
2016-03-04,16.70987319946289,16.8155109150283,16.608077654659205,16.66185632245294,3316400
2016-03-07,16.88849449157715,16.980687531738372,16.6138379216568,16.656093004007417,2749600
2016-03-08,16.834718704223633,16.96532467863472,16.669540517016703,16.7924636146555,1728400
2016-03-09,16.755970001220703,16.938435024073645,16.64265086801803,16.88849705867234,2375600
2016-03-10,16.85200309753418,16.997974816997566,16.719477510659218,16.853924182955215,1805200
2016-03-11,17.107452392578125,17.115135268522753,16.592711427157937,16.978767517562765,1866000
2016-03-14,17.190044403076172,17.23422058093701,16.971087530142803,17.072883089357212,2324400
2016-03-15,17.213090896606445,17.253424898151316,16.992212965457924,17.028706261533255,2573600
2016-03-16,17.25342559814453,17.31680823115462,17.0671198700985,17.18812187964232,1979600
2016-03-17,17.287996292114258,17.349457834235164,17.172756083807403,17.276471245532445,3108000
2016-03-18,17.380191802978516,17.42436798325485,17.209251804505858,17.316810626559896,3460400
2016-03-21,17.320648193359375,17.457015950269355,17.191963312729243,17.30912461161901,3364400
2016-03-22,17.353300094604492,17.382110515602683,17.197725872716703,17.366744762355797,2932000
2016-03-23,16.571582794189453,17.535762414092655,16.490914800117167,17.47814158097893,7923200
2016-03-24,16.809749603271484,16.892338699896044,16.50628401913938,16.565824484603958,4618800
2016-03-28,17.02678871154785,17.118980315547628,16.694511203124144,16.85584870816244,2580000
2016-03-29,17.218852996826172,17.261108084544336,16.97300681231197,16.97300681231197,2278000
2016-03-30,17.234216690063477,17.334091141076964,17.2092469782911,17.286074268109992,2715600
2016-03-31,17.24958038330078,17.286073674417086,17.1036101495528,17.157388810971383,2779200
2016-04-01,17.299516677856445,17.318723131466744,17.101687421489277,17.130497834583963,2199600
2016-04-04,17.076725006103516,17.47430473948841,17.055597460314452,17.347539464754018,2159200
2016-04-05,16.967243194580078,17.128580665580472,16.761731016712556,16.761731016712556,2771600
2016-04-06,17.084402084350586,17.084402084350586,16.949955431940396,16.98644872274828,2361200
2016-04-07,17.08056640625,17.09401107544779,16.930753959372062,16.999898391063272,3936000
2016-04-08,17.155467987060547,17.215008439486567,17.05559353795638,17.19004019355019,1902000
2016-04-11,17.11513328552246,17.297596805650816,17.105529325364724,17.22461169067119,2569600
2016-04-12,17.25342559814453,17.278393848106592,17.086326328943077,17.161232544188138,2105600
2016-04-13,17.39939308166504,17.551126573438967,17.37058413067394,17.551126573438967,3984000
2016-04-14,17.336008071899414,17.43588249897902,17.293752999357086,17.364818481847212,2452000
2016-04-15,17.287996292114258,17.382108957939668,17.23421762592831,17.36290250078165,1602400
2016-04-18,17.345617294311523,17.382110592093746,17.238059951827776,17.251504619638244,1351600
2016-04-19,17.376344680786133,17.401312924982744,17.284151648118154,17.382106470573156,2511200
2016-04-20,17.316808700561523,17.387872746748673,17.2976007758374,17.3629044961098,2031200
2016-04-21,17.124738693237305,17.286074686943262,17.109372941829488,17.286074686943262,2263600
2016-04-22,17.22845458984375,17.25534392327991,17.143945884198143,17.143945884198143,2158800
2016-04-25,17.18235969543457,17.24190015609828,17.111294187440677,17.2188529921556,2277200
2016-04-26,17.25342559814453,17.297600306951168,17.17659829740735,17.207328338486896,3123600
2016-04-27,17.28031349182129,17.382109034027252,17.151628616404647,17.276471321157615,2510800
2016-04-28,17.147789001464844,17.3667458704475,17.117058958369213,17.23422026997419,5052000
2016-04-29,17.24382209777832,17.253426060137212,16.999896986667014,17.095930748820255,2884000
2016-05-02,17.27839469909668,17.316809084036684,17.19580560317436,17.255346068132678,1885600
2016-05-03,17.21116828918457,17.241898326299857,17.153547454725206,17.205406498810373,2226400
2016-05-04,17.255346298217773,17.31104605810427,17.165075789462726,17.199648003690246,1789200
2016-05-05,17.27454948425293,17.36097926342974,17.257262649202424,17.32064526878999,1904000
2016-05-06,17.478147506713867,17.501196140845423,17.21117372246642,17.24766702683493,3155200
2016-05-09,17.56649398803711,17.61835303545027,17.495428483024504,17.533842863582176,2725600
2016-05-10,17.6510066986084,17.66637245304149,17.57610047744583,17.622196275386106,2201200
2016-05-11,17.562652587890625,17.662527042672018,17.55496971208302,17.6106694626691,1863600
2016-05-12,17.610671997070312,17.658688878759033,17.5261618163833,17.61835487398358,1823600
2016-05-13,17.57801628112793,17.70286044441192,17.537682283517782,17.60490707822671,2799600
2016-05-16,17.620271682739258,17.687495013305664,17.558810142598723,17.59914414093857,2588000
2016-05-17,17.53000259399414,17.652927159751204,17.514638305463585,17.616433860603376,2550800
2016-05-18,17.50503158569336,17.641399332925523,17.391712465665016,17.510793376154638,3188800
2016-05-19,17.55881118774414,17.616432026150065,17.408998766319296,17.4685392247423,2314800
2016-05-20,17.6798152923584,17.77392796414424,17.604909078946978,17.652925957562445,4133600
2016-05-23,17.731672286987305,17.766244497055386,17.668289657636024,17.670210743017247,2064800
2016-05-24,18.071632385253906,18.085078518496523,17.758562852899374,17.773928606297595,4123600
2016-05-25,18.019771575927734,18.12540927994582,17.946786458379822,18.12540927994582,3258800
2016-05-26,18.04474449157715,18.156144014578672,18.015935533351765,18.029380202309948,2289600
2016-05-27,18.263700485229492,18.26562157080485,17.98520315651901,18.046664706700028,3155200
2016-05-31,18.207996368408203,18.340521923544216,18.106199380496534,18.234885696427597,14615600
2016-06-01,18.209918975830078,18.211840061106233,18.04666189596613,18.131172063812333,1849200
2016-06-02,18.336688995361328,18.340529701553553,18.14270036207437,18.20416191866362,2648800
2016-06-03,18.244489669799805,18.298268330199026,18.086994393476974,18.256014715141493,1727600
2016-06-06,18.282907485961914,18.350130824111556,18.133095056554467,18.2444931031915,1246000
2016-06-07,18.231046676635742,18.340525092590962,17.95254938887419,18.279063551446956,3023200
2016-06-08,18.275222778320312,18.277143863606067,18.169585067984634,18.252174150967424,1902400
2016-06-09,18.350130081176758,18.355891872019328,18.17726902910562,18.273302784105272,2121200
2016-06-10,18.154220581054688,18.265620089649094,18.11580766481605,18.21376250619105,1800400
2016-06-13,18.075471878051758,18.206077831867038,17.98135921681034,18.015931424154346,1628000
2016-06-14,18.079315185546875,18.108125606707056,17.973678928438062,18.073553394386614,1532000
2016-06-15,18.062030792236328,18.15806455774246,18.04474395245856,18.146540974796597,1307200
2016-06-16,18.165742874145508,18.18494932935298,17.868037689674598,18.044739422157093,1400800
2016-06-17,18.05818748474121,18.158063415184127,17.954472314036543,18.156142329694372,1876000
2016-06-20,18.10236167907715,18.23680834147853,18.083155222356766,18.215680799478495,1504800
2016-06-21,18.150375366210938,18.204154021727543,18.063945593467604,18.181106863853834,1134800
2016-06-22,18.169586181640625,18.269462107599388,18.159983685340737,18.19263481040622,1226000
2016-06-23,18.37894058227539,18.37894058227539,18.231047778318956,18.27138177975467,1347600
2016-06-24,17.925661087036133,18.11196680647468,17.86227845695437,17.885327085718323,4711600
2016-06-27,17.59914207458496,17.88916436995784,17.52423587712605,17.85459216610307,3159200
2016-06-28,17.91797637939453,17.931421045126296,17.685574891540526,17.76048109566873,2994000
2016-06-29,18.371259689331055,18.417355486611328,18.029379717564325,18.07163334361184,2700000
2016-06-30,18.84758186340332,18.85142403372206,18.355889568425418,18.421193275616396,3268800
2016-07-01,18.99932098388672,19.02621032265254,18.622868775806204,18.78804697985855,2513200
2016-07-05,19.110713958740234,19.139524373357787,18.89175715222054,19.033886674879618,3245600
2016-07-06,19.072301864624023,19.147208066615953,18.932091955684044,18.945536621032375,2742000
2016-07-07,18.96858787536621,19.149130340011332,18.89944345389061,19.07998591853573,1820400
2016-07-08,19.13568687438965,19.16449729604005,19.03773349228076,19.143369751187016,3339200
2016-07-11,18.836061477661133,19.12032204975347,18.730423756359517,19.12032204975347,3089200
2016-07-12,18.726579666137695,18.966664020831768,18.71313500088917,18.88791564911998,2418800
2016-07-13,18.72465705871582,18.874469449408043,18.71697418414718,18.847580121097053,1378400
2016-07-14,18.805330276489258,18.85334715314414,18.724660810036383,18.83413923019516,1876800
2016-07-15,18.745790481567383,18.9013661760387,18.713139353420654,18.841824245781723,1616000
2016-07-18,18.755393981933594,18.853348829318776,18.67472597366764,18.816855530901787,1828800
2016-07-19,18.711217880249023,18.843744941034494,18.64207345421825,18.69201142087579,2773600
2016-07-20,20.52241325378418,20.92959690456403,19.3239123956487,19.408422569389135,13518400
2016-07-21,20.608842849731445,20.747130215566237,20.518570892404657,20.545460224541312,5032800
2016-07-22,20.733684539794922,20.760573870622103,20.587714305406973,20.624206131324648,2791200
2016-07-25,20.785541534423828,20.87581347846337,20.612680520875603,20.668380262205503,2933200
2016-07-26,20.81819725036621,20.956486091749245,20.633812616975103,20.802831497910585,2675600
2016-07-27,20.735607147216797,20.83548306792876,20.631890521258406,20.83548306792876,1869200
2016-07-28,20.777864456176758,20.839326004210765,20.57235226756065,20.729847575982724,2086800
2016-07-29,20.60308074951172,20.77018000746891,20.530095624670018,20.77018000746891,3634800
2016-08-01,20.62997055053711,20.693351710857268,20.555062878597447,20.601160132923194,1940800
2016-08-02,20.42637825012207,20.626128625165133,20.420616459602545,20.52049091444471,2487200
2016-08-03,20.420616149902344,20.7010345186834,20.303454859919743,20.426377940334486,3234000
2016-08-04,20.466716766357422,20.699118315877318,20.41485917487738,20.428303844176583,1981200
2016-08-05,20.53009796142578,20.822041424739442,20.42446023482697,20.545463715359965,2376800
2016-08-08,20.46479606628418,20.55122586931059,20.393730552104063,20.55122586931059,1731200
2016-08-09,20.516653060913086,20.516653060913086,20.368761710707187,20.48784263895224,2129600
2016-08-10,20.624208450317383,20.65301886954557,20.487840695686693,20.49936574259324,1506800
2016-08-11,20.64917755126953,20.72984555042714,20.437903592131573,20.724083759824275,2580400
2016-08-12,20.618444442749023,20.664540229342848,20.53585536469916,20.576189361138585,1237600
2016-08-15,20.63188934326172,20.65109579911472,20.532014893610917,20.608842182381576,1716000
2016-08-16,21.701705932617188,22.596741166107037,21.686341646631128,22.197240423295465,9035200
2016-08-17,22.212610244750977,22.29519934166384,21.811188343127395,21.974446916702313,6874800
2016-08-18,21.87456703186035,22.27598886103097,21.730516409665103,22.27598886103097,2694400
2016-08-19,21.85536003112793,21.87264540198879,21.67481612022381,21.776611656249777,4075600
2016-08-22,21.901456832885742,21.96099728908606,21.82847171027378,21.857282128401227,1711600
2016-08-23,21.99749183654785,22.024381170903364,21.782377161703735,21.907219871771986,1593600
2016-08-24,21.98213005065918,22.03975090059522,21.874572693828263,22.010940475627198,1489200
2016-08-25,22.287513732910156,22.40851573503415,21.976363843415733,21.976363843415733,3157200
2016-08-26,22.22413444519043,22.446933490628254,22.039749786220685,22.27215132925627,2191200
2016-08-29,22.35281753540039,22.404676586599333,22.095447760990172,22.195322227013524,1726000
2016-08-30,22.479583740234375,22.483424446051348,22.25678470351712,22.29327800289366,2093600
2016-08-31,22.569852828979492,22.60442503835005,22.37586423943586,22.489183363542338,2848000
2016-09-01,22.60634994506836,22.663970795947463,22.48918862287753,22.663970795947463,1903600
2016-09-02,22.825298309326172,22.89060201362428,22.677406996495773,22.70813849624984,2232400
2016-09-06,22.884843826293945,23.036577333158785,22.635155480241163,22.87908203552268,2182400
2016-09-07,22.721586227416992,22.848350017613363,22.690854723515592,22.82914356035437,2840800
2016-09-08,22.508390426635742,22.63899638311894,22.496865380379862,22.629392422132156,1958000
2016-09-09,21.85919952392578,22.45460988677416,21.80542086375179,22.370099726295845,5355600
2016-09-12,22.035903930664062,22.072395757582168,21.8495982295691,21.911059768196015,3718800
2016-09-13,21.69210433959961,21.968680548519437,21.67865967295322,21.849599634039638,4372000
2016-09-14,21.73051643371582,21.907218178784802,21.622959104605776,21.709388891875104,3331200
2016-09-15,21.912982940673828,22.00517599624025,21.615279159986716,21.701708958976123,2726400
2016-09-16,21.765087127685547,21.889931284780342,21.686340221595927,21.80926329355919,4370400
2016-09-19,21.765087127685547,21.951392820761974,21.718991342038976,21.807342208427656,1578400
2016-09-20,21.868806838989258,21.94755375622208,21.768930913036876,21.916823716562067,2008000
2016-09-21,22.03206443786621,22.06471556368275,21.70555024898311,21.88033092539312,2166800
2016-09-22,22.106969833374023,22.325926674826018,22.032063622633014,22.08584229030771,1569600
2016-09-23,21.926427841186523,22.252942024964895,21.889934545045133,22.083923142181558,1412800
2016-09-26,21.740123748779297,21.891857270245595,21.72283690944317,21.86688755402218,1738400
2016-09-27,21.786218643188477,21.841918399297136,21.5749446662873,21.740122849131225,2927600
2016-09-28,22.31248664855957,22.836831698161088,22.20685037661608,22.834910612384924,5900800
2016-09-29,21.388635635375977,22.293273330316648,21.336776592883076,22.193398881060112,6044800
2016-09-30,21.626800537109375,21.667134536882113,21.38287545314316,21.49235387120024,5656000
2016-10-03,21.592226028442383,21.87648654726697,21.54228953805641,21.65944935423781,3142000
2016-10-04,21.41168785095215,21.65561295746681,21.21001636808717,21.596072494968666,3355600
2016-10-05,21.304126739501953,21.49427461948159,21.244586283441375,21.38671582308214,3086000
2016-10-06,21.465465545654297,21.511561338221444,21.186966774113813,21.20425361217576,2028000
2016-10-07,21.21578025817871,21.51732623687572,21.192731625886804,21.51732623687572,2446000
2016-10-10,21.277240753173828,21.38864027233449,21.223462079195293,21.28876433606667,1872000
2016-10-11,20.996816635131836,21.30028360204035,20.931514395987723,21.186963028040445,2054000
2016-10-12,21.07940673828125,21.14855115096125,20.98145190942481,21.046755617115316,1552800
2016-10-13,20.998741149902344,21.083249857576305,20.818197222190093,21.004502940725704,1660000
2016-10-14,20.983375549316406,21.156236602062172,20.979534843859305,21.023709550730615,1298400
2016-10-17,20.79130744934082,21.040995792381725,20.774022077235518,20.93919878366834,1822800
2016-10-18,20.820117950439453,21.32525496385934,20.80091149290478,20.989136828246856,2201200
2016-10-19,20.758657455444336,20.893104130335498,20.702957700029753,20.777863913948952,2196400
2016-10-20,20.4686336517334,20.739449533219425,20.38988673781451,20.724083781356654,3856800
2016-10-21,20.445585250854492,20.505127173643867,20.332266126666074,20.38412370808003,2665600
2016-10-24,20.545455932617188,20.666457901954956,20.46286686820488,20.56466238507992,1520000
2016-10-25,20.499366760253906,20.535858592086317,20.37260149550034,20.4820799217153,2392800
2016-10-26,20.476320266723633,20.51857535938283,20.313063153106846,20.42062050506915,1853600
2016-10-27,20.2957706451416,20.55122075007628,20.24775377423021,20.5185696295426,1653200
2016-10-28,20.345714569091797,20.499369187222403,20.222791460730928,20.268887260026496,1883200
2016-10-31,20.487838745117188,20.576189614408953,20.313058091728315,20.445583662986635,2906800
2016-11-01,20.044166564941406,20.462873818419826,19.96733926363769,20.445586979581016,3372000
2016-11-02,20.758586883544922,20.938709041205914,20.74239574611943,20.825374167371184,2933200
2016-11-03,20.843582153320312,20.87191586377841,20.657388757718138,20.784890454779568,2328000
2016-11-04,20.85774803161621,21.015607709366474,20.819296022979188,20.892154573336438,1973200
2016-11-07,21.21192741394043,21.22204726060648,21.001447264675424,21.07633011541749,1752400
2016-11-08,21.377878189086914,21.444665457191615,21.116801949827032,21.207875918352936,1649200
2016-11-09,21.754316329956055,21.827174896447893,20.815252077474216,20.952873642617504,3264800
2016-11-10,21.853485107421875,21.936461972734786,21.728006126427555,21.79681613453721,3221600
2016-11-11,22.00324821472168,22.027533372175565,21.653122268736475,21.713838250514296,2598400
2016-11-14,22.068010330200195,22.2562280133384,21.900030792159015,22.090272753028376,2839200
2016-11-15,22.08824920654297,22.173250345207403,21.930389507860006,22.13277405367335,2519600
2016-11-16,22.057889938354492,22.074081071659005,21.851458392972024,22.007293804831473,2294800
2016-11-17,22.34325408935547,22.403968526446622,22.057891139590957,22.06193969517329,2324400
2016-11-18,22.60837745666504,22.620520035326596,22.20967965384733,22.337182906079896,6089200
2016-11-21,22.82695198059082,22.830998991915802,22.462659198483607,22.66302100067831,2372000
2016-11-22,23.241838455200195,23.27826773200436,22.83099811039687,22.83099811039687,2892400
2016-11-23,23.338987350463867,23.419941483115263,23.189223208705354,23.2883912105657,2333600
2016-11-25,23.575773239135742,23.577797516756146,23.28838757989491,23.430056131894922,1143600
2016-11-28,23.502920150756836,23.59601687001525,23.436134414467645,23.51101571904954,2686400
2016-11-29,23.391605377197266,23.53124965907298,23.37946125489436,23.513035791725862,2168000
2016-11-30,23.193267822265625,23.426010350545383,23.148742976707748,23.397676638657916,2870000
2016-12-01,23.454345703125,23.478632405329527,23.114339592619594,23.19529372256309,2524800
2016-12-02,23.608158111572266,23.64053883671712,23.34708185628318,23.421964695792504,2213200
2016-12-05,23.891494750976562,23.917804184414823,23.61827439602419,23.678990373585037,2726000
2016-12-06,23.96232795715332,23.98863738941502,23.81053956411063,23.859111417544305,2153600
2016-12-07,24.361026763916016,24.3873361973088,23.9704245539307,24.010900842853673,2127200
2016-12-08,24.3974552154541,24.468289490706507,24.154592857925486,24.300309963628376,1918800
2016-12-09,24.429840087890625,24.48043622796431,24.294242803070343,24.361030078544808,1925600
2016-12-12,24.36305046081543,24.545196856313673,24.296264735858998,24.433886285338616,2829600
2016-12-13,24.3974552154541,24.462218201980786,24.21935584445217,24.405549237707465,2540800
2016-12-14,24.191020965576172,24.57352757752998,24.170782822777763,24.45007289916697,2639200
2016-12-15,24.288169860839844,24.733415245566857,24.223406867714615,24.488530129559845,2609200
2016-12-16,24.223407745361328,24.405552608576198,24.12828675799663,24.324600022290305,14391200
2016-12-19,24.316505432128906,24.51686571616072,24.284123161055817,24.354957448938613,3330000
2016-12-20,24.241621017456055,24.38531386187026,24.17281101199217,24.32662215740729,1902000
2016-12-21,24.186979293823242,24.33876771442497,24.144478721343358,24.280076006503702,2211600
2016-12-22,24.304351806640625,24.33066277761914,24.103991600939747,24.302329073543095,4055200
2016-12-23,23.549467086791992,23.75792293266047,22.869454854323543,23.695184214331178,9572000
2016-12-27,23.587923049926758,23.678995491882205,23.480657927174,23.553516498367074,2516400
2016-12-28,23.395652770996094,23.660777571263615,23.369343336374165,23.593990301756197,1869600
2016-12-29,23.54136848449707,23.583869050538578,23.36529338740675,23.37946024275392,2053600
2016-12-30,23.387557983398438,23.658754081918385,23.357201536312104,23.593991088014924,2792000
2017-01-03,23.54136848449707,23.691132604463057,23.45839163005549,23.551488328632804,3434800
2017-01-04,23.741727828979492,23.82268194675492,23.494818464596555,23.525176451771262,2493600
2017-01-05,23.53327751159668,23.822687507955926,23.482681369184725,23.656732222607584,2394800
2017-01-06,23.61827278137207,23.670893188722673,23.432079394219283,23.57982077267897,1718800
2017-01-09,23.371366500854492,23.571726755761183,23.282316812419765,23.571726755761183,2098800
2017-01-10,23.229698181152344,23.359224168395485,23.221602613940703,23.31874787640884,3579600
2017-01-11,23.338987350463867,23.387559212426044,23.203390066113972,23.233748058867203,1863200
2017-01-12,23.15279197692871,23.322794251519277,22.911953877187223,23.292436261321956,2344000
2017-01-13,23.1851749420166,23.249937940131165,23.029339508578076,23.12850751167532,1795200
2017-01-17,23.005048751831055,23.12647915889119,22.93219019878069,23.03338246200937,1220400
2017-01-18,23.065765380859375,23.098146103092784,22.916001259378042,23.06778965852129,1698800
2017-01-19,23.01921844482422,23.128506287873215,22.9160034353376,23.063743293185468,1529600
2017-01-20,23.047550201416016,23.148742468527367,22.93219107867193,23.124457312626376,1487600
2017-01-23,23.03945541381836,23.083980259904358,22.861357573545874,23.025288557706588,1068400
2017-01-24,23.377437591552734,23.387555891652692,23.021240384905624,23.021240384905624,2436800
2017-01-25,23.628389358520508,23.67696120409104,23.353146326835606,23.42600486722697,3135600
2017-01-26,23.75792694091797,23.871261817426504,23.608162776378567,23.65471036748519,1742000
2017-01-27,23.73768424987793,23.800422966790645,23.626372128834475,23.745779817233053,1912800
2017-01-30,23.517086029052734,23.703281003880683,23.334941154309984,23.703281003880683,1552800
2017-01-31,23.49886703491211,23.583868163799128,23.306602356133656,23.504938323536702,2589200
2017-02-01,23.243865966796875,23.743756067577195,23.17910297058677,23.436132221597106,3098400
2017-02-02,23.318744659423828,23.36934078946282,23.12243142782111,23.171003280318565,2363600
2017-02-03,23.49886703491211,23.614226150993456,23.138622831853567,23.41184162845977,1538400
2017-02-06,23.26612663269043,23.44624875053563,23.21553049747388,23.430057616689172,1962400
2017-02-07,23.231719970703125,23.343030533780087,23.146718840192413,23.33898352264351,2251200
2017-02-08,23.142675399780273,23.262083099663652,23.02934053405102,23.179104684346353,1708800
2017-02-09,23.34708023071289,23.371366930934222,23.152791261156636,23.183149250415436,1896400
2017-02-10,23.62232208251953,23.67898950265395,23.308625450112228,23.373388436561758,2891600
2017-02-13,23.676965713500977,23.810540244348868,23.604107159233294,23.727561845960675,1792000
2017-02-14,23.68303680419922,23.68303680419922,23.496843408882466,23.58994010654084,1449200
2017-02-15,23.96435546875,24.002807483541417,23.571728944991357,23.62637209446947,2030800
2017-02-16,24.186979293823242,24.186979293823242,23.889473742392394,23.968403597579556,1856400
2017-02-17,24.004831314086914,24.160666736345643,23.899590484656045,24.077689874747804,5742000
2017-02-21,23.970426559448242,24.12626198331845,23.887448152920772,24.014951407431607,1805600
2017-02-22,24.043283462524414,24.05137748517078,23.808516659921633,23.905661916464172,1966400
2017-02-23,23.968400955200195,24.08780709175531,23.798397139950946,24.08780709175531,1580800
2017-02-24,24.09792709350586,24.09792709350586,23.73161157055124,23.895542553695087,1578400
2017-02-27,24.10602378845215,24.13435750182584,23.99268893495738,24.061498940558753,995600
2017-02-28,23.883399963378906,24.08173594761352,23.851017695871175,24.08173594761352,1652000
2017-03-01,24.21126365661621,24.284122219634487,23.986616677988458,24.021023225687696,2340400
2017-03-02,23.99066925048828,24.14650470388056,23.948168672290386,24.144481969731995,1672800
2017-03-03,23.96435546875,24.051379343529916,23.855067625722185,24.0129273287385,1688000
2017-03-06,24.004831314086914,24.02506946003237,23.77006449771925,23.89554347309558,1148000
2017-03-07,23.936016082763672,24.081733181668906,23.838872379541066,23.923873505878678,1670000
2017-03-08,23.954235076904297,24.03518920441877,23.87530522719736,23.905663218024234,1304400
2017-03-09,23.855070114135742,24.035192260117597,23.72149555514421,24.00078570930139,1331600
2017-03-10,24.089834213256836,24.138406075888405,23.931974501650483,24.010904357453658,1798400
2017-03-13,24.110071182250977,24.16066732037344,24.0372126198289,24.05947504412851,1346800
2017-03-14,23.972450256347656,24.14042980991683,23.851019830468985,24.08173810285995,1293600
2017-03-15,24.176855087280273,24.1991175084787,23.974470562982862,24.053400403933143,1661600
2017-03-16,24.1323299407959,24.286142609663752,24.069591233157105,24.21733261342396,1204400
2017-03-17,25.27175521850586,25.486282312633982,24.454121583733304,24.753649804507894,8883600
2017-03-20,25.158422470092773,25.38711799574158,25.0349677732571,25.259614743297647,4122000
2017-03-21,25.05115509033203,25.43771025622695,25.01877437075775,25.300088723875792,3992800
2017-03-22,25.17056655883789,25.338544558636645,25.036992017233583,25.113897588899622,3414000
2017-03-23,25.490337371826172,26.077254509900275,24.840683051786087,25.16247533865129,5657600
2017-03-24,25.324378967285156,25.58545523013201,25.265687260685013,25.58343249630111,2838000
2017-03-27,25.32235336303711,25.451879340826846,24.984370018922792,25.28187552993316,2448400
2017-03-28,25.540929794311523,25.591525932211564,25.136160691111204,25.28390209317082,2009600
2017-03-29,25.589502334594727,25.615811769548838,25.419498514072234,25.419498514072234,2748400
2017-03-30,25.69878578186035,25.793905204624387,25.53687755608902,25.538901833530765,1807200
2017-03-31,25.6097354888916,25.716999029661523,25.551043797059314,25.67854547954731,2571200
2017-04-03,25.247474670410156,25.696768655083357,25.24140338046674,25.67450622924303,2756400
2017-04-04,25.265687942504883,25.316284082931947,25.079494516310483,25.200924944521105,1757200
2017-04-05,25.049131393432617,25.441757856843672,25.022821961664246,25.289969466647193,1805600
2017-04-06,24.93579864501953,25.061277613958804,24.860915810384103,25.026872613209346,2068400
2017-04-07,24.804248809814453,24.990443760720712,24.77186808622522,24.907465357893688,2824400
2017-04-10,24.82448959350586,25.053183578673497,24.682819482351956,24.765797888837017,2416800
2017-04-11,24.88520050048828,24.88520050048828,24.6241242832816,24.69900711186799,1922800
2017-04-12,24.767818450927734,25.04306153775823,24.63424546282933,24.95198911605802,1256400
2017-04-13,24.62615394592285,24.86091923854819,24.585677650526943,24.796156239471713,1216000
2017-04-17,24.889259338378906,24.891282072691872,24.684850455513644,24.719255467698016,1238800
2017-04-18,24.765798568725586,24.90342012798575,24.630199743285285,24.83056156460851,1383200
2017-04-19,24.822467803955078,24.935802668982,24.721275519017695,24.76580037144162,1327600
2017-04-20,24.913537979125977,25.006634687520997,24.820441270730957,24.968182672707318,1512400
2017-04-21,24.921630859375,25.071394978986817,24.881154571070645,24.93377343705202,2471200
2017-04-24,25.389142990112305,25.40128711394685,25.10378155718331,25.138186562559202,2202800
2017-04-25,25.320327758789062,25.55509300220642,25.263660339483884,25.437711152533428,2012800
2017-04-26,25.142234802246094,25.374975813155405,25.140210524287184,25.332475240448357,2100800
2017-04-27,25.083539962768555,25.306162644236107,25.02687253956643,25.12806480787636,1735600
2017-04-28,24.786033630371094,25.09972872535508,24.77389105267678,25.09972872535508,2637200
2017-05-01,24.605911254882812,24.838653770613952,24.458169870231128,24.60995826604647,2937200
2017-05-02,24.6524600982666,24.848773347326073,24.531029684189335,24.622103652800902,1732800
2017-05-03,24.464242935180664,24.674723044614584,24.276025248941686,24.644365054433166,2042000
2017-05-04,24.678775787353516,24.68079852138969,24.435913368767583,24.522938798548314,1382000
2017-05-05,24.89126968383789,24.89329396121533,24.63019348871221,24.767815013024865,1284400
2017-05-08,24.47031593322754,24.860916620472263,24.435909387285466,24.828535896379854,1858800
2017-05-09,24.589723587036133,24.62210585719402,24.397458876206475,24.43995944773498,1411200
2017-05-10,24.577579498291016,24.65853208057064,24.462220370063864,24.581626509776385,1693600
2017-05-11,24.800201416015625,24.804248427375065,24.431861619447137,24.53102961050402,1810800
2017-05-12,24.75163459777832,24.8083020327746,24.583655026845207,24.72734789246343,1556800
2017-05-15,24.765798568725586,24.858895278802812,24.553294168196693,24.733416298748313,1243200
2017-05-16,24.806272506713867,24.810319518040945,24.640317249017226,24.739485239281063,1920400
2017-05-17,24.3205509185791,24.707106148892887,24.31043261755714,24.624127742526298,2073600
2017-05-18,24.403528213500977,24.522934350994234,24.19304810652853,24.359003367631793,1994000
2017-05-19,24.49258041381836,24.56948753998016,24.231505672698674,24.419723387879866,7150400
2017-05-22,24.638290405273438,24.67269694629182,24.454121299678704,24.51686000517881,1659600
2017-05-23,24.76984405517578,24.79817776762537,24.571508068028663,24.680794362293348,1452800
2017-05-24,25.23533058166504,25.271759863219074,24.771869766810987,24.842704052035053,1884800
2017-05-25,25.409381866455078,25.478191874998828,25.225211177579208,25.31426087717384,1185600
2017-05-26,25.3304500579834,25.417473928872536,25.196875518897563,25.32842578022017,1112000
2017-05-30,25.247474670410156,25.28795096608073,25.049137115852258,25.21509239861633,1335600
2017-05-31,25.476165771484375,25.488309894058997,25.202946946664085,25.30818777392932,2685200
2017-06-01,25.688671112060547,25.688671112060547,25.25354401873398,25.52474011990535,1565600
2017-06-02,25.961885452270508,26.0509351333682,25.70283351897321,25.745334082023113,1276000
2017-06-05,25.62390899658203,26.01450971097967,25.601646571689614,26.006415687447554,1440800
2017-06-06,25.223182678222656,25.66033399135502,25.211040100881664,25.601642294087917,1433200
2017-06-07,25.194852828979492,25.37092794776075,25.09770910722347,25.30818922979034,1338000
2017-06-08,25.028894424438477,25.184731377031163,24.893297160078603,25.166515966435913,2055200
2017-06-09,25.03496551513672,25.105801335248074,24.94591737271711,25.047109636794573,1644400
2017-06-12,25.56117057800293,25.575337435458007,24.996517469599173,24.996517469599173,1884000
2017-06-13,25.753433227539062,25.834387353964495,25.49842826972399,25.55104868351125,1506800
2017-06-14,25.897125244140625,26.040818080537687,25.674502561610968,25.880934110556634,1780800
2017-06-15,25.862722396850586,25.915342813344374,25.58950355717435,25.785816822030135,1306800
2017-06-16,26.401065826416016,26.40309164847316,25.706886708286163,25.706886708286163,3898000
2017-06-19,26.58321189880371,26.59535447771042,26.23106166979337,26.473922512357017,2065200
2017-06-20,26.324159622192383,26.589282885783398,26.271537663337714,26.589282885783398,1277200
2017-06-21,26.23105812072754,26.348441514515663,26.087363750772653,26.307965227588696,1194800
2017-06-22,26.139986038208008,26.255343611835826,26.121772172078792,26.255343611835826,1227600
2017-06-23,26.190582275390625,26.368678558500648,26.113675167232767,26.17034258751452,1495200
2017-06-26,26.20879364013672,26.40712959219299,26.133912360799073,26.312008626910977,760000
2017-06-27,25.46402359008789,26.07927279700759,25.447832455783587,25.90522196341517,2519600
2017-06-28,25.65426254272461,25.80807366832276,25.46199631961986,25.668429397557894,1339200
2017-06-29,25.166515350341797,25.601642387480847,25.020798245432776,25.601642387480847,1818000
2017-06-30,25.508554458618164,25.607722477515185,25.316288167531543,25.358790291130752,1873600
2017-07-03,25.498432159423828,25.725103439178667,25.488313857121845,25.656291880795045,1104800
2017-07-05,25.524736404418945,25.95783761278052,25.391161879090532,25.518663571754722,2919600
2017-07-06,25.04104232788086,25.395215308442214,24.97830206421269,25.381048450982625,2441200
2017-07-07,25.526762008666992,25.627954280785172,25.103779052367326,25.103779052367326,2046400
2017-07-10,25.6097354888916,25.700807898658567,25.393184129958584,25.45997138729235,2184400
2017-07-11,25.466049194335938,25.593550909462508,25.26771164895631,25.504501210222067,1348800
2017-07-12,25.735219955444336,25.791887382032403,25.581407266082746,25.692717841431715,1235600
2017-07-13,25.59557342529297,25.880934828284847,25.45795187415552,25.77367126744139,1138000
2017-07-14,25.587478637695312,25.688670912376686,25.555096368642918,25.650217353894863,1722400
2017-07-17,25.538911819458008,25.619864419925538,25.419504108846205,25.57736384145852,1560800
2017-07-18,25.38306999206543,25.563192118760973,25.366878857423416,25.534858405173242,1356800
2017-07-19,25.516643524169922,25.53283465816942,25.308187692158864,25.423546819780107,1939600
2017-07-20,25.658308029174805,25.69271302542968,25.370922394449487,25.61176045637616,1986000
2017-07-21,28.016088485717773,28.21037898969532,26.538683914647148,26.560946336059757,9363600
2017-07-24,27.9675235748291,28.18205071995888,27.62347043142417,28.0079998702632,4464800
2017-07-25,27.78740119934082,28.070738353117687,27.66799504797367,28.070738353117687,3294000
2017-07-26,27.74894905090332,27.92299990798274,27.6639479004427,27.769188743550693,2092800
2017-07-27,27.487873077392578,27.73477940539213,27.362392547261056,27.73477940539213,2518800
2017-07-28,27.445377349853516,27.58907178312031,27.342162309491687,27.49192494592131,2279200
2017-07-31,27.291561126708984,27.504062459575874,27.22881931452715,27.46358616227473,2548400
2017-08-01,27.427154541015625,28.28121757226229,27.19036499275194,27.868351369025795,2368000
2017-08-02,27.321916580200195,27.441322733729614,27.072984427149642,27.344179006124616,2641600
2017-08-03,27.147863388061523,27.44132036765819,27.050719668832542,27.327985513867187,1938800
2017-08-04,27.321916580200195,27.37858401198173,27.01429117328371,27.24905801246059,1423200
2017-08-07,27.210609436035156,27.394780167140134,27.151919259559584,27.289539308202432,1773200
2017-08-08,26.996070861816406,27.311790217306005,26.931309421580362,27.20047811424424,3050400
2017-08-09,26.977853775024414,27.064877625481895,26.822016849345353,26.96975666587255,2210000
2017-08-10,26.473922729492188,26.935359260590694,26.447611749549747,26.890834412138805,2814800
2017-08-11,26.37677764892578,26.66011477160372,26.32820424726255,26.577139456625698,1898400
2017-08-14,26.907026290893555,26.985956144760255,26.552853315414698,26.593329609269343,1602400
2017-08-15,26.947494506835938,27.07702046122943,26.75927840716795,26.87261323124446,1702000
2017-08-16,26.985952377319336,27.14786061827758,26.951547377938923,26.9798810884959,1310800
2017-08-17,26.550827026367188,26.9515475317145,26.496182338501644,26.9515475317145,1739600
2017-08-18,26.838214874267578,26.89285956658282,26.344396085980154,26.494161762341406,3703200
2017-08-21,27.093215942382812,27.295600471631996,26.72690043854464,26.83618981369919,3522400
2017-08-22,27.374536514282227,27.408941521469472,27.10334192482261,27.10334192482261,1487600
2017-08-23,27.129640579223633,27.311785378770473,27.119520737439444,27.311785378770473,2317200
2017-08-24,26.95762062072754,27.13976856306173,26.6378526708966,27.137742741211856,2363200
2017-08-25,27.083099365234375,27.34215131733214,26.985952567090568,27.099287410115483,1817600
2017-08-28,27.091196060180664,27.26726963095356,26.95762151566315,27.190365601681822,1654800
2017-08-29,26.91107177734375,27.040597755791314,26.834164666091382,26.943454043991373,1586000
2017-08-30,27.072988510131836,27.11953610294167,26.81393647202092,26.89286634163059,1207200
2017-08-31,27.323930740356445,27.37857542105043,27.03249964898757,27.101309639110397,1866400
2017-09-01,27.23286247253418,27.45143814040598,27.1782177835305,27.45143814040598,1283200
2017-09-05,26.975831985473633,27.26322072861392,26.836189257227296,27.164051199606764,1713200
2017-09-06,26.99810218811035,27.151916447893807,26.882744581416425,27.066915293449952,2097200
2017-09-07,26.945478439331055,27.030479578415893,26.745116626253374,27.030479578415893,1596400
2017-09-08,27.06285858154297,27.08512100253199,26.664160825375873,26.858451325656674,1302000
2017-09-11,27.321916580200195,27.372512722015383,27.022388285334454,27.10941216694773,1279200
2017-09-12,27.25714683532715,27.445366052799386,27.202505236056382,27.30572023393288,1690800
2017-09-13,27.372507095336914,27.38667549444156,27.032502574538864,27.24298112244107,1440000
2017-09-14,27.242982864379883,27.285484976268652,27.022384458460945,27.285484976268652,1571200
2017-09-15,27.149883270263672,27.3401252212073,27.062859405294006,27.23691022337617,3529200
2017-09-18,27.180246353149414,27.22274538033767,27.058814384896493,27.16405521817281,1731200
2017-09-19,27.271318435668945,27.2814382809175,27.107387442329248,27.206553896592762,1927200
2017-09-20,27.629539489746094,27.672038515669144,27.287509107887832,27.321914110635156,2477600
2017-09-21,27.817752838134766,27.854183659116636,27.42512635855224,27.60929702073049,1943600
2017-09-22,27.655847549438477,28.13145247766343,27.621442546481823,27.801564672633223,2252000
2017-09-25,27.70037269592285,27.821804662607594,27.58501510690122,27.69632722833837,3276800
2017-09-26,27.54454231262207,27.7529981809981,27.538471022331006,27.714544617058984,3036800
2017-09-27,29.145401000976562,29.34576283829381,28.8114676935913,29.023972111083506,10908000
2017-09-28,28.89444923400879,29.11504769942826,28.69003881847773,29.076594132619693,3384400
2017-09-29,29.200037002563477,29.276944104955774,28.79729071390719,28.83979282000361,3752800
2017-10-02,29.432781219482422,29.471234774943603,29.149444107888815,29.244565085668718,2987600
2017-10-03,29.827436447143555,29.839579026236027,29.41052476153815,29.44290394307035,3153600
2017-10-04,29.791004180908203,29.880053874137154,29.58861963743988,29.724216910986488,3080400
2017-10-05,29.95493507385254,29.997437186631647,29.645286970360484,29.84362604580559,2437200
2017-10-06,30.17148780822754,30.252440389545722,29.84362583930295,29.952912132896802,2458800
2017-10-09,30.2767276763916,30.349586232529674,30.171486853493732,30.213985876490902,1600800
2017-10-10,30.4062557220459,30.444706192275895,30.262561333621523,30.262561333621523,2304400
2017-10-11,30.493284225463867,30.50340407206851,30.278757065277315,30.361735484034334,1632000
2017-10-12,30.663280487060547,30.711853888302358,30.456850480104606,30.45887321376939,2391200
2017-10-13,30.75031280517578,30.85959911684135,30.643049227527587,30.73614440262353,2090000
2017-10-16,30.604583740234375,30.86363564813124,30.531725198129486,30.86363564813124,1473600
2017-10-17,30.570180892944336,30.845423950428525,30.424463798503147,30.711849432500344,1600400
2017-10-18,30.592445373535156,30.72601990046192,30.574231507538624,30.641015682859244,1722800
2017-10-19,30.549949645996094,30.55399820199968,30.244350062808383,30.45887720884749,2818000
2017-10-20,30.80293083190918,30.930434098782683,30.568163990350914,30.719952417336152,1869200
2017-10-23,30.659231185913086,30.802922461719696,30.632920210845985,30.784708596585215,1048000
2017-10-24,30.52971076965332,30.74828336728221,30.438635251140916,30.66733078209693,1574400
2017-10-25,30.390064239501953,30.576257651679708,30.256489697675594,30.495301980204744,1884400
2017-10-26,30.671377182006836,30.701733627281865,30.48720651229044,30.533754091093137,1539200
2017-10-27,30.67340660095215,30.69364629430874,30.379949576143357,30.527689455586856,1503600
2017-10-30,30.19982147216797,30.608639109899453,30.191724361163295,30.608639109899453,1228400
2017-10-31,30.163393020629883,30.408279693416475,30.1391078619924,30.3455409748408,1903600
2017-11-01,29.774810791015625,30.165414536150447,29.46313997647057,30.12493824815201,2777600
2017-11-02,29.861839294433594,30.02172172117881,29.574453620137398,29.762669758766947,2039600
2017-11-03,30.027799606323242,30.05613332443148,29.76874758700689,29.873988434899054,1501200
2017-11-06,29.86588478088379,30.025767191199574,29.74243010147185,29.963028484770053,2318400
2017-11-07,29.926599502563477,30.041960167124962,29.815290481430214,29.965053057417304,1343600
2017-11-08,30.278749465942383,30.288869310007154,29.815290253946976,29.837549587489512,1616800
2017-11-09,30.765308380126953,31.249753285757343,30.547415017876236,31.198980794648318,2131600
2017-11-10,30.90705108642578,30.915511555186782,30.636270894710655,30.636270894710655,1660800
2017-11-13,31.171480178833008,31.260329612535966,30.833003378861164,30.858388009075156,2638000
2017-11-14,31.562841415405273,31.61784575298395,31.006474477569416,31.006474477569416,2412800
2017-11-15,31.626306533813477,31.65803732276609,31.230714301085005,31.393603321647248,2809200
2017-11-16,31.75535011291504,31.8632380221442,31.5734193929897,31.632652350365014,2094400
2017-11-17,31.503612518310547,31.749008075255535,31.378800429641018,31.685543261845005,1523200
2017-11-20,31.361875534057617,31.554384280004403,31.319566735420434,31.465534834479985,1921200
2017-11-21,31.22014045715332,31.4909206521582,31.14186901533373,31.471882176248766,2340000
2017-11-22,31.173601150512695,31.24764397506514,31.00436271436044,31.215909952562086,1710400
2017-11-24,31.24764060974121,31.355528527540997,31.20109996411283,31.294178027415253,1094000
2017-11-27,31.300521850585938,31.541685504182887,31.22647904716734,31.289943846104173,2098800
2017-11-28,32.16153335571289,32.1932641571578,31.262457397946104,31.34919255916937,2297600
2017-11-29,32.521148681640625,32.55076515918327,32.05785981811683,32.150941098380564,2824800
2017-11-30,33.305992126464844,33.384263558558246,32.36883633949204,32.440764841691696,8772800
2017-12-01,33.318687438964844,33.51542480585299,32.796165542796786,33.2531083166688,2998400
2017-12-04,33.57466506958008,33.77986292992781,33.32715194941549,33.51120024974185,3188400
2017-12-05,33.06059265136719,33.74812097844814,33.02251570882358,33.610616604213455,2448400
2017-12-06,33.107139587402344,33.33984281817606,33.030982459872256,33.187528563115876,1482000
2017-12-07,33.424461364746094,33.606392106355926,32.999252606916414,33.00982738574422,1585600
2017-12-08,33.67407989501953,33.68042928038818,33.39272497508938,33.53868982358209,1308400
2017-12-11,33.494266510009766,33.811587290556616,33.41387754599265,33.631770890398506,1841200
2017-12-12,33.25310516357422,33.50696116011407,33.204450210992995,33.49003699661753,1271200
2017-12-13,33.274261474609375,33.606392166026424,33.219260358380176,33.3398438255941,2027200
2017-12-14,33.250999450683594,33.447740096837684,33.1917664713578,33.428701616616245,2050400
2017-12-15,33.424461364746094,33.61908442331286,33.14944932817944,33.40119104100689,4753200
2017-12-18,33.82217025756836,33.89198122688514,33.54927253860691,33.63600767272361,3438800
2017-12-19,33.633888244628906,34.059096926178036,33.50907295171659,34.059096926178036,2679600
2017-12-20,33.65504455566406,33.85813129570217,33.612735759642774,33.70581704766215,2048800
2017-12-21,33.77350616455078,33.97236103121686,33.35464364988521,33.959668716826066,3745600
2017-12-22,33.181182861328125,34.577392581316495,32.36883908051272,34.270649756861395,9067600
2017-12-26,32.89982986450195,33.34830901028985,32.8765595374306,33.11560573957636,2011600
2017-12-27,33.005592346191406,33.102902242571915,32.84481442146107,32.99290003170297,1527200
2017-12-28,33.13252639770508,33.15368241205806,32.74962642478005,32.99713629852792,1762800
2017-12-29,32.965396881103516,33.23406269892056,32.96116503374907,33.210792380401706,1667200
2018-01-02,33.181182861328125,33.32503342200054,32.98867411576262,33.26791476857853,1912400
2018-01-03,33.513301849365234,33.566188641179274,33.04578441738315,33.04578441738315,2119200
2018-01-04,34.09505844116211,34.120443069688775,33.51330369909832,33.5704223412371,2271200
2018-01-05,34.194488525390625,34.221990693729914,33.989287487675995,34.126795101418416,2351200
2018-01-08,34.24949264526367,34.393346429277265,33.811591590949746,34.13949041814339,2608800
2018-01-09,34.10563659667969,34.31718377654846,34.090826744671055,34.27064313874103,1796800
2018-01-10,33.917362213134766,34.126795098565786,33.803124920007285,34.05486659891166,1612400
2018-01-11,34.281227111816406,34.32142159946209,33.8158238806674,33.911019482591506,2119600
2018-01-12,33.94486999511719,34.32353811706399,33.86024916622226,34.230456819256844,1796400
2018-01-16,34.10563659667969,34.29391345764474,34.018901478224585,34.082366277775975,3043600
2018-01-17,34.412384033203125,34.49277300541086,34.12891154840795,34.12891154840795,3109200
2018-01-18,34.22834014892578,34.47585000396249,33.847554515040706,34.03583140791245,2312800
2018-01-19,34.70643615722656,34.72970648038416,34.11622083779944,34.25795708686682,1789600
2018-01-22,34.93490219116211,34.9475945058583,34.528731981114746,34.693738528072934,1896000
2018-01-23,34.884132385253906,34.96452135511279,34.57950712527349,34.88201807529336,1676400
2018-01-24,34.90105438232422,35.076638936774735,34.82912911268057,34.97721149958042,1580000
2018-01-25,35.23952865600586,35.44684398283844,35.07452211841104,35.097792436684855,1984400
2018-01-26,35.491268157958984,35.497614314562206,35.12106062565445,35.292413309848556,1489600
2018-01-29,35.1168327331543,35.45107767302915,35.02586899296218,35.40453703406215,1934000
2018-01-30,35.07875442504883,35.324146697022485,34.92855450914131,35.14433353341911,1748000
2018-01-31,35.635128021240234,35.95456638447097,35.171839100016214,35.18030279634191,4130000
2018-02-01,34.943363189697266,35.60973877296565,34.69373905566585,35.51242564555856,2428000
2018-02-02,34.232566833496094,34.898939171314964,34.20083281915233,34.77412710757619,1786800
2018-02-05,33.09868240356445,34.56258890873315,33.09233301668201,34.33623181379468,3058800
2018-02-06,33.075408935546875,33.27849245784822,32.138253078152026,32.66712112491194,4228400
2018-02-07,33.1282958984375,33.733321075938505,32.89347835543648,32.942133312143525,2656400
2018-02-08,31.588226318359375,33.168480775804994,31.57341646641125,33.08386319538473,2877600
2018-02-09,32.30960464477539,32.597308980965515,31.177829002257546,31.90343438685185,3965200
2018-02-12,32.66289138793945,32.92521111815149,32.24614308191896,32.45980785251141,1936800
2018-02-13,33.016178131103516,33.12829790611052,32.36461226754219,32.506348525985864,1103600
2018-02-14,34.7698974609375,34.79528209165622,32.69673428278506,32.766545245215596,5011200
2018-02-15,35.315696716308594,35.34742751108559,34.53720119558096,34.953949516077294,2596400
2018-02-16,35.3537712097168,35.51243162846977,35.18453601207722,35.402429395594936,2350800
2018-02-20,35.25434112548828,35.65416522179769,35.0110631260659,35.190879545085394,2172400
2018-02-21,35.40031433105469,35.90379779469051,35.16972861439724,35.20992310642931,2023600
2018-02-22,35.345314025878906,35.77052282559058,35.248000873033185,35.36646681357247,1988400
2018-02-23,35.96091079711914,35.99052727691272,35.25011205411906,35.63301198143397,1903200
2018-02-26,36.130149841308594,36.17457617972405,35.75148172148166,36.11111136539678,3060000
2018-02-27,36.17456817626953,36.29515161960827,36.02860010399794,36.17456817626953,3102000
2018-02-28,36.10264205932617,36.57862320833818,36.10264205932617,36.35015186945797,3396800
2018-03-01,35.86994934082031,36.52786138345691,35.620325148131904,36.23169653993597,2893200
2018-03-02,35.95033264160156,36.10264688789305,35.34530750437543,35.57800749379829,2245200
2018-03-05,36.26131057739258,36.33323585911494,35.36858103050722,35.668977702366334,1535200
2018-03-06,36.38611602783203,36.411500657231784,36.0328326142186,36.31207322147756,1888000
2018-03-07,36.42631149291992,36.551123561442886,36.20841814348018,36.20841814348018,2233200
2018-03-08,36.434776306152344,36.549013611068524,36.12168732859555,36.43900815432259,1853200
2018-03-09,37.71886444091797,37.72732490817748,36.4897757894105,36.610356008593676,1827200
2018-03-12,37.36134719848633,37.63847348491771,36.978447323160296,37.63847348491771,2542800
2018-03-13,37.25981521606445,37.71464047625776,37.17731192423552,37.65540750919876,1395200
2018-03-14,36.72671127319336,37.36981337157322,36.68228493877417,37.36981337157322,1509200
2018-03-15,36.66112518310547,36.91074929412781,36.525735123510344,36.832477874223116,1486000
2018-03-16,36.65690612792969,36.989036849937314,36.50247754386517,36.819798409396384,3955600
2018-03-19,36.59554672241211,36.66535767705319,36.22745347829197,36.591314875113156,2244000
2018-03-20,36.49612808227539,36.92345115172842,36.47920391695728,36.63363248704764,1776000
2018-03-21,36.65901184082031,37.10537654943506,36.51092945055917,36.57439425437223,2076400
2018-03-22,34.50546646118164,36.39881339496645,34.29391924560893,36.166113394609084,4496400
2018-03-23,35.50819778442383,36.957294125749186,34.90740130055139,35.27126273226627,5814000
2018-03-26,36.170345306396484,36.55959467171834,35.58859041063022,36.08784201393327,3508800
2018-03-27,35.876277923583984,36.9995926962673,35.67319448122086,36.86632019595185,2456000
2018-03-28,35.76205825805664,36.18938454713783,35.64570664123325,35.88898465353764,2274400
2018-03-29,36.085716247558594,36.411497465462276,35.65839006504937,35.86359107592018,2302000
2018-04-02,35.42570114135742,36.17246261735808,35.00683529491018,35.98630001893709,2336400
2018-04-03,35.92705154418945,35.9757064830645,35.47434078903727,35.639347301703275,2562000
2018-04-04,35.848793029785156,36.013799601806085,35.30300081927194,35.535700822605726,2182800
2018-04-05,36.32265853881836,36.51728160195686,35.87841129511782,36.079380516883866,2036800
2018-04-06,35.27338790893555,36.210540631369525,34.97510552625539,35.98206922514353,1397200
2018-04-09,35.470123291015625,36.018029836202636,35.43627495986508,35.54628042212709,1574000
2018-04-10,36.032833099365234,36.2739967657716,35.81282221509217,35.96302213962208,2014800
2018-04-11,35.992645263671875,36.123803512162475,35.72609691830095,35.800136511371164,1688000
2018-04-12,36.42208480834961,36.606129858463156,36.096303506912996,36.096303506912996,1687600
2018-04-13,35.99686813354492,36.54477454301201,35.87417038448311,36.54477454301201,1615600
2018-04-16,36.57862854003906,36.608245020065226,36.11322532764757,36.30784837181295,1379600
2018-04-17,36.79863357543945,37.04191478415313,36.70978414173712,36.74997862487832,1766800
2018-04-18,36.88959884643555,36.96998458105835,36.40303967939147,36.86632852716093,1202400
2018-04-19,36.84305953979492,36.978449612845196,36.5828541708756,36.84940569728525,1025200
2018-04-20,36.62305450439453,36.944607189741866,36.44746992055205,36.75421597870782,1348000
2018-04-23,36.62305450439453,36.828255570574626,36.4622797756981,36.79229292973284,1404400
2018-04-24,36.28034591674805,37.02076113953883,35.93764047514452,36.914987536283,1654000
2018-04-25,36.21476364135742,36.44323499182233,35.90802086425364,36.19360763136933,1432400
2018-04-26,36.57439422607422,36.70132383360214,36.10052734965117,36.37130749962034,1394000
2018-04-27,36.663246154785156,36.7732516069307,36.367081354340506,36.57862856264504,1176000
2018-04-30,36.026485443115234,36.94883127814769,36.0159074385117,36.646317131846246,3061200
2018-05-01,36.45804977416992,36.52574643891623,35.751482782642206,35.87629487681924,1926800
2018-05-02,36.144954681396484,36.6251677286959,35.992640439327545,36.44323700777767,1500000
2018-05-03,36.59978103637695,36.891717214307256,35.963025106842835,35.971485574803424,2214800
2018-05-04,37.06942367553711,37.154044512222974,36.362856635973166,36.449591783093105,1667600
2018-05-07,37.1794319152832,37.32963189410323,36.92345830370277,37.15616158695771,2445600
2018-05-08,37.36770248413086,37.388858498259495,37.02076515692132,37.14769478578402,1537600
2018-05-09,37.84156036376953,37.866944992271655,37.113837552473385,37.37192536875757,1285200
2018-05-10,38.49312973022461,38.537552834337106,37.90079692774333,38.023494690453695,1209600
2018-05-11,38.9056510925293,38.92257525795694,38.35562701397143,38.38312918628567,1352400
2018-05-14,38.770259857177734,38.97122907029632,38.641215924046115,38.848531295519166,1348000
2018-05-15,38.74486541748047,38.76813573681404,38.42543033204137,38.57351271509414,1349600
2018-05-16,38.533321380615234,38.84852787224763,38.44024332363339,38.6814070037156,1249200
2018-05-17,38.554481506347656,38.81468368758382,38.46774636995078,38.5925584571827,1548400
2018-05-18,38.68140411376953,38.79140632597168,38.36196579815464,38.62217116013642,1372800
2018-05-21,38.804100036621094,38.846412057555995,38.62851870714803,38.71313629310985,1702800
2018-05-22,38.26253890991211,38.85275737284674,38.21176965061721,38.81890904801419,1536800
2018-05-23,38.2392692565918,38.26253957682554,37.89867814841835,38.14407366580068,1609600
2018-05-24,38.427547454833984,38.501590265757464,38.06580355174957,38.321773855202785,1278800
2018-05-25,38.25619888305664,38.495248277057556,38.09965600453946,38.30697137844176,1181200
2018-05-29,38.20965576171875,38.4169743501508,37.8859887909891,38.034071191330405,1423600
2018-05-30,38.74486541748047,38.759675269762674,38.201190833710925,38.34081274971233,1303600
2018-05-31,38.554481506347656,38.93314961634323,38.42966941911574,38.761796881676624,4642400
2018-06-01,39.04314422607422,39.06852885290967,38.543892787937814,38.68562900102501,1838000
2018-06-04,39.519126892089844,39.59739831319513,39.12988086827748,39.1341127155667,1559200
2018-06-05,40.15800857543945,40.17281520208765,39.622794374866054,39.63337238130297,1708000
2018-06-06,40.39070510864258,40.47744023484061,40.09242601164484,40.18338975769101,1709600
2018-06-07,39.99723434448242,40.44994526514177,39.732800320079654,40.36321013042861,1678400
2018-06-08,40.50706100463867,40.52821701793683,39.914728139788835,40.02050175037079,1158800
2018-06-11,40.30397415161133,40.59802463562785,40.18762254398879,40.46051701645424,1315200
2018-06-12,40.68052673339844,40.77995417448068,40.43936305731587,40.45628722047392,1192800
2018-06-13,40.68052673339844,41.05919479670331,40.64879271699432,40.64879271699432,1421600
2018-06-14,40.523983001708984,40.84976751252686,40.36320828428923,40.84976751252686,1948000
2018-06-15,40.30185317993164,40.55994100468537,40.04799720271839,40.55782669489207,3722000
2018-06-18,40.41185760498047,40.500707033375114,40.05011373422754,40.327240024019986,1598800
2018-06-19,40.3103141784668,40.350508657527925,39.74125177060908,40.14107579566115,1388000
2018-06-20,40.253196716308594,40.483782365302936,40.09665064274028,40.4097427898769,1356000
2018-06-21,40.079734802246094,40.32089848636248,39.772988773224775,40.21723919404904,1253600
2018-06-22,39.90414810180664,40.40339960707129,39.84914376566265,40.287048005175166,1910000
2018-06-25,39.25893020629883,39.95069046193086,39.07276763525311,39.85126301857272,2347200
2018-06-26,39.47259521484375,39.64606548558367,39.31393479900065,39.337205122442484,1701600
2018-06-27,38.99872970581055,39.766643888046566,38.95853521917904,39.35624178153114,1575600
2018-06-28,39.25469970703125,39.40489964618587,38.96488106274983,39.02622833324979,1004400
2018-06-29,39.15105056762695,39.80684509682071,39.14470118049594,39.30336161581045,1753200
2018-07-02,39.90838623046875,39.954926882316386,38.755454397962716,38.975465339052406,1804800
2018-07-03,39.57624435424805,40.15588475337189,39.54874218961754,39.97818268000641,969200
2018-07-05,40.067047119140625,40.11147346112061,39.603761361675424,39.734919621308556,1633600
2018-07-06,40.462623596191406,40.59378179401577,39.91894588051996,40.05222161569845,1105600
2018-07-09,40.809574127197266,40.82649829179609,40.511291778557336,40.598026911643444,2306000
2018-07-10,40.88996505737305,41.107861686732384,40.69957383042206,40.84342763377004,1682000
2018-07-11,40.947078704833984,41.10573911719181,40.60648755718769,40.6318754181739,1910000
2018-07-12,41.264400482177734,41.289785115795624,40.84976973596492,41.158626871497304,1426000
2018-07-13,41.40190887451172,41.520374804180534,41.24536276576109,41.37863855061574,1280000
2018-07-16,40.722835540771484,41.467482580201306,40.653024578204246,41.41671009071038,2048400
2018-07-17,41.095157623291016,41.164968586158565,40.74610603690735,40.9682312409488,1998400
2018-07-18,40.729183197021484,41.249590742600155,40.65302607396007,41.0168875254808,2157600
2018-07-19,40.97245788574219,41.027462220597705,40.50705471701372,40.74398976294856,2693200
2018-07-20,43.06466293334961,43.21485963030115,41.264394284086,41.56902275356183,5224800
2018-07-23,43.392555236816406,43.997580282722375,43.03715753441476,43.10062233211611,4162000
2018-07-24,43.78816223144531,43.99759192292764,43.276218322998595,43.276218322998595,3312400
2018-07-25,44.26626205444336,44.29587854031978,43.60834997794491,43.71412360292566,2458400
2018-07-26,44.168941497802734,44.505304022123184,43.881237156947314,44.416454579382375,2083200
2018-07-27,43.37351989746094,44.25990313574194,43.03292879409182,44.20490202867166,2052400
2018-07-30,42.886966705322266,43.365065485052554,42.599262359026355,43.35025563033854,2602400
2018-07-31,43.25716781616211,43.35871278986635,42.88696023957769,43.13024144096265,3031200
2018-08-01,43.57238006591797,43.70988446427837,43.15563179476162,43.15563179476162,2485600
2018-08-02,44.03989028930664,44.10124077903027,43.39467397404209,43.449675078661734,2140800
2018-08-03,43.773345947265625,44.13509307717396,43.39890650191384,44.01874147235233,1530400
2018-08-06,44.465118408203125,44.638585480183785,43.79662830223237,43.81355247012523,1740000
2018-08-07,44.68511199951172,44.90512288456721,44.53279776461298,44.615301039520304,1442800
2018-08-08,44.594154357910156,44.85224222302046,44.520111540166205,44.67877195422806,1668400
2018-08-09,44.72108459472656,44.97282632313985,44.6406988397043,44.69781426954664,1868800
2018-08-10,44.63434982299805,44.80570255746309,44.24721801685821,44.25567848549345,1477200
2018-08-13,44.35721206665039,44.83107892167445,44.24297800739707,44.66395806633177,1098400
2018-08-14,44.48414993286133,44.757047659036445,44.099135664337545,44.36145215578434,2202400
2018-08-15,44.72319793701172,44.77185289311227,44.14778924832523,44.32548813596108,1935600
2018-08-16,44.833194732666016,45.06378362458169,44.699922197066904,44.890313378182185,1275600
2018-08-17,45.01301193237305,45.080708584248896,44.76761641125414,44.991855921673334,1696400
2018-08-20,45.03205108642578,45.26475429582655,44.91570270967947,45.19071148521156,1870800
2018-08-21,44.83531188964844,45.237250258790695,44.818387727122435,45.08282171417759,1956400
2018-08-22,44.93685531616211,45.209753008655554,44.638572992907996,44.757042135017265,1142000
2018-08-23,44.930511474609375,45.01724660478488,44.659731306023495,44.839547724391814,992800
2018-08-24,44.98128890991211,45.205528459044345,44.74223950514248,44.996095537594925,913600
2018-08-27,44.85646438598633,45.25628844274763,44.78453911667462,45.13994007154796,1439200
2018-08-28,45.078590393066406,45.167439826400205,44.87338935847858,44.99397280740202,1018400
2018-08-29,45.32822036743164,45.42976212166454,44.93262490039714,45.173788584171625,1180800
2018-08-30,45.12513732910156,45.328224082164866,44.91993626588557,45.20552630626581,834000
2018-08-31,45.137821197509766,45.21186400240297,44.96858603424615,45.03839376371779,1562400
2018-09-04,45.596885681152344,45.73016146065947,45.10609781679462,45.10609781679462,1639200
2018-09-05,45.404380798339844,45.871898346234566,45.148407242196235,45.36841815834444,2059600
2018-09-06,45.778812408447266,45.83169920800784,45.321872913489045,45.395912496101396,1107600
2018-09-07,45.742855072021484,45.977672618395324,45.36418696359384,45.63073530219883,1157200
2018-09-10,45.36418914794922,45.77670560658969,45.288032014972934,45.77670560658969,1575200
2018-09-11,45.52284240722656,45.88035769109256,44.951665613786595,45.20763591769795,1329600
2018-09-12,45.0405158996582,45.56303775086163,44.839546701800145,45.10820932628377,1884000
2018-09-13,45.137821197509766,45.35360022701085,45.04473992094248,45.32609806040129,1796000
2018-09-14,45.372642517089844,45.49534028034947,44.989742601858566,45.13359637628347,1250800
2018-09-17,44.94743347167969,45.37687402590296,44.79088738290681,45.37687402590296,1684400
2018-09-18,45.45726013183594,45.577840348713025,45.008777904764536,45.095513025296924,2271200
2018-09-19,44.5983772277832,45.4487945518257,44.393176208670255,45.42552423332979,1767600
2018-09-20,44.782432556152344,44.90089848562521,44.38684027852949,44.74223806694809,1674000
2018-09-21,44.7845458984375,45.258412834042055,44.66819428166468,44.90935798372361,3394800
2018-09-24,44.65972137451172,44.936847639487056,44.44605990355027,44.84799821904902,1885200
2018-09-25,45.05109786987305,45.19706274174126,44.70416055450728,44.877627598212946,3288000
2018-09-26,42.55482864379883,44.21124333924122,42.332703474135016,43.61679309190745,9292800
2018-09-27,41.79961395263672,42.73253795700109,41.63883922931752,42.60137971502896,4696000
2018-09-28,41.84614562988281,41.932880745221624,41.268622753417894,41.60286767295595,4429600
2018-10-01,41.89057922363281,42.23539897924146,41.681146324691156,42.09578027456792,4650000
2018-10-02,41.4315185546875,41.958268993193855,41.374399909419765,41.69806685268033,4170800
2018-10-03,41.47171401977539,41.757304047154314,41.308824990664064,41.60498979627946,4172400
2018-10-04,41.226318359375,41.655758906622324,41.10150306118642,41.44209417396402,3514400
2018-10-05,41.44209671020508,41.72768673187105,41.0443901546136,41.30882416432128,3424000
2018-10-08,41.137481689453125,41.56692236995158,40.71861578961367,41.39768391599216,1626000
2018-10-09,41.31940460205078,41.57326062071937,41.07612336202948,41.17555081376746,2677600
2018-10-10,39.586830139160156,41.325748450370824,39.529711489067395,41.325748450370824,3434400
2018-10-11,38.92891311645508,40.03953581570678,38.8125615214189,39.53605249243412,4842400
2018-10-12,39.552978515625,39.77721802136359,39.036802853685025,39.27585221219509,3260400
2018-10-15,39.0071907043457,39.50432794898825,38.92257310983197,39.50432794898825,2196400
2018-10-16,40.174930572509766,40.303974496987095,39.13834732875382,39.17642750428122,2174000
2018-10-17,39.39008712768555,40.346281354472985,39.22296626366261,40.346281354472985,2872800
2018-10-18,38.28158187866211,39.557211207980636,38.01079849898251,39.41124312676291,3169200
2018-10-19,37.79502487182617,38.51428408624282,37.6152084542449,38.46351482232658,2569200
2018-10-22,37.79502487182617,38.10388198716404,37.39942939873822,37.8479116737084,2277200
2018-10-23,36.95306396484375,37.437508868603295,36.12168500435192,37.23019351296185,4284400
2018-10-24,35.62031555175781,37.27249852733845,35.544158437090466,36.93402174482719,3633600
2018-10-25,36.74363708496094,36.90652934786316,35.66263066379961,35.96302732824572,3349600
2018-10-26,36.27400207519531,36.79863827701955,35.58224176190021,36.018028518670256,2546400
2018-10-29,36.36497116088867,37.06519527328034,35.7514854240834,36.70133374327221,3026400
2018-10-30,37.63212585449219,37.73578512961395,36.620930642484744,36.620930642484744,4873600
2018-10-31,38.474090576171875,38.89930253998051,37.86483679804473,37.86695110811012,4223600
2018-11-01,38.24138641357422,38.63697862565428,37.75482723132127,38.57985998056683,3191200
2018-11-02,38.000221252441406,38.869680297676744,37.67020816571626,38.49947272998695,2067200
2018-11-05,37.58558654785156,38.268883025691174,37.28942179125185,38.082723704951526,2636000
2018-11-06,37.53059005737305,37.921950446134225,37.25769235786011,37.670211986056216,3010400
2018-11-07,38.374664306640625,38.4381291180493,37.67867537513882,37.94099508924926,2839600
2018-11-08,40.1383056640625,40.149384476907606,39.54230136925346,39.75721749148822,1607200
2018-11-09,39.70846939086914,40.02973464610828,39.252050746501695,40.02973464610828,1648000
2018-11-12,39.17893981933594,39.87907889089999,39.01276776391417,39.593261062338236,1736000
2018-11-13,39.46696853637695,39.972131269318474,39.15677869880205,39.29857870487724,1847600
2018-11-14,39.26756286621094,39.88129259329252,38.937436552331725,39.75057139006815,1660000
2018-11-15,40.3731575012207,40.42190156814204,38.997251577266,39.13905157718843,2255200
2018-11-16,40.59029006958008,40.763108722598524,39.98321037387179,40.357648534892526,1803200
2018-11-19,39.788230895996094,40.63238425956007,39.50019870387316,40.545974940001045,2607600
2018-11-20,39.39385223388672,39.68631326584915,39.105820022157,39.440378511781766,2855200
2018-11-21,40.0341682434082,40.34878689874484,39.509065681143824,39.77272247694161,1954800
2018-11-23,39.89236831665039,40.111713245226824,39.6198471183209,39.82146662364631,1138000
2018-11-26,40.38201141357422,40.60579187616916,39.901220820647374,40.291173287373724,2759600
2018-11-27,40.62351989746094,40.66118514844971,40.062966571418,40.14715809330772,1823200
2018-11-28,41.70697784423828,41.72248548043124,40.49059699645694,40.49059699645694,2754400
2018-11-29,41.662662506103516,41.842131192772136,41.15971744363872,41.60727181264249,1724400
2018-11-30,41.51642990112305,42.05704356147899,41.41229513634403,41.82661640422269,3189600
2018-12-03,41.957340240478516,42.37609373623007,41.57403759894857,42.079200438878075,2353200
2018-12-04,39.76829528808594,42.094703933389624,39.76829528808594,42.094703933389624,2758400
2018-12-06,39.4005012512207,39.50906820757072,38.46107404535864,39.258701237201805,3477600
2018-12-07,37.97584915161133,39.55780684950742,37.75871863093743,39.17007208648604,3420000
2018-12-10,38.006858825683594,38.190756247,37.46403096174707,37.97584018719516,2603600
2018-12-11,37.760929107666016,38.70257057691655,37.643501147845285,38.53196973311873,2672800
2018-12-12,38.365806579589844,39.012769403528765,38.24173198058502,38.35472776594029,2143600
2018-12-13,38.07333755493164,38.580718084450794,37.81854177548535,38.509816390231286,1715600
2018-12-14,37.608055114746094,38.04010171737232,37.510566982711744,37.774227145046844,2387200
2018-12-17,36.82815933227539,37.85621032234089,36.62653642519444,37.636861990164775,4194400
2018-12-18,36.91236114501953,37.20925446401791,36.52684068400537,37.07631544138412,3933200
2018-12-19,36.57335662841797,37.89386843139354,36.51796595324131,36.93893373227251,5040400
2018-12-20,35.23733139038086,36.38059576848104,34.55935004871964,36.2033449269434,5766800
2018-12-21,35.443389892578125,36.8126459297697,35.21739496324728,35.67603143329115,9143200
2018-12-24,34.56821060180664,35.53643844056506,34.559346201288385,35.481047770049756,2248400
2018-12-26,36.34292984008789,36.35622306132045,34.574860419808424,34.77205108990795,4056400
2018-12-27,37.056365966796875,37.06522698830451,35.669384517496724,35.853281985985056,2739200
2018-12-28,36.98103713989258,37.45074905916024,36.56449811365654,37.16493461677808,2604000
2018-12-31,37.22032165527344,37.3377496235887,36.72845215823344,37.21145725345036,2257200
2019-01-02,37.10953903198242,37.12947886423602,36.46700515287811,36.67084243773163,2378400
2019-01-03,36.5157470703125,37.665657993509484,36.44706317607241,37.20923938463033,3674000
2019-01-04,38.23286056518555,38.27939022166813,36.710725834569615,37.045284308438696,3482000
2019-01-07,38.297115325927734,38.589576341687234,37.82297126732874,38.21735261603357,2956400
2019-01-08,38.71144485473633,38.88426353331092,37.9182497855143,38.66934739032828,3110000
2019-01-09,39.05043029785156,39.26534641165524,38.58736501379163,38.8776116427404,2433200
2019-01-10,39.32294845581055,39.35175268968988,38.88868744151468,38.97731117237301,2244400
2019-01-11,39.39163589477539,39.42265454144155,38.864318901450616,39.20995621595327,1763200
2019-01-14,39.141273498535156,39.314092161028654,38.879827713750736,39.141273498535156,1593200
2019-01-15,39.336246490478516,39.464753282492,39.01498120083433,39.29858123121614,1760000
2019-01-16,39.49799346923828,39.57997060713068,39.08366881647817,39.41158412960649,1978400
2019-01-17,40.082908630371094,40.158239136536935,39.27642054239123,39.391630711546576,1652400
2019-01-18,40.96916198730469,41.06443233092345,40.235789949719255,40.46842809326413,2552400
2019-01-22,40.4927978515625,40.91155121950347,40.17375040328532,40.78747664837704,1578800
2019-01-23,40.35543441772461,40.73430816334107,40.005364908079954,40.68113189249594,1849600
2019-01-24,40.43962860107422,40.46842945574467,39.97877773778012,40.40417775448726,1121200
2019-01-25,40.984676361083984,41.0622246755413,40.767545813694454,40.87832718818819,1695200
2019-01-28,40.54376983642578,40.674491050752785,40.14052399873717,40.60802154796265,1534400
2019-01-29,40.568138122558594,40.77418984329274,40.395319459756074,40.707720346650454,1365600
2019-01-30,41.3480339050293,41.52749916808803,40.46621522219834,40.79855930364898,1737600
2019-01-31,41.545223236083984,41.633850350046735,41.19737153351898,41.37019017977296,2835600
2019-02-01,41.788944244384766,41.870921367935,41.24833067325851,41.55187051410449,2261600
2019-02-04,42.176673889160156,42.189967109662575,41.4167121029143,41.78450698044695,1422000
2019-02-05,42.49573516845703,42.55112585470872,42.09692155128898,42.2010563119045,1394400
2019-02-06,42.44034194946289,42.513458056645234,42.25423006615093,42.42926313671787,1578800
2019-02-07,42.484649658203125,42.55998016824409,42.076975083039315,42.209910680621256,1635600
2019-02-08,43.034122467041016,43.03855466767884,42.23649877193725,42.280810635979925,1335600
2019-02-11,43.78300476074219,43.81845560370678,43.15598192151709,43.297781912597,2683600
2019-02-12,44.443267822265625,44.51416951963334,43.873853356189315,44.11978812516769,2460000
2019-02-13,44.70249557495117,44.950648133630466,44.44326758429911,44.46320741878488,2168000
2019-02-14,44.62495422363281,44.833223749252944,44.31476434561883,44.31476434561883,1808800
2019-02-15,45.15226364135742,45.17442126489364,44.5939280406546,45.05699329786481,2094800
2019-02-19,45.08580780029297,45.16778494064507,44.93957556551939,44.96616201519478,1448800
2019-02-20,44.99052810668945,45.114602696478215,44.540756028315684,44.92849081179507,1055600
2019-02-21,44.9727897644043,45.10129651856742,44.5385288248801,45.039259241492545,1191200
2019-02-22,45.287418365478516,45.42035734905556,44.9750175013964,45.088013270891736,1170400
2019-02-25,45.30071258544922,45.62640665460039,45.285201573177034,45.4912566488042,1285600
2019-02-26,45.02154541015625,45.42035899455692,44.99939116594332,45.13011236336999,1209200
2019-02-27,45.41592025756836,45.50897618374029,44.57841354124253,44.93734740593819,1311600
2019-02-28,45.77486038208008,45.936600224870176,45.276344250342525,45.44694511459858,1764400
2019-03-01,46.162593841552734,46.406310803909385,45.757133660215835,46.093906558829985,1568800
2019-03-04,45.77264404296875,46.448411052469744,45.52892706596739,46.333197485084575,1531600
2019-03-05,45.50233840942383,45.87899776854953,45.48683077577297,45.84576132939069,2164400
2019-03-06,45.02598571777344,45.60426467407283,45.012692492696594,45.46467904920692,1744400
2019-03-07,44.87309265136719,45.08800873743295,44.35241896228447,45.01489264189505,2299200
2019-03-08,44.60500717163086,44.68919870395787,44.246073276291895,44.55626310412531,1895600
2019-03-11,45.26969528198242,45.34059359235526,44.30589612516057,44.70249189510611,2944800
2019-03-12,45.21873474121094,45.400417794496455,44.85980421643951,45.311790677974685,1944000
2019-03-13,45.53556823730469,45.67293603303546,45.220949600798946,45.35388519579623,2170800
2019-03-14,45.39598846435547,45.53778847897904,45.1389748813568,45.44473253633035,2735200
2019-03-15,45.54221725463867,45.90779438617293,45.318436746283155,45.400417250681166,4489600
2019-03-18,45.983131408691406,46.06067972310044,45.56216353818897,45.63971185259801,1839600
2019-03-19,45.75713348388672,46.15594705258113,45.641919923868606,46.05845891570264,1682800
2019-03-20,45.462459564208984,46.06067829135189,45.33838496963465,45.910017249591384,1867200
2019-03-21,46.111637115478516,46.184753226558904,45.198799693709795,45.198799693709795,3353200
2019-03-22,43.105037689208984,45.20101960549944,42.927786796602575,44.957302586347765,6198400
2019-03-25,43.652286529541016,43.732049241210355,42.52010093431222,43.00975263532171,4686400
2019-03-26,44.1751708984375,44.22612937130904,43.8162370361474,43.980194646367735,1808400
2019-03-27,44.106502532958984,44.59393995396691,43.89158637420165,44.21728391867804,1552400
2019-03-28,44.45212936401367,44.511948863941484,43.99127850311959,44.20397681997606,1200400
2019-03-29,44.7800407409668,44.87088226606579,44.3214042953051,44.76674751890914,1556000
2019-04-01,45.41592025756836,45.5001151634861,45.05255757313482,45.24531941664236,2062400
2019-04-02,45.661865234375,45.71947371168374,45.349460953025726,45.462460116497994,1589200
2019-04-03,45.949886322021484,46.10719732007387,45.708383800371955,45.821379555629846,1630400
2019-04-04,45.495689392089844,46.11828011186343,45.36275378482092,46.11828011186343,1120000
2019-04-05,45.72389602661133,45.989773986989256,45.51784432617501,45.672937549209664,879600
2019-04-08,45.710601806640625,45.761560282929594,45.14561622434224,45.51119672148996,1360400
2019-04-09,45.36054611206055,45.7704385993236,45.25641133704301,45.46689867853356,1202000
2019-04-10,45.41371536254883,45.58874844066317,45.07915684020867,45.41371536254883,1096400
2019-04-11,45.52449417114258,45.579884853359786,45.08358312361317,45.42922043972393,1282000
2019-04-12,45.95210647583008,45.974264099997015,45.18993356385781,45.72611493706552,1637600
2019-04-15,46.13600158691406,46.22241090751579,45.75491345995811,45.974261757229534,1694800
2019-04-16,46.37971496582031,46.474985292890864,46.15815229176439,46.178092121042674,1111200
2019-04-17,46.51487350463867,46.70098536015438,46.18696165719026,46.53481333613425,1652800
2019-04-18,47.3435173034668,47.35902831563043,46.51487494833254,46.74308426460756,2350800
2019-04-22,46.69877624511719,47.186213561354535,46.612366918060474,46.94027880268867,1175200
2019-04-23,47.2814826965332,47.34573777802689,46.61014793106299,46.86716149548016,1334800
2019-04-24,47.8132438659668,47.85755574142335,47.21059289357541,47.34131410944502,1986400
2019-04-25,47.59168243408203,47.72240365359429,47.26598490019253,47.478683260622724,2193200
2019-04-26,48.030364990234375,48.18102939413503,47.52520227151692,47.89964380003528,1078400
2019-04-29,48.05030822753906,48.2652243463442,47.868628546738854,47.99048872453233,1965200
2019-04-30,48.110130310058594,48.134502345211374,47.79551164403653,47.9638980991419,2284400
2019-05-01,47.87083435058594,48.52666140176292,47.868619940761974,48.214257196888056,1534000
2019-05-02,48.69506072998047,48.73272599163647,47.72240039659783,47.72240039659783,1943600
2019-05-03,49.392974853515625,49.43950451160518,48.393728217422044,48.606429913179106,1825600
2019-05-06,49.38632583618164,49.627831755216526,48.38043263805461,48.38043263805461,1666400
2019-05-07,48.4890022277832,49.242314117311324,48.223124261334426,48.805835292018415,2171200
2019-05-08,48.726070404052734,49.23345089930004,48.431391596317816,48.65295430461968,2151600
2019-05-09,49.07836151123047,49.169203046370825,47.94396135986706,48.34055717846697,1406000
2019-05-10,49.370819091796875,49.541423325172964,48.24528011892036,48.69948435073068,1604000
2019-05-13,47.96833038330078,48.78146518549052,47.83096257444497,48.29181345218124,2326400
2019-05-14,48.759307861328125,49.08500193904587,47.94174090962394,48.12563836706455,1462800
2019-05-15,49.08721923828125,49.286624325626356,48.29845652900874,48.398159072681295,1695200
2019-05-16,49.568016052246094,49.82281184882169,49.1049507408728,49.171416857698375,1416800
2019-05-17,49.50154113769531,49.92472673266412,49.147042823894964,49.29105723562968,1403600
2019-05-20,49.4926872253418,49.63448724738449,49.029618517352155,49.06728715921372,1086800
2019-05-21,50.29695510864258,50.436540713134946,49.75191267536776,49.86269404254481,2280000
2019-05-22,50.13743209838867,50.37229144803632,50.046593942294834,50.2083337995908,1351200
2019-05-23,49.67436218261719,49.86269185085183,49.45279945800179,49.76520371109643,1451200
2019-05-24,49.297706604003906,50.01113885318483,49.271120158695936,49.82280918350966,1739200
2019-05-28,48.89667510986328,49.61010730797061,48.878949687333936,49.386326806719005,2746800
2019-05-29,49.17362976074219,49.284411118811526,48.67954585037099,48.958713655625374,1570800
2019-05-30,49.54143524169922,49.796231067262184,49.1758546536721,49.206873305312634,1383200
2019-05-31,49.14925765991211,49.39962461065761,48.96536020007359,49.06506274604469,1367200
2019-06-03,49.494895935058594,49.76963492521367,49.160337444604444,49.222374735804166,1724800
2019-06-04,50.1839599609375,50.26593709182792,49.61454210372818,49.85161585523593,2084000
2019-06-05,51.07242965698242,51.19207543843193,50.323549840800965,50.405526978653114,2181200
2019-06-06,51.300636291503906,51.38039901462683,50.87966842994243,50.99488200351536,1495600
2019-06-07,51.539920806884766,51.72825047836676,51.3759665515408,51.6595665734763,2739200
2019-06-10,51.96531295776367,52.13370276953227,51.62632230513684,51.74375026293419,2466800
2019-06-11,51.46458435058594,52.37520719458455,51.236375037099194,52.12041143860337,1775200
2019-06-12,52.000770568847656,52.118198541929665,51.49560782934572,51.49560782934572,1447200
2019-06-13,52.279937744140625,52.42838435188981,51.765910641983496,51.9542402949311,1945600
2019-06-14,52.370784759521484,52.6100729289273,52.100477941161905,52.319826274978695,1344400
2019-06-17,51.46238327026367,52.417318226023475,51.42028580489116,52.27773260521554,2710400
2019-06-18,51.27847671508789,52.06723946132203,51.07242162644874,51.80801148331444,3213600
2019-06-19,52.08939743041992,52.399583889717704,51.10787281139399,51.2142219716134,3256400
2019-06-20,51.54214096069336,52.63222922887646,50.96607648804043,52.483782599712775,3254800
2019-06-21,51.48674774169922,51.87448251515106,51.1521858591937,51.55321385538211,3697600
2019-06-24,51.64848709106445,51.78585489906385,51.24081248741671,51.508901492110944,1766400
2019-06-25,51.28069305419922,51.81909224475888,51.112306596900424,51.8124456333378,2146800
2019-06-26,51.57315444946289,51.93208496822635,51.451294279271984,51.63962394054691,2179600
2019-06-27,52.2178955078125,52.27550397350477,51.51332774465923,51.630755705184775,1519600
2019-06-28,52.57461166381836,52.6211413184214,52.10268541113411,52.31095489032948,2622400
2019-07-01,52.924686431884766,53.175053390112446,52.26664487571982,53.175053390112446,2222800
2019-07-02,52.73194122314453,52.99338367870351,52.6787649392842,52.924699758371226,1778000
2019-07-03,53.070919036865234,53.21271904506784,52.79839783282156,52.82498427786614,1134400
2019-07-05,53.070919036865234,53.13074191899444,52.37742662853524,52.80283003392194,2320800
2019-07-08,52.78954315185547,53.07092880991731,52.57905920134097,52.86709147188794,1196000
2019-07-09,52.82498550415039,52.86043635221872,52.492641410262436,52.543599891373816,1448400
2019-07-10,52.88480758666992,53.20828727325186,52.82719911423669,53.0288220061952,1240400
2019-07-11,53.17284393310547,53.30799734162625,52.612290463530535,53.00667187578217,1803200
2019-07-12,53.71566390991211,53.77548678818179,53.18169696785678,53.32128255689314,1623200
2019-07-15,53.8973503112793,54.010349471111525,53.17727141434939,53.618182479088475,1466400
2019-07-16,53.05097961425781,54.19202629998362,52.98229571017436,54.11004917327484,3542800
2019-07-17,57.68828582763672,58.04943415249576,55.72302553188048,56.25920692255739,8521200
2019-07-18,57.75032424926758,58.16908105471174,57.138815712040234,57.606309827011636,4066400
2019-07-19,57.12994384765625,58.45267344407242,57.092275213373135,58.16020905576118,2592400
2019-07-22,57.391387939453125,57.936430307485644,57.19641167471115,57.25402014244598,2751200
2019-07-23,57.78134536743164,57.82787164678482,56.81089954300416,57.62181993380579,2157200
2019-07-24,58.02949905395508,58.0405744865244,57.2185786000657,57.36702861353295,2262000
2019-07-25,57.77470397949219,58.18680744270843,57.517690381994115,57.59744972523915,1695200
2019-07-26,57.980751037597656,58.184584961610696,57.27618318282399,57.732601863203755,3108400
2019-07-29,57.75918960571289,58.17129304496501,57.08785479287202,57.841166735356076,1528000
2019-07-30,58.237770080566406,58.28207857354817,57.304992798052545,57.64398353445431,1630400
2019-07-31,57.70378875732422,58.55680648435966,56.8330489897951,58.22224465161385,3514800
2019-08-01,57.391387939453125,58.49255486784415,57.19641167471115,57.84337775666795,2238800
2019-08-02,57.254024505615234,57.75032284528377,56.74886176372183,57.29168638234485,1916000
2019-08-05,55.638832092285156,56.94383982730276,55.1137295001033,56.19052451119577,2471600
2019-08-06,56.98371124267578,57.11886124386457,55.83380029099619,55.83380029099619,1941600
2019-08-07,57.26288986206055,57.49774581325,55.8271609478061,56.14177961645413,2875600
2019-08-08,58.556819915771484,58.596699587197236,57.3049917557016,57.48002145636742,1969600
2019-08-09,58.36406326293945,59.05976679006867,57.77248773843232,59.05976679006867,1566400
2019-08-12,57.91648864746094,58.49698184181458,57.78133864549546,58.33745642674696,1582400
2019-08-13,58.973350524902344,59.09742510374293,57.68828272754282,57.725951363985374,1916000
2019-08-14,56.879581451416016,58.86257048966921,56.85520603633352,58.15134929386699,1783600
2019-08-15,57.61073303222656,57.861099974690354,56.75772201371454,56.98593133301603,1834800
2019-08-16,58.5811767578125,58.76728861515676,57.91870644590836,58.2045242232671,1840000
2019-08-19,59.338924407958984,59.59150237195495,58.714115966223964,59.332277797368484,1868000
2019-08-20,59.34336471557617,59.90170039793229,59.06419349361893,59.65576899691919,1422800
2019-08-21,59.30126953125,59.60702721246167,59.02210506012692,59.356660219540274,2638800
2019-08-22,58.5944709777832,59.529465861857005,58.375126063880685,59.529465861857005,1294000
2019-08-23,56.728919982910156,58.52579037315092,56.42537676153545,58.38842257038991,2149600
2019-08-26,57.681644439697266,57.70601985774966,57.05683587366421,57.546494410285014,2269600
2019-08-27,57.8610954284668,58.37290470398337,57.79462932575948,58.3241606414791,2122400
2019-08-28,58.089324951171875,58.173519884947865,57.21858489481108,57.56422227232161,1550400
2019-08-29,58.62549591064453,58.935682360228974,58.43494845918428,58.49255692894906,1461600
2019-08-30,58.44824981689453,59.08414057900223,58.2244760408091,58.364061652941075,1565200
2019-09-03,57.590789794921875,58.49255158801069,57.28060337366047,58.18236516674928,1562000
2019-09-04,58.49477767944336,58.787235340101795,57.606308981075195,58.082667491491755,2590800
2019-09-05,59.21041488647461,59.87510299884745,59.01765641573563,59.13951995993826,1523200
2019-09-06,58.977779388427734,59.660189572553215,58.92460650075905,59.1993421024572,1153600
2019-09-09,56.64473342895508,59.28132879943559,56.54945968852964,59.28132879943559,3720400
2019-09-10,55.162471771240234,56.31459726210878,54.71713191222084,56.17722945481281,4191600
2019-09-11,54.50886535644531,55.39068410071049,54.234126346225324,55.388469690426916,3514800
2019-09-12,54.6174201965332,55.335284564723395,54.588619344337815,54.90102018329953,2861600
2019-09-13,54.655086517333984,54.86335600122799,54.19202127467177,54.63736447599621,3434800
2019-09-16,54.827911376953125,55.171330883307995,54.06130288942114,54.39364696456102,3082400
2019-09-17,55.37961196899414,55.46602131138492,54.94313305515933,54.94313305515933,1537600
2019-09-18,55.31757354736328,55.41727611260154,54.701629348768485,55.41727611260154,2178000
2019-09-19,55.70530700683594,56.04651554001864,55.140321309989794,55.140321309989794,1966800
2019-09-20,56.22818374633789,56.91502949321188,55.816076974369224,55.99332781686367,4360400
2019-09-23,56.42094421386719,56.57825522959356,55.91578149241553,56.37441793679542,2278800
2019-09-24,55.86482620239258,57.14102630086984,55.66542109914827,56.77766694231143,2451200
2019-09-25,59.07305908203125,59.35444810078016,57.643983407299444,58.049440263058735,6902400
2019-09-26,59.383243560791016,59.52947578161263,58.72741973898719,59.00880198661708,2803600
2019-09-27,58.96450424194336,59.846319786702395,58.539100725515056,59.416494210356035,3573600
2019-09-30,59.40095520019531,59.72221702569133,58.81602648594849,59.197114561775756,2244800
2019-10-01,58.1358528137207,59.560499663538415,58.12919944017078,59.496244573248916,2074800
2019-10-02,57.37367630004883,58.04501115603615,56.88623554981843,58.03392896170091,2734000
2019-10-03,57.30276870727539,57.47336957153928,56.24591356132512,57.17869412207296,1824400
2019-10-04,58.23998260498047,58.31310210069276,57.491106171873874,57.63068502798529,1781200
2019-10-07,57.82122039794922,58.26212802485402,57.557560233498144,58.131406838021874,1204800
2019-10-08,57.67941665649414,58.224465785152944,56.99922428339292,57.35593699684688,2283200
2019-10-09,58.39728927612305,58.58782997480978,57.80571382300733,57.86110450447084,1101200
2019-10-10,58.951194763183594,59.09078035917743,58.071590490889335,58.35297271222647,1530000
2019-10-11,59.29240036010742,60.21631994158131,59.225934244127174,59.888404659109916,1773600
2019-10-14,58.92238998413086,59.44084593478465,58.88915692861926,59.31234253295391,2076000
2019-10-15,59.70008087158203,59.71115630356432,58.935686741180376,59.07305455323911,1891600
2019-10-16,59.15059280395508,59.640244465422015,58.88471486600953,59.640244465422015,1682000
2019-10-17,59.45191192626953,59.74437629144904,58.97112468924049,59.54718901901805,1504800
2019-10-18,59.66905212402344,59.82193093288762,59.110716536143755,59.50730891363688,1807600
2019-10-21,59.81972122192383,60.25620008444392,59.476301684065085,59.83080341571297,1202000
2019-10-22,58.96450424194336,59.96375455223251,58.9157601594522,59.892852839234536,1053200
2019-10-23,59.40761947631836,59.41648387929168,58.64544309801267,58.909103303612746,1128800
2019-10-24,60.34038543701172,60.406858304530225,59.36551090075387,59.520607496739984,1610400
2019-10-25,59.89725875854492,60.40463922844411,59.78869520059904,60.33373754255594,1093200
2019-10-28,60.21853256225586,60.38913341966271,59.94822577788133,60.152059690424906,1354400
2019-10-29,60.823394775390625,61.21334732189835,59.92606847411723,59.95043712749519,1763200
2019-10-30,61.208919525146484,61.25987462362786,60.557524583864755,60.95190595715608,1416400
2019-10-31,59.527259826660156,61.561204003184535,59.48072678645923,61.259875183574785,2669600
2019-11-01,59.57600402832031,60.172001534511026,59.16389384617932,60.021340505150974,2504800
2019-11-04,59.7598991394043,60.260633067316846,59.2148567229208,59.777621182521116,1689600
2019-11-05,59.15503692626953,60.04793454536325,58.81383515689536,60.04793454536325,1790400
2019-11-06,58.70304870605469,59.31012842967043,58.35519359310433,59.3079106386459,2292400
2019-11-07,58.613555908203125,59.22430266994798,58.5553875992942,59.12586714437886,2284000
2019-11-08,58.362998962402344,59.0565195451093,58.19521205500227,58.58671483893576,2512000
2019-11-11,58.30258560180664,58.5867091066554,58.09901018207432,58.15493914573544,1742400
2019-11-12,57.90885543823242,58.66948804553338,57.77686389164412,58.23771804660215,4764800
2019-11-13,57.10124588012695,57.192966802091206,55.40771492795749,56.45694301454874,6669200
2019-11-14,58.022945404052734,58.065451966001405,56.40995587525315,56.8081698551407,2419600
2019-11-15,57.29810333251953,58.17059379611927,57.168347727793645,57.819365094684244,2635200
2019-11-18,57.30258560180664,57.7567285399254,56.84843925005465,57.10347520256289,2400000
2019-11-19,57.69632339477539,58.034136554250445,57.09676648210804,57.468135657727395,1942400
2019-11-20,58.045326232910156,58.454730158332595,57.41892443593339,57.450241112148454,2533200
2019-11-21,56.741058349609375,58.143754425101484,56.68289003750603,58.01847408154557,2011200
2019-11-22,56.843963623046875,57.59341314026437,56.56208286054501,57.354035524888275,1967600
2019-11-25,56.123600006103516,57.034125248389515,55.97147485090191,56.74552986038454,2478000
2019-11-26,57.28244400024414,57.367457120561596,56.15268162280343,56.30257084140362,4252400
2019-11-27,58.23772430419922,58.29365327879362,56.870820028566776,57.22205221393007,3428800
2019-11-29,57.508399963378906,58.03413361389197,57.24441688006304,57.95359235195959,1160400
2019-12-02,57.24665451049805,57.71869513829064,56.9088447717362,57.347325970454456,2334400
2019-12-03,57.13256072998047,57.36969900914127,56.700787320070084,56.82159580310545,2088800
2019-12-04,57.03635787963867,57.89990123662224,56.98714011730025,57.38982934841776,1610000
2019-12-05,56.98043441772461,57.215336776366,56.72987372244497,57.07886995190832,1628000
2019-12-06,57.320472717285156,58.11018935828401,57.246646080553035,57.62696232529166,1738000
2019-12-09,56.78132629394531,57.36522828410958,56.74553093429105,57.36522828410958,1752400
2019-12-10,57.2488899230957,57.434577918969495,56.81711993136653,56.87976010204606,1720800
2019-12-11,57.72987747192383,57.776862720214496,56.88423517078998,57.39430366721836,1750400
2019-12-12,57.99833679199219,58.188496638730655,57.41444167360419,57.67394606359913,1731600
2019-12-13,58.571048736572266,58.74330749088629,57.82607792707272,58.002808540769074,2865600
2019-12-16,58.32944869995117,59.727673066204936,57.745546654424544,59.530801983073616,2912800
2019-12-17,58.33616256713867,58.7097643115886,57.98492695175599,58.56882219667276,3586000
2019-12-18,59.48158264160156,61.465941517426515,58.839519121935155,58.873075140385666,6230000
2019-12-19,59.958099365234375,60.186287120933,59.273529270871165,59.33840196496351,2797600
2019-12-20,60.738868713378906,60.779135938070056,59.81939961325933,60.177339602426436,5223200
2019-12-23,60.59568405151367,60.87309640389619,60.43237581759075,60.57331792382423,2498400
2019-12-24,60.137054443359375,60.78359649846768,59.80372002626742,60.66725989214196,566800
2019-12-26,59.98493194580078,60.36077293521271,59.60237975398028,60.199697250141035,1079200
2019-12-27,60.18181228637695,60.31380383898691,59.83057670909606,60.07442620397888,1156800
2019-12-30,60.0363883972168,60.26458295711233,59.56435118230604,60.19075289575791,1209200
2019-12-31,60.197471618652344,60.31156891285301,59.67621657347963,60.02521283275138,1478400
2020-01-02,60.58003234863281,60.5889760692772,59.63818346483376,60.37197136646646,2176800
2020-01-03,60.307090759277344,60.8462468435305,59.7478010653135,59.97151694289904,1972400
2020-01-06,60.463680267333984,60.48158135858681,59.682914136260905,59.984931898942605,1636800
2020-01-07,60.4189338684082,60.6829169006212,59.808187214689745,59.98268528328572,1553600
2020-01-08,61.58449935913086,61.705307830636734,60.15719113347285,60.575538683627926,2808400
2020-01-09,62.49502182006836,63.286977812280305,61.087847262436014,61.087847262436014,3243200
2020-01-10,62.38093566894531,62.89100760641673,62.08115720657119,62.66505238104759,1280800
2020-01-13,63.27804183959961,63.37870989531055,62.52412037089512,62.60689415912431,1638000
2020-01-14,62.98048782348633,63.50846081478403,62.90890393544686,63.09234575592683,1787600
2020-01-15,63.67848587036133,63.953652009587586,63.078922174928834,63.078922174928834,1702000
2020-01-16,64.09684753417969,64.30714103568025,63.62033155370007,63.662838122765145,1416400
2020-01-17,63.586761474609375,64.37199950226129,63.18630817276246,64.3608164401451,1955200
2020-01-21,63.096832275390625,63.808247175481945,63.03642461492338,63.57558073548835,1879200
2020-01-22,63.16393280029297,63.64715985962389,63.12590492874246,63.432394553454365,1302800
2020-01-23,63.987205505371094,64.02076834497032,62.90890028788892,63.15274974719848,1291200
2020-01-24,63.410030364990234,64.35858352330655,62.92009203549251,64.25567612885658,976800
2020-01-27,62.33171844482422,62.87534640385162,61.752295125120895,62.19972689266944,2067200
2020-01-28,62.1840705871582,62.78810625714546,62.154986427358196,62.24223890675821,1341600
2020-01-29,62.69636917114258,63.14380088690452,61.47711501478481,62.38316833556245,1920800
2020-01-30,63.3563346862793,63.42344671380009,61.56660779488459,61.62924796299275,1338400
2020-01-31,62.4100227355957,63.674016161385595,62.27803117843705,63.119205118043084,2787600
2020-02-03,63.09011459350586,63.71427695428436,62.486079014460145,62.732167836562716,1920000
2020-02-04,63.97379684448242,64.18185782018006,63.32055023983269,63.83733342258762,2119600
2020-02-05,65.17737579345703,65.29818426571097,64.52412932596893,64.83733015471432,2304400
2020-02-06,65.69416046142578,65.9380099278385,65.17737737464236,65.43017738702665,1754800
2020-02-07,65.23108673095703,65.82841125766694,65.0297437629123,65.24227662362345,1464400
2020-02-10,65.4637451171875,65.51296288794104,64.70087308414135,65.23555735856695,1540000
2020-02-11,65.65837860107422,65.94026282535863,65.3854449246012,65.78142644486122,1052400
2020-02-12,66.47046661376953,66.64496474136133,65.60468717966916,65.88880391270773,1668400
2020-02-13,66.6897201538086,67.14162387496708,66.08792375542761,66.08792375542761,1768400
2020-02-14,67.31163024902344,67.39216468297121,66.52638538170089,66.82616382017262,1055200
2020-02-18,67.6762924194336,67.71208777917552,66.85301279990284,67.3228175090238,1546400
2020-02-19,68.06779479980469,68.19083580102937,67.72550978169352,67.96488058093547,1184000
2020-02-20,66.6002197265625,68.13714671871494,66.37873636441846,67.67629255542013,2340400
2020-02-21,65.62928771972656,66.38321597528545,65.37872702480936,65.97157957259765,2001200
2020-02-24,64.46595764160156,64.94918467803139,63.63820629797105,63.89771749312405,2369200
2020-02-25,62.613616943359375,64.8082697182379,62.48385787786527,64.45479471787529,3501600
2020-02-26,63.51517868041992,64.22212170687463,62.99839552451523,63.05432449660247,2829600
2020-02-27,60.302616119384766,62.741124810536995,60.24892648988631,62.14827223333359,3731200
2020-02-28,59.673973083496094,59.84847120100755,57.047550773774056,57.16388398999286,5569200
2020-03-02,62.55096435546875,62.58675971722437,59.166141839504675,59.52184928616296,4232400
2020-03-03,60.933502197265625,64.12369330481728,60.59568898354502,62.056560451190144,3582800
2020-03-04,64.0073471069336,64.01406513750527,61.63372489880805,62.7612548448892,2727200
2020-03-05,61.53081512451172,63.36752051537024,60.877561776631346,62.24222995636095,2607600
2020-03-06,60.92230987548828,61.24446128778743,58.97150713535092,59.25562384418043,3342000
2020-03-09,56.11688995361328,58.11243858707222,55.62024043193465,57.93570113202108,4453600
2020-03-10,60.04981231689453,60.15719155697482,56.653803890401655,57.553142576037274,3646400
2020-03-11,56.02069091796875,58.68738022187684,54.96027648244835,58.16165339771124,2578000
2020-03-12,50.49043273925781,52.80141797123629,47.928886837684175,51.897603989682715,7770800
2020-03-13,54.49271774291992,54.60233975963207,50.02511107708073,52.18173215365985,5014000
2020-03-16,45.30469512939453,46.46130565340346,44.199541708218405,44.199541708218405,6964000
2020-03-17,46.7834587097168,47.1257436962722,43.814751758707075,46.21074666459489,7512800
2020-03-18,39.816951751708984,40.8035396113237,36.508195356504004,38.83036730572773,7657200
2020-03-19,40.940006256103516,41.47021180213953,35.88179004605818,39.425448784691504,5723600
2020-03-20,39.17041015625,42.376258925468086,37.43885153824214,40.30688716509583,10294800
2020-03-23,35.136810302734375,39.6469225871415,34.52606699764786,39.6469225871415,6571600
2020-03-24,38.88181686401367,39.99144560979677,36.982467997711474,37.09656527019532,5502800
2020-03-25,43.02727127075195,44.86845182165223,37.77665982358346,38.97577695599829,6708800
2020-03-26,43.08320617675781,44.29127060807694,40.83709674667925,43.48142018482549,6924000
2020-03-27,40.62009048461914,42.00265286584032,40.268854944613885,41.93330149517256,4022400
2020-03-30,40.36952590942383,41.074232910583866,39.22857708135005,40.693913220926184,4295200
2020-03-31,38.75206756591797,40.17490079322871,38.46123621998448,39.93105128719665,6454400
2020-04-01,36.396339416503906,37.44556750772071,35.917587538896626,37.01155812627947,4456800
2020-04-02,36.955623626708984,37.42542488665374,35.54621301960846,35.850466727129735,5749200
2020-04-03,36.74085998535156,37.47241190796933,36.28448106769508,36.52385529703263,4031600
2020-04-06,40.15477752685547,40.40310237057518,37.646920198347914,37.807995957173375,5372000
2020-04-07,41.588783264160156,43.69842591637313,41.46574225355933,42.68051791753698,6444400
2020-04-08,43.045166015625,43.39416218326481,41.50152465631366,42.16596098071747,3771600
2020-04-09,44.46129608154297,46.34274407443451,44.18612308599545,44.28232269134869,3737600
2020-04-13,43.64250183105469,44.4859118003987,42.832651297697176,44.463538843074375,3046000
2020-04-14,45.12349319458008,45.626853934411216,44.438923134591086,44.89083017683464,3380000
2020-04-15,41.85053253173828,44.07426557639576,41.635763778670594,44.01833660476323,3660800
2020-04-16,42.649192810058594,42.758814813955205,41.720773326118234,42.35388964028049,3053200
2020-04-17,45.67382049560547,45.80581200396418,43.984765450828064,44.51721016990316,3248000
2020-04-20,43.380741119384766,45.31364591911388,43.22414070773727,44.747645093966746,3100400
2020-04-21,42.61786651611328,42.928831389843026,42.05410165677588,42.47245258899171,2793600
2020-04-22,44.17046356201172,44.47471729307453,43.132422023144514,43.311395408528526,2676800
2020-04-23,44.61342239379883,45.53960604226111,44.331541601182856,44.331541601182856,3823200
2020-04-24,44.7834358215332,45.34048949961473,44.35614115568463,45.02952461433216,3043600
2020-04-27,47.53290939331055,47.66490093239944,44.74317232571177,45.11901333470384,2598000
2020-04-28,48.8080940246582,49.93338464859507,47.96692352934686,49.05641879255555,4865600
2020-04-29,51.667179107666016,51.924454404423365,49.50161114079321,49.911011589469766,3988000
2020-04-30,49.626895904541016,51.06538742757217,49.44344723761562,51.00722252553008,3308000
2020-05-01,47.38526153564453,48.803619441639356,47.19734100961308,48.541872263174085,3226800
2020-05-04,46.89979553222656,47.03178707817387,46.17048301432958,46.823732954592515,2827200
2020-05-05,47.14588928222656,48.074308887738596,47.05864021909081,47.338285089863554,2101200
2020-05-06,47.01836395263672,47.58212890042685,46.56645693976183,47.42776440406249,1988000
2020-05-07,47.740970611572266,48.465811340037845,47.277880484166715,47.57765896409433,1606000
2020-05-08,48.817047119140625,48.99378117480435,47.90204651105781,48.333819964993765,1499600
2020-05-11,47.9602165222168,48.4926580516924,47.66267396069294,48.27118149177974,1782800
2020-05-12,46.029544830322266,48.34724161057181,46.02059769663108,48.09891683362959,3000800
2020-05-13,44.624603271484375,45.52170264930206,44.10334490332703,45.235346618998996,5439200
2020-05-14,51.166053771972656,51.284622899883665,45.69172662622115,45.84161583671935,9572400
2020-05-15,50.877464294433594,51.602304964205146,49.86179571571609,50.52623214293167,5839200
2020-05-18,52.89314270019531,53.56429032535378,51.93116716837484,51.93116716837484,3996800
2020-05-19,53.463619232177734,54.66721174060625,52.803658078957525,53.112387081017395,4217200
2020-05-20,53.81037902832031,54.47034017546585,53.41440097457965,53.82604077808162,3810000
2020-05-21,54.2645263671875,54.97146940713175,53.873023555106386,54.04752167825756,2186000
2020-05-22,53.83722686767578,54.168328838415384,53.620222184087964,54.0430484878149,1745200
2020-05-26,56.53971862792969,57.045318748235815,55.29138349239126,55.73210408985968,3417600
2020-05-27,56.28244400024414,57.48603316683988,55.331651468007536,57.03636545697254,3001200
2020-05-28,56.31376266479492,56.96701263726512,55.94686875111623,56.39206458974735,1934000
2020-05-29,55.472591400146484,56.26454411753575,54.38309273751432,56.26454411753575,4986400
2020-06-01,56.13926315307617,56.41443272808882,55.28243092792886,55.593395862809295,1925600
2020-06-02,57.04754638671875,57.125848306036175,55.805922635575286,56.255593715348816,3508400
2020-06-03,60.58449935913086,60.828348858889825,57.41220969138153,57.922281645254806,2930800
2020-06-04,60.22655487060547,60.56660740434843,59.53751291011703,60.06324663483749,2106400
2020-06-05,64.09458923339844,64.119194699123,61.73438981277819,61.7746570261088,4193200
2020-06-08,65.21541595458984,65.34964001581838,63.83732536542191,64.87313094392388,3021200
2020-06-09,63.291465759277344,64.18632935462577,63.04537690510305,63.9536629082003,2448000
2020-06-10,62.233272552490234,63.48384331538772,61.535280203641946,63.48384331538772,2423600
2020-06-11,59.06098556518555,60.783600375076546,58.59118090546381,59.660542416470086,3545600
2020-06-12,59.55316925048828,61.06772328154365,58.26903547262607,60.716487715742886,2257200
2020-06-15,59.626983642578125,59.86188254792835,57.568795146376544,57.85291863777499,2302000
2020-06-16,61.215370178222656,62.40106147266089,60.32945730865623,62.40106147266089,1808800
2020-06-17,61.1370849609375,61.83507752317858,60.725448496725264,61.06773357348841,1473200
2020-06-18,61.70307922363281,62.01628010493526,60.50843718742172,60.69188585620857,1610400
2020-06-19,60.4390869140625,63.20869078201568,60.27577185316219,62.79034315140962,3893200
2020-06-22,60.416709899902344,60.638186435985745,59.324975315068016,59.67621088459166,2409600
2020-06-23,60.9737548828125,61.44132703798225,60.45921113596609,61.018500785697505,1620800
2020-06-24,58.53078842163086,60.62924452736566,57.88424623317324,60.18852395828958,2602000
2020-06-25,58.74108123779297,58.926762417317526,57.913329736968755,58.2310092959075,1959200
2020-06-26,57.38311767578125,59.00952950842519,56.83948977844931,59.00952950842519,4209200
2020-06-29,58.97373580932617,59.02519291601683,57.130319269147,57.707510023272164,1750000
2020-06-30,59.588958740234375,59.917821358142085,58.16836835879064,58.52407579003499,2741200
2020-07-01,59.94913864135742,60.85742447714114,59.550924687872275,60.78583376415666,2639600
2020-07-02,60.54869842529297,61.85519827765579,60.44355169403992,60.698591061138735,1818800
2020-07-06,61.215370178222656,61.96929151329622,60.99612618364503,61.613584124964746,1938800
2020-07-07,60.3988151550293,61.05654038203813,60.19746540316664,60.60015807962517,1768800
2020-07-08,60.696346282958984,60.850710764535584,59.97374163481441,60.065465951929916,1619200
2020-07-09,59.53974151611328,60.56882899748634,58.566576171777655,60.26233936546527,1736400
2020-07-10,59.705299377441406,59.98718359094093,58.99835632727586,59.04533475377,1122000
2020-07-13,59.588958740234375,60.98718299540882,59.40103821961096,60.360781259997424,2162800
2020-07-14,60.47040557861328,60.58226352961128,58.535264391801334,58.72989613417506,1382800
2020-07-15,62.282493591308594,62.463702890367884,60.68739842911227,60.70306017773868,1653600
2020-07-16,62.06996154785156,62.36078940430174,61.42118016039799,62.04758859875566,1811200
2020-07-17,62.653873443603516,62.77915379949411,61.52187155320591,62.627028628379435,1163200
2020-07-20,62.15274429321289,62.81494135306275,61.904416128727625,62.62030963961745,1668000
2020-07-21,63.553199768066406,63.95813176380028,62.75901118018661,63.34738499604447,1416400
2020-07-22,64.73440551757812,64.87758691751773,63.49725732289674,63.70307887849371,2024400
2020-07-23,67.78813934326172,69.58009859181337,63.242231803719754,63.75677550845797,4264800
2020-07-24,67.6964111328125,68.70089301899125,66.10578804051319,67.9805277774575,2924800
2020-07-27,66.72998046875,67.96488981760844,66.3988784685643,67.70314602968097,2187600
2020-07-28,65.67401885986328,67.01184198823388,65.62032924510103,66.84405511483651,2032800
2020-07-29,68.41230010986328,68.5845656735166,66.18409228868512,66.49282123559391,2593200
2020-07-30,67.51969146728516,67.98502433660359,66.11251662312758,67.4391570248649,2280400
2020-07-31,67.53309631347656,67.5979758156223,66.43912945813376,67.48387855792899,2946400
2020-08-03,66.83287811279297,67.81275473472358,66.74563247198272,67.4995538761141,2175200
2020-08-04,67.48165893554688,68.00962511660094,66.45479707464042,66.80827197581837,2394000
2020-08-05,67.1080551147461,68.45482230105024,66.55100473902978,68.16846623784957,1639600
2020-08-06,67.7926025390625,67.89998858711587,66.67178413122821,67.05434308708189,1433200
2020-08-07,69.3541488647461,69.43692263213525,67.11475114998335,67.71207543921503,1766400
2020-08-10,70.78369140625,70.81053621506511,69.26465891964763,69.45258623588492,2168800
2020-08-11,71.2154769897461,72.57120157812967,70.82397417823273,71.66738746162969,2674000
2020-08-12,71.56448364257812,72.56448717697464,71.41235163948566,71.41235163948566,1376800
2020-08-13,71.36090087890625,71.86649417489234,71.01861582193153,71.07677731391054,1015200
2020-08-14,70.79264831542969,71.87767161768252,70.4637857233503,70.86647154630752,1512000
2020-08-17,71.81056213378906,71.92018756363278,71.10809778166535,71.24456119897346,1440800
2020-08-18,71.31391143798828,72.0700722347392,71.19982097720508,71.81503967160374,1074800
2020-08-19,71.25350952148438,71.81279923515379,70.9783365245429,71.77700387420691,820400
2020-08-20,71.59578704833984,71.99400100964017,70.53984790652704,70.53984790652704,882000
2020-08-21,71.67634582519531,71.80833739676989,70.8083269760777,71.34524381067858,1601600
2020-08-24,72.78817749023438,72.90227474562352,72.0409674545675,72.44589255133211,1018800
2020-08-25,72.6472396850586,73.3250983372245,72.36982742954218,73.28259178582921,1173200
2020-08-26,72.92017364501953,73.30496512526544,72.07228878273496,72.4839250687921,954400
2020-08-27,73.55329132080078,74.24457242568833,73.14612686608554,73.3519484364987,1080000
2020-08-28,74.69426727294922,74.85534299725,73.53542052639868,73.53542052639868,1382400
2020-08-31,74.55108642578125,74.87994908111132,74.00745841205226,74.55332576956975,1437200
2020-09-01,75.01414489746094,75.36985220277657,73.83739759617684,74.36537043819473,1318000
2020-09-02,76.5958480834961,76.81732463152724,74.97390786886406,75.51529650344402,1297200
2020-09-03,73.98284912109375,77.17527248120304,73.11259101347075,77.0097249038217,2136400
2020-09-04,74.07455444335938,74.7412301578178,72.81280055479138,74.33406565783447,2417200
2020-09-08,71.31614685058594,73.57567856910137,71.11704327064332,73.57567856910137,2565600
2020-09-09,72.91572570800781,73.39224169390043,71.39893209465167,71.99177789720463,1963600
2020-09-10,71.02531433105469,72.91794861208612,70.43246183489592,72.89557566043113,1856400
2020-09-11,71.8016128540039,72.4459088394754,70.96043897878832,71.18191551044205,1231200
2020-09-14,73.33631134033203,73.58240020487091,72.43473650313736,72.5600168655812,1333200
2020-09-15,73.41683197021484,74.14166912440116,73.197587983963,73.62488606784007,1472400
2020-09-16,72.97835540771484,74.09246294952699,72.87320867087354,74.09246294952699,1555600
2020-09-17,72.70989990234375,73.24905598914434,70.92017287320327,71.06334748535578,2173200
2020-09-18,71.20205688476562,74.46607103959813,70.95597485709945,74.28038984698807,4855600
2020-09-21,70.82620239257812,70.88213135686304,68.82618208356813,70.14163241591201,1993600
2020-09-22,72.48619079589844,73.09021962830612,70.89333468350966,71.00519263328155,2410000
2020-09-23,70.85306549072266,76.05222799512835,70.09690460605779,76.05222799512835,3300000
2020-09-24,71.28482055664062,72.03650252327415,70.48615334664314,72.01636891637494,2348800
2020-09-25,73.19312286376953,73.48395075858569,70.41904066429348,70.67184068516895,1703600
2020-09-28,75.16851806640625,75.4705357990904,73.82622310093471,73.82622310093471,2186800
2020-09-29,73.88887786865234,74.98061241545277,73.32287698606113,73.32287698606113,1306800
2020-09-30,74.45935821533203,75.42581251880273,73.91573022985499,74.89113508074689,2101600
2020-10-01,76.49517059326172,76.99182012893424,74.49962873084202,76.3676509008115,2043200
2020-10-02,74.95599365234375,76.05220679145226,74.66292643173782,74.77031249875806,1836000
2020-10-05,75.25801849365234,76.01193989512198,74.92915588645678,75.6786054282716,1296800
2020-10-06,73.98731231689453,75.9224532143189,72.52644796841396,75.26025615507284,2283200
2020-10-07,75.1014175415039,75.5264763134952,74.63832406900725,75.12378366587217,1237600
2020-10-08,75.61148071289062,76.1215525459056,75.19536570773168,75.81953480183735,1414800
2020-10-09,75.958251953125,76.64506133865599,75.4190958666743,75.96943501614315,1417600
2020-10-12,78.07683563232422,78.59361872600157,75.83072647212653,75.83072647212653,2352000
2020-10-13,78.90010070800781,79.11934468873265,77.55557315393175,77.92917478296746,1702800
2020-10-14,78.56678009033203,80.24464918279233,78.31845191446916,79.44374251272187,1727600
2020-10-15,77.9381332397461,78.32292479618683,76.86653234715405,77.57347529165057,1343600
2020-10-16,77.94261169433594,79.07461350774854,77.90010513069947,78.3005584699376,1346800
2020-10-19,76.35871124267578,78.31398598851425,76.0656439651685,77.86879354030818,1318000
2020-10-20,76.88218688964844,77.96049888394852,76.7412448171767,76.82625792928764,1288800
2020-10-21,75.77031707763672,77.19985772018947,75.7255711795089,76.45041513103972,1788800
2020-10-22,75.72781372070312,76.43251726875134,74.84190088393582,76.12826699588277,1349600
2020-10-23,75.63162231445312,76.05444173903574,74.71214658106415,75.9649567606242,1193200
2020-10-26,73.58687591552734,74.94036132767614,72.6360832556763,74.74125088181866,1323600
2020-10-27,72.48619079589844,74.27367864852748,72.26247489635468,73.97390016241093,2167200
2020-10-28,70.59131622314453,71.89333755813618,70.38325524970399,70.38325524970399,2123600
2020-10-29,71.57117462158203,72.41682022469318,69.72999079838529,70.3452093591141,1556400
2020-10-30,70.36983489990234,71.6919967123332,69.75461616366097,71.211008883998,2308400
2020-11-02,71.67184448242188,72.36983682949914,70.71434093474252,71.95820049217834,1426000
2020-11-03,73.8307113647461,74.28262180631843,72.5890909767048,72.5890909767048,1172800
2020-11-04,75.47502136230469,78.11934456297381,75.32736807002064,77.71441938771295,2234000
2020-11-05,76.65284729003906,78.0951616482191,76.04472406505036,76.70936426708973,1628800
2020-11-06,77.07331848144531,77.35816620984127,76.11027403137459,76.53753872492453,1324000
2020-11-09,82.1666259765625,83.22010307708479,81.01594134785496,81.38217019286459,4173600
2020-11-10,81.08601379394531,82.74309497771287,79.43798415484281,80.04384432968814,2025600
2020-11-11,81.39347839355469,81.7054531600984,80.04837179839706,81.58337457774566,1493600
2020-11-12,79.0491714477539,81.18777200745362,78.6897173891334,80.5231317806028,1206400
2020-11-13,80.48015594482422,80.61805402408773,79.13957522769348,79.44250532387025,1051200
2020-11-16,83.3421859741211,83.46426456179383,80.48016576807883,80.48016576807883,1548000
2020-11-17,81.70319366455078,82.66624504488597,80.78535862001362,82.00386091057052,1456000
2020-11-18,81.49519348144531,82.79734644829865,81.22165332661777,81.84333988698043,1001200
2020-11-19,83.16812133789062,83.30375655587474,80.87352668068581,81.09507570180098,1032800
2020-11-20,81.80266571044922,83.10255605147776,81.481646277607,82.54643098513536,1033200
2020-11-23,80.99332427978516,82.4062483099063,80.48467162894154,82.26608734996518,1316400
2020-11-24,81.82754516601562,82.45827661593472,81.04308918105505,81.88632503490322,1555600
2020-11-25,81.49519348144531,82.34972964118207,81.01366787811754,81.85238453231773,769600
2020-11-27,81.63086700439453,82.53965758807801,81.1403034658383,81.21038397134633,448800
2020-11-30,80.32191467285156,81.92474200659474,80.05289334483842,81.78457412637617,2084400
2020-12-01,81.17646026611328,82.18246520266267,80.63616156083775,81.1674225172285,1546400
2020-12-02,81.59017181396484,82.01743658467718,80.53217563034401,81.43192151426679,2159200
2020-12-03,81.31436157226562,82.62329661391995,80.09585230865535,81.16967480815944,1759200
2020-12-04,82.16890716552734,82.92397319050774,81.38445120709711,81.5359197490903,1868400
2020-12-07,79.83360290527344,82.28869641535567,79.64596272855445,81.5065035954473,1462800
2020-12-08,81.3301773071289,81.51781059946975,79.35660236233777,79.83360914491448,1438000
2020-12-09,80.03707122802734,82.03551038596076,79.60979963897525,81.6331098502984,2113600
2020-12-10,78.52468872070312,80.23376154231389,78.33931138155955,80.12524646351264,1461200
2020-12-11,78.92255401611328,79.42895075700056,77.86455799695787,78.28504783988015,1487600
2020-12-14,78.50432586669922,79.51258657252727,78.2895586439244,79.16444014262409,1357600
2020-12-15,79.78614044189453,80.15689510084245,78.11097651383719,78.75979716699604,1800800
2020-12-16,80.05289459228516,80.32644169753053,79.53972298246255,80.19079958816788,1096400
2020-12-17,79.57589721679688,80.37165370530883,78.89769354733554,80.19532102721067,1630800
2020-12-18,80.10713958740234,80.3671162206846,79.04236200464933,79.99636165569274,3817600
2020-12-21,78.24887084960938,79.46285417512344,76.9195907057916,79.28652151721153,2322400
2020-12-22,78.67162322998047,78.81178421349715,75.53606279877057,76.41094440153276,3050800
2020-12-23,76.73197174072266,80.24732492172386,76.7206642059882,80.24732492172386,2019600
2020-12-24,76.5013656616211,77.37172833903479,76.04922992260555,77.11400765625487,742000
2020-12-28,80.07097625732422,80.97298481522091,77.34686129128572,77.34686129128572,3551200
2020-12-29,78.52919006347656,80.92099184429209,77.68596137567724,80.85091136083004,1654000
2020-12-30,79.17574310302734,79.87429190970764,78.38902452607483,79.15539782505138,1214800
2020-12-31,79.90595245361328,80.0280310428687,78.87508345312021,79.2390563343493,1118000
2021-01-04,77.67694091796875,80.19533403144028,77.38304847411878,80.01448244987539,3400400
2021-01-05,78.87283325195312,78.90674205727719,76.50590205370605,77.36043844309654,2030000
2021-01-06,79.34754943847656,80.615793616124,78.95193071606055,79.12374448320355,1658800
2021-01-07,80.26766967773438,80.76502182761104,78.90674337531907,79.54424962319467,2804400
2021-01-08,79.15766143798828,81.03402885426077,78.87733949347873,80.00994170322089,1593600
2021-01-11,76.75003814697266,79.4244178839375,76.54205268106885,78.8185576774579,1971200
2021-01-12,76.7432632446289,77.17505372187985,75.77343011091821,76.47424191639902,1556800
2021-01-13,75.91584777832031,76.79072929571167,75.55866359385905,76.6686576181991,1978000
2021-01-14,73.95584869384766,76.07184071390272,73.81342482729701,76.07184071390272,2753200
2021-01-15,73.7139663696289,74.35147954284412,72.70569850593273,73.19400602803084,2507600
2021-01-19,72.80290222167969,73.83377120559692,72.2716413223038,73.62578571980397,2281200
2021-01-20,75.09749603271484,75.36425449816187,72.21739320285452,72.21739320285452,2397200
2021-01-21,74.92342376708984,76.09670977889873,74.37407354651356,74.87142566829819,1746800
2021-01-22,73.35450744628906,74.79907759741786,73.26407477596571,74.79907759741786,1290000
2021-01-25,74.17964935302734,74.90758815141118,72.57230325172925,72.87071448811997,2286000
2021-01-26,73.05610656738281,74.71092532308283,72.93629085113663,74.65440834562624,1434800
2021-01-27,71.93480682373047,72.90689601092495,71.12547989757056,72.34172627440616,2636000
2021-01-28,73.3409423828125,74.33789563142847,72.26937597360954,72.26937597360954,1569200
2021-01-29,71.91670989990234,73.10130333429194,71.76750427740349,72.29650226678459,3231200
2021-02-01,73.58283233642578,73.759165007542,72.34172187814795,72.4818828604398,2028000
2021-02-02,74.87821197509766,75.51346223796354,73.74109068579573,74.27913340501621,2240800
2021-02-03,74.96638488769531,75.23993205735773,74.22714522120104,74.82848675838352,1674400
2021-02-04,76.46973419189453,76.9037807198727,74.98672923971966,75.09071854760369,1644800
2021-02-05,77.98889923095703,78.14262373261053,75.95202543739363,76.91733279520963,1677600
2021-02-08,78.93159484863281,78.96776653545133,77.69048445917906,78.1177491428255,1356400
2021-02-09,78.97454071044922,79.44250280872359,78.47493270115045,78.6309200672419,1390400
2021-02-10,78.89768981933594,79.97603111917067,78.37773645693505,79.56684880985352,1716400
2021-02-11,77.77124786376953,79.87138430135637,77.36991626022503,79.75281221797457,1626800
2021-02-12,78.0859146118164,78.22729086878198,77.47251869005586,77.47251869005586,800000
2021-02-16,78.69247436523438,79.80296975538265,78.31394700123441,78.88173456780277,1445600
2021-02-17,77.32656860351562,78.82471417288042,77.17151123993143,78.34813650727305,1461600
2021-02-18,77.63214111328125,77.85332856796076,76.0838289305247,77.13047669271036,1400800
2021-02-19,78.32533264160156,78.57616482424207,77.44058292039436,77.90804447869304,1649200
2021-02-22,77.64353942871094,78.35726823203167,77.17380227257665,78.21360946856932,1365200
2021-02-23,76.7793197631836,78.03575649636448,75.44307878271593,77.65038855023212,1818800
2021-02-24,77.1441650390625,77.37675113281252,75.53884570181233,76.6379425159543,2176000
2021-02-25,74.80460357666016,77.37448431041108,74.3485474488735,76.83405891240217,1697600
2021-02-26,73.95860290527344,75.79650808374085,73.82634972320243,75.18311218861689,2248800
2021-03-01,78.64229583740234,79.32637982073554,74.11138070121008,75.09189829377614,2141600
2021-03-02,78.07678985595703,79.10975647115455,77.99470311195532,78.28429618177825,1605200
2021-03-03,76.68809509277344,78.8087526807316,76.62653003879117,78.01293719826153,2630000
2021-03-04,74.50357818603516,77.04837106528859,73.28590970963118,76.87962564216083,2538000
2021-03-05,77.38129425048828,77.85787188035702,73.77389003719108,75.33816555504995,2279600
2021-03-08,77.66633605957031,78.54196272046794,77.07117937730096,77.83279204132866,1703600
2021-03-09,78.8612060546875,79.74367333897749,77.63441424884853,78.57617104250791,2133600
2021-03-10,80.50301361083984,81.39232149134008,78.89085384969509,79.25570007111806,1819600
2021-03-11,82.09921264648438,82.87222403805839,80.26358285701552,81.06624596432908,2277200
2021-03-12,81.70015716552734,82.71944264252036,81.51545503523474,82.08780060490454,1658800
2021-03-15,80.17464447021484,82.06499849810548,79.88504446276143,81.63402224710575,2106400
2021-03-16,79.34234619140625,80.09939387037913,78.45759642897978,79.95801762235762,1706000
2021-03-17,78.26377868652344,79.69123634379821,76.72914757959923,79.40163629960557,2318000
2021-03-18,76.89788818359375,78.59441713174871,76.26397059525205,78.04030377967797,2008000
2021-03-19,75.94473266601562,77.06891614351113,75.9196529229508,76.71775102856095,2973600
2021-03-22,76.69266510009766,77.03698965596972,75.60041583492853,76.23433348685185,1487200
2021-03-23,75.93560791015625,77.33569623742204,75.55708058809743,76.73826397979923,1301200
2021-03-24,76.60600280761719,77.67317208588348,75.43849370239288,75.43849370239288,1662000
2021-03-25,76.85912322998047,77.24677364432539,74.92316758299889,76.48971895404816,1246400
2021-03-26,79.03678131103516,79.15079531041673,76.48971246181384,76.59460339276345,1442000
2021-03-29,77.80316162109375,78.90453387333645,77.60249585416737,78.49864428436729,1396800
2021-03-30,76.91613006591797,77.76667707682262,76.30273414181733,77.48620010996223,1033600
2021-03-31,77.82825469970703,78.55794725741842,77.05067819904791,77.23310481790774,1787200
2021-04-01,79.42442321777344,80.049217640882,78.1634287975178,78.53511550926014,1608400
2021-04-05,80.73103332519531,81.06623475631154,79.76191434612223,79.80979827660678,1456800
2021-04-06,79.55213165283203,80.79716265331062,79.35146588829954,80.1723681255403,1356800
2021-04-07,79.87820434570312,79.96713860454221,78.74262937744042,79.08238886519939,1132800
2021-04-08,78.83384704589844,80.4414417970958,78.64914490712641,80.0127549666093,1750800
2021-04-09,80.37531280517578,80.57141354702009,78.78139233609507,78.98889865337878,1670800
2021-04-12,80.98871612548828,81.43564910282986,79.99451032494622,80.51213143282631,1098400
2021-04-13,81.05939483642578,81.15744520495765,80.07887027452043,80.5850927059506,993200
2021-04-14,79.82803344726562,81.33530203766759,79.51107816862816,81.07307124826552,1305600
2021-04-15,80.23394012451172,80.75612626708858,79.86226027721668,80.59651081975738,1120800
2021-04-16,79.92837524414062,80.8359292255446,79.6707094393035,80.53493058340709,1554400
2021-04-19,78.3823471069336,79.60685642559312,77.94909527320382,79.558972491256,1411600
2021-04-20,77.91717529296875,78.89769297120452,77.34938080516665,78.64914327060731,1251600
2021-04-21,79.27394104003906,79.51337464021925,78.19993099699523,78.5738933372191,1880000
2021-04-22,79.48145294189453,80.49389799462668,78.56021771324761,78.90454227994763,1080800
2021-04-23,80.65807342529297,81.0981658442012,79.7961277676093,79.88049702359179,1006000
2021-04-26,79.66387176513672,81.0958945197865,79.54985774649494,80.74244688667889,1020400
2021-04-27,79.84402465820312,80.3206024735591,79.11433903383602,79.52706927007407,1492000
2021-04-28,78.71527099609375,80.15868522210106,78.49408355039809,80.01275091586592,880000
2021-04-29,80.051513671875,80.43688157048086,78.94785892422803,78.97977922743335,888400
2021-04-30,78.70159149169922,79.56809515474247,78.010659934043,79.47004477959767,1599600
2021-05-03,79.951171875,80.39126422080962,79.21464592894375,79.50195646120777,1524000
2021-05-04,79.98766326904297,80.29093745361718,79.54984643779802,79.71859189342639,1555200
2021-05-05,79.48827362060547,80.91573101853761,79.13026801779154,80.49159535228743,1678000
2021-05-06,79.86681365966797,80.04923329133405,79.1576498607885,80.04923329133405,1065600
2021-05-07,82.24285888671875,82.75363936165347,79.86908665637327,79.86908665637327,2268400
2021-05-10,82.25881958007812,83.09568541303534,81.76400271050284,82.10376220815625,2308400
2021-05-11,80.87696075439453,81.54052299877155,80.1997173881839,81.3239005971648,1538000
2021-05-12,78.38692474365234,80.12221486497836,78.21590370604584,79.69124546881918,1858000
2021-05-13,81.25083923339844,81.5728875382677,79.20812281376126,79.20812281376126,1456800
2021-05-14,82.3711166381836,82.83349028389632,81.2991572832546,81.72011919970615,1273200
2021-05-17,80.9817123413086,82.35272217501107,80.26169998789885,81.40957507009858,1151600
2021-05-18,80.05236053466797,81.26464519138119,79.89593806672954,80.64125090112894,2349200
2021-05-19,78.78487396240234,79.73492191543542,77.75201658030608,79.01721211637614,1905600
2021-05-20,80.38822174072266,80.70567192453596,78.25119652499191,78.83778437238405,1587200
2021-05-21,80.1512680053711,81.4463690004618,79.96034162821383,80.89198260010562,1264800
2021-05-24,81.5567855834961,81.99385161579382,80.56072796839476,80.89197963963908,1521600
2021-05-25,81.77763366699219,82.35502511316336,81.55219631275993,81.57060308705061,1321600
2021-05-26,81.47859191894531,82.11578784409116,81.04841955778804,81.84434758891373,1247600
2021-05-27,81.46707916259766,82.30441183696712,81.08292377000531,81.81673765085175,2645200
2021-05-28,81.32676696777344,82.0835788416547,81.26005469538143,81.80293520139209,1382800
2021-06-01,81.19795227050781,82.69547895137525,80.963311512857,81.96166497347795,1459200
2021-06-02,81.03691864013672,81.58670694286549,80.94260322761359,81.11282727844059,1326000
2021-06-03,80.7148666381836,80.97020270286367,79.79702713415489,80.29389769353921,1336000
2021-06-04,81.01850891113281,81.4463715873316,80.46872067609338,81.14042744984687,1443200
2021-06-07,79.77631378173828,81.2416459089705,79.44046389552518,80.9725012676059,1549600
2021-06-08,79.9212417602539,80.22489034186223,79.5025754147146,80.04086472762354,1319200
2021-06-09,80.02476501464844,80.2455971680646,79.75332476147778,80.15128175397089,976400
2021-06-10,80.76776123046875,80.86897741232339,79.78781477178718,80.12136203551721,1402800
2021-06-11,81.16573333740234,81.2669495294374,80.81608186863481,80.90119388918087,944800
2021-06-14,81.26235961914062,81.26235961914062,80.55384620276486,80.90810291095273,1096000
2021-06-15,82.30670166015625,82.54594055325657,81.43947032534162,81.53608832721197,1373600
2021-06-16,82.08587646484375,82.81278957127353,81.56139574503078,82.58275404468665,1425600
2021-06-17,83.20155334472656,83.82494767990718,81.80523596028162,81.80523596028162,1774800
2021-06-18,81.6303939819336,83.30505915759485,81.03230729934181,82.26989940985723,3110000
2021-06-21,83.45458984375,83.58570475733163,81.80292944363669,82.20319602968816,1370400
2021-06-22,86.1483154296875,86.25183423758747,83.50520914665688,83.9698784409541,2494800
2021-06-23,86.44274139404297,87.06843824559577,85.3270677958535,85.75723306502233,2598400
2021-06-24,86.90742492675781,86.94883665959918,85.92517569003437,86.3530454484593,1675200
2021-06-25,87.01323699951172,87.30768218078018,86.31162445983853,86.89591663927621,2014000
2021-06-28,87.3191909790039,87.80686520724535,86.83841753625164,87.22948076764476,1540000
2021-06-29,87.99317932128906,88.28072370409431,87.14665034314073,87.14665034314073,1220000
2021-06-30,87.87358093261719,88.26924236317126,87.74935976880437,88.14272561752364,1462400
2021-07-01,87.62513732910156,88.30604053345208,87.44570989619409,88.03229769066503,1449600
2021-07-02,88.21863555908203,88.4854776459525,87.62744249644989,87.843676480291,2150800
2021-07-06,88.0530014038086,88.48316672907096,86.93042687492199,88.33134243425,1824000
2021-07-07,89.62416076660156,89.7529871525253,88.04152184110414,88.19104356710216,1204400
2021-07-08,88.97772979736328,89.77135509116535,88.4900556539768,88.60737600700661,1518000
2021-07-09,89.32740783691406,89.63565463624724,88.28534706016629,89.63565463624724,1010400
2021-07-12,90.1900405883789,90.2314453029224,89.08586572632375,89.09506911404273,986400
2021-07-13,87.63893127441406,90.19002424218864,87.4917051781057,90.19002424218864,4657200
2021-07-14,87.17195892333984,88.00468634250605,86.6888829505268,87.77924901649286,4199200
2021-07-15,84.91761779785156,87.02704677884154,83.97217510244515,86.26332710471056,4606400
2021-07-16,88.84432220458984,89.22387942304445,85.83315797533005,85.83315797533005,3082800
2021-07-19,87.08684539794922,89.07205308897854,86.3369343650241,88.10360550067716,3202800
2021-07-20,89.52983093261719,89.96689703485247,87.05924457090948,87.19266910935508,2069600
2021-07-21,90.21074676513672,90.27515644164075,89.27680294576409,89.64715683063024,1283200
2021-07-22,89.95999145507812,90.30274212948973,89.53672694556849,90.30274212948973,1072400
2021-07-23,90.9422607421875,91.05958112847821,89.78978029840016,90.17394278637208,1381200
2021-07-26,89.43781280517578,91.0434633596344,88.91563467027652,90.56038733424118,1716800
2021-07-27,89.45162963867188,90.28206170851868,88.08292218999816,88.32216115179901,1348000
2021-07-28,89.79896545410156,90.50747879198218,89.5206244385691,89.93929077275975,1210000
2021-07-29,90.4361801147461,91.181493055399,89.89789074635465,90.56269686005963,1731600
2021-07-30,90.67539978027344,90.82952666785481,89.95078929476847,90.08650940943988,1772400
2021-08-02,89.56893920898438,91.15388748680218,89.40331333545464,90.3257581191535,1390400
2021-08-03,89.81047058105469,90.02900011242811,88.83972040829458,89.83577111853002,3218800
2021-08-04,89.2100830078125,90.01060922145537,88.88803465294271,89.59654103365624,1652400
2021-08-05,90.17394256591797,90.22685327375135,88.80983333387151,89.3642198946131,1773600
2021-08-06,90.01290130615234,90.6109950963187,89.66094722126684,90.29354493737739,1308400
2021-08-09,90.27745819091797,90.39477155265,89.64025519781798,90.00141271129213,1180000
2021-08-10,89.90476989746094,90.61328315707861,89.7161461258593,90.31423279992136,996800
2021-08-11,89.74376678466797,90.18773369422023,88.80982304928621,90.18773369422023,1321200
2021-08-12,90.28269958496094,90.38955477858671,89.33260073901648,90.1340324141571,1080400
2021-08-13,90.45924377441406,90.61953010107523,89.56721952861808,90.18977700914571,754000
2021-08-16,91.39076232910156,91.70668448301745,90.02019725727527,90.28502061203879,2724800
2021-08-17,91.56962585449219,91.66951237672156,90.33844825934843,90.96797438145565,1087200
2021-08-18,90.18976593017578,91.68809198606483,90.12472272511327,91.28853884377293,1451200
2021-08-19,90.91685485839844,91.36286335498872,89.65779571385312,89.8436384950801,1784000
2021-08-20,91.01676177978516,91.75779364241134,90.37329828533389,91.23279741531248,1726400
2021-08-23,91.04462432861328,91.7345502093767,90.74728294066145,91.23743578867847,946000
2021-08-24,90.80536651611328,91.34894346271408,90.58236222526699,91.21421362364697,855200
2021-08-25,91.09806823730469,91.26532323455594,90.46854206382491,90.6845777009306,912800
2021-08-26,90.612548828125,91.08643199048089,90.39418798129967,91.08643199048089,660800
2021-08-27,90.98887634277344,91.7577827653948,90.1572448733398,90.80535879227281,828000
2021-08-30,91.41631317138672,91.83677235917192,90.5289323187173,90.92848551856152,992800
2021-08-31,91.93665313720703,92.0783587210719,90.92616167069556,91.61376233585163,1420400
2021-09-01,92.01564025878906,92.61497360856535,91.51388236531048,92.18289525300817,895600
2021-09-02,92.07835388183594,92.72646779012608,91.40469057650701,92.58708746404957,1222000
2021-09-03,92.11318969726562,92.47789951222808,91.68576193080116,91.84139772906897,1338400
2021-09-07,90.93544006347656,91.9924009953677,90.8401969626351,91.57891053442391,1003600
2021-09-08,92.52437591552734,92.5545758176535,90.65670337685482,90.91222574122929,890400
2021-09-09,92.9332275390625,93.26076888776366,92.35712538763944,92.72183530312718,1194000
2021-09-10,93.78109741210938,95.07035658041585,93.12369667389125,93.31418288522832,1732400
2021-09-13,94.43619537353516,95.19580800308695,93.85080640950085,94.65919968042739,2990000
2021-09-14,92.01564025878906,95.03319881744308,91.88091041666918,95.03319881744308,2690400
2021-09-15,92.63124084472656,92.91928837013668,91.75779726550996,92.06907603084844,1814400
2021-09-16,92.81475830078125,93.0029193067179,91.8855653473441,92.63124779668675,1086000
2021-09-17,91.26068115234375,92.88445063480047,91.01909609227731,92.59639600290657,4992000
2021-09-20,91.43256378173828,91.54174420837205,89.96211235305,90.40812797162432,2108800
2021-09-21,91.36288452148438,92.24329673550002,90.96333131075143,91.69275110384834,1366800
2021-09-22,92.03653717041016,92.5359768147142,90.97028233880813,92.2339849422396,1182400
2021-09-23,93.33277130126953,93.5790068282164,91.92737001506264,92.1945115294848,964800
2021-09-24,93.2607650756836,93.48145121658972,92.41287800498668,92.53367052522117,982400
2021-09-27,91.848388671875,93.80201029478259,91.65325194545942,92.77525622104595,1578000
2021-09-28,89.6833724975586,91.48832705449178,89.46036110960775,91.26996616786,1918000
2021-09-29,90.42440032958984,92.73808843527414,89.40228257000618,91.376817285926,1903600
2021-09-30,88.4266357421875,90.80072368558491,88.37088644141359,90.72174314642898,1872800
2021-10-01,89.97374725341797,90.30593200285509,87.6484398290001,88.94234260115779,1709600
2021-10-04,89.69033813476562,90.71244881626814,88.80992595513837,90.59397446348952,2492800
2021-10-05,91.02605438232422,91.72294900754679,89.69033968398095,89.81578270149106,1490000
2021-10-06,91.97615814208984,92.05978209880043,89.76235638067715,90.30593336683324,1287200
2021-10-07,93.10511779785156,93.77181960160944,92.3919676957448,92.60103466256518,1374000
2021-10-08,93.5697021484375,93.94138064664685,92.78221502076788,93.37922303252097,1271200
2021-10-11,93.4698257446289,94.80554039669954,93.45821367028229,93.60920608268067,1072400
2021-10-12,93.84846496582031,94.29679875299196,93.37689994275225,93.5162802689529,1396400
2021-10-13,94.15741729736328,95.07732318574651,93.55344770636825,94.22711100421655,1269200
2021-10-14,96.73361206054688,96.83349857739681,94.7288776157662,95.24225461297853,1376400
2021-10-15,96.64302825927734,97.49091534511045,96.3549807347874,97.10529944890473,1374000
2021-10-18,97.81381225585938,97.89279279919812,96.05531304597271,96.3526544811452,1058000
2021-10-19,98.47119903564453,98.47119903564453,97.47928833949109,98.19244546762697,727200
2021-10-20,98.42475891113281,99.17972812813835,98.21336667966976,98.70816302385282,1055200
2021-10-21,98.64311218261719,99.0589208611796,97.96479831159581,98.43868863000311,1171200
2021-10-22,99.15184020996094,99.64199311130142,98.97761655535162,99.04963552130117,1070000
2021-10-25,99.56069946289062,99.9021781511359,98.67796900755786,99.05429101313845,1161600
2021-10-26,100.0043716430664,100.54330514983947,99.45846947410136,99.9346850211467,1331600
2021-10-27,98.24820709228516,100.1878985949675,98.18316387600116,100.1878985949675,806800
2021-10-28,98.97296142578125,99.08911051510307,97.75339598790207,98.38292206705658,882800
2021-10-29,100.60835266113281,101.36099656675472,98.59897463252538,98.75693570841517,1482000
2021-11-01,100.05548095703125,101.3005959058456,99.78137078251774,100.95214860595193,870000
2021-11-02,101.12405395507812,101.24484646677043,99.5606845196071,100.68500695501196,1097600
2021-11-03,101.72802734375,101.86275717585022,99.99507772749642,101.1240506268101,1202400
2021-11-04,102.34827423095703,103.12647470352303,101.32616345750552,101.63047356550446,1132000
2021-11-05,102.66419982910156,104.29725601088978,102.56663145873205,103.14970225188411,1165600
2021-11-08,101.4817886352539,103.53531096954302,100.41786599444502,103.11252654253181,1408000
2021-11-09,101.502685546875,101.91152549467866,100.82204653890606,101.53752885362285,1003600
2021-11-10,100.7965087890625,101.87205054639712,100.45270491468237,101.16121864990669,1515600
2021-11-11,100.8150863647461,101.47016894346363,100.54561962124858,101.1542468167839,998400
2021-11-12,102.78364562988281,103.07189892885276,101.4056654132265,102.11106175075295,874800
2021-11-15,102.86096954345703,103.47027420347997,102.15557331326568,102.94767795345419,682400
2021-11-16,103.89913940429688,103.96241136952285,102.27274880725362,102.74144910261366,967200
2021-11-17,104.18035125732422,104.29987211658971,102.97579526381605,103.8991353820742,707600
2021-11-18,103.76556396484375,104.75452192998628,103.46091161637113,104.38893625109941,999600
2021-11-19,104.53189849853516,105.2701073121884,103.6343404252713,104.48971718112645,1326800
2021-11-22,103.9717788696289,106.09967488964021,103.93662778071321,104.65842302970958,1295600
2021-11-23,102.91722106933594,104.54829624296238,102.50710827361351,104.21552300801252,1246400
2021-11-24,103.47965240478516,103.6788514640751,101.74311692260187,102.66411130228235,1280400
2021-11-26,100.36983489990234,103.16328488199912,99.80035855944544,102.20948513888392,1354000
2021-11-29,101.8790512084961,102.5539736854817,100.45654397091899,101.65876147821761,1350400
2021-11-30,98.94031524658203,102.6828883679907,98.54426282148124,101.87906886806694,3877600
2021-12-01,97.86932373046875,101.8228102319763,97.76387043763609,100.40967889361752,1725600
2021-12-02,101.27911376953125,101.89544869484199,97.87634480280563,98.06148343532074,3072400
2021-12-03,100.13078308105469,103.24295269576614,98.53252054026645,101.46423596761558,2494000
2021-12-06,102.0173110961914,102.70160954314773,101.02132293836733,101.78061515128572,1783200
2021-12-07,104.52485656738281,105.38960923637016,102.76723035428648,103.29686400840863,2109200
2021-12-08,105.68722534179688,106.04343496859087,104.4920382355481,104.5248435351667,1574400
2021-12-09,105.2536849975586,105.91220835306967,104.87872332369415,105.68723420947063,1209600
2021-12-10,107.43782806396484,107.61359067472378,105.6052081926866,105.89345429717993,1810800
2021-12-13,107.19879913330078,108.13854562625208,106.42779220469264,107.3323804498559,2166000
2021-12-14,105.12715911865234,108.00497939147806,103.50311389101601,106.20048707803797,2087200
2021-12-15,107.264404296875,107.44954291639932,105.36148223836858,105.38257289348417,2060800
2021-12-16,106.58480834960938,107.97684903739555,105.88878800571628,107.97450324694131,2080800
2021-12-17,102.76490020751953,106.61527196673974,102.47899270049223,106.36686134690618,3664400
2021-12-20,100.75652313232422,101.47363415490074,99.54259084200716,101.14788395188573,3312000
2021-12-21,102.36180877685547,102.74613932177644,100.85727759716158,101.2509841510219,2707200
2021-12-22,100.51044464111328,100.77056988865984,98.70359973869779,100.77056988865984,2952000
2021-12-23,101.94231414794922,103.69056424554597,101.18302195873325,101.194736605387,2487200
2021-12-27,103.60150909423828,103.7514966201036,101.72202350345641,102.6992667562131,1287200
2021-12-28,104.07492065429688,104.29754904338503,103.49842119025988,103.8171340153209,1093600
2021-12-29,104.27175903320312,104.7990468844581,103.78665249361676,104.23191635987222,836400
2021-12-30,103.00861358642578,104.93497225537921,102.82582074127544,104.3467581963362,1003200
2021-12-31,103.85697937011719,104.30692774083111,102.61023461262164,102.61023461262164,1278800
2022-01-03,99.38555145263672,103.739781121856,99.13479508277622,103.6624415695295,2570000
2022-01-04,99.62458801269531,100.24327583646064,99.13245842318985,99.85893816076418,2774000
2022-01-05,95.1414794921875,99.80270040473587,95.04539506942113,99.36681254476089,2980800
2022-01-06,94.44312286376953,96.03436259392859,93.99785895060306,95.13914318682762,2906000
2022-01-07,93.13543701171875,94.32358680179371,93.12840679349814,94.32358680179371,2430000
2022-01-10,93.55962371826172,93.6814832356276,91.5629556334987,92.4745812546968,3103200
2022-01-11,94.93524932861328,95.11335058339199,91.94728484897188,93.54555462431775,2096400
2022-01-12,95.19538116455078,96.08357031705872,94.89072880231413,95.92421391686723,2117600
2022-01-13,94.85089874267578,95.6570640120267,94.69857254129623,95.32662936803688,2821600
2022-01-14,93.14248657226562,94.35407305861158,92.50739240332345,93.85022157670637,1707600
2022-01-18,91.64497375488281,92.43942423671245,91.2559516278517,91.78090085381383,2628800
2022-01-19,90.8903579711914,92.68313512232136,90.80130377318254,92.00586693269392,2254400
2022-01-20,89.12337493896484,92.1183700993298,88.86090386885466,91.91683236756671,2146800
2022-01-21,88.93821716308594,90.43805651477912,88.86087761775437,89.26630590380036,3220000
2022-01-24,90.53414154052734,90.66068545808139,87.10794387494687,87.87426620510587,3718400
2022-01-25,89.3413314819336,90.54120339067201,88.41096087935468,88.66171016405222,2950400
2022-01-26,89.36005401611328,91.94962028077789,88.34297523594297,89.88031162873301,3700000
2022-01-27,88.51875305175781,90.91615804299214,88.2398757566678,90.24591278823624,2406800
2022-01-28,90.53180694580078,90.57633404697168,87.37511010186928,88.27501383030378,2047600
2022-01-31,91.75511932373047,91.88870063349512,89.99046287682717,90.19200058478133,2883600
2022-02-01,90.76851654052734,92.17227187819401,89.6342624887242,91.53483908070628,2679600
2022-02-02,91.73636627197266,91.9613404065869,90.93723142670258,90.99581896241038,1740000
2022-02-03,90.2435531616211,92.14648239865424,90.07482076652748,91.39655905339394,1856400
2022-02-04,89.47723388671875,90.59977315398238,89.10696378125147,89.75611114885523,1823600
2022-02-07,89.0226058959961,90.34668304456464,88.87496413140275,89.67409914079515,1679200
2022-02-08,89.88500213623047,90.48259934281585,88.34766563946556,89.28975787164975,1015200
2022-02-09,91.7645034790039,92.01994432194275,91.17393643679662,91.25830622216913,1280000
2022-02-10,89.43975067138672,90.94662071183718,88.84216053365422,90.09593550978751,2078400
2022-02-11,88.00553131103516,89.94595070281589,87.80399356962972,89.81706095208456,1563200
2022-02-14,87.71432495117188,89.34786963888398,87.21715729189195,89.01169462564091,1652000
2022-02-15,89.43070983886719,89.62484309387169,88.39139249614637,88.85778192712165,1754400
2022-02-16,89.6248550415039,89.88763939923773,88.17360219950245,89.33128535031842,1812800
2022-02-17,87.74747467041016,89.38575170777905,87.59358410664521,89.09929128699424,2598000
2022-02-18,87.9676513671875,88.65658261185148,87.34737843743142,87.61726493152635,2808800
2022-02-22,87.595947265625,88.99274606082487,87.09877963346001,88.19728362928774,2354800
2022-02-23,86.15416717529297,88.98091267846263,86.0547307577591,88.00788365832108,2332800
2022-02-24,88.54766082763672,88.71338577631357,84.42591561464485,84.75736551199856,2962400
2022-02-25,89.32891845703125,89.58697048739239,87.2929033265354,88.64945923192045,1722800
2022-02-28,88.85543060302734,89.14189098262035,87.45152981863838,88.25646405029208,1718000
2022-03-01,88.10494995117188,88.95486652476377,87.30001565855606,88.68971237895231,1745600
2022-03-02,90.19779968261719,90.75652364930616,88.14047765436854,88.33935052761905,2033200
2022-03-03,89.58699035644531,91.03350390912934,89.37628309988489,90.62630079271861,1554400
2022-03-04,89.71482849121094,90.3635097051602,88.90515463391284,89.50649102033148,1280800
2022-03-07,87.8374252319336,89.9918134843095,87.69774607514651,89.62249060960603,1929600
2022-03-08,87.00645446777344,88.72286158085763,86.27254101581777,87.34026692503127,3335200
2022-03-09,88.58081817626953,89.10876396357342,87.76404219533671,88.97144734001208,1842800
2022-03-10,87.53675842285156,87.80901464436423,86.02868885225526,87.25029803151448,1949600
2022-03-11,87.43022918701172,88.90042594377438,87.333169757898,88.66131035154962,1487600
2022-03-14,88.78203582763672,89.71954707823403,87.901341251346,89.71954707823403,1446000
2022-03-15,90.46293640136719,90.77781236908253,89.23896463112591,89.69588230241804,1458800
2022-03-16,92.12489318847656,92.36163898559447,90.08177580336368,91.00982250702556,1496400
2022-03-17,93.50985717773438,93.50985717773438,91.17790964034003,92.07991054580852,1214000
2022-03-18,94.78590393066406,95.32332145903507,92.83275130443118,93.52405214019055,2634000
2022-03-21,92.63863372802734,94.778817900316,91.51646088648609,94.20115753865883,4004000
2022-03-22,93.04110717773438,93.68268632639257,92.60786550647742,93.25417697056417,2745600
2022-03-23,95.01556396484375,95.78735762916365,92.68598602596937,93.38675161126275,2786400
2022-03-24,97.16285705566406,97.16285705566406,94.41660397990168,95.87258939089395,2978400
2022-03-25,97.85177612304688,97.95357508341536,96.33186490291367,97.77601573281098,2333600
2022-03-28,100.2002944946289,100.22634029072881,97.48718953006997,97.53927389736103,2581600
2022-03-29,102.15818786621094,102.66245760283303,100.18609120209133,100.85844844261784,2710800
2022-03-30,102.27656555175781,103.02468322122307,101.8859291629426,102.82107805600148,1491200
2022-03-31,100.70929718017578,103.08858952942309,100.49148786986551,102.58905214513402,2050000
2022-04-01,100.35182189941406,101.4408541441972,99.75048547828833,100.76138755452786,1846000
2022-04-04,101.61602020263672,102.1818388388482,100.21922159754955,100.40151324040535,1645600
2022-04-05,102.13213348388672,103.37504889505168,101.05020347771374,101.05020347771374,1981600
2022-04-06,102.07293701171875,102.2812744447349,100.82291963852933,101.58524130484344,1563600
2022-04-07,102.80449676513672,103.17855918558315,101.23724068113857,101.82910519774866,1436400
2022-04-08,101.59236145019531,102.93944569529552,101.39349583557272,102.71690405454692,1335600
2022-04-11,98.96211242675781,101.43136934328395,98.80585933452119,101.1543735832035,1916400
2022-04-12,98.43179321289062,100.67614587354285,98.02459017044929,99.75757106443741,1606000
2022-04-13,99.28646087646484,99.90436398457432,98.72063491165144,98.9621202664694,1658400
2022-04-14,97.93464660644531,100.25475275409465,97.75234770097678,99.80019760041866,1383200
2022-04-18,97.8186264038086,98.8437397479726,97.177047318662,97.47534933403945,1211600
2022-04-19,99.18701171875,99.63919703353038,97.60555161437887,97.60555161437887,1491200
2022-04-20,99.77890014648438,100.33525431793676,99.46640112722811,99.69130534128097,1314800
2022-04-21,99.17045593261719,100.8915953723244,99.05444557264616,100.06298503637389,1556800
2022-04-22,96.58991241455078,100.88211473721132,96.40999052734087,99.11362339939735,1692400
2022-04-25,97.05632019042969,97.14391499312053,94.63677747529175,96.61597640666186,2235600
2022-04-26,94.60598754882812,96.79588624231741,94.60598754882812,96.40525710954158,1566000
2022-04-27,94.93507385253906,96.45261542624829,94.27218844627548,94.68649363141748,2414800
2022-04-28,97.23149871826172,97.66711010431406,95.11499078038354,95.91045316580743,2314800
2022-04-29,94.04963684082031,96.85506873185695,93.77974316654381,96.27741563892866,2439200
2022-05-02,92.67650604248047,94.89008065052349,91.38624580644311,94.26980782926593,2922000
2022-05-03,92.40426635742188,93.19263403457443,92.02784134644912,92.83040597081116,1937200
2022-05-04,94.9421615600586,95.33989274358414,91.6324528955808,92.43502457207039,1803200
2022-05-05,91.55906677246094,94.38581215282241,90.93879394333686,93.86733828193296,1834800
2022-05-06,90.89620208740234,91.36022192971495,89.33604780528749,91.14952188049172,1798800
2022-05-09,88.59738159179688,90.35403134728573,88.39614622077453,89.79531473823464,2171200
2022-05-10,89.54437255859375,90.56710899246254,88.04103518248294,90.51739439409262,2180800
2022-05-11,87.81849670410156,90.27828206331385,87.73326445034229,88.89568731544213,2103200
2022-05-12,86.92359161376953,88.32512274927001,85.75169697580365,87.59594884058389,2467200
2022-05-13,89.94017791748047,90.56933212211379,87.22740486404012,88.61488772789926,1718800
2022-05-16,90.36119842529297,90.564530991792,88.72970498510671,89.54545170519984,1637200
2022-05-17,91.21762084960938,91.770222362322,90.425797649992,91.6219060845157,1791600
2022-05-18,85.70355224609375,90.29182182562033,85.33275430147452,90.174605551107,2626400
2022-05-19,85.8327407836914,86.80876938229788,84.20603618663625,85.07680665597209,2506800
2022-05-20,86.98577117919922,87.0718947654554,85.0097981054989,86.58148602537243,1822000
2022-05-23,88.5790023803711,88.81582950475357,87.08864870259488,87.41877578534998,1250000
2022-05-24,88.73688507080078,89.2320756698625,87.69866391991822,88.4378579893093,1866800
2022-05-25,87.94984436035156,89.20815266417517,87.61733003966083,88.05749703062415,2655600
2022-05-26,91.7247543334961,92.30367393129185,88.68903104981001,89.0933162171732,1993200
2022-05-27,94.94947814941406,95.09061806495136,92.13622884862627,92.13622884862627,2185600
2022-05-31,95.28916931152344,95.72934363050281,93.29167410860796,94.14568996439007,4401600
2022-06-01,93.4878158569336,95.6001470685359,93.40648137376675,95.387236300465,2336400
2022-06-02,95.26525115966797,95.31548566776004,93.13856694468649,93.61940485210935,1907200
2022-06-03,94.7533187866211,95.01406955396007,93.90169015002894,94.39688080290021,2010800
2022-06-06,95.07147979736328,96.07142463104469,94.8729217219711,95.6097285576587,1481600
2022-06-07,96.54987335205078,97.00439309263817,94.33467821679467,94.53562355577647,1426800
2022-06-08,95.53556060791016,96.72210532236903,94.53801035335353,96.06424574377235,1798400
2022-06-09,93.51653289794922,95.6264623537606,93.51653289794922,94.7509102174729,1515200
2022-06-10,89.65071105957031,92.21516753025016,89.63635834410013,91.93288042491676,1778400
2022-06-13,85.60548400878906,88.13644629990971,85.12942787702194,87.84220829081983,2680000
2022-06-14,84.31128692626953,86.05760221712127,83.50989286248071,85.92603321729798,2742000
2022-06-15,84.88542938232422,86.23942511595673,83.30417740800065,85.89733982808045,3136800
2022-06-16,83.46204376220703,84.16296143442938,82.25875187171256,84.16296143442938,2901200
2022-06-17,83.09364318847656,84.76580021804344,82.85202698117266,83.36874663118363,4245600
2022-06-21,85.74183654785156,86.06956907675212,83.8711212845384,83.91896123958352,2569200
2022-06-22,85.93321228027344,86.65327187404931,84.18450238150315,85.16052362481848,1742800
2022-06-23,87.68192291259766,87.97616820996501,85.77532581283941,86.63891988209824,2039600
2022-06-24,90.70807647705078,90.79898188513565,88.20581970405749,88.20581970405749,3197200
2022-06-27,90.88270568847656,91.662570670222,89.8540481253552,90.80375844897425,1248000
2022-06-28,88.86846160888672,91.86112723059523,88.6364162819366,91.1267149040095,1198400
2022-06-29,89.09811401367188,89.52631554712649,88.21538546632418,89.382788385335,984000
2022-06-30,89.35647583007812,89.87797735199014,87.92354027108816,87.98334569242118,1473200
2022-07-01,90.1171875,90.51669087556311,88.88041563343297,89.35646439014806,1723600
2022-07-05,89.79424285888672,89.9282137109808,86.97860642137405,89.36842857682625,1875600
2022-07-06,90.93294525146484,91.51425219081739,89.73683683281364,90.62674178830879,1405600
2022-07-07,91.11714172363281,91.48075601923188,90.37076401087837,90.37076401087837,1608000
2022-07-08,91.16021728515625,91.44967350537317,90.22964134431005,90.98080100560188,1728400
2022-07-11,91.08843231201172,91.83002094629026,90.86117610665386,91.05733962742117,1845600
2022-07-12,90.29661560058594,92.27737086968172,89.8444904100524,90.92576980316915,1876800
2022-07-13,90.32292938232422,91.01188897287679,87.47140381041858,89.1722737121535,1882800
2022-07-14,92.60987854003906,93.43280160014262,89.35646263968376,93.43280160014262,2525600
2022-07-15,92.8849868774414,94.0882715484968,92.28215091575888,93.7581444859805,3144400
2022-07-18,90.64827728271484,93.32516869724783,90.42580285320395,93.310815979245,2394000
2022-07-19,92.5046157836914,92.69838472643721,91.071680508198,91.55490558879808,2764800
2022-07-20,93.79643249511719,94.15765958678304,92.31086782947463,93.08116197100534,1618000
2022-07-21,95.68627166748047,95.69106077308965,93.83709286507163,94.08109633576564,1884000
2022-07-22,94.90641021728516,96.40393281959543,94.32031423987276,96.12882937527625,1144400
2022-07-25,94.89205932617188,95.20782636982246,94.15047071818931,95.20782636982246,852000
2022-07-26,95.16954803466797,95.32743520341904,94.20548505462341,94.825075567034,1434400
2022-07-27,97.89669036865234,98.41101551863665,95.36333366297741,95.65996620891944,1888400
2022-07-28,100.47789764404297,100.71233754250007,97.4565336501603,98.23400418938387,1776000
2022-07-29,101.78643798828125,102.05436512207818,100.03294615341605,100.47311320186343,1921200
2022-08-01,101.41325378417969,101.60224097178617,100.60947237438042,101.15010845342387,1134800
2022-08-02,101.13335418701172,101.86775915569365,100.02815125453043,101.3438704218588,1386000
2022-08-03,101.92517852783203,102.40600911945478,101.0783317732407,101.32712435377776,1219600
2022-08-04,102.193115234375,102.66198770677013,101.47784471113036,102.02087532404073,2014800
2022-08-05,101.3366928100586,101.88451250381904,100.70036956284652,101.42042185852324,1177200
2022-08-08,101.81513977050781,102.22181956287096,101.14292740700633,101.98977423202217,1741200
2022-08-09,101.60462188720703,102.11177065633767,101.31994751766305,102.09741794026536,1524400
2022-08-10,103.2911376953125,103.80307559967737,102.50409631638567,103.55906481142382,1357600
2022-08-11,102.77919006347656,104.06141456399585,102.35576308364259,103.64277668931311,826400
2022-08-12,104.15841674804688,104.35270577063868,103.03106168511492,103.65230782550913,1028000
2022-08-15,105.30736541748047,105.46807732569908,103.44362700637501,103.44362700637501,1111600
2022-08-16,105.01472473144531,105.38171589551942,104.29753461892264,104.79884886788275,1300400
2022-08-17,105.32415771484375,105.45368616932367,104.0408853878349,104.06247224357162,1179200
2022-08-18,105.64556884765625,105.95738873032339,105.05789985333062,105.32415236735127,1118000
2022-08-19,104.7052993774414,105.76309916970318,104.33591455098238,105.3001639868939,1076400
2022-08-22,103.21097564697266,104.13924719374793,103.08864279133037,103.76745398701463,1124000
2022-08-23,102.66407012939453,103.26132843226311,102.34984925101261,102.66646378888366,1160000
2022-08-24,102.9303207397461,103.25173725358508,102.28029209310382,102.68086041555017,997200
2022-08-25,103.94013977050781,103.98811544124106,102.83677254423918,103.95933296682496,960400
2022-08-26,100.74755859375,104.22078794816473,100.61084183448587,104.06487799177094,2014000
2022-08-29,99.78330993652344,100.70438576522261,99.38753625295067,99.97999994850117,1170400
2022-08-30,98.27217102050781,100.28222288633894,97.49980953351991,100.15509540494311,1304000
2022-08-31,97.58614349365234,99.10448476198165,97.28151924028711,99.08529156740461,1793200
2022-09-01,97.75405883789062,97.75405883789062,96.43000646823319,96.96730615855398,1167600
2022-09-02,97.33429718017578,98.907802536207,96.68666223349081,98.24817733201509,2032400
2022-09-06,99.21961975097656,99.35874479860745,97.59094315029076,97.59094315029076,1918800
2022-09-07,102.70724487304688,102.93511833067926,99.56742971716407,99.56742971716407,1958000
2022-09-08,102.99507904052734,103.59233731913349,102.1795365935219,102.55372338494494,1285200
2022-09-09,103.4652099609375,104.40067694050512,102.87754095938307,103.08862218965665,1594400
2022-09-12,102.87995147705078,104.01450953492883,101.95168002972328,103.78184142817787,2018000
2022-09-13,98.01791381835938,101.51512362671026,97.61493720648446,100.81952030439754,2427600
2022-09-14,96.63868713378906,98.3417135041638,95.76078513584615,98.3417135041638,2366800
2022-09-15,95.60247802734375,97.11361643084105,95.19470680351276,96.9649021059326,1849200
2022-09-16,96.98409271240234,97.26713745948567,94.00498946988348,94.82772025592023,3721600
2022-09-19,97.82601928710938,97.9003764551612,96.00065988032917,96.57152938858444,1352000
2022-09-20,97.3846664428711,97.82601479169273,96.40841938452358,96.92652587750364,1539200
2022-09-21,95.90711212158203,98.53841751044756,95.84954716928337,98.17142629942347,1844800
2022-09-22,93.25181579589844,95.53771675486077,93.19184986589411,95.42258685409075,1720800
2022-09-23,93.52046966552734,93.60921807106045,92.35712915502353,93.25421712886819,1681200
2022-09-26,92.86323547363281,94.27363528411227,92.73610799792958,93.15346851815158,1578400
2022-09-27,91.99492645263672,94.252044794279,91.77424862329026,93.71954707656887,1769600
2022-09-28,94.63822174072266,95.72480402997432,91.38567049130472,94.85649859035918,2893600
2022-09-29,93.43891143798828,94.27363983882077,92.7241222200909,93.60202433474404,2595600
2022-09-30,93.1126937866211,94.71258062649177,92.47465544224444,93.70515744068086,2230400
2022-10-03,96.14697265625,96.51876581432401,93.72674859960905,94.18729016288259,1896000
2022-10-04,98.58877563476562,99.13566457960515,97.29111213546263,97.29111213546263,2437200
2022-10-05,98.80945587158203,99.61059977313111,97.41584832199348,98.14023408062472,2344400
2022-10-06,98.49044036865234,99.31077752698,98.0994686467053,98.69193233881418,1382000
2022-10-07,95.5641098022461,98.29855486751738,95.2067151860134,97.14240992902351,2050000
2022-10-10,95.39620208740234,96.46839325418951,95.05319871003374,95.89032078600528,1202000
2022-10-11,94.38636779785156,95.3242357616198,93.61400637592827,95.08677303638981,1732400
2022-10-12,92.9423828125,95.29304398517161,92.87282029459769,94.75094971749049,1583200
2022-10-13,94.2232666015625,94.74376676563824,88.97264634883824,90.8891624158061,2745600
2022-10-14,91.47442626953125,95.64565994345254,91.05466475253805,95.34823126811654,1711200
2022-10-17,94.51828002929688,95.49932892062598,93.29258014002713,93.29258014002713,1692000
2022-10-18,96.44438934326172,97.0032758407098,95.07717070103698,96.65787154118675,1717600
2022-10-19,96.00545501708984,96.25251435868496,94.75816073094255,94.93086290410048,1157600
2022-10-20,94.1944808959961,96.65308389872519,93.68116904813924,96.15656426721344,1598800
2022-10-21,95.93109893798828,96.23812421374879,93.42212641950503,93.84908355798542,1545600
2022-10-24,97.46141815185547,97.85479080458964,95.8423382132196,97.0512459636252,1331200
2022-10-25,98.43766784667969,98.56239433607931,97.12321212891463,97.41344515774293,1362400
2022-10-26,98.79986572265625,99.92242618587977,98.02030862540772,98.71351829628209,1776800
2022-10-27,99.45948791503906,100.13111070876627,98.67513620257093,99.05411765127054,1416800
2022-10-28,102.57530975341797,102.65925618710983,99.51464679080527,99.83846422952405,1354400
2022-10-31,102.55372619628906,102.9039324830376,101.57988012011225,101.73819104698634,1832400
2022-11-01,102.72643280029297,103.119812814994,101.73580178485743,102.87754811520715,1466000
2022-11-02,99.73773193359375,103.97852070836699,99.70894945866131,102.51535788552992,1627200
2022-11-03,98.56958770751953,100.47410603719395,98.38968993572453,98.75668109738396,1742800
2022-11-04,98.49764251708984,99.75932071974866,97.29592292499373,99.54344483351927,2230000
2022-11-07,100.70917510986328,100.75474980097574,98.6343554547088,99.72093778269529,2813200
2022-11-08,103.38606262207031,104.46305575108526,101.04259660719744,101.48634597322328,1677200
2022-11-09,100.74995422363281,103.30930324045063,100.68519365689382,102.41940360232933,1594400
2022-11-10,106.621826171875,106.93844072393593,104.47264193692727,105.38892311834071,2388400
2022-11-11,106.46590423583984,108.06100378479512,105.64557443586361,106.52347650465298,1824000
2022-11-14,106.74726867675781,108.62066267061107,106.17490898971884,106.41539575979749,1834800
2022-11-15,106.9709243774414,108.80103259559525,106.3288287826054,108.6759747725754,1350000
2022-11-16,107.1873550415039,108.24549535023525,106.8146034876683,107.24026242389415,1105600
2022-11-17,106.60298156738281,107.11041249912867,105.36688331104924,106.05467199214287,1287200
2022-11-18,108.06755065917969,108.4956168637441,107.02624605865812,107.90642861527195,1060400
2022-11-21,108.13729095458984,109.29162461184076,107.84389677700302,108.55814283741093,960400
2022-11-22,109.4984359741211,110.01307383665562,108.22385171183576,108.23347323740916,1440800
2022-11-23,109.51766967773438,110.07079363241864,108.78658786811116,109.86877829445058,1074400
2022-11-25,109.72689819335938,110.36419401840439,109.39743248584266,110.07801416901238,453200
2022-11-28,109.26277160644531,110.23674754788567,108.70484047021563,110.02511799006926,1022000
2022-11-29,108.38499450683594,109.00785442681274,107.31482533068,108.69522452813158,1095200
2022-11-30,111.05198669433594,111.51853164188573,107.6346715525639,108.38498914352976,3275200
2022-12-01,111.21311950683594,111.40550600413289,109.88803493904928,111.40550600413289,1483600
2022-12-02,111.23235321044922,111.48967583371557,109.3685806126586,109.90486878931543,1144000
2022-12-05,110.48204040527344,110.5686121295276,109.35656395552174,110.2006676232982,1020800
2022-12-06,108.84912872314453,110.22952053665536,108.11564695596162,109.81107587437423,1181200
2022-12-07,109.00785827636719,109.67881851479319,108.3970197389703,108.87318625318792,1746000
2022-12-08,109.45516204833984,110.19345092218244,108.7048370923765,109.00785279884103,1458400
2022-12-09,109.0511474609375,109.90247282837842,108.72168170351581,109.31809163795565,947200
2022-12-12,110.00346374511719,110.28723637796966,108.7938155615801,109.4671755953104,1410000
2022-12-13,111.20590209960938,113.0841032991232,110.1164972595644,112.42516451912981,2089200
2022-12-14,110.45076751708984,112.47566942457388,109.40946299366938,111.28284971712398,1145200
2022-12-15,106.89878845214844,110.15738161492895,106.48515086786473,109.05835519157796,2366400
2022-12-16,107.08395385742188,107.43987693638998,105.70356207902421,105.70356207902421,3419600
2022-12-19,106.6583023071289,107.79820738304359,106.10517826736286,106.86031033709641,1343600
2022-12-20,106.76170349121094,107.27874860906934,106.00176437297438,106.42983055499205,1742800
2022-12-21,111.67965698242188,111.74458576961538,107.65631059397782,109.02708080824722,2119600
2022-12-22,108.82026672363281,110.79466111024132,107.37013175013831,110.71530370292825,1756800
2022-12-23,109.96015930175781,110.0202809893017,107.74047129464446,108.46673863810824,820400
2022-12-27,110.39064025878906,111.1121005591116,109.64753703014568,110.40747609384094,1270400
2022-12-28,108.46916198730469,111.73737652760022,108.44991893454754,110.82592955393012,1062800
2022-12-29,109.89043426513672,110.46519383841785,109.06075195958309,109.24111704000137,1010000
2022-12-30,108.608642578125,109.52489665796809,107.22825075644448,109.0535446060167,1249600
2023-01-03,107.97616577148438,109.39985085388183,107.25470537290097,109.1641711482777,1226400
2023-01-04,106.73524475097656,109.2507417636379,106.00176300476967,108.9332974514325,1392800
2023-01-05,104.25823211669922,105.95126108135379,103.76763703678459,105.5063590761852,1853200
2023-01-06,106.28073120117188,107.13686357550223,104.51315184945142,104.60934509640693,1720000
2023-01-09,106.12922668457031,107.74049114321198,105.58332430316894,106.40578503040669,1529200
2023-01-10,107.00940704345703,107.03104997382839,105.40776414430778,105.73242277802677,1128000
2023-01-11,109.17137145996094,109.22427884263587,107.29077050649448,107.64187913384248,1768000
2023-01-12,107.31241607666016,108.95253030180987,106.17731820693405,108.63749321419559,1647200
2023-01-13,107.9593276977539,108.0434921988639,106.63905029487758,107.23305293058912,1840400
2023-01-17,106.98776245117188,109.05835015435194,106.85549031552469,107.68517266224362,1567600
2023-01-18,105.38371276855469,108.48599084986718,105.29232661533626,107.7933950688379,1751600
2023-01-19,102.8297348022461,105.62900426515289,102.76239880171605,105.02057304423275,1399600
2023-01-20,104.9844970703125,105.26586982191239,101.74033287413589,102.23092794250486,1577600
2023-01-23,105.27789306640625,106.16769707136757,104.46264671379646,105.0301919812093,1262800
2023-01-24,105.87190246582031,105.96569583701685,103.81093624572759,105.43422208412639,1098400
2023-01-25,105.06146240234375,105.11917688323629,103.64259181416504,104.59973187705461,935200
2023-01-26,106.07632446289062,106.0931603007021,104.7873187044532,105.40055712461486,1026800
2023-01-27,105.15764617919922,106.0306143194473,104.82818048198685,105.52078354661586,898800
2023-01-30,104.86186218261719,106.10517477959748,104.56365357183212,105.06387020594451,1296000
2023-01-31,106.7136001586914,106.76650754323464,105.05183564766783,105.24663668913418,1752000
2023-02-01,107.34367370605469,107.98577662652988,104.57086147508996,106.59817057245385,1713600
2023-02-02,106.9709243774414,107.6009985688674,105.91519122607835,106.87713834925064,1655200
2023-02-03,106.39616394042969,106.83384430029149,104.38809786898297,106.25427028250645,1594000
2023-02-06,105.55206298828125,106.47793864240828,105.00856046807206,105.73483530603119,1201600
2023-02-07,106.55247497558594,106.92763374976674,103.78687711979927,105.45104145879131,1276800
2023-02-08,105.74925994873047,106.345662497352,105.2370219062567,106.2903552320634,1253200
2023-02-09,105.35484313964844,107.01660752139989,104.96766298125885,106.29995433907779,1552400
2023-02-10,106.5019760131836,106.92282789456347,104.9003404544319,105.28752066254569,1284400
2023-02-13,107.73567199707031,107.85351551178046,106.54526681992022,106.70398897802173,1095600
2023-02-14,106.82670593261719,107.65369673061672,105.2402262813914,107.41741049206165,1396800
2023-02-15,107.20282745361328,107.4246405748482,105.70073630936521,106.37583667712295,822000
2023-02-16,106.4144058227539,107.33784475340838,105.6091136858519,105.85986566843204,1217600
2023-02-17,107.07504272460938,107.39571006775573,106.14196484390271,106.59041791359098,1373200
2023-02-21,105.05216217041016,106.68685851716884,104.58682993672237,106.56630566753189,1550400
2023-02-22,105.50061798095703,106.28661752278396,105.1293131600925,105.24986600445459,1125200
2023-02-23,105.40177154541016,106.055165949851,104.43011584245147,105.89603530059208,847600
2023-02-24,104.88821411132812,105.17994995292351,103.51873547859051,104.11667291538353,1021600
2023-02-27,105.24986267089844,106.13231034663482,104.8014096358968,105.81887590440539,1086000
2023-02-28,105.71762084960938,106.28904020444944,104.74596513362427,104.90268237337109,1940400
2023-03-01,103.46810150146484,105.65492456343037,103.01240820601676,105.1076172845549,1271600
2023-03-02,104.948486328125,105.58500889294443,102.91837314446994,103.26556593292383,1063200
2023-03-03,106.53256225585938,107.03888573185826,104.94126305613251,105.32220685051571,1387600
2023-03-06,107.19318389892578,107.4921526168931,106.30833008702105,106.37342597813783,1000000
2023-03-07,105.1341323852539,107.53072351434419,104.70496455462198,107.38365257637942,1090800
2023-03-08,105.89362335205078,106.18053971547495,104.8809764978523,105.43793006027292,829600
2023-03-09,104.7049789428711,106.94485315403726,104.61336494946332,106.52533155351216,1192000
2023-03-10,103.26557159423828,105.31015064300512,102.92802507528114,104.5193242166074,1242400
2023-03-13,103.88279724121094,105.12208405756452,102.46992138638744,102.6362849062164,1358800
2023-03-14,106.50843811035156,106.81223363302391,104.18417573668775,104.47832497157131,1530800
2023-03-15,104.23963928222656,105.9635435958519,102.90632503217383,105.54643543663626,1647600
2023-03-16,105.02804565429688,105.60429178283303,103.1546570996183,103.82251720928737,1381200
2023-03-17,104.33367156982422,106.01176517130047,103.46568958355651,105.0280498008764,2310000
2023-03-20,106.51809692382812,106.62418402809469,104.75802077246925,104.82312402524707,1294000
2023-03-21,106.83876037597656,107.45840381274836,105.77066385320522,107.16666796568533,1198000
2023-03-22,105.1317367553711,107.3161539181743,105.0015376106187,106.59524283564218,1766000
2023-03-23,104.43492889404297,105.84298525069349,103.43192833356004,104.6471030800246,1370000
2023-03-24,105.20647430419922,105.53678793792717,103.35719033648829,104.3336728421835,1128400
2023-03-27,106.25045776367188,106.50362316262368,105.38970865156736,105.51508832425428,1065200
2023-03-28,106.96171569824219,107.52590211546728,105.25227728278749,105.25709674759808,1914000
2023-03-29,112.15032196044922,112.80131033471346,110.12262201253947,110.31791705322624,3032000
2023-03-30,112.75066375732422,113.08338341512604,111.49449786645438,112.634930382027,1788400
2023-03-31,111.55477905273438,112.32390679363957,111.00265231952817,111.721142567724,2310400
2023-04-03,111.11597442626953,111.27751849012354,109.92732503709351,110.83870433024536,1444000
2023-04-04,109.681396484375,111.3884216279977,109.11961607464731,110.98095240036312,1270000
2023-04-05,108.9170913696289,110.29621632880394,108.60607030063717,109.21847350792797,1326800
2023-04-06,108.9146728515625,109.21122813261461,108.3938836932262,108.85921589559561,955600
2023-04-10,108.4999771118164,108.53614149479078,107.79594523874678,108.34807934536208,1156000
2023-04-11,108.56025695800781,109.71032852061592,108.35290222581547,109.23053052278766,1338400
2023-04-12,109.4475326538086,110.18290216689255,108.89781189885056,109.03764998089976,1077600
2023-04-13,110.85557556152344,111.00747332583718,109.14131761103829,109.76818652832532,1518400
2023-04-14,110.57347869873047,111.17383687968989,109.85016161735052,110.44810638682421,1211200
2023-04-17,111.38602447509766,111.5475611889248,110.30828159979457,111.25823873632403,1257200
2023-04-18,110.87969207763672,112.71932977219727,110.6144743322546,112.28533509121868,1489600
2023-04-19,109.54154205322266,110.85557097275586,109.49091191986781,110.47221381857469,1115200
2023-04-20,110.64099884033203,111.08945191308612,108.85922417527593,108.8905690937299,1160000
2023-04-21,110.87727355957031,111.17624226352535,110.31067371097666,110.47463117381949,938400
2023-04-24,110.41676330566406,111.29439157748898,110.15878580106587,111.05810534477567,1456800
2023-04-25,107.779052734375,109.7681744893563,107.56447251664403,109.7681744893563,1542000
2023-04-26,105.99729919433594,106.91349790359715,105.746547208174,106.6940908354507,1525600
2023-04-27,108.69528198242188,108.97978496487046,106.08892974922205,106.77607516185611,1340000
2023-04-28,109.88874053955078,110.4963316032437,108.9170848779061,108.9170848779061,1142800
2023-05-01,111.4679946899414,111.54755633750658,109.63077033926697,109.63077033926697,1251600
2023-05-02,110.63858795166016,111.54514776408746,109.63076786280092,111.41494862214131,1410400
2023-05-03,110.42882537841797,111.83688180089122,110.33961744558769,111.03158963587889,1086800
2023-05-04,110.4095230102539,111.73319820566462,110.08402886849844,110.7518963156323,1229200
2023-05-05,112.44447326660156,112.80371843423842,110.66511187877411,111.04364962443702,1229200
2023-05-08,110.96648406982422,112.50473960001725,110.81218024927662,112.17442597110006,1302800
2023-05-09,111.27993774414062,111.78143441178617,110.08164200338403,110.62894934715617,1594000
2023-05-10,114.05023193359375,114.13220699076362,111.60059707512808,112.07798902237147,1554400
2023-05-11,114.33955383300781,114.58547898754465,113.38959682730423,114.21417416531469,1604000
2023-05-12,114.64891052246094,115.6229354877368,114.05677008024466,114.8374371938159,1020800
2023-05-15,113.36795806884766,114.64409051103087,113.03926075269905,114.64409051103087,912400
2023-05-16,112.61869812011719,113.51054136552872,111.1782171973197,112.98123578489106,1145200
2023-05-17,112.46885681152344,113.53471849183326,111.8767163508056,113.22535329528753,1048000
2023-05-18,114.12686157226562,114.24045700400497,111.73894560351364,112.18123831595113,1346800
2023-05-19,113.71115112304688,115.24347612062981,113.30027214738223,114.63199621326748,1108800
2023-05-22,113.98667907714844,115.11054440829828,113.48879458742745,114.34438557618549,1147600
2023-05-23,111.31839752197266,113.65797957346334,111.24589293783308,113.65797957346334,1048000
2023-05-24,111.73170471191406,112.31659473966205,110.69484482073555,110.96553845762868,1073600
2023-05-25,112.1933364868164,112.49303195848208,110.77218752297863,111.4078381369811,1347600
2023-05-26,113.2857666015625,113.75222994693259,111.7292710144516,112.14498115341627,1054400
2023-05-30,113.97943878173828,114.60300777648214,112.94499813914828,113.67490474356808,946800
2023-05-31,114.11236572265625,114.4483134766449,112.52928006638165,113.88033629272728,3282000
2023-06-01,115.04529571533203,115.44892426289984,113.4863806696904,114.44348549927749,1702800
2023-06-02,116.38909149169922,116.50993738014694,114.62232519266138,115.24588673167862,1812800
2023-06-05,117.03924560546875,117.37278144525447,116.29241888309316,116.67912721003093,1032000
2023-06-06,117.12383270263672,117.53470428432324,116.1449766129284,116.93531341789878,1339200
2023-06-07,115.30148315429688,117.49121015137518,114.97278586484532,117.18909541804928,1742400
2023-06-08,116.77339172363281,116.91598900056617,114.80360502831664,114.91720046937859,1102800
2023-06-09,116.1159896850586,116.66463479151302,115.41750421861248,116.28759617364175,1254000
2023-06-12,117.10693359375,117.33654376592168,115.90572499081507,116.11599568751505,1264800
2023-06-13,116.80238342285156,117.39211195388552,116.38184208751585,117.36311012053102,1244800
2023-06-14,117.48396301269531,117.80057867210002,116.65979311179093,116.93532529677724,1081200
2023-06-15,119.00419616699219,119.46582833773688,117.21083996901665,117.46220147774544,1160400
2023-06-16,118.75768280029297,120.29001534810592,118.31780931700092,120.29001534810592,2504000
2023-06-20,117.08517456054688,118.21387112044037,116.80964237195552,118.00360043748817,1592400
2023-06-21,117.58305358886719,118.46764640847101,116.23682857407995,116.70813050591612,1884800
2023-06-22,117.76915740966797,117.94801435220121,117.12384445234055,117.73290511585995,964400
2023-06-23,116.63803100585938,117.26159990617728,115.5963400618091,116.61386035356416,2160800
2023-06-26,117.30994415283203,118.02776907163528,116.18124761226231,116.40118065270451,1117600
2023-06-27,118.71659088134766,118.83501749813755,117.54680350323196,117.54680350323196,1150800
2023-06-28,118.26945495605469,118.65374400185466,117.79332185355138,118.64649354347533,1220000
2023-06-29,118.43622589111328,118.44105707153994,117.59272391616096,118.22837449504685,1088800
2023-06-30,120.1401596069336,120.35526885454811,119.38608235281492,119.39333281195651,1837200
2023-07-03,117.80782318115234,119.28456380023964,116.00963573833009,118.66099487405164,1081600
2023-07-05,117.6458969116211,117.9552621047656,116.17882599044647,117.38003447004817,1654400
2023-07-06,117.6507339477539,117.81025142063713,116.11115836399927,116.70088694525906,1534800
2023-07-07,116.07006072998047,117.4718775116517,115.9830552275912,117.42595548233027,1800400
2023-07-10,118.30571746826172,119.34982782017133,116.25858761604036,116.59212348199884,2856000
2023-07-11,119.0936279296875,119.50691881982249,118.3903039450923,118.3903039450923,2042000
2023-07-12,119.1661376953125,120.00964708337352,118.75767796785257,119.74620390944732,1801600
2023-07-13,119.51175689697266,120.54135888889786,117.32202990770561,118.33229980214006,2868400
2023-07-14,119.96612548828125,120.44467785644963,118.98485747520522,119.44407774681268,1881200
2023-07-17,121.73290252685547,122.05434935006775,119.1298773261144,120.06039215771517,1734400
2023-07-18,121.74740600585938,122.34438501225824,121.15283890174366,121.6893949616481,1802400
2023-07-19,121.8271713256836,121.90451447392368,120.2585938626539,121.23019226893099,2288000
2023-07-20,122.55706787109375,123.21688910364118,121.6410613107344,122.29604398700842,1921200
2023-07-21,122.63925170898438,124.30208503364886,122.55707000938222,123.49967389399528,7308800
2023-07-24,123.40058898925781,123.60118994583871,121.89726563861441,122.02536200265973,1869200
2023-07-25,124.82173156738281,125.0175013329734,122.78910266859269,123.22897613368671,2386000
2023-07-26,124.8386459350586,125.36795153608398,123.99996776736272,124.47368897819095,1249600
2023-07-27,121.94559478759766,125.18185153127706,121.85858927997067,124.77581107732105,2134000
2023-07-28,121.48396301269531,123.1419651263944,121.06583356706882,123.1419651263944,1769200
2023-07-31,121.33894348144531,121.84407841731377,120.89664339289617,121.79573711090094,1769200
2023-08-01,121.75223541259766,122.24528871404686,120.84589122838477,121.4839610744776,1486800
2023-08-02,120.73955535888672,121.33411512332813,120.21266900360246,120.35526628090334,1539200
2023-08-03,120.09906768798828,120.8942357385782,119.84287498186353,120.30691908600161,1098400
2023-08-04,118.45072937011719,120.51477933753502,118.32988347420499,120.51477933753502,1239200
2023-08-07,119.4900131225586,120.12082518321411,118.80602119476256,119.15647725680346,1158400
2023-08-08,118.60057830810547,119.5165922736812,117.63139922860145,119.10571327305827,1269600
2023-08-09,118.95345306396484,119.58909628415114,118.58607681788355,118.58607681788355,1151600
2023-08-10,118.46765899658203,120.16917141171525,118.22354790713507,119.11539128003177,914400
2023-08-11,118.431396484375,118.87610849327203,118.04710742303216,118.42897720620145,1090000
2023-08-14,119.59230041503906,119.73771020071158,118.27386411929074,118.55742059757726,1122800
2023-08-15,118.43140411376953,119.21180206522457,118.26901998077933,118.8312958431424,979200
2023-08-16,118.82159423828125,120.46964334309021,118.56469374952364,118.7125368965777,1392800
2023-08-17,117.28262329101562,119.32571228900211,117.1905254891414,118.6858795999131,1482000
2023-08-18,117.6510009765625,118.12117901706293,116.69367795478915,117.18324889795109,2612000
2023-08-21,117.79155731201172,118.25204626251241,116.92875811458627,117.68734450583511,994800
2023-08-22,117.69219970703125,118.0751318799432,117.3359383228457,117.643732242105,805600
2023-08-23,119.05183410644531,119.18028434583432,117.84246256599641,118.41685339866473,1091600
2023-08-24,118.24720001220703,120.20304297614307,118.13814267361259,119.22148994766776,1008400
2023-08-25,120.21273803710938,120.49629451040104,118.51379557425292,118.65921275358903,1149200
2023-08-28,120.95921325683594,121.2888260536364,120.13761832119171,120.3654368641525,1257200
2023-08-29,121.74687957763672,121.90441178534142,120.52781149601256,120.69504015539579,1054400
2023-08-30,122.63147735595703,122.93927864529869,121.92863630630622,121.92863630630622,1532400
2023-08-31,122.19039154052734,123.06287981762932,122.154031698794,122.27763740974758,1406400
2023-09-01,122.45455932617188,123.24949816428712,121.96014389142194,123.24949816428712,694000
2023-09-05,120.38965606689453,122.29460558931913,120.34360717004212,121.98923025150317,953600
2023-09-06,120.1448745727539,120.96404344930072,119.77890937017581,120.09397375375345,894400
2023-09-07,120.5738525390625,121.0391860383764,119.67711942098549,120.19092777930763,1376800
2023-09-08,119.99945831298828,121.11673203819757,119.7886067350837,120.89618400952013,982000
2023-09-11,120.65867614746094,120.74834797727625,119.89281925519052,119.91947524947082,1423200
2023-09-12,124.03717041015625,124.12199771428786,121.17974983803245,121.94560674455582,1827200
2023-09-13,124.76424407958984,124.85150474353028,123.05803849205253,123.96688663453446,1375600
2023-09-14,126.84610748291016,127.13208989795237,125.51070436387269,125.55675325737222,1841600
2023-09-15,124.83454132080078,127.18057961694204,124.73516563731701,127.08120393345826,3367200
2023-09-18,124.74970245361328,125.4137651261485,124.49037600987685,124.67942352290814,1055600
2023-09-19,124.87330627441406,125.09869883406955,123.97658056314575,124.60671674169036,1089600
2023-09-20,124.70124053955078,126.58193783244762,124.63579874101708,125.42589307720193,895600
2023-09-21,122.25340270996094,124.3231475468468,122.23401720399863,124.30619539893928,1465200
2023-09-22,122.33096313476562,123.60092460517248,122.19766836225205,122.3745860716364,1565600
2023-09-25,122.51757049560547,122.57574180442988,121.66446772717146,121.88017123010279,1270000
2023-09-26,116.0586929321289,122.12980286320008,115.98113611680067,121.14339792012692,3437200
2023-09-27,116.59430694580078,117.48619554177287,115.05774857777931,116.79789543786649,2874000
2023-09-28,117.27534484863281,118.50652788414494,116.37376719092426,116.62097122427694,2260000
2023-09-29,116.57733917236328,118.39745388973384,116.41011053468739,117.64129347392522,1999200
2023-10-02,117.51284790039062,117.71401042439865,116.03203492676407,116.52644297440877,1997200
2023-10-03,116.54341125488281,117.8812404247163,116.0659627453723,116.78819671598858,1946400
2023-10-04,117.2874526977539,117.95151533648044,116.31558877179086,116.88513505503884,1386000
2023-10-05,116.78092956542969,117.41591028840661,116.19199774033814,117.30200102462047,1206800
2023-10-06,119.54624938964844,120.05762438468655,116.33013408964247,116.33983054058976,2452400
2023-10-09,121.71778106689453,121.7759449766051,118.85309017405591,119.1196870872703,1536000
2023-10-10,122.78901672363281,123.51851376599075,120.93496069063997,121.81472683104604,1993200
2023-10-11,124.211669921875,124.44675153689663,122.90777462627368,122.90777462627368,1414800
2023-10-12,124.81271362304688,127.32840635768564,123.90871744274484,125.82820049602687,2039200
2023-10-13,124.24076080322266,125.73368892431252,123.83844311609516,125.44528050640923,1048800
2023-10-16,125.2223129272461,126.25476683199591,124.80303569823256,125.50103228757185,1135200
2023-10-17,124.63822937011719,125.22230927786234,123.89418390273278,125.22230927786234,1308400
2023-10-18,123.16468048095703,124.68669051789065,123.01441876754019,124.62368947069216,1002400
2023-10-19,121.86321258544922,123.63970456845124,121.36879710602369,123.31251774535751,1248800
2023-10-20,120.74109649658203,122.11042638059702,120.48904051098555,121.94077914500835,1626400
2023-10-23,121.05372619628906,122.0643611733574,120.9083090164751,120.9083090164751,1092800
2023-10-24,122.59028625488281,122.76720395945905,121.01009755307246,121.45604554971625,1540800
2023-10-25,121.54571533203125,123.15983049117501,121.35424925589885,122.10798375145649,1548400
2023-10-26,120.84529113769531,122.72357723830993,120.81620918146888,121.42937841265923,1646000
2023-10-27,120.30967712402344,121.15793535175388,119.86858107050966,121.03918156666354,1858400
2023-10-30,121.86078643798828,122.39882485401371,120.2806050720032,121.17975679649004,1210800
2023-10-31,122.90534210205078,123.32220071634701,121.78321649167185,121.89955170829798,1398000
2023-11-01,123.36099243164062,124.0638335418882,122.30915303008489,123.29313206367655,1309200
2023-11-02,123.86752319335938,124.6285282217162,122.86657721657244,123.48459841536017,1912000
2023-11-03,125.65128326416016,126.26201913329186,124.46128985877424,124.57278055186516,1174800
2023-11-06,125.71430969238281,126.25234071676775,124.98237922151056,126.16994676521644,1110000
2023-11-07,127.54409790039062,128.0191129975947,125.20532308229929,125.98815423448966,2436000
2023-11-08,127.77436065673828,128.19848979281318,127.00849633296798,127.85918056697312,1155200
2023-11-09,127.56108093261719,128.615338850189,127.2290495980049,128.11850482917757,966800
2023-11-10,129.2939453125,129.43694393058658,127.350232121442,128.3923750450809,1244000
2023-11-13,129.97012329101562,130.29245074939277,128.59593438654937,129.15337302544265,952400
2023-11-14,133.80653381347656,134.22764021776794,132.26904192021712,133.14306820364948,1563600
2023-11-15,133.9779052734375,135.04045135432082,133.760007640976,134.38920909551288,2107200
2023-11-16,135.49581909179688,136.38698482633086,133.8530395324981,134.52630763899333,1970800
2023-11-17,134.15663146972656,136.3355780529798,134.0244314640891,136.11768040607063,1377200
2023-11-20,134.85928344726562,135.37586012783174,133.6767756191893,134.16887579981997,1174800
2023-11-21,135.44686889648438,135.89245182213236,134.81766737227966,135.0331143900198,1052800
2023-11-22,135.8336944580078,136.85951094604172,135.5766314120254,136.12258592275106,825600
2023-11-24,135.853271484375,136.1372616440168,134.04646347790677,134.88866128835514,456400
2023-11-27,135.8190155029297,136.72241965963332,135.73331785272055,135.99528219549592,863600
2023-11-28,135.7186279296875,137.08720519734666,135.32201293150862,135.85329353000353,1108800
2023-11-29,134.4283905029297,136.1397132748245,134.20314095293543,136.1397132748245,1202000
2023-11-30,135.44931030273438,135.60600174912298,134.05135542155995,134.78828040440388,1700000
2023-12-01,136.67343139648438,136.87173886760982,135.41502845975327,135.44930751474246,1115600
2023-12-04,135.8899688720703,136.56078626842682,135.0551230840225,135.40277003061064,1214400
2023-12-05,134.91802978515625,135.62067563457165,134.11499741844312,135.02575327476612,1140800
2023-12-06,134.8813018798828,136.32332328810983,134.2227226843761,135.86550218693824,1070400
2023-12-07,135.57171630859375,136.00261029440986,134.03666021985342,135.37095820416042,2513600
2023-12-08,135.46890258789062,135.65497181552223,134.31087119263142,134.5214318645361,1315200
2023-12-11,137.00392150878906,137.91712797004848,135.83856827307426,136.23518316507347,1636400
2023-12-12,138.20849609375,138.23052195695243,136.29641506965206,137.5939834761537,1345200
2023-12-13,140.74977111816406,141.1610749528393,138.21827633392536,138.95275066932803,1554400
2023-12-14,137.9391632080078,141.13412336319968,137.611106394995,141.13412336319968,2452800
2023-12-15,136.78604125976562,138.78625528043858,136.51427443103063,137.65271549409786,4520800
2023-12-18,137.26345825195312,138.56837854827927,137.19246444330466,138.56837854827927,1489200
2023-12-19,137.1728515625,138.0836073879739,136.95740459057785,137.43726647220745,1445200
2023-12-20,135.5496826171875,137.860829163633,135.52275547739055,136.95253878326807,2088000
2023-12-21,144.43438720703125,144.75510708278878,139.23431108141418,141.2639032020411,2682400
2023-12-22,145.7294921875,146.341554106131,144.56902518064248,144.9754277197296,1873200
2023-12-26,147.4897918701172,147.8252006265763,145.86905300604033,146.14815684428072,1288000
2023-12-27,148.4152374267578,148.80204982589507,147.3600432072926,147.3600432072926,1065600
2023-12-28,147.16172790527344,148.65515302846615,147.1470390167571,147.88394902406384,1175200
2023-12-29,147.5460968017578,147.98922906023148,146.80918675870842,146.953625012305,1136400
2024-01-02,144.91424560546875,147.76891123630244,143.9716760713356,147.11033190471537,1556000
2024-01-03,142.06692504882812,145.2276062622224,141.89064344368805,144.85301719062358,1530800
2024-01-04,142.5810546875,143.81007984859133,141.87595813498498,141.87595813498498,1291600
2024-01-05,141.3275604248047,143.09273759422047,140.6640798655873,142.5810621520295,1160800
2024-01-08,143.00950622558594,143.15394448410305,141.00193995272073,141.51608097908098,1703200
2024-01-09,143.1025390625,143.13681811908174,141.15127773403432,141.64582858696775,855600
2024-01-10,143.71705627441406,143.82721547808268,142.40234831766253,142.99482013891281,938000
2024-01-11,144.0181884765625,144.17976626953924,142.88709909696556,143.99614766969663,1117200
2024-01-12,145.1811065673828,145.26678927031364,143.90067764364096,144.71104713485846,914400
2024-01-16,144.09652709960938,145.25454356377554,143.4820144915732,144.73551620924954,1218000
2024-01-17,144.17486572265625,144.3756238318448,143.26410978689648,143.44527773001533,1122400
2024-01-18,145.0880584716797,145.39654008224994,143.59951964020536,144.1748668331809,1082400
2024-01-19,146.66226196289062,147.03685099906755,144.83831460590986,145.48955680212268,1259600
2024-01-22,147.2694549560547,147.87171434267628,146.94383381934688,147.69299703759503,967200
2024-01-23,147.7933807373047,148.6404799127499,146.77981743628908,148.01372903134964,864000
2024-01-24,146.3929901123047,148.45196007678032,146.1946826247799,148.12635385621175,1372400
2024-01-25,146.5300750732422,147.31595301927393,145.67563901920175,146.61575776533502,1079600
2024-01-26,146.35870361328125,147.22294227392172,145.67074656754457,147.22294227392172,685600
2024-01-29,147.38450622558594,148.02349526594483,145.79069463948895,145.79069463948895,1270400
2024-01-30,149.05177307128906,149.11788054333795,146.60107464319086,146.60107464319086,1209200
2024-01-31,148.01370239257812,149.75685343471514,147.36246018298039,149.09827425286022,2575600
2024-02-01,151.18910217285156,151.39721221937478,147.8325637158811,148.54499731163656,1486000
2024-02-02,151.6199951171875,152.4352658823325,149.82298945955435,150.88797135863396,1349200
2024-02-05,150.7190399169922,151.076489499075,149.622229611199,151.02262027356568,1422800
2024-02-06,151.2747802734375,151.77176678474774,150.43746880361707,151.30415805031703,1342400
2024-02-07,152.18798828125,153.30438875173192,151.93582651204088,152.30549940143135,1089600
2024-02-08,151.09605407714844,152.27366066676768,150.80227629659703,151.91377541413289,1715600
2024-02-09,151.35556030273438,151.87703825194876,150.33954648529686,151.52939126677848,1123600
2024-02-12,150.24652099609375,151.1107447058494,149.81317635041356,151.05689042643453,1157200
2024-02-13,148.35401916503906,149.7960256663613,147.58036454384907,149.58793059441993,1777200
2024-02-14,151.3455047607422,151.47396318148714,149.14698110607472,149.81393963894723,1427200
2024-02-15,153.408203125,153.63299031479124,151.54314340421527,152.1903658669002,1213200
2024-02-16,151.83709716796875,153.59593734803462,151.36281114898688,153.3760804408663,1358800
2024-02-20,151.8321533203125,152.9536465903411,150.9502681737435,151.84202893828797,1694000
2024-02-21,152.8251953125,152.94130544621495,151.61972154014416,152.4719497180567,1236000
2024-02-22,154.91009521484375,155.28310711992276,153.8305921275419,153.8305921275419,1359200
2024-02-23,156.39224243164062,156.68867681363417,155.1200668632834,155.1200668632834,712000
2024-02-26,156.59974670410156,157.20001839551503,155.94266382706414,156.16745097315422,1778000
2024-02-27,155.1694793701172,156.01430456632517,154.7668255466573,156.01430456632517,1094800
2024-02-28,155.8043212890625,156.21192045491227,155.07066088326795,155.50048395865616,846000
2024-02-29,155.28311157226562,156.3675600384731,154.94221426362967,156.3675600384731,1613200
2024-03-01,155.22134399414062,155.78209816491494,153.13891541259525,153.20067194850327,1186400
2024-03-04,155.43875122070312,156.08102833560864,154.99657978595502,155.4931048205349,892800
2024-03-05,154.48768615722656,155.30039675548926,153.44522797355438,154.91503656809715,1320800
2024-03-06,154.58897399902344,155.789517565344,154.14927525709734,154.91505035233536,1308800
2024-03-07,155.22628784179688,156.12793928825326,154.93972907467622,155.68822551974293,1022400
2024-03-08,154.48272705078125,155.62645921916146,154.07512791239122,155.04100850732877,1213200
2024-03-11,154.2554931640625,155.07067650058073,152.32127405273926,154.98915364374471,812800
2024-03-12,154.81129455566406,155.1225499237344,153.37360052241726,153.74908510323607,1039600
2024-03-13,153.96646118164062,154.70753960840491,152.98328688291684,154.70753960840491,1886000
2024-03-14,155.5523681640625,155.95749466468632,153.66261210395132,154.69024932127616,1298000
2024-03-15,154.97926330566406,155.67587884046364,153.9936314042525,155.28310063781308,2752800
2024-03-18,154.38148498535156,156.43920218384724,154.2554992227332,155.9204532431283,1423600
2024-03-19,155.0509033203125,155.1867646908365,154.03562943635455,154.65566750110085,1426400
2024-03-20,156.859130859375,157.22472473264423,154.95949918357454,154.95949918357454,1088000
2024-03-21,158.6302947998047,159.32198003344558,157.21731255732732,157.68912583695774,1207600
2024-03-22,157.94606018066406,159.20341489274014,157.29390749922248,159.20341489274014,1201600
2024-03-25,157.02464294433594,159.19848522402728,156.9283142002317,158.03498657732524,1247600
2024-03-26,156.46636962890625,157.88429731924515,156.21687080474172,157.0394570295887,1331200
2024-03-27,169.37100219726562,174.1139069872844,162.66918197317213,162.66918197317213,4428400
2024-03-28,169.71438598632812,170.27265243000107,168.0815316480524,170.02316867913126,2289600
2024-04-01,168.1111602783203,169.59578976020896,166.91061688224374,169.37347528534963,1866400
2024-04-02,166.9254608154297,168.37797589348511,166.86864962136178,167.95802839126296,2093200
2024-04-03,167.69369506835938,168.1828170954938,166.40669848267476,167.48620154666077,1615600
2024-04-04,164.15133666992188,170.31709924822337,163.85242962368858,169.89469421380866,1552800
2024-04-05,166.41905212402344,166.73523776443986,164.54165936386082,165.03571167730152,1396000
2024-04-08,167.34043884277344,167.80237650543242,165.5075091570306,166.41903619115078,1446000
2024-04-09,167.41455078125,168.50641719145798,166.0336830819859,167.37997857988285,1076400
2024-04-10,165.7446746826172,166.46845950878617,164.76644567924941,165.08757666586692,1128800
2024-04-11,165.78665161132812,166.80192541021918,164.78372610376277,165.95710024800377,1238000
2024-04-12,165.11473083496094,165.69772396725645,164.44777233804564,164.44777233804564,1297200
2024-04-15,164.2032012939453,167.6714577958764,163.53871548087102,167.65169148391095,1848000
2024-04-16,164.6577606201172,165.4976556155021,164.15135999522948,165.25555972025035,1361200
2024-04-17,165.1394500732422,167.04895734319888,164.2402712897977,165.96698162540918,1183200
2024-04-18,163.63999938964844,165.9398121865676,163.4596751293072,165.00358852888448,848800
2024-04-19,163.3559112548828,165.3148267425499,162.79022682015676,164.52188247988,1560400
2024-04-22,164.27239990234375,165.4309532205357,163.88209433958383,164.68492937670055,1606400
2024-04-23,164.6009521484375,165.3914389082332,164.30946307698602,164.5910614521735,2171200
2024-04-24,164.05746459960938,164.73678645576996,163.2299330966524,163.95617544323315,3007600
2024-04-25,164.3341522216797,164.93936932649027,162.66672564896817,164.23780840115356,1158800
2024-04-26,164.57623291015625,165.26544554248986,163.313932857561,163.313932857561,1096800
2024-04-29,164.4774169921875,164.73431874680313,163.4473071454331,163.86232432352745,1078000
2024-04-30,162.62721252441406,165.80889566681725,162.21714064616702,164.69727792141694,1673600
2024-05-01,163.92408752441406,165.62361354470474,162.21712840533962,162.21712840533962,1234800
2024-05-02,163.6029510498047,164.17605355368053,160.23352566613517,163.98831125860116,1559200
2024-05-03,166.50550842285156,166.94769490127175,164.4650849943504,165.1913274347672,1682800
2024-05-06,169.3858184814453,169.57108807689448,167.2268125415089,167.2268125415089,1800400
2024-05-07,171.13478088378906,171.94749147735712,170.2331294188139,170.84574943695495,1590400
2024-05-08,170.5814208984375,171.53741082945598,170.17630949799377,171.21380719747398,1196400
2024-05-09,171.99195861816406,172.24393011835576,170.58143386006006,170.58143386006006,1146400
2024-05-10,172.98500061035156,173.58032697625356,172.2636734228757,172.54528684220756,879600
2024-05-13,170.4752197265625,173.6668085706682,170.4258114790869,173.6544452008391,1083600
2024-05-14,170.21286010742188,170.985091142744,169.4183464949821,170.5494705368019,1456400
2024-05-15,171.37615966796875,171.84394271356993,170.7351012620238,170.7351012620238,1166000
2024-05-16,171.12368774414062,171.95531880096172,170.78212229101212,171.40337561672894,1011600
2024-05-17,171.3118133544922,171.34151338726593,169.51736335805478,170.8687601697576,1206000
2024-05-20,172.62855529785156,172.77210040825628,170.3539348254743,171.27714349597036,776000
2024-05-21,173.24485778808594,173.24485778808594,171.43060284677932,173.13843015944607,1105600
2024-05-22,173.7002716064453,173.94036448562827,172.37114232334744,173.1285233400112,747600
2024-05-23,172.28451538085938,174.6779360165534,171.5667293887721,174.29925307123932,2041600
2024-05-24,169.0025177001953,172.33648950115114,168.58422466327676,171.5939585556269,1996800
2024-05-28,165.91360473632812,168.75997354844122,165.1116736793998,168.31939790711317,1807200
2024-05-29,164.22805786132812,165.13393901586454,163.28504411481558,164.74286846725312,1709600
2024-05-30,165.64132690429688,165.6957870303427,163.41373402046568,164.16369754263445,2023600
2024-05-31,167.80458068847656,168.10655116374198,164.71317890867675,165.5992701702053,2588800
2024-06-03,166.95809936523438,168.73769934117718,166.03736813770863,168.60652671453468,1708800
2024-06-04,168.9208526611328,169.77972139980125,166.43833179690182,166.43833179690182,1559600
2024-06-05,169.7549591064453,170.57669524061134,168.19564699995604,168.92085047675795,1196800
2024-06-06,168.8391876220703,169.79209640610625,168.2006067030497,168.90352762193095,916000
2024-06-07,168.8441162109375,169.95791268686554,168.4357332338628,168.72531608769128,834800
2024-06-10,169.33914184570312,169.64111231027437,167.77241230041912,167.77241230041912,1163600
2024-06-11,170.02723693847656,170.05693697175258,168.26248694496888,169.25005081847797,914000
2024-06-12,171.3959503173828,171.90088106435556,169.7673432054828,170.53461919395656,1038000
2024-06-13,171.2672576904297,171.60386812205152,169.22775983022393,170.62867679306473,992400
2024-06-14,172.19046020507812,172.31173784836312,169.5520067630435,169.5520067630435,864800
2024-06-17,175.0987091064453,175.24474684869085,170.9504335432248,172.01967998559536,1575200
2024-06-18,175.98233032226562,176.64317870413976,174.3883631187753,175.02694402974114,1828400
2024-06-20,174.8685302734375,176.39318729940854,174.27945446396794,175.8734216354446,1486400
2024-06-21,175.36355590820312,175.99222674229767,174.2225368501913,175.4972060552471,2529600
2024-06-24,175.9798583984375,176.48725159326895,174.8660618262955,175.48731522029462,1671200
2024-06-25,176.9525604248047,178.20248458414133,175.11108294440658,177.33125848528707,1174000
2024-06-26,175.10861206054688,176.3634913082855,174.00472560273866,175.94272070519085,1664000
2024-06-27,176.1382598876953,176.28428252673197,174.64328778350855,175.32147879677913,1470800
2024-06-28,173.32159423828125,176.89812169602303,171.84394964327095,176.2273632317795,10214000
2024-07-01,171.7969207763672,175.57640849850577,171.47763787655185,174.31411180852376,1559600
2024-07-02,174.33143615722656,174.41310369093077,170.4875933999505,171.2177519102216,1426800
2024-07-03,173.9180908203125,174.39826149645089,173.29437502022674,174.0542184894232,828000
2024-07-05,176.15805053710938,176.4550659641214,172.70529340694534,173.97502264962674,1351200
2024-07-08,175.98973083496094,176.87582200211884,174.84623437588928,176.43278397195533,1547200
2024-07-09,176.05410766601562,176.86099381829916,175.85114736765703,176.80159375182012,811200
2024-07-10,177.15798950195312,177.26689464729787,175.56154491260693,176.09863807843323,1098400
2024-07-11,177.1876983642578,179.10838096508047,176.89811550461357,177.6703465348861,1411200
2024-07-12,178.64306640625,179.69250783657705,178.07131812195237,178.49702865783388,1069600
2024-07-15,176.93275451660156,179.2445076609485,176.6406941381085,178.55642168776262,1380400
2024-07-16,179.55638122558594,179.9499142108555,177.09612781360715,177.09612781360715,1544800
2024-07-17,178.1529998779297,179.81626211239734,178.0737947562647,179.16778622977466,2183200
2024-07-18,187.8529052734375,191.51854771187072,183.57097964587487,190.51611880396842,3636800
2024-07-19,187.75143432617188,190.26367020509943,186.83316556827575,187.79846189289606,2180800
2024-07-22,191.09034729003906,191.09034729003906,188.02616819553282,189.50133520106166,1649600
2024-07-23,187.12771606445312,191.3254969601498,186.26886241734763,191.21906932446663,2449200
2024-07-24,186.63516235351562,189.9641793319036,186.01638652507293,188.0707192541363,2342000
2024-07-25,186.83070373535156,189.10036922657184,186.44952815961346,187.38264693585757,1287600
2024-07-26,188.451904296875,189.41718557362293,186.96931975456408,188.04102866632914,1065600
2024-07-29,189.31076049804688,190.17704671308348,188.12023633251272,188.86524489453745,931600
2024-07-30,189.63497924804688,191.0507461459708,188.54098785430875,190.05574981697114,1700800
2024-07-31,189.0830535888672,191.56063455974183,188.41477263591128,190.88739856569885,2177200
2024-08-01,188.58059692382812,189.91963632604663,186.63764679321898,188.3306241696086,1816800
2024-08-02,187.30592346191406,188.4518975210837,184.2046117142401,187.1722582126914,1940400
2024-08-05,183.11558532714844,189.3305665512059,182.08593381775054,189.3305665512059,2306400
2024-08-06,184.4942169189453,186.6599324343288,183.21705508090434,183.21705508090434,1543600
2024-08-07,183.2046661376953,187.4940242547103,182.9992283401949,185.76886945206618,1202800
2024-08-08,185.7391815185547,186.49656255013554,183.2046780692602,183.55119858591326,1417600
2024-08-09,187.03118896484375,187.1128564977234,184.11798751450823,185.0114961899985,826800
2024-08-12,188.0162811279297,188.0385485987445,185.6228603656486,186.04857089995068,1286800
2024-08-13,187.89004516601562,189.83547278247738,186.29855551742168,188.7761363993285,1458800
2024-08-14,188.88998413085938,189.62757521554738,187.40987713416928,187.40987713416928,998400
2024-08-15,191.59011840820312,192.84536617547238,190.69174166926857,191.20331773536662,1239200
2024-08-16,190.8714141845703,191.72986951412685,189.88818345962108,191.72986951412685,1070000
2024-08-19,192.89776611328125,192.98262008427113,190.87141490298683,190.87141490298683,1876000
2024-08-20,193.31700134277344,194.02573226274538,191.52772650746226,192.65320296699605,1575200
2024-08-21,195.3857879638672,195.64031940437124,193.8360721231584,194.39008277993858,1418000
2024-08-22,195.8075408935547,197.10021219345748,194.16799033050532,195.48312790392797,1538400
2024-08-23,196.7707977294922,197.55688880979966,195.7177007077433,196.1593952482943,1028400
2024-08-26,198.0584716796875,198.34795912330242,196.5087710344619,197.25992134327564,952400
2024-08-27,199.538330078125,199.6032004915138,198.12086813616986,198.39288520888886,1186800
2024-08-28,199.089111328125,201.1154624435738,197.96613281792634,200.76360254551471,1408400
2024-08-29,199.45347595214844,201.63204955175627,198.9918130668912,200.1097957715392,1126000
2024-08-30,200.9183349609375,201.3899896192727,198.49270854327946,199.69054931365523,1584000
2024-09-03,199.49090576171875,202.6377375387994,198.46773839341935,200.9183289561742,1342000
2024-09-04,200.83349609375,201.08304688872838,198.87201526937747,199.64063598269496,1051200
2024-09-05,199.37110900878906,199.7379565832754,196.4863025416877,199.7379565832754,1568000
2024-09-06,195.12376403808594,199.7229831579314,194.37261374147317,199.02672672272251,1502800
2024-09-09,200.81849670410156,201.40744812172164,196.06455738347944,196.06455738347944,2057200
2024-09-10,203.73825073242188,204.13004729861225,200.91583192027795,201.39248245646587,1100000
2024-09-11,204.5892333984375,204.87122701649477,198.48521544352252,203.10190517062762,1446400
2024-09-12,205.6498260498047,207.11718596176158,201.55718686668902,205.1307561247535,1340400
2024-09-13,207.39666748046875,208.7442325599702,204.9710259671727,205.54998560725417,1030100
2024-09-16,204.5817413330078,208.31502675764602,203.9229235701825,207.6761773234623,1116300
2024-09-17,203.4038543701172,206.48829836058846,203.00456398262148,205.16068638098565,1194900
2024-09-18,201.01815795898438,204.4120426226619,200.67875730751942,203.5835321691127,1334000
2024-09-19,203.37391662597656,205.01096919368254,201.936501643333,204.6017022439132,1243600
2024-09-20,203.7931671142578,204.33219013555228,202.28587054788687,203.4238215762836,3160600
2024-09-23,203.62347412109375,204.4120479390404,202.68516068589037,204.08263905872184,1239200
2024-09-24,204.48191833496094,205.26051556189466,202.09621345112637,203.62346302944798,1689400
2024-09-25,206.83767700195312,209.21339009095237,203.7931544131112,207.72607717725083,1944100
2024-09-26,206.63803100585938,211.18985021724703,206.10898454870488,208.44479152276284,2056500
2024-09-27,201.98641967773438,207.6262615553181,201.93650647243228,207.29685267797052,2332500
2024-09-30,205.51007080078125,205.80951956273105,202.93470482841303,203.11437408558294,1819800
2024-10-01,203.4936981201172,205.1107823757143,201.81670888018144,204.8213101592496,1518500
2024-10-02,204.9311065673828,205.13074414801665,202.01635524228988,202.87481054724933,1114400
2024-10-03,204.18246459960938,204.54181835557264,202.7749944528056,204.02274843443195,1389900
2024-10-04,204.54180908203125,205.74962635191716,202.47552127108113,205.37031951603265,1747400
2024-10-07,204.10260009765625,205.63982625286798,202.4356026583979,202.6352402429048,1261600
2024-10-08,206.6480255126953,206.95746605986506,205.09083099702062,205.62985400961122,1050800
2024-10-09,208.7642059326172,208.93389864015012,206.13892677721122,206.62805180342122,977000
2024-10-10,205.75962829589844,208.89398570121998,205.24055837264942,208.23516794071605,1015300
2024-10-11,207.67616271972656,207.67616271972656,205.819504302288,207.0273215511624,1347600
2024-10-14,211.11996459960938,211.8386720805858,207.87580438708582,208.14532350029478,944800
2024-10-15,210.32139587402344,212.66717931570662,209.6526016065027,211.8686137675993,1318400
2024-10-16,212.54739379882812,213.01655050750668,210.44119973103807,210.44119973103807,1140900
2024-10-17,213.43580627441406,214.9830089821857,212.3876899136158,214.38409622699484,1157200
2024-10-18,213.63543701171875,213.81510626310555,212.44757285631394,213.5256340587476,1248000
2024-10-21,211.1698760986328,213.16628236714956,210.48111349897516,212.517441191059,824400
2024-10-22,211.15989685058594,212.37770596516222,209.29326175278527,209.6925521690073,1054000
2024-10-23,209.33319091796875,211.09002299235206,208.7841761349204,208.7841761349204,839100
2024-10-24,208.7542266845703,210.39127921818962,207.98560600514426,209.7524298204692,898100
2024-10-25,207.03732299804688,210.57095551553132,206.82769363069238,209.76241338542556,1241600
2024-10-28,208.21519470214844,209.1135866902063,207.39667602649206,208.1652814975833,960900
2024-10-29,208.7642059326172,209.4629450905091,206.60808347566106,207.80592420795736,1285900
2024-10-30,207.47653198242188,208.95386838791458,207.00737528078375,208.68434927112065,885200
2024-10-31,205.440185546875,207.62625285773302,205.28046938914767,207.0872298646172,1166200
2024-11-01,205.2505340576172,206.73786228679262,204.51187344868015,205.5799429364831,1099800
2024-11-04,207.18704223632812,207.3267900673039,204.6416211715675,204.8712188613908,926700
2024-11-05,208.61448669433594,209.83229578440637,206.767804730978,207.32679607106837,1065100
2024-11-06,216.6300506591797,217.11916045185066,212.85684399191473,214.94308490814993,2157400
2024-11-07,219.1255645751953,219.4749265465611,216.33059264741064,216.61008831705192,1380400
2024-11-08,225.31442260742188,226.83169570310773,219.80433679883663,221.25172836098832,1648300
2024-11-11,223.70730590820312,226.95146610730882,223.39786537238473,225.314413569938,1185300
2024-11-12,224.32618713378906,225.0349180641911,223.1882361647305,223.70730606172756,900400
2024-11-13,223.2181854248047,225.20461519346958,222.84885513020672,223.84705828868468,1049100
2024-11-14,216.66000366210938,222.6691910814999,216.29065812750008,222.59930954771346,1542700
2024-11-15,215.1999969482422,216.63999938964844,213.88999938964844,216.10000610351562,1792900
2024-11-18,216.1999969482422,218.2899932861328,214.66000366210938,215.32000732421875,1610300
2024-11-19,217.97000122070312,218.5800018310547,214.5,215.3300018310547,1231500
2024-11-20,218.75,218.77000427246094,216.2100067138672,217.1699981689453,1015900
2024-11-21,221.49000549316406,221.8300018310547,218.1300048828125,219.22999572753906,1060800
2024-11-22,221.75999450683594,222.77000427246094,220.8800048828125,221.5,1414300
2024-11-25,223.89999389648438,224.0500030517578,221.5,222.69000244140625,2752000
2024-11-26,226.47000122070312,228.1199951171875,225.1199951171875,225.2899932861328,1369500
2024-11-27,224.0500030517578,228.0800018310547,222.74000549316406,228.0800018310547,1261300
2024-11-29,225.7899932861328,226.61000061035156,224.3300018310547,224.8000030517578,981400
2024-12-02,222.63999938964844,225.7899932861328,221.75,225.4199981689453,1965300
2024-12-03,222.64999389648438,225.25999450683594,220.3000030517578,223.66000366210938,1391700
2024-12-04,223.60000610351562,224.24000549316406,221.86000061035156,221.86000061035156,1495100
2024-12-05,223.22000122070312,224.52999877929688,221.63999938964844,223.3699951171875,1015200
2024-12-06,223.7100067138672,225.02999877929688,223.41000366210938,223.57000732421875,1329100
2024-12-09,208.3000030517578,221.2899932861328,206.33999633789062,220.14999389648438,4021400
2024-12-10,210.13999938964844,210.80999755859375,206.86000061035156,209.16000366210938,1982300
2024-12-11,210.97000122070312,212.49000549316406,209.8000030517578,210.13999938964844,1519000
2024-12-12,211.58999633789062,211.75,209.33999633789062,210.6699981689453,1466500
2024-12-13,211.22000122070312,211.97999572753906,209.39999389648438,210.75,1370600
2024-12-16,211.8000030517578,213.88999938964844,211.1199951171875,211.39999389648438,3075300
2024-12-17,208.3800048828125,212.41000366210938,208.02999877929688,210.0,3241400
2024-12-18,204.38999938964844,210.30999755859375,204.30999755859375,207.97000122070312,3568100
2024-12-19,182.7899932861328,193.69000244140625,182.2100067138672,192.66000366210938,6208800
2024-12-20,186.94000244140625,187.74000549316406,181.14999389648438,181.58999633789062,6170200
2024-12-23,187.1199951171875,188.27999877929688,185.33999633789062,187.1300048828125,2662900
2024-12-24,188.35000610351562,188.38999938964844,186.66000366210938,187.14999389648438,908700
2024-12-26,185.1300048828125,187.88999938964844,184.97000122070312,186.9499969482422,1526500
2024-12-27,183.3699951171875,185.19000244140625,182.13999938964844,183.32000732421875,1572600
2024-12-30,183.67999267578125,184.5500030517578,180.77999877929688,182.55999755859375,1867300
