Price,Close,High,Low,Open,Volume
Ticker,FBIN,FBIN,FBIN,FBIN,FBIN
Date,,,,,
2015-01-02,33.526973724365234,34.38779163123114,33.085337786165276,34.14825812317421,874692
2015-01-05,33.077850341796875,33.45212102418416,32.8607741478204,33.279956109381935,962910
2015-01-06,32.329315185546875,33.33235378429384,31.999959128021985,33.22755746022056,1565343
2015-01-07,32.793399810791016,32.950594271649706,32.35925083980045,32.5538696896445,1032759
2015-01-08,33.8563232421875,33.87129366593634,32.95808111292329,33.130242656468354,1257282
2015-01-09,34.26801681518555,34.709655990351244,33.796440134640136,33.94614770673813,1526967
2015-01-12,34.31294250488281,34.5375056278378,33.95364551719641,34.253060787224406,1580904
2015-01-13,34.088375091552734,35.57047733961718,33.46709071689355,34.7396036592056,3393117
2015-01-14,34.178192138671875,34.54497249354736,33.78895113921667,33.78895113921667,1630278
2015-01-15,32.703575134277344,34.492579077726774,32.666147406867424,34.425210504735524,1169181
2015-01-16,33.61680221557617,33.6617134989724,32.194581506887125,32.5987897391884,1064466
2015-01-20,33.107784271240234,33.85632213861689,32.67363531494172,33.7141014472053,796419
2015-01-21,33.19012451171875,33.74404355656738,32.92065354207173,33.07036112114974,1296711
2015-01-22,33.564395904541016,33.721587028724315,32.84579884020745,33.384747473674324,1201941
2015-01-23,33.57188034057617,33.826384239923165,33.235040776552474,33.51199864231424,515853
2015-01-26,34.020999908447266,34.2904742070789,33.4970250752116,33.57187719101673,999063
2015-01-27,33.93866729736328,34.01352276812164,33.32486646878701,33.57188350872862,798876
2015-01-28,33.8338737487793,34.51503981241408,33.721590544522556,34.253052350882676,1081314
2015-01-29,33.968597412109375,34.312923782504186,33.579359777975974,33.706610029001716,1339767
2015-01-30,33.526973724365234,34.073405989948526,33.459605134028436,33.84135936564785,1589211
2015-02-02,34.34288024902344,34.387791528825105,33.23504529451083,33.72159251119728,1850823
2015-02-03,35.286033630371094,35.45819518944091,34.35784722904282,34.604864254473696,2430792
2015-02-04,35.35340118408203,35.8848630028682,34.62732382628851,34.97165030780522,3024684
2015-02-05,32.88322830200195,34.21562284990496,32.23948666548248,33.68416107097913,6990867
2015-02-06,32.411651611328125,32.94311005016692,32.2694275627494,32.65866863474345,2762253
2015-02-09,32.21703338623047,32.73352480478683,32.17212210575043,32.389198306038395,2451501
2015-02-10,33.160186767578125,33.39223336982321,32.037381489841785,32.39667837690933,2815137
2015-02-11,33.28744125366211,33.31738210488046,32.79340384509084,33.15270408231241,2070081
2015-02-12,34.10334014892578,34.13328099633882,33.220068445907614,33.27246325844708,2828709
2015-02-13,34.866851806640625,35.03901670707932,34.073402569755736,34.19316931176235,3611790
2015-02-17,35.17375564575195,35.50311506935821,34.49258950973069,34.7246361444664,2319174
2015-02-18,35.25608825683594,35.293515988761165,34.94170265857124,35.05398585434691,1281618
2015-02-19,35.76509094238281,35.85491347711894,35.10637564998571,35.128832954102954,1860534
2015-02-20,35.92976760864258,36.004619718169366,35.555497038409726,35.81748443305294,1324440
2015-02-23,35.832462310791016,35.95222569978739,35.47316212120183,35.76509373404721,1161576
2015-02-24,35.8923454284668,36.05702343573319,35.62287111080658,35.94474358366371,1544751
2015-02-25,35.719688415527344,35.98244308955762,35.59957094005187,35.93740029274831,1335438
2015-02-26,35.20918655395508,35.68965640907164,34.97646378444284,35.53950706635997,1763190
2015-02-27,34.77376174926758,35.41938842743986,34.751238680608694,35.261733648127496,1334970
2015-03-02,35.479454040527344,35.51699138046979,34.773770143123286,34.773770143123286,917280
2015-03-03,34.93142318725586,35.40438431006637,34.71371129666937,35.33681843537915,955773
2015-03-04,34.81130599975586,34.84133453017001,34.33834491845596,34.82632026496294,779454
2015-03-05,34.75874710083008,34.83381841110904,34.511006750934705,34.81129869335029,762138
2015-03-06,33.75276565551758,34.55604704617321,33.65517128386496,34.38337801900342,1122732
2015-03-09,34.03053283691406,34.23322700546161,33.62513779852071,33.8578638352319,1395108
2015-03-10,33.79030990600586,33.91793282575201,33.6101353867612,33.76778683460641,1309698
2015-03-11,34.068084716796875,34.22573954259501,33.580112674054575,33.7677926825012,794781
2015-03-12,34.090599060058594,34.578570977810735,33.98549586978119,34.32332515949424,909090
2015-03-13,33.70021057128906,34.08308256302485,33.595110755375806,33.91792235879759,1643031
2015-03-16,33.85035705566406,34.09058853702232,33.77528241416842,33.78278786792858,1222884
2015-03-17,33.197235107421875,33.78280146363064,33.18222084321014,33.6101357498705,2057094
2015-03-18,33.760284423828125,34.045562167808136,32.79935133405907,33.12216306622414,1663038
2015-03-19,33.842872619628906,34.33084473811623,33.63266950325371,33.70023203833922,1144143
2015-03-20,34.65365219116211,34.70620379623176,34.023039631627626,34.023039631627626,2231892
2015-03-23,34.443450927734375,35.089077786766495,34.19571050568661,35.03652617894106,1574586
2015-03-24,34.65365219116211,34.76626085879669,34.165676830544676,34.48098311031192,1439100
2015-03-25,33.74525451660156,34.758738740833564,33.700208390618585,34.69867835640595,1354743
2015-03-26,33.294822692871094,33.64766620633258,33.152185536697125,33.62514313929473,933777
2015-03-27,33.24978256225586,33.39241972981003,33.107142044051756,33.23476829991594,1228617
2015-03-30,35.291778564453125,35.68966842543409,33.91043899318564,33.91794445245804,2339181
2015-03-31,35.64461135864258,35.73470029690109,35.074059251840126,35.22420524850402,1575405
2015-04-01,35.05904006958008,35.86982699757754,34.81129971243224,35.70466675947898,1553409
2015-04-02,35.19416427612305,35.599559367575544,34.75123520818943,34.811295601728446,1249794
2015-04-06,35.12660217285156,35.20918229095428,34.66865879536828,34.70619612650132,1259622
2015-04-07,34.74374008178711,35.321801018717764,34.728725816601305,34.95394314503901,782730
2015-04-08,34.81882095336914,34.94644391776191,34.59360356318761,34.736240796882385,1181115
2015-04-09,34.526023864746094,34.983967271897306,34.1356429671015,34.698689567974355,1851993
2015-04-10,34.63862991333008,34.71370122417166,34.34584677507309,34.52602127174277,1123200
2015-04-13,34.473472595214844,34.766255758240696,34.330832066573905,34.52602419257465,718848
2015-04-14,34.616111755371094,34.65364909144185,33.86538513785818,34.52602616958172,959400
2015-04-15,34.45094680786133,34.826313416171985,34.42091828335246,34.70619596748658,1115127
2015-04-16,33.880393981933594,34.29329456070452,33.67769642035973,34.29329456070452,1100034
2015-04-17,33.677703857421875,33.74526972620043,33.242280114326874,33.58761491550028,1053819
2015-04-20,34.30830001831055,34.548531497651204,33.75275906811513,33.91041380354251,1570374
2015-04-21,34.72120666503906,34.86384381713712,34.255754530988085,34.43592901019338,1288872
2015-04-22,35.00648880004883,35.2617346154856,34.52602234379432,34.788776965873346,1425294
2015-04-23,34.84131622314453,34.8638359337971,34.473458542231924,34.72870761793525,1940562
2015-04-24,35.10408020019531,35.15663179027654,34.59358526204139,34.908891451879065,1009827
2015-04-27,34.24824523925781,35.18665829972313,34.16566513118363,35.18665829972313,2150460
2015-04-28,34.35335159301758,34.37587466117683,33.76778197672557,34.12062550775472,2418741
2015-04-29,34.42092514038086,34.713708338642896,33.89541580483857,34.17318473785516,1743300
2015-04-30,33.48250961303711,34.616108231378035,33.354883353519234,34.21071643529486,3174327
2015-05-01,33.377418518066406,34.35336605565681,32.95700895621849,33.31736144522438,4283838
2015-05-04,33.595115661621094,33.83534719801277,33.31734679588236,33.490012479709236,2930265
2015-05-05,33.505035400390625,33.8128362195452,33.45248379585321,33.46750141199302,2011815
2015-05-06,33.08462142944336,33.685201958717165,32.87441506108018,33.55757905696083,2293668
2015-05-07,33.407432556152344,33.50502693249174,32.89693760658869,32.91195186828323,900783
2015-05-08,33.47500228881836,34.315817794411004,33.429959498514336,34.008020368024916,1218087
2015-05-11,33.41495132446289,33.67770600842813,33.33987664295809,33.482517197556895,1245582
2015-05-12,33.09213638305664,33.45248547417684,32.91196183749655,33.27231092861674,1250847
2015-05-13,33.73025894165039,34.11313112068766,33.25729781139514,33.27231207815632,2560896
2015-05-14,33.955474853515625,34.1131296737975,33.70773443648763,34.04556380091252,1372176
2015-05-15,33.947967529296875,34.098113532936054,33.83535551357954,33.932953263998016,1266642
2015-05-18,34.023033142089844,34.12813633218181,33.790307043064786,33.90291568922046,1405404
2015-05-19,34.60110092163086,34.8788698646633,34.24825729901356,34.32333197859842,1910025
2015-05-20,34.48848342895508,34.90138400907824,34.39839450663282,34.71370070878595,1689246
2015-05-21,34.616111755371094,34.72872376358336,34.28579123950933,34.45095149744021,2151747
2015-05-22,34.65365219116211,34.781275124437926,34.59359512859717,34.64614338301616,1397565
2015-05-26,34.84131622314453,34.94641602437041,34.49597825288449,34.51099586085128,2454426
2015-05-27,34.97686767578125,35.10487673332081,34.76602527420069,34.96180798435236,1642095
2015-05-28,35.059696197509766,35.14252617730976,34.77355535071307,34.93921531031306,1562184
2015-05-29,34.53260803222656,35.135005940181024,34.38953588246602,35.06723562940793,7452900
2015-06-01,34.7509651184082,34.9843953736188,34.18621493461327,34.59283668012388,1361295
2015-06-02,35.187713623046875,35.43620362157801,34.577784237704776,34.6304948484457,1855386
2015-06-03,34.92416763305664,35.08229948204574,34.70579700014165,35.08229948204574,1622673
2015-06-04,34.4874267578125,34.84886954782863,34.40459674858177,34.70579739320064,1406574
2015-06-05,34.78861618041992,34.86391799767856,33.96031635530317,34.22386599413231,1124487
2015-06-08,34.562721252441406,34.89404121893639,34.51001064671931,34.683198796047996,1612260
2015-06-09,34.35188293457031,34.85639447147106,34.10339293000476,34.10339293000476,1027845
2015-06-10,34.71331024169922,34.916621071529434,34.42716944721084,34.51752757549938,1276938
2015-06-11,34.81875228881836,35.06724235572003,34.69074317093286,34.758513494705106,1191996
2015-06-12,34.826263427734375,34.909093401538065,34.54765412690155,34.77355283335245,772902
2015-06-15,34.39704895019531,34.62294762434249,34.25397687721984,34.62294762434249,1235871
2015-06-16,34.47236633300781,34.55519634048774,34.186225390589215,34.26905539806915,881478
2015-06-17,34.39704895019531,34.65306699945715,34.013018515515334,34.434696488695025,1110915
2015-06-18,34.66060256958008,34.75849223052305,34.306691468702525,34.44223203332744,881946
2015-06-19,34.67567825317383,34.92416828267387,34.62296763586367,34.72838887048399,1505205
2015-06-22,35.20276641845703,35.20276641845703,34.735905901658704,34.878978011457725,1313208
2015-06-23,35.05217742919922,35.35337807642109,34.88651740930611,35.2328971453745,1062126
2015-06-24,34.40458679199219,35.30818846434904,34.38199893469558,34.939217613430586,1121328
2015-06-25,34.60036087036133,34.743432961769535,34.33681126297272,34.592832706006384,1106118
2015-06-26,35.11992645263672,35.13498613978948,34.60035548311126,34.63047821820393,1573884
2015-06-29,34.08832931518555,34.976871368014656,34.05820992914831,34.82627107704003,840762
2015-06-30,34.502464294433594,34.71330662672483,34.178675993937325,34.26150594996974,1361646
2015-07-01,34.61543273925781,35.172651474986914,34.42718153139816,34.84133150005858,1661283
2015-07-02,34.65306091308594,34.74342238334629,34.404571070853244,34.63800122817365,1057797
2015-07-06,34.01301956176758,34.70577865386317,33.990428349343055,34.42716938430161,1605708
2015-07-07,34.25398254394531,34.31422466492787,33.68170423973161,34.08079442799144,1830582
2015-07-08,33.749473571777344,34.216334032459386,33.65158390883275,33.990431966536114,997659
2015-07-09,33.68171310424805,34.29917400190197,33.65912188283545,34.15610186760329,1070433
2015-07-10,33.915130615234375,34.088318711469775,33.817240960669274,34.01302026979947,1014039
2015-07-13,34.54765701293945,34.57024486899886,34.18621434732108,34.25398463707528,897273
2015-07-14,34.766014099121094,34.841315892848826,34.38198704994287,34.44222579629545,951678
2015-07-15,34.07326126098633,34.871441599051145,33.95278374640116,34.788611627380035,1429623
2015-07-16,33.75699234008789,34.351861677381706,33.67416238982183,34.351861677381706,1574820
2015-07-17,33.35038757324219,33.83230778392689,33.071778239124804,33.741946274078714,2041299
2015-07-20,33.553707122802734,33.952800853708354,33.05672704236989,33.342868005258616,2652390
2015-07-21,33.22237777709961,33.824778928211515,33.05671779662267,33.50099049400131,2514798
2015-07-22,33.267555236816406,33.644054219516406,33.03412499373756,33.03412499373756,2701530
2015-07-23,35.44373321533203,36.13649256238711,33.96032147187912,34.14857268260024,7507071
2015-07-24,35.08229064941406,35.46631784143911,34.66060918573185,35.39101938048957,3641742
2015-07-27,34.374473571777344,34.93922387806355,34.31423479380129,34.82627448896407,1780974
2015-07-28,35.127471923828125,35.247952829673864,34.54766197548039,34.66061135436581,1517256
2015-07-29,35.895530700683594,36.053659148494994,34.96180962358542,35.20276805853333,1565694
2015-07-30,36.136474609375,36.264483621458965,35.601843990736924,35.72985636360779,1176903
2015-07-31,35.95576477050781,36.52051491452658,35.850343578551204,36.4527446283813,1261494
2015-08-03,35.7298698425293,36.19672700874108,35.55667834607906,36.106368858166476,1134666
2015-08-04,35.9482536315918,36.13650490661956,35.51904381645504,35.51904381645504,1017666
2015-08-05,35.820228576660156,36.20425912482897,35.51902801492822,36.053658843963,1645488
2015-08-06,35.66962814331055,36.32473986639523,35.58679815722776,35.82775994989852,1225341
2015-08-07,36.302146911621094,36.31720660284413,35.48137525563137,35.534085855306024,1672164
2015-08-10,36.881961822509766,37.22081332326664,36.43769246879737,36.52052246222811,2006667
2015-08-11,37.41658401489258,37.46929460953412,36.45274370392298,36.48286308349308,2043639
2015-08-12,37.54460525512695,37.65755800639003,36.505466157659384,36.94973555261219,2100969
2015-08-13,37.9361572265625,38.03404689611044,37.40905461104326,37.491887950740036,1126359
2015-08-14,38.327720642089844,38.43314185038142,37.71779133306193,37.81568101470911,1320111
2015-08-17,38.71928024291992,38.77199084368064,38.13947035612824,38.395488472983,1154088
2015-08-18,39.19366455078125,39.6605250185368,38.696684703322966,38.7870462032189,2337309
2015-08-19,39.532527923583984,39.79607761682553,38.8774160934894,38.900007315488786,2163564
2015-08-20,38.139461517333984,39.50239185194131,38.10181061683217,39.26896164608979,2216448
2015-08-21,37.409053802490234,38.207234193048976,37.38646594741379,37.680134949710286,1703637
2015-08-24,35.43620300292969,37.01750449360709,31.001030662366382,33.41063213368703,2916225
2015-08-25,34.87898254394531,36.49793151089875,34.87145101685587,36.49040334459784,2133144
2015-08-26,35.76266098022461,35.951482884302784,34.71281739614759,35.498312337101346,2041533
2015-08-27,36.570804595947266,36.74451772883485,35.943917681591685,36.17050457232568,1243944
2015-08-28,36.5103874206543,36.72186901197681,35.981690184301335,36.4046499959697,1031355
2015-08-31,36.140296936035156,36.47262128857952,35.936373080411336,36.36688386702775,1579383
2015-09-01,35.05270004272461,35.626713436155946,34.90164317687903,35.50586726928401,1231425
2015-09-02,36.54059600830078,36.548150366545656,35.31703942488921,35.452990905485265,1949805
2015-09-03,36.96356201171875,37.34875681452648,36.4877351205898,36.533051164750404,1330641
2015-09-04,36.85026550292969,37.03153302736626,36.276248866400046,36.36688431410663,1817712
2015-09-08,38.33062744140625,38.383497848913265,37.20525701851985,37.45450033592956,2430090
2015-09-09,38.27775192260742,38.75358215565491,38.20977617502921,38.45146847107993,1653795
2015-09-10,38.43635177612305,38.99525956789284,37.99828672572456,38.43635177612305,2185209
2015-09-11,39.10856246948242,39.14632752241203,38.149354396103206,38.15690538410306,1735929
2015-09-14,39.244510650634766,39.327591737480994,38.8064488833397,39.274721342037665,1162512
2015-09-15,39.29738235473633,39.508860572575664,39.17653621412388,39.34269839334977,1844388
2015-09-16,39.19163513183594,39.463538060870334,39.11610841320197,39.153873458006984,1363401
2015-09-17,39.27472686767578,40.03756547329505,39.101013682180806,39.23696518359764,2065986
2015-09-18,38.791343688964844,39.252068573111245,38.557209123844395,38.71581695359967,2457117
2015-09-21,38.564762115478516,39.15388416584125,38.2173323727948,38.88198116244661,1354743
2015-09-22,38.043601989746094,38.17200245633831,37.71127771569708,37.86988886702543,1218438
2015-09-23,37.832130432128906,38.20221981221357,37.58288718306755,37.960527550166965,965250
2015-09-24,37.273231506347656,37.764167179769636,36.903145374880815,37.68108606928076,2352636
2015-09-25,37.243003845214844,37.68862326569365,37.03908002759632,37.59798783599303,1053468
2015-09-28,36.314022064208984,37.250573959726296,35.98925199326644,37.008881625603024,1963845
2015-09-29,35.30949020385742,36.4877342931295,35.04514156244984,36.2384909994329,2217384
2015-09-30,35.853294372558594,36.102537653514005,35.22640730520277,35.58139138570659,2142036
2015-10-01,36.268714904785156,36.35179603294415,35.58895715532231,35.883519970415605,2019654
2015-10-02,36.42731475830078,36.50284487867053,35.57384394979177,35.928828099379224,2096874
2015-10-05,36.933345794677734,37.3563022189057,36.46506996208665,36.782288965745884,3084471
2015-10-06,36.73696517944336,37.409164723975564,36.46506227052311,37.28832198310062,1745523
2015-10-07,37.47714614868164,37.49980585152845,36.7747324411702,36.978659653862486,1542762
2015-10-08,37.98319625854492,38.27020462365552,37.2128066257133,37.4016285395187,1512693
2015-10-09,38.23242950439453,38.37593196369318,37.87744547858049,38.05116199807867,1223001
2015-10-12,38.398597717285156,38.42880841126929,38.08893304748261,38.30796226435597,967005
2015-10-13,36.88803482055664,38.149356649937054,36.85782075384186,37.57533994701097,1971918
2015-10-14,35.9816780090332,36.95599443243467,35.9816780090332,36.75961825394429,2406690
2015-10-15,36.759639739990234,36.78985381117042,36.04212044077743,36.16296661256572,1591083
2015-10-16,36.88803482055664,36.97111591932408,36.555707054509924,36.93335086416334,1614600
2015-10-19,36.69921112060547,37.03908985847314,36.62368101397851,36.774737856255605,1787292
2015-10-20,37.1146125793457,37.63575879737688,36.631231410542874,36.71431249625935,2520882
2015-10-21,37.212806701660156,37.794374421873286,36.9106929873458,37.33365286158133,2894229
2015-10-22,39.29738235473633,39.34269839334977,36.78228996155293,37.205249768208205,3367026
2015-10-23,39.10856246948242,39.46354655087182,38.45901906558636,39.46354655087182,2540772
2015-10-26,39.30495071411133,39.42579352679249,38.844225692342064,39.13123411441544,1695564
2015-10-27,38.70070266723633,39.21429446201783,38.459010427941486,39.093448342370415,2308410
2015-10-28,39.16143035888672,39.554179468027954,38.74602491622156,38.88197640127135,1751256
2015-10-29,39.289825439453125,39.418225930300764,38.79133893421328,39.229404058566985,2703051
2015-10-30,39.52396774291992,40.23393247065127,39.22185408870082,39.22185408870082,1810107
2015-11-02,40.256595611572266,40.33212234608709,39.554181811188904,39.83363578535892,1648998
2015-11-03,39.65991973876953,40.188620370935965,39.614603697490175,40.04511451708611,1023633
2015-11-04,39.47864532470703,39.93937012919856,39.335142866834985,39.65991282922086,1546389
2015-11-05,39.92425537109375,39.99223109637012,39.45598302171038,39.59948545786287,881946
2015-11-06,39.25205993652344,40.18105711748131,39.055687096804874,39.87139251415404,1319175
2015-11-09,39.27472686767578,39.39557302126597,38.73847859238722,39.26717587925094,1448811
2015-11-10,39.50886154174805,39.55418095244981,39.108561430068235,39.108561430068235,994500
2015-11-11,39.88650894165039,40.18862264254297,39.51641948950813,39.6297112845986,734994
2015-11-12,39.43333435058594,39.78831841841513,39.1916420662411,39.48620474847242,967941
2015-11-13,38.90464401245117,39.59194919392194,38.87442994331786,39.282284481356434,874107
2015-11-16,39.455997467041016,39.523973217204144,38.753583629339964,38.94240216114693,821340
2015-11-17,39.75811767578125,39.93938863526388,39.591955438736996,39.591955438736996,1054521
2015-11-18,40.883480072021484,40.95900680795058,39.780766130618915,39.780766130618915,1532115
2015-11-19,41.19315719604492,41.2460276126633,40.69467047531944,40.86838707692583,1272960
2015-11-20,41.24600601196289,41.60854100608804,41.08739821614917,41.20068998044127,932607
2015-11-23,41.77471923828125,41.903119766810974,41.20070583847631,41.20070583847631,1171755
2015-11-24,41.865570068359375,42.11544917583033,41.320387583634044,41.320387583634044,773838
2015-11-25,42.100303649902344,42.312321884608835,41.8277140873993,41.8277140873993,674973
2015-11-27,42.107872009277344,42.410752267795615,41.95643188001821,42.153303034196014,348543
2015-11-30,41.623260498046875,42.29716918113091,41.51725140331705,42.29716918113091,1237509
2015-12-01,42.29717254638672,42.448612673965414,41.82013496167827,42.01700611367151,800046
2015-12-02,42.70607376098633,42.71364729085578,42.04730846406854,42.17603481512944,1725399
2015-12-03,41.66112518310547,42.75149005923409,41.411249476551376,42.70605903427795,2394171
2015-12-04,42.350181579589844,42.37289878577904,41.60812785828948,41.72170713017383,842049
2015-12-07,42.13816452026367,42.2214564325812,41.63841304635853,42.16845187391902,1237275
2015-12-08,42.168460845947266,42.297187195667085,40.919081895358644,41.41883347559409,1016262
2015-12-09,41.04023361206055,42.26689531983424,40.87364975646011,41.8277218511348,1531764
2015-12-10,41.75198745727539,42.26688254813454,41.11593958635225,41.22952221864801,1504854
2015-12-11,41.873146057128906,42.077590768239965,41.18409353793833,41.36582104352681,1685385
2015-12-14,42.13059616088867,42.388042057423405,41.34310803475207,42.03973071653296,1611207
2015-12-15,42.00188064575195,42.31990471357058,41.782292196599606,42.31990471357058,1297413
2015-12-16,42.456199645996094,42.81208459376439,41.82015153402072,42.38805139260362,1185561
2015-12-17,41.873146057128906,42.668204316519834,41.865572528777804,42.668204316519834,1391832
2015-12-18,40.70705795288086,41.86557118629939,40.58590515986324,41.84285736103588,6626295
2015-12-21,41.350677490234375,41.70656235365712,40.91150071235361,41.055370715209754,1209429
2015-12-22,41.85801315307617,41.933731558421435,41.199247818680206,41.66871207041562,1054053
2015-12-23,42.637916564941406,42.645490093221945,42.039729493883435,42.039729493883435,1029132
2015-12-24,42.622779846191406,42.6909280937189,42.28204198808516,42.372904065101,467883
2015-12-28,42.75906753540039,42.7969284161255,42.20631151902985,42.40318269155155,715689
2015-12-29,42.67577362060547,43.1528078531146,42.410754227041465,42.93321948656804,671697
2015-12-30,42.592491149902344,42.90294163925604,42.441050980099504,42.660639395290175,639522
2015-12-31,42.02458953857422,42.804504182597285,42.02458953857422,42.524341063427556,737100
2016-01-04,41.55513381958008,41.55513381958008,40.7979328493924,41.53999013812949,1659879
2016-01-05,41.047794342041016,41.91857430907983,41.02508051755528,41.55511932200308,1056744
2016-01-06,39.66212463378906,40.20731056798401,39.20780414847026,39.980148635559125,2596581
2016-01-07,37.6176872253418,39.24566825305891,37.61011707537421,39.13208896729521,2364687
2016-01-08,38.19315719604492,38.632334000446285,37.867563046924936,38.011429678938036,2099331
2016-01-11,37.738826751708984,38.632323802789344,37.30722359006773,38.35216076201713,1726452
2016-01-12,37.776702880859375,38.54904747120752,37.16337200242122,38.20830621677998,1802502
2016-01-13,35.71710205078125,37.905408466705104,35.633810157850306,37.85240729990984,2424357
2016-01-14,36.504600524902344,36.82262451536187,35.474810165095704,36.012422551292865,2861586
2016-01-15,35.73224639892578,36.50459064961012,35.12648931677936,35.12648931677936,2409030
2016-01-19,35.97456741333008,37.163371648012955,35.73226177259648,36.17901216403691,1788813
2016-01-20,36.09571075439453,36.618176029618105,34.50559096570639,35.40665828270792,2176668
2016-01-21,36.10327911376953,36.83776257744474,35.79282869924375,36.05027456018456,1507194
2016-01-22,36.75448226928711,37.69341071608405,36.40617086665985,36.656046658514065,1965483
2016-01-25,35.99727249145508,36.76961343461211,35.88368985965442,36.41373200280013,934362
2016-01-26,36.216861724853516,36.466737461025375,35.14164039626429,35.70954010388493,2117700
2016-01-27,35.67925262451172,36.49703152241103,35.270366555093005,35.95941911932431,1609686
2016-01-28,35.421810150146484,36.41374313282825,35.3915227908876,35.88370082767267,1779804
2016-01-29,36.79233932495117,36.8680577178347,35.664109924503734,35.664109924503734,2595996
2016-02-01,36.44402313232422,36.7847609244726,36.09571181212493,36.58788974951612,3500874
2016-02-02,35.24766159057617,36.11087182277643,35.194660388368085,36.073010924457414,2277756
2016-02-03,35.118934631347656,35.82313103891467,34.248154345401254,35.4823897515333,2528253
2016-02-04,35.315799713134766,36.883205982159794,33.47580384128329,33.66510489897952,3282201
2016-02-05,34.43743133544922,35.5050821160179,34.285991244766976,35.28549381555218,3001167
2016-02-08,34.2935676574707,34.49044217700563,33.46064869627289,33.89982537746082,5650047
2016-02-09,34.535888671875,34.75547711085186,33.551529151294666,33.79383142150711,2903472
2016-02-10,34.83119201660156,36.11086163052951,34.74790009152803,34.755473620867065,3242772
2016-02-11,34.2784423828125,34.88420318138689,33.8392688454247,34.38445153642256,3036384
2016-02-12,35.48237609863281,35.67167711650901,34.376864102209396,34.694888054885574,2716623
2016-02-16,36.15629577636719,36.368310682182106,35.913993509654624,36.05786016368413,2920086
2016-02-17,37.50410842895508,37.56468652714242,36.23958583052525,36.330451288040614,2790216
2016-02-18,37.56467819213867,37.74640568731569,36.83776483190006,37.2693680553868,3090789
2016-02-19,37.54196548461914,38.200730690630635,37.2390851632022,37.299663255204145,2457117
2016-02-22,38.056854248046875,38.178007032046416,37.6555383969168,37.85241293823995,1930149
2016-02-23,38.71562957763672,39.07908464618833,38.019006799657596,38.019006799657596,2862990
2016-02-24,38.791587829589844,38.98907704017707,37.971245163186026,38.28267019602436,1804491
2016-02-25,38.68525314331055,39.22455331147871,38.35103952756812,38.97389309967188,1430442
2016-02-26,38.86753463745117,38.958685307580105,38.41178806708471,38.85234342411953,1653444
2016-02-29,38.14594650268555,39.118204745356415,38.13075528546944,38.897927010512866,1620450
2016-03-01,39.02703857421875,39.11818583344976,38.25226992006354,38.52571508789489,1478880
2016-03-02,39.04984664916992,39.065037867971824,38.533335039484385,38.88273985220871,889785
2016-03-03,39.042240142822266,39.20174958386692,38.48774896989792,39.08781378452942,924417
2016-03-04,39.58154296875,39.953732821525115,38.935901075508035,39.049836883097946,1532934
2016-03-07,38.996673583984375,39.399249335862024,38.8371641001016,39.308102027969056,1318005
2016-03-08,38.58649444580078,39.186559274280086,38.351025539671014,38.85994308263259,1349244
2016-03-09,38.670040130615234,38.973871135543156,38.358611825001724,38.78397590992854,926406
2016-03-10,38.63966751098633,39.32328575043795,38.27506817849123,38.890327645123236,869310
2016-03-11,39.01946258544922,39.16378085312303,38.5789070881331,38.89033553594422,895401
2016-03-14,39.36126708984375,39.50558533412617,38.662454216642466,38.81436976384799,1373112
2016-03-15,40.174015045166016,40.19680356530424,38.8979257202224,39.04224736419808,1957059
2016-03-16,41.10068893432617,41.13107135986227,40.075260036579515,40.158813401873275,1828008
2016-03-17,41.13867950439453,41.53365792074772,40.79686865167359,41.01714638007821,1290510
2016-03-18,41.77671813964844,41.867865427125274,41.017140459977924,41.047522889136864,1698489
2016-03-21,41.4804801940918,41.89065315038436,41.44250385343232,41.62480181507147,1199016
2016-03-22,41.46528625488281,41.586819351368725,41.12347548043465,41.21462615033386,1184625
2016-03-23,41.51087188720703,42.278047025922376,41.351362406475175,41.48048945184288,1805661
2016-03-24,41.44248962402344,41.526042969008884,41.05510531724762,41.36653018850677,942084
2016-03-28,41.77671813964844,41.837482997966326,41.39692760474349,41.4880782823597,727857
2016-03-29,42.51350784301758,42.52110175533419,41.67037677736831,41.67037677736831,1248390
2016-03-30,42.38438415527344,42.5818767589232,42.17170372458134,42.5818767589232,717093
2016-03-31,42.566673278808594,42.809739483339406,42.072950347947966,42.46033478069821,936936
2016-04-01,42.89329147338867,43.08318672767586,42.30841788713996,42.31601179883353,1396980
2016-04-04,42.278053283691406,42.87811833644213,41.79951799038548,42.76418249189234,1410084
2016-04-05,42.10334014892578,42.34640639602126,41.761529298366476,41.8982536385902,749385
2016-04-06,43.02240753173828,43.03759874139752,42.13370312091244,42.17927674989015,1024920
2016-04-07,42.67301559448242,44.298509411843625,42.156504142355004,42.84012234046892,1825551
2016-04-08,43.19713592529297,43.59971168397877,42.91609330265992,43.12877374814707,1329003
2016-04-11,43.303466796875,43.80478704130363,43.27308097800775,43.33384922560292,1950156
2016-04-12,43.69084167480469,43.7440126126351,43.197118802391245,43.273074863478364,1638936
2016-04-13,44.69348907470703,45.01251133769417,43.85035808178263,43.92631414909426,1406574
2016-04-14,44.29851531982422,45.5442221688454,44.169388287105846,44.609943727149385,923013
2016-04-15,44.496002197265625,44.52638801820675,44.14659746276855,44.36687517128921,1400490
2016-04-18,44.95934295654297,44.966936868637134,44.313701091990005,44.42763689451719,1124955
2016-04-19,44.33649444580078,45.2631789617288,44.19217619887268,44.989730293717976,1616238
2016-04-20,44.860591888427734,45.0656749472976,44.13139675533196,44.260523753535,1619982
2016-04-21,44.01747131347656,45.559411913692045,43.83517333489685,45.293560553674155,2666196
2016-04-22,43.37942886352539,44.12381542092671,43.23511061205402,43.91113161016073,2076282
2016-04-25,43.5769157409668,43.660469122123715,43.20472248213882,43.43259749720108,1076517
2016-04-26,43.58451461791992,43.721238953867164,43.075597009702925,43.599705834120755,1133496
2016-04-27,43.242698669433594,43.56931825451458,42.84772031459452,43.34904056041612,1321983
2016-04-28,42.711002349853516,43.508556480474056,42.56668070631199,42.97685372672703,820755
2016-04-29,42.08815002441406,42.74898322259703,41.693171600309256,42.74898322259703,1364688
2016-05-02,42.83253860473633,42.931283215357546,42.03498102566791,42.37679190100296,1348425
2016-05-03,42.072959899902344,42.68062215904957,41.875470682721506,42.4831295517287,1162044
2016-05-04,41.84507369995117,41.98939531259329,41.44250145927029,41.85267100172776,622908
2016-05-05,42.232460021972656,42.39956676720252,41.7843107306997,41.98939720624707,696033
2016-05-06,42.64263916015625,42.68061889598429,41.95902086595037,41.98180599533538,801333
2016-05-09,43.09838104248047,43.280679008052765,42.604654701861804,42.604654701861804,1661985
2016-05-10,43.43260955810547,43.531354182335214,42.95407426668686,43.29588518912872,1251198
2016-05-11,42.399566650390625,43.54652873776069,42.34639909625973,43.219912550320004,1088802
2016-05-12,42.52109909057617,42.8097389334467,42.11092953714055,42.475525449114265,1163448
2016-05-13,42.08815002441406,42.657832530035954,41.92863715996717,42.36919262542248,1113138
2016-05-16,42.8629150390625,42.99204206715887,42.08054878731012,42.18689068700103,987012
2016-05-17,42.4223518371582,42.89328960639196,42.156500526811215,42.89328960639196,923598
2016-05-18,42.96925735473633,43.212323606948786,42.15651198983201,42.20968294438723,1152684
2016-05-19,43.05280685424805,43.09838389125828,42.40716832475898,42.657828467756794,1322568
2016-05-20,43.812374114990234,43.99467204904322,43.227500587779765,43.25028910083844,1254825
2016-05-23,43.53133773803711,43.97948703028193,43.371824904441254,43.812380284689674,700362
2016-05-24,44.66310501098633,44.853000271928856,43.531337527708686,43.880742231337095,1686321
2016-05-25,44.724037170410156,45.10486054734753,44.411762477236,44.868749169805156,1023399
2016-05-26,44.52601623535156,44.952537669536035,44.427002209580536,44.80782564711448,522522
2016-05-27,44.884002685546875,45.241978933801164,44.38893240546299,44.533644472089634,825318
2016-05-31,44.685951232910156,45.07439261867826,44.40414188225927,44.93729525906728,1069848
2016-06-01,44.73166275024414,44.79259341303176,44.244207249773744,44.42700263752642,670410
2016-06-02,44.685951232910156,44.685951232910156,44.15279785610215,44.59455525942886,889200
2016-06-03,44.45746612548828,44.70119216592246,44.06140663562196,44.54124748304216,600327
2016-06-06,43.90907669067383,44.5031642272004,43.71866667720723,44.5031642272004,1275651
2016-06-07,44.49555206298828,44.71642741891268,43.81768313109866,43.86338112893924,1156077
2016-06-08,44.76212692260742,44.914456975021984,44.32036943066622,44.46508145073469,783783
2016-06-09,44.60218811035156,44.70882018902679,44.22898263376912,44.4803267625975,850824
2016-06-10,43.421627044677734,44.35083666496278,43.322609616876846,44.15280860814071,836316
2016-06-13,42.91132354736328,43.39116105376651,42.888472847290714,43.06365361593686,917514
2016-06-14,42.629512786865234,42.9646382474452,42.180137228859394,42.86562421585475,1165203
2016-06-15,42.599037170410156,42.94939864020574,42.54572454616158,42.758985241324154,1120743
2016-06-16,42.96463394165039,43.05602993116368,42.020188320341994,42.29437968827148,1189539
2016-06-17,43.025550842285156,43.13218286200735,42.545713552312385,42.918918822562965,2673099
2016-06-20,43.90146255493164,44.38891804187601,43.54348642251305,43.54348642251305,1102140
2016-06-21,43.84814453125,44.107106627905914,43.64249846032232,43.901460556978236,859833
2016-06-22,43.53586959838867,44.11472104784452,43.520636933881114,43.832911655370374,3485313
2016-06-23,43.292137145996094,43.97000596652481,43.292137145996094,43.947155271663526,37212552
2016-06-24,42.45433044433594,43.25406409961672,41.517502796146005,41.78407954810966,5356728
2016-06-27,41.97449493408203,42.134439632985874,41.578435404537764,41.98972760067335,2845206
2016-06-28,42.7666015625,42.8884662785723,42.263913433015,42.446712206818226,2180061
2016-06-29,43.19313049316406,43.34546055295162,42.896088406303775,43.200748525878886,1399788
2016-06-30,44.152801513671875,44.17565220862964,43.11695999874165,43.33783871870235,1527318
2016-07-01,44.25182342529297,44.495552883718084,43.947163301956536,44.17566009415382,1694862
2016-07-05,43.992855072021484,44.17565383965417,43.60441703912298,44.17565383965417,1390896
2016-07-06,44.625030517578125,44.693579212642746,43.924314300683996,44.0157102945103,1349946
2016-07-07,44.76974868774414,44.81545009032191,44.43462319892187,44.609803976892714,1242540
2016-07-08,45.85889434814453,45.942679097490505,44.937299498621684,44.937299498621684,1806714
2016-07-11,46.536766052246094,46.597700110133125,46.07216128272899,46.079775915346396,1442844
2016-07-12,46.50629425048828,46.81095429935372,46.224484895073935,46.68908959992972,1893645
2016-07-13,46.750030517578125,46.948061972406336,46.41490507010092,46.80334654774765,1261728
2016-07-14,46.711952209472656,47.351737795419815,46.70433417658259,47.06992836811665,1042587
2016-07-15,46.68148422241211,47.12323832138922,46.54438683330586,46.925210270186746,1233297
2016-07-18,46.6890983581543,46.92520977034677,46.54438633752235,46.7347963542397,776529
2016-07-19,46.56722640991211,46.79572315366211,46.38443105454563,46.5367610839159,753831
2016-07-20,46.90998077392578,47.047078172294405,46.55200461145103,46.66625131029489,703287
2016-07-21,45.7979736328125,46.84143341765573,45.767508298832716,46.810968083675945,1793142
2016-07-22,46.04168701171875,46.13308298171493,45.29526959313876,46.02645435005272,2091375
2016-07-25,46.30827331542969,46.30827331542969,45.77511644874294,45.88936653406914,1108224
2016-07-26,46.93282699584961,47.08515704623846,46.47583684468308,46.62816689507192,1955655
2016-07-27,47.03944778442383,47.86202855919497,46.765256459092846,47.168930515202256,1807065
2016-07-28,48.623687744140625,49.10352860181279,47.55737737106116,47.572613435841625,3615768
2016-07-29,48.18954849243164,48.90549736648096,48.14385049605992,48.494208600355954,2137824
2016-08-01,48.44088363647461,48.50943231808303,47.91534487727309,48.273320947962716,1200888
2016-08-02,48.12862014770508,48.34949550716376,47.67924459721763,48.34949550716376,1443429
2016-08-03,48.31903076171875,48.31903076171875,47.72494657489914,48.04483936756737,1390779
2016-08-04,48.33426284790039,48.66938830292148,48.08291875663457,48.53229090779651,1574469
2016-08-05,48.555145263671875,48.760791371847404,47.999141007895524,48.6008466650821,1719081
2016-08-08,48.715091705322266,48.78364040570526,48.46374760371464,48.616077671300175,1400607
2016-08-09,48.64654541015625,48.77602478421925,48.35711792749464,48.66939271182018,1782846
2016-08-10,48.70746612548828,48.77601481525035,48.20477800015946,48.730316821872144,1204983
2016-08-11,48.77602005004883,49.04259680578251,48.463745296032485,48.85218677990982,1915524
2016-08-12,48.66176986694336,48.783634586352676,48.265710378710494,48.783634586352676,1340937
2016-08-15,48.65415954589844,48.83695495428866,48.49421483832831,48.68462828012196,760500
2016-08-16,47.95343780517578,48.55513999771571,47.862038411658034,48.46374400358777,1820403
2016-08-17,47.56499481201172,47.8696549148176,47.153706052796565,47.8696549148176,1550250
2016-08-18,47.65639114379883,47.77063782517072,47.28318237184642,47.55737372726108,943137
2016-08-19,47.75540542602539,47.86203407618261,47.2984152986117,47.51929403016446,1089387
2016-08-22,47.85442352294922,47.91535418537579,47.46598205150537,47.85442352294922,1430559
2016-08-23,48.53990936279297,48.74555545726916,47.968672477730166,47.968672477730166,1384929
2016-08-24,48.1810302734375,48.570445991345345,48.12758005491713,48.41009874372983,800514
2016-08-25,48.50172805786133,48.55517486830525,47.95959548382519,48.12757993708043,992628
2016-08-26,48.41010665893555,48.80716305575997,48.066500489370775,48.60863315337469,721422
2016-08-29,48.738433837890625,48.9140520896083,48.478819951420064,48.478819951420064,576927
2016-08-30,48.60863494873047,48.79189044328483,48.3413872105076,48.70789819961632,785421
2016-08-31,48.53226852416992,48.73079497935585,48.18866242254393,48.41773429294308,827073
2016-09-01,48.738433837890625,48.83769706884965,47.967229384527606,48.61626239673121,1019655
2016-09-02,48.70789337158203,48.95223627873221,48.31847420627425,48.76898080234254,1076985
2016-09-06,48.10467529296875,48.883513600504614,47.93669082726068,48.76897935714836,1023750
2016-09-07,47.7381706237793,48.16576905083376,47.49382769176353,47.90615511156029,1123317
2016-09-08,47.287654876708984,47.86032942514551,47.15021243981296,47.53963154170324,1114659
2016-09-09,44.836605072021484,46.99749798793266,44.7297046438603,46.99749798793266,2267460
2016-09-12,45.0504150390625,45.24894494766461,44.37084329389848,44.56936979455435,2229435
2016-09-13,44.43955612182617,44.974051494139125,44.25630066297446,44.790796035287414,1448928
2016-09-14,43.90505599975586,44.59226820937943,43.81342997710305,44.43955476367924,1294605
2016-09-15,44.15702438354492,44.27919579875664,43.82869275209795,43.82869275209795,1101672
2016-09-16,42.83606719970703,43.897424161119474,42.82842999350567,43.897424161119474,3186261
2016-09-19,43.103309631347656,43.61490014605881,42.881874981815145,43.072767626159425,2127060
2016-09-20,43.080406188964844,43.41637509909014,42.87424251922098,43.41637509909014,1875393
2016-09-21,43.546180725097656,43.5690855259602,42.889513954706345,43.210208430344885,2064582
2016-09-22,44.43955612182617,44.538819353373114,43.89742354341933,43.89742354341933,1736163
2016-09-23,44.79842758178711,44.928236223239594,44.20284822244033,44.393737469845895,1947231
2016-09-26,44.80607223510742,45.08095375128662,44.386111049886146,44.454832280917444,1583361
2016-09-27,45.04277801513672,45.22603349554296,44.6609926403399,44.6915380603626,1714518
2016-09-28,44.69915771484375,45.29474039365781,44.47008928880869,45.035126557265805,2172456
2016-09-29,44.21812057495117,45.080947633345794,44.21048336900814,44.84424536829487,1698489
2016-09-30,44.36320114135742,44.699170076693896,44.05777421687955,44.43192236976223,1511640
2016-10-03,43.538543701171875,44.37083212402392,43.42400947254518,44.12648925553794,1374048
2016-10-04,43.637794494628906,43.92795029031459,43.54616850100885,43.75996589406673,1180062
2016-10-05,43.12623596191406,43.86689870120112,43.0804229312597,43.85162428303606,1599624
2016-10-06,43.93560791015625,44.027237361407344,42.981151215359844,43.05750965939346,1644903
2016-10-07,42.5306396484375,43.889786288029384,42.5306396484375,43.836336069269,2030067
2016-10-10,42.83606719970703,43.11094868787977,42.73680396676331,42.83606719970703,1051830
2016-10-11,41.828163146972656,42.843703752356724,41.69835448882385,42.66808548583732,1601496
2016-10-12,42.40082931518555,42.5611799650928,41.84342916326469,41.912150383518444,1177488
2016-10-13,42.09540939331055,42.20230642767286,41.507460368561944,42.034321965729184,1038492
2016-10-14,42.02667999267578,42.64516749899499,42.02667999267578,42.332106847337016,1130571
2016-10-17,42.46192932128906,42.568829786240755,42.00378885314157,42.20231536695488,1198665
2016-10-18,41.85105895996094,42.66043911406234,41.82815416069646,42.66043911406234,1255644
2016-10-19,41.148582458496094,41.9121496660527,40.78970535975268,41.782341025603564,3867435
2016-10-20,41.32421112060547,41.40056956458694,40.87370788813208,41.00351315336506,1937637
2016-10-21,41.45402526855469,41.49983829622627,40.88135049484642,41.03406399503174,955071
2016-10-24,42.27865219116211,42.52299160443281,41.75942795601023,41.7670617522043,1886157
2016-10-25,39.9421501159668,41.919787857232635,39.90397430754694,41.919787857232635,3594240
2016-10-26,40.5911865234375,40.85080044509624,39.74362693443726,39.88106939837741,3454893
2016-10-27,41.24784469604492,42.10303790325182,40.6598991530936,41.04168104375223,4684446
2016-10-28,41.02641296386719,41.4234658858063,40.65990205008561,41.1027713922066,2808702
2016-10-31,41.71361541748047,42.04958427186614,41.14857812890276,41.27838334774858,2304081
2016-11-01,40.7286262512207,41.71362483004266,40.20940185073087,41.70599103141774,2110095
2016-11-02,40.57590866088867,41.11804121795845,40.33156578673942,40.69044289216999,2232477
2016-11-03,40.34683609008789,40.76680061073926,40.13303863487724,40.59117895999613,2027376
2016-11-04,40.36210632324219,41.03404749869462,40.31629331398816,40.514819762034286,1295541
2016-11-07,41.652530670166016,41.675438876356075,40.78206654617351,41.049314183962615,1732770
2016-11-08,41.530372619628906,41.76707833066028,41.148590643878265,41.48455960044589,1424826
2016-11-09,41.767066955566406,41.973230597661264,40.736252153037285,41.04167901363444,2095119
2016-11-10,42.56118392944336,42.752076604367275,41.904517080922204,42.04195953423176,2026557
2016-11-11,42.17940139770508,42.98878169325784,41.99614593183691,42.4466490940939,1306305
2016-11-14,42.8207893371582,42.86660234319207,42.19466462291499,42.446641268018894,1573533
2016-11-15,43.607269287109375,43.62254029192594,42.95060244821447,43.18730813478971,2096406
2016-11-16,42.88187789916992,43.5996287017045,42.72916445489409,43.45455246321792,1141101
2016-11-17,43.82870864868164,43.89742988166673,42.96587804071581,43.14913352602735,1335438
2016-11-18,43.97378158569336,44.09595303596972,43.53854941502626,43.75234689705052,1389375
2016-11-21,44.34028625488281,44.58462569413853,43.83632955852428,44.11121440963892,1435590
2016-11-22,43.452110290527344,44.47046017597108,43.321946398131665,44.35560948165949,1564875
2016-11-23,43.704776763916016,43.750719768780186,43.22240255173235,43.45210390660814,816075
2016-11-25,43.919166564941406,43.957447844299054,43.559297933979394,43.72008819242045,374049
2016-11-28,43.015663146972656,43.95744335195114,42.632826470993294,43.735400335341225,1414296
2016-11-29,43.03099060058594,43.61290582158076,42.92379820951146,43.130528100978914,1901250
2016-11-30,42.227027893066406,43.34491520513409,42.21171469593576,43.115210413451365,1588041
2016-12-01,41.20866775512695,42.27295690212961,41.04021921149663,42.21935901690892,1892709
2016-12-02,41.19336700439453,41.545577391338504,40.99429201403861,41.30056280721468,1207908
2016-12-05,42.089202880859375,42.204053560323075,41.484319673970745,41.499632870075146,1324791
2016-12-06,42.227027893066406,42.32656538309635,41.882472414223095,42.30359387871961,1569087
2016-12-07,42.62518310546875,42.73237891595348,42.14280879301142,42.288285892359006,2183103
2016-12-08,43.214744567871094,43.344911859476674,42.380160010543115,42.62517456308302,1904058
2016-12-09,43.1611442565918,43.383190711456024,42.92378802399747,43.14583106150059,708318
2016-12-12,42.31890106201172,42.816591858797345,42.13513930519642,42.71705438291243,1001052
2016-12-13,42.441410064697266,42.77830718862274,42.32655939378832,42.49500795575106,1198899
2016-12-14,42.893165588378906,43.58227657272447,42.3571934159872,42.3571934159872,1528722
2016-12-15,41.80590057373047,43.17646057255166,41.75230268259873,42.87784472692087,1336140
2016-12-16,42.311241149902344,42.433746694994284,41.75995252754594,41.95903087304168,2953431
2016-12-19,42.227027893066406,42.82425283324607,42.08920570152908,42.464387574633676,1054521
2016-12-20,42.035614013671875,42.4643938487669,41.76762789824825,42.23468902314519,1441908
2016-12-21,42.41078567504883,42.808935597607956,41.943724663221964,42.11217323312948,2028897
2016-12-22,42.09685516357422,42.495008489718884,41.98966279748078,42.495008489718884,1185210
2016-12-23,42.09685516357422,42.29593353532711,42.012630881534534,42.26530372765358,379197
2016-12-27,42.28062438964844,42.3648486797548,42.05857791257503,42.073891109197874,743652
2016-12-28,41.48432159423828,42.441415190553776,41.46135009033768,42.441415190553776,909090
2016-12-29,41.38478088378906,41.6680801288167,41.24695870584016,41.446033666272484,913068
2016-12-30,40.93303680419922,41.60683119868983,40.764588205576565,41.60683119868983,1272726
2017-01-03,41.26228332519531,41.89779308017008,40.82584858576809,41.33884932449738,2155491
2017-01-04,41.69871139526367,41.96669747600205,41.21633713340692,41.30056142784931,1218906
2017-01-05,41.3082160949707,41.92075765755972,41.25461819563993,41.69871117025312,1394523
2017-01-06,41.94373321533203,42.15812141601027,41.26993538095686,41.26993538095686,2482974
2017-01-09,41.26993179321289,41.813562264414806,41.2469637056781,41.813562264414806,1703637
2017-01-10,41.47666549682617,41.70637029598525,41.17039470952184,41.21633771977066,976014
2017-01-11,41.70636749267578,41.78293347567462,41.33118563257788,41.36181202577742,1134198
2017-01-12,41.53025817871094,41.75995953164516,40.69567021730896,41.57619776582553,1556568
2017-01-13,41.55323028564453,41.82121634042135,41.537913672355536,41.622137958638575,1164618
2017-01-17,41.34651184082031,41.64512439453055,41.162750006432276,41.415422955886136,1566045
2017-01-18,41.57620620727539,41.62214580371736,41.10148679195591,41.41541591104753,1901016
2017-01-19,42.00498580932617,42.22703231702574,41.53026639645716,41.53026639645716,1452906
2017-01-20,42.42610168457031,42.479699581706804,41.97435383846811,42.035606625274696,1544049
2017-01-23,42.58689880371094,42.64815159544764,42.25765650472187,42.25765650472187,1244646
2017-01-24,43.45975875854492,43.635862205321374,42.74767983072809,42.8319041098023,1535274
2017-01-25,43.658836364746094,43.834943239608435,43.42913501414071,43.628209973646875,1381887
2017-01-26,43.23005294799805,43.88087908144013,42.931440534222546,43.88087908144013,1368900
2017-01-27,42.87785339355469,43.40617068812289,42.75534780890494,43.40617068812289,1025271
2017-01-30,42.602203369140625,42.916128989222884,42.07388618669872,42.916128989222884,1221948
2017-01-31,42.21171188354492,42.68643121505089,41.821216839326745,42.46438474540829,1720134
2017-02-01,43.10755157470703,43.6435236772665,42.150454628866555,42.150454628866555,3057912
2017-02-02,42.602203369140625,43.046292853969064,42.21936324627615,43.03863796523396,2415231
2017-02-03,42.95441818237305,43.2147459391221,42.862535586404235,42.91613348260593,1309230
2017-02-06,42.77064895629883,42.931439199529635,42.62516848947392,42.77830384450178,1308294
2017-02-07,42.74002456665039,42.93144463902871,42.648145392408885,42.93144463902871,1106352
2017-02-08,42.83191680908203,42.84723000823929,42.30359947738931,42.81660360992476,1265589
2017-02-09,43.092254638671875,43.17647895563559,42.56393722594949,42.785983773828825,1439802
2017-02-10,43.697120666503906,43.80431303438027,42.95441531094954,43.21474305029617,899847
2017-02-13,43.704776763916016,44.110584996928175,43.490388604874525,43.78134616044879,703404
2017-02-14,43.53632354736328,43.87322065449594,43.0233229982445,43.87322065449594,1140633
2017-02-15,43.9421272277832,44.01103830329429,43.33724415817303,43.49037950182428,1293318
2017-02-16,43.64352798461914,44.17184525013702,43.475079397626374,43.988083465905056,1372527
2017-02-17,43.6894645690918,43.6894645690918,43.19177714967085,43.536329189878884,1010997
2017-02-21,43.934471130371094,44.17183073562657,43.58226087487984,43.65882683591688,1150110
2017-02-22,43.711734771728516,44.09577622425935,43.52739473738911,43.934479979755544,1155609
2017-02-23,43.83463668823242,44.0036153673139,43.26625167706656,43.91144362048959,1685151
2017-02-24,44.08810043334961,44.08810043334961,43.442908552465695,43.64260998509277,952380
2017-02-27,44.71025085449219,44.73329464719533,44.08810273266292,44.08810273266292,1748799
2017-02-28,44.41836929321289,44.702563446540196,44.187945122092536,44.702563446540196,1468116
2017-03-01,45.10197830200195,45.416895305163344,44.94836100419255,44.97908377813127,1591317
2017-03-02,44.9329948425293,45.317036332185666,44.90227207185526,45.28631356151163,1063413
2017-03-03,45.10197830200195,45.393851510651395,44.886915456315116,45.25559559981135,1845675
2017-03-06,44.472145080566406,45.00212489791497,44.36461195005638,44.817784837123206,1292148
2017-03-07,44.48749542236328,44.7947299234488,44.39532712890648,44.45677265787768,1232478
2017-03-08,45.08661651611328,45.10197790294672,44.32621244133679,44.479829737787014,1108575
2017-03-09,45.6088981628418,45.95453781722211,45.26325850846148,45.37847401199799,1799694
2017-03-10,46.13888931274414,46.1696120834251,45.793249572294734,45.816293364363176,1300806
2017-03-13,46.161922454833984,46.25409418057239,45.90077551678587,45.94685966559761,1404468
2017-03-14,46.1004753112793,46.384666027854614,45.74715665984582,45.900773911962304,998010
2017-03-15,46.96073532104492,47.15275776552383,46.30786449480094,46.32322587898543,1042704
2017-03-16,46.91466522216797,47.367834761649085,46.822496889451244,46.91466522216797,1312506
2017-03-17,46.88393020629883,47.10667542772785,46.807119854302115,47.00682471262438,1404468
2017-03-20,46.80710983276367,47.075942579078976,46.599729468627,46.91464293128979,680121
2017-03-21,45.88542556762695,47.03755357181336,45.84702038665653,46.85321350251743,1752075
2017-03-22,45.90846633911133,46.22338334086441,45.63963692617604,45.88542597281824,1780155
2017-03-23,46.223384857177734,46.499896686691955,45.839343315831464,45.90846784509411,885456
2017-03-24,46.37700271606445,46.49989724489225,46.07744708778944,46.26179059508912,2060487
2017-03-27,46.30018615722656,46.33859133512019,45.74716599364335,45.81629394260569,1158066
2017-03-28,46.5920524597168,46.73030833722925,45.992944799867836,46.192649638560816,918450
2017-03-29,46.77640151977539,46.77640151977539,46.0928078340136,46.346275849027315,1737918
2017-03-30,46.830162048339844,46.9376951662216,46.561332681750656,46.722628930458086,1506492
2017-03-31,46.73799514770508,46.89929140126085,46.484527157749355,46.70726895016155,1316952
2017-04-03,46.561336517333984,46.983783189361915,46.25410195074722,46.768720363997375,1641276
2017-04-04,46.561336517333984,46.68423102959179,46.36931405618839,46.45380339059397,1572597
2017-04-05,46.45380783081055,46.97610527268486,46.30787294038484,46.630468923324244,2022930
2017-04-06,47.50607681274414,47.83635514546497,47.07595119613613,47.582887162355355,2456532
2017-04-07,47.51375961303711,47.636654116565225,47.27565301225181,47.42927028463314,1344330
2017-04-10,47.5982551574707,48.09750878682295,47.436955457753726,47.436955457753726,1113606
2017-04-11,47.66739273071289,47.736520697669334,47.40624225242006,47.46769123866822,1621269
2017-04-12,47.3985481262207,47.49071643396738,46.330909612072304,47.406227104475285,2595177
2017-04-13,47.23725128173828,47.644336569016794,47.22957230302264,47.22957230302264,1798641
2017-04-17,47.55984115600586,47.57520253958936,47.206522477355186,47.35245733545599,1205334
2017-04-18,47.659698486328125,47.7288264361177,47.10667831612709,47.24493421570623,1240317
2017-04-19,47.736515045166016,48.22040732844683,47.66738708639504,47.844044759163985,1117818
2017-04-20,47.8670768737793,48.074460699484284,47.72114201205086,47.9208434317156,1378377
2017-04-21,48.25111770629883,48.327928053249245,47.828671082416854,47.92852179096031,1091259
2017-04-24,48.89632034301758,49.04993764275259,48.51995778726101,48.55836296922373,1383642
2017-04-25,49.87179183959961,50.0638108975286,49.04225977349713,49.472385480000085,2170467
2017-04-26,50.38640594482422,50.70132295314599,49.85642951540735,50.07149236461831,2071953
2017-04-27,49.30340576171875,50.332642700228085,48.8118310873063,49.92555736941596,4638933
2017-04-28,48.957759857177734,49.288034759496846,48.71965326001573,49.288034759496846,2506608
2017-05-01,48.63516616821289,49.12674076932294,48.61980478331402,49.12674076932294,1835379
2017-05-02,48.94240188598633,48.94240188598633,48.63517073106965,48.72733904910995,1821105
2017-05-03,48.535316467285156,48.788784465590155,48.46618851973694,48.65820754904606,1358370
2017-05-04,48.650535583496094,48.75038631587808,48.25881163362743,48.60444799307678,1270620
2017-05-05,48.758060455322266,48.850232198895085,48.43546449499077,48.74269906941272,907803
2017-05-08,48.71965026855469,48.94239203973195,48.612117157692225,48.658201307441146,1071486
2017-05-09,48.77341842651367,48.92703570296961,48.68125011750931,48.73501667848619,1008423
2017-05-10,48.88095474243164,48.92703889994504,48.673570891448,48.673570891448,726219
2017-05-11,48.443145751953125,48.63516821343709,48.15895497720002,48.60444201423188,1061307
2017-05-12,48.059112548828125,48.4508365180956,48.02838634432167,48.33562096445757,2156310
2017-05-15,48.51227569580078,48.650531599505115,48.12055177801037,48.220402502215585,1552005
2017-05-16,48.304893493652344,48.55068253712098,48.20504276602938,48.55068253712098,1367028
2017-05-17,47.89011764526367,48.30488184241586,47.67505142707409,48.30488184241586,1528371
2017-05-18,48.2664794921875,48.458501933048225,47.65969282993036,47.7365031775207,1699425
2017-05-19,48.62749099731445,48.857915233199286,48.22040566663295,48.435468515333184,1843920
2017-05-22,48.443145751953125,48.82718724680556,48.41242298086341,48.71197514116138,638001
2017-05-23,48.08982467651367,48.69661137426685,48.02837570922371,48.50458892217312,795834
2017-05-24,48.621334075927734,48.644440870706525,48.012794408761394,48.12834213465343,800280
2017-05-25,48.65985107421875,48.89094310950575,48.48268406643189,48.76769425321934,715455
2017-05-26,48.413352966308594,48.6290358692323,48.336324585978545,48.621334750199075,498771
2017-05-30,48.44417190551758,48.51349917767209,48.159161696660206,48.34403327640553,466713
2017-05-31,48.60593032836914,48.70606894438198,48.105233810305265,48.521197388819836,999063
2017-06-01,48.790802001953125,48.93715764771061,48.49038271518825,48.736880415200474,893529
2017-06-02,48.91404342651367,49.091213848829604,48.72147076695218,48.81390481842185,906984
2017-06-05,48.521183013916016,48.92173735929901,48.51347845896697,48.914032804349965,555048
2017-06-06,48.08982467651367,48.35172803356413,47.989686067700106,48.33632235820815,761319
2017-06-07,48.26698684692383,48.37482655597614,48.09751757098684,48.166844817234164,815607
2017-06-08,48.33632278442383,48.5057886528333,47.9126546754007,48.26699552571091,829530
2017-06-09,48.76769256591797,48.89094141794012,48.30551194933469,48.382543771098426,837369
2017-06-12,48.82160949707031,49.014185595112515,48.3440232492852,48.69065953816129,1076283
2017-06-13,49.75367736816406,49.88462734183169,48.64444455674475,48.752287733882675,1066221
2017-06-14,50.32368850708008,50.600994061657424,49.761369404355385,49.81528754135729,1187199
2017-06-15,49.915435791015625,50.18504026160145,49.73056081427169,50.01557439791897,1196676
2017-06-16,49.576507568359375,49.96935746721375,49.34541555009256,49.96165634813795,1618812
2017-06-19,50.40842819213867,50.48545656819052,49.66123747343853,49.81529422554223,925119
2017-06-20,50.331398010253906,50.72425133585639,50.2389639559942,50.38531959423848,767637
2017-06-21,50.09259033203125,50.38530496151012,49.94623473629106,50.17732324282789,1063764
2017-06-22,50.138824462890625,50.31599144943828,49.85381087227146,50.14652558161039,723294
2017-06-23,50.87830352783203,50.90911487440533,50.13111290243429,50.37760711301962,1836432
2017-06-26,50.76276779174805,51.10940065596058,50.76276779174805,50.93223366438516,925119
2017-06-27,50.43153381347656,50.83979279205823,50.42383269505011,50.63951558098027,1316133
2017-06-28,50.73965072631836,50.83978932502837,50.45464060398995,50.770462073921585,813852
2017-06-29,50.007869720458984,50.73195363662359,49.507176687153034,50.73195363662359,1295541
2017-06-30,50.254364013671875,50.608701391387676,50.138819739764415,50.138819739764415,781443
2017-07-03,50.38532257080078,50.67033274527137,50.23126236660052,50.531678217691166,444366
2017-07-05,50.38532257080078,50.45464983459088,50.01557945592003,50.331400983630736,965250
2017-07-06,50.108009338378906,50.192742271725294,49.89232644567886,50.08490254437497,1028664
2017-07-07,50.78587341308594,51.22494719840899,50.131120170480436,50.19274287256113,1007253
2017-07-10,51.186424255371094,51.38670144760603,50.53166766475813,50.76275964179758,1244178
2017-07-11,51.27116775512695,51.37130637190263,50.86290873073397,51.140217785189485,1338831
2017-07-12,51.456016540527344,51.72562091838068,51.27884618125325,51.579265336631146,1005030
2017-07-13,51.8411865234375,51.8642967566047,51.42522639242485,51.448333187592475,1537848
2017-07-14,51.68711853027344,51.995238882042464,51.633200391013055,51.887399165522645,1058616
2017-07-17,51.66401290893555,51.77185262789826,51.48684249935525,51.64860723479802,1071720
2017-07-18,51.42521667480469,51.710226786011624,51.17871902759944,51.594682518008696,609453
2017-07-19,51.69483184814453,51.75645455374341,50.654926344165816,50.654926344165816,1420029
2017-07-20,50.554786682128906,51.76415803947126,50.53167644900787,51.66401942594605,1275300
2017-07-21,50.74735641479492,50.86290068988525,50.33139289887077,50.477751960251105,701298
2017-07-24,50.616397857666016,50.74735123152551,50.41612067623228,50.74735123152551,909207
2017-07-25,50.78587341308594,51.03237109740763,50.56248939904368,50.95534271980676,539136
2017-07-26,50.77045822143555,50.97073884165724,50.61639805711052,50.7396468761703,601029
2017-07-27,50.63951873779297,51.147916353606576,50.485458541667676,50.832094842449465,801684
2017-07-28,50.57789611816406,50.963044890114304,50.23896437372796,50.64722337843504,988065
2017-07-31,50.58558654785156,50.909112548085396,50.37760481098722,50.708835366511785,1064583
2017-08-01,50.963043212890625,51.0708863782073,50.65492283027105,50.77817167091876,1618812
2017-08-02,51.032371520996094,51.286570326188105,50.70884545638813,50.86290565086809,1605006
2017-08-03,50.10030746459961,51.171024231293266,49.09891795487168,50.747359570946806,2968056
2017-08-04,50.24666213989258,50.48545525644791,50.11571218500716,50.16963376584213,1339416
2017-08-07,50.269775390625,50.36991400190519,49.93854476731404,50.215853806551166,1708317
2017-08-08,49.56880569458008,50.13112493753645,49.553400017594946,50.13112493753645,1933659
2017-08-09,49.199058532714844,49.57650618286929,49.05269945636952,49.553395950288575,2007252
2017-08-10,48.44417190551758,49.137441189062564,48.39025031184183,49.04500711818996,1685385
2017-08-11,48.76769256591797,48.97567435908041,48.1899676546888,48.297810829958145,1172340
2017-08-14,49.49177169799805,49.69204891409592,48.94485819403894,49.106619503041266,741663
2017-08-15,49.214473724365234,49.722871435446784,49.16825668826696,49.49948393730486,596700
2017-08-16,49.422447204589844,49.684347136288984,49.27608812464072,49.27608812464072,802152
2017-08-17,48.290103912353516,49.36852529833889,48.27469823635368,49.20676054334128,1009593
2017-08-18,48.14374542236328,48.251588585979874,47.78170346279274,48.159151097451456,1553175
2017-08-21,48.390235900878906,48.451862034441376,47.958870155937035,48.14374168062628,790452
2017-08-22,48.72146224975586,48.82160084034205,48.37482602234304,48.46726349565272,884169
2017-08-23,48.34294509887695,48.736919602643,48.15754594083611,48.48972187452564,1128114
2017-08-24,48.250244140625,48.55151732208906,48.13436665746704,48.451092928267705,882531
2017-08-25,48.16526794433594,48.48199075783016,47.96441571490368,48.48199075783016,1037205
2017-08-28,47.85626983642578,48.40474417991698,47.755845442238815,48.40474417991698,768456
2017-08-29,47.848548889160156,47.979872581873174,47.38504924405294,47.60135114712321,692874
2017-08-30,47.90262222290039,48.0416724549959,47.77129853605968,47.948971150995106,990054
2017-08-31,48.30432891845703,48.40475678661087,47.97215636622052,48.17300520690418,1471275
2017-09-01,48.64421844482422,48.675117727764565,48.335218719798604,48.50516822378158,979173
2017-09-05,48.38928985595703,48.73691192962563,48.180714543069406,48.56696244086033,915525
2017-09-06,48.91459655761719,49.0227440572283,48.39702145642418,48.4819962157386,1215630
2017-09-07,48.63649368286133,49.03046817431881,48.45109453061272,49.03046817431881,1254825
2017-09-08,49.772064208984375,49.88021514980276,48.45109397152678,48.59786729308501,1192347
2017-09-11,49.82613754272461,49.94973812010086,49.3549148667296,49.94973812010086,1150344
2017-09-12,50.55228805541992,50.63726280613257,49.93428861466941,49.957461352620385,1149525
2017-09-13,50.019256591796875,50.498205748738336,49.77978201332614,50.498205748738336,798408
2017-09-14,49.772064208984375,50.01153882950282,49.44761483434039,49.84158932125174,828477
2017-09-15,50.011539459228516,50.15058968551411,49.43989235984464,49.756615193642,1393704
2017-09-18,49.63301467895508,50.33598541184497,49.61756159014297,50.11968699001816,804843
2017-09-19,49.67937088012695,49.83387076058391,49.57894647500165,49.687093977853486,662688
2017-09-20,49.8338623046875,49.95745942983171,49.57121151813426,49.57893806236123,616941
2017-09-21,50.12741470336914,50.21239290841836,49.586666875093506,49.78751567441745,670176
2017-09-22,50.14286804199219,50.52911600012934,49.8647675813591,50.050166739177385,737919
2017-09-25,50.44414138793945,50.59091471602389,49.96519212560633,50.034717240965094,725985
2017-09-26,50.54456329345703,50.907638494874234,50.40551306960317,50.52138710687767,804609
2017-09-27,51.301612854003906,51.479285457972644,50.54456316946165,50.66043720645189,1032291
2017-09-28,51.95823287963867,51.981409065351215,51.255258689675905,51.255258689675905,967824
2017-09-29,51.93505859375,52.352209264969254,51.71103706418168,52.00458715343103,1132209
2017-10-02,52.282684326171875,52.33675979645091,51.811461631103846,51.95823495230881,898209
2017-10-03,51.587432861328125,52.1977057357414,51.45610919159638,52.1977057357414,1824966
2017-10-04,51.23981857299805,51.711044784671685,51.01579356217151,51.711044784671685,1569438
2017-10-05,50.79176330566406,51.35568728527567,50.745410933556585,51.35568728527567,963027
2017-10-06,50.953983306884766,50.96170985105787,50.629533960021114,50.6758828816271,897975
2017-10-09,50.98488998413086,51.11621711944857,50.79949082300092,50.95399069857777,750204
2017-10-10,50.69133377075195,51.13938370074512,50.58318628434085,51.13938370074512,809289
2017-10-11,51.03123474121094,51.13938567961798,50.62953716623239,50.753137746153136,829881
2017-10-12,51.178016662597656,51.40976475645891,51.04669297259704,51.04669297259704,965133
2017-10-13,51.170284271240234,51.33251067665881,51.06985987885252,51.270712111439,686673
2017-10-16,51.216644287109375,51.27071976365306,50.89219487565882,51.216644287109375,559611
2017-10-17,51.046695709228516,51.409767512554794,50.9230951102309,51.23209488381912,775476
2017-10-18,50.48276138305664,51.34023196035008,50.467311742297284,51.15483282342688,1392183
2017-10-19,50.66044235229492,50.75314365998996,50.12741759062433,50.335992947079546,2045511
2017-10-20,51.757381439208984,51.88870510661283,50.90763397751786,50.93853325834102,1365507
2017-10-23,52.174537658691406,52.61486107708224,51.74966043455471,51.83463518981981,1815606
2017-10-24,52.62257766723633,52.8079767969066,51.71103165903992,51.92733006902011,2080377
2017-10-25,51.6646842956543,52.52215837027946,51.34023492534838,52.47580944532466,1266174
2017-10-26,52.80025863647461,53.16333383358315,51.309335467948046,51.309335467948046,2337777
2017-10-27,51.62605285644531,52.80797264617009,51.54107811836672,52.23632566193609,1277289
2017-10-30,51.10074996948242,51.77282126734944,50.98487251664104,51.695573079932046,1197612
2017-10-31,51.03123474121094,51.255259714876324,50.861285236749076,51.09303675507686,1082601
2017-11-01,50.36688232421875,51.293877916272336,50.21238248424139,51.293877916272336,1136772
2017-11-02,49.87248611450195,50.61408612571709,49.32401523639769,50.37461151715721,1237041
2017-11-03,49.57121276855469,50.16603601565358,49.42443945483818,49.733439171114924,1293552
2017-11-06,49.6098518371582,49.74890209137985,49.30085203840164,49.3858268106691,898911
2017-11-07,49.79524230957031,50.03471693929303,49.563494224979245,49.633019339918825,1238211
2017-11-08,49.5325927734375,49.70254229261642,49.19269373507966,49.68709264976483,863811
2017-11-09,49.43989181518555,49.50941692756241,48.99184185715932,49.23904302290178,1183923
2017-11-10,49.41672134399414,49.59439741790975,49.17724669540088,49.501696108081696,755820
2017-11-13,49.772064208984375,49.93429062021195,48.984118682972856,49.223589855680125,927108
2017-11-14,49.97290802001953,50.07333239906504,49.49395885976521,49.648458700099205,710424
2017-11-15,49.48624038696289,49.81068975979778,49.29311814090696,49.81068975979778,686673
2017-11-16,49.779788970947266,50.23556200896771,49.57121364161533,49.64073875139264,700713
2017-11-17,50.026981353759766,50.20465738156661,49.49396016596058,49.648460010371984,475371
2017-11-20,50.111968994140625,50.28192196976706,49.849321604505775,50.21239684949629,699543
2017-11-21,50.49821472167969,50.6295384016562,49.9111145385885,50.235563913915485,724347
2017-11-22,50.23483657836914,50.637646758950616,50.118642597226206,50.57567410029829,536913
2017-11-24,50.1031494140625,50.67637834550808,49.99469985633013,50.62215356664189,308763
2017-11-27,49.97921371459961,50.32005127252034,49.90175220476826,50.17287267517507,607230
2017-11-28,50.90876388549805,50.95524078346239,50.02568553752146,50.06441455715969,879489
2017-11-29,51.799591064453125,51.93902521824131,50.97848189866122,51.07918357476806,1061073
2017-11-30,53.00027847290039,53.294635668621616,51.90030082812386,51.90030082812386,1377792
2017-12-01,52.30309295654297,53.45729506401479,51.86930170671674,52.96927558629723,1654731
2017-12-04,53.36434555053711,53.92208217728958,52.48126716795361,52.64393804586913,1596933
2017-12-05,53.046749114990234,53.59673787243363,52.65943469555013,53.294629375379216,1130337
2017-12-06,52.489017486572266,53.22491732537765,52.4657773069336,52.90731651875061,615771
2017-12-07,52.86084747314453,52.992533776896046,52.29536631476292,52.365083406709395,595413
2017-12-08,52.84534454345703,53.046747898654566,52.43478995447856,53.046747898654566,1012869
2017-12-11,52.76787567138672,53.062236261087946,52.61294922719295,53.062236261087946,1292499
2017-12-12,52.078460693359375,53.085484461492804,52.05522397048308,52.837600730383635,795483
2017-12-13,52.14817810058594,52.50450791748001,52.00874394238152,52.20239942226012,824499
2017-12-14,51.66791534423828,52.380575101042155,51.58270595033061,52.3340981927284,1085643
2017-12-15,51.45100784301758,52.00099660282361,51.365798462934855,51.97001200230826,2639871
2017-12-18,52.27212142944336,52.35733081667593,51.48974464279253,51.58270190946957,1661283
2017-12-19,52.43479919433594,52.72141197780214,52.27987271134554,52.44254361695312,751257
2017-12-20,52.59747314453125,52.72915945262967,52.2643834340866,52.690430422638904,889083
2017-12-21,53.69744110107422,54.03827862977133,52.713657537912226,53.00027374304206,1409382
2017-12-22,53.08547592163086,53.82137566006343,52.8685768274701,53.82137566006343,596934
2017-12-26,53.40308380126953,53.650967541581934,53.03900607026814,53.16294794042434,495495
2017-12-27,53.24816131591797,53.47280489198469,53.14745961929005,53.47280489198469,714285
2017-12-28,53.27913284301758,53.48828406498055,53.000268004397675,53.46504388787442,662337
2017-12-29,53.01576232910156,53.5734954849832,53.0080144506599,53.27913487882448,770211
2018-01-02,53.24816131591797,53.34886301254588,52.93830834598674,53.22492459043865,935064
2018-01-03,53.87559509277344,53.92981986441792,53.23265262536294,53.37983118497182,1238562
2018-01-04,54.32489013671875,54.47207217541409,53.929827836147005,54.16221925507033,696033
2018-01-05,55.47909164428711,55.50232836571535,54.71220377587389,54.75093625469558,1555866
2018-01-08,55.331912994384766,55.54881212319715,54.952346433625436,55.43261467962001,1268865
2018-01-09,54.47207260131836,55.56430225253794,54.433340121639795,55.24670145090338,1056393
2018-01-10,53.511531829833984,54.37911798129683,53.41857456555919,54.30165647551051,1400607
2018-01-11,54.053775787353516,54.053775787353516,53.09323231750539,53.728430530060805,787059
2018-01-12,54.7044677734375,54.712212195995114,53.85237385221023,54.27067293293475,1078506
2018-01-16,54.53403854370117,55.037550377436894,54.28615483737044,54.96008542270947,1826604
2018-01-17,55.62627410888672,55.79669287880827,54.85164176500182,54.9368511499626,1623258
2018-01-18,56.2614631652832,56.26920758593453,55.223458412867515,55.579788196094945,1512810
2018-01-19,56.26921081542969,56.501602222928426,56.03682286526179,56.40090054736695,1071252
2018-01-22,56.42414093017578,56.43963323070377,56.029082080715355,56.35442384913428,743886
2018-01-23,56.16077423095703,56.63329808975282,55.87416145525027,56.222743439542896,1049841
2018-01-24,56.64878845214844,57.02835848506831,56.214997092238285,56.2924586003182,1214928
2018-01-25,56.145267486572266,56.842434733156736,55.95160857355914,56.842434733156736,991458
2018-01-26,56.6023063659668,56.625546544929044,56.02133300788971,56.27696114715039,621270
2018-01-29,55.46360397338867,56.27696535254403,55.43261591334638,56.23823287048961,1395810
2018-01-30,54.85939025878906,55.10727053721032,54.5185527151278,55.01431672930156,1230840
2018-01-31,54.9445915222168,55.47908793933662,54.85938214889803,55.091770091647135,1475721
2018-02-01,54.08475112915039,55.014309835747305,54.038274231019784,54.836143206917114,2022228
2018-02-02,50.2735710144043,52.55098765422848,49.80104719261223,49.80104719261223,4755699
2018-02-05,48.786277770996094,50.784826028651025,48.786277770996094,50.02568947285836,3584529
2018-02-06,49.70035171508789,49.90949953247338,47.260260424718425,47.97292364331017,3407976
2018-02-07,49.111629486083984,50.25033619889498,49.018672213229515,49.59190123828045,3851991
2018-02-08,48.36796951293945,50.04117580226539,48.360225092259,49.17358633155396,4180293
2018-02-09,47.80249786376953,49.20458045561222,47.32222617309802,48.608114781756235,4198428
2018-02-12,48.91796875,49.336271276731644,48.03489024778617,48.398967988756525,3741777
2018-02-13,48.863739013671875,49.010917586272285,48.50740575636312,48.82500653660252,1537614
2018-02-14,48.92570877075195,49.04190274595828,48.39121233600583,48.43768923462219,1908738
2018-02-15,48.7320556640625,49.436970935304394,48.38347369678753,49.34401366963231,2525913
2018-02-16,49.43697738647461,49.80105515998051,48.56164322838514,48.56164322838514,3892707
2018-02-20,49.444705963134766,49.91722967604503,49.22780688538613,49.405973491061026,2199249
2018-02-21,49.173587799072266,50.141878968841496,49.15035107900678,49.514428752450534,2155608
2018-02-22,49.158042907714844,49.865185952117784,49.119191485951134,49.45333382901315,1943604
2018-02-23,49.360103607177734,49.38341377477901,49.04927131425083,49.360103607177734,2103075
2018-02-26,49.352317810058594,49.678691281997665,49.041485601711116,49.670922384330815,1534806
2018-02-27,48.583011627197266,49.74085835544598,48.5596979967346,49.499963557611174,1674621
2018-02-28,47.13765335083008,48.86277221502176,47.129884451115586,48.86277221502176,2453958
2018-03-01,46.54706573486328,47.4018526329933,46.18183734447751,47.15318546176013,2699307
2018-03-02,46.632537841796875,46.80349519728969,45.93316368909204,46.313933290396314,2357199
2018-03-05,47.47956466674805,47.72045950048986,46.142987998328486,46.399424098609266,2782728
2018-03-06,48.357662200927734,48.38874473201266,47.41739656018805,47.61943648049837,1888146
2018-03-07,48.0157470703125,48.30326568312675,47.673832294369426,47.837017315497576,1199016
2018-03-08,48.15562438964844,48.38097795227123,47.95358446048955,48.2644132532102,1647009
2018-03-09,49.360103607177734,49.38341377477901,48.0856918998292,48.52862670335944,1446471
2018-03-12,48.76951217651367,49.49219659832694,48.51307610441136,49.49219659832694,2140398
2018-03-13,48.621864318847656,49.40671373368066,48.56746816240478,49.11142279031781,854100
2018-03-14,47.945804595947266,48.96377991805984,47.62720348580558,48.769508918261494,1712061
2018-03-15,47.91471862792969,48.41204943836684,47.85255357722167,48.08567598563441,1706445
2018-03-16,48.24110794067383,48.513085329324696,47.83702457345002,47.83702457345002,1882998
2018-03-19,47.3785400390625,48.101224469190974,46.997770375671166,48.077910837546824,1942902
2018-03-20,47.15318298339844,47.588348776055184,47.10655919183955,47.41739140541467,1061658
2018-03-21,47.30084228515625,47.751545988633346,47.08325759907196,47.29306991711374,1144611
2018-03-22,46.383872985839844,47.32413848727261,46.37610408834879,46.95114123299905,1569204
2018-03-23,44.985130310058594,46.67139027362753,44.87633800211568,46.40718533756289,2030535
2018-03-26,46.17406463623047,46.22846079630121,45.42029769816269,45.52131765189774,1409616
2018-03-27,45.280418395996094,46.1740600954334,45.07837850839477,46.1740600954334,2610621
2018-03-28,45.303741455078125,46.00311230987927,45.1405564252032,45.412533787167064,1597986
2018-03-29,45.76219940185547,46.06526264487417,45.4280571068502,45.49799451152704,2236455
2018-04-02,44.386783599853516,45.89431744440303,43.97492795887802,45.769983862311825,1435122
2018-04-03,44.915191650390625,44.96181543753698,44.3246098068397,44.50333952662047,1456650
2018-04-04,45.824398040771484,45.93318693315457,44.25469505379303,44.29354996377383,2807532
2018-04-05,46.58591842651367,46.88898176644382,46.04196374353589,46.06527737530227,2200653
2018-04-06,45.6301155090332,46.508216138350505,45.163867111038826,46.15852897279009,1704807
2018-04-09,45.20272445678711,46.01088769671485,45.15610065494283,46.01088769671485,1254825
2018-04-10,45.62233352661133,46.17406050787995,45.459148529247315,45.762208363356365,1508715
2018-04-11,45.6301155090332,45.85546907481008,45.21826327771028,45.32705561105319,1171755
2018-04-12,45.73112487792969,45.964250757034776,45.47468883869449,45.77774866644762,1917279
2018-04-13,45.34260177612305,46.18961649580858,45.18718562666773,46.080827618971085,1387503
2018-04-16,45.7855339050293,46.12744872014213,45.33482675119559,45.62234539694798,1343979
2018-04-17,45.97201919555664,46.181831444180126,45.83214436314098,46.17405907870917,1221012
2018-04-18,45.793296813964844,46.32171370297578,45.74667301843738,46.197380113310956,2315898
2018-04-19,44.68984603881836,45.8166103042618,44.208056415082105,45.5290916970103,1574703
2018-04-20,44.37124252319336,44.8374908932569,44.153661337800365,44.71315730092163,2108574
2018-04-23,44.495574951171875,44.69761486576829,43.95938916621675,44.56551237826421,2996838
2018-04-24,42.840396881103516,44.32461716518126,42.64612586668964,43.99047476610824,3352284
2018-04-25,43.53976821899414,43.85836935706789,42.5761889698078,42.84816631241526,1776060
2018-04-26,44.0137825012207,44.1458884484979,43.228933056770884,43.71072264879149,2794779
2018-04-27,44.200286865234375,45.00068114574437,42.77823153522008,43.089063794101456,4466943
2018-04-30,42.498477935791016,44.20027923022842,42.498477935791016,44.20027923022842,2862639
2018-05-01,43.31440734863281,43.33772097655341,41.90012124427927,42.54509924634462,2906163
2018-05-02,42.405235290527344,43.31441845699179,42.304215324060024,43.18231595749737,2565927
2018-05-03,42.19540786743164,42.62280121402334,41.62037080774727,42.17209771014492,2014740
2018-05-04,43.019134521484375,43.2367192249237,41.938993777727525,42.12549247477616,1871649
2018-05-07,42.75491714477539,43.135683329429064,42.52956360594479,43.127914431266966,1277991
2018-05-08,43.06575393676758,43.20562881235416,42.67721531322831,43.11238120746894,1621152
2018-05-09,42.93363952636719,43.12013815269255,42.51401848419959,43.073514363175654,1436058
2018-05-10,43.36881637573242,43.39213001057373,42.85594415529311,42.99581902782359,1398267
2018-05-11,43.609710693359375,43.85060553353519,43.267795883852884,43.36881585318356,1563237
2018-05-14,43.63301467895508,43.64855941196583,43.0812911095923,43.25224849012908,2070081
2018-05-15,43.4853630065918,43.60969657021705,42.85592975989133,43.4853630065918,2495142
2018-05-16,43.83506393432617,44.0293315039087,43.329960623242656,43.524231661083796,2157129
2018-05-17,44.285762786865234,44.49557506869639,43.702953205061945,43.702953205061945,2295189
2018-05-18,44.899662017822266,45.264886980788226,44.20806005552152,44.26245622207732,5670522
2018-05-21,44.86857223510742,45.24157300222746,44.68984595235448,45.093925781411755,1779570
2018-05-22,44.231380462646484,45.03954378089166,44.223608094123215,44.86081398744685,1688661
2018-05-23,44.35569381713867,44.41786233700687,43.757343056485894,44.11479903976153,2486250
2018-05-24,44.42588424682617,44.74560912879992,44.184142401608284,44.363500601784125,1784484
2018-05-25,44.83919143676758,44.90157857178035,44.262132190735954,44.308919931655154,2106936
2018-05-29,44.293312072753906,45.704771460357286,44.02037843698406,44.503862070788784,1889316
2018-05-30,44.77680587768555,45.04973957545275,44.246534395127526,44.60524735449167,1305603
2018-05-31,43.80203628540039,44.8235875905108,43.66946582224345,44.80799167963114,1641276
2018-06-01,44.293312072753906,44.65202495063579,43.94239540936245,44.05936995079487,1253304
2018-06-04,44.550655364990234,44.78459751617665,44.191942442292834,44.457079896696996,1291914
2018-06-05,45.16669464111328,45.29146538111835,44.54284790199286,44.54284790199286,3215043
2018-06-06,45.16669464111328,45.455227629959836,44.94054876249549,45.24467765878612,2567565
2018-06-07,44.948360443115234,45.48643157501039,44.83138936586499,45.190102293643974,1916460
2018-06-08,45.63460159301758,45.69698524916001,44.90157971152831,45.018550807022336,2587572
2018-06-11,45.08872604370117,45.813951577847135,45.065330436632394,45.70477671879722,1800630
2018-06-12,45.22128677368164,45.28367389041697,44.909361631363424,45.174499046469755,2149173
2018-06-13,43.85661697387695,45.36945502130366,43.82542515443578,45.36945502130366,2683746
2018-06-14,44.293312072753906,44.41028313373343,43.887811466570795,44.05936995079487,2828358
2018-06-15,44.347904205322266,44.44147967186154,43.6460742844646,44.13735418492899,4468815
2018-06-18,43.66946792602539,44.3557019596027,43.6382761027634,44.08276828538021,2449512
2018-06-19,44.1451530456543,44.19973699320973,43.00662719445646,43.396531925234584,3950271
2018-06-20,43.950199127197266,44.3089120379132,43.77084093161269,44.3089120379132,1463202
2018-06-21,43.27956008911133,43.919006342212,43.14699310947137,43.90341043169278,1336023
2018-06-22,43.084598541259766,43.513494707551374,42.91304007474313,43.14698565300834,2872467
2018-06-25,42.3671760559082,43.04561027902051,42.18781788172173,42.99882255201861,1491867
2018-06-26,42.5543327331543,42.92864153020728,42.25800348529861,42.671303797176726,1570842
2018-06-27,41.56398010253906,42.710302285858354,41.54838419015306,42.53874376915877,2048787
2018-06-28,41.634151458740234,41.797910231860946,41.041493036931115,41.54837222509306,1872117
2018-06-29,41.86810302734375,42.24241186238305,41.571773749415414,41.86030333140599,2285712
2018-07-02,41.62635040283203,41.7043299397546,41.18185834124226,41.532771478072505,1313793
2018-07-03,41.64195251464844,42.047453127968154,41.61076069523199,41.82910691160007,497718
2018-07-05,42.31258773803711,42.32818364670743,41.493786870807774,41.883691548471354,1918566
2018-07-06,42.538734436035156,42.811668063588094,41.89928824669121,42.343780353303295,1108107
2018-07-09,43.06121063232422,43.193777602023275,42.460755940774945,42.663506242774176,1319877
2018-07-10,43.03780746459961,43.17037441100132,42.6401031449422,43.06120306473908,1969812
2018-07-11,42.42177200317383,43.22497714016477,42.26580940137078,42.74149342262066,1317771
2018-07-12,42.4919548034668,42.79608030688125,42.281404771662885,42.70250135481725,1411020
2018-07-13,43.030029296875,43.17039600702585,42.476365634158,42.476365634158,1094652
2018-07-16,42.99103546142578,43.40433583878633,42.85066877017827,43.092410631670425,2487303
2018-07-17,43.80983352661133,43.841025349101145,42.93644509463011,42.998828739609735,2179944
2018-07-18,44.074974060058594,44.215337271075846,43.63827807331097,43.76304885244651,2027493
2018-07-19,44.25431823730469,44.363493078066334,43.778634323398265,43.9112012868569,1607931
2018-07-20,43.84882354736328,44.34010343593218,43.77084051334884,44.082765688500245,1309815
2018-07-23,43.154781341552734,43.92679443148316,43.022214386435564,43.81762307804358,1369719
2018-07-24,43.17039108276367,43.59149116518313,42.95984104155394,43.48231629630691,2781792
2018-07-25,42.05524826049805,42.936436205904336,41.62635208892023,42.88184878762124,2340351
2018-07-26,42.08644485473633,42.60112031906243,41.501586056142756,41.71993575406509,4753827
2018-07-27,44.70661926269531,45.307074050003266,41.93048778801743,42.725896693966874,4891653
2018-07-30,44.067169189453125,45.12771198644619,43.989189636932956,44.807990600433804,2440854
2018-07-31,45.22909164428711,45.34606271592895,43.404331789224,44.129553825584736,3386214
2018-08-01,44.4180793762207,45.26807203633089,44.20752939455111,45.158900678780185,2246049
2018-08-02,44.83919143676758,44.97176192338606,44.12176548752453,44.503874072832566,1765413
2018-08-03,44.85478210449219,45.3928532437222,44.53506069158939,44.909369536073996,997893
2018-08-06,44.72220993041992,44.99514357624184,44.628634470371104,44.87037281572373,1022580
2018-08-07,44.64423751831055,45.166709288250914,44.57405417182618,44.73781299332065,1889199
2018-08-08,43.755245208740234,44.62083740775303,43.71625717164613,44.4804707289452,1151982
2018-08-09,43.638267517089844,44.29330959852797,43.583680096894554,43.73184644891788,974961
2018-08-10,42.60111999511719,43.022219997519876,42.35158195997159,42.60891969017781,1371123
2018-08-13,41.829105377197266,42.608918236267606,41.556171746635854,42.608918236267606,1302210
2018-08-14,42.242401123046875,42.460750788352954,41.82130466079686,41.92267979949506,1142271
2018-08-15,42.297000885009766,42.335992405259894,41.63416244302497,42.28140497300041,815724
2018-08-16,42.83506774902344,43.06121367123322,42.33598817325281,42.460758937308746,1876797
2018-08-17,42.83506774902344,43.07680958168358,42.72589289541785,42.78048032222064,1068678
2018-08-20,42.78047561645508,43.12359256952689,42.663504560717456,43.00662151378927,905463
2018-08-21,43.61488342285156,43.996991984594416,42.8272741705758,42.889661301741064,2548143
2018-08-22,42.79607391357422,43.50570346264983,42.41396542711405,43.43552012919988,1840293
2018-08-23,42.242401123046875,42.819463620774066,42.11763038293661,42.819463620774066,1278225
2018-08-24,42.33599090576172,43.55249636257842,42.27360377948051,42.460761677870785,1686672
2018-08-27,42.74928283691406,43.38092930804422,42.44515392229737,42.530933158634866,1031823
2018-08-28,42.66351318359375,43.02222611790116,42.57773392798864,42.73369652731188,917280
2018-08-29,42.1020393371582,42.702494025181736,42.08644342790006,42.6946978107791,1262196
2018-08-30,41.69503402709961,42.07073458038494,41.342812575023345,42.047255479175874,1802034
2018-08-31,41.468048095703125,41.90636774566119,41.131484028819855,41.55414628646327,2196909
2018-09-04,41.42108917236328,41.984640051419404,41.10800418620066,41.522841268856986,2587572
2018-09-05,42.16465759277344,42.27423487293765,41.28019318921127,41.389773962769176,1521117
2018-09-06,42.18813705444336,42.43860639804465,41.46021510968138,42.06290587603644,1848249
2018-09-07,42.36033630371094,42.47774578155589,41.61676041099608,42.02377224872519,2775591
2018-09-10,43.0099983215332,43.21350253872299,42.44644388206025,42.602986393758876,2530476
2018-09-11,43.385684967041016,43.68311599273212,42.71255343173674,42.970847968769995,2528955
2018-09-12,43.4091796875,43.51093179172518,43.00999647448105,43.401350990223634,2044692
2018-09-13,43.11172866821289,43.65962543589368,42.67340915803248,43.62831764803643,1718379
2018-09-14,43.25263214111328,43.385692032145634,42.86127417759174,43.14305135238418,1296594
2018-09-17,43.24479675292969,43.60484336867532,43.00215611071512,43.30741583396826,1423773
2018-09-18,43.11172866821289,43.42481353357134,42.59513968838935,43.213480725445436,1184976
2018-09-19,43.37786102294922,44.02751353092742,43.00998916813358,43.236975936458926,2101086
2018-09-20,43.15087890625,44.074476409447016,43.088259817179534,43.573541163853726,1851876
2018-09-21,43.221317291259766,43.29175808007189,42.62645524005439,43.221317291259766,2916459
2018-09-24,42.728214263916016,43.252632118192,42.548189181584206,43.017816641524675,2778048
2018-09-25,42.57167053222656,42.736041710425944,42.368166353555594,42.736041710425944,4206150
2018-09-26,41.75765609741211,42.76735542102176,41.39760938689376,42.72039371792665,1905696
2018-09-27,41.6480712890625,41.92984495027822,41.31150374401275,41.773302474761074,2082483
2018-09-28,40.9827766418457,41.85158745532739,40.95146883644716,41.56981021995065,3665025
2018-10-01,40.92014694213867,41.84374435037342,40.6696775983977,41.460215132804024,2644668
2018-10-02,41.39760208129883,41.71068703347075,40.71664178631581,40.91232075477175,2338713
2018-10-03,41.68720626831055,41.961158233525516,41.272369212491725,41.40543259370874,2217735
2018-10-04,41.09233856201172,41.6637179747268,40.92014221809174,41.40542345884683,1585350
2018-10-05,40.39573669433594,41.33499166856462,40.01220740518951,41.17062047604713,2589093
2018-10-08,40.49748611450195,40.591413003071345,40.05916995022921,40.27832803236558,1679184
2018-10-09,39.112083435058594,40.58358129065823,39.05729653864181,40.52096569852825,1707498
2018-10-10,38.46243667602539,39.19818389990438,38.352855890033034,38.87727373148976,1742715
2018-10-11,37.570152282714844,38.83814273015137,37.55449838155837,38.50940381907623,1741428
2018-10-12,37.280540466308594,38.321547435207876,36.78743392458443,37.757996602752534,2099565
2018-10-15,37.546669006347656,37.883233115226794,37.05355890194116,37.08487019708335,1533636
2018-10-16,38.27458190917969,38.39198788418522,36.93614401261433,37.49186958682001,2023047
2018-10-17,37.61710739135742,38.039773128666525,37.350984131563465,37.89888454956349,2308761
2018-10-18,36.49784851074219,37.523198563805344,36.2943442400636,37.3588308046867,2769975
2018-10-19,36.33346176147461,37.037901202121326,36.22388446659705,36.57610244022332,1778166
2018-10-22,35.816871643066406,36.490003267090096,35.68381175616465,36.45869546939487,3418974
2018-10-23,36.450870513916016,36.74830160933165,35.026337625442906,35.37073042222065,3830112
2018-10-24,35.37855529785156,36.78743413369542,35.3237649054832,36.278670197010996,2093715
2018-10-25,36.6074104309082,36.81091810925163,35.58988601276781,35.636851204213166,3468816
2018-10-26,32.54513931274414,34.97154245987807,32.2242256636968,34.21231267107947,7821801
2018-10-29,32.412071228027344,34.30623107690717,32.005062944047474,32.93648897244151,4576221
2018-10-30,34.57235336303711,34.752378402794356,32.02854117666431,32.40424515180204,4584996
2018-10-31,35.088958740234375,35.60554801656453,34.63498856895316,34.86980060605052,3419208
2018-11-01,36.73263931274414,36.943972160660095,35.09677390196646,35.339414543634334,3668067
2018-11-02,35.7699089050293,37.31967628636595,35.668156818785434,36.99876612924253,4416048
2018-11-05,35.7699089050293,36.043857366977235,35.417687457728256,35.7620802091364,2395809
2018-11-06,35.33158493041992,36.05167814157738,35.268969344543116,35.69946023093002,2125773
2018-11-07,35.61337661743164,35.75426523666317,34.9480700251483,35.668167024176675,3798054
2018-11-08,34.49408721923828,35.52726539060253,34.37668124401847,35.51943669533748,3115710
2018-11-09,34.040122985839844,34.666293015277425,33.68007626693163,34.40016970474806,2304315
2018-11-12,33.51570129394531,34.14187125298147,33.46873959503588,33.89140536540355,1784718
2018-11-13,33.77400207519531,34.40017214912677,33.64094215717309,33.734869065620764,2249091
2018-11-14,33.233924865722656,34.40016299950329,33.20261357563823,33.938364264834,4648527
2018-11-15,33.687896728515625,33.85226791013121,32.31815434868984,32.873876503519476,2347605
2018-11-16,33.351322174072266,33.78963820050419,33.00692951327873,33.4922107159229,2347020
2018-11-19,33.4687385559082,33.71137923283156,33.03041889951287,33.17130748526116,2264886
2018-11-20,33.44525909423828,34.102736893738545,32.68602919402898,33.01476809377911,2486835
2018-11-21,33.88357162475586,34.384506818733406,33.37480773542838,33.68006746638236,1340703
2018-11-23,33.81312561035156,34.188826113266,33.61744666394491,33.75051002433034,528840
2018-11-26,34.407989501953125,34.541049376102364,33.96966989604644,34.20448184965025,2065869
2018-11-27,33.781822204589844,34.4784364098163,33.695724015932306,34.1653514522627,2164500
2018-11-28,34.603668212890625,34.62715080781224,32.8895331052527,33.85226709612782,1878318
2018-11-29,34.139766693115234,34.4699994448854,33.58151567116221,34.4699994448854,2005731
2018-11-30,34.43854904174805,34.603663661400546,33.96678747103235,34.100452021157615,2729727
2018-12-03,35.31130599975586,35.64153873175483,34.682290603706605,35.154052150743546,2252133
2018-12-04,33.2041130065918,35.295585088655585,33.117623546396416,34.988941595945505,2975193
2018-12-06,33.44786071777344,33.52648591491436,32.402122785543355,32.69304478814008,2899494
2018-12-07,33.48716735839844,34.32061180248849,33.361363562677276,33.361363562677276,3066921
2018-12-10,33.675872802734375,34.273434717900976,33.32991498098806,34.00610558797126,2979054
2018-12-11,32.82670211791992,34.312747844023676,32.716623356997665,34.186944047151,2063763
2018-12-12,33.11763000488281,33.74664565961575,33.094040689585704,33.27488391856605,1423773
2018-12-13,32.2291259765625,33.44784217618555,32.15836158372837,33.290588359806186,1844739
2018-12-14,31.78096580505371,32.68517471267688,31.71020138555141,31.804555114644312,3005964
2018-12-17,31.15981674194336,32.11120082562679,30.92393415744523,31.647303439400442,4865679
2018-12-18,31.12836265563965,31.6866101963201,30.703776163812197,30.92393017294349,4615416
2018-12-19,30.861032485961914,32.2999031962075,30.758817991114533,31.175540243616737,2973438
2018-12-20,29.752397537231445,30.9947001455076,29.60300440734968,30.58584212534682,4032756
2018-12-21,29.19414520263672,30.4993514213196,28.973989408330304,29.878200142384728,3440853
2018-12-24,28.274208068847656,29.162691912449503,28.2506205146188,28.9110843154696,930267
2018-12-26,29.398576736450195,29.398576736450195,27.73168758377555,28.392153229524745,2060955
2018-12-27,29.79956817626953,29.79956817626953,28.557263999979117,28.95039867719373,2112786
2018-12-28,29.57941436767578,30.310644346020265,29.3749836322401,29.846743493563388,2589444
2018-12-31,29.870336532592773,30.06690477443862,29.10765638646711,29.650182488028932,1959750
2019-01-02,30.271329879760742,30.4049944421705,29.257043988674752,29.461474723293655,1878084
2019-01-03,29.61086654663086,30.287057191491623,29.445751899398072,30.106217506868557,1563354
2019-01-04,31.356380462646484,31.47432350574812,30.08262788242945,30.585839601479673,2055105
2019-01-07,32.079750061035156,32.409982864822744,31.081187376341166,31.560813299264613,1647126
2019-01-08,32.189823150634766,32.700899113856664,31.969669132722125,32.43356647767961,2282904
2019-01-09,33.14907455444336,33.37709286669997,31.733793076721344,32.17410115414742,2295657
2019-01-10,33.479305267333984,33.6129733443027,32.83456472018045,32.96823279714917,1813266
2019-01-11,33.699466705322266,33.825267014544075,33.0154117322139,33.117626238091596,1488240
2019-01-14,33.581512451171875,33.9196094426158,33.4006728123455,33.455708674639105,1103544
2019-01-15,33.054718017578125,33.581515457071966,32.543642103630745,33.471440213363074,1486017
2019-01-16,32.575096130371094,33.2434259829295,32.551510329917186,32.999682649775664,1375569
2019-01-17,33.2041130065918,33.43999207648114,32.33921840463798,32.441432902208014,1177956
2019-01-18,33.85670852661133,34.24198064930994,33.13334289450675,33.41640053718639,2158884
2019-01-22,32.84243392944336,33.723053670690035,32.44143665680647,33.60511412209567,1742013
2019-01-23,32.3628044128418,33.3299170278145,31.93035710910184,33.03113429724789,1954836
2019-01-24,33.02327346801758,33.03900201640278,32.22128243606466,32.31563267075557,979875
2019-01-25,32.98395538330078,33.79381051164416,32.90532669571775,33.400677601536856,1590030
2019-01-28,33.36923599243164,33.455725474240225,32.575105614850166,32.66945937194614,1499355
2019-01-29,33.85670852661133,34.25770568398447,32.787385113128984,33.141207166478544,2223819
2019-01-30,34.234127044677734,34.42283100949757,33.32205378723377,33.943205069196935,2114541
2019-01-31,35.61795425415039,35.66512936246797,34.00610471524065,34.07686913235171,3898089
2019-02-01,35.303443908691406,36.88384325878242,35.02038626113208,35.18550439196473,5868018
2019-02-04,35.94819259643555,36.06613214012366,35.177648161605305,35.248412589672164,2857842
2019-02-05,35.633689880371094,36.23125546706413,35.50002527911229,36.07400155000125,2617173
2019-02-06,35.224822998046875,35.86169927288225,34.83168654900863,35.48429136996273,3172104
2019-02-07,35.185508728027344,35.50001648423605,34.60366832626037,35.15405865426038,2275767
2019-02-08,35.185508728027344,35.476427174276054,34.6980220568308,34.98894050307951,2267928
2019-02-11,35.51573181152344,35.586496212787694,35.09900967486441,35.287713575146235,1004211
2019-02-12,37.0096549987793,37.09614446419616,35.75948813249832,35.75948813249832,2826720
2019-02-13,37.30056381225586,37.434228358030666,36.91529169991427,37.19048506322427,1887093
2019-02-14,36.986053466796875,37.229796744192875,36.813074593113825,37.017503533054025,1002924
2019-02-15,37.26911926269531,37.465687483854815,36.90743640280664,37.237669189534465,1388556
2019-02-19,37.78805923461914,37.9924882369457,37.00178979189802,37.07255421720641,1512342
2019-02-20,37.607208251953125,37.88240162263838,37.48140797456722,37.81164072124334,1545921
2019-02-21,37.90738296508789,38.08906183599326,37.40974651186807,37.46504023455605,1338831
2019-02-22,38.4287109375,38.539298363313705,37.85208254658922,37.986368285215974,2425410
2019-02-25,38.231239318847656,39.17122550826469,38.19174682639062,38.66568846524767,2902887
2019-02-26,37.9389762878418,38.42081853725207,37.73360263669274,38.11275453504266,1251666
2019-02-27,38.057456970214844,38.24703642572127,37.63881262197077,37.852083339815934,1061307
2019-02-28,37.22016525268555,37.91528177200519,37.054287618014236,37.91528177200519,2690532
2019-03-01,37.567718505859375,38.30232385980467,37.307047654655456,37.630909302826865,1609803
2019-03-04,37.9705810546875,38.2549468113126,37.583531972653745,37.709913619610056,1799577
2019-03-05,37.11748504638672,38.16805533829701,37.101687341480726,38.07326910886108,1308294
2019-03-06,36.98318862915039,37.40973707472384,36.912097221554816,37.12537144434154,1088451
2019-03-07,36.367069244384766,36.88050686661373,36.14589790467114,36.864709165597446,1709487
2019-03-08,36.50135040283203,36.54084641315069,36.09850026384316,36.130095661904015,1191177
2019-03-11,36.50135040283203,36.77781542409231,36.40656068316429,36.430258994452515,1195857
2019-03-12,36.59614562988281,36.825217610592645,36.398672580518436,36.58824854116098,1075932
2019-03-13,36.54084396362305,36.754114648979765,35.711445429956065,36.58823705753733,1437462
2019-03-14,36.12220001220703,36.509252505339745,36.01161610380172,36.45395878839427,1226277
2019-03-15,36.28807830810547,36.6119364454702,36.130097783041236,36.130097783041236,1590264
2019-03-18,36.68302917480469,36.77781890343997,36.327575624764755,36.4381595284395,773955
2019-03-19,36.43816375732422,37.16487569323967,36.35917524553227,36.84891459510006,989118
2019-03-20,35.987911224365234,36.51714645724766,35.387588111790016,36.39866195711302,930501
2019-03-21,36.63563537597656,36.78571529085013,35.853633350189256,35.853633350189256,1021176
2019-03-22,35.553466796875,36.493449265838066,35.37968858455385,36.493449265838066,1856439
2019-03-25,35.94841766357422,36.25648161548256,35.47447963076491,35.50607502955417,1403883
2019-03-26,36.18539047241211,36.32757329349792,35.65615519958945,36.12219614888215,1600677
2019-03-27,36.38286590576172,36.698826968030104,36.248583688217586,36.248583688217586,2075580
2019-03-28,36.92790985107422,36.95160817168281,36.29598753938639,36.54875787425614,3007953
2019-03-29,37.607208251953125,37.81258537810844,37.030579932427536,37.125369646459596,2321397
2019-04-01,37.82839584350586,38.4445168534614,37.67041528378969,37.875788953774865,2603367
2019-04-02,37.567718505859375,37.83628291845641,37.25175747005151,37.80468751997267,2654379
2019-04-03,38.08115005493164,38.19173746787901,37.63090684226518,37.70199824694778,1912131
2019-04-04,38.641990661621094,38.87106263304619,38.11275529572566,38.11275529572566,1078038
2019-04-05,39.70045471191406,39.77944674256742,38.807865213347654,38.807865213347654,2100384
2019-04-08,39.88213348388672,39.9769196899023,39.33710046009752,39.66885923212325,1358136
2019-04-09,39.02113723754883,39.597765631549414,38.950045824214136,39.597765631549414,1463319
2019-04-10,39.23441696166992,39.305508384941646,38.886860459224124,39.14752783605847,932490
2019-04-11,38.79206848144531,38.823667409787454,37.5282276887879,38.20754295214412,1890603
2019-04-12,38.807865142822266,39.49508100121804,38.67358292153832,39.194917631154865,1724346
2019-04-15,39.029048919677734,39.22652199007165,38.77627859491199,38.92636207695615,1298700
2019-04-16,38.9974365234375,39.34499292448239,38.79996001357659,39.21070720554423,1322334
2019-04-17,38.333919525146484,39.21070762322127,38.231229200575825,39.131719133726435,1776294
2019-04-18,38.68148422241211,38.784171043511805,38.31812651638467,38.37342023362736,1187082
2019-04-22,38.17594909667969,38.934252897913446,38.04956395464545,38.57879931314231,1511640
2019-04-23,38.989532470703125,39.005330167039546,38.175935244696966,38.23912603004264,1737567
2019-04-24,39.3765983581543,39.58197200649368,38.86316071182006,39.10013328916116,2934126
2019-04-25,41.114376068115234,42.24393452929036,40.69572820606214,41.50932914300498,5729256
2019-04-26,41.3592414855957,41.44613058912872,40.87740287295398,41.209161588760495,2576340
2019-04-29,41.548828125,41.809495502941665,40.93270715467565,41.359252170632054,2385630
2019-04-30,41.69099807739258,42.03065738779993,40.98798467303923,41.4145330825529,3323736
2019-05-01,41.67521286010742,42.46511560011471,41.61991913948403,41.6989111762277,1564641
2019-05-02,42.520408630371094,42.55200403436122,41.509334549772056,41.64361677947301,1735227
2019-05-03,43.90272903442383,43.973820448110146,42.654686039460366,42.654686039460366,2311803
2019-05-06,43.57097244262695,43.62626615884927,42.74157727574905,43.04963773336331,2303964
2019-05-07,42.99433898925781,43.491978851577585,42.69417917998499,43.18391842998881,2980224
2019-05-08,42.80476760864258,43.45248744421659,42.76527159384908,42.83636301028315,1575522
2019-05-09,42.67048263549805,42.77316944694655,41.96746912967412,42.417712387713024,1838889
2019-05-10,42.773170471191406,42.84426188474046,41.540925178816785,42.43351462911073,1331109
2019-05-13,41.36714553833008,41.959571614012354,41.01168848272659,41.88848020289166,2178306
2019-05-14,41.864784240722656,42.02276477147168,41.37504494794924,41.461934063586924,1413360
2019-05-15,41.99906921386719,42.1333549653811,41.24076543690131,41.548825905607984,1317888
2019-05-16,42.030662536621094,42.291329865872214,41.912174502473555,42.09385333444491,1255527
2019-05-17,41.69891357421875,42.37032829772176,41.49353638216605,41.71471127737879,911781
2019-05-20,41.32765579223633,41.59622377779755,41.130179228574086,41.36715181006595,1040598
2019-05-21,42.14125442504883,42.236044165247016,41.41454601031115,41.54882824389648,1224288
2019-05-22,41.651512145996094,41.88058410368421,41.52513053525977,41.86478640234216,1210131
2019-05-23,41.42244338989258,42.133354046668195,41.06698629876195,41.29605825465884,3107052
2019-05-24,41.84107971191406,41.90427403011778,41.548817007362416,41.67520211828487,1022931
2019-05-28,40.3007698059082,42.00695627928703,40.284972109440304,41.95956318988334,1673802
2019-05-29,39.70835494995117,40.12700283709827,39.39239388129462,40.00061770453853,2120976
2019-05-30,40.033634185791016,40.255777690951696,39.6607510773038,39.87495924182425,1664091
2019-05-31,38.12954330444336,39.462411588841626,37.96293299840235,39.45447624718053,3119220
2019-06-03,38.97052001953125,39.16886461262436,38.12954376055262,38.24061729924196,1997541
2019-06-04,40.61279296875,40.65246258585409,39.43066812329389,39.43066812329389,1310166
2019-06-05,41.374446868896484,41.46171793049696,40.67627837609271,41.04916156776023,1527084
2019-06-06,41.31890869140625,41.429982235482065,40.67627699435653,41.374445463444154,1592019
2019-06-07,41.24750518798828,41.59658942601823,40.93809057909338,41.382377677868206,1447758
2019-06-10,41.8028450012207,42.18366333640047,41.31888851447062,41.42996200430678,1414179
2019-06-11,41.461708068847656,42.24714743643549,41.20782674585942,42.12020677494137,1009944
2019-06-12,41.168155670166016,41.62831333870472,41.08881997264993,41.461706603430045,1097928
2019-06-13,42.199546813964844,42.23128463833792,41.36650594053669,41.36650594053669,1140399
2019-06-14,42.85010528564453,43.080184106051846,41.858389651043524,42.128138088309726,1672983
2019-06-17,42.36614990234375,42.88977611211504,42.10433679745811,42.88977611211504,1112085
2019-06-18,43.365806579589844,43.52448153128249,42.64383572643743,42.77077639598798,1634490
2019-06-19,43.31820297241211,43.437208294936184,42.63590177682783,43.31820297241211,1501227
2019-06-20,44.175052642822266,44.28612264078845,43.45308172162083,43.78629879748438,1304199
2019-06-21,43.66729736328125,44.40513549304042,43.611760588839786,44.13538696331736,2312973
2019-06-24,43.93703079223633,44.24644887100756,43.556212354806064,43.802158333351,1071018
2019-06-25,43.73868942260742,44.22264603541156,43.56414734510607,44.11950785697729,1220895
2019-06-26,43.825950622558594,44.07982834148308,43.52446795428867,43.897354505595715,1253655
2019-06-27,44.397193908691406,44.698676684000034,43.9053018913411,44.08777933299646,887445
2019-06-28,45.325443267822266,45.349245752043956,44.39719595693095,44.39719595693095,1682811
2019-07-01,45.571380615234375,46.134676459760605,45.24609894468158,45.81732658845056,1648296
2019-07-02,44.77008056640625,44.77801236678796,43.706957282565554,44.68280951631353,1394640
2019-07-03,45.11123275756836,45.238173441893096,44.57173927541645,44.93669064449031,654381
2019-07-05,44.84148025512695,44.952550236895334,44.31785400384437,44.8018106340044,710892
2019-07-08,44.38132858276367,44.738348139312954,44.198851133642385,44.54793534849836,1353456
2019-07-09,44.19091796875,44.4130614965328,43.58795241207653,44.34165758742719,1225575
2019-07-10,43.627620697021484,44.47653223876005,43.18333011412308,44.42892727349727,1568970
2019-07-11,43.564144134521484,43.675214104121,42.94531156854069,43.66728230535468,1012167
2019-07-12,44.532066345214844,44.76214521193415,43.802163661195344,43.802163661195344,995319
2019-07-15,44.71454620361328,44.82561974278697,44.19885167571547,44.61933980703834,680238
2019-07-16,44.86528778076172,45.00809561134607,44.58760746172888,44.801819207605405,883350
2019-07-17,44.00050735473633,44.825616413500875,43.99257201353508,44.825616413500875,1009710
2019-07-18,43.302337646484375,43.88943248405914,43.13572735518421,43.88943248405914,1917396
2019-07-19,42.56448745727539,43.85768563021728,42.47721643665343,43.5958725683514,2542059
2019-07-22,41.60451889038086,42.68350573894716,41.58864820818289,42.46136222094403,2320110
2019-07-23,42.38202667236328,42.651775178535644,41.77112928880788,41.8822028279934,2296008
2019-07-24,43.50067901611328,43.68315644976485,42.247150085578355,42.25508188561677,1393470
2019-07-25,44.24644088745117,44.84940271442404,43.659342656445205,43.80215042995966,1739205
2019-07-26,44.056034088134766,44.34164967358214,43.50067359730418,43.96876305269048,1193634
2019-07-29,43.51652908325195,44.20676538291997,43.34992239701047,44.07189296634536,879372
2019-07-30,44.405120849609375,44.65106681175708,43.15952390011759,43.22299245513056,1639521
2019-07-31,43.587947845458984,44.42099218408728,43.32613471982883,44.37338722234945,1537497
2019-08-01,41.9932746887207,44.36546395694516,41.86633754228721,43.54829014235759,2576925
2019-08-02,40.985687255859375,41.406175361170234,40.27165171915734,41.27923468725055,3188601
2019-08-05,40.05743408203125,40.45411964586111,39.51794072374775,40.120902639129866,3027258
2019-08-06,40.84288787841797,40.99362752541492,39.62109293459798,40.28752718413307,1849302
2019-08-07,41.23163604736328,41.3823756733992,39.859098106420994,40.26371909744454,1896453
2019-08-08,42.080528259277344,42.55655298352138,41.437896829087556,41.437896829087556,1412424
2019-08-09,41.14435958862305,41.921863642200734,40.9380832197748,41.866330420573945,1164735
2019-08-12,40.382713317871094,40.9380773229819,40.31924476459285,40.9380773229819,749151
2019-08-13,40.969818115234375,41.61244971281256,40.303384035900656,40.303384035900656,1130220
2019-08-14,39.5496711730957,40.3985789765163,39.24818847410334,40.3985789765163,1754298
2019-08-15,39.454471588134766,39.811491101075944,39.216460940162,39.66868329589947,998244
2019-08-16,40.081233978271484,40.15263787720464,39.525873467441905,39.748020504559214,919854
2019-08-19,40.6048583984375,40.75559797577004,39.21645376339455,40.7476626364982,560781
2019-08-20,40.398590087890625,40.70007286980391,40.192313699575045,40.47792933938578,749151
2019-08-21,41.31890869140625,41.45378117993927,40.91428768482452,41.025361228900344,1091727
2019-08-22,41.437904357910156,41.75525423173191,40.731800711607654,41.493441116976236,1156779
2019-08-23,39.319602966308594,41.08882648148705,39.12125837962612,41.08882648148705,1253655
2019-08-26,39.851158142089844,39.93049383928255,39.25612801970828,39.69248320672264,755352
2019-08-27,39.22439193725586,40.16850625106754,39.11332195626634,40.1050376905021,1045278
2019-08-28,39.446533203125,39.644874196330264,38.87530207778136,39.002242721300114,1278576
2019-08-29,40.55422592163086,40.58610124022968,39.99639361927416,40.01233483529289,899379
2019-08-30,40.689701080322266,40.928769545782274,40.474537327376495,40.89689422461689,802971
2019-09-03,39.06402587890625,40.31515896594006,38.59385597891258,40.22750005045921,1304550
2019-09-04,39.77326583862305,39.88483301887105,39.39872192497868,39.661702215094635,892242
2019-09-05,41.064247131347656,41.24753201594011,40.33906753188413,40.442664109418956,1053351
2019-09-06,41.09612274169922,41.76551875254592,41.056276809531724,41.263469966050984,866034
2019-09-09,41.550357818603516,41.614112025760384,41.10409259538569,41.398948245456076,901953
2019-09-10,42.650081634521484,42.6739863501867,41.36706955637859,41.55035801231903,901602
2019-09-11,43.62229919433594,43.646207468010594,42.36319887739602,42.801493516629556,1085526
2019-09-12,43.23180389404297,43.86932446132907,42.82538826695318,43.82948209341305,894114
2019-09-13,43.39118957519531,43.64619567972989,43.231805869372145,43.64619567972989,800163
2019-09-16,42.59429168701172,43.375251268962025,42.50663277696018,43.08836982670579,1201941
2019-09-17,42.02849197387695,42.618196070874774,41.40690899978992,42.40303588001961,1393119
2019-09-18,42.12411117553711,42.275524258075905,41.61409901802218,41.877075703952826,966186
2019-09-19,42.28349304199219,42.68194516916924,41.98864102871892,42.251617725430606,976716
2019-09-20,42.03646469116211,42.785552604407314,41.94880576997129,42.498667568975534,1613430
2019-09-23,42.38709259033203,42.705852891880184,41.67785429827078,41.893018035323685,1092663
2019-09-24,42.50663375854492,43.00867896162649,42.34725359506894,42.626167991972,1633437
2019-09-25,42.976810455322266,43.064469381298586,42.403043909855505,42.42694862629983,1114893
2019-09-26,43.27165603637695,43.64619995698358,42.944928654890944,43.104308819613784,966888
2019-09-27,43.41508865356445,43.606344096334134,42.968823582622626,43.542593467650526,813969
2019-09-30,43.59041976928711,43.84542947544223,43.48682318763657,43.70995401298235,949689
2019-10-01,43.351348876953125,44.45903944628976,43.05649325368358,43.901207078791494,1595178
2019-10-02,43.38322448730469,43.51869638642867,42.426943471004215,42.91305458814752,2164851
2019-10-03,43.7657356262207,43.81354861018922,42.61023206163626,43.25571979373049,1893528
2019-10-04,44.722015380859375,44.7538907026034,43.765734388220615,43.853393301376514,1309581
2019-10-07,44.809669494628906,45.21608869513444,44.172148901152035,44.490909197890474,1797939
2019-10-08,44.02074432373047,44.58654373639482,43.821518226627894,44.164183272387056,1123083
2019-10-09,44.411231994628906,44.62639222545637,44.020750355758025,44.4590449840661,1422369
2019-10-10,44.37138748168945,44.77780679674263,44.116377749737524,44.27575794302741,1539369
2019-10-11,45.120460510253906,45.71813519503408,44.833575523409216,44.833575523409216,2863809
2019-10-14,44.706077575683594,45.168276852919384,44.5865433411695,45.168276852919384,2463435
2019-10-15,45.43125534057617,45.52688130169468,44.634354547657665,44.91326893599926,1781325
2019-10-16,45.614540100097656,45.98111339693243,45.20812087453403,45.367501032729955,1917396
2019-10-17,46.57879638671875,46.594734049701486,45.73408246503315,45.93330858739753,2394288
2019-10-18,46.95333480834961,47.048960774942245,46.44331898302969,46.48316491413649,1457469
2019-10-21,46.41143798828125,47.32787295140965,46.24408723211867,46.75410299510287,2609100
2019-10-22,46.59471893310547,47.00113809911209,46.06079850460186,46.70628609450932,2231307
2019-10-23,46.52300262451172,46.929421833585515,46.35565542139159,46.47518964600874,2072421
2019-10-24,48.427581787109375,48.61883721025135,46.37158154243501,47.33582926427179,3129516
2019-10-25,48.10087585449219,49.23247123986412,48.09290524482898,48.31603963475814,2634723
2019-10-28,48.3479118347168,48.929648930765126,47.829925384973,48.929648930765126,2130921
2019-10-29,48.395721435546875,48.849953650505725,48.2283742223387,48.2283742223387,1316952
2019-10-30,48.50728225708008,48.602908207315764,48.0450794941169,48.34790211663481,1186263
2019-10-31,47.85383605957031,48.531199159101874,47.55898397052057,48.427602575293044,1454778
2019-11-01,48.92965316772461,48.95355788379887,48.10884396351837,48.30807008555136,1065285
2019-11-04,49.37590789794922,49.551225722524855,48.96948865793849,49.312157255092494,1196559
2019-11-05,49.40778732299805,49.88592785429492,49.36794494626326,49.54326278540012,1480986
2019-11-06,49.26434326171875,49.52731999318418,48.56306842109138,49.52731999318418,938340
2019-11-07,49.05714416503906,49.74247775505659,48.897764012240614,49.4874716446107,794430
2019-11-08,49.455596923828125,49.455596923828125,48.81807630492005,48.93761053178545,560196
2019-11-11,49.144813537597656,49.34403966020469,48.86589909997989,48.953558024851766,715104
2019-11-12,49.71060562133789,49.726543281967096,49.216527471673686,49.33606526147216,935766
2019-11-13,49.949676513671875,50.09311901280771,49.39184417739701,49.52731962475838,1166841
2019-11-14,50.324222564697266,50.38797676971141,49.75842311256643,49.75842311256643,1255410
2019-11-15,50.252498626708984,50.8581439800806,50.02936781286038,50.73063913357293,1457820
2019-11-18,50.6589241027832,50.73064536545921,50.03734456855139,50.03734456855139,1305603
2019-11-19,49.59904861450195,50.60313915170698,49.59904861450195,50.39594597916373,1265472
2019-11-20,49.367942810058594,50.02936820453071,49.08902840138433,49.57513596430578,1465893
2019-11-21,49.854042053222656,49.93373390338459,49.37590162240862,49.71059956830653,1206855
2019-11-22,50.16483688354492,50.20468281271718,49.63888342266148,50.05327326126997,939510
2019-11-25,50.818302154541016,50.858148089178975,50.236565024362896,50.324223946534396,757224
2019-11-26,51.639102935791016,51.77457482345908,50.74657264003107,51.01751997208667,1922895
2019-11-27,51.47918701171875,51.86300108810015,51.223308581573576,51.711072154940084,1226745
2019-11-29,50.58361053466797,51.343244410757144,50.551626626612084,51.327252456729205,390195
2019-12-02,49.91993713378906,50.68756528216198,49.88795322241292,50.591613548033536,940095
2019-12-03,49.760013580322266,49.99190228906048,49.16830051844102,49.328223642783364,1630980
2019-12-04,50.50364685058594,50.95942642715015,49.9918936548438,49.9918936548438,1832805
2019-12-05,51.095375061035156,51.175338417681004,50.40770661052996,50.65558730599327,1399086
2019-12-06,51.655094146728516,52.070892070696324,51.535149143581656,51.78302977328118,1164969
2019-12-09,51.25529479980469,51.575141067462205,51.23930284330547,51.479189328466866,1018251
2019-12-10,51.175331115722656,51.42321177581709,50.975426321468234,51.39922205847895,842400
2019-12-11,52.102882385253906,52.278797462234714,50.78351930789783,51.28727839032959,1240902
2019-12-12,52.3907356262207,52.49468510195766,51.49516844144689,51.71905934543143,1068093
2019-12-13,52.046905517578125,52.79054383201775,51.95095022957919,52.15085499775609,1218204
2019-12-16,52.34276580810547,52.83052933804814,52.31078189939383,52.454709488596215,1116765
2019-12-17,52.758567810058594,52.78255752785238,52.04691329565449,52.1748489403245,1116999
2019-12-18,52.56665802001953,52.894502014400075,52.11087838767208,52.85452034311735,1089387
2019-12-19,52.18284225463867,52.50268847672371,51.479181993585996,52.350759558373504,1499472
2019-12-20,52.21481704711914,52.60662877921039,51.910962832303355,52.486687359077564,3697434
2019-12-23,51.5511474609375,52.43871697803352,51.44719440547319,52.26280191314933,1570491
2019-12-24,52.22282791137695,52.230822104679554,51.5511515074888,51.631111284696296,319878
2019-12-26,52.36676025390625,52.36676025390625,51.823023013132854,52.182850965251745,611208
2019-12-27,52.44671630859375,52.52667608191689,52.18284370337319,52.52667608191689,669708
2019-12-30,52.2787971496582,52.542669763551714,51.97494643220718,52.43072607721995,741195
2019-12-31,52.24681854248047,52.51069118315781,51.9989378586166,52.19884267204002,685035
2020-01-02,52.62263870239258,52.62263870239258,51.73506546638076,52.374758017338344,1252602
2020-01-03,52.28680419921875,52.37476175280689,51.61512768657535,51.8710025839059,865449
2020-01-06,52.68659973144531,52.68659973144531,52.03891307003629,52.19083842530828,1093599
2020-01-07,52.422725677490234,52.69459603971749,52.310781996791064,52.390741768719046,1354392
2020-01-08,53.406253814697266,53.67812419379426,52.52667842473093,52.64661987448338,1322919
2020-01-09,53.2783088684082,53.7980562495245,53.078404107836576,53.72609067847214,1005264
2020-01-10,53.54219436645508,53.670130018027244,52.99845714076381,53.35828151406531,931671
2020-01-13,54.45375061035156,54.477740328066076,53.526199345377506,53.71810638058468,1056042
2020-01-14,54.38977813720703,54.7256163123102,54.07792610893093,54.58967934866739,898209
2020-01-15,55.229373931884766,55.373305093771734,54.26983880069859,54.38978024599234,1319760
2020-01-16,55.653167724609375,56.100953149515846,55.01347528012471,55.70114715613094,1290042
2020-01-17,55.50123977661133,56.06096885491249,55.42127644037639,55.97301132635557,1426581
2020-01-21,55.893062591552734,55.94903265536196,55.29335172675864,55.35731955330436,1238562
2020-01-22,55.95702362060547,56.65268970954727,55.82109022129032,55.97301557529924,1251198
2020-01-23,56.42080307006836,56.596718146949044,55.517237968331656,55.757120866319404,972153
2020-01-24,55.58120346069336,56.476770762851004,55.26135723088646,56.35682931888245,966654
2020-01-27,53.94198226928711,54.92550688849274,53.58215444819464,54.55768487628452,2439450
2020-01-28,54.285831451416016,54.69363165687547,53.662130931522164,54.37378898827052,3129867
2020-01-29,53.782066345214844,55.07744310465571,53.6461329586437,54.58168184911882,2017665
2020-01-30,56.78062057495117,57.39632326984103,53.366268942486,53.366268942486,4183335
2020-01-31,54.94150924682617,56.50875276596637,54.69362505234815,56.19690075925903,3570138
2020-02-03,55.15740203857422,56.052972816971234,55.0374606070069,55.1334158935622,2159235
2020-02-04,56.96454620361328,57.140461298861126,55.957031502965606,56.14893855515993,1349712
2020-02-05,57.620216369628906,57.82011756611419,57.00451368953616,57.46029327113923,972972
2020-02-06,57.20442199707031,57.97205367901176,57.03650468564211,57.97205367901176,1142037
2020-02-07,56.572731018066406,57.0285106863988,56.32485034668052,56.79662197102138,1325259
2020-02-10,57.356353759765625,57.38833767125453,56.39681500208006,56.39681500208006,1191879
2020-02-11,57.86810302734375,58.14796758667124,57.42831535285252,57.88409498197651,1547793
2020-02-12,57.956058502197266,58.17994942793385,57.58023865959559,58.107983850226375,972387
2020-02-13,58.08399963378906,58.371861971872185,57.46030265972406,57.6522096955007,1321749
2020-02-14,58.363868713378906,58.59575742623402,57.90009128766867,58.02803050318121,1132326
2020-02-18,58.06000900268555,58.283899932334826,57.73216501654747,58.09999067296308,1585467
2020-02-19,57.836116790771484,58.48380341826201,57.7321637365874,58.179949154794315,866970
2020-02-20,58.363868713378906,58.58775966389857,57.54026335930101,57.65221061897903,686322
2020-02-21,56.79661178588867,58.291893308482976,56.548731158954325,57.99603325329078,1259271
2020-02-24,55.445274353027344,55.78111256343149,54.637664523123874,54.86955323612154,1325610
2020-02-25,53.66213607788086,55.7011551449071,53.36627952896694,55.7011551449071,2005965
2020-02-26,51.83900833129883,54.477737981624955,51.81502218345375,53.98997086801415,1754883
2020-02-27,50.0010871887207,52.40884380521995,49.9609569565532,50.86787942737656,2452671
2020-02-28,49.55965805053711,50.18567238568777,48.106978249077635,48.26749557190775,3299400
2020-03-02,51.10062789916992,51.10062789916992,49.07008407623805,49.977006514053336,2228733
2020-03-03,50.418434143066406,52.537262569616814,49.688083919381164,50.8518320878485,1863693
2020-03-04,53.91770553588867,53.933756912367755,51.66243878226815,51.830983608443994,2977065
2020-03-05,51.26115036010742,52.81013873346995,50.7153927799481,52.20017564344383,1537497
2020-03-06,48.49222183227539,50.03318609154093,47.464912326098364,49.367041482885774,1751022
2020-03-09,45.08123779296875,45.915923688767265,44.54350414970139,45.07321031377211,3216681
2020-03-10,47.64149475097656,47.69767637144253,44.9769083850585,46.57405470841622,2071251
2020-03-11,44.094051361083984,46.6864039493243,43.82919830010776,46.10051622375326,2084823
2020-03-12,38.24320983886719,42.00733475608161,38.21913098234662,41.26092960701185,3343743
2020-03-13,39.00566482543945,40.506498961786065,35.92373250681319,40.26572115237465,3276936
2020-03-16,32.82575988769531,36.04413143104541,32.21579670093887,35.28167476102654,2674386
2020-03-17,33.46781921386719,35.49033546400943,32.04724206802228,33.443740360140495,3031938
2020-03-18,29.294376373291016,31.30886710447077,27.392248859444187,30.87546919369831,1999413
2020-03-19,30.273529052734375,31.16440011890032,27.408299342964472,28.81282518547979,2097225
2020-03-20,29.374635696411133,31.84660145773608,29.13385967100557,31.18848067983725,2637180
2020-03-23,27.954057693481445,30.610614050830616,27.207652618733373,28.925185605689244,1980459
2020-03-24,32.40038299560547,32.60905805895576,29.543178810250026,29.6876447840706,1050660
2020-03-25,34.03765869140625,35.69098630133858,31.453333328660605,32.448540169938376,1413360
2020-03-26,35.674930572509766,36.05214686951791,34.11791483783803,34.56736411899873,1892241
2020-03-27,34.86433029174805,35.92374293069328,33.283235232783916,34.15805519911789,1265589
2020-03-30,35.72309494018555,35.96386921083003,33.491906659049015,34.68775769579958,1049139
2020-03-31,34.711830139160156,35.93175981030806,34.65564853116902,35.361923415407446,2107755
2020-04-01,31.60582733154297,33.652422890924186,31.284792593518564,32.946144318012024,1852929
2020-04-02,30.867446899414062,32.19973987174294,29.848162948547646,31.027964254469246,2311101
2020-04-03,28.42758560180664,31.413204464661142,28.25904255815239,30.787186421917596,2437578
2020-04-06,32.60102844238281,32.91403564374412,29.69566852585941,30.12103893995921,2655432
2020-04-07,35.032859802246094,36.53369371591395,34.398817993240094,34.398817993240094,2486016
2020-04-08,37.95427703857422,38.572267575848876,34.96063261193108,35.48231130737859,1779219
2020-04-09,40.795433044433594,41.58999598671419,38.5481934730405,38.74081359834877,2976597
2020-04-13,37.609161376953125,40.642935866073756,37.00722225005515,40.18546270276678,1613079
2020-04-14,37.03932571411133,38.76488624939604,36.686188277248874,38.66055051415003,1758042
2020-04-15,34.77604293823242,35.81940410715732,34.125949525633274,35.466266590970356,1627236
2020-04-16,35.145225524902344,35.3217942512988,33.259151144230586,34.278433269674565,2369952
2020-04-17,37.40049362182617,38.32346751893845,36.894866281179716,37.76165856664303,1719432
2020-04-20,35.249568939208984,36.718300530580514,35.11312684781017,36.11635771296856,1550952
2020-04-21,33.909244537353516,34.58341669136337,33.54808318619633,34.10989212050553,1362231
2020-04-22,34.575382232666016,34.92851957860264,34.06975148055934,34.7840536494293,1961856
2020-04-23,35.15324783325195,36.35712598742653,34.8803673043725,34.99273050722224,1410786
2020-04-24,35.08903884887695,35.56256693210367,34.47104839571801,34.98470312398876,1563705
2020-04-27,37.577064514160156,37.849945108383324,35.26561948077115,35.522445114659995,1543230
2020-04-28,39.85641098022461,40.530583265426266,38.74884427287774,38.75686817179091,2052882
2020-04-29,41.357242584228516,41.782613041132656,40.835560280700136,41.29303349244663,1806246
2020-04-30,38.684635162353516,40.538606983517774,38.20308306303753,40.538606983517774,3515148
2020-05-01,41.333160400390625,43.492115265992375,40.723193779089726,41.81471243056024,3515499
2020-05-04,41.0201530456543,41.14856763632517,40.065076467852386,40.434265281696376,1830465
2020-05-05,42.59321975708008,42.98648742254867,41.46959836746936,41.46959836746936,1813851
2020-05-06,41.68630599975586,43.18714040946553,41.38935011008773,42.842030381983065,1329471
2020-05-07,43.20318603515625,43.52421713331187,42.207979242793066,42.207979242793066,1603134
2020-05-08,45.01701736450195,45.10530170293884,43.99773552493863,44.00575942001689,1063179
2020-05-11,43.50014114379883,44.366933333357444,43.06674325797114,44.222467371414886,1271907
2020-05-12,41.60603713989258,43.92550913598702,41.60603713989258,43.52421402329754,1217151
2020-05-13,39.83232498168945,41.51775524110964,39.45510869974626,41.33315904851493,1238328
2020-05-14,41.44552230834961,41.45354620511277,38.12281591243329,38.99763558542426,1408095
2020-05-15,42.986480712890625,43.28343649434559,40.58674844587698,40.93988582535775,1374750
2020-05-18,48.49222183227539,48.98179773149688,45.185570478673306,45.635016148815325,2616939
2020-05-19,47.826080322265625,48.95772563169108,47.52109700927585,48.11500867690608,1609920
2020-05-20,48.58051300048828,49.50348690618462,48.29960852172804,48.57248910280503,1740609
2020-05-21,48.41999053955078,49.60781742132866,48.29960343021519,48.468144666865655,1322802
2020-05-22,48.588539123535156,48.628665775025326,47.52109926837451,48.53235751293243,1049724
2020-05-26,50.24988555908203,51.18891072042823,50.16160120343575,50.70735871269488,1107756
2020-05-27,51.54205322265625,51.79887883616704,50.46658947352888,51.41363862485232,1494909
2020-05-28,49.24611282348633,52.36377227634529,49.06888172257625,52.20265276683296,1270620
2020-05-29,49.10915756225586,49.407227366453725,47.86048238793915,49.246107873137554,2182518
2020-06-01,49.44750213623047,49.93086059265107,48.77885860861256,49.13332075754749,954954
2020-06-02,49.16554260253906,49.697239407060124,48.90775359009124,49.34277367220137,1968642
2020-06-03,50.8492431640625,51.268151672478936,49.89058383546246,49.89058383546246,1011582
2020-06-04,51.332603454589844,51.348718640956186,50.10809738263969,50.333666845352504,1042236
2020-06-05,52.58932876586914,54.7563823662994,52.53293640827391,53.3063106350165,1398267
2020-06-08,52.17041015625,53.68493164783727,52.00123670014558,52.56515301453858,1035450
2020-06-09,51.01840591430664,51.864283941047475,50.84923246627859,51.08285585279685,979173
2020-06-10,50.19670486450195,51.11508696755226,49.42333424670599,50.80895959986882,1402830
2020-06-11,46.41846466064453,48.456622121493865,46.34596070868826,48.13438313402921,1270737
2020-06-12,47.04682922363281,48.77885921975585,45.185899322874874,48.770805222925105,1451853
2020-06-15,49.4152717590332,49.43944093677006,45.13755741376748,45.4195155733847,1784016
2020-06-16,51.20370864868164,51.55817082365405,49.05276641581376,51.42122050937867,1704924
2020-06-17,50.494781494140625,51.888460933588725,50.438389133884534,51.27620975424881,1270971
2020-06-18,50.39004898071289,51.48566218175186,49.681124695323426,49.955028894466714,874341
2020-06-19,49.40721893310547,51.58232992383554,48.714406308762875,51.421210458020944,1953432
2020-06-22,49.97114181518555,50.26921160757239,48.335781359924994,49.068874845688,1132794
2020-06-23,50.48672103881836,50.913687119430115,49.89863547898325,50.800902405313536,875979
2020-06-24,47.771854400634766,49.906684434246834,47.691292877197746,49.70528422118779,1094301
2020-06-25,49.66501235961914,49.73751630549203,47.02265791786166,47.44962400109794,1690416
2020-06-26,48.81913375854492,49.22998821942596,48.142432716568365,48.75468740998861,2569320
2020-06-29,50.6558952331543,50.77673393682563,49.11720447373302,49.528058942642694,1376505
2020-06-30,51.50177001953125,51.88040131548237,50.51894160657898,50.61561472733409,1710657
2020-07-01,50.26115798950195,51.8079029183819,49.89863824229012,51.79984532598416,887796
2020-07-02,50.502838134765625,52.130144692833674,50.10809518784309,51.24398566269828,846612
2020-07-06,52.23486328125,52.3476479892157,51.62260857448466,51.920678336355245,918333
2020-07-07,51.34065246582031,52.00124196163556,51.29231770140478,51.590387475268344,846612
2020-07-08,52.46043014526367,52.645718798388494,51.397043776549,51.50982848675837,1416402
2020-07-09,51.67900848388672,52.6537794449942,50.89758019646271,52.331540457010256,1291797
2020-07-10,52.226806640625,53.16935430140229,51.703171048823165,52.00929481224548,1221480
2020-07-13,51.79983901977539,53.66076870153065,51.68705790867747,52.55710160053081,941031
2020-07-14,53.74132537841797,53.813829317334196,51.55816040630469,51.703168284137135,968292
2020-07-15,55.086669921875,55.4330780299677,53.76549462387456,54.772488583200584,981396
2020-07-16,55.64253616333008,55.82782481947873,54.34552635689167,54.94166949775485,973440
2020-07-17,55.72309875488281,56.174230420561074,55.239740316912574,55.64253721745405,861588
2020-07-20,55.602256774902344,55.996999681336966,55.360579352266605,55.57003359795546,669825
2020-07-21,55.70699691772461,56.23869021390178,55.34447712690619,55.82783564948583,637767
2020-07-22,56.81064987182617,57.22956194983543,55.35252417946147,55.35252417946147,1250730
2020-07-23,57.19733810424805,58.19627812988735,56.68175650348589,56.96371468578072,1451268
2020-07-24,57.19733810424805,57.42290393097711,56.46424467296107,57.19733810424805,974376
2020-07-27,59.82358169555664,59.92830881639184,57.35040077708761,57.35040077708761,1649934
2020-07-28,58.23655700683594,59.38050495298055,58.13988747635094,59.36439336456638,1526148
2020-07-29,61.18503952026367,61.483109302683594,58.47823870228159,58.47823870228159,2430207
2020-07-30,62.022865295410156,63.0379133810428,59.68663455071791,59.68663455071791,2330055
2020-07-31,61.628116607666016,61.65228578810403,60.0249829951198,61.40255436940385,1573182
2020-08-03,63.18292236328125,63.601830875943925,61.30588086210947,62.030920357924586,1422954
2020-08-04,62.49814987182617,62.933173448464395,62.18396497907634,62.739827239602974,1381653
2020-08-05,63.190956115722656,63.81932587447498,62.59481671629752,63.30374080016878,964899
2020-08-06,63.18292236328125,63.424599798196745,62.5867827728714,63.22319953874429,846261
2020-08-07,64.29463958740234,64.42353228649152,63.013737828165446,63.12652253540238,1042119
2020-08-10,65.26942443847656,65.37414798124453,64.0288067741619,64.1254763192714,952497
2020-08-11,65.32579803466797,66.26029160876705,65.22106733092212,65.97027586569718,1886859
2020-08-12,66.87255096435547,67.25923629350139,65.40637118873885,65.9461184119742,1616589
2020-08-13,67.1303482055664,67.50092556668993,66.27641594747823,66.48587021556752,702351
2020-08-14,66.91282653808594,67.05783441634532,66.42946454686547,66.70337231194853,1161927
2020-08-17,68.98320770263672,69.25710828018725,67.12228163053555,67.15450480489045,1663389
2020-08-18,67.62979888916016,69.43433242889868,67.54118337073074,69.12015471241881,1322802
2020-08-19,67.41230010986328,68.00038564992911,67.27534622003014,67.79093141264008,1008072
2020-08-20,66.97726440429688,67.33172646380636,66.46974049019315,66.7678102046837,1423188
2020-08-21,68.64488220214844,68.64488220214844,66.79200954754151,66.97729465568122,1266408
2020-08-24,68.81402587890625,69.23293430758015,68.00037819841793,69.10404161908579,1359540
2020-08-25,68.89458465576172,69.27321590194003,67.35589768622025,69.12820803763628,1577511
2020-08-26,69.0154037475586,69.08791125465575,68.26620265394386,68.75761126298794,967122
2020-08-27,68.55494689941406,69.85560024717022,67.79555699101323,69.35472712628635,1101087
2020-08-28,68.99928283691406,69.70212211111586,68.40146850719921,68.66806196866155,1388907
2020-08-31,67.92481994628906,69.12044838706835,67.86826917287175,68.91848236933068,1256112
2020-09-01,69.26586151123047,69.33048890422373,67.77940262730948,67.908657413296,1149642
2020-09-02,69.80714416503906,70.1222118067304,68.61959205513705,69.33050799637205,837486
2020-09-03,67.03617858886719,69.84752810083765,66.2525515546691,69.47590974426822,1042353
2020-09-04,66.6968765258789,68.2883605220569,65.04076512898433,68.18333558744003,934830
2020-09-08,65.7597427368164,67.14118376317862,64.91149567417548,65.84860719555859,1057446
2020-09-09,66.68880462646484,67.15736413174803,66.03443952814536,66.23639836686982,1341288
2020-09-10,66.20409393310547,68.26413783569029,66.01021169008067,68.16719671417789,1493739
2020-09-11,66.73725891113281,67.02001276972601,65.84861422879568,66.70494521461774,979992
2020-09-14,67.67438507080078,67.72285922645607,66.61608795872876,67.45626579289159,1183221
2020-09-15,67.92481994628906,68.87001542873672,67.6743797766882,68.10254888809513,904644
2020-09-16,68.83771514892578,69.81522451939284,67.7632574558354,68.61958863429396,1485549
2020-09-17,68.48223876953125,69.14468761679628,67.39163522006113,68.06215347786238,1329354
2020-09-18,68.11869812011719,68.96695246015928,67.48857023934613,68.3933681382068,2347371
2020-09-21,66.51914978027344,67.02809959192835,64.63683520700721,66.89884478619699,1180062
2020-09-22,68.26412200927734,68.51456219587804,66.72918882380323,66.85845083378962,931320
2020-09-23,66.55952453613281,68.75690619849458,66.51105760095491,67.98943974361538,974844
2020-09-24,66.29293823242188,67.48049725702519,65.65473369615832,66.20407376195966,773253
2020-09-25,67.16543579101562,67.6259186394247,65.69512997852931,65.82439199083407,892944
2020-09-28,69.33048248291016,69.96061753440455,68.03790589768597,68.32873635048826,1079091
2020-09-29,68.87004089355469,69.93641493868478,68.60344738227217,69.61327063307517,843570
2020-09-30,69.89599609375,70.590758663038,69.08813918154347,69.08813918154347,1863693
2020-10-01,70.82502746582031,71.26127315983628,69.58092498424294,70.62306146611282,1399086
2020-10-02,70.703857421875,71.1481797877123,68.88617042718732,69.54861927069803,977652
2020-10-05,71.7459945678711,71.80254534315863,71.1481803277108,71.34206251903709,1392417
2020-10-06,70.42918395996094,72.35189598608896,70.34031948201064,71.89948976287305,947232
2020-10-07,70.76849365234375,71.57635063345354,70.1222051829478,71.43901920131437,1240551
2020-10-08,72.16610717773438,72.39231036451032,71.05125891615609,71.05125891615609,833742
2020-10-09,71.64906311035156,72.9335562373025,71.5117244645687,72.70736031699423,679770
2020-10-12,72.0045166015625,72.31150036577843,71.5440337439686,72.31150036577843,781326
2020-10-13,71.31784057617188,72.09339113985973,70.93006889996344,71.77832349800933,753948
2020-10-14,71.49556732177734,72.29534765034684,71.22896666765078,72.0368308299578,675675
2020-10-15,72.5538558959961,72.6346437529626,70.48573579428903,70.62307443000509,630396
2020-10-16,72.9173812866211,73.46672128369299,72.46497515812858,72.75580560893997,778167
2020-10-19,70.21914672851562,73.04665699696403,70.08989191833733,72.90931835269681,1128348
2020-10-20,70.79273223876953,72.07722537086396,70.558452483345,70.78464840455902,570726
2020-10-21,69.40321350097656,71.60058855370644,69.08006926248447,70.6553929180894,1027494
2020-10-22,68.88616180419922,69.9040684129609,68.30450088490683,69.9040684129609,800982
2020-10-23,69.0477523803711,69.79098193129883,68.07024308704254,69.50015140892057,914004
2020-10-26,66.3091049194336,68.39337825481479,65.81630836917948,67.94905586073975,827073
2020-10-27,66.09099578857422,66.84230205710622,65.81631847640467,66.65649644866936,903825
2020-10-28,65.76783752441406,66.60800810656525,63.66739664649717,64.34599873641523,2272959
2020-10-29,66.14752960205078,67.91674256666138,65.38814682207884,65.43661376727793,1685268
2020-10-30,65.33158874511719,66.45451315062549,64.20058771818958,66.05865774331245,1429155
2020-11-02,68.3287582397461,68.4660968895851,66.06675570223497,66.18793389451088,1406340
2020-11-03,68.61959075927734,69.5809469132585,68.08640381342016,69.29819298230201,997074
2020-11-04,70.92196655273438,71.9156360703592,68.31258350547903,68.57917688688221,1495611
2020-11-05,72.0045166015625,73.1032040660832,71.26936368065593,71.939889199756,918099
2020-11-06,71.2047348022461,72.19032068753188,70.23530216144195,71.81870231794584,699426
2020-11-09,64.67724609375,74.79972248121392,64.66916225827042,73.84645006398317,1855269
2020-11-10,64.38639831542969,65.67089130615602,63.97438963304641,65.09731412640168,2285244
2020-11-11,67.09272766113281,67.14120181939856,64.58028506806838,65.52548067535915,2338713
2020-11-12,66.51106262207031,67.97328442254661,66.01018951229672,67.05232604941942,1301040
2020-11-13,67.69862365722656,68.44185319664096,67.02002151927952,67.02002151927952,748800
2020-11-16,66.73725891113281,68.66804734833997,66.40603811340152,68.02983561681192,1425762
2020-11-17,67.36739349365234,67.7713183025613,66.05057972308443,66.54337621079999,1250613
2020-11-18,67.31085205078125,68.12678561419412,66.93115705299627,67.94905665448795,1154322
2020-11-19,68.75692749023438,69.01544433255486,67.14928286297227,67.39972308214011,1342341
2020-11-20,68.2318115234375,68.75692178767959,67.44818443831576,68.49840496679994,979056
2020-11-23,69.56478118896484,69.90408588042622,68.44993321883508,68.44993321883508,983034
2020-11-24,68.4095458984375,70.50997991032808,68.11871535334531,69.99295343893026,1339533
2020-11-25,68.74979400634766,69.11436174541006,67.94774064135133,68.45813692239172,986193
2020-11-27,68.87134552001953,69.87593935046303,68.6688053915283,68.8389399672731,462267
2020-11-30,67.64799499511719,69.0009499774185,67.2024097197905,68.49055361327451,1895166
2020-12-01,67.15380096435547,68.47435769649017,66.7406212138898,67.97206088674301,1407744
2020-12-02,64.9582748413086,66.98366107565671,64.37496059740168,66.67580479790917,1858545
2020-12-03,66.25453186035156,67.13760288884883,64.99068662119613,65.19322671041998,1696383
2020-12-04,65.60639953613281,66.62719222131143,64.98258017702013,66.2302188952455,950976
2020-12-07,67.29963684082031,67.91535674406931,65.6550172390154,65.6550172390154,1138059
2020-12-08,67.18619537353516,67.52646439717063,66.56237606196883,66.95935658954355,1055223
2020-12-09,68.47435760498047,69.38172735367033,67.7047096184174,68.22320558455925,1754415
2020-12-10,68.00446319580078,68.91183290251418,66.7568244252452,67.80192311948036,1158651
2020-12-11,67.42924499511719,68.16648736323194,67.04847806033884,67.59937951816656,1243008
2020-12-14,67.29963684082031,68.45815873721084,67.28343045020732,67.94776229352796,922779
2020-12-15,69.21159362792969,69.54375586641369,67.69659653088213,67.69659653088213,1099332
2020-12-16,69.88400268554688,70.4511104121325,69.3087953829175,69.6328579740756,2144727
2020-12-17,72.01473999023438,72.83299997954511,70.08657007428383,70.2810105976037,1666548
2020-12-18,72.61425018310547,74.23456369782781,71.36661130788765,72.46842160519212,3034044
2020-12-21,71.83649444580078,73.10033956719916,71.13165760441004,71.31799851892325,1630161
2020-12-22,71.1154556274414,72.39549985390003,70.90481598752537,71.87700394759108,785187
2020-12-23,71.10736083984375,71.47192863751461,69.948831894615,71.18027150667143,751257
2020-12-24,72.16056823730469,72.19297378574525,70.95343443876683,71.32610909348404,210483
2020-12-28,69.99744415283203,72.71956774435083,69.85161558673165,72.6385502672359,662220
2020-12-29,69.01715850830078,70.48353655744252,68.30422204564333,70.21618538394598,718146
2020-12-30,69.51946258544922,70.19999357391299,69.10628279846166,69.21970583516683,617994
2020-12-31,69.446533203125,69.87591930945773,68.43384008288588,69.7381903259612,577278
2021-01-04,68.70118713378906,70.19997777975824,67.99635756612427,69.74629296677844,1146951
2021-01-05,68.64447784423828,69.47083725896968,68.26371091119984,68.48245013143105,774306
2021-01-06,69.7138900756836,70.62935931388543,68.57156757471887,68.92803577670516,1479933
2021-01-07,71.72306823730469,71.81218528575417,69.48704244850843,70.15947371654201,760968
2021-01-08,70.22427368164062,72.20104758965675,69.45462590945985,71.90939775780853,921141
2021-01-11,70.92102813720703,71.27749639803501,69.07387573687419,69.38983887052338,681408
2021-01-12,72.45220184326172,72.68714741687585,70.4997266020101,70.88050071206627,882882
2021-01-13,71.17218017578125,73.78898061492171,71.0344511725439,72.63045876721256,886743
2021-01-14,72.34689331054688,73.35148688755717,71.43141678904932,72.85729690901955,869661
2021-01-15,71.5529556274414,72.33880283780381,70.17568726685124,71.77169488877274,839475
2021-01-19,71.71498107910156,73.24617755479437,71.67447595252477,72.0795489135934,789984
2021-01-20,74.41278839111328,74.4857062867111,71.79598836272109,71.91751095695155,1010295
2021-01-21,74.65584564208984,75.38498855704974,73.5135301790476,74.54242983911126,978354
2021-01-22,74.99609375,75.24723848653886,74.00769949401888,74.31556296381834,993213
2021-01-25,74.08061218261719,75.66851964953648,73.59452189735369,74.46948585718089,903357
2021-01-26,71.07495880126953,74.57483766835985,70.86431911534213,74.57483766835985,849654
2021-01-27,68.35282135009766,69.90021659274727,67.83431825573254,69.76248762635792,1134783
2021-01-28,70.78329467773438,71.1235564924453,68.53916202818735,69.18728734662953,1179477
2021-01-29,69.87590789794922,70.70226720044283,68.2799007926833,70.07844793527322,1958112
2021-02-01,71.5529556274414,72.20107383221465,70.37822736974103,71.32610955512212,1241604
2021-02-02,72.07144165039062,73.01932370441997,71.80409048724815,71.90941392959192,1056744
2021-02-03,70.7184829711914,73.79707490569344,69.83541919323746,71.34230238294718,1803321
2021-02-04,71.86891174316406,73.09225194327152,70.32961563485799,71.03445259152244,986193
2021-02-05,71.72306823730469,72.46031058934412,71.6258516112959,72.03903131154036,880542
2021-02-08,74.18595886230469,74.24267038313087,71.76359878484223,72.06335554819921,823680
2021-02-09,74.34798431396484,74.95559734239752,73.53783119879907,73.72416489661622,997425
2021-02-10,73.01122283935547,74.89888733604198,72.4360081691855,74.74495196428893,899262
2021-02-11,73.25426483154297,73.73225561829705,72.06333765345865,73.37578742263192,561600
2021-02-12,72.78438568115234,73.57833967533773,71.72308049592394,72.75198013361079,1103193
2021-02-16,69.67337036132812,72.8086731846703,69.62475843646085,72.743862106024,1023867
2021-02-17,69.46272277832031,70.00552453947584,68.2555894577703,69.7462802546041,1430325
2021-02-18,69.53564453125,70.24048131478627,68.92803160183281,69.47894025870109,743184
2021-02-19,70.92912292480469,71.19647407510676,69.70578295652311,69.93262898651246,566514
2021-02-22,70.4349136352539,71.54482316595795,69.73817650965104,70.135156993883,805428
2021-02-23,70.92102813720703,71.09116268853867,68.47436224943931,69.92454126176536,1149174
2021-02-24,70.68608856201172,71.68258275482484,69.77061186228309,70.39443137232165,1137357
2021-02-25,67.83393859863281,70.92985603703882,67.45202628610026,70.41793410891299,1462032
2021-02-26,67.55767059326172,68.89029828604902,67.50891335635374,68.11834980417349,1948284
2021-03-01,70.05226135253906,71.0354788029066,68.24833843586546,68.24833843586546,973908
2021-03-02,69.24781036376953,70.39353979244804,68.60587170984313,70.23915159501946,1191294
2021-03-03,67.7851791381836,69.41032811931304,67.64703850090147,68.99591346084745,1255644
2021-03-04,66.9644775390625,68.85778411941467,65.33119742217363,67.56578284244914,1154205
2021-03-05,69.6866226196289,70.01165392821831,66.33880231717272,67.59017031655816,1148706
2021-03-08,70.66169738769531,71.57991013576614,69.20718415880941,69.88162527985175,1209546
2021-03-09,71.10047912597656,71.88055110718383,70.71044313537293,70.92171232805907,768222
2021-03-10,73.04255676269531,73.66010963686874,70.92172613096739,71.50678385742766,910728
2021-03-11,72.68500518798828,74.22077786810563,72.42498601735349,73.71697984493052,883584
2021-03-12,72.75814056396484,73.26193858398386,72.17308292694146,72.40060695320167,719433
2021-03-15,73.61134338378906,73.69259574186646,71.3361250366508,72.53061158621206,575289
2021-03-16,72.717529296875,73.83075653930503,72.35186457204571,73.67636831269698,869193
2021-03-17,74.22891998291016,74.24517481177864,72.0674701996991,73.02630926162773,1048086
2021-03-18,74.46454620361328,75.82967580313517,73.75761004770857,74.02576024570823,1670994
2021-03-19,74.35081481933594,75.04962740952193,73.55448776040328,74.62708888955997,1655784
2021-03-22,73.70885467529297,74.42392188787335,72.07557483685277,74.35079331085035,993564
2021-03-23,71.11676025390625,74.14767315419583,70.86485753455355,72.95318613116027,836550
2021-03-24,71.80742645263672,73.27006331059818,71.53927624112077,71.6692858272933,850473
2021-03-25,73.7251205444336,73.89575633417648,70.85672022543882,71.7342995480829,660231
2021-03-26,76.37411499023438,76.47974597105217,73.66010308646788,73.94450813747834,1129518
2021-03-29,76.43099975585938,77.17043841805766,75.98408269186986,76.38224252946746,1317654
2021-03-30,78.00739288330078,78.2105310533394,76.073460347896,76.1059627452374,1274013
2021-03-31,77.86112976074219,78.92560686482477,77.84487493511156,78.0723989736576,1319877
2021-04-01,78.94185638427734,79.04749462003097,77.86113168128712,78.18616292149287,1176201
2021-04-05,79.45378875732422,80.24199197660326,78.57620936986204,79.84382484657203,835497
2021-04-06,80.07948303222656,80.16886646531474,78.99875804671942,79.55131347552924,989937
2021-04-07,79.92508697509766,80.29074446017015,79.42128883297514,80.18511346050516,877500
2021-04-08,79.99008178710938,80.2826106399641,79.44565752136252,79.95757938716784,1002573
2021-04-09,81.8183822631836,82.55782817086616,79.868194775666,80.44512868607917,896337
2021-04-12,82.08653259277344,82.68783786343043,81.80212753050009,81.80212753050009,789633
2021-04-13,81.18457794189453,81.94839524063248,80.20948415792189,81.94839524063248,611325
2021-04-14,81.24143981933594,81.80211884443919,80.67263700856773,80.91641585893701,770328
2021-04-15,82.31407165527344,82.58222194001684,81.63150663471002,81.74526142698546,1116999
2021-04-16,83.87419128417969,84.28860589724415,82.89097386469693,83.01285966225942,902421
2021-04-19,83.29727172851562,84.15047238352534,82.6390854647273,84.07734380016247,830583
2021-04-20,81.77775573730469,83.46790951540456,80.67264514694291,82.93974008643875,899028
2021-04-21,82.87471771240234,83.15912273774512,81.73711211779097,81.73711211779097,856323
2021-04-22,83.31352996826172,84.02047354706023,82.55783641210638,83.13476312672978,1015209
2021-04-23,85.23932647705078,85.43434811789078,83.28101529604041,83.54104173270024,945828
2021-04-26,85.22307586669922,86.44194113170197,84.85741120983224,85.69436424628249,1218555
2021-04-27,85.40997314453125,86.25505003294991,85.24745389467795,85.27183250749403,751374
2021-04-28,84.3292236328125,85.49933877762986,84.22359267041493,85.41807916959992,892476
2021-04-29,85.25557708740234,85.60497966100358,84.28860722390561,84.906167260421,866034
2021-04-30,85.30433654785156,87.18138822346852,84.28861660356101,86.13316587925819,1927575
2021-05-03,87.53890991210938,88.01833656551038,85.5968537020718,86.13315410752384,1103778
2021-05-04,88.3271255493164,88.88780464470393,86.79135269035841,87.10013637151525,1291563
2021-05-05,88.57901763916016,89.25345873632617,87.12451171514712,88.57089385278172,987948
2021-05-06,89.08282470703125,89.1153343625926,88.00209988774945,88.73342207025158,720486
2021-05-07,90.65108489990234,90.83798274789585,88.53838559137128,89.22907421556063,553761
2021-05-10,90.97613525390625,92.64191789083628,90.52109435043408,90.89487561827066,926172
2021-05-11,88.35961151123047,90.94360623995085,88.16459714682495,90.34230106963105,1061892
2021-05-12,84.28050231933594,88.37589221154354,84.1179830480325,88.05898470986907,1218204
2021-05-13,87.23827362060547,87.80707652785665,84.75179275481494,84.86554753356015,721539
2021-05-14,87.71768188476562,88.31899436999957,87.08387425551835,87.6201746925846,562185
2021-05-17,86.40943145751953,87.60392536466154,85.19869723207675,87.5307895319564,736281
2021-05-18,84.44300079345703,86.64508361674014,84.35361738459086,86.64508361674014,1189773
2021-05-19,83.6954345703125,84.60552352232307,82.02152834505574,83.11850790874155,1273779
2021-05-20,84.70303344726562,84.91430267886707,83.321656028322,84.1261067671287,873405
2021-05-21,84.17486572265625,85.91378424220774,83.91483923548728,85.18246201372685,623025
2021-05-24,84.73553466796875,85.17432795212922,84.25611519677493,84.78429189511358,522522
2021-05-25,84.73553466796875,85.86501665198229,84.54052026615143,84.98743733704237,839943
2021-05-26,85.73500061035156,85.94626982314026,84.78428552611217,84.80053309835259,749385
2021-05-27,85.5069351196289,86.37853860772078,84.45612316589944,86.21562512591399,1640691
2021-05-28,84.03250885009766,86.15857824351036,83.9999261633214,86.1015567238274,1186497
2021-06-01,85.0181655883789,85.91420768665438,84.39093611958607,85.06703598473133,1015092
2021-06-02,83.16091918945312,84.9692985927844,82.90840150790424,84.93671590069097,845910
2021-06-03,82.96542358398438,83.35642316298312,82.12639562532323,82.68031593716273,1067976
2021-06-04,83.97551727294922,84.00809996852196,82.73734575598462,83.2179496048077,678600
2021-06-07,83.20979309082031,84.39094289303043,82.64772895291684,84.14656180646013,563472
2021-06-08,83.52749633789062,83.78001404706406,82.7943675073386,83.53564019398007,678132
2021-06-09,81.6539306640625,83.80443166060164,81.53988762249483,83.80443166060164,727155
2021-06-10,80.39946746826172,82.10195475847082,80.19582748222956,82.02049440127885,717912
2021-06-11,80.3913345336914,81.58877213474042,79.94331341522751,80.80677295911244,1376037
2021-06-14,79.78854370117188,80.4076294107764,79.27535719729292,80.33431289805112,932373
2021-06-15,80.594970703125,81.09186942827131,80.00032391233137,80.08992812366604,1233648
2021-06-16,79.95145416259766,80.70902174246812,79.33237574754985,80.37504369828723,1374750
2021-06-17,78.37114715576172,80.26913042906949,77.01079638078782,80.03290050161753,1316367
2021-06-18,78.00459289550781,78.62367852424248,77.0108027105669,77.2633203661582,1650168
2021-06-21,79.59302520751953,79.98403199211724,78.6399616215711,78.7214219743038,1038843
2021-06-22,80.1143798828125,80.97783944691271,80.0492144952011,80.74975331897315,909441
2021-06-23,79.31609344482422,80.12253155561994,78.876216128581,79.98405691126031,614601
2021-06-24,79.5767593383789,80.0980897420835,78.90065204061659,79.73152896113652,603837
2021-06-25,79.31609344482422,80.19584807731067,78.92509380970814,79.64192768597101,2127294
2021-06-28,80.55425262451172,80.83935299709802,79.16945549482355,79.5034335410186,1821222
2021-06-29,81.29551696777344,82.1671202499136,80.67643134059131,81.14074010750402,907920
2021-06-30,81.1407470703125,81.56433660186924,80.7253086650947,81.23035128964773,1099917
2021-07-01,81.1977767944336,81.8901790538883,80.82307216918974,81.67023677521921,915993
2021-07-02,80.69270324707031,81.39324909436843,80.63568173525316,81.23847953570635,811512
2021-07-06,79.22647094726562,80.94524599132605,77.96386809843561,80.94524599132605,1309932
2021-07-07,80.73346710205078,81.01856749595262,78.81104450413355,78.81104450413355,859950
2021-07-08,78.4200210571289,79.62560946890649,77.80093550898893,79.250897690183,1156428
2021-07-09,80.2284164428711,80.40762487992431,79.1857485117161,79.61747462311746,608985
2021-07-12,80.25285339355469,80.2772849578796,79.3893939197396,79.82926387577267,414531
2021-07-13,78.36300659179688,80.10622036164784,78.20009315462767,79.85369544491276,656487
2021-07-14,78.4200210571289,78.949502405063,77.70318745548185,78.58293447964068,568386
2021-07-15,78.59111022949219,79.17760600560118,77.8824202590898,77.90685909794848,490932
2021-07-16,77.71949768066406,78.92507905765922,77.58915964578686,78.47705796873548,506493
2021-07-19,76.88861846923828,77.33663954408796,75.95998635836914,76.26138896444873,701766
2021-07-20,78.13492584228516,78.46891113605324,76.5709276535025,76.93748836562992,715104
2021-07-21,79.6011962890625,79.69080051814319,78.22454288655,78.64813246417688,661986
2021-07-22,78.49336242675781,79.6826563477163,78.20011814613703,79.6826563477163,571428
2021-07-23,79.9677505493164,80.40762780297395,78.99024796495499,79.15316869799823,787995
2021-07-26,79.32422637939453,80.37504547984234,79.08799640530621,79.96775091666261,673101
2021-07-27,79.1775894165039,79.86999153013001,77.82538241973337,78.76215832814593,768807
2021-07-28,78.64811706542969,79.53600805516841,77.79280149301508,79.37309461205533,1210599
2021-07-29,78.85991668701172,81.0511445433077,77.41809802120427,79.66635467786703,1228383
2021-07-30,79.39754486083984,80.03291828727235,78.63997724538228,78.8110418387178,695331
2021-08-02,79.77224731445312,80.74160604586741,79.42198155304233,79.90258535545888,1047384
2021-08-03,81.61320495605469,81.7028091731421,79.19389109469455,79.89443712172285,943137
2021-08-04,80.70087432861328,82.26487255010079,80.50537091527791,81.34439155194035,1181583
2021-08-05,80.86377716064453,81.6620711473692,80.52165532136135,80.70086373034253,723879
2021-08-06,81.23848724365234,81.83313397648266,80.82304891602301,81.3769618386636,545805
2021-08-09,79.99219512939453,80.92896396210024,79.92702974001847,80.79863318334809,615537
2021-08-10,81.03484344482422,81.5154471635913,79.65004653687163,79.8618376364318,376506
2021-08-11,83.4378890991211,83.47861564940023,80.95340229219798,81.31996305860966,529191
2021-08-12,83.380859375,84.30948425479899,83.0061475183026,83.58449937769085,509535
2021-08-13,83.50304412841797,83.81258332325649,82.98985039355038,83.3482672596998,370188
2021-08-16,84.17098236083984,84.70046369312705,82.87579705842842,83.2912353626787,617409
2021-08-17,81.29551696777344,83.56006109324876,80.58682712894515,83.22607580968702,1120626
2021-08-18,79.91072845458984,81.9146040120107,79.85370692555801,81.08372718474611,658944
2021-08-19,79.33235931396484,80.01661024212275,78.63181340764469,79.12871207907415,598338
2021-08-20,80.2039794921875,80.70087826889812,79.06356346072957,79.31608114101414,847314
2021-08-23,79.9677505493164,80.87193662241857,79.24277291978221,80.64385777597711,517608
2021-08-24,81.1977767944336,81.71911445299008,80.03292182549315,80.35061218840413,418158
2021-08-25,83.2586669921875,83.50304808903422,81.18148220373486,81.72725138363074,766116
2021-08-26,81.62535858154297,83.16884451265969,81.48652350515775,83.06268251647182,503334
2021-08-27,83.08717346191406,83.24233776946876,81.6661789520234,81.88667483224924,466713
2021-08-30,82.30317687988281,83.59350830964375,82.28684763081124,83.3240100913728,566748
2021-08-31,79.51834869384766,82.02550035497359,79.09368623101507,81.78866796419348,1429974
2021-09-01,80.34319305419922,80.75151904845748,79.1508662796847,79.74702966694196,870480
2021-09-02,80.93936157226562,81.0046931523009,80.31053235719946,80.71069375229837,448110
2021-09-03,80.14718627929688,80.77601541717502,79.64085566140928,80.53918300123519,669825
2021-09-07,78.53836059570312,79.76335306835752,78.40769745349462,79.68169224939861,715221
2021-09-08,78.18720245361328,78.19536707763199,76.92953689148841,78.11369896791628,1230840
2021-09-09,78.25253295898438,79.38769269614372,77.86870086737872,78.4403630479121,685386
2021-09-10,78.15452575683594,78.82419256172956,77.75436443050188,78.49752742784445,696033
2021-09-13,79.47753143310547,80.77602019572703,79.11820047591779,79.55102763351053,944892
2021-09-14,78.5628662109375,79.66536022780946,78.13003906045346,79.66536022780946,684450
2021-09-15,78.08103942871094,78.67720282662904,77.72987308969759,78.34237302680297,943137
2021-09-16,77.69719696044922,78.44035995277133,77.23986869203655,78.07286441332415,985959
2021-09-17,77.37869262695312,77.6155250179576,76.75803546830625,76.95403016371827,1964196
2021-09-20,76.20271301269531,76.5293781729257,75.05938859681049,75.90871363950365,1296828
2021-09-21,75.44322967529297,76.62738464328434,74.83072969335758,76.55388843617096,782496
2021-09-22,76.13736724853516,77.38686070680416,75.98220296655913,76.12103071313895,946062
2021-09-23,76.17003631591797,77.19086206173519,76.14553515668742,76.58653415331118,903240
2021-09-24,75.11653900146484,76.03119541677377,75.06753668677841,75.86786651755486,1135836
2021-09-27,75.99037170410156,76.5457045900166,74.78988049717462,75.04304213571093,1025856
2021-09-28,74.24272918701172,76.08022180114519,73.7445704194092,75.36972446261774,1417455
2021-09-29,74.95323181152344,75.5902329895343,74.25907096405224,74.70823472298588,1401777
2021-09-30,73.0259017944336,75.67188158642152,73.00140063157386,75.27988485019527,1139112
2021-10-01,73.40973663330078,73.90789537396695,72.77273553465744,73.35256968111885,1206387
2021-10-04,74.64289093017578,74.74088829159447,73.01772974830605,73.34439490954482,1440153
2021-10-05,75.30438232421875,75.71271557896338,74.33255151067621,74.67555319422398,1229085
2021-10-06,76.67636108398438,77.06835773252975,74.6102085892274,74.6102085892274,1460745
2021-10-07,77.92585754394531,79.18351563333052,77.56652666126382,77.57469128409518,1005966
2021-10-08,77.32154846191406,77.93404112005817,76.98671136629545,77.68904405680053,603603
2021-10-11,75.98221588134766,77.70536710120804,75.80255041066025,77.07653795380209,1390545
2021-10-12,75.69638061523438,76.84787691843333,75.24721694161272,76.19454661319402,2025504
2021-10-13,75.19820404052734,76.12920433294461,74.96954356874511,75.94136697596393,1032291
2021-10-14,77.67269134521484,78.15452074659223,75.76987489889844,75.9740342158764,871065
2021-10-15,77.37869262695312,78.84868929175397,77.32153297483954,78.5546899587938,684567
2021-10-18,79.18353271484375,79.25702891586423,76.52938092617619,77.40320716304628,1371591
2021-10-19,78.88135528564453,79.52651360540682,78.62818635775643,79.52651360540682,689598
2021-10-20,80.294189453125,80.38402219101428,78.93036184614994,78.93036184614994,787644
2021-10-21,78.391357421875,80.26968010154015,77.5012020480292,79.59185596924088,1646658
2021-10-22,78.57101440429688,79.40401003350546,78.39952087875051,78.39952087875051,826020
2021-10-25,79.42035675048828,79.97568238125957,78.1545266091874,78.53835869242667,1138527
2021-10-26,79.63268280029297,80.01651485848706,78.91402100276945,79.56735123503485,1469403
2021-10-27,81.00468444824219,85.34932153187657,80.93935287522687,84.60616577652362,2148237
2021-10-28,83.42200469970703,83.70783215760801,81.07818163773497,81.21701669947396,1344564
2021-10-29,82.80949401855469,83.9201597882697,82.34400114830729,82.8829974969151,1032291
2021-11-01,82.59715270996094,83.30764979822416,81.94382255683439,83.1524855270709,652041
2021-11-02,82.82583618164062,83.20149635264082,82.17250590442688,82.66249996741587,882414
2021-11-03,82.55635070800781,83.51184510991796,82.36852059356983,82.79318315223126,823914
2021-11-04,83.0218276977539,84.19782506744507,82.54817019034203,82.54817019034203,706914
2021-11-05,83.59349060058594,84.6469820870397,83.19332202530038,83.67515140833085,766935
2021-11-08,83.83032989501953,85.24315237957414,83.10349615927976,84.66331831567824,596349
2021-11-09,85.43914794921875,85.45548448618604,83.7649918877468,83.7649918877468,789516
2021-11-10,84.20599365234375,85.94548133869634,83.98549778007465,84.86748855899374,724932
2021-11-11,84.21416473388672,84.77766232827645,83.72417062911822,84.4918348637759,593541
2021-11-12,86.97447967529297,87.00714546067125,84.25499654626941,84.36115852628815,828009
2021-11-15,87.30115509033203,87.79931384334378,86.39465574744153,86.79482442263217,941148
2021-11-16,88.869140625,89.2039704262247,87.39098635088163,87.79114772944136,950508
2021-11-17,88.44447326660156,88.99980622339804,87.83198065013195,88.7793030495945,445419
2021-11-18,87.8646469116211,89.09780406532575,87.46447826284589,88.67314154363392,754182
2021-11-19,87.66863250732422,88.89362486356926,87.63596672487628,88.05246456339012,971919
2021-11-22,87.2848129272461,89.01613609366268,87.27664830292763,87.90547746215533,946296
2021-11-23,86.54981231689453,87.2194718143209,85.74948239544771,87.2194718143209,1675089
2021-11-24,86.4515609741211,86.76266004643816,85.72294708423593,86.23052285802387,834093
2021-11-26,84.26571655273438,85.86212820429125,83.69264851413843,84.61774646328212,617877
2021-11-29,84.290283203125,85.03527389189483,83.64353087650274,85.03527389189483,694629
2021-11-30,82.30091857910156,84.23297625369516,81.86701968798488,83.86457691223875,2005146
2021-12-01,80.63084411621094,84.6095825532399,80.5980979894813,83.54530785732464,2886390
2021-12-02,83.90550231933594,84.15110186445038,81.04834681614861,81.38400001498971,1503918
2021-12-03,84.920654296875,85.49372234056558,84.15110223157347,84.28209401523756,824850
2021-12-06,85.1826400756836,86.14866896278046,85.10077111521589,85.97674633812964,840294
2021-12-07,86.3042221069336,87.45855043064824,85.69022312138351,85.90307659022567,1364454
2021-12-08,87.81057739257812,88.21990759960703,86.23054218553082,86.451580351171,1203813
2021-12-09,86.71355438232422,87.57316021778739,86.39427054451873,87.38486087355783,619866
2021-12-10,86.51707458496094,87.33574963334776,85.99312927714334,87.32755762126827,925821
2021-12-13,85.48554229736328,86.83634718278508,85.21538132027892,86.21415627283514,793377
2021-12-14,84.94522094726562,85.95218791800033,84.69142937487027,85.27268946494848,1183572
2021-12-15,86.77902221679688,86.82814504195449,84.69960377351013,85.3790947774978,1167660
2021-12-16,85.87030792236328,87.51583500253786,85.61651638259474,87.39303523766496,719667
2021-12-17,82.47282409667969,85.38729428471869,82.40733186256487,85.38729428471869,1850589
2021-12-20,79.5665512084961,81.75240034096056,78.82156055342898,81.75240034096056,1019421
2021-12-21,81.50680541992188,81.56411295877808,79.88583954082834,80.45072291828897,862875
2021-12-22,82.25180053710938,82.75119169921808,81.3840100120754,81.3840100120754,612027
2021-12-23,84.11835479736328,84.58499977403655,82.53831986969074,82.53831986969074,926874
2021-12-27,85.76387023925781,85.85392387966024,84.0282896591801,84.3639428083584,847899
2021-12-28,86.70535278320312,87.17199043146786,85.8130009982277,85.8130009982277,660933
2021-12-29,87.2947998046875,87.79419093269722,86.7381084464259,86.7381084464259,756522
2021-12-30,86.59892272949219,88.23626512481121,86.46793826097465,87.59769757136331,400023
2021-12-31,87.51583862304688,87.85149181477,86.05041877843114,86.533433155652,342693
2022-01-03,85.69021606445312,87.7450736284916,84.28210355808059,87.59771242254101,1147887
2022-01-04,87.85148620605469,88.15439326030312,86.06678268883991,86.13228222870067,1117935
2022-01-05,85.23995208740234,88.75204517472575,85.01890661332457,88.10529277632482,828126
2022-01-06,85.82939910888672,85.98495235143704,83.97101798105463,85.8212144038385,850356
2022-01-07,82.94766998291016,85.66565669256075,82.73481652651101,85.58378773001604,999882
2022-01-10,82.16991424560547,82.2435984873125,80.72087121083393,81.86700719227254,974259
2022-01-11,84.24115753173828,84.30665707873534,81.6132321053217,82.43189971119469,1063179
2022-01-12,85.79663848876953,86.05043007234691,84.69143310636596,85.08440119111619,992511
2022-01-13,85.02710723876953,87.09834183342423,84.77331561463168,86.06681323469762,652158
2022-01-14,83.07865905761719,84.63412544828287,82.33366833078756,83.63535044599746,640692
2022-01-18,80.53257751464844,82.42371151574922,80.12324738294146,82.19448138039878,817830
2022-01-19,79.37007904052734,81.38400568156928,79.30457949053529,81.09746798713792,615654
2022-01-20,79.0426025390625,81.77695818393427,78.82155710917594,80.35246917451461,1144377
2022-01-21,77.29064178466797,79.87764344422091,77.23333425398576,78.40403166634971,932139
2022-01-24,80.12326049804688,80.36886007882647,75.62876186180341,75.82523860331852,1119339
2022-01-25,77.92921447753906,79.59930322099574,76.85676255072674,78.37129808159011,579150
2022-01-26,75.4322738647461,79.70573411618938,74.81008293363467,78.73970525153567,1135602
2022-01-27,74.22883605957031,76.92226143372423,73.10725389180193,76.05447086543217,1129167
2022-01-28,75.72698974609375,75.80066668701649,72.00203649159629,74.10602396808973,1550250
2022-01-31,77.09416961669922,77.23333879273183,75.14572807454053,75.48957327884037,910026
2022-02-01,76.9058837890625,77.77367434687717,75.08844101709381,77.1023678413742,970398
2022-02-02,77.74092102050781,77.83915938367666,75.90710170250189,77.0368684561415,1418040
2022-02-03,74.49081420898438,76.96319416940885,73.3774167178063,76.96319416940885,1827540
2022-02-04,73.19731140136719,74.08966343678333,71.576345269324,73.93411751037408,1657773
2022-02-07,73.0663070678711,74.02415109575504,72.72246918215967,73.1972915371383,1315548
2022-02-08,74.45806121826172,75.10480626795481,72.69791878005165,72.8616493914388,1468467
2022-02-09,76.35736083984375,76.62752178697038,75.2275942217615,75.2275942217615,1014741
2022-02-10,73.36921691894531,76.11176463743597,73.05812513874177,74.74458312953934,1497249
2022-02-11,72.69792175292969,74.53992591827392,72.41956874053204,73.63120454542943,1425528
2022-02-14,73.0581283569336,73.69668865863414,72.07572283355312,72.97625940304258,1924650
2022-02-15,74.01597595214844,74.78552077013101,73.5657076461801,74.2042679779795,1257633
2022-02-16,74.58903503417969,75.17028775614455,73.41015287756909,73.67212181830253,1634022
2022-02-17,73.16454315185547,74.88375445043016,73.099050919252,74.16332527625251,1069848
2022-02-18,72.6897201538086,74.35980877683303,72.50142814090539,73.32828774953585,1558206
2022-02-22,70.63485717773438,72.94350590488749,70.27464258637389,72.23126142439656,1577160
2022-02-23,68.94021606445312,71.5026566574276,68.76829344907945,71.27342650359603,1422018
2022-02-24,69.86018371582031,69.86018371582031,66.72243406704229,67.01813968117689,2282553
2022-02-25,72.26689910888672,72.33260984770888,69.56448815065383,70.02447798671129,1826253
2022-02-28,71.3797836303711,71.91369617088232,70.32838989878542,71.17443208923982,1537848
2022-03-01,68.87450408935547,71.14157568523704,68.20095808313006,71.10050097831933,1775007
2022-03-02,70.90335845947266,71.31406147596104,68.87449406331339,69.44126187977955,2228616
2022-03-03,71.47834777832031,72.49688611536469,71.10050007310048,72.06153968691248,1633554
2022-03-04,69.64662170410156,70.88693557684353,68.99771174042549,70.59122995623545,1490346
2022-03-07,66.54173278808594,69.81091156631422,66.50887742001764,69.77804886609505,1669590
2022-03-08,66.83744049072266,68.60344774040847,65.99139090742463,66.73886705133191,1769157
2022-03-09,69.79447174072266,70.74729929544924,68.22559694433663,68.57058193323591,1508481
2022-03-10,69.23591613769531,69.48234236740105,68.29951992769358,68.39808602028587,1111149
2022-03-11,68.89916229248047,70.35304738974958,68.80059617251119,70.11484043404312,1188837
2022-03-14,67.79025268554688,69.71233187182509,67.48633505908496,69.5480550462309,1198314
2022-03-15,69.26056671142578,69.49877362579285,68.12703086596531,68.34060175372953,1413126
2022-03-16,70.24624633789062,71.23192931529123,68.36523447271405,69.9505407114554,1876914
2022-03-17,70.87873077392578,71.05943896798446,69.4823519406182,69.52341931848571,870363
2022-03-18,71.40442657470703,71.82334166318533,69.7698335959219,70.70622987247617,1830465
2022-03-21,68.36522674560547,70.4844452740956,67.8395336163662,69.0962787205947,1374399
2022-03-22,67.94631958007812,68.94843390936397,67.33027230007903,68.83343646185735,1737684
2022-03-23,65.33426666259766,67.08385716708497,64.97285028273188,66.98528373101186,2021994
2022-03-24,63.71611022949219,65.35069589487273,63.39576123693771,65.2192744272353,2466945
2022-03-25,63.74073791503906,64.06108686567565,62.15543917353536,63.84752334263448,2071134
2022-03-28,64.06108856201172,64.38964952896373,63.46146534723554,63.89681174461064,1538082
2022-03-29,66.08174133300781,67.26456388275382,65.16177638559502,65.29319785461094,1733940
2022-03-30,63.83109664916992,66.0242380892382,63.494323658748996,65.58889900380021,1409148
2022-03-31,61.013694763183594,63.6586104111712,60.99726708001103,63.420403506056076,2386215
2022-04-01,61.522972106933594,62.26222890200992,60.373008538194206,61.909024522770686,3204045
2022-04-04,61.9418830871582,62.2458080950294,60.832994171259585,61.39976214268214,2422017
2022-04-05,61.31761169433594,62.4347197997233,61.087620466495245,61.950093986529446,2614131
2022-04-06,59.78981399536133,60.66049961336587,59.157335304217064,60.4469323804761,2783664
2022-04-07,59.08340072631836,59.81444542448389,58.188071871979595,59.568026522374176,2608866
2022-04-08,59.871944427490234,61.32582548856993,58.90269283082049,59.3955306373576,2590731
2022-04-11,58.606990814208984,59.36267891899049,58.03201089387851,58.03201089387851,2619162
2022-04-12,57.76915740966797,60.50442338242084,57.539166187555374,59.26410951858762,1831752
2022-04-13,58.56591796875,58.574133643278984,57.49809657841906,57.49809657841906,1872468
2022-04-14,57.202396392822266,59.11626380219789,57.161329014497234,58.639849952162685,1506609
2022-04-18,56.64384460449219,57.78559251963378,56.077076651573904,57.070975404544946,1371240
2022-04-19,58.919124603271484,59.354467384387725,56.767050390082495,56.767050390082495,2048553
2022-04-20,59.57624435424805,60.126584599785154,58.96840904772012,59.64195875635609,1287702
2022-04-21,59.724098205566406,61.16155174269118,59.403752862774084,60.66871021572764,1875276
2022-04-22,57.93343734741211,59.37910272870806,57.8595109434981,59.37910272870806,1538316
2022-04-25,60.08551788330078,60.20873102134727,56.931336337254876,57.67060050123102,2025621
2022-04-26,59.35446548461914,60.906912698652555,59.04233217368048,59.945873074233006,1763424
2022-04-27,60.13480758666992,60.87406812122582,58.672710537487866,59.584467274216465,3187899
2022-04-28,62.45936584472656,62.89470496162716,59.995158300081656,60.66870799567706,2740257
2022-04-29,58.524845123291016,64.81677949034777,58.35235262425422,62.11436889886233,4707495
2022-05-02,58.47556686401367,59.60088703526042,57.169538504657616,58.598776325710865,3052881
2022-05-03,60.73442077636719,61.16154787306642,58.344139705128306,58.344139705128306,2806596
2022-05-04,63.51897048950195,63.69967867299157,59.79802137848832,60.51264210378377,2214459
2022-05-05,59.94587707519531,62.68114331709131,59.321614077728086,62.60722057127158,1968291
2022-05-06,58.24557113647461,59.89658806101308,57.71987429647418,59.89658806101308,2526732
2022-05-09,58.50020980834961,59.280541281670885,57.383101653889746,57.79380474473801,1740609
2022-05-10,56.9724006652832,59.707666751234804,56.693122717815285,59.66659571006226,1807533
2022-05-11,54.6724739074707,57.70344543325322,54.647830551104164,56.964181403007466,1762839
2022-05-12,56.40563201904297,56.70133764587117,54.22070618213236,54.54926717503588,1974960
2022-05-13,57.21060562133789,58.13057418257557,56.578127006357285,56.832761587226436,1924767
2022-05-16,56.40563201904297,57.12846473700062,54.73818736300651,56.93954454902998,2519010
2022-05-17,57.54737854003906,57.91701056535527,56.15099618428635,57.60487726242993,1212354
2022-05-18,54.38499069213867,56.72598518978272,53.941432219162216,56.32349776046901,1696851
2022-05-19,54.57390594482422,55.37066505603199,53.89214427901298,54.05642477269011,1604304
2022-05-20,54.844966888427734,55.43637811785012,53.267876386759816,55.231026589181226,1670643
2022-05-23,55.44459533691406,55.93743685239371,54.54927006656435,55.85529843285147,1460745
2022-05-24,54.0235710144043,55.29674396176094,52.94753393211009,55.16531882969423,1259271
2022-05-25,55.428165435791016,55.59244593437942,53.4896584853081,53.61286794273058,1085760
2022-05-26,57.68818664550781,57.89439014289294,55.92306365056512,56.17875922691129,1054404
2022-05-27,58.10884475708008,58.83468928322959,57.53971532403992,58.13358711415755,1207089
2022-05-31,57.201534271240234,58.01811302813785,56.43445127155692,57.415991343498966,2613780
2022-06-01,56.459190368652344,57.57270310969542,56.195248598468574,57.556206979143326,1138293
2022-06-02,58.35628890991211,58.35628890991211,56.71488886184374,57.003576683534575,1928628
2022-06-03,58.43877410888672,58.61198533191177,57.13555025754606,57.49847251659904,1429272
2022-06-06,58.3892822265625,59.32958382197409,58.216071002961996,58.95841165518655,1087164
2022-06-07,58.529510498046875,58.68622560501463,56.912852621733236,57.50672814571813,1261494
2022-06-08,56.95408248901367,58.1583257287138,56.67364460226301,58.1583257287138,1122849
2022-06-09,56.98707962036133,57.8613929775184,56.42620011755971,56.55817284802786,1000350
2022-06-10,53.770267486572266,55.749843707249944,53.74552144932428,55.749843707249944,1138059
2022-06-13,51.22980880737305,53.01967770556123,50.784405900080166,52.12886820962504,1851642
2022-06-14,50.57819366455078,51.74944463750318,50.09154863718537,51.13907311591177,1413711
2022-06-15,51.238059997558594,51.988650555736996,49.98432821932076,51.147329432563424,1567215
2022-06-16,48.09547805786133,49.703882041468056,47.65007149906704,49.58015922447526,1746342
2022-06-17,48.05424499511719,48.755343545125555,47.361392671083735,47.7573072330026,3491046
2022-06-21,48.09547805786133,49.25022925826101,47.922263168991265,48.85431477134399,1667250
2022-06-22,48.26044464111328,48.738839794770655,46.899482565017294,47.03970519818525,1242540
2022-06-23,50.594688415527344,50.75965338865017,48.35941689513047,48.35941689513047,1430325
2022-06-24,52.161869049072266,52.54953740129984,50.86689492044062,50.98237153974697,2250729
2022-06-27,51.86492919921875,52.450551094370084,51.543245418670125,52.09587873084675,1064700
2022-06-28,50.421485900878906,52.549531107389726,50.380243730158966,51.85667883723731,858546
2022-06-29,49.95133590698242,50.413234956677634,49.0605263895982,50.413234956677634,1120275
2022-06-30,49.39045333862305,49.91834428451017,48.359424848060456,49.192496074590665,1386801
2022-07-01,50.89988708496094,51.254559461477484,49.621409185388075,49.63790531815507,1075581
2022-07-05,51.930912017822266,51.94740814944173,50.02557016159387,50.02557016159387,1084122
2022-07-06,51.11433792114258,52.51653858661016,50.47097405018903,52.28558537678804,1291914
2022-07-07,51.73295211791992,52.00514379778118,50.751412089206575,51.33703761654906,1202409
2022-07-08,51.00711441040039,52.31033468433467,50.76791496033696,51.807193425431095,1799694
2022-07-11,50.883392333984375,51.617483146778326,50.586454573413285,50.72667354641592,879957
2022-07-12,51.52675247192383,52.326831497352515,50.75141948694427,50.8503962860391,1002690
2022-07-13,51.73295211791992,51.88966720098538,49.76987206049323,50.487466634059125,1413126
2022-07-14,50.94112014770508,50.990612222082746,49.90184180602962,50.545205640785966,1157481
2022-07-15,51.873172760009766,51.996895585549716,50.429729978442445,51.90616502264036,994617
2022-07-18,52.06288528442383,52.8877065992321,51.54324424837109,52.277338679019955,946296
2022-07-19,53.95173263549805,54.149689904202944,52.45880137272088,52.788731381012596,1037790
2022-07-20,54.50436019897461,54.537352460051515,53.4403358504678,54.05070740579154,956007
2022-07-21,55.85707473754883,55.931309173707376,53.64654882917398,54.14144384311408,1237392
2022-07-22,56.42620849609375,57.35001038384214,55.84058286894982,56.40146245503452,1347723
2022-07-25,55.51064682006836,56.56642134349138,54.99100946493306,56.21999521295099,1495026
2022-07-26,54.72705841064453,55.34567617483584,54.14968281242602,54.9250193347739,1478880
2022-07-27,55.23020553588867,55.55188560846835,53.85274732280703,54.933267818830295,2420496
2022-07-28,57.226280212402344,57.523217941681175,55.47765346238343,55.77459119166226,2212470
2022-07-29,57.47372817993164,57.82840052026537,56.70664151844424,57.226278850969365,1516554
2022-08-01,57.40774154663086,57.935628799831946,56.17050591198302,56.86335816189385,1463787
2022-08-02,55.782840728759766,57.32526408622599,55.6921101595765,56.77263076422305,1472328
2022-08-03,55.04049301147461,56.22824016602701,54.70231681730251,55.997290659796064,1163799
2022-08-04,55.94780349731445,56.46744453362495,54.669329354322336,54.784802276896464,923130
2022-08-05,55.46115493774414,55.49414719927361,54.37238821916963,55.04049439986757,1095471
2022-08-08,56.154014587402344,56.813874630727355,55.80758843279179,56.08803005561016,1213524
2022-08-09,53.48983383178711,55.7086134852221,53.2423881479978,55.7086134852221,1530594
2022-08-10,55.98904800415039,56.33547414903176,54.545605120252894,55.287949488820615,1423422
2022-08-11,56.962337493896484,57.93562764181441,56.401454307483995,56.62415760079333,1218087
2022-08-12,57.31700897216797,57.87788846876859,56.665398914626806,57.21803218642393,869895
2022-08-15,56.912845611572266,57.38299455591644,56.25298931703943,56.97058391166461,981279
2022-08-16,57.77892303466797,58.19958366010189,55.88182710700351,56.22825328786962,1033812
2022-08-17,56.33547592163086,56.929347753820544,55.98080354002267,56.929347753820544,1378494
2022-08-18,57.077816009521484,57.152050447904195,56.32722539995784,57.03657751813725,952848
2022-08-19,55.76634216308594,56.78912441883478,55.33743537524315,56.78912441883478,1716624
2022-08-22,54.10845184326172,55.03225740919713,54.001225134623866,54.90853088567566,1180413
2022-08-23,53.70428466796875,54.64458257434967,53.390850805391615,54.23217192233796,660348
2022-08-24,54.174434661865234,54.496114755732904,52.99493730299988,53.54756692466865,1041885
2022-08-25,55.55778884887695,55.63234110770435,54.10816611259198,54.49749416456707,853866
2022-08-26,52.13667678833008,55.84770786501033,52.078691292315916,55.748303629398706,1357200
2022-08-29,51.647953033447266,52.294067685108004,51.41601102782484,51.67280132182696,958464
2022-08-30,51.573394775390625,52.608837361385575,51.42429027400819,52.277494846560465,1568502
2022-08-31,50.885868072509766,51.83019554021351,50.87758654137257,51.83019554021351,1302444
2022-09-01,50.74504852294922,50.87758629451032,49.56050120133254,50.479972979827,1311921
2022-09-02,50.16519546508789,51.556832674152325,49.7841489506584,51.556832674152325,1137123
2022-09-06,49.568782806396484,50.48825828337508,49.022068657142206,50.322586992954506,1187667
2022-09-07,51.65623474121094,51.65623474121094,49.62676436771803,49.85042114657388,1306656
2022-09-08,52.277503967285156,52.277503967285156,50.546242537530915,51.026689637560864,1218672
2022-09-09,53.586299896240234,53.78510467219219,52.410034299987025,52.410034299987025,1100736
2022-09-12,53.71883010864258,54.853676883789,53.354354095933765,54.00875757067116,1708902
2022-09-13,50.629066467285156,51.88816947680709,50.36399467909353,51.788765245540674,2527317
2022-09-14,49.593631744384766,50.86929801420269,48.84811283189095,50.612507714696704,1691469
2022-09-15,49.80072021484375,51.27519123550602,49.57706343894161,49.7013159709611,2129751
2022-09-16,49.68474578857422,50.04094029939809,48.906089740313426,49.09661298749318,2034747
2022-09-19,49.991241455078125,50.529674041374165,49.14631829362249,49.535646357648496,1617876
2022-09-20,48.6575927734375,49.48594922921418,48.11916385001675,49.30371117865452,1108575
2022-09-21,47.464759826660156,49.577067847261894,47.439911536313836,48.94751620662041,1614366
2022-09-22,46.089683532714844,47.29079736605643,46.03997956792966,47.133411336533584,1406106
2022-09-23,46.06483840942383,46.26364320683278,45.25304876431805,45.609243311796675,1467180
2022-09-26,44.65663528442383,46.396181918680846,44.441263724256764,45.99028708783555,1469871
2022-09-27,44.838871002197266,45.56782313549529,44.32529041789879,45.36901834433326,1457586
2022-09-28,46.78550720214844,47.00088246360939,45.19506875950284,45.393873564833534,2015325
2022-09-29,45.17021560668945,46.23051033916433,44.98797756508009,45.92401975956892,1642563
2022-09-30,44.474395751953125,45.56782397197194,44.25073897137332,45.07081013638743,1838070
2022-10-03,46.230506896972656,46.55356421110481,45.095659986781236,45.1702122434443,1694745
2022-10-04,48.839820861816406,48.94750662453518,47.34049801609907,47.36534999869239,1496547
2022-10-05,48.185428619384766,48.674157241586464,47.050581622381,47.84580082480329,1335087
2022-10-06,48.78184127807617,49.154602576586676,47.903784616795264,47.903784616795264,1655082
2022-10-07,47.01743698120117,47.95347895613969,46.810347001723144,47.90377499491388,1279746
2022-10-10,47.23281478881836,47.655276332914156,46.51214422604046,47.365352541245024,1159704
2022-10-11,47.4813232421875,48.16886034040597,46.63640379056001,47.249384931653665,1211769
2022-10-12,47.216251373291016,47.63042771968416,46.61155176323217,47.63042771968416,1109511
2022-10-13,47.47303771972656,48.41736133766797,44.325287397106514,45.84946228829107,2034513
2022-10-14,45.96542739868164,47.78781121815148,45.907441904404536,47.25766393736434,1830348
2022-10-17,46.280208587646484,48.01975513458653,45.94058450574685,47.100279738965696,1515267
2022-10-18,47.81266784667969,48.18542916271328,47.08371567053577,47.52274402181445,1362114
2022-10-19,45.567832946777344,47.46476594727878,45.070819013303534,47.19969406769362,1432197
2022-10-20,44.267303466796875,46.71923530599409,44.25902193670529,45.41871713001294,2032758
2022-10-21,45.65894317626953,45.67550993447864,43.86141109090694,44.490962691300425,3989115
2022-10-24,46.10625457763672,46.586697937399755,45.3441652501878,46.11453610779708,1658826
2022-10-25,48.73214340209961,48.914381446536765,46.4127491009598,46.429315859807545,2082015
2022-10-26,48.54990005493164,48.94750961807362,47.265948656127776,48.14400526471473,2251314
2022-10-27,49.04692077636719,50.861019747642246,48.59960718189713,49.1297545732438,2704806
2022-10-28,50.83616256713867,51.02668582616121,48.61616897515898,48.69900646068591,1611324
2022-10-31,49.966392517089844,50.54624014317552,49.57706445812086,50.36400210657077,1568502
2022-11-01,49.73444366455078,51.358019012422595,49.44451989140703,51.00182821585558,1727154
2022-11-02,47.74639892578125,50.156912148634525,47.72983216762425,49.5687792941696,2143323
2022-11-03,45.973724365234375,47.05058595772081,45.576114727386646,46.69439137169435,1436526
2022-11-04,47.5972900390625,48.16885608293954,46.454161648419934,47.09199471884616,1158300
2022-11-07,48.43393325805664,48.674156801607914,47.32393825757909,48.185428183823966,1267929
2022-11-08,48.25168991088867,49.39482199970321,47.53930458637798,48.848107938830694,1173861
2022-11-09,48.144004821777344,49.12974719059985,47.49789021189396,47.72982850540762,1378845
2022-11-10,54.41465377807617,54.44778729198645,50.67877429390495,50.976979616209036,2951091
2022-11-11,55.7068977355957,56.65950302300255,54.2407081264801,54.38152742770434,1609452
2022-11-14,54.20756912231445,55.46666856912118,53.95906036617827,55.06077376855104,1577277
2022-11-15,55.76487731933594,57.02397675985892,54.77913122410868,56.45241069042104,1516320
2022-11-16,54.43951416015625,55.56607598956382,53.90936676447407,55.441823444676714,1652742
2022-11-17,52.956756591796875,53.528322722219976,51.979299316633025,53.0975758930924,804960
2022-11-18,53.3543586730957,54.13301472858111,52.6585400987567,53.94249147963362,1209078
2022-11-21,52.99817657470703,53.50347198322372,52.60056325459446,53.13071434807788,825669
2022-11-22,53.78511047363281,54.157868082332804,53.064439848100484,53.56973522076824,1071603
2022-11-23,55.08293914794922,55.56546332175346,53.552162944482454,53.901579049995306,1265589
2022-11-25,55.69025421142578,55.8899200144597,54.866627668365716,54.99142204424519,642681
2022-11-28,53.98476791381836,55.33251671841647,53.64367294238005,55.09957390165674,1290159
2022-11-29,54.69192123413086,54.700242344401104,53.60207486302867,53.60207486302867,1186146
2022-11-30,54.35914611816406,54.409061642671986,52.29593026080706,53.859979733713146,3328182
2022-12-01,54.54217529296875,55.40739631308551,54.05133000231925,55.08293982296324,1920438
2022-12-02,52.894927978515625,53.75182786289723,52.337524955914866,53.48560801763382,2051946
2022-12-05,51.13953399658203,52.35416747117568,51.03137811493662,52.029710965612054,1758627
2022-12-06,50.590450286865234,51.92987820445885,49.3258975216254,51.280965168225194,1992510
2022-12-07,49.78346633911133,50.63204893230983,49.58380050185128,50.465660115739055,1992276
2022-12-08,50.55717086791992,50.673644146749794,49.167827485713445,49.73354794422795,2016144
2022-12-09,50.19111633300781,50.42405917799748,49.47564557549567,50.199437444279376,2401776
2022-12-12,51.505592346191406,51.838366273952666,49.8916196739583,50.37414762455505,2080377
2022-12-13,52.595428466796875,54.48393818013762,52.13786019762286,53.851663714153524,3144258
2022-12-14,51.49726104736328,53.260979967293935,50.88994252985185,52.453995647372736,2642445
2022-12-15,56.085758209228516,56.15389403066912,48.191701601442404,49.69069709938335,3467900
2022-12-16,55.60881042480469,57.52635305109176,54.21688649007341,55.97868955717284,28490400
2022-12-19,53.68153381347656,55.102657803545476,53.63286218266156,54.65490701979074,2534000
2022-12-20,53.85673904418945,54.67436893883477,53.194844994417956,53.53552411718684,2532700
2022-12-21,54.93718719482422,55.23893425169041,54.226625138130714,54.32396469508324,1388900
2022-12-22,54.99559020996094,55.03452603223288,53.51606238174635,53.98328110963658,966100
2022-12-23,55.316802978515625,55.530942566263455,54.68410888764319,55.044255946553655,898800
2022-12-27,55.2486572265625,55.82294752180343,54.538095287217594,55.08318557675733,766200
2022-12-28,54.33369445800781,55.71588640230757,54.314226547454375,55.33626771620198,847700
2022-12-29,56.076026916503906,56.523777667574386,54.27528438839618,54.73277095016862,942700
2022-12-30,55.5893440246582,55.871623143699104,55.10265742484593,55.42386864989751,988300
2023-01-03,56.436180114746094,57.2246137773394,55.50174269375538,56.621119693965845,1140100
2023-01-04,58.82094192504883,59.12268894942331,57.010467205049956,57.1175388496062,1343000
2023-01-05,57.72102737426758,58.13957812815162,56.864457957816064,58.13957812815162,1211900
2023-01-06,59.24922180175781,59.959783746099916,57.944901649823635,58.53865985741571,1129300
2023-01-09,59.55097198486328,60.76768847080258,59.08375329983747,60.16419813345142,1069600
2023-01-10,59.658042907714844,59.76511455128151,58.7333376469674,59.220024235453,951000
2023-01-11,60.3199348449707,60.456206490857134,58.38292065710593,58.68466766808579,1390200
2023-01-12,61.00129699707031,61.50745150942791,59.356297616751185,61.32251193713583,1180700
2023-01-13,61.62425994873047,61.81893162240111,59.31736274186686,59.31736274186686,1372300
2023-01-17,60.80662536621094,61.74106275280872,60.48541042593564,61.35171198516426,957900
2023-01-18,60.066856384277344,62.24721388090969,60.04738847564124,61.46851610108525,1127500
2023-01-19,58.266117095947266,60.10579174722819,57.72102679762837,59.94032009475796,963500
2023-01-20,60.33940505981445,60.35886925586463,57.95464002627503,58.96694902458855,715300
2023-01-23,61.390647888183594,61.40038369960623,59.72618059482808,59.93058807721403,1036100
2023-01-24,61.17650604248047,61.974671794320564,60.79689107674239,61.03050228580193,799400
2023-01-25,61.05970001220703,61.088900019826454,59.84298351974366,59.84298351974366,493100
2023-01-26,61.0986328125,61.682655214778805,60.36860295308955,61.43931192830866,820500
2023-01-27,61.38091278076172,61.7021239926035,60.894226200964404,61.16676949745124,813300
2023-01-30,59.63857650756836,60.933160934871,59.599640688354604,59.81378398090617,1140100
2023-01-31,62.79230880737305,62.81177300431859,59.91112124016616,60.07659661919665,1133800
2023-02-01,64.3399658203125,64.91425985912156,62.01360451032318,62.373755260974555,927300
2023-02-02,65.36200714111328,65.90709371731693,64.24262655676854,64.24262655676854,1558900
2023-02-03,64.46651458740234,65.01160123922439,63.90195631158742,64.72932210131692,1077000
2023-02-06,62.6657600402832,63.785140635827744,62.21800928731493,63.55153316172424,683400
2023-02-07,63.532066345214844,63.60020217307519,61.69239527986148,61.838399033937584,754500
2023-02-08,61.97466278076172,63.07457912388919,61.283568778872706,62.928571675321685,795900
2023-02-09,61.546390533447266,63.50286914430067,61.20571137908512,61.867605490238105,965900
2023-02-10,61.741058349609375,61.887065805344236,61.04022850308021,61.27383968963121,631100
2023-02-13,63.16218185424805,63.171917664903965,61.4003788641577,61.809193796734306,825800
2023-02-14,63.29845428466797,63.46392593663558,61.9746662164316,62.26668112975493,1113500
2023-02-15,63.04537582397461,63.82407731652435,61.896798920023926,62.529489241315716,1078800
2023-02-16,62.7728385925293,63.27899683944954,61.264110802956715,61.68266159603562,978900
2023-02-17,62.63656234741211,63.88247882363834,60.83582345829614,61.70212499024244,1760100
2023-02-21,59.28815841674805,62.14987414096422,59.22975469102465,62.14987414096422,1107900
2023-02-22,60.4270133972168,60.94290003369334,59.22002892835034,59.22002892835034,1276900
2023-02-23,60.622406005859375,61.032744943630696,59.63564486055621,60.64194631022296,947300
2023-02-24,60.04597854614258,60.59309587362946,58.85404982569642,59.37185483391651,897700
2023-02-27,59.772422790527344,61.081593357057706,59.7528824863186,60.84711343348471,872000
2023-02-28,60.52470016479492,60.83733753918618,59.46954623102582,59.46954623102582,2365700
2023-03-01,59.29369354248047,60.33907557298086,59.09829795792225,59.977589269229895,1101900
2023-03-02,60.03621292114258,60.212071936817665,58.55118330373743,59.0689883349296,870100
2023-03-03,61.12067794799805,61.37469446539914,60.01667491332657,60.417241858376265,867300
2023-03-06,59.40116500854492,61.34538243540689,59.00059808592628,61.149983118461506,1188100
2023-03-07,58.85405349731445,59.7138045595171,58.31670442477266,59.26438872332952,1317800
2023-03-08,59.34254837036133,59.528175673361176,58.36555550354356,59.029907224202184,1310300
2023-03-09,57.925907135009766,59.938510026473004,57.64257831324371,57.75981641203478,1627100
2023-03-10,55.76675033569336,58.16037969366404,55.004693423901195,58.13107110253302,1528400
2023-03-13,55.62996292114258,56.646036222233285,54.60412133291488,54.692050824873334,1215800
2023-03-14,56.21616744995117,57.14431136926373,55.59089264487841,57.14431136926373,1193500
2023-03-15,54.926536560058594,56.186854443065336,54.48688905346007,54.8190667554532,1901000
2023-03-16,56.03053283691406,56.26501273724599,54.48688622674507,54.48688622674507,1904000
2023-03-17,55.649513244628906,56.157549986669885,54.78976219834299,55.45411392431591,2623100
2023-03-20,56.61674118041992,56.92937862064689,55.903536786968886,55.903536786968886,1801700
2023-03-21,57.27132034301758,57.87705859890377,56.782823913586,57.49602825332427,1397000
2023-03-22,55.708133697509766,57.54488133015144,55.63974449500632,56.968455389813826,961600
2023-03-23,55.6788215637207,57.476488472929965,55.112163948230105,56.089156752649664,1508000
2023-03-24,55.717899322509766,55.74721164141843,54.32079929199273,55.102396529405326,646100
2023-03-27,55.356414794921875,56.431105440372164,55.11216658214391,56.362716238948884,822400
2023-03-28,55.786293029785156,56.19663198527908,55.063320371767105,55.16101817087263,794800
2023-03-29,56.352943420410156,56.38225201096934,55.55180964505134,56.38225201096934,640300
2023-03-30,56.02077102661133,57.2029314987646,55.854680301561324,56.85121347106531,612700
2023-03-31,57.37879180908203,57.73050984472835,56.421339227007095,56.68512775374184,1301500
2023-04-03,57.14431381225586,57.740276324053376,56.66558567275664,57.486259821232466,855700
2023-04-04,54.88746643066406,56.831680392063426,54.711607394455854,56.773063197949014,904100
2023-04-05,53.82253646850586,55.10239844876465,53.64667745665558,54.99492863853038,1509000
2023-04-06,54.22310256958008,54.34034066673012,52.96278091268834,53.94954576725266,1292800
2023-04-10,55.48342514038086,55.59089495076025,53.82253654118113,53.82253654118113,1108600
2023-04-11,57.29085922241211,57.77935563969315,56.001228978944695,56.18685627581601,1325700
2023-04-12,56.900062561035156,58.297158842376305,56.6948912396685,58.072450944624045,890300
2023-04-13,57.6132698059082,58.013836727060685,56.46041793977532,57.01730356852555,739100
2023-04-14,57.32994079589844,58.14084292423887,56.82190406613717,57.388561708655025,612200
2023-04-17,57.60349655151367,57.83797647133376,57.16384903118344,57.43740955879552,573100
2023-04-18,58.209232330322266,58.42416821022666,57.77935311665001,57.93567181427672,984600
2023-04-19,59.117835998535156,59.156916607187156,57.51556831312304,57.691427325125055,746700
2023-04-20,59.45978927612305,60.02644322760717,59.04945031469534,59.264389948154246,997100
2023-04-21,59.18622589111328,59.635641686762,58.52187048583615,59.53794017014373,641700
2023-04-24,59.821266174316406,59.860346779132136,58.93220291288234,59.12760221002939,806000
2023-04-25,58.64888000488281,59.7821915697669,58.531641905600175,59.67472548613481,937700
2023-04-26,58.248313903808594,60.16322276272453,58.06268660008319,58.5902636446906,1833600
2023-04-27,61.697105407714844,61.79480321055546,58.75635458286562,61.50170607510134,1920700
2023-04-28,63.201663970947266,63.98325370590355,62.51776829419601,63.09419417113801,1463500
2023-05-01,62.73271179199219,63.826946498570166,62.244215353069464,62.986732027313955,1070200
2023-05-02,61.658016204833984,62.918337811308334,61.20860041129378,62.56661980699626,1147600
2023-05-03,61.7654914855957,63.15281959568804,61.58963246784708,61.853420994470014,780500
2023-05-04,60.964359283447266,62.05859030285169,60.84711745045479,61.872962991011896,895800
2023-05-05,62.38099670410156,62.58616432366952,61.18906787118374,61.94135286986515,780500
2023-05-08,64.37406158447266,64.53038402632698,61.912039029249144,62.6447874311788,1614100
2023-05-09,64.10049438476562,65.16541289545604,63.79762902004873,64.54991015152275,1003600
2023-05-10,63.817169189453125,64.97002098784307,63.3677533973843,64.90163179022095,823300
2023-05-11,63.89533615112305,63.97349737082763,63.38729567690739,63.44592031861792,528200
2023-05-12,63.748775482177734,64.54013720637552,63.270051132688224,63.97348708924757,1486400
2023-05-15,64.19818878173828,64.41312836621088,63.22119609149019,63.758545052671714,943100
2023-05-16,63.18212890625,63.944182173848795,62.60570667445347,63.944182173848795,1230200
2023-05-17,63.94418716430664,63.953959181128425,62.90857699714303,63.20167787087775,950700
2023-05-18,65.29244232177734,65.32175091841506,63.2602951444265,63.90511408591594,819600
2023-05-19,63.885555267333984,65.56598398840393,63.885555267333984,65.56598398840393,1220400
2023-05-22,63.09420394897461,64.09073343798362,63.07465991660058,63.76832398859138,921600
2023-05-23,61.41377258300781,62.60570508049041,61.27699417711939,62.59593306468007,1191200
2023-05-24,60.749412536621094,61.8436434278998,60.583321822795746,61.59939522816328,917700
2023-05-25,60.837677001953125,61.396630206550014,60.710195330850766,61.00438063735926,1226100
2023-05-26,60.97496032714844,61.24953276805362,60.39639429754899,60.95534747554536,1255300
2023-05-30,60.406192779541016,61.62216327129172,60.08259011254863,61.455455919811314,750500
2023-05-31,59.27848434448242,60.36697322740451,58.405733075334076,60.004141105917995,2154200
2023-06-01,60.08259201049805,60.53367634395787,59.05294168733326,59.337318664046556,1079900
2023-06-02,63.06367492675781,63.17154373403985,60.76902753156726,61.10243850827139,990700
2023-06-05,61.7790641784668,62.6812328439167,61.19069363497935,62.38704757217298,545000
2023-06-06,63.995277404785156,64.27965816527107,61.66140024278669,61.66140024278669,866900
2023-06-07,65.33871459960938,65.9761191612092,63.83836704296737,64.34829368486228,1003400
2023-06-08,65.26026916503906,65.72115431707711,64.82879393674924,65.04453155089415,1042200
2023-06-09,64.48558044433594,65.22104552587683,64.05410520240655,65.15240241752785,818200
2023-06-12,65.55445861816406,66.09380271867708,63.98546780058759,64.34829996652711,1093700
2023-06-13,65.87805938720703,66.63313358115535,65.53484384450324,65.69173917193739,970500
2023-06-14,64.75033569335938,66.67234994482826,64.41692849329998,65.7799896587883,1135400
2023-06-15,66.00553894042969,66.25069397435675,64.73073725293172,64.80918117781957,634700
2023-06-16,65.69174194335938,66.28011253875074,65.35833468253487,65.99573927818304,1360600
2023-06-20,66.07418060302734,66.40759533226296,65.07395137839596,65.50542662274638,1033300
2023-06-21,66.42720031738281,66.86848383030127,65.66231787283553,65.71135186811668,703300
2023-06-22,66.11341094970703,66.41740829391715,65.2406595852622,65.99574131591832,586000
2023-06-23,66.260498046875,66.37817514901249,65.41716418539984,65.57406698824984,2011500
2023-06-26,66.35855865478516,67.15286600268261,65.98592571977844,66.4272017607479,1174300
2023-06-27,69.03565979003906,69.52596986314795,66.72139564644208,66.72139564644208,1341600
2023-06-28,69.38867950439453,69.53577401386534,68.2903823127551,68.87875286910077,1501000
2023-06-29,70.45755004882812,70.55561055884652,68.98661995394012,69.34945207069927,702600
2023-06-30,70.55561065673828,70.99689417473935,70.27123742175158,70.99689417473935,865200
2023-07-03,69.48674011230469,70.5654207140096,69.30041990128326,70.5654207140096,601500
2023-07-05,68.72184753417969,69.8103362715419,68.67281354432009,68.96700252040475,878000
2023-07-06,67.47645568847656,68.01579964818039,66.79983301720934,67.66277587119906,930500
2023-07-07,67.7412338256836,68.85914006726385,67.52549622089843,67.58433102891725,1072000
2023-07-10,69.4180908203125,69.64362923104994,67.2705306224301,67.50587732801517,761700
2023-07-11,70.33988189697266,70.6732891342988,69.6632516451152,70.07511028470778,954600
2023-07-12,71.55585479736328,72.61492637350449,71.05573641726247,71.51662909289085,947200
2023-07-13,73.17388153076172,73.17388153076172,71.61469153273006,72.18345304051712,993700
2023-07-14,72.2717056274414,73.15426530228437,71.73236900725954,72.85027543488117,1001300
2023-07-17,72.99736022949219,73.13464644043933,71.71274285343347,72.173635482272,887100
2023-07-18,72.43840789794922,72.95813534254984,71.9284812674274,72.73258943260029,858500
2023-07-19,71.87946319580078,72.65414656512365,71.57546584828667,72.3599649959163,681100
2023-07-20,70.34967803955078,71.85002547096323,70.28103493751024,71.85002547096323,849200
2023-07-21,70.1241455078125,70.61445555824588,69.69267026933908,70.34968394135078,912900
2023-07-24,71.4773941040039,72.22266742909801,70.66347767538385,70.87921528119034,1307700
2023-07-25,72.66394805908203,72.86007656839703,71.19301790613892,71.22243531215176,1363100
2023-07-26,74.30157470703125,74.57615459373547,72.51684659190693,72.51684659190693,1915600
2023-07-27,73.69359588623047,75.64502762820578,73.55630968216408,74.97820571636748,1932100
2023-07-28,70.33988189697266,75.12530521216327,69.68286075491305,74.78208967916945,2441900
2023-07-31,69.69266510009766,70.90863184015127,68.78068817467319,70.90863184015127,1377000
2023-08-01,70.60465240478516,71.0361276746844,69.99666520461243,69.99666520461243,1221000
2023-08-02,69.682861328125,70.21239707547322,69.03565595794666,70.18297966976569,897600
2023-08-03,68.45707702636719,69.34944478127235,67.88832313542814,69.29060997775301,806500
2023-08-04,69.27099609375,69.47692539564532,68.45707969944692,68.908164000961,786300
2023-08-07,70.1339340209961,70.14374231511498,68.97680220566656,69.25138207024102,544400
2023-08-08,69.92801666259766,69.97705066002035,68.19232238428292,69.16313418464412,575800
2023-08-09,70.67328643798828,71.01650195788783,69.47692878444941,69.47692878444941,961900
2023-08-10,70.83019256591797,71.8304217682893,70.43794303265052,70.91844478309592,1261100
2023-08-11,70.39871215820312,71.21262857065665,70.23200855031372,70.57522406112633,532800
2023-08-14,70.5457992553711,70.77133764672406,70.0162636021643,70.12413239160658,536300
2023-08-15,69.57499694824219,70.85961443769683,69.47693642912928,70.21240154478316,878800
2023-08-16,68.3198013305664,69.92801771391309,68.18251511356397,69.46712506474586,517700
2023-08-17,65.50542449951172,68.86895168153752,65.49561620385684,68.55515355441868,1276400
2023-08-18,65.2210464477539,66.1036060543852,64.77976290366936,65.2112381516975,1718400
2023-08-21,64.88762664794922,65.58386598282152,63.93642400628769,65.46619636548589,1164300
2023-08-22,64.5248031616211,65.5250323343706,64.3188663645629,64.76014988199674,1087100
2023-08-23,65.7603759765625,65.7603759765625,64.60324405670197,64.74053026062296,571800
2023-08-24,65.39630889892578,66.02606511856364,64.76655267928791,65.32742954700558,1205500
2023-08-25,64.88463592529297,65.71118816285231,63.89079882388682,65.71118816285231,919000
2023-08-28,65.31758117675781,66.01621668073983,64.93382375213791,65.39630257341973,766100
2023-08-29,67.47254180908203,67.6004584658612,65.06175688479871,65.06175688479871,858200
2023-08-30,67.70868682861328,68.14164698798012,67.26589212546834,67.38397421637347,936600
2023-08-31,67.91532897949219,68.44668715988918,67.56109769984664,67.74805163768734,1363800
2023-09-01,69.135498046875,69.42085752765267,68.51557632724918,68.78125920917078,809800
2023-09-05,65.6324691772461,68.4270191228891,65.62263463164093,68.10229894303755,1081700
2023-09-06,65.4356689453125,66.3901453175603,65.20934678710773,65.62263040177356,1035900
2023-09-07,64.38279724121094,65.38646890177894,63.831762408529414,64.93383207389246,1378900
2023-09-08,64.54022979736328,65.29791016730212,64.03839774210564,64.30407309446049,881000
2023-09-11,64.38279724121094,65.4455137104852,64.35327859050108,65.00271142797766,728300
2023-09-12,63.97935104370117,64.82558733696845,63.72351775115879,64.07775654867933,736600
2023-09-13,63.1429557800293,64.12695075559074,62.62143964414747,63.91047065980148,929200
2023-09-14,63.7235107421875,64.09742609520498,63.45782791962664,63.66446594423776,838700
2023-09-15,62.975677490234375,63.35943492435763,62.5624014084533,63.33975832834767,4213200
2023-09-18,63.39879608154297,63.703832119257875,62.76903990267525,62.81823890034124,727600
2023-09-19,63.46767807006836,63.84159347080389,62.86744051409413,63.20200272088793,822700
2023-09-20,63.16263961791992,64.60911342707624,63.034715466972095,63.84159104324683,781600
2023-09-21,62.641117095947266,63.192155608078835,61.98184229457166,62.45415941055182,1200200
2023-09-22,61.67681121826172,63.66447795421164,61.41113209922446,63.13312722342372,884500
2023-09-25,61.617767333984375,62.23768524994461,61.21432952440714,61.21432952440714,568400
2023-09-26,60.633766174316406,61.981841923007195,60.61408582539653,61.25368402754283,893400
2023-09-27,61.43080520629883,61.745683290917256,60.87976668139515,61.34224551039721,781100
2023-09-28,61.76536560058594,62.277043442740116,60.55505222061552,60.938809663820415,1114800
2023-09-29,61.16512680053711,62.55255954936924,60.95848875901045,62.26720010898887,1221900
2023-10-02,59.876094818115234,61.243851034186186,59.698975416138936,60.692812477632934,1189500
2023-10-03,58.53786849975586,59.708821284421774,58.400106036580475,59.52186357200586,1020500
2023-10-04,59.541534423828125,59.63009412192937,58.14426335783402,58.833060592661134,962900
2023-10-05,59.62025451660156,59.925294304183026,58.852739652313645,59.40377442517969,1014300
2023-10-06,59.15777587890625,59.81705445327311,58.3705806625034,58.98065648601025,1225000
2023-10-09,59.590736389160156,59.87609207603779,58.006503896058526,58.5673807254166,809000
2023-10-10,60.11225509643555,61.027370752759886,59.50217924343367,59.718655592383534,1021500
2023-10-11,61.47017288208008,61.50952983189221,60.407456410643654,60.407456410643654,877600
2023-10-12,58.78385925292969,61.11592620517627,57.701462568848136,61.11592620517627,1126300
2023-10-13,58.193458557128906,59.128254475253904,57.50466136726614,58.72481671104956,1287300
2023-10-16,59.7973747253418,60.043373467627895,58.596899661819904,59.266016541129524,872100
2023-10-17,60.151615142822266,60.83057033859639,59.2561798468116,59.275860197164285,1493500
2023-10-18,57.79986572265625,59.26601611407673,57.77034332131746,59.26601611407673,972600
2023-10-19,56.6781120300293,58.134427972585954,56.44195532568826,57.30787200010605,981700
2023-10-20,56.52067184448242,57.160270100418515,56.16643679506199,56.81587334946404,943200
2023-10-23,56.609230041503906,57.052028533570954,56.08771390287103,56.08771390287103,908600
2023-10-24,56.176273345947266,57.16026832222685,56.14675469782462,57.01266757432773,1101800
2023-10-25,54.346046447753906,55.59572061828349,54.3263660962129,55.32020320399589,1673800
2023-10-26,55.015159606933594,55.96963594607765,53.234127328054356,55.034839957122884,2272800
2023-10-27,54.30668258666992,55.182441287923645,53.66708809017504,55.123400236733936,1045400
2023-10-30,54.85771942138672,55.35955520305571,54.00164485094294,54.906918419018126,1201200
2023-10-31,54.906917572021484,55.762992129259416,54.582201189748965,55.10371731315418,995600
2023-11-01,56.924110412597656,57.00283181595611,54.7691626698421,54.91676342431764,1283600
2023-11-02,58.508338928222656,58.803536663009204,57.91794345864955,58.46897822927969,1018800
2023-11-03,60.77153015136719,61.37176770790558,59.561216739795725,59.561216739795725,1394600
2023-11-06,59.64977264404297,60.75184968745219,59.50217565415906,60.476328549778465,815700
2023-11-07,59.90561294555664,60.27952831980511,59.482494821437186,59.482494821437186,631300
2023-11-08,60.50585174560547,60.60424974015418,59.5316950835446,59.669453777369945,909100
2023-11-09,59.18730163574219,60.63377175487584,59.0495391806238,60.36809265046931,990300
2023-11-10,60.0236930847168,60.04337343452598,59.21681751075466,59.63009359581886,469100
2023-11-13,58.882259368896484,59.72849564675418,58.76418102308746,59.551376251219175,1014100
2023-11-14,64.38279724121094,64.57959325080104,61.165132936321555,61.165132936321555,2112300
2023-11-15,64.86495208740234,66.20318595997017,64.31391726009316,64.31391726009316,1419400
2023-11-16,65.10111236572266,65.47502776058526,64.43199546993071,65.10111236572266,1133100
2023-11-17,66.163818359375,66.31141910338438,65.50454354439026,65.50454354439026,1023100
2023-11-20,65.02239227294922,65.93750793550181,64.79607011671098,65.93750793550181,925600
2023-11-21,64.85511016845703,65.1601461978528,64.27454924944584,64.82558401410544,798600
2023-11-22,65.2105941772461,65.80305717634454,64.87486037315898,65.52657494567032,646600
2023-11-24,65.54631042480469,65.67468253625623,64.77610789039393,64.78598440671512,229800
2023-11-27,66.30664825439453,66.58313046062862,65.00322675816588,65.25995593048319,847400
2023-11-28,65.6944351196289,66.45476875328536,65.37845436544809,66.07953642836254,824900
2023-11-29,67.18547058105469,67.82730858527218,66.3461474371896,66.78061625112937,1287500
2023-11-30,67.57057189941406,67.8075555737853,66.46463552972303,67.14597206881238,2051100
2023-12-01,70.37490844726562,70.40453800197243,67.49158287570899,67.63970051493865,1378400
2023-12-04,71.36233520507812,71.7671895032631,69.96017123621354,70.1082888461245,1271800
2023-12-05,70.69087982177734,71.5598325050526,70.54276973583276,71.1352326803363,901600
2023-12-06,71.67832946777344,72.89288505824855,71.55984138431558,71.58946340518004,873100
2023-12-07,71.44133758544922,71.8461919137669,71.15497886059467,71.61907722385635,687400
2023-12-08,72.50777435302734,72.59664040414069,71.451213055088,71.67832020809433,698800
2023-12-11,72.23129272460938,72.79413365353568,71.93505748472181,72.32015877643059,850900
2023-12-12,72.92249298095703,73.42608983902022,72.06342440766784,72.37940512509337,860000
2023-12-13,75.16400146484375,75.79596301667375,72.25104638872561,73.07062411592189,1378100
2023-12-14,78.74839782714844,79.31123873911547,76.70439582752344,76.70439582752344,2090700
2023-12-15,78.40279388427734,79.32111404596206,77.9584410446123,78.36329535184659,3055300
2023-12-18,77.04012298583984,78.6891547421441,76.55627913411163,78.6891547421441,1035400
2023-12-19,77.79058837890625,78.02757207174199,76.9315196672858,77.800464896734,1060000
2023-12-20,76.23043060302734,78.16582129848413,76.16131004487359,77.6918463757328,864300
2023-12-21,76.29954528808594,77.39560514985276,75.42072360195942,77.26724056132677,984500
2023-12-22,76.32917785644531,76.69452613575794,75.98356754504341,76.68465715180257,1017700
2023-12-26,76.2008056640625,76.74390112416455,76.06256455305025,76.32917779112782,956000
2023-12-27,76.0329360961914,76.67477407644566,75.99343756302154,76.5167799437662,1232400
2023-12-28,75.92431640625,76.19092961962095,75.35159898022894,75.74657677519433,1085800
2023-12-29,75.18374633789062,76.13168865769858,75.15412431751786,75.8552064227849,814900
2024-01-02,74.55177307128906,75.06523892204031,73.69269694765222,74.2259158312639,1092100
2024-01-03,73.21873474121094,73.51496245262815,72.1621734166482,73.14961418852273,1046600
2024-01-04,73.09036254882812,73.67295652113086,72.59664216336742,72.80401135480712,1179200
2024-01-05,73.78157806396484,74.75914235030791,72.54727705923732,72.54727705923732,1035200
2024-01-08,75.5392074584961,75.72682358711057,73.672945288678,74.11729055441599,1432800
2024-01-09,76.15143585205078,76.17118135292598,74.56165558967413,74.61102310864977,900000
2024-01-10,77.41535949707031,77.43510499811102,76.02306436607657,76.43779522368504,932300
2024-01-11,77.5832290649414,77.68197164549397,76.05269269886062,77.01051155073012,1249300
2024-01-12,76.90188598632812,78.26455909754175,76.22055696429668,78.26455909754175,716600
2024-01-16,76.16130828857422,76.3884229935997,75.47997924064906,76.0033216736842,566000
2024-01-17,75.33185577392578,75.61821449565396,74.91713246669534,75.15411613745916,684200
2024-01-18,76.26004791259766,76.2896699279681,74.83813090621908,75.98355819079934,502200
2024-01-19,76.86238861083984,76.87226512828659,75.22324079272937,75.91444634249123,624100
2024-01-22,78.46204376220703,78.57066285109097,77.41535894231671,77.6325971200846,787900
2024-01-23,75.89469146728516,78.11643300313408,75.6379547804084,78.11643300313408,1697900
2024-01-24,74.9467544555664,76.7537728366995,74.76901481916684,76.67477576861634,882200
2024-01-25,77.83995819091797,77.85970369166759,75.66758396327197,76.02306324536721,1584700
2024-01-26,78.15593719482422,79.06438088055091,77.83007993790864,77.83007993790864,1636300
2024-01-29,79.05449676513672,79.22236740271794,78.06705610593262,78.471910392322,1308300
2024-01-30,79.77533721923828,79.89383281853684,78.32379814552421,78.8866390584363,1448900
2024-01-31,76.61552429199219,79.22237480681483,75.30223381802756,77.83007973109791,2864900
2024-02-01,77.79058837890625,77.84983241872123,75.83545972925384,77.533851650415,1280100
2024-02-02,76.4476547241211,77.23761027211226,75.10473481268076,76.51677526955224,1369300
2024-02-05,75.30223846435547,75.78608235303886,74.12718148683454,75.36148250235634,1424400
2024-02-06,76.70439910888672,76.94138278364903,75.26273649258857,75.35160254553375,1404300
2024-02-07,77.50421905517578,78.56078031130632,76.85251210540798,77.33635594288747,1479400
2024-02-08,79.11376190185547,79.26187199928931,78.12632107322631,78.15594309271307,1390300
2024-02-09,79.12362670898438,79.46923700762014,78.70890339091177,79.13350322615047,1049500
2024-02-12,80.30855560302734,80.45667321781123,79.00513415336383,79.14337525154217,936100
2024-02-13,77.44498443603516,78.95576769739873,76.66490527793994,77.3956093812083,1415400
2024-02-14,78.54103088378906,78.93600865391737,77.54371370926934,78.55090739977521,1183700
2024-02-15,78.89651489257812,79.70621598017641,78.75827379471316,79.2914926865815,1033700
2024-02-16,78.31392669677734,79.13350436108612,77.8202063014456,77.88932685544903,803900
2024-02-20,78.32380676269531,78.84714920008594,77.00063965937379,77.6128481558342,857600
2024-02-21,78.76815032958984,79.12362962491687,78.35342699623351,78.6496622535312,951400
2024-02-22,79.69915008544922,80.21416549331548,79.42183351534355,79.55058547823266,921000
2024-02-23,79.98637390136719,80.3330196180022,79.48125725352196,79.92694352400841,550800
2024-02-26,79.06527709960938,80.10521417988362,78.96623655238936,79.69914566938874,695700
2024-02-27,80.67965698242188,80.68956330367446,79.32277811056484,79.45153761792103,715000
2024-02-28,80.11511993408203,81.2144873799495,79.69914510491849,80.63014286607347,683500
2024-02-29,80.56080627441406,80.85793547065839,80.03588457651718,80.67965946417365,2363300
2024-03-01,82.11578369140625,82.24453566186389,80.05570682622245,80.42215764841352,922600
2024-03-04,81.30361938476562,83.04676166986776,81.1550623471991,82.53174630824918,983600
2024-03-05,80.2537841796875,81.67999233582493,80.01608533910122,81.06592881164134,746400
2024-03-06,79.54067993164062,81.20458692480858,79.33269250203337,81.03621722793268,710300
2024-03-07,80.85794067382812,80.92726981657185,80.10521886953207,80.29340120968354,719100
2024-03-08,80.68956756591797,82.07615791846712,80.37263327587613,81.5116184781954,603800
2024-03-11,80.57071685791016,80.64004599985988,79.27326824871827,80.24387623601442,810700
2024-03-12,81.08573913574219,81.30362532553016,79.88733108851474,80.34292366839637,567700
2024-03-13,80.45186614990234,81.17486893378639,80.12502554859677,80.9470764344347,811200
2024-03-14,78.44131469726562,80.62024472326807,78.07486388234042,79.99627485991309,969400
2024-03-15,79.34259033203125,79.43172455390412,77.67868351695597,77.95600006008367,2231300
2024-03-18,78.23331451416016,79.94674533317297,77.9559979784376,79.5703807007133,1183100
2024-03-19,79.49115753173828,79.51096261847874,78.12437230105739,78.23331916890324,1580000
2024-03-20,80.75889587402344,80.99659470002948,79.09498897936234,79.61991068343416,798300
2024-03-21,83.07647705078125,83.48255312304266,81.23429413375672,81.63046388427018,918800
2024-03-22,81.4125747680664,83.07648176968853,81.26401771495634,82.94772980488983,1157900
2024-03-25,80.84803771972656,81.66018237840517,80.66976169434295,81.27391891612572,576500
2024-03-26,80.99659729003906,81.66017729352599,80.61033385181176,80.90746306105261,921700
2024-03-27,83.34388732910156,83.36369241450224,81.21448172386053,81.43237544481201,872000
2024-03-28,83.8589096069336,84.01738052848523,83.13590680720519,83.39341072026245,830500
2024-04-01,82.26433563232422,84.10651862033055,82.15538875782741,83.89853119346658,842400
2024-04-02,81.00650787353516,81.41257642079603,78.45122071982894,81.30362954209699,1119900
2024-04-03,81.3630599975586,81.89788806904618,80.30331017710452,80.79852051481782,1294400
2024-04-04,80.4122543334961,83.40332134724348,80.095320030342,82.20491327730738,853000
2024-04-05,80.63014221191406,81.44228677687218,80.12502560556533,80.61032956898549,702200
2024-04-08,80.36272430419922,81.3531448724603,80.32310657471167,81.06592200090748,550300
2024-04-09,79.8279037475586,80.6499547095199,79.03557175272105,80.60043065395695,890400
2024-04-10,76.43075561523438,78.1243739284223,76.36142647573462,77.06462419246344,1221200
2024-04-11,76.91606903076172,77.2429020927981,76.57932209044195,76.94578044037324,978800
2024-04-12,76.8170166015625,76.95567487615448,75.68793776199396,76.20296068731496,980000
2024-04-15,75.569091796875,77.72820892125169,75.0837802816347,77.44098605191842,970700
2024-04-16,74.67771911621094,74.776759670738,73.49911611530197,74.40040254101116,1073300
2024-04-17,73.65758514404297,75.63842640863275,73.54863826998574,75.54928462244514,927900
2024-04-18,72.8751449584961,74.94512025472153,72.76619809487275,74.5093403565372,1222100
2024-04-19,72.80581665039062,73.19208005987723,72.37993551219908,72.62754064937303,862500
2024-04-22,72.20166778564453,73.29112900280258,71.88473347599292,73.25151126955737,1487000
2024-04-23,73.92499542236328,74.22212463470578,71.82530096070698,72.37003533123165,1288100
2024-04-24,72.82562255859375,74.55885853837486,71.87481972787093,73.53872657071317,750900
2024-04-25,72.51860046386719,72.53840555188924,70.73584028948935,71.50836717961647,1387200
2024-04-26,73.46940612792969,73.9646164664689,72.22147395904405,72.97419578939048,1023100
2024-04-29,74.5291519165039,74.69752160898035,73.67738957581051,73.68729589781198,1199200
2024-04-30,72.39974212646484,74.51924154090312,72.37003071838635,73.80613752178198,1238800
2024-05-01,70.42880249023438,72.2214611805431,69.05211859718368,70.22081509160536,2486700
2024-05-02,70.74574279785156,71.77578111459641,69.57704620349773,71.59750510676925,1188400
2024-05-03,72.44927215576172,73.56844477148859,71.90453777500844,72.39974810067146,1610700
2024-05-06,73.05342102050781,73.61796042508439,72.75629183649528,73.24159578449398,730200
2024-05-07,72.1224365234375,73.58826251371835,72.07291246491656,73.13266233299494,1021200
2024-05-08,72.568115234375,72.60773296578571,71.27066664499011,71.65693008085752,873100
2024-05-09,74.38058471679688,74.41029612545503,72.65725500783886,72.67706009484115,808900
2024-05-10,74.59848022460938,74.9451259276916,74.32116366214359,74.52915108399293,796000
2024-05-13,73.40007019042969,75.35119995272852,73.3901638688088,75.15311130185768,648500
2024-05-14,73.51892852783203,74.31126051785645,73.12275875466486,74.30135419554205,701800
2024-05-15,74.47962951660156,75.00455880599941,74.07356098124119,74.61828780246216,650400
2024-05-16,72.42945861816406,74.24193020125776,72.38984088584232,74.11317823844442,736700
2024-05-17,72.30070495605469,72.6671633041856,71.91444152038328,72.47898096915762,581300
2024-05-20,71.54798126220703,72.5780195819361,71.47865212320168,72.46907271259778,909300
2024-05-21,71.12210083007812,71.38951862346893,70.24062710105264,71.2409540222862,674700
2024-05-22,70.20101165771484,70.99335118563363,69.64637852195754,70.65660424155973,1177400
2024-05-23,69.59481048583984,70.67804082789792,69.43580871846343,70.61840853089656,969300
2024-05-24,69.79356384277344,70.24076431600385,69.32648341225419,70.02213027771977,578200
2024-05-28,68.14387512207031,69.98237688023853,67.97493339759683,69.76374284528129,920200
2024-05-29,67.32897186279297,67.71654762562908,66.85195145669661,67.19978246917498,1246300
2024-05-30,68.40225982666016,68.86934023872078,67.89542708357503,68.1339334877402,1179100
2024-05-31,69.6246109008789,69.88299725827642,68.00474323754058,68.57120067900088,2166600
2024-06-03,68.54138946533203,70.60846519489036,67.97493201446078,70.47926822305426,976000
2024-06-04,66.20599365234375,68.5413880931472,66.066864286984,68.12399999706797,1513200
2024-06-05,66.8022689819336,66.88177364929615,65.55009700791175,66.46437793663394,1217200
2024-06-06,66.25567626953125,67.02089533663019,66.11654690860081,66.55381494694306,624200
2024-06-07,65.57991027832031,66.24575239930036,64.71532165012371,65.29171154159394,774400
2024-06-10,65.80848693847656,65.98736865870792,64.51656256102976,64.73519661708839,907200
2024-06-11,65.48052978515625,65.60971917813356,64.90413234205978,65.46065741007594,1300300
2024-06-12,67.44823455810547,68.75009132879826,66.96127413228827,67.6569286340345,1912200
2024-06-13,68.46188354492188,68.72026990186407,66.93145294146699,67.2892163335464,1335300
2024-06-14,66.91158294677734,67.6867344631885,66.21592851211402,67.44822805398093,1221500
2024-06-17,66.94139862060547,66.94139862060547,65.61966195296826,65.84823597703385,1257400
2024-06-18,67.17990112304688,67.17990112304688,66.50412665120515,67.02089937895693,963800
2024-06-20,67.209716796875,67.30910142157133,66.21593120577063,66.60350697974275,1448900
2024-06-21,66.69294738769531,67.40847418094083,65.83829122709447,67.06065076255256,6072300
2024-06-24,66.70288848876953,68.20349920221682,66.64325620034067,67.4780400005067,1234200
2024-06-25,63.48302459716797,66.27556347186984,62.4494866729732,66.11655413800187,2533900
2024-06-26,64.76499938964844,64.90412875346439,62.76749219730783,63.12525558482933,1600600
2024-06-27,65.06314086914062,65.25196254899706,64.56624809645066,64.73518981948956,1498500
2024-06-28,64.53643798828125,66.17617812961532,64.3376763231016,65.26189721573574,2504900
2024-07-01,63.04575729370117,65.26189873361768,62.837063226895374,64.92401526792708,1484900
2024-07-02,63.025882720947266,63.50290315855698,62.81718864886259,63.0656350559133,1018000
2024-07-03,62.88675308227539,63.80103403680565,62.67805901104452,62.98613391928387,971200
2024-07-05,62.250728607177734,63.38364357060094,62.15135156480387,62.50911498293565,2141300
2024-07-08,64.02960968017578,64.35756076408222,62.6681244022719,62.87681847876251,1658400
2024-07-09,63.90041732788086,64.3575577955817,63.512837758143654,63.512837758143654,1261900
2024-07-10,64.43705749511719,64.57619446065276,63.62215357060093,63.940164673290624,1319600
2024-07-11,68.36251068115234,68.44201534690608,66.09668078104669,66.78238767272146,1959700
2024-07-12,69.98237609863281,70.78734754398337,68.49169778455354,68.49169778455354,2021900
2024-07-15,69.56499481201172,70.96623620400538,69.52524247656693,70.08176000882855,1579400
2024-07-16,74.2656021118164,74.52398091187763,69.98238096886828,70.37989673001653,2169400
2024-07-17,73.47056579589844,74.55378840281996,73.16249470255049,73.16249470255049,2005300
2024-07-18,72.75504302978516,75.69664750256281,72.73517065381273,73.60969925426583,1618300
2024-07-19,71.34386444091797,72.95379973653189,70.84697167360302,72.69541337457318,1170000
2024-07-22,70.94635772705078,71.48300289378955,69.79357030300606,70.92648534990471,1429400
2024-07-23,70.87679290771484,71.06561460918897,69.83331493280807,70.35008772147951,1114300
2024-07-24,68.61095428466797,71.35380448575923,68.58114193171838,70.47926836200095,1597200
2024-07-25,71.72150421142578,72.78485448945837,69.48548663390079,69.60474363421577,2593000
2024-07-26,78.25067138671875,79.19477219999467,73.60969472925224,73.62956710400304,3359200
2024-07-29,79.19477844238281,79.35378019886825,77.65440769939993,78.1413605299887,1974800
2024-07-30,80.89414978027344,81.25191320470668,79.27427439131671,79.50284841658669,1581200
2024-07-31,80.30780792236328,82.00718030414902,79.84072750043734,81.47054277893841,1517500
2024-08-01,78.6283187866211,81.3811015410214,78.07179369922521,80.6655747014998,1614000
2024-08-02,76.1140365600586,77.04819746373713,74.68299043121146,77.04819746373713,1493500
2024-08-05,73.38111877441406,74.88173702473604,71.90038048029813,73.18236470424424,1580100
2024-08-06,74.4345474243164,75.37864076819247,72.22834204677214,73.14262303397591,926400
2024-08-07,70.8370361328125,75.31901129771683,70.72771911059661,75.09043727436112,1446500
2024-08-08,72.60597229003906,72.7252292895493,70.83703516487309,71.49293728920598,1149500
2024-08-09,72.61591339111328,72.99354918909201,71.83082185833068,72.88423216668035,960400
2024-08-12,71.28424835205078,72.48672808447317,71.02586195885783,72.4270957894392,1007900
2024-08-13,73.53018951416016,74.20596398034304,71.59231075627345,71.98982648614255,915200
2024-08-14,74.8320541381836,75.28919457639994,73.85814097364828,74.01715029927934,1568400
2024-08-15,76.98857116699219,77.29664227484459,75.35876339967244,76.07429024034596,1629500
2024-08-16,76.59104919433594,77.73390405084203,76.32273044186041,76.7500585157894,1066300
2024-08-19,76.57118225097656,77.65440489777457,75.93516008401616,77.24695675111977,1146600
2024-08-20,76.70037078857422,77.44570996794674,76.23329035638362,76.75999549668971,959900
2024-08-21,78.56868743896484,78.61837975196602,76.63080854363818,77.35626778876767,1189200
2024-08-22,78.04198455810547,78.64819440088522,77.33639766840732,78.64819440088522,869800
2024-08-23,81.1221923828125,81.26174826636914,78.63011216897945,78.65005306961626,1263700
2024-08-26,80.66365051269531,81.98943901132398,80.64371721728955,81.74023099001296,809000
2024-08-27,79.04878997802734,79.96587370108422,78.86935989262703,79.96587370108422,918900
2024-08-28,78.69989013671875,79.2780545717728,78.09182195592487,78.6002084491776,856500
2024-08-29,78.29119110107422,79.59703866927214,77.79277506982615,78.91919256256575,509500
2024-08-30,79.15843963623047,79.58707013239164,78.1616075497713,78.9790095564588,1759700
2024-09-03,77.1049575805664,79.73659358531265,76.63644530002314,79.15843677602787,934100
2024-09-04,76.79594421386719,77.13486346993258,76.30749862503316,76.58661039008118,462300
2024-09-05,76.18787384033203,77.31429131828015,76.04831796183315,76.91556458269763,568400
2024-09-06,77.15480041503906,78.82947852469908,76.13802748851789,76.86571821456637,1456900
2024-09-09,77.66319274902344,78.60020975373259,77.05512455813725,77.36414007621123,1280100
2024-09-10,79.65685272216797,79.99577196847345,77.49372139488747,78.40084221039623,1415400
2024-09-11,79.12852478027344,79.19830271902578,76.9454677791789,78.81950928083093,898300
2024-09-12,80.87298583984375,80.99260843017562,78.59023940961545,79.39767858521108,705900
2024-09-13,82.89656066894531,83.18563528389087,81.88975812355363,82.02931400843264,949300
2024-09-16,83.83357238769531,84.4017663418452,82.97629623157796,83.32518592180598,906600
2024-09-17,84.8204345703125,85.56805859975914,83.91332136930085,84.61110075469442,1131000
2024-09-18,84.6410140991211,86.63467822463312,84.31205769315758,85.3088897559136,1178700
2024-09-19,87.63150787353516,87.83087123850476,85.23910946777552,86.6147349386055,1663500
2024-09-20,86.2957534790039,87.44211190025335,86.15619759522313,86.9636291521298,3087000
2024-09-23,86.7542953491211,87.94052796679283,85.65778157403201,87.23277809736965,964100
2024-09-24,87.27265167236328,87.66141557526231,86.64464259443008,86.71442053584208,841100
2024-09-25,86.18610382080078,86.97360210492226,85.63785072023742,86.76426827322803,815400
2024-09-26,87.40223693847656,88.70808452751082,86.7044575256854,87.38230364320762,701400
2024-09-27,88.31932067871094,89.28624901218087,87.67137830631329,88.6981217360766,651300
2024-09-30,89.24637603759766,89.40587282292888,87.90065423357308,88.0302396677357,863400
2024-10-01,88.3691635131836,90.25317549546094,87.5617243741897,89.58529984147374,736500
2024-10-02,87.3424301147461,88.42897343799719,87.05334789717395,87.69131982380722,906400
2024-10-03,87.52185821533203,87.95049630683596,86.1561955504881,87.06330877353473,1014800
2024-10-04,86.56489562988281,87.93055834028968,85.43847809845438,87.87075084815774,951500
2024-10-07,86.48515319824219,86.72439076744796,84.48151859242775,85.79733663089726,992100
2024-10-08,86.92375183105469,87.59163508539504,85.8272380956724,86.80413685224299,920100
2024-10-09,88.07011413574219,88.35919635612778,87.15303043293464,87.92058780033925,751900
2024-10-10,87.02344512939453,87.53182402321447,86.52502908078453,86.92375583549226,704600
2024-10-11,87.70128631591797,88.14985769229048,87.12312190686791,87.12312190686791,613200
2024-10-14,88.77786254882812,88.9373593320243,87.4421112130736,87.9704309982668,561200
2024-10-15,88.67817687988281,90.21329912569848,88.50871725926531,89.05697031512634,815600
2024-10-16,89.70491790771484,89.99400012727357,88.867582600214,89.41583568815612,655400
2024-10-17,88.58847045898438,89.9441627080089,88.12992861081804,89.45570950879289,778900
2024-10-18,89.724853515625,89.91424643054438,88.31931669708587,89.20649659898544,691000
2024-10-21,87.8707504272461,89.69495498078545,87.61157195387362,89.69495498078545,916100
2024-10-22,87.16300201416016,87.2925874504037,85.87708768137266,86.84401604360069,977300
2024-10-23,86.38546752929688,87.54178873150812,85.61790260585829,86.53498624989219,1111900
2024-10-24,87.60160064697266,87.77106788092,85.90698914930113,86.67454650630582,1047300
2024-10-25,85.21916961669922,87.731190635484,85.15936212751743,86.72438813798236,1233000
2024-10-28,86.70446014404297,87.27265414168166,85.32882696696213,86.03657685137345,1069500
2024-10-29,83.6242446899414,85.86711692645719,83.25541407316655,84.6709214424056,2268700
2024-10-30,83.76380157470703,84.59117405707148,82.7569990070735,83.414911854802,1035100
2024-10-31,83.0660171508789,84.05287875803378,82.77693494166687,83.34512891005603,595500
2024-11-01,83.5245590209961,84.60113946848472,83.01617254214452,83.85351542526624,1000600
2024-11-04,83.853515625,85.40857120492647,83.20557326495562,83.62424090490119,985200
2024-11-05,85.32882690429688,85.46838279096701,83.22551054847847,83.59434116623552,728700
2024-11-06,84.01300811767578,86.68451844818394,80.90289683500012,85.87708688137012,2315100
2024-11-07,78.86935424804688,80.6636473684091,74.87205561257068,75.7592355254374,2843900
2024-11-08,78.79957580566406,79.96586746723338,78.50052315156812,78.94909452748712,1499200
2024-11-11,78.11176300048828,79.79641166237117,77.94230337083357,79.32789936431674,1361300
2024-11-12,75.95860290527344,77.77283702132954,75.91873631390989,77.57347364361033,1471100
2024-11-13,75.06145477294922,77.03517793005388,74.90195799791358,76.89562205451011,1438600
2024-11-14,74.80227661132812,75.57980437963323,74.66272073523362,75.26081843352793,1025300
2024-11-15,73.71572875976562,75.17111027901299,73.56621003298865,74.76240547855546,1495200
2024-11-18,74.06462860107422,74.17428074127541,72.95814435375345,73.11763353617538,2114100
2024-11-19,73.3070297241211,74.1543354438943,73.00797706762468,73.7356678089793,1498700
2024-11-20,74.66272735595703,75.02158752780055,73.40671675450471,73.61605058720917,1732200
2024-11-21,75.5199966430664,75.7293304565199,74.09452653745228,74.7025946835326,1240100
2024-11-22,76.5,76.95999908447266,76.04000091552734,76.08999633789062,1306300
2024-11-25,80.95999908447266,81.93000030517578,77.05999755859375,77.87999725341797,1967700
2024-11-26,78.0,79.51000213623047,77.63999938964844,79.5,887000
2024-11-27,77.97000122070312,79.13999938964844,77.73999786376953,78.81999969482422,779100
2024-11-29,78.30000305175781,79.29000091552734,78.0,78.41000366210938,510500
2024-12-02,78.12000274658203,78.55999755859375,77.02999877929688,78.18000030517578,576900
2024-12-03,78.70999908447266,78.9800033569336,77.94000244140625,78.5199966430664,858900
2024-12-04,79.25,79.37999725341797,77.88999938964844,78.2699966430664,1181400
2024-12-05,78.6500015258789,80.19000244140625,78.47000122070312,79.66999816894531,1067500
2024-12-06,78.87000274658203,79.95999908447266,78.55000305175781,79.62000274658203,732700
2024-12-09,78.83000183105469,79.8499984741211,78.79000091552734,79.13999938964844,1020400
2024-12-10,77.62999725341797,78.77999877929688,75.41000366210938,77.27999877929688,1057400
2024-12-11,78.27999877929688,78.69000244140625,77.33999633789062,78.41000366210938,1171700
2024-12-12,77.43000030517578,78.2699966430664,77.29000091552734,78.0,633400
2024-12-13,75.8499984741211,77.22000122070312,75.44999694824219,76.80999755859375,756000
2024-12-16,74.93000030517578,76.29000091552734,74.75,75.73999786376953,1022800
2024-12-17,73.80000305175781,74.97000122070312,73.66999816894531,74.41000366210938,827200
2024-12-18,70.0199966430664,74.27999877929688,69.98999786376953,74.0199966430664,1181000
2024-12-19,68.55999755859375,70.7300033569336,68.52999877929688,69.76000213623047,1148000
2024-12-20,69.66999816894531,70.13999938964844,68.06999969482422,68.66000366210938,2454700
2024-12-23,69.6500015258789,69.77999877929688,68.83999633789062,69.12000274658203,771700
2024-12-24,69.83999633789062,69.88999938964844,68.98999786376953,69.6500015258789,408200
2024-12-26,69.87999725341797,70.02999877929688,68.66999816894531,69.4000015258789,824500
2024-12-27,69.22000122070312,70.12999725341797,68.54000091552734,69.11000061035156,483700
2024-12-30,68.30000305175781,69.11000061035156,67.54000091552734,69.11000061035156,535000
