Price,Close,High,Low,Open,Volume
Ticker,FITB,FITB,FITB,FITB,FITB
Date,,,,,
2015-01-02,14.394710540771484,14.622633877957597,14.238014520070548,14.537162456697535,6398800
2015-01-05,13.960232734680176,14.309238383231936,13.95311000407439,14.259380627513393,7497700
2015-01-06,13.397555351257324,14.09556832509603,13.390432617404395,13.995851409677602,27930000
2015-01-07,13.54712963104248,13.625476983984786,13.39755494174802,13.604110141601671,12862200
2015-01-08,13.853399276733398,13.867643384342038,13.632598627269203,13.66821229259686,14648800
2015-01-09,13.483024597167969,13.90325631620816,13.461656399098647,13.889010850828612,6877500
2015-01-12,13.276471138000488,13.518638646614018,13.198123785347306,13.4616581362651,11466400
2015-01-13,13.183878898620605,13.540007443612446,13.112652917917721,13.433169151819412,10613100
2015-01-14,12.970194816589355,13.041420763574799,12.806376089488198,12.991563008241572,14223000
2015-01-15,12.83487319946289,13.069917986866036,12.756524484154308,12.948834226172137,9330800
2015-01-16,13.034302711486816,13.05567091080882,12.756522912912937,12.792135219927177,10179300
2015-01-20,12.877602577209473,13.205241403691419,12.742273408106797,13.205241403691419,10920000
2015-01-21,12.485864639282227,12.948831378281659,12.414638673623323,12.79213398212761,28189900
2015-01-22,12.756522178649902,12.856237719368112,12.44312873257822,12.521477433726728,25885700
2015-01-23,12.585578918457031,12.934584620936178,12.585578918457031,12.706662640420994,11882900
2015-01-26,12.770767211914062,12.849115910411449,12.564212046247246,12.62831527983196,9073400
2015-01-27,12.585578918457031,12.728030835540103,12.521475691621864,12.578456186750662,7305500
2015-01-28,12.26506233215332,12.706662172014386,12.26506233215332,12.706662172014386,7541200
2015-01-29,12.43600845336914,12.464499389779496,12.208086396176792,12.229454598484558,7230300
2015-01-30,12.32204532623291,12.52147777157263,12.222329782824245,12.272187554528577,10799900
2015-02-02,12.735154151916504,12.799257388532856,12.400393861770734,12.478742563973467,12585500
2015-02-03,12.998686790466309,13.041421818706324,12.763642097363142,12.777887559617165,11502400
2015-02-04,13.069912910461426,13.162505699253316,12.920338271924281,12.977318763147462,13803800
2015-02-05,13.269347190856934,13.304960855644575,12.998690131082874,12.998690131082874,9960900
2015-02-06,13.454534530639648,13.646844250049195,13.390431290836464,13.404676757131048,23096100
2015-02-09,13.383308410644531,13.475901214098132,13.290714248668646,13.347694748914465,9746400
2015-02-10,13.426041603088379,13.440287065824807,13.304957886872945,13.31920334960937,8922800
2015-02-11,13.37618350982666,13.433164000835122,13.312080287626882,13.404673076069859,8543100
2015-02-12,13.66821002960205,13.689576866738594,13.376184814876924,13.468777612353735,9823000
2015-02-13,13.718072891235352,13.789298878039647,13.618357324822961,13.668215108029157,4802300
2015-02-17,13.867645263671875,13.867645263671877,13.596988163114622,13.725194658623757,8209300
2015-02-18,13.611231803894043,13.846276561265604,13.596986337744877,13.81778562896727,8327400
2015-02-19,13.675336837768555,13.7180718833021,13.36194333396982,13.561375810664034,7479700
2015-02-20,13.810661315917969,13.817784048177694,13.475901050844511,13.661088014030554,7565700
2015-02-23,13.739434242248535,13.803536104026426,13.618350532628916,13.803536104026426,6071300
2015-02-24,13.810661315917969,13.917500941291575,13.73943671036526,13.79641720992079,9432200
2015-02-25,13.817782402038574,13.910376551861809,13.703821416503905,13.910376551861809,6592900
2015-02-26,13.84627628326416,13.867643123536489,13.753682113676076,13.775050312470801,3978400
2015-02-27,13.78929328918457,13.903254278473522,13.775047825892914,13.817782857245732,6902200
2015-03-02,13.896130561828613,13.917498755251458,13.703820896589184,13.76080138719471,7420900
2015-03-03,13.881888389587402,13.92462342803934,13.775050114196366,13.83203061830641,7684700
2015-03-04,13.732316970825195,13.846277994772079,13.66109099122775,13.839155260960078,6020700
2015-03-05,13.753684043884277,13.760806777815466,13.582742505103521,13.7323172006133,4870000
2015-03-06,13.853399276733398,14.06707583460964,13.646844093400267,13.760805105403918,8028200
2015-03-09,13.867645263671875,13.889013465764268,13.789297906378323,13.88189073173347,7392000
2015-03-10,13.589861869812012,13.767926098377956,13.582739137646703,13.668210565108147,6977000
2015-03-11,13.54712963104248,13.639722451255217,13.483026386848074,13.632599717620002,8030000
2015-03-12,13.703829765319824,13.810668084532669,13.511519975622942,13.68246155806808,15268000
2015-03-13,13.589861869812012,13.72519106390836,13.49726906870751,13.696700135247127,9607800
2015-03-16,13.710946083068848,13.746558386628937,13.604107813866277,13.675333779508756,9314300
2015-03-17,13.710946083068848,13.753681119045416,13.568494151783888,13.718068815485324,9765100
2015-03-18,13.718072891235352,13.874768975386639,13.568498183094063,13.696704687637252,9162300
2015-03-19,13.689574241638184,13.782168379881426,13.532878245755231,13.639716486517333,9223000
2015-03-20,13.874765396118164,13.889010861508664,13.682455688913448,13.767927122734106,7396700
2015-03-23,13.739434242248535,13.981600302965747,13.739434242248535,13.896130248247207,4967400
2015-03-24,13.661088943481445,13.74655901936868,13.568494776327519,13.682455783192074,6054200
2015-03-25,13.404675483703613,13.653965686086796,13.397552751232972,13.646842953616154,9405600
2015-03-26,13.596982955932617,13.653963447834798,13.290712302512622,13.347692794414801,10634300
2015-03-27,13.561125755310059,13.589812029777061,13.4033553492521,13.532440848679908,8355900
2015-03-30,13.668701171875,13.72607237237607,13.596986829289335,13.65435939762772,5706700
2015-03-31,13.518098831176758,13.66869768109236,13.482240985122829,13.618498064453826,11565300
2015-04-01,13.56829833984375,13.56829833984375,13.360326937896822,13.467899107365623,8702000
2015-04-02,13.611327171325684,13.690213068725669,13.496584793927722,13.568299121760706,5482100
2015-04-06,13.611327171325684,13.690213068725669,13.396185555663765,13.460728313929748,6633900
2015-04-07,13.76192569732666,13.833640016304832,13.640011765414828,13.661525103622473,4932300
2015-04-08,13.697379112243652,13.840806342208532,13.640007946690405,13.769093411144334,6345000
2015-04-09,13.769103050231934,13.790616397477061,13.654360638799787,13.754759906843555,5252500
2015-04-10,13.661526679992676,13.804955334498901,13.62567020028463,13.769098854790856,3940300
2015-04-13,13.77627182006836,13.797786532911385,13.654359217469773,13.690215704370852,4703400
2015-04-14,13.632842063903809,13.783440923330994,13.58981401375848,13.711727962367792,5721900
2015-04-15,13.747586250305176,13.869500214943058,13.625672285667296,13.668700341469714,4932300
2015-04-16,13.826473236083984,13.88384443756826,13.604158633474743,13.754758892269304,6976300
2015-04-17,13.561125755310059,13.769097141685272,13.539611049459806,13.697382823354618,6423100
2015-04-20,13.61849594116211,13.697381822344504,13.546781628072365,13.654353781625357,6201000
2015-04-21,13.919698715209961,14.055955810037483,13.7332419980347,13.804956330461666,14334700
2015-04-22,14.163521766662598,14.23523607449151,13.912522373179726,13.948380211012509,9363500
2015-04-23,14.127669334411621,14.185040523504341,14.055955006086464,14.14201110580702,4446000
2015-04-24,14.012925148010254,14.134837712243375,13.94121082893905,14.091809667935399,5034400
2015-04-27,14.091809272766113,14.192209863785065,13.991410049583992,14.020094955705957,7650600
2015-04-28,14.213717460632324,14.24240372300501,14.034432424311863,14.098975146814132,6387800
2015-04-29,14.40018081665039,14.493408477415558,14.185039219292669,14.20655255832629,7399700
2015-04-30,14.34281063079834,14.471896145329447,14.249582963546436,14.35715376971002,7717600
2015-05-01,14.51492691040039,14.51492691040039,14.285442116218134,14.400184513309263,8874000
2015-05-04,14.658355712890625,14.658355712890625,14.471898974103722,14.536441743985238,6388400
2015-05-05,14.593807220458984,14.780263886132161,14.550779180022634,14.593807220458984,5729900
2015-05-06,14.421700477600098,14.651185291703127,14.357157702653948,14.615327434601161,7177200
2015-05-07,14.328469276428223,14.479069518083385,14.256754940775156,14.436040095989235,7268700
2015-05-08,14.49341106414795,14.507754204621556,14.328469052212974,14.393011816507036,4433600
2015-05-11,14.572294235229492,14.593808941903855,14.421695392019677,14.443208730857133,4652700
2015-05-12,14.543609619140625,14.59380923455054,14.364324496769825,14.522094912034833,4754100
2015-05-13,14.694206237792969,14.701377805741055,14.457549966853046,14.50774957465292,5165400
2015-05-14,14.794612884521484,14.808956027622017,14.658357128578658,14.758756394607564,6044600
2015-05-15,14.600982666015625,14.801781153268157,14.550783044202493,14.801781153268157,4852000
2015-05-18,14.715719223022461,14.765918824959641,14.57946218359543,14.629661785532608,3985400
2015-05-19,15.01692008972168,15.038433425920392,14.808948720889228,14.952377345452073,6463400
2015-05-20,14.679863929748535,14.952378055796965,14.672692361396019,14.887835308461115,11854400
2015-05-21,14.679863929748535,14.737235108731868,14.615321182412686,14.629664319117719,4990700
2015-05-22,14.708553314208984,14.751581365588274,14.6440105532215,14.679867034731394,4407300
2015-05-26,14.644010543823242,14.715724874634097,14.572296213012388,14.694210165039713,8416800
2015-05-27,14.780266761779785,14.816123241146853,14.565123782066342,14.68703772688619,8245700
2015-05-28,14.7659273147583,14.780270457226084,14.658356481924619,14.773098885992193,6298600
2015-05-29,14.51492691040039,14.758754846178356,14.51492691040039,14.758754846178356,11516100
2015-06-01,14.393010139465332,14.550781930617447,14.256753056516777,14.514924083611511,15818100
2015-06-02,14.56512451171875,14.636838841882488,14.314125040064205,14.364326028664777,10174900
2015-06-03,14.751580238342285,14.816122994397714,14.593809816782892,14.644009434195564,6527800
2015-06-04,14.586639404296875,14.737238268478563,14.54361135279312,14.687038647084666,8233500
2015-06-05,14.945211410522461,14.973896325544777,14.701383477565132,14.76592624616191,10507800
2015-06-08,14.916523933410645,15.045609460269308,14.866324310262751,14.916523933410645,5618800
2015-06-09,15.052778244018555,15.160349040542831,14.873493127199128,14.95237901630748,6234300
2015-06-10,15.267924308776855,15.38266669744074,15.095809357943857,15.153180552275801,8164600
2015-06-11,15.174694061279297,15.346807630644026,15.167522491576134,15.28226487115262,6861100
2015-06-12,15.181867599487305,15.260753508613506,15.124496402260222,15.232067226081346,5931400
2015-06-15,15.160347938537598,15.267920095079349,15.016920676209915,15.052777149832638,7245500
2015-06-16,15.224894523620605,15.275094146482777,15.081467225133988,15.095808997496656,3869300
2015-06-17,15.031265258789062,15.303779433548481,15.016923487357287,15.253579813944652,7036000
2015-06-18,15.153173446655273,15.160345013563523,14.902175444049142,15.059945812521072,11032600
2015-06-19,15.088634490966797,15.232061748538563,15.067119786804497,15.131662531454651,6056400
2015-06-22,15.511754035949707,15.54044032290983,15.095812449890069,15.260755864235877,11425600
2015-06-23,15.554781913757324,15.705380801753284,15.475896000328595,15.640838030372926,8715800
2015-06-24,15.432867050170898,15.56195258547189,15.411352338341654,15.526094732423152,5866700
2015-06-25,15.353981018066406,15.54760931946379,15.332466306409845,15.50458126398789,6666900
2015-06-26,15.34676742553711,15.534363239235342,15.325121278351109,15.44778002668482,7734800
2015-06-29,14.971571922302246,15.26739564296072,14.928281015330867,15.050939731910708,7856700
2015-06-30,15.02208137512207,15.267398859972895,14.906638014744436,15.144740117547482,9015500
2015-07-01,15.252963066101074,15.267393825437981,15.10865960131086,15.180812021802446,7907600
2015-07-02,15.101448059082031,15.209676029224815,14.942712418425527,15.173600497908321,9885900
2015-07-06,15.151954650878906,15.166385414166143,14.841700121169975,14.935498706343683,9560900
2015-07-07,14.942709922790527,15.123090301633637,14.675747732770846,15.108660917232925,8466900
2015-07-08,14.762331008911133,14.906635876783177,14.719040099026804,14.841698823860078,7299000
2015-07-09,14.906634330749512,15.050939183655055,14.841697284561326,14.957140616408532,5393300
2015-07-10,15.079797744750977,15.16638092263944,14.957139045521526,15.079797744750977,3688100
2015-07-13,15.216890335083008,15.267396625833257,15.130307139373144,15.231321097066852,3964700
2015-07-14,15.252963066101074,15.317900106924204,15.058153319824639,15.115874980979315,4972500
2015-07-15,15.339544296264648,15.426126088895591,15.245745748689552,15.29625339994918,4908100
2015-07-16,15.411698341369629,15.512710902211595,15.361192060948644,15.476635380823158,5380200
2015-07-17,15.245752334594727,15.339550922689217,15.130308977088722,15.33233554082092,4910900
2015-07-20,15.353982925415039,15.375627696573181,15.238539558593335,15.281830477103103,5979100
2015-07-21,15.527143478393555,15.822967192216508,15.440560290258333,15.440560290258333,10235700
2015-07-22,15.57765007019043,15.693093405839083,15.390054305713086,15.541574543872642,10230100
2015-07-23,15.368412971496582,15.657022777089427,15.325122051135073,15.541579405329706,6625300
2015-07-24,15.252963066101074,15.382837147747335,15.202456784614851,15.382837147747335,4526800
2015-07-27,15.043726921081543,15.209676572979497,15.000436006715415,15.144739513333626,5026200
2015-07-28,15.079797744750977,15.137519404612311,14.942708286507962,15.094228503764542,4614900
2015-07-29,15.2313232421875,15.252968012018425,15.036512056548762,15.05094282056498,4938100
2015-07-30,15.260181427001953,15.303472337277043,15.13752270106151,15.188028992414653,4108100
2015-07-31,15.202459335327148,15.303471915247773,15.159168426245907,15.260181006166532,4343000
2015-08-03,15.209677696228027,15.281830142962335,15.087018949637743,15.202462313935252,3783000
2015-08-04,15.26739501953125,15.462206157237208,15.08701464229086,15.188027213163698,6239100
2015-08-05,15.404485702514648,15.541575185328009,15.281826981301258,15.332333270707977,5123600
2015-08-06,15.31790542602539,15.483855087446537,15.260183744827017,15.433348788422139,4141200
2015-08-07,15.252963066101074,15.440558808902011,15.13751974379172,15.28182458477489,4831200
2015-08-10,15.664238929748535,15.685885080991714,15.353985685758722,15.390061228303619,4954300
2015-08-11,15.274612426757812,15.570436174593441,15.195244609857877,15.483852976503217,5129900
2015-08-12,14.921064376831055,15.137520269632,14.762328770996893,15.130304889712901,6448200
2015-08-13,15.036513328552246,15.058159476407715,14.877779039526036,14.957145495942381,3464400
2015-08-14,15.2313232421875,15.281829540050861,14.978790376677292,15.043727438556871,6300800
2015-08-17,15.245752334594727,15.346766304557514,15.043727147055906,15.16638588643021,3951200
2015-08-18,15.26739501953125,15.353978206131586,15.173597828891195,15.238534874793181,4090800
2015-08-19,15.144736289978027,15.29625652230044,15.058154479673558,15.195242575354477,7777000
2015-08-20,14.762331008911133,15.043725363642299,14.740686242065575,15.036509982629374,8326800
2015-08-21,14.293343544006348,14.67575051508211,14.278914156870032,14.567522542496391,12231600
2015-08-24,13.485235214233398,13.932577707017394,13.218271693422686,13.499664596180128,13677200
2015-08-25,13.153338432312012,14.026380283573967,13.13890767003156,13.874860032015707,11572500
2015-08-26,13.845998764038086,13.88207429062885,13.44916109057405,13.579035188209803,15747800
2015-08-27,14.387138366699219,14.430429269172704,13.983085356303441,14.00473149563667,14027700
2015-08-28,14.40878677368164,14.444863681693858,14.27169865181519,14.336635710043856,6959500
2015-08-31,14.372712135314941,14.430433815529323,14.271699538988127,14.286128926896664,5887200
2015-09-01,13.773844718933105,14.105743928452958,13.701692298022236,14.011946744603902,11162700
2015-09-02,13.954229354858398,14.062457331259557,13.752202789701084,14.01916641593777,4977100
2015-09-03,14.06966781616211,14.242832793371724,13.896502838952493,13.983084639460849,5242400
2015-09-04,13.86764144897461,13.968655385421412,13.766628888720726,13.896502966871672,5228500
2015-09-08,14.293343544006348,14.300558925671174,13.889291804129442,14.19954633475028,4472500
2015-09-09,14.192327499389648,14.54587285777102,14.163465979753779,14.50258195451022,6713500
2015-09-10,14.27169418334961,14.401566882950492,13.910933473341517,14.112958590182597,5298200
2015-09-11,14.264482498168945,14.271697879380866,14.127393007528932,14.149039151164697,4383700
2015-09-14,14.314990043640137,14.430433400750672,14.206762068373182,14.24283760139771,4637400
2015-09-15,14.459290504455566,14.495366026443165,14.293339525210946,14.336631803027604,6206200
2015-09-16,14.509801864624023,14.538662017077515,14.30777529267585,14.502586482462291,5747400
2015-09-17,13.997517585754395,14.553089501245106,13.932580537128564,14.531443359638788,10643800
2015-09-18,13.643969535827637,13.925362440866865,13.550172359545511,13.824349885456444,13332300
2015-09-21,13.838784217834473,13.889290508583864,13.665619202610898,13.665619202610898,5577000
2015-09-22,13.600678443908691,13.716121755934603,13.492450510908505,13.557387545947185,7102200
2015-09-23,13.564603805541992,13.723339418131308,13.47802199521424,13.564603805541992,6339000
2015-09-24,13.593466758728027,13.658403811412493,13.377010833908614,13.377010833908614,5933100
2015-09-25,13.89650821685791,13.939799133865536,13.6584061090258,13.75941870744141,8898700
2015-09-28,13.51149845123291,13.911031445174476,13.496969626041755,13.838388704763728,9156500
2015-09-29,13.547819137573242,13.634990703232459,13.417062481856933,13.511498460116503,7035300
2015-09-30,13.736688613891602,13.794802524518394,13.576875706054155,13.634989616680945,6223500
2015-10-01,13.780272483825684,13.831123363486347,13.605930767337805,13.693102318354143,5287700
2015-10-02,13.569615364074707,13.576879778275044,13.18460972472885,13.315366409244247,10032000
2015-10-05,13.896503448486328,13.918296687572365,13.584142001523823,13.729426105462059,7753000
2015-10-06,13.765750885009766,13.97641336220055,13.714899983781963,13.860185501913486,6675100
2015-10-07,13.831127166748047,14.04178961251923,13.736691178383753,13.88924108822408,9532100
2015-10-08,13.911031723022461,13.947353786725818,13.729425561140848,13.809332715743176,13571300
2015-10-09,13.780272483825684,13.990936257214035,13.664044672833764,13.889237268982306,7179300
2015-10-12,13.794805526733398,13.831127594745627,13.678577680184715,13.751220430663947,3762700
2015-10-13,13.671314239501953,13.81659975079967,13.642257968569604,13.743956995150812,5110700
2015-10-14,13.467918395996094,13.787544356418998,13.402540043740148,13.6422602068301,5888500
2015-10-15,13.831127166748047,13.831127166748047,13.351685582639286,13.351685582639286,8101100
2015-10-16,13.802068710327148,13.93282537242799,13.69310528709148,13.896503307652702,6429100
2015-10-19,13.816600799560547,13.969149351011687,13.729429209056018,13.758486867739336,9308200
2015-10-20,13.678577423095703,13.881976843505617,13.43159290743552,13.773012027062151,11798800
2015-10-21,13.279041290283203,13.794802056400865,13.2499836431834,13.70036747441625,15505700
2015-10-22,13.591410636901855,13.714902938252804,13.358954866251997,13.358954866251997,12881000
2015-10-23,13.881974220275879,13.88197422027588,13.642254163380697,13.72942433740898,6927700
2015-10-26,13.765750885009766,13.903770603134788,13.540558193351368,13.540558193351368,7881700
2015-10-27,13.620463371276855,13.765748868121882,13.562349449647883,13.693106119699369,4495300
2015-10-28,14.281513214111328,14.28877762927046,13.642259921108407,13.642259921108407,11104900
2015-10-29,14.143492698669434,14.361421006074837,14.107172006874656,14.266984990535487,5741500
2015-10-30,13.838388442993164,14.179808900801769,13.751218264585225,14.150751250969119,9979300
2015-11-02,14.201603889465332,14.208868303528048,13.845655913664022,13.918298668745889,7132400
2015-11-03,14.187077522277832,14.310569799614234,14.107170347076213,14.165284278437731,8949100
2015-11-04,14.150754928588867,14.303304858766253,14.12896307109593,14.20160444346621,6653900
2015-11-05,14.397735595703125,14.463113921661009,14.187073178596046,14.20886503021868,7309600
2015-11-06,14.884441375732422,14.978877359078371,14.71009962056887,14.753684712973483,9792000
2015-11-09,14.82632827758789,15.000670042396626,14.608401417963266,14.978878187761273,8782900
2015-11-10,14.9861421585083,14.993406572358875,14.673780676205217,14.804535968879748,9211800
2015-11-11,14.82632827758789,15.080577204180074,14.77547876937849,15.066048377393049,6388600
2015-11-12,14.57208251953125,14.753688737221728,14.543026245184425,14.695574802982595,7164300
2015-11-13,14.303305625915527,14.60840411708871,14.245191693575181,14.52123252580547,6662400
2015-11-16,14.368680953979492,14.368680953979492,14.143488301123751,14.216131047672533,7300400
2015-11-17,14.412267684936523,14.630194563794403,14.346889344170098,14.419532098971159,6272500
2015-11-18,14.790008544921875,14.80453598709563,14.383209682060786,14.50670194658196,8176600
2015-11-19,14.83359432220459,14.891708250198183,14.710102052025034,14.74642273744153,5635100
2015-11-20,14.717364311218262,14.935291162897832,14.702835484960922,14.906234895928284,6349100
2015-11-23,14.848122596740723,14.978879276235299,14.695572675481955,14.724630331167543,6100300
2015-11-24,14.898969650268555,14.913498475714045,14.659249572598155,14.775477405071982,7458800
2015-11-25,14.913501739501953,14.978880082769521,14.804536910359097,14.89170849656431,4384400
2015-11-27,14.993407249450684,15.000671663629314,14.826329879978182,14.949822149924234,2028700
2015-11-30,15.015202522277832,15.109637148278406,14.94982417137531,15.051523212536779,5937900
2015-12-01,15.269447326660156,15.334825659647993,15.029727234219797,15.109633008003156,10760900
2015-12-02,15.07331657409668,15.356621839825612,15.058787743663007,15.31303673407013,8022900
2015-12-03,14.877174377441406,15.28397312100951,14.826324880881609,15.189537154074289,9366000
2015-12-04,15.29850959777832,15.32756726186348,14.833598056781245,14.906240831448459,8496900
2015-12-07,15.102372169494629,15.298505811342933,14.993407341690153,15.225863054655063,9049400
2015-12-08,14.550286293029785,15.029726452989681,14.499435403480648,14.90623420660334,12692300
2015-12-09,14.354155540466309,14.7028391441508,14.281512776645672,14.513968512435332,10147300
2015-12-10,14.579345703125,14.724631219224685,14.29604047083052,14.36141881452084,9002400
2015-12-11,14.317832946777344,14.448589639805608,14.165284395274652,14.317832946777344,9853300
2015-12-14,14.419533729553223,14.513968351591695,14.114435233324022,14.383211655272685,10888000
2015-12-15,14.906231880187988,15.00066646066499,14.477641291122286,14.615662341553152,8460300
2015-12-16,15.131424903869629,15.218596468627775,14.739156326320519,15.058782164162011,12474400
2015-12-17,14.739155769348145,15.225858920243805,14.72462694484664,15.182273832284261,10045500
2015-12-18,14.339622497558594,14.673778558739045,14.288772993487564,14.644720907529845,23181400
2015-12-21,14.426796913146973,14.50670269865363,14.230661885407702,14.434061327383095,6792100
2015-12-22,14.57208251953125,14.60114017942356,14.28151284833558,14.564818104558173,5880400
2015-12-23,14.862650871276855,14.877179699933196,14.579345640205034,14.68104466970869,5376700
2015-12-24,14.906231880187988,14.978874611232909,14.804531502507157,14.84811797246102,1600500
2015-12-28,14.855388641357422,14.87718049996845,14.615668497818069,14.819066567763317,4998600
2015-12-29,14.972352981567383,15.074704001263182,14.91386728220224,14.979663868289158,5495800
2015-12-30,14.804207801818848,14.972354024909702,14.789586027356384,14.921179208700238,5383700
2015-12-31,14.69455623626709,14.913877409210325,14.665312669522653,14.69455623626709,5379000
2016-01-04,14.292460441589355,14.387500605063076,14.13893595439113,14.24128561252328,11600500
2016-01-05,14.33632755279541,14.424055443664393,14.175490762186138,14.299773102925265,8994000
2016-01-06,14.124314308166504,14.190110915982956,13.970789819534467,14.043895922077613,8937500
2016-01-07,13.678362846374512,13.941549335645457,13.656431568541821,13.839199654000016,11183200
2016-01-08,13.444416046142578,13.85381744357675,13.415173885988384,13.722224236859297,9007300
2016-01-11,13.283578872680664,13.612561844732028,13.173918346799956,13.495589036795467,10964500
2016-01-12,13.356688499450684,13.45903815411929,13.115434746010779,13.45903815411929,8673500
2016-01-13,12.669478416442871,13.488279716012118,12.669478416442873,13.46634705279186,18186200
2016-01-14,12.903426170349121,13.02770852053737,12.494026061544803,12.786454710690744,15342000
2016-01-15,12.515953063964844,12.603680921766916,12.245455814521941,12.457467360627074,10111800
2016-01-19,12.340497016906738,12.749898416204415,12.223525586938669,12.727965750181863,9522100
2016-01-20,12.08462142944336,12.22352411429002,11.660599001086814,12.069999653856573,18492400
2016-01-21,11.499763488769531,12.610993385513607,11.492453297841882,12.25276823348611,21771300
2016-01-22,11.653289794921875,11.828747641259586,11.44858978760007,11.762951036033536,20065400
2016-01-25,10.97339153289795,11.60942412665144,10.892973161955968,11.536316643468663,24445600
2016-01-26,11.13422966003418,11.25851199414922,11.002637133539578,11.068433745389282,17255200
2016-01-27,11.273130416870117,11.602112680963062,11.053808675073288,11.075740640091592,11566800
2016-01-28,11.382793426513672,11.667911822873567,11.287753961060375,11.463211811161328,10970100
2016-01-29,11.550941467285156,11.558252356973707,11.31699787768524,11.433970021087605,11539600
2016-02-01,11.514384269714355,11.558248897511866,11.36085911822998,11.52900604471506,9965900
2016-02-02,11.20733642578125,11.404726248373036,11.10498606993313,11.309686781629372,8785100
2016-02-03,11.229267120361328,11.38279228809226,10.892973929008082,11.368171208748908,10961900
2016-02-04,11.353549003601074,11.52169594153244,11.192713650872388,11.192713650872388,8712400
2016-02-05,11.20733642578125,11.49976501791194,11.156161596459569,11.375483389159966,10519700
2016-02-08,10.819866180419922,11.207334160994444,10.615166207294369,11.00263418786889,10721900
2016-02-09,10.841800689697266,10.973393909039158,10.563993169533704,10.629789779204652,8490400
2016-02-10,10.724827766418457,11.053810072089242,10.717516878086851,10.951459727060797,9804000
2016-02-11,10.191145896911621,10.53475001721722,10.118039097130593,10.395846609589931,13541300
2016-02-12,10.87104320526123,10.885664983482293,10.388535679242302,10.4250894275902,10604500
2016-02-16,11.390104293823242,11.536318587624907,10.907596775675376,10.907596775675376,13441800
2016-02-17,11.265819549560547,11.63866644155985,11.200022957183657,11.51438414422675,10156600
2016-02-18,11.075743675231934,11.448590668739174,10.980704901707146,11.316997448159022,7721600
2016-02-19,11.170780181884766,11.20002303456491,10.900283620292265,11.002633953275078,6461500
2016-02-22,11.455901145935059,11.477833116174315,11.258511322167465,11.309686848998746,6385900
2016-02-23,11.039188385009766,11.433967269526155,10.96608090012706,11.404724415014002,8010900
2016-02-24,11.002633094787598,11.039186832086802,10.644408003105402,10.85641884279533,7892100
2016-02-25,11.185403823852539,11.200024904030805,10.995324901102032,11.075742585094298,7226900
2016-02-26,11.463210105895996,11.638667232691226,11.185402639867894,11.309684945649009,7817100
2016-02-29,11.156158447265625,11.441276069807998,11.11229382222588,11.404723029013532,8214500
2016-03-01,11.814126968383789,11.843370526512121,11.251201721304597,11.251201721304597,9532700
2016-03-02,12.055380821228027,12.062691710806154,11.770263099729139,11.836059711522669,8960900
2016-03-03,12.325878143310547,12.325878143310547,11.989584195165016,12.018827753442716,6484000
2016-03-04,12.52326488494873,12.610994153469532,12.3697404080491,12.479400947893039,7730200
2016-03-07,12.457470893859863,12.515956613785562,12.347808948890819,12.479402167326029,6793600
2016-03-08,12.157730102539062,12.406294762706798,12.128487939559687,12.355119931685715,7644300
2016-03-09,12.135799407958984,12.311256577435763,12.077313684800059,12.238149074884697,4911700
2016-03-10,12.325878143310547,12.384363865456343,12.062691696449662,12.267392421164752,7716900
2016-03-11,12.720656394958496,12.735278174069492,12.384363841863234,12.384363841863234,6548900
2016-03-14,12.640237808227539,12.79376228634718,12.508644601605317,12.647547302453725,6236200
2016-03-15,12.567130088806152,12.596372248409882,12.428225996062585,12.486711709679446,6779100
2016-03-16,12.311253547668457,12.662167800262932,12.223524287315195,12.55250727062832,10135500
2016-03-17,12.413603782653809,12.43553644739261,12.09193306627417,12.267390200956523,8888100
2016-03-18,12.691412925720215,12.74989864173881,12.428226506431809,12.508644888860925,13947500
2016-03-21,12.698721885681152,12.844935456314142,12.61099262777396,12.676789222602043,6647200
2016-03-22,12.706035614013672,12.808386681421572,12.530578434126902,12.57444377490588,7035900
2016-03-23,12.581751823425293,12.698724657638195,12.552509660679233,12.64754843261587,4553800
2016-03-24,12.501335144042969,12.53788819699598,12.267392258560694,12.45016031214492,6557200
2016-03-28,12.494025230407715,12.589064012154232,12.36974288848707,12.545200066302739,5177600
2016-03-29,12.302488327026367,12.383521722107684,12.140418726668136,12.383521722107684,8562700
2016-03-30,12.427722930908203,12.589791121503737,12.354055060601958,12.427722930908203,4858900
2016-03-31,12.295122146606445,12.471924208118304,12.214087341501804,12.412990187614351,6208200
2016-04-01,12.376152038574219,12.390885890798346,12.00044864254139,12.074115093467052,7777100
2016-04-04,12.33931827545166,12.530854130727079,12.250916571056305,12.390885350891692,6608300
2016-04-05,12.11095142364502,12.287753459853993,12.052017411575362,12.155151581422842,6897500
2016-04-06,12.147788047790527,12.265656104856568,11.956252103783696,11.970985962191468,8863600
2016-04-07,11.882580757141113,12.05201726930166,11.801547369687981,11.993083257927715,12224100
2016-04-08,12.00781536102295,12.243552804825189,11.978349058733684,12.074116297545824,6199400
2016-04-11,12.103583335876465,12.339319361550173,12.052016255897534,12.103583335876465,6383500
2016-04-12,12.265653610229492,12.324587626776328,12.110952343705723,12.147785577135824,6716700
2016-04-13,12.825530052185059,12.854997768940216,12.383524136544207,12.390891065732996,7539200
2016-04-14,13.061264991760254,13.223334609149077,12.781328733240022,12.832895827828121,10393500
2016-04-15,13.017061233520508,13.12756232072949,12.958127226669214,13.075995240371803,7461200
2016-04-18,13.039162635803223,13.201230811110909,12.832892899422657,12.891826909088872,7814900
2016-04-19,13.341201782226562,13.355934233217567,13.05389720888525,13.075997993018536,9034700
2016-04-20,13.547468185424805,13.576935893335637,13.252798131804724,13.385400007208172,9730400
2016-04-21,13.650607109069824,14.041044499052347,13.554838439947245,13.842143042216984,12052600
2016-04-22,13.716899871826172,13.790566305501311,13.60639741111915,13.709532947439227,9432500
2016-04-25,13.650607109069824,13.73164051552201,13.459071175922663,13.702174205475213,5224400
2016-04-26,13.812673568725586,13.82740742442237,13.59903687641568,13.687438605498562,8505400
2016-04-27,13.797940254211426,13.90844136607574,13.59167188675747,13.753740090485275,7830700
2016-04-28,13.621137619018555,13.797939671555074,13.532737295299201,13.67270470870448,6425300
2016-04-29,13.48853588104248,13.613770845310833,13.378034772593423,13.569570682950776,8684900
2016-05-02,13.591668128967285,13.613767502171447,13.341198261938587,13.51800027305929,5782200
2016-05-03,13.282264709472656,13.495899953256489,13.098095765994598,13.407499647241638,5613200
2016-05-04,12.921295166015625,13.223332154037868,12.818159590890158,13.19386444540268,6414700
2016-05-05,12.884462356567383,13.009697325823353,12.788695100123585,12.943396377093846,6635700
2016-05-06,12.877096176147461,12.877096176147461,12.68556024703934,12.722394890193575,5616100
2016-05-09,12.766592025756836,12.958127909389312,12.707658015800506,12.884460045669494,4718300
2016-05-10,13.061264991760254,13.120199014874933,12.766594876186865,12.854996613407854,4976200
2016-05-11,13.002330780029297,13.223334417326843,12.958130614608958,12.987596923189875,5339600
2016-05-12,12.92866325378418,13.208600920981652,12.840262920530845,13.098099801866002,5061200
2016-05-13,12.633993148803711,13.061265173608394,12.575059124868513,12.899196959061088,6219900
2016-05-16,12.965496063232422,12.994962368450249,12.552957954498476,12.700292290783146,9565700
2016-05-17,12.877096176147461,13.127566129204391,12.781328914142383,12.93603020009627,6629800
2016-05-18,13.466432571411133,13.495898869350357,12.869724230795883,12.884458082314204,13521100
2016-05-19,13.363299369812012,13.525368954867105,13.149664105554388,13.333833066682327,8796100
2016-05-20,13.466432571411133,13.591667499122028,13.363297015880303,13.414864091097009,6981100
2016-05-23,13.35593032836914,13.540099260341176,13.267530027877132,13.429598182177443,6206600
2016-05-24,13.53274154663086,13.680075934147713,13.407506544437496,13.444339790042145,6833500
2016-05-25,13.864238739013672,13.908438894886539,13.569568691365198,13.569568691365198,6554200
2016-05-26,13.702170372009277,13.91580562664815,13.628502509855403,13.871605471394867,4193100
2016-05-27,13.886336326599121,13.893703251733651,13.702167413527773,13.797934630082063,4794300
2016-05-31,13.90107250213623,13.996839734709752,13.812670790831993,13.945272655239584,8716100
2016-06-01,14.011577606201172,14.011577606201172,13.606404970401206,13.716907492499884,8709100
2016-06-02,14.217842102050781,14.232575954988276,13.871604988604957,13.937905921726133,8942800
2016-06-03,13.864238739013672,13.908438894886539,13.510634681835503,13.89370644632733,8141800
2016-06-06,14.144179344177246,14.247313531499001,13.790573806749375,13.915808779253473,7680900
2016-06-07,13.99683952331543,14.166274611900581,13.989472597059878,14.026307228337636,6678000
2016-06-08,13.982107162475586,14.099975184944057,13.9526408594073,14.011574870641535,4455200
2016-06-09,13.797940254211426,13.871608130486926,13.6653383579351,13.86424120234959,5591000
2016-06-10,13.650607109069824,13.665339561544224,13.503271343541856,13.591673083878234,5827100
2016-06-13,13.495903968811035,13.746373918873514,13.473804588280665,13.518004754439353,6102600
2016-06-14,13.134930610656738,13.554835628696438,13.090730452204587,13.407501298823364,6019400
2016-06-15,13.282264709472656,13.569567811667218,13.127562066300372,13.157029771703677,8552400
2016-06-16,13.15703296661377,13.18649927407482,12.950763193994936,13.1643998947535,6961700
2016-06-17,13.41486644744873,13.436967228608264,13.083363160641703,13.17913040213769,12170800
2016-06-20,13.554834365844727,13.90843841071342,13.525368064654455,13.68743623394488,10209100
2016-06-21,13.562202453613281,13.65797110215092,13.407501197649287,13.591670162424153,10842700
2016-06-22,13.584303855895996,13.827406844302423,13.554836145738728,13.554836145738728,5717500
2016-06-23,14.077876091003418,14.085243018192521,13.790571551019191,13.790571551019191,5494800
2016-06-24,12.891829490661621,13.385402447365154,12.891829490661621,13.186499598000019,11595200
2016-06-27,11.978351593017578,12.685559858756898,11.889949857251203,12.670827407044104,10132300
2016-06-28,12.35707950592041,12.38678470493553,12.067460897632227,12.230835242949844,12729400
2016-06-29,12.713537216186523,12.720962100922538,12.312525452180145,12.44619604018227,13175100
2016-06-30,13.0625638961792,13.062563896179201,12.735813751743585,12.832354243164612,15029900
2016-07-01,12.943745613098145,13.077416187950831,12.847205123961437,12.951171913525735,6243000
2016-07-05,12.401639938354492,12.713537512146107,12.327378341466556,12.639275915258171,6584800
2016-07-06,12.453621864318848,12.550160942832502,12.074889018293785,12.178854397681114,7186400
2016-07-07,12.587292671203613,12.728388141048184,12.40906427990779,12.631849060816526,4655100
2016-07-08,12.810078620910645,12.958601838156818,12.772948524810287,12.824931225919736,7059800
2016-07-11,12.936325073242188,13.04771679641506,12.854637148584866,12.928898769507649,3693200
2016-07-12,13.285346031188965,13.292772331111767,13.077415299038023,13.136824281998562,6148000
2016-07-13,13.32248306274414,13.35218685834748,13.136829736850245,13.300204153724785,6763800
2016-07-14,13.693788528442383,13.745771228562587,13.54526531402264,13.619526921232511,6064100
2016-07-15,13.768048286437988,13.820030979576295,13.64922888100766,13.805178376844735,7696500
2016-07-18,13.686360359191895,13.775473142550439,13.634377666162385,13.70121296189237,3737800
2016-07-19,13.671504974365234,13.782896639106491,13.560113309623977,13.649226074848237,4172300
2016-07-20,13.65665340423584,13.723488691403551,13.567540632293543,13.708636090605843,3984900
2016-07-21,13.560115814208984,13.738342793998308,13.522984308155714,13.619524807472093,6772200
2016-07-22,13.686360359191895,13.70121296189237,13.485854472001941,13.604672460761435,3717400
2016-07-25,13.678936958312988,13.74577226821468,13.626954254261106,13.649231746613367,3740500
2016-07-26,13.857162475585938,13.864588777705006,13.552691170815644,13.641805379822163,5571300
2016-07-27,13.849735260009766,13.998258459750703,13.768048774932234,13.842308958380498,7773200
2016-07-28,14.050243377685547,14.117078686501065,13.723493136412182,13.849737451239,9016000
2016-07-29,14.094796180725098,14.183910375208972,13.938848110905903,14.057666092603023,5967300
2016-08-01,13.946274757385254,14.154205522296435,13.901716950828197,14.146779221203591,6510600
2016-08-02,13.79775333404541,13.983406635857875,13.708639125949622,13.879441240098027,5365500
2016-08-03,14.079943656921387,14.117075161671268,13.820030205782604,13.820030205782604,6622900
2016-08-04,14.013114929199219,14.1913419682075,13.9685571071302,14.109654044170231,5511900
2016-08-05,14.532938957214355,14.532938957214355,14.05766699975617,14.183911290508771,8247400
2016-08-08,14.406694412231445,14.64433038676705,14.391841809717436,14.570070207041276,6385300
2016-08-09,14.406694412231445,14.50323491215037,14.369564322368557,14.384416924882567,3145800
2016-08-10,14.176484107971191,14.466102761993048,14.161631506118256,14.406693771003383,4050200
2016-08-11,14.28787899017334,14.310157897944253,14.154208376392642,14.206191078102382,4856100
2016-08-12,14.191339492797852,14.265599683781073,14.065095185135082,14.198765795180643,3081700
2016-08-15,14.443826675415039,14.458677862285159,14.072520091640074,14.243320780235228,3116200
2016-08-16,14.414119720458984,14.510660213726963,14.347284430172552,14.347284430172552,3959400
2016-08-17,14.495806694030762,14.518084178433762,14.354709821649982,14.39926620687793,5852000
2016-08-18,14.540364265441895,14.570069468965135,14.458676372175042,14.480955274817473,5185400
2016-08-19,14.5477933883667,14.584923483551345,14.443827988711822,14.5477933883667,4108900
2016-08-22,14.570072174072266,14.592349664428713,14.466105358860307,14.532940662774307,3499000
2016-08-23,14.495806694030762,14.644328450264574,14.49580669403076,14.607198365311607,4762300
2016-08-24,14.443826675415039,14.592348459071701,14.414121468830382,14.518086859032264,4853200
2016-08-25,14.5477933883667,14.584923483551345,14.362140079598795,14.421549081747632,5076400
2016-08-26,14.622052192687988,14.755722776009078,14.518085396537105,14.607199590891854,4751000
2016-08-29,14.711169242858887,14.8002834630931,14.629482742101878,14.659186537898297,4416800
2016-08-30,14.971083641052246,14.98593624662296,14.68146491453546,14.748300223181246,6274000
2016-08-31,14.971083641052246,15.01564004134196,14.778004017900248,14.98593624662296,5652700
2016-09-01,14.881969451904297,15.052770150763592,14.688889846767673,15.015638640301379,4985800
2016-09-02,14.926528930664062,14.956232728745968,14.778005690986774,14.933955234290185,4294100
2016-09-06,14.75572395324707,15.000786236746551,14.629479660752054,14.94880212631269,5004900
2016-09-07,14.867117881774902,14.896821675788372,14.629481863977574,14.696317171035872,4312500
2016-09-08,14.956226348876953,14.993357851168405,14.815130889435386,14.911669962549194,3965700
2016-09-09,14.80027961730957,15.045341888747272,14.80027961730957,14.926523903590939,5934900
2016-09-12,15.008209228515625,15.04534073128421,14.592346312461485,14.748295791245539,5739800
2016-09-13,15.01563835144043,15.075047350614804,14.67403696029334,15.067622465087492,13236100
2016-09-14,15.127029418945312,15.431500675599395,14.926523542683727,15.07504531232699,13607500
2016-09-15,15.25326919555664,15.349808246480949,15.037910781032302,15.052763378535014,7210600
2016-09-16,15.193864822387695,15.268126422887537,15.075046828156838,15.134455825272267,11059700
2016-09-19,15.320109367370605,15.386944667264787,15.223570276646925,15.290405576541104,6840200
2016-09-20,15.327533721923828,15.438926818543882,15.27555103225957,15.379516411588087,7533400
2016-09-21,15.401793479919434,15.483481363332968,15.253271729484332,15.379514579964315,7403800
2016-09-22,15.446349143981934,15.624577502477957,15.409219062207994,15.505758124673331,8259400
2016-09-23,15.535465240478516,15.676562118191692,15.342385675297855,15.342385675297855,5734100
2016-09-26,15.193864822387695,15.446353414233826,15.171587333733298,15.431502227271633,7876200
2016-09-27,15.386944770812988,15.401797374538813,15.067622289241283,15.119604985859416,7075900
2016-09-28,15.349578857421875,15.476618788460572,15.185171557743573,15.439254270550954,8417100
2016-09-29,15.125391960144043,15.5364089058847,15.043188285922827,15.259906545100424,8316400
2016-09-30,15.28979778289795,15.439258748616675,15.17022958046913,15.207595534581515,6055800
2016-10-03,15.20759391784668,15.401892582478771,15.147809822987977,15.200120727818684,6026200
2016-10-04,15.29726505279541,15.476617287018966,15.132859194431697,15.132859194431697,9248000
2016-10-05,15.49903678894043,15.611131756712089,15.274846853397108,15.274846853397108,7166000
2016-10-06,15.49903678894043,15.648497696212543,15.357049069568406,15.543874490976123,5597300
2016-10-07,15.461675643920898,15.558824257061168,15.304741514552576,15.431782885806872,6015000
2016-10-10,15.454200744628906,15.596188479231513,15.424307989822042,15.513984828877636,6503800
2016-10-11,15.237483978271484,15.51398628472217,15.125388987956661,15.132862177359668,7407100
2016-10-12,15.22253704071045,15.379469721623417,15.20011747542362,15.274847934348106,6378400
2016-10-13,14.751739501953125,15.117917266054606,14.677009026034087,15.073079550649293,12800100
2016-10-14,14.796576499938965,15.065605630057375,14.706901073476295,14.92361787523208,17027600
2016-10-17,14.632169723510742,14.826468369679,14.624696534192912,14.804048801725505,8249100
2016-10-18,14.848886489868164,14.923615525030169,14.632168296876406,14.916142336440972,9141300
2016-10-19,15.334634780883789,15.461676156348462,14.848888848353639,14.87878018209316,17204900
2016-10-20,15.708280563354492,15.79048277319017,15.170222478936845,15.17769566626095,17496800
2016-10-21,15.85027027130127,15.880163027056833,15.566296218448638,15.596188974204201,6436300
2016-10-24,15.92499828338623,16.037093249480474,15.880160582021498,15.992255548115743,5864400
2016-10-25,15.902582168579102,16.029623526412596,15.835324895292839,15.88763579110104,7439100
2016-10-26,16.194026947021484,16.208973322233174,15.775538418647674,15.865213819188238,6615700
2016-10-27,16.30612564086914,16.492951097662537,16.22392198376321,16.30612564086914,8360200
2016-10-28,16.14919662475586,16.38085984491675,16.05951975788027,16.365913462876577,5832400
2016-10-31,16.261289596557617,16.410749122087665,16.18655912110996,16.246343216395033,6959500
2016-11-01,16.32854652404785,16.500425616054667,16.02215286425649,16.36591104827012,6928300
2016-11-02,16.156667709350586,16.276235899352372,16.05951766412085,16.276235899352372,5955600
2016-11-03,16.007205963134766,16.26128871059446,15.947421871106908,16.18655823921834,5409500
2016-11-04,15.85027027130127,16.10435299376338,15.835325318788533,15.999731199348998,8043800
2016-11-07,16.365907669067383,16.418218562323595,16.20150180092429,16.21644817767319,6174300
2016-11-08,16.179088592529297,16.321076376700663,16.074466764911183,16.29865680276871,7178300
2016-11-09,17.150575637817383,17.28508875476706,16.507895680254084,16.605044280056347,14189600
2016-11-10,17.74094581604004,17.882933567187184,17.255199896748938,17.37476807917859,13716000
2016-11-11,18.286470413208008,18.316363162648862,17.606426042440752,17.711049240119,10993600
2016-11-14,18.884319305419922,19.138402064780877,18.51066835640266,18.54055969113411,12132000
2016-11-15,19.18324089050293,19.190714080959893,18.428465758733605,18.772225392927265,9359100
2016-11-16,18.607812881469727,18.95904560849345,18.51066428326281,18.824531068387767,10863300
2016-11-17,19.003889083862305,19.018835465160222,18.5405612411845,18.682549012783962,6275700
2016-11-18,19.190711975097656,19.243022877190814,18.891791516447338,19.00388651027056,5613600
2016-11-21,19.317752838134766,19.347644170527968,19.138400567680137,19.24302236910405,6480600
2016-11-22,19.53446388244629,19.571829818649366,19.243016706885893,19.429842111807115,9325400
2016-11-23,19.64656639099121,19.90064770956463,19.48963226073965,19.639093201420643,10900600
2016-11-25,19.53446388244629,19.736235661848742,19.489626184367317,19.713816100126895,3297400
2016-11-28,18.966520309448242,19.564362644150677,18.884318075267593,19.437321272745862,9962000
2016-11-29,18.973989486694336,19.228072175774955,18.91420540840271,19.056193128857142,6858500
2016-11-30,19.444793701171875,19.5867800207286,19.175764589817906,19.347643666354006,11881400
2016-12-01,19.758657455444336,19.95295606955351,19.48215519776765,19.601723356394086,7541900
2016-12-02,19.347646713256836,19.7511904438386,19.295335805670014,19.72877087257339,8487000
2016-12-05,19.497102737426758,19.661508609007807,19.3999527118923,19.601724526126972,5712400
2016-12-06,19.668981552124023,19.683927928998983,19.325223436189628,19.646563412176533,6346400
2016-12-07,19.840858459472656,19.863278022354965,19.497100380799377,19.706345358273197,8108300
2016-12-08,20.16220474243164,20.266827976759057,19.736242891239673,19.990325649032293,8131400
2016-12-09,20.094942092895508,20.177145735341433,19.89317171881939,20.154726171393037,6558600
2016-12-12,19.833389282226562,20.169674217102642,19.7810769620163,20.10241694505443,7185300
2016-12-13,19.997800827026367,20.087476264947234,19.683933943572566,19.967908064142488,6125400
2016-12-14,20.109895706176758,20.40881620624238,19.691407006084884,19.81844839678345,9315300
2016-12-15,20.326610565185547,20.416285987547422,20.04263506852096,20.20704238512629,7213300
2016-12-16,20.027685165405273,20.491012850627083,19.982847462114417,20.251876532589332,10180100
2016-12-19,20.34902572631836,20.371445291306223,19.91559078077418,19.967901673714266,7136200
2016-12-20,20.76751708984375,20.834772938511893,20.371446634466775,20.46112204960098,5872600
2016-12-21,20.692785263061523,20.80488023727326,20.625527993461496,20.797407048943818,3270600
2016-12-22,20.640478134155273,20.760046318501118,20.513436760117166,20.722680370039797,3482300
2016-12-23,20.685314178466797,20.69278736755627,20.513435105504055,20.662894611198364,2275500
2016-12-27,20.745098114013672,20.789935822857355,20.64794808192645,20.692787216135198,2416100
2016-12-28,20.474706649780273,20.805186539176294,20.452173441665774,20.752609053575792,2906600
2016-12-29,20.076623916625977,20.534789013994924,19.978982902601114,20.504744743470553,5521700
2016-12-30,20.256887435913086,20.339507756213575,20.001516839156867,20.151735342868697,4900800
2017-01-03,20.316974639892578,20.700030536705153,20.144224362679996,20.52728025949257,6368500
2017-01-04,20.594879150390625,20.73007552244803,20.31697533754042,20.354530681217412,4651800
2017-01-05,20.009033203125,20.54230774310581,19.941435001823343,20.489731682669014,8035200
2017-01-06,20.18177604675293,20.331993091303495,19.986492599506583,20.15924284540504,6093800
2017-01-09,20.099164962768555,20.23436136770625,19.91890356704837,20.076631751082196,3818000
2017-01-10,20.331995010375977,20.5197674082296,20.076624434687872,20.16675581599708,5239500
2017-01-11,20.34701919555664,20.35453026413813,20.03907254666478,20.151735710207436,5900200
2017-01-12,20.21182632446289,20.324489507504904,19.933923901798593,20.26440238104316,4526300
2017-01-13,20.49723243713379,20.797667940274977,20.279415801988005,20.28692686864022,5095700
2017-01-17,19.55086898803711,20.35453488503728,19.295498328651426,20.294447755334186,14325100
2017-01-18,19.77619171142578,19.78370278032431,19.42318006873419,19.640995336432006,9338900
2017-01-19,19.52081871032715,19.978983828939207,19.505796574368453,19.83627640251107,5618400
2017-01-20,19.746150970458984,19.858814150750497,19.58091030228071,19.656019566671738,5433700
2017-01-23,19.903871536254883,19.95644757147595,19.640989927560028,19.74614343059168,7614500
2017-01-24,19.978986740112305,20.099160980113197,19.272962005664617,20.0766277728918,12165000
2017-01-25,20.21182632446289,20.27191345092464,19.994011028260342,20.129205988356702,9686400
2017-01-26,20.362041473388672,20.467193569076272,20.18928976000065,20.294443288278114,5173800
2017-01-27,20.099164962768555,20.4521766836468,20.031566760299707,20.42964490455067,5038300
2017-01-30,19.77619171142578,19.97898627391644,19.4982878925397,19.963964136119376,6398300
2017-01-31,19.60344696044922,19.82877336067667,19.535848753862922,19.535848753862922,8928800
2017-02-01,19.70859718322754,19.978989983418966,19.603445064304285,19.806239664447855,6181500
2017-02-02,19.483264923095703,19.59592807830079,19.3480685638137,19.505796694582873,6590300
2017-02-03,19.918899536132812,20.03156270658491,19.640995711933694,19.873833121880022,6311700
2017-02-06,20.099164962768555,20.17427423579952,19.798729303234914,19.851305364579524,6251000
2017-02-07,19.896364212036133,20.18928871056245,19.753656780599556,20.159245870180417,4923600
2017-02-08,19.445714950561523,19.76868380186424,19.287986776254694,19.701085603564128,7384300
2017-02-09,19.6409969329834,19.776193318966836,19.4231816475801,19.528333755527207,7587300
2017-02-10,19.911386489868164,20.02404964913269,19.686058738749324,19.813744034606394,4849800
2017-02-13,20.08414077758789,20.234359308361384,19.99401080519586,20.039075791391873,4321700
2017-02-14,20.69251823425293,20.715051438341632,20.00902680204948,20.054093210226885,6563500
2017-02-15,20.700031280517578,20.86527192778009,20.497238154697953,20.86527192778009,6620700
2017-02-16,20.73007583618164,20.782651885535245,20.594879462078147,20.68501085567711,6024600
2017-02-17,20.685012817382812,20.692522454354176,20.45217395874953,20.564837136990455,3990200
2017-02-21,20.707544326782227,20.895316765628767,20.594881149992304,20.77514251937418,4878200
2017-02-22,20.654972076416016,20.722570281455145,20.482221744689475,20.594884942224596,5974200
2017-02-23,20.63243293762207,20.730075398006218,20.384573401201347,20.730075398006218,4619300
2017-02-24,20.51976203918457,20.534784170903812,20.29443579375326,20.43714174731807,5504100
2017-02-27,20.707544326782227,20.835229642501474,20.45968476480839,20.56483687213365,4637600
2017-02-28,20.609901428222656,20.745097801200796,20.512258966587382,20.654966408352074,6387800
2017-03-01,21.593826293945312,21.759065492462327,20.90282379523547,20.932868067287515,7879600
2017-03-02,20.83522605895996,21.661424934301195,20.827714990787157,21.616359957854154,6533300
2017-03-03,20.910337448120117,21.023000617062873,20.677500041293104,20.737587160235236,5062500
2017-03-06,20.685012817382812,20.797675995623734,20.39208683484837,20.685012817382812,5069100
2017-03-07,20.55732536315918,20.760118489877215,20.474705039161904,20.662477460908523,4488900
2017-03-08,20.55732536315918,20.917848069091114,20.519770019255926,20.872783088997092,5920500
2017-03-09,20.647451400756836,20.86526805624538,20.57234215980942,20.624918198695728,3881600
2017-03-10,20.399587631225586,20.857752615609908,20.00902080626155,20.782643390410776,8208600
2017-03-13,20.249385833740234,20.452180478777592,20.204320834595432,20.377071191809257,4222100
2017-03-14,20.091651916503906,20.256891154851132,19.77619414686641,20.084140846680384,4538300
2017-03-15,19.866329193115234,20.33951521799854,19.746154919094387,20.33951521799854,4710600
2017-03-16,20.01654052734375,20.129203697564197,19.851301306526423,19.96396447674687,5421800
2017-03-17,19.79121208190918,20.106669784528304,19.69356962753743,20.024049466612173,11694300
2017-03-20,19.67104148864746,19.948943901455575,19.625975070956915,19.776193598078635,6475400
2017-03-21,18.709640502929688,19.806231986599848,18.611999492149902,19.806231986599848,9966800
2017-03-22,18.657072067260742,18.882398450174584,18.251482858907586,18.672094208145722,7864800
2017-03-23,18.822307586669922,19.070167131759476,18.52187199149924,18.596981248439388,7080000
2017-03-24,18.694625854492188,18.919953668400517,18.529386603698235,18.844844397097738,5978000
2017-03-27,18.574451446533203,18.61200679818265,18.041178346422672,18.23646187722926,5981300
2017-03-28,18.957509994506836,19.130260337621596,18.409214679791088,18.409214679791088,5956000
2017-03-29,18.912189483642578,19.093456296001317,18.76113308638668,18.98771624168996,6561000
2017-03-30,19.433332443237305,19.54662402913386,18.84421562034295,18.897084931055964,5985700
2017-03-31,19.18408966064453,19.410674264545197,19.17653669645645,19.32004013486881,3606700
2017-04-03,19.10100746154785,19.31248466909869,18.87442288699711,19.28982722004992,5680100
2017-04-04,19.14632797241211,19.229407704662272,18.949955207908616,18.987718591605894,4240100
2017-04-05,18.806447982788086,19.4559884242147,18.79889501944819,19.35024981861705,4574200
2017-04-06,19.017927169799805,19.153877632583203,18.647840599211943,18.82910740272964,4004400
2017-04-07,18.889524459838867,19.063238251884645,18.761126996026746,18.866865575431987,5332100
2017-04-10,18.730918884277344,19.01792571499404,18.602521394868376,18.9575034517769,5018400
2017-04-11,18.647844314575195,18.71581955951016,18.307968089900367,18.625185419403277,7388400
2017-04-12,18.375934600830078,18.647835451336597,18.262643059979062,18.610070643999524,6223000
2017-04-13,18.07382583618164,18.511887577609805,18.058719911164733,18.307961911622478,6770300
2017-04-17,18.428802490234375,18.504330658589513,17.960530439476496,18.088927893506238,5744900
2017-04-18,18.134252548217773,18.428810955469604,17.998302070845956,18.28530751373484,6213600
2017-04-19,18.285306930541992,18.496785604217752,18.179568313994416,18.315518787030218,5729000
2017-04-20,18.844215393066406,18.934848084458277,18.360835756847358,18.360835756847358,7889100
2017-04-21,18.594968795776367,19.017924613806077,18.511887648445775,18.776235574931956,6046200
2017-04-24,19.131216049194336,19.320035789687996,18.995265605546056,19.1463219741731,7715900
2017-04-25,18.889524459838867,19.327586140977843,18.783785880433626,19.184082754227806,8871400
2017-04-26,18.85931968688965,19.093457258497164,18.814003341660722,18.919741960721765,8644000
2017-04-27,18.61762809753418,18.919739426223774,18.436361300320424,18.912187903514425,7590900
2017-04-28,18.45146942138672,18.768686714383477,18.443916457198625,18.594972859799224,4879900
2017-05-01,18.723363876342773,18.859312862837786,18.413698214349346,18.564754564561746,7179800
2017-05-02,18.474124908447266,18.78379064490025,18.37593926560642,18.738472864591735,5123700
2017-05-03,18.670495986938477,18.72336672596562,18.330621308103172,18.391043569268138,6301000
2017-05-04,18.814001083374023,19.00282084650751,18.65539317382052,18.836659973559012,6371000
2017-05-05,18.730918884277344,18.912187114509145,18.662943658085513,18.881975262610382,3307700
2017-05-08,18.83665657043457,18.912184750158758,18.69315317301663,18.70825909707751,3051600
2017-05-09,18.76112937927246,19.002818414660787,18.662942308283277,18.889526859395044,4849300
2017-05-10,18.602519989013672,18.821551576985588,18.5723095799784,18.70070705968394,6336100
2017-05-11,18.459014892578125,18.632728676647414,18.270195186264544,18.504331218730975,4592700
2017-05-12,18.247541427612305,18.35328003185836,17.97564051317337,18.27020031734236,6139000
2017-05-15,18.61007308959961,18.617626052059578,18.194670238363305,18.27019842238271,5595800
2017-05-16,18.806447982788086,18.844212799487575,18.594970771592784,18.610075257692124,5831900
2017-05-17,17.960540771484375,18.511894268663355,17.801931382638706,18.29286259849096,9406700
2017-05-18,17.990747451782227,18.172014258079063,17.779270231392843,17.93787814668488,7426700
2017-05-19,18.26264762878418,18.436361464252766,17.952983334051318,18.020958563683454,6230500
2017-05-22,18.4212589263916,18.5572094106659,18.232439129473015,18.338179195342317,5354700
2017-05-23,18.68560218811035,18.746024450166942,18.300409727281945,18.49678243911096,5388700
2017-05-24,18.489229202270508,18.700707836624638,18.36083171723056,18.678048948471588,6538600
2017-05-25,18.48167610168457,18.77623588315555,18.42125384097417,18.534546840313958,4991200
2017-05-26,18.323060989379883,18.52698657916098,18.307955070008003,18.46656434225322,4653600
2017-05-30,18.164461135864258,18.27775414931887,17.930325026513707,18.247542294909504,4845400
2017-05-31,17.93032455444336,18.202225474647,17.80192705774503,18.17956658443654,9368600
2017-06-01,18.149356842041016,18.194673183555953,17.522475262192383,17.59045049475505,6326000
2017-06-02,17.854795455932617,18.06627409876902,17.824585044430503,17.990745909143133,8140900
2017-06-05,17.900114059448242,18.179566501195332,17.89256109607934,17.99074673871415,7081800
2017-06-06,17.839696884155273,17.94543552033459,17.545136991028656,17.711299351402868,6931400
2017-06-07,18.03605842590332,18.126692522370412,17.85479167354923,17.952978731436918,6188700
2017-06-08,18.375934600830078,18.678045856626156,17.960531804182985,17.990742209472543,6373700
2017-06-09,18.927297592163086,18.987719874509608,18.46657822948868,18.46657822948868,8017100
2017-06-12,19.025480270385742,19.3049327209373,18.80644864752811,18.927293184076973,6977200
2017-06-13,19.131216049194336,19.312482827198615,19.010371530524818,19.161427899151864,5491500
2017-06-14,19.320039749145508,19.372909056825943,18.76868633964868,18.79134379117996,8390500
2017-06-15,19.2445125579834,19.388016001051923,19.063245733329786,19.138773937080625,4345700
2017-06-16,19.236953735351562,19.320034878234985,18.9423954150634,18.957501339329518,6289000
2017-06-19,19.327590942382812,19.569280007110088,19.25961571285571,19.350249832418665,3915800
2017-06-20,19.304933547973633,19.403120638488804,19.063244464521784,19.320039475834516,5912200
2017-06-21,19.176532745361328,19.38801137731318,19.11611048488656,19.342695042102186,6682800
2017-06-22,18.987714767456055,19.161430042987003,18.791342042502276,19.146324116318148,6103000
2017-06-23,18.625181198120117,19.153877107659543,18.564758931936794,19.123665254277654,7618400
2017-06-26,18.74602699279785,18.92729380355388,18.572313145895894,18.640288380001973,3422800
2017-06-27,18.949949264526367,19.138769004953627,18.75357656161238,18.881974042726128,5336300
2017-06-28,19.360088348388672,19.420849651045426,19.132233825591765,19.16261375258828,5735400
2017-06-29,19.800615310668945,20.271516662938225,19.686688008097683,19.899353368584492,10133600
2017-06-30,19.717065811157227,20.013278504166422,19.57275858623551,19.92973114861715,5774600
2017-07-03,20.10441780090332,20.294297082376897,19.85377720730476,19.891753932797844,2930700
2017-07-05,20.187959671020508,20.3246729483753,19.9904850980262,20.14238906145676,4982100
2017-07-06,20.096818923950195,20.40822222361107,20.081629685086302,20.16517556916067,5320900
2017-07-07,20.11201286315918,20.218346244380463,19.982894895626423,20.165178829437856,4073600
2017-07-10,20.00567626953125,20.18796016087283,19.90693825630648,20.036056193756384,4950900
2017-07-11,19.89175033569336,20.11960485279223,19.75503704596856,20.013272937967916,6363000
2017-07-12,19.83099365234375,19.92973024643446,19.679089639796782,19.732255609589014,4854200
2017-07-13,19.96770668029785,19.96770668029785,19.793016633838274,19.884159329759097,4267300
2017-07-14,19.808210372924805,19.868971696668027,19.47402236800498,19.694283071989297,5390800
2017-07-17,19.86896514892578,19.967703172884914,19.648705966191272,19.747442541486656,4487200
2017-07-18,19.610733032226562,19.724660317613893,19.42844908587403,19.595542341197845,5344200
2017-07-19,19.59554100036621,19.747445002931258,19.436043101470453,19.671493001648734,6272400
2017-07-20,19.360088348388672,19.70946692516282,19.306922389646974,19.62591959076088,8664000
2017-07-21,19.8841552734375,20.04365314793174,19.37527882596053,19.451230815623187,9418800
2017-07-24,20.07403564453125,20.10441557289501,19.83858576722291,19.92213165672109,5727400
2017-07-25,20.195556640625,20.56771978747429,20.1271999964421,20.400626573173692,10518900
2017-07-26,19.8841552734375,20.286698355921267,19.800607939942207,20.112009793761757,7257700
2017-07-27,19.853778839111328,20.03606279046843,19.73985155059615,19.92213550195325,5499000
2017-07-28,20.03605842590332,20.074035146245084,19.732251906488,19.85377451425413,5554500
2017-07-31,20.279102325439453,20.347458964071777,20.05124638044386,20.10441233301043,4800400
2017-08-01,20.44620132446289,20.461392014836534,20.20315607314046,20.370249321258637,5271300
2017-08-02,20.47658348083496,20.514560210894327,20.33987159861361,20.415822161404094,4413500
2017-08-03,20.431013107299805,20.49177442748568,20.31708581303431,20.408228517645192,5930300
2017-08-04,20.643674850463867,20.962672087948487,20.529747576075906,20.636079505682815,5558300
2017-08-07,20.52974510192871,20.666456945520068,20.446197768069787,20.636077018721004,3585300
2017-08-08,20.848739624023438,21.16014143921483,20.446195142810005,20.50695643727019,6751500
2017-08-09,20.613296508789062,20.734819145864904,20.48417852581297,20.628487200589568,5881300
2017-08-10,20.03605842590332,20.468984345816878,19.998083154225316,20.400627697865463,5283300
2017-08-11,19.83099365234375,20.256322859345623,19.732255609589014,20.157586265254913,4345300
2017-08-14,20.263917922973633,20.31708389202634,20.028468010598502,20.043657252710698,3428200
2017-08-15,20.522153854370117,20.772794457312084,20.332274565818206,20.332274565818206,5650900
2017-08-16,20.37784194946289,20.68164847310933,20.279105372526715,20.605696480031778,7593500
2017-08-17,19.944915771484375,20.438601511396318,19.90693905385198,20.355054181268695,8052200
2017-08-18,19.998088836669922,20.157588210099462,19.83859091190455,19.86137550192008,8550400
2017-08-21,19.906944274902344,20.043657596907856,19.84618295941812,19.998086972460694,4230000
2017-08-22,20.21834373474121,20.21834373474121,19.96770317577872,19.96770317577872,5188300
2017-08-23,20.203153610229492,20.355056149456004,19.952513044275143,20.028465038220297,3592700
2017-08-24,20.393035888671875,20.438606512317325,20.248727223686608,20.286702501947147,3691100
2017-08-25,20.256317138671875,20.506957674525083,20.24872179532316,20.44619637639896,4253900
2017-08-28,20.195556640625,20.377840542224835,20.104413965493244,20.301888554392317,4845600
2017-08-29,19.944915771484375,20.07403371410722,19.82339317238801,19.99808172750608,4285000
2017-08-30,19.97529411315918,20.119602731393282,19.937318847201354,19.96010487597417,3905300
2017-08-31,19.84617805480957,20.119604631248375,19.8157981289073,20.036057299855702,4751200
2017-09-01,20.0588436126709,20.21074759030801,19.838584438627155,19.884155052452808,3404600
2017-09-05,19.587942123413086,20.043651117907313,19.54996540809619,19.975294479000464,5569600
2017-09-06,19.572755813598633,19.785419672268933,19.466422435599597,19.724658362839723,4518000
2017-09-07,18.965139389038086,19.595538455070802,18.72968951944276,19.557563183694178,7888900
2017-09-08,19.063875198364258,19.238563744270067,18.88159130933251,19.04108916898645,5533800
2017-09-11,19.51959228515625,19.625924227762606,19.261356325685895,19.27654556844104,4777100
2017-09-12,19.8841552734375,19.97529650210172,19.55756273195268,19.59553800245215,3293300
2017-09-13,19.998088836669922,20.066445504044843,19.74744820584993,19.762638898303063,4492600
2017-09-14,19.98289680480957,20.119610130395834,19.80820819930004,20.013278187679436,4172100
2017-09-15,20.14238929748535,20.14238929748535,19.732249460614945,19.88415342582552,7980400
2017-09-18,20.408218383789062,20.49935959447894,20.165171775068067,20.21074382907643,5890200
2017-09-19,20.643674850463867,20.71203150482942,20.3778435777827,20.423414197805105,4862000
2017-09-20,20.81836700439453,20.909509708732493,20.461394430454476,20.598107762629347,4363100
2017-09-21,20.91710662841797,21.0234385842582,20.78798863261301,20.78798863261301,3927600
2017-09-22,20.742406845092773,20.92469073350772,20.658860968317324,20.810763484331325,4658400
2017-09-25,20.613296508789062,20.863937128841002,20.49177387171322,20.727225248628756,8878600
2017-09-26,20.80316925048828,20.871525893371714,20.60569466534321,20.666455964721415,3839300
2017-09-27,21.023427963256836,21.2209025305279,20.901905375499798,21.13735520819612,6295100
2017-09-28,21.076908111572266,21.14566218680356,20.870645885878382,21.099826622344803,5493900
2017-09-29,21.374841690063477,21.435956262344035,21.000514752709243,21.069268828660668,4977900
2017-10-02,21.290813446044922,21.37484508560072,21.08455118542451,21.206780349402553,4009800
2017-10-03,21.321367263793945,21.420679357420756,21.176219603847432,21.34428577549699,3477900
2017-10-04,21.244972229003906,21.405398885781455,21.229694679333036,21.344284315839122,3461300
2017-10-05,21.558185577392578,21.619300150156448,21.122744064314208,21.23733370611067,3279400
2017-10-06,21.535268783569336,21.73389151172414,21.382481621269836,21.58874385324825,3483200
2017-10-09,21.48943519592285,21.611665819554027,21.405403554602582,21.611665819554027,2248000
2017-10-10,21.710966110229492,21.71860561162869,21.44358938960115,21.527622447906435,2423600
2017-10-11,21.588741302490234,21.71860993797463,21.4817911757688,21.71860993797463,2834000
2017-10-12,21.504711151123047,21.70333388281393,21.397761009861185,21.70333388281393,6048900
2017-10-13,21.43596076965332,21.604026971578662,21.176223418574743,21.42832126437611,7080000
2017-10-16,21.67277717590332,21.67277717590332,21.39776086358271,21.39776086358271,4003000
2017-10-17,21.367204666137695,21.695696076675762,21.344287609551834,21.68041706756085,4497400
2017-10-18,21.4435977935791,21.52763088481786,21.3213686374608,21.512351876031452,3693600
2017-10-19,21.604019165039062,21.649854723053156,21.21441327920397,21.27552784225147,3545400
2017-10-20,21.848482131958008,21.894317699863052,21.718613475321686,21.856121636123255,3917100
2017-10-23,21.71861457824707,21.886679307157937,21.67277900801438,21.840843736925247,4892500
2017-10-24,21.848482131958008,21.932513763602852,21.38248257748301,21.38248257748301,7767900
2017-10-25,21.833202362060547,22.32211895489088,21.70333370995419,22.06238165067817,6990200
2017-10-26,22.03946304321289,22.16169218280846,21.772086253940227,21.879036386814782,5313900
2017-10-27,22.2075252532959,22.222804258301988,21.97070650404598,22.039460569487265,4293300
2017-10-30,22.161697387695312,22.314483119529825,22.008910198774174,22.062385277770588,4996600
2017-10-31,22.07765769958496,22.2915594088239,22.031822139421685,22.115855213959513,4594800
2017-11-01,22.123493194580078,22.329755400336527,22.07001813169941,22.207526268870378,3649800
2017-11-02,22.352672576904297,22.451983193895334,21.970706199562294,22.10057482614202,4087000
2017-11-03,22.245725631713867,22.352675766362577,22.19224910730321,22.276282188576513,3605200
2017-11-06,22.337392807006836,22.40614686914031,22.146409624877414,22.222803189146394,2985600
2017-11-07,21.7338924407959,22.436710794661938,21.710973928345354,22.329759193645817,4904900
2017-11-08,21.619300842285156,21.772088007629392,21.504711196820175,21.512350700796027,6401600
2017-11-09,21.397764205932617,21.710976629627872,21.229699464977262,21.458878789651532,6229900
2017-11-10,21.138025283813477,21.817925159096998,21.122746274752014,21.45123768414093,6799400
2017-11-13,21.535268783569336,21.604022860895473,20.91648208763409,21.023433684078288,8058000
2017-11-14,21.856117248535156,21.863756751166783,21.413036295503844,21.443592848944206,5786900
2017-11-15,21.741527557373047,21.8561186470939,21.542906304585692,21.726250008218333,5481900
2017-11-16,21.74916648864746,22.062378822920447,21.657495367784545,21.901953632867247,3942400
2017-11-17,21.7338924407959,21.80264652106111,21.489432679249358,21.527630200000267,3783200
2017-11-20,21.825563430786133,21.909596518790966,21.69569477527249,21.795006871475735,4814300
2017-11-21,21.756807327270508,21.932511533949835,21.710971764025093,21.932511533949835,3424000
2017-11-22,21.710966110229492,21.909588775350944,21.680408104632697,21.764441162937977,2672400
2017-11-24,21.542903900146484,21.810279194089656,21.512345891075224,21.795001646640095,2281100
2017-11-27,21.695688247680664,21.695688247680664,21.504705073921,21.58109863484206,5402700
2017-11-28,22.337392807006836,22.360311313413344,21.695689198485095,21.772082762754074,6140800
2017-11-29,23.269392013549805,23.338146081008542,22.536017236771478,22.54365673949869,6388400
2017-11-30,23.307594299316406,23.773593861484574,23.254119226363297,23.42982345380536,7991400
2017-12-01,23.445100784301758,23.659001060804254,22.727003460262235,23.376346707687,7486700
2017-12-04,23.956932067871094,24.315979944236982,23.811784433984407,23.842340987015955,7291800
2017-12-05,23.51385498046875,24.17083627789204,23.46801795776829,23.99513206213269,6429200
2017-12-06,23.361066818237305,23.720114738158596,23.26175618747994,23.49093546281927,8257900
2017-12-07,23.22356605529785,23.475663921172803,22.9409116229676,23.215926549412337,10673900
2017-12-08,23.200641632080078,23.47565647124975,22.841592254837828,23.429820907569187,10860200
2017-12-11,23.14716339111328,23.437458672761423,23.040213264761963,23.16244239690238,6978000
2017-12-12,23.26175880432129,23.46038008818,23.03257804611388,23.116611136498577,7110500
2017-12-13,22.872148513793945,23.414540104142908,22.841590502293965,23.223556903526596,6761900
2017-12-14,22.665889739990234,22.994381127931405,22.60477516482116,22.9714626158356,9139300
2017-12-15,22.94090461730957,23.170083895541563,22.604773746427842,22.803396467535848,17129800
2017-12-18,23.277034759521484,23.544411563883468,23.040215970326063,23.177724124402875,10054900
2017-12-19,23.391626358032227,23.59788713645868,23.299953767664388,23.437461924672952,6286100
2017-12-20,23.307594299316406,23.73539634002774,23.269396777859573,23.628446194121523,5045000
2017-12-21,23.62844467163086,23.704838252535673,23.414542936514646,23.490936517419463,5550300
2017-12-22,23.559688568115234,23.773590284833382,23.391623870249266,23.773590284833382,2626900
2017-12-26,23.437461853027344,23.70483866227261,23.315232704301458,23.51385543525262,1977900
2017-12-27,23.422182083129883,23.536771724196452,23.338148999707435,23.49857566286971,2369100
2017-12-28,23.529691696166992,23.575769171460976,23.35306576839662,23.498974844034304,3330600
2017-12-29,23.2993106842041,23.63720485337568,23.2993106842041,23.56041052428259,3351700
2018-01-02,23.36842155456543,23.952056308162728,23.17643649606881,23.952056308162728,8378800
2018-01-03,23.437543869018555,23.529695906636533,23.260917909642238,23.345390366670344,5975900
2018-01-04,23.522008895874023,23.81382700718815,23.46825331345557,23.59880321278457,7453300
2018-01-05,23.58344268798828,23.660237000442713,23.368420370791494,23.591122265706694,6212800
2018-01-08,23.575769424438477,23.66024186725727,23.391462450744783,23.55273068654427,5896100
2018-01-09,23.99813461303711,24.213158426472685,23.621844038072275,23.667920046404934,4364000
2018-01-10,24.251550674438477,24.520330028706752,24.021169207768324,24.051886053117176,3413500
2018-01-11,24.46657943725586,24.49729628886502,24.220838765462823,24.328349943189792,4566200
2018-01-12,24.84286880493164,24.850549848822304,24.474259258327436,24.574090857956705,4346400
2018-01-16,24.78911018371582,25.103965567146748,24.64320259169743,24.88126512237333,6128900
2018-01-17,24.950380325317383,25.004135909136817,24.535691882030648,24.919662011860673,4410800
2018-01-18,24.704635620117188,25.07324950586259,24.627842769438256,24.981094569696502,4325300
2018-01-19,24.958057403564453,24.996453829062652,24.627842871252838,24.66623929675104,5417300
2018-01-22,25.165403366088867,25.249877265733176,24.827510696971327,24.958059138632755,7971200
2018-01-23,25.28059196472168,25.472577029810246,24.62016580156309,25.073250672350486,7393600
2018-01-24,25.595455169677734,25.649210763807197,25.27291867544079,25.47258189228448,5089700
2018-01-25,25.21915626525879,25.733674792711888,25.203797109735795,25.733674792711888,4496200
2018-01-26,25.610807418823242,25.649206776769738,25.219159161122562,25.295952018096116,3574500
2018-01-29,25.472583770751953,25.79512028877425,25.434187333465115,25.580097896399643,3012200
2018-01-30,25.357391357421875,25.63385035920996,25.249880174384295,25.318994924831316,4518300
2018-01-31,25.418825149536133,25.702965196478132,25.33435416933558,25.40346892001606,4431400
2018-02-01,25.8488712310791,25.856549345369366,25.326671575545394,25.457222954158752,4325500
2018-02-02,25.44186782836914,26.040860439578537,25.334356634506975,25.726004973499197,4954100
2018-02-05,24.343708038330078,25.572411343640848,24.20547855030015,25.096289179015393,7591400
2018-02-06,24.589452743530273,24.681604774219554,23.44522168681592,23.637206792937057,8297600
2018-02-07,24.835189819335938,25.18076354579595,24.443540084257886,24.528013987332535,5545900
2018-02-08,23.88294792175293,24.842872004804413,23.88294792175293,24.804475568785204,7178200
2018-02-09,24.558725357055664,24.689276704341292,23.72167048620738,24.31298474629829,8425400
2018-02-12,24.766075134277344,25.088608660117917,24.489616152436955,24.712319546637247,5447300
2018-02-13,24.873584747314453,24.950380531591122,24.512653349593005,24.643203253403712,3291900
2018-02-14,25.53401756286621,25.633850632233,24.743039911127948,24.8582292101265,4636200
2018-02-15,25.49561882019043,25.749037598597795,25.41882303168835,25.68760389725593,3709600
2018-02-16,25.44186782836914,25.672249376568114,25.288279153083053,25.426508667894502,6874200
2018-02-20,25.503292083740234,25.679917969512154,25.365062620186688,25.365062620186688,3852000
2018-02-21,25.6799259185791,26.056218003500312,25.46490354402992,25.59545493533488,4510600
2018-02-22,25.24220085144043,25.887270923112876,25.15004882104729,25.756722457510946,6022300
2018-02-23,25.687612533569336,25.702971696433586,25.326679529911445,25.326679529911445,3004300
2018-02-26,25.925662994384766,25.93334403780975,25.580092206213628,25.887266565639052,3586000
2018-02-27,25.541696548461914,26.179088489932383,25.53401843338427,25.9103105203124,7025800
2018-02-28,25.380428314208984,25.917987152145482,25.372750199570746,25.664565427183707,6726400
2018-03-01,25.180763244628906,25.633848140688652,25.034852712168792,25.357389162827143,5035300
2018-03-02,25.272916793823242,25.34970965701648,24.65856509989751,24.98109864066104,4091300
2018-03-05,25.618488311767578,25.741358639879618,24.865907185898877,25.034852056140622,5013100
2018-03-06,25.8488712310791,25.91798597753091,25.372749049666556,25.772078370337027,3123100
2018-03-07,25.864229202270508,25.941022059488734,25.48025905725991,25.48025905725991,3662000
2018-03-08,25.856550216674805,25.98710159968744,25.43418360944091,25.902627692348666,3876600
2018-03-09,26.271236419677734,26.278917463017248,25.879588163694038,25.994777448649383,3854100
2018-03-12,26.309635162353516,26.42482738690158,26.08693468673253,26.263560616102257,4676000
2018-03-13,26.156051635742188,26.547699959122024,26.056218561366855,26.5016224795349,5183900
2018-03-14,25.818151473999023,26.217480772381563,25.733677574221602,26.07157317333128,4297200
2018-03-15,25.779756546020508,25.94870435540724,25.618489780402186,25.894948766867802,3431400
2018-03-16,25.894948959350586,26.156048789680046,25.795115895838173,25.894948959350586,9072600
2018-03-19,25.818151473999023,25.964062002509,25.57241081798818,25.887266216593304,4021500
2018-03-20,25.749042510986328,26.04086070404755,25.710646074139934,25.964067830354765,4694600
2018-03-21,25.818151473999023,26.094610444376144,25.55705166080504,25.718321346498158,4187600
2018-03-22,24.804473876953125,25.595454466407983,24.781436602804956,25.503299510895125,6879600
2018-03-23,23.829191207885742,24.927344752673083,23.806152468516608,24.91198559309366,6910200
2018-03-26,24.66623878479004,24.719994365263695,24.00581119860409,24.25923140992968,4924600
2018-03-27,24.06725311279297,24.90430829586863,23.859908845851997,24.827515424909862,4656000
2018-03-28,24.360567092895508,24.476348963394546,23.843406697236535,24.136722339563548,6960600
2018-03-29,24.50722312927246,24.59984950227381,24.213908980552983,24.522661103480395,5226900
2018-04-02,23.88971710205078,24.50722130186062,23.503776609108094,24.445470881879636,6416900
2018-04-03,24.360567092895508,24.460912460308673,23.928314089317464,23.990064518400043,3833700
2018-04-04,24.916318893432617,24.985788304434443,23.85884269884255,23.93603109687194,5066500
2018-04-05,24.954917907714844,25.17876119366661,24.831414102372097,25.07069830848449,4303300
2018-04-06,24.113563537597656,24.76194520188687,23.75849896551264,24.684755331112413,5365100
2018-04-09,24.237064361572266,24.831411643465643,24.22162638743315,24.252502335711377,4276600
2018-04-10,24.530384063720703,24.669321437356754,24.337413771605288,24.584415509953583,3888000
2018-04-11,24.291095733642578,24.499503967222726,24.198470833548896,24.337409655935662,3420300
2018-04-12,24.900880813598633,25.055257609001625,24.430034384887357,24.484065821604535,4139000
2018-04-13,24.244787216186523,25.117013754983358,24.159879817123166,25.08613780177978,4879800
2018-04-16,24.306533813476562,24.47634711255118,24.09040659190739,24.430034662302877,4422800
2018-04-17,23.881999969482422,24.46862974096492,23.689029708030795,24.46862974096492,5807100
2018-04-18,23.758501052856445,24.152160594914328,23.71990611407839,23.92831436674075,4550500
2018-04-19,24.206192016601562,24.252504470849903,23.743063057379022,23.743063057379022,7234300
2018-04-20,24.252504348754883,24.484068091077198,24.113565514462945,24.260223336465142,4995800
2018-04-23,24.646162033081055,24.65388102021021,24.12128268626845,24.298814973500285,7073100
2018-04-24,25.6650447845459,26.15904818296422,25.240510798060935,25.472074523007958,11385300
2018-04-25,25.888885498046875,26.16676308678313,25.47206911494249,25.626445880295062,8342700
2018-04-26,25.95063591003418,26.29798291566434,25.734510192971882,25.819417565958375,5806000
2018-04-27,26.11273956298828,26.24395793932839,25.88889333270986,25.958362750917207,6274000
2018-04-30,25.603290557861328,26.375171533779856,25.603290557861328,26.228515208372546,5116000
2018-05-01,25.749956130981445,25.85801902294353,25.34857757191302,25.61101728574649,5756100
2018-05-02,25.27910614013672,25.711360618122853,25.232792213908397,25.641891201026738,7599800
2018-05-03,24.916318893432617,25.22507248555018,24.545816349587028,25.209634511495054,6024900
2018-05-04,25.18647575378418,25.248224697498003,24.599846066042385,24.79281482770169,5375500
2018-05-07,25.3331356048584,25.487512402412705,24.993509005832927,25.240510704122816,4574700
2018-05-08,25.549257278442383,25.827134880807215,25.263662162452764,25.394883450010397,4765000
2018-05-09,25.989234924316406,26.1822051970939,25.5955768634271,25.5955768634271,3363800
2018-05-10,26.197641372680664,26.367456143297563,25.780827849927572,25.96607765015284,3997100
2018-05-11,26.22852325439453,26.390617602384335,26.12046035573466,26.197647299207954,3717600
2018-05-14,26.267112731933594,26.398334049276357,26.205363775443185,26.274833191802834,3755000
2018-05-15,26.483240127563477,26.761114834729412,26.16676901195076,26.243955939859205,5855200
2018-05-16,26.514118194580078,26.606746059147447,26.32886835443158,26.36746182575476,5271500
2018-05-17,26.483240127563477,26.653051957860566,26.251673454853027,26.521833591517698,4980800
2018-05-18,25.90433120727539,26.45236609072088,25.896610747230934,26.43692811512474,5765400
2018-05-21,23.85112762451172,24.422319508037322,23.735345744597126,24.345132569591915,26880800
2018-05-22,24.61528968811035,24.82369795436866,23.951472892532493,24.020942314618598,16582800
2018-05-23,24.08269500732422,24.592136502241953,23.982349622789343,24.43775966707135,13001200
2018-05-24,24.514938354492188,24.5535318118435,23.858839273797727,24.013216047695025,12812400
2018-05-25,24.206192016601562,24.491787202087107,24.159878090106844,24.414598796842288,7708300
2018-05-29,23.380281448364258,24.082693198360513,23.25677910615665,23.936035363189255,10422500
2018-05-30,23.619564056396484,23.727626948894358,23.156435060732534,23.62728304475297,11183500
2018-05-31,23.604122161865234,23.750779971803258,23.457464351927214,23.588684187714655,7743900
2018-06-01,23.743061065673828,24.044094201405212,23.689029628208836,23.843404953502205,5772100
2018-06-04,23.928312301635742,24.005500700283815,23.758499002406975,23.789373478518456,4471300
2018-06-05,23.9051570892334,23.94375202750411,23.743062765235486,23.812532181876406,4419300
2018-06-06,24.430030822753906,24.507219209200592,23.951465476827288,24.036371376897225,6731100
2018-06-07,24.40688133239746,24.70791302176461,24.23706654605434,24.484068265557376,6015700
2018-06-08,24.553539276123047,24.615289710004898,24.275663059777944,24.4223194200933,5407900
2018-06-11,24.252504348754883,24.669319379384323,24.21391088244995,24.576694471353946,6088600
2018-06-12,24.144439697265625,24.46091080898002,23.997781886002823,24.321971984862238,7592100
2018-06-13,24.04409408569336,24.430034605438827,23.928312224218967,24.198470882490046,5345000
2018-06-14,23.804811477661133,24.152158535818604,23.68902961569073,24.059532162894527,5950100
2018-06-15,23.67359161376953,23.758498999496638,23.372558478549788,23.758498999496638,10964500
2018-06-18,23.67359161376953,23.781654488515848,23.403432954657486,23.55009076484624,5124200
2018-06-19,23.596405029296875,23.673593433869982,23.349403312460023,23.418872729351182,5699400
2018-06-20,23.704465866088867,23.8742806359399,23.642715442210193,23.78165426399877,6541600
2018-06-21,23.642719268798828,23.851127535212697,23.341686087698665,23.642719268798828,5474000
2018-06-22,23.233617782592773,23.82024750381344,23.179586349575075,23.812528517347182,6830400
2018-06-25,23.202743530273438,23.287650915353485,22.801366510454656,23.2104625173031,7224900
2018-06-26,22.84767723083496,23.27221117960584,22.677862473529707,23.210460760289237,6847200
2018-06-27,22.330524444580078,22.98662379114373,22.291929499343027,22.870840427679198,7450600
2018-06-28,22.322751998901367,22.579067465679817,22.1751759781914,22.4004236667205,7828700
2018-06-29,22.291683197021484,22.874218456719287,22.28391588244986,22.579066428852688,8713600
2018-07-02,22.586837768554688,22.61790703237794,22.19848085954827,22.237315957863295,5633700
2018-07-03,22.454795837402344,22.711111332120034,22.40819342421658,22.672276234709233,3614700
2018-07-05,22.3848876953125,22.68003971904364,22.35381991892508,22.56353148356549,5621600
2018-07-06,22.63343620300293,22.687805923669305,22.182942327028076,22.36935343279728,3902700
2018-07-09,23.27033805847168,23.324709253297286,22.718872129841298,22.757707216110294,6437700
2018-07-10,23.06839942932129,23.44898899666348,22.913056083626383,23.31694759726199,5475300
2018-07-11,22.96742820739746,23.278113449750993,22.9130584751686,22.95966089115561,5644900
2018-07-12,22.843149185180664,23.107231954607567,22.6722727090954,23.083930010906215,4794900
2018-07-13,22.59459686279297,22.83537764395175,22.439253563131075,22.672268512623916,5121700
2018-07-16,22.88198471069336,22.975191005803403,22.62566925097049,22.62566925097049,3672000
2018-07-17,22.928586959838867,23.05286102345883,22.812080210378113,22.866449928028885,4684500
2018-07-18,23.487823486328125,23.51889274725104,22.88975354673711,23.417919130715468,10344600
2018-07-19,21.9887638092041,23.239273304843064,21.973230661556684,23.239273304843064,13188800
2018-07-20,22.128572463989258,22.39265523249583,22.050900800052542,22.10527052036911,15014200
2018-07-23,22.672273635864258,22.79654771109051,22.175175853495407,22.175175853495407,9208300
2018-07-24,22.7810115814209,23.02179240113579,22.633435571257177,22.757709638301236,6449500
2018-07-25,22.734411239624023,22.92858967218358,22.594602531146926,22.71887660946793,6868200
2018-07-26,22.951889038085938,23.200438664302837,22.63343654243806,22.695573578626334,7941600
2018-07-27,22.92081642150879,23.293638559925423,22.88197985617571,23.052857780714284,8745600
2018-07-30,23.10723304748535,23.324713421259258,22.85868489543737,22.97519165652688,6140900
2018-07-31,22.982954025268555,23.285871835202695,22.88974774757769,23.107228074547358,6344900
2018-08-01,23.13053321838379,23.332478946801302,22.95965526585773,23.153833679936447,6684200
2018-08-02,23.30917739868164,23.425684152809946,22.889751306063236,22.982957598244134,6414700
2018-08-03,23.076162338256836,23.371314361372214,22.99849215671845,23.25480760760088,5858100
2018-08-06,22.95965576171875,23.09946445990908,22.804313915979087,23.060629368840104,4030800
2018-08-07,23.021791458129883,23.23150449322548,22.990723683373318,23.02955877218494,3977700
2018-08-08,23.18490219116211,23.24703922240907,22.928586752085415,23.22373728014258,2896300
2018-08-09,22.928586959838867,23.184902401238006,22.897517703202027,23.107230741109603,4031500
2018-08-10,22.788776397705078,22.85091342441569,22.571296063486145,22.641200403718532,4481200
2018-08-13,22.62566566467285,22.959652737137926,22.60236520568645,22.84314599781521,3958600
2018-08-14,23.006258010864258,23.037325785214865,22.680038232132773,22.680038232132773,3519500
2018-08-15,22.65673828125,22.959656144739924,22.555766153907953,22.71887531687521,4651900
2018-08-16,23.17713737487793,23.332480710468566,22.81208246214293,22.874219500086415,3927600
2018-08-17,23.060625076293945,23.19266643539931,22.96741880102872,23.13052941237699,4442600
2018-08-20,23.16936683654785,23.223736552001316,22.967421120960964,23.052860091795626,2699300
2018-08-21,23.355777740478516,23.542188826906507,23.076160370104713,23.169366654050524,3733600
2018-08-22,23.10723304748535,23.293644161521335,23.091698417616392,23.26257638324726,3589200
2018-08-23,22.897518157958984,23.138300457285464,22.866450382168818,23.12276582865852,3758700
2018-08-24,22.874217987060547,23.037327145324323,22.83538141499983,22.97519011149092,2552000
2018-08-27,23.099462509155273,23.24703850938933,22.913051421131872,22.982955764323602,3842300
2018-08-28,23.076162338256836,23.25480760760088,23.029559933041053,23.161601315705564,3381900
2018-08-29,22.928586959838867,23.114998055268813,22.63343494764368,23.0295590809812,6874400
2018-08-30,22.742177963256836,22.88975250151021,22.672273610836257,22.81984814908963,7064300
2018-08-31,22.858680725097656,22.881981184186312,22.555762905236513,22.703337417676593,3879000
2018-09-04,23.099462509155273,23.184901480048197,22.89751679343068,23.091695195304677,4797200
2018-09-05,23.05286407470703,23.21597324924827,22.990727034672666,22.990727034672666,5054900
2018-09-06,22.91305160522461,23.177134352412086,22.905284291311606,23.060627606644353,4040000
2018-09-07,22.905284881591797,23.014024316248797,22.757708876368948,22.990723855372977,5257400
2018-09-10,22.85091209411621,23.02178853725668,22.703336108721018,23.014021224187093,3554000
2018-09-11,22.827613830566406,22.99072446836454,22.75770948314774,22.850915773527205,3783300
2018-09-12,22.423725128173828,22.773245403630437,22.330518832507114,22.773245403630437,4588100
2018-09-13,22.346054077148438,22.602369545457734,22.291684353789474,22.563532970584294,6152800
2018-09-14,22.540233612060547,22.812083723645483,22.392657583234907,22.812083723645483,4955500
2018-09-17,22.307218551635742,22.617905239382964,22.260616141059227,22.555768198126305,4408100
2018-09-18,22.408191680908203,22.431492144956355,22.229547876374212,22.29945074998256,5021600
2018-09-19,22.928586959838867,23.03732639514041,22.37711950624454,22.40818876288138,5458800
2018-09-20,23.13829803466797,23.40237928635768,23.014022500127982,23.014022500127982,5764800
2018-09-21,22.91305160522461,23.192668980238093,22.866449203210244,23.130531950397724,9683400
2018-09-24,22.53246307373047,23.099463680400724,22.408189008746955,22.881983325947715,4341900
2018-09-25,22.50916290283203,22.742177904115955,22.501395587976184,22.62566966274208,4307200
2018-09-26,22.097505569458008,22.672273535193266,22.066436310057483,22.656738905493004,3855200
2018-09-27,21.839555740356445,22.19130144192838,21.808288660627515,22.12095200343471,3885300
2018-09-28,21.823923110961914,22.066237025384506,21.44091031368218,21.69104099836311,8712900
2018-10-01,21.730127334594727,22.019341923483285,21.62851228443736,21.964626012560334,5284700
2018-10-02,21.831741333007812,21.9411731421087,21.59724268235317,21.792657479117082,4370500
2018-10-03,22.269472122192383,22.394537484429105,21.870825720976566,21.964625488102463,5017800
2018-10-04,22.277286529541016,22.668116117778577,22.15222118057672,22.292920070885692,8320800
2018-10-05,22.097503662109375,22.589948251311448,22.019337451994133,22.27728490174692,3861200
2018-10-08,22.410167694091797,22.480517136248103,21.995887811493173,22.160037006823384,3331000
2018-10-09,22.246021270751953,22.363271349553536,22.066240003237994,22.28510512731804,5193500
2018-10-10,21.855192184448242,22.543053167850736,21.83956013233656,22.543053167850736,5579100
2018-10-11,21.28458023071289,21.902091730953536,21.190781959091936,21.76920960374331,7274600
2018-10-12,20.979732513427734,21.74575815212049,20.57326938195529,21.542526586384266,9709500
2018-10-15,20.878110885620117,21.214224489514976,20.839028532519126,20.92501149841675,4971900
2018-10-16,20.979732513427734,21.16733053774658,20.643618827436924,20.925016609363475,4365400
2018-10-17,21.128250122070312,21.464362348137332,20.73742049600025,20.90156822331926,4602100
2018-10-18,20.643619537353516,21.28457984854246,20.61235394434013,21.050082682803886,5397700
2018-10-19,20.58108901977539,20.940653067982435,20.409124512917884,20.643621703259644,6782300
2018-10-22,19.83851432800293,20.659257568214755,19.79161518284415,20.612358423055976,10074500
2018-10-23,20.323143005371094,20.479475471001933,18.837990545465658,19.29135290671883,10449000
2018-10-24,19.518028259277344,20.471653367680982,19.478945898495372,20.471653367680982,12070500
2018-10-25,20.22152328491211,20.35440540279753,19.604011828004424,19.611828598573748,10484300
2018-10-26,20.213706970214844,20.534187116302068,19.955759499195942,19.955759499195942,10063100
2018-10-29,20.815584182739258,21.065716383210894,20.479471973558237,20.479471973558237,9726100
2018-10-30,20.995363235473633,21.03444559287232,20.48728364391248,20.87029790272219,10149900
2018-10-31,21.096982955932617,21.565978803608218,21.089166184533408,21.245498630724175,11524700
2018-11-01,21.18296241760254,21.41745955688333,21.0813458972568,21.229861547279405,7740000
2018-11-02,21.386198043823242,21.636328770972586,21.198599998461233,21.378381272237736,5298000
2018-11-05,21.55034065246582,21.675405986315674,21.37837619114637,21.43309208834363,4954600
2018-11-06,21.87082290649414,21.933355579565383,21.479993327074745,21.495626868066687,5404500
2018-11-07,21.6988582611084,21.96462249233791,21.339294275546372,21.902089819748408,6554200
2018-11-08,21.683223724365234,21.917722353978153,21.339293295470824,21.581608695160483,6176900
2018-11-09,21.855192184448242,21.956808723106136,21.60506145990069,21.67541091254178,6387200
2018-11-12,21.605058670043945,21.948989117333525,21.57379307896118,21.75357432765253,6347900
2018-11-13,21.644145965576172,21.98807497667998,21.542529423875273,21.56597973909012,5576800
2018-11-14,21.175146102905273,21.87082225650994,20.854665976577518,21.823923125824447,6937500
2018-11-15,21.57379150390625,21.597240322782245,20.72959973375279,20.94846332804298,6955700
2018-11-16,21.409643173217773,21.62069149691764,21.35492727245777,21.37056081293105,5181300
2018-11-19,21.39401626586914,21.66759583542628,21.190784663557523,21.440915407665102,4609900
2018-11-20,21.02663230895996,21.362746005535758,20.964099632217714,21.26113096491584,5246600
2018-11-21,20.94845962524414,21.308023523716752,20.78431195854084,21.081341708673733,3174900
2018-11-23,20.878110885620117,21.08134240171692,20.66706409162008,20.846845301318567,1144500
2018-11-26,21.30803108215332,21.487812349713998,20.987550912711527,21.112616271962146,3414700
2018-11-27,21.15169334411621,21.362741644119914,21.0031791989844,21.18296042155216,3977600
2018-11-28,21.433090209960938,21.448723748046152,20.870296256959517,21.22204191849931,5408600
2018-11-29,21.52689552307129,21.558161116443298,21.13606591509306,21.284580092679207,6241100
2018-11-30,21.831741333007812,21.95680668366499,21.378379064151396,21.43309496870184,6982100
2018-12-03,21.792661666870117,22.12877542043628,21.589431551171238,22.074059505371437,8021800
2018-12-04,20.385669708251953,21.80047229232997,20.2840546790537,21.659773412750503,8635700
2018-12-06,20.291872024536133,20.291872024536133,19.510212828073634,20.002658956747105,8156200
2018-12-07,20.002656936645508,20.627983634304083,19.83850774669985,20.307503515392007,5534400
2018-12-10,19.43204689025879,19.94012503811978,19.166282660750607,19.8775923659353,5741200
2018-12-11,19.220998764038086,19.830693442400435,19.05684956602277,19.643093932983923,5535500
2018-12-12,19.43204689025879,19.666544038226476,19.275714464349328,19.494579562443274,4665700
2018-12-13,18.978689193725586,19.533666606038746,18.923971787912986,19.455500374346183,6333000
2018-12-14,18.509689331054688,19.064666624532578,18.4471566572699,18.79890238822311,8861500
2018-12-17,18.55658721923828,18.822351437725228,18.368989210464516,18.494054549647025,9568000
2018-12-18,18.30646324157715,18.83017510018402,18.189214629539162,18.63476024982171,6059000
2018-12-19,17.82182502746582,18.540951384203353,17.688942934669875,18.283003967704904,9582700
2018-12-20,18.009424209594727,18.111039224356258,17.681127367516815,17.74366002834612,10035800
2018-12-21,17.767112731933594,18.423706559757406,17.751479190581463,17.98597783817372,11841300
2018-12-24,17.477895736694336,17.806192576698486,17.368462462762135,17.688942533849968,4808000
2018-12-26,18.39244270324707,18.400259474660636,17.290303279178424,17.52480045799855,7198400
2018-12-27,18.400257110595703,18.415889160517725,17.774928895923036,18.04069312625203,6257300
2018-12-28,18.43970489501953,18.73164631009957,18.297678690943293,18.44759390194709,5437600
2018-12-31,18.565956115722656,18.700091851550926,18.22667151892399,18.47127144721257,4096700
2019-01-02,19.0946044921875,19.102493500007476,18.23455816351285,18.281899735239858,5951200
2019-01-03,19.078826904296875,19.323426824747383,18.889459078306643,19.015704295633466,5772700
2019-01-04,19.53646469116211,19.646928871588916,19.299753798154057,19.44178003296657,6154900
2019-01-07,19.646928787231445,19.859968138535493,19.299753715287245,19.433889435927394,4732300
2019-01-08,19.74950408935547,19.836296729195034,19.36287795200004,19.81262669331224,4427900
2019-01-09,19.76527976989746,19.938868025759877,19.639034586521863,19.73371922653421,6293000
2019-01-10,19.662708282470703,19.78106296676496,19.44177843481635,19.68637982131414,5025400
2019-01-11,19.773176193237305,19.828408289355792,19.44178211156465,19.560138323203397,4185300
2019-01-14,20.017772674560547,20.057223732040676,19.544352459992137,19.631145087440693,4450600
2019-01-15,20.088787078857422,20.104568106035035,19.591696762455268,19.946762349143654,5453400
2019-01-16,20.72001838684082,20.75157894197009,20.151914849857224,20.23870750518411,5550200
2019-01-17,20.838369369506836,20.893601459810796,20.364949087676113,20.609550494681635,5731900
2019-01-18,21.30389976501465,21.327571306539742,20.70423425770032,21.011956772718367,7051300
2019-01-22,21.745758056640625,22.061371086243796,21.414363999316887,21.42225451317717,10147800
2019-01-23,21.753650665283203,22.014031627899584,21.509050731907035,21.927238977001977,4709600
2019-01-24,21.816768646240234,21.895672270730653,21.54849722594968,21.6274008504401,4886800
2019-01-25,21.919343948364258,22.10871174536351,21.785208237369606,22.029808120373453,3962600
2019-01-28,21.840444564819336,22.029812398594085,21.70630882777533,21.793102982616087,3901500
2019-01-29,21.6431827545166,21.92723521222314,21.619511214720546,21.816769531469753,4093700
2019-01-30,21.33545684814453,21.658960315453356,21.272332752122043,21.643179291447733,6513000
2019-01-31,21.161874771118164,21.32757256162151,20.8304806950732,21.193436828342314,6898500
2019-02-01,21.20132827758789,21.382805599744405,21.098753092047748,21.26445088985806,3651800
2019-02-04,21.41436004638672,21.422250558790473,21.04351499317841,21.153979156908253,5906100
2019-02-05,21.217103958129883,21.406471760633504,21.0908587564608,21.390692239146006,4239800
2019-02-06,21.082965850830078,21.311786193490665,21.011952744829298,21.098746875488327,4481600
2019-02-07,21.130313873291016,21.73786841530275,21.019848179774765,21.477487467308666,8603200
2019-02-08,20.854145050048828,21.201320035042666,20.64110575210071,21.082963866208466,5134700
2019-02-11,20.99617576599121,21.035626827449676,20.79102693549185,20.940943677964754,4608400
2019-02-12,21.359132766723633,21.493268497822655,21.161874427163994,21.20132699805294,4928400
2019-02-13,21.12242317199707,21.477487277046315,21.09875162967578,21.398585145898718,5262400
2019-02-14,20.92516326904297,21.07507851097938,20.798918062695687,20.93305378255987,4670700
2019-02-15,21.438030242919922,21.50115283324108,21.04351367717238,21.146087322083783,4904500
2019-02-19,21.706308364868164,21.81677255597391,21.26445009548345,21.374914286589195,5149300
2019-02-20,22.037702560424805,22.045593074826023,21.603733298128137,21.6826369371786,5303400
2019-02-21,21.887784957885742,22.07715278137237,21.77732077042563,22.05348274403759,5202600
2019-02-22,21.95879554748535,22.01402763484594,21.824659833197554,21.903563460124758,4745200
2019-02-25,21.856224060058594,22.17972760817467,21.832552518137298,22.06137140352985,5621700
2019-02-26,21.66684913635254,21.935120522298224,21.54060395531472,21.58005651498983,4437600
2019-02-27,21.943016052246094,21.982468620943372,21.556389908782467,21.61162199999704,6320900
2019-02-28,21.761539459228516,21.990359850233528,21.72997890820535,21.974578822241114,6957700
2019-03-01,21.753650665283203,22.14027685189772,21.73786963604299,21.9351279866603,6730200
2019-03-04,21.595840454101562,22.061368681419797,21.414361665020603,21.76153671222071,8370000
2019-03-05,21.619516372680664,21.682638988901672,21.106644927764737,21.58006530190324,9636700
2019-03-06,21.153982162475586,21.67474401542259,21.153982162475586,21.595841890097315,6604200
2019-03-07,20.9882869720459,21.4143641895549,20.854151245152728,21.02773803673615,15427200
2019-03-08,21.04351806640625,21.161872759824554,20.688452481189767,20.80680867956965,7098200
2019-03-11,21.359132766723633,21.469596955289287,20.972506601782147,21.161874427163994,5827600
2019-03-12,21.982465744018555,21.99824526447073,21.461703945061398,21.485373978220366,11098000
2019-03-13,22.077150344848633,22.274408660663852,21.935124116667833,22.06925983162064,6605900
2019-03-14,22.41643714904785,22.479559756274785,22.037701505686258,22.124495654983914,8239600
2019-03-15,22.345422744750977,22.558462096270045,22.290190654718977,22.424326375494513,9792700
2019-03-18,22.692596435546875,22.779390574576997,22.37698343674847,22.455885557726955,6090700
2019-03-19,21.95090675354004,22.88196631328839,21.8798936342398,22.850404258060898,9896900
2019-03-20,20.877824783325195,21.935129747926503,20.83048319676508,21.87989764611272,13265600
2019-03-21,20.104568481445312,20.81469816312067,20.057226903990053,20.81469816312067,49773000
2019-03-22,19.42599868774414,20.04933415375043,19.315533012722163,20.00988309443208,17101900
2019-03-25,19.2681941986084,19.71794296104523,19.070935863858093,19.473343047344116,9234400
2019-03-26,19.710050582885742,19.788954210315502,19.331314977176717,19.433888639362344,9769900
2019-03-27,19.686384201049805,19.883642553745847,19.50490537279848,19.591699529572512,10826900
2019-03-28,20.219736099243164,20.243618224277753,19.781907768724754,19.789868477069618,11870900
2019-03-29,20.076444625854492,20.52223514399008,20.044603313616083,20.41078675528132,10691100
2019-04-01,20.896385192871094,20.999871384799814,20.283424196142835,20.355069066843548,14375700
2019-04-02,20.872501373291016,21.198882860791652,20.745133061990767,20.81677792689091,8824400
2019-04-03,20.90434455871582,21.4217785217912,20.84862111138694,21.111318447615982,7998500
2019-04-04,21.294410705566406,21.366055573333515,20.83270017903953,20.83270017903953,9416200
2019-04-05,21.24664306640625,21.45361691240476,21.071510532988412,21.33420781476542,5612200
2019-04-08,21.389936447143555,21.421777765199717,21.15908043824883,21.222764592711165,7319200
2019-04-09,21.03966522216797,21.294401747803917,20.96005967831937,21.24663902883454,6073400
2019-04-10,21.27052116394043,21.278481870734648,20.864534227532697,21.055588153894806,6313800
2019-04-11,21.469532012939453,21.620782389368113,21.23867761366883,21.366045872235258,6802500
2019-04-12,22.01881217956543,22.257627323863673,21.628746634091815,21.811838345943777,9033200
2019-04-15,21.596904754638672,22.09841870540508,21.541181319742343,21.971050420399266,5983500
2019-04-16,22.074535369873047,22.138219508877327,21.52526024034223,21.596903568166113,8182300
2019-04-17,22.05861473083496,22.281509984358934,21.915326551801368,22.090457560631112,6068300
2019-04-18,21.891443252563477,22.146179803839185,21.71631225314883,22.07453495899919,7824900
2019-04-22,21.939208984375,22.06657727747603,21.668550981947856,21.69243310628548,8936200
2019-04-23,22.568084716796875,22.671570855555828,21.724269640068226,21.843677190436058,11397100
2019-04-24,22.51236343383789,22.60788887587007,22.0824943896445,22.392954353773376,7744000
2019-04-25,22.496440887451172,22.711375398720477,22.26558496386204,22.41683534420149,7492100
2019-04-26,22.607892990112305,22.63973582215089,22.377038531231776,22.544208844384936,6924400
2019-04-29,22.886512756347656,23.125327934291334,22.615854744891553,22.647697578403974,6522700
2019-04-30,22.942235946655273,23.013880802927677,22.695460063022473,22.878551798674234,6268900
2019-05-01,22.6874942779541,23.189006641287722,22.512363289782737,22.926309399855917,10078100
2019-05-02,22.950191497802734,23.117363297656404,22.727296270781014,22.727296270781014,6301200
2019-05-03,23.06960678100586,23.228817927651665,22.974081307698395,23.053685362671274,5559800
2019-05-06,22.926315307617188,23.069605025021655,22.52032979943774,22.64769809971951,6461300
2019-05-07,22.35315704345703,22.76710476164231,22.209867331904448,22.607893633617252,6630400
2019-05-08,22.082500457763672,22.456644658842762,22.066579040266703,22.297435038922913,5807600
2019-05-09,22.154142379760742,22.225787230644624,21.7242747928072,21.827760956111838,5357400
2019-05-10,22.313350677490234,22.392954707658557,21.84367961141928,22.002889190105478,4444600
2019-05-13,21.557109832763672,22.15414943468846,21.525268510203134,21.732240902722197,8909800
2019-05-14,21.79591941833496,22.002893275572234,21.596906269262565,21.62078839375719,7171200
2019-05-15,21.493419647216797,21.65263077046203,21.198879524718063,21.50138035521404,7111300
2019-05-16,21.68446922302246,21.979009306659172,21.60486367190311,21.628745792743796,4422800
2019-05-17,21.71631622314453,21.971052820989062,21.445658208347247,21.453618916823626,7313900
2019-05-20,21.7879581451416,21.955128445569567,21.644668448574954,21.644668448574954,5004700
2019-05-21,21.827760696411133,21.97105039647407,21.708353119141922,21.843682111606952,4823200
2019-05-22,21.779998779296875,21.843682924099216,21.636709073904168,21.652630489692196,4767300
2019-05-23,21.50934600830078,21.652635748494443,21.36605626810712,21.541187329260403,8023700
2019-05-24,21.676509857177734,21.772036828101022,21.54914157484648,21.62874713089094,5542100
2019-05-28,21.533220291137695,21.803878272327758,21.509339687023676,21.668549281732727,7925500
2019-05-29,21.692434310913086,21.732236335336268,21.366052851923303,21.405854876346485,6506700
2019-05-30,21.405853271484375,21.891445828460338,21.198879419631503,21.740195413962123,4868100
2019-05-31,21.095394134521484,21.254605263631397,21.015788569966524,21.182960407366924,8431400
2019-06-03,21.1511173248291,21.453618162901424,20.92822356872301,21.039670446776054,6703600
2019-06-04,21.75611686706543,21.764077575036815,21.461576745523324,21.525262409294413,8037300
2019-06-05,21.62874412536621,21.7720338026648,21.35808618343543,21.700388964015506,7697200
2019-06-06,21.565065383911133,21.692433680383008,21.366052230880094,21.61282811550062,6160900
2019-06-07,21.358091354370117,21.549143797573464,21.302367914896205,21.517302482881163,5782400
2019-06-10,21.50934600830078,21.748161229723454,21.445661848031392,21.59691077970235,6921600
2019-06-11,21.819799423217773,22.002891138174583,21.64466841565252,21.668549019477517,6272200
2019-06-12,21.580989837646484,21.787963728128144,21.45362152325009,21.692436733155812,7410200
2019-06-13,21.66059112548828,21.923289948481518,21.604867684859368,21.700394667615992,6341900
2019-06-14,21.803878784179688,21.87552363490304,21.469536653587294,21.67651049808256,5843800
2019-06-17,21.469532012939453,21.99492645911332,21.413808589610316,21.803874071263678,7111800
2019-06-18,22.193946838378906,22.21782896408077,21.41381561898361,21.477499769172002,8542700
2019-06-19,21.724273681640625,22.599930226144334,21.676509437927955,22.28947023376028,8696000
2019-06-20,21.73223114013672,21.89144223646904,21.302363609398725,21.82775810160602,8431700
2019-06-21,21.779998779296875,21.955129797915863,21.652630489692196,21.684471802918477,11605900
2019-06-24,21.636709213256836,22.018814084531844,21.573025068044334,21.811840233003768,6383800
2019-06-25,21.565065383911133,21.716315805352682,21.334209397587195,21.59690669885417,7386700
2019-06-26,21.70039176940918,21.87552277633175,21.620786214135403,21.676509647322145,5545100
2019-06-27,21.917234420776367,22.101952402262278,21.740546323845457,21.812827539528822,4031000
2019-06-28,22.407142639160156,22.447299728415228,21.86904989783282,22.08589358430122,8183300
2019-07-01,22.74445343017578,22.872953045907238,22.535641171653097,22.640048066832563,6262800
2019-07-02,22.254545211791992,22.82476353351536,22.206358244212975,22.680201098942224,5008500
2019-07-03,22.567768096923828,22.575799514833356,22.26258034370717,22.366987244694677,2300000
2019-07-05,22.7685489654541,23.00145395765177,22.672173482307123,22.744454711708272,2636100
2019-07-08,22.535642623901367,22.680205083874256,22.44730008979065,22.680205083874256,4645400
2019-07-09,22.69626808166504,22.720362335777768,22.31076920687953,22.3348619291559,4312400
2019-07-10,22.198328018188477,22.728389285494266,22.166203882024938,22.712327983330578,5723900
2019-07-11,22.52760887145996,22.615952928252227,22.16620429081524,22.33485945541554,5608600
2019-07-12,22.6480770111084,22.67216972902945,22.342889308195723,22.471388909894927,4309400
2019-07-15,22.334861755371094,22.688236487093093,22.27864336138185,22.688236487093093,5823400
2019-07-16,22.366985321044922,22.45532784677923,22.198328623122688,22.415172292521472,4920400
2019-07-17,22.150142669677734,22.310767957763595,22.053767190458963,22.310767957763595,5674500
2019-07-18,22.334861755371094,22.55973686316443,22.045738367449776,22.134080901503015,4296200
2019-07-19,22.439266204833984,22.632015619661487,22.246516790006485,22.342890731502145,4309900
2019-07-22,22.3428897857666,22.47138939021244,22.206358764563387,22.391076754474764,6180100
2019-07-23,23.49135971069336,23.523485382331305,22.567768096811143,22.69626771969025,9840300
2019-07-24,23.820636749267578,23.900949384939636,23.394980852490946,23.394980852490946,6981100
2019-07-25,23.740324020385742,24.093698696853707,23.66001138502901,23.820636655742476,6212000
2019-07-26,24.125823974609375,24.22219791001417,23.627886868897658,23.69213666977955,4967500
2019-07-29,23.908987045288086,24.254330396575693,23.8929242075918,24.069610826741417,4570600
2019-07-30,23.997325897216797,24.005357314829396,23.627889878054994,23.684108269506897,4783800
2019-07-31,23.844730377197266,24.093698162630346,23.676073693504094,23.98929281126682,5788600
2019-08-01,22.784610748291016,23.884888910616663,22.672172434509832,23.77245212867175,6189800
2019-08-02,22.656108856201172,22.848859807264038,22.383048327840577,22.816734138141488,4044900
2019-08-05,21.668264389038086,22.294701060225115,21.459452165309077,22.222419846940614,5917900
2019-08-06,21.89314079284668,22.310765266015355,21.43536076841936,21.861015126370894,4829500
2019-08-07,21.31489372253418,21.467486050945144,20.937424780440537,21.467486050945144,5502000
2019-08-08,21.555830001831055,21.72448516351876,21.371112006124665,21.523704333793685,4826700
2019-08-09,21.47551918029785,21.62811305271173,21.2104885239139,21.451424927231567,3661900
2019-08-12,20.94545555114746,21.314893064792493,20.913331415781354,21.170330626054703,5161900
2019-08-13,21.23458480834961,21.403240000438824,20.744679005323235,20.905304310791816,5811500
2019-08-14,20.487674713134766,20.744673913332278,20.407362080114027,20.64026856269056,9994800
2019-08-15,20.254764556884766,20.68042036240684,20.134296395121396,20.551920785614474,5107700
2019-08-16,20.61617088317871,20.792857420958924,20.367203140889362,20.39129585450187,5220500
2019-08-19,20.816959381103516,21.06592721565952,20.80892796297766,20.977584679947867,3345100
2019-08-20,20.40736198425293,20.72057956654284,20.36720643384922,20.616174216391553,4525300
2019-08-21,20.519800186157227,20.648299794640575,20.391300577673878,20.495707466964202,4808800
2019-08-22,20.70452308654785,20.784834206055784,20.479647969150967,20.67239741327555,4685800
2019-08-23,20.142332077026367,20.74467454527696,20.053988024828726,20.551925139257104,8413500
2019-08-26,20.40736198425293,20.40736198425293,20.12626853591878,20.35114360095331,3490700
2019-08-27,20.31902503967285,20.52783734482233,20.142338411547872,20.4876817803783,8431200
2019-08-28,20.696489334106445,20.82498894903081,20.182489342572737,20.246739150034923,5012700
2019-08-29,21.130170822143555,21.202452032208303,20.87317164495154,20.87317164495154,4482900
2019-08-30,21.242616653442383,21.515678759121272,21.178366836331847,21.347022031808326,4240600
2019-09-03,20.672393798828125,21.081986870416554,20.447518720749333,21.025768483855895,5528500
2019-09-04,20.841045379638672,20.953482125187897,20.624201771648792,20.90529516735762,5370200
2019-09-05,21.483552932739258,21.692365219831117,21.098054032801883,21.282772064208984,5282200
2019-09-06,21.4915828704834,21.65220663513841,21.34702041000844,21.612051076933746,5535000
2019-09-09,22.109983444213867,22.2063573756022,21.59598352674402,21.644172024274205,6194200
2019-09-10,22.423200607299805,22.583825865779378,22.069825957746342,22.166201419201286,6290700
2019-09-11,22.318796157836914,22.463357058070518,21.9975456279772,22.35895170815135,6311300
2019-09-12,22.511547088623047,22.575796892600152,21.909204601899123,22.15817240083089,5386800
2019-09-13,22.79263687133789,23.017511929941097,22.632013142480755,22.74444990586435,4536400
2019-09-16,22.89704132080078,22.92113556689899,22.423198537053686,22.45532266668211,4594500
2019-09-17,22.63201141357422,22.880979169977024,22.399104956544964,22.776573830787427,5711200
2019-09-18,22.72035789489746,22.848857494709662,22.366983229495872,22.479419996372535,4088000
2019-09-19,22.447298049926758,22.840828304182413,22.431235215425822,22.672171605595015,4468700
2019-09-20,22.350923538208008,22.607922773956247,22.31076798206095,22.583830053002522,8049600
2019-09-23,22.262582778930664,22.350926853762758,22.029677761423105,22.15014597957091,4794000
2019-09-24,22.04573631286621,22.391078062592165,21.9413294207568,22.27060986786579,5499500
2019-09-25,22.214393615722656,22.32683040403675,21.941331531100126,21.99754992525717,3293000
2019-09-26,21.997549057006836,22.190298485867263,21.893143690812714,22.10195595503725,5249100
2019-09-27,22.264923095703125,22.451273976534402,21.981344794876996,22.20010533083236,4831500
2019-09-30,22.183897018432617,22.39455510751497,22.12718167625221,22.34594217784279,3654800
2019-10-01,21.44659423828125,22.41075968064285,21.43849182586409,22.29732899755695,4449800
2019-10-02,21.01717758178711,21.35747118263898,20.919950176382066,21.300755840059868,4184300
2019-10-03,21.13060760498047,21.146812429603187,20.62826885931617,20.95235917026198,4812800
2019-10-04,21.470903396606445,21.48710822289066,20.936156492245676,21.187325118141846,4576500
2019-10-07,21.300756454467773,21.568129895322393,21.27644921607109,21.462800074313986,3188100
2019-10-08,20.62017059326172,21.000974747664664,20.595863353261702,20.911849746375268,5921100
2019-10-09,20.79031753540039,20.895647367907365,20.717397357627068,20.8551352994903,4037800
2019-10-10,21.21162986755371,21.349367784046027,20.88754110680036,20.976664550146836,4585000
2019-10-11,21.75448226928711,21.989446075317016,21.689664507757065,21.867912965620352,5213500
2019-10-14,21.8679141998291,21.93273196501741,21.52762054624612,21.535722960066835,3674600
2019-10-15,22.183897018432617,22.337839765334564,21.794990490300812,21.95703564971098,3990400
2019-10-16,22.013751983642578,22.345943184559665,21.95703663890706,22.1028769798711,3897500
2019-10-17,21.940834045410156,22.216309929618507,21.835505758096325,22.1595945791128,5085900
2019-10-18,22.143388748168945,22.289229097361158,21.92462822438063,22.029958052298262,6307300
2019-10-21,22.70244026184082,22.718645086614956,22.33783943130853,22.33783943130853,6067100
2019-10-22,22.929304122924805,23.204779992560848,21.819299776488972,22.54849997154666,8416600
2019-10-23,22.904993057250977,22.994116491555584,22.670027763682118,22.77535756610159,4557900
2019-10-24,22.84018325805664,23.02653414824553,22.6295251253041,22.91310344037012,3222700
2019-10-25,23.53697395324707,23.699019146760534,23.083249574937867,23.188579414334868,9573400
2019-10-28,23.85295867919922,23.966389371991976,23.488357816112092,23.488357816112092,7465500
2019-10-29,24.00690460205078,24.039314260851285,23.553180196486863,23.731430229134453,6889700
2019-10-30,23.723323822021484,23.982594867282266,23.5450738193717,23.966390040609134,8114000
2019-10-31,23.561275482177734,23.723320636394558,23.23718671912121,23.57748030667484,7915000
2019-11-01,23.950183868408203,23.958286281289574,23.66660559906923,23.780037834031166,5209800
2019-11-04,24.37150001525879,24.428215359933112,24.09602415937445,24.144637091184265,5990700
2019-11-05,24.59026527404785,24.83333152540233,24.38770954945994,24.501140260708357,4962700
2019-11-06,24.655080795288086,24.70369373204944,24.387707325034526,24.606467858526727,5428700
2019-11-07,24.71989631652832,25.02778028191833,24.655078558268464,24.849531833048037,5180900
2019-11-08,24.760406494140625,24.825224251505762,24.622668566567555,24.63887339225315,3597500
2019-11-11,24.412010192871094,24.60646500814592,24.355294848989775,24.517340013259727,4751500
2019-11-12,24.39581298828125,24.557856647529352,24.258075027962683,24.460630761056013,4307000
2019-11-13,24.152738571166992,24.298578906340698,23.87726272592271,24.10412564123482,4469300
2019-11-14,24.128435134887695,24.233763417151753,23.966389959459722,24.09602548165117,3676200
2019-11-15,24.3633975982666,24.395807249719144,24.023103984901084,24.17704673854619,4760900
2019-11-18,24.185148239135742,24.40390874205696,24.04741031641244,24.347191854154392,4022200
2019-11-19,24.201353073120117,24.363396688198154,24.055512737785858,24.24996600310581,3151700
2019-11-20,24.11223030090332,24.274273930904467,23.925879430982206,24.104127887596665,3237700
2019-11-21,24.128435134887695,24.274273938320086,24.023105307246315,24.21755859053349,3398400
2019-11-22,24.387706756591797,24.460626932722867,24.193253468701403,24.193253468701403,4700900
2019-11-25,24.57405662536621,24.590261451704954,24.347193692755713,24.420113865902756,3717200
2019-11-26,24.493038177490234,24.55785594841977,24.371505050169546,24.42011799202231,4341000
2019-11-27,24.541645050048828,24.711791066430138,24.420110415059806,24.606462800867007,2803700
2019-11-29,24.460622787475586,24.703688969802755,24.40390744795772,24.452520375347735,1730900
2019-12-02,24.39581298828125,24.752309965853634,24.37960815874316,24.62267442030411,4450900
2019-12-03,23.893468856811523,24.12033178452177,23.739526100673242,23.893468856811523,6379900
2019-12-04,24.039306640625,24.201351792505598,23.89346631300788,23.94207924042122,4206400
2019-12-05,24.201353073120117,24.298578933091502,24.0393079126649,24.152738597757242,4209400
2019-12-06,24.509239196777344,24.66318195832226,24.43631902264435,24.58215937091034,4065800
2019-12-09,24.493038177490234,24.606470435650092,24.444425235637468,24.509243006567008,3146900
2019-12-10,24.663179397583008,24.80091731826896,24.4201116605846,24.47682700227108,3635300
2019-12-11,24.582162857055664,24.800923410478404,24.52544750143737,24.68749115386428,2939400
2019-12-12,25.513912200927734,25.554424262460735,24.574054008641973,24.66317899863744,4697800
2019-12-13,25.092599868774414,25.63544921327675,25.0763965870616,25.4490983378717,4613400
2019-12-16,25.052087783813477,25.440994337455894,25.0115772639922,25.311358819575087,5675100
2019-12-17,25.368072509765625,25.440992676986422,24.938655464328903,25.133108728458637,5872900
2019-12-18,25.278949737548828,25.611140932474843,25.278949737548828,25.408585250428384,4830000
2019-12-19,25.116907119750977,25.359973344694396,25.0763965973862,25.359973344694396,4860900
2019-12-20,25.238439559936523,25.48150732378262,25.035883862753444,25.319462147885222,9662600
2019-12-23,25.076393127441406,25.30325449389603,25.035881065305112,25.238436739855118,2862200
2019-12-24,25.084495544433594,25.165518128335318,25.00347450590912,25.165518128335318,905200
2019-12-26,25.214130401611328,25.270845741771144,25.09259576369502,25.09259576369502,2081800
2019-12-27,25.035884857177734,25.26274780336961,24.97916950697411,25.20603245316599,2729200
2019-12-30,24.94605827331543,25.240022149863247,24.913396485629015,25.1746970170164,2766600
2019-12-31,25.101205825805664,25.133869170677123,24.92972793765254,24.995053069921447,3404200
2020-01-02,25.329845428466797,25.329845428466797,24.95422473704742,25.272686130472863,4618500
2020-01-03,24.856239318847656,25.003221269715528,24.652098066525426,24.913398620302015,4245300
2020-01-06,24.652095794677734,24.717420927101756,24.407125379982148,24.717420927101756,3652200
2020-01-07,24.374462127685547,24.62759680593185,24.251977706435653,24.51327822042847,4057900
2020-01-08,24.43162727355957,24.627602706004318,24.34180461630287,24.46428906689655,4795400
2020-01-09,24.701091766357422,24.701091766357422,24.439791210091,24.60310327902043,5780300
2020-01-10,24.300975799560547,24.660264853582493,24.268312450343,24.643933178973718,3832100
2020-01-13,24.38262939453125,24.390795230757046,24.186653997534176,24.374463558305454,3959800
2020-01-14,24.28464126586914,24.49694833836519,24.243813641628144,24.40712569606616,5539300
2020-01-15,23.704885482788086,24.121333871898912,23.631394498975922,24.113168033978187,4408700
2020-01-16,23.998844146728516,24.00700998338557,23.721211930285033,23.860028038506773,3426000
2020-01-17,24.047840118408203,24.194820511629928,23.925354121178874,24.129495373262223,5281600
2020-01-21,23.696718215942383,24.03150976313221,23.696718215942383,24.03150976313221,6437600
2020-01-22,23.95801544189453,24.007008902156194,23.321094228596817,23.884524472765023,7553000
2020-01-23,23.974349975585938,24.064171070539288,23.345594523541465,23.802870507994623,5503600
2020-01-24,23.549732208251953,23.990676451249442,23.280265849344055,23.909021205953813,4796400
2020-01-27,23.2721004486084,23.402750712493894,23.04346170807178,23.133284348545807,4688600
2020-01-28,23.566064834594727,23.696715101327104,23.337426089076047,23.394585386087208,4751100
2020-01-29,23.247608184814453,23.67222241697369,23.231278066250137,23.443583624855403,3459300
2020-01-30,23.835533142089844,23.860029095672257,22.92914548016071,23.051629920495255,8450100
2020-01-31,23.231277465820312,23.68038764295561,23.08429550021987,23.55790319078001,7780200
2020-02-03,23.664051055908203,23.827364663229766,23.419082202399846,23.427248038513323,4578500
2020-02-04,24.072338104248047,24.2519834180319,23.990681285025776,24.113167292596323,4715700
2020-02-05,24.643932342529297,24.709257481272964,24.317306648810963,24.447956926298296,5655100
2020-02-06,24.219318389892578,24.88073562058124,24.19482087858034,24.815410481222784,4520600
2020-02-07,24.080501556396484,24.194820157498185,23.933519607851935,24.11316490383933,3666400
2020-02-10,24.007007598876953,24.072332728170846,23.737541245855414,24.007007598876953,3189900
2020-02-11,24.09683609008789,24.309143201241998,24.039676782753002,24.064172738768345,4473700
2020-02-12,24.202987670898438,24.53777921800795,24.10500073673061,24.341803792198057,2652700
2020-02-13,24.358129501342773,24.374461172195595,23.99067469452357,24.055999820461,2838400
2020-02-14,24.170324325561523,24.407127365812787,24.039674050083416,24.251981137103872,1918000
2020-02-18,23.87635612487793,24.219313425581312,23.63138729186431,24.12949079332185,2790500
2020-02-19,24.202987670898438,24.284644487687785,23.892693636067996,23.94168710315191,3505200
2020-02-20,24.358129501342773,24.562270714581473,24.047835542508444,24.047835542508444,3588200
2020-02-21,24.007007598876953,24.251978001834498,23.811032210995283,24.153989529156693,3598900
2020-02-24,23.116958618164062,23.40275672792775,22.937314848514454,23.27210643045996,5932000
2020-02-25,22.104415893554688,23.394588624220102,22.006428958679678,23.149619729558335,6472500
2020-02-26,21.76145362854004,22.447368248808843,21.736957679049375,22.30855215762411,5840200
2020-02-27,20.569271087646484,21.7124616817561,20.569271087646484,21.304179215468807,8155600
2020-02-28,19.924184799194336,20.21814868446506,19.377086211314975,19.932350635726753,11606900
2020-03-02,21.002050399780273,21.01021623635075,19.638386841991945,19.752706996504564,10718100
2020-03-03,19.956846237182617,21.263350365442697,19.679214051522077,21.002048293811548,11051300
2020-03-04,20.552942276000977,20.58560406796373,19.74454306712653,20.23448240636159,8068700
2020-03-05,19.336257934570312,19.76087207510372,19.03412822294777,19.703711221302903,7761200
2020-03-06,18.127742767333984,18.91164438274511,17.850110555840697,18.33188400769822,11039000
2020-03-09,14.943135261535645,16.510939744506086,14.902307644403495,16.347627718503727,9538800
2020-03-10,15.727038383483887,16.01283637767882,14.477693666989687,15.669879096139654,14120200
2020-03-11,14.420537948608398,15.359587398392575,14.19189918517151,15.14728030894564,16402500
2020-03-12,12.983384132385254,14.044919644042391,12.158654014268304,13.114034417285477,15085900
2020-03-13,14.396040916442871,14.722668177209112,13.195690872791818,14.208231331734227,9912600
2020-03-16,11.260431289672852,12.232143294510673,11.195106152141085,12.142321425088761,14846100
2020-03-17,11.391082763671875,11.995340738808672,10.656174499720327,11.603389872364419,12165700
2020-03-18,9.529314041137695,10.86031514448393,9.390497922591718,10.680670618353178,11484600
2020-03-19,10.672502517700195,11.219601038592902,9.063870297152448,9.61913387484081,11965200
2020-03-20,10.541852951049805,11.162442474700537,9.888600861877297,10.876644442332257,14914800
2020-03-23,9.929428100585938,10.672501963234522,9.48848312831442,10.631674345166541,11559300
2020-03-24,11.766700744628906,11.930013578044957,10.615344295624482,10.705166159319054,11749600
2020-03-25,12.101493835449219,12.68942089161602,11.415579066377468,12.019837797396988,11039700
2020-03-26,14.14290714263916,14.306220784010353,12.011672533106392,12.28930478895283,11896400
2020-03-27,14.004088401794434,14.469530168142315,13.179357625951654,13.269180267693885,11708800
2020-03-30,13.166169166564941,13.97920334460662,12.87580043891621,13.896240398882247,9791000
2020-03-31,12.3199462890625,13.157867939089904,12.220390473842272,12.96705434083597,9932600
2020-04-01,11.166768074035645,11.65624763190507,10.909583617950755,11.61476616593097,9353400
2020-04-02,11.847063064575195,12.11254401235938,10.951066744887601,10.959363197579385,8708100
2020-04-03,11.150175094604492,12.05446772361914,10.909583543038561,11.822172623429692,7931600
2020-04-06,12.834317207336426,12.950464366002677,11.946616658025226,11.963209561373649,10118200
2020-04-07,13.157872200012207,14.38571947634858,13.058317143746002,13.780092686264187,8668800
2020-04-08,13.846460342407227,13.929423270624074,13.24912931634804,13.406757930528304,7163600
2020-04-09,14.783934593200684,15.223636928773363,14.4686774195501,14.601417448706762,10666200
2020-04-13,14.410605430603027,15.082602099499562,14.11193954114406,15.082602099499562,8256400
2020-04-14,14.22808837890625,14.93327093393022,13.73031236463131,14.808827325958067,9040400
2020-04-15,13.050018310546875,13.49801716880635,12.875797587259008,13.415054241456126,12250900
2020-04-16,12.253579139709473,13.066612421733494,12.004691125818768,13.033427405960946,10716500
2020-04-17,13.796680450439453,13.904532722569034,12.97535164587708,13.008536656073469,10250400
2020-04-20,13.838165283203125,14.05386828530805,13.025131194958867,13.274019213449689,8585600
2020-04-21,13.48972225189209,14.170015485232078,12.958761197094292,13.307205056874611,11306500
2020-04-22,13.688830375671387,14.14512408857263,13.539497427482274,14.037273393983924,8011200
2020-04-23,13.987497329711914,14.261273894631463,13.705424313444947,13.804978564841349,8536600
2020-04-24,14.203202247619629,14.435496587367933,13.921129193022537,14.103646400308563,8428200
2020-04-27,15.223642349243164,15.306605292602027,14.294460231919643,14.344238947366879,6439400
2020-04-28,15.414457321166992,16.202602976470384,15.372976637155936,15.986899938362228,6413600
2020-04-29,16.335338592529297,16.65059581892005,15.953709758070778,16.13622851548468,6646600
2020-04-30,15.505714416503906,16.020081784167942,15.389565670268134,16.011785332123498,6142300
2020-05-01,14.742460250854492,15.057717559725981,14.5184607621795,14.908384567275986,5343000
2020-05-04,14.634605407714844,14.742457697979908,14.194904542071283,14.52675469983615,5472600
2020-05-05,14.410605430603027,15.265119263954409,14.394012529547277,15.074305648971686,5493200
2020-05-06,13.92112922668457,14.742459035037472,13.85475918911221,14.576533149913313,7340500
2020-05-07,14.377421379089355,14.808827364750137,14.128534162493084,14.17001483779702,6359500
2020-05-08,15.016233444213867,15.132380597401811,14.65949395098086,14.76734465288591,5411600
2020-05-11,14.261276245117188,14.659496481108434,14.062166127121564,14.601422894491362,5716900
2020-05-12,13.514612197875977,14.518459187893384,13.498019293317059,14.385719116194991,8000000
2020-05-13,13.025130271911621,13.390165426287664,12.593725089467206,13.381868974980831,13376500
2020-05-14,13.5477933883667,13.57268273962704,12.353132219627378,12.676685874081226,9130300
2020-05-15,13.373573303222656,13.514609802199578,13.116388866502065,13.282313926712238,7132600
2020-05-18,14.825422286987305,14.99134659318758,14.004090879107745,14.128536086741134,10652600
2020-05-19,14.128531455993652,14.767342278188123,14.103642106147364,14.626305793831207,7012600
2020-05-20,14.6843843460083,14.775642151818088,14.435495537033178,14.443791988904323,7080200
2020-05-21,14.476980209350586,14.908384701849956,14.277868496028836,14.576534483624803,6655700
2020-05-22,14.609716415405273,14.750752918481364,14.286161154003514,14.634604186168781,5876400
2020-05-26,15.920522689819336,16.252372758891937,15.124080941659143,15.364673230727997,9212100
2020-05-27,17.397260665893555,17.405557117694826,16.34363660531446,16.692079669035863,9498300
2020-05-28,16.700374603271484,17.563186605315828,16.575930990542194,17.438742992586537,7863100
2020-05-29,16.086448669433594,16.517854596984215,16.05326445013761,16.302151633208904,10797600
2020-06-01,16.443191528320312,16.65059808459557,16.04497132004457,16.244081424182443,5417100
2020-06-02,16.766742706298828,17.048815706634752,16.542744862114823,16.766742706298828,7438100
2020-06-03,17.720813751220703,17.84525734797982,17.264518453255686,17.339184927788395,8661000
2020-06-04,18.840805053710938,18.84910150331247,17.40555250275115,17.67932901005785,8489700
2020-06-05,19.4879150390625,20.674280502009992,19.313694334236615,19.911024499564572,11003400
2020-06-08,20.549840927124023,20.682580989777207,20.01887909412492,20.300952122859528,12236600
2020-06-09,19.977397918701172,20.251174488879926,19.487918356504867,19.769991378190408,8835800
2020-06-10,18.5836238861084,19.637249388081248,18.54214321503924,19.404953515889908,19357000
2020-06-11,16.385114669799805,17.836960273452952,16.31874464835682,17.065407785186927,10834700
2020-06-12,17.2645206451416,17.571483033012832,16.64230099996345,17.438742968632404,7169200
2020-06-15,17.803773880004883,17.953106818886518,16.252374086925855,16.360224774792545,10503700
2020-06-16,18.284957885742188,18.990138723157656,17.762292617142126,18.91547225621479,7253700
2020-06-17,17.820371627807617,18.52555426302064,17.812075175347875,18.318147698686605,8114200
2020-06-18,17.9116268157959,18.226884023293007,17.463627982504804,17.604664476423913,8145900
2020-06-19,17.247928619384766,18.343034896986403,17.223039264935156,18.30155263957039,31547000
2020-06-22,17.43874168395996,17.712518244374397,17.02392861773286,17.256222922092824,9928400
2020-06-23,17.48851776123047,18.069256652115115,17.480221310516555,17.83696077928402,8007800
2020-06-24,16.50126075744629,17.131776712063406,16.376817172989785,17.07370314480944,8176000
2020-06-25,17.00733184814453,17.08199830967848,16.28555658077835,16.40170528893444,6996900
2020-06-26,15.563790321350098,16.592526792605224,15.497420277475143,16.559340979474413,10954500
2020-06-29,15.774221420288086,16.119334998428595,15.55536863321236,15.892064611216144,6993400
2020-06-30,16.228763580322266,16.38027557924024,15.546952360471971,15.589040364749078,8561400
2020-07-01,15.513282775878906,16.254013953168933,15.48802997459319,16.254013953168933,7287900
2020-07-02,15.631121635437012,16.296097435418112,15.580617652366508,16.01832312029133,8235200
2020-07-06,15.875232696533203,16.321354312541974,15.664797487323561,16.085667905742845,5248900
2020-07-07,15.2018404006958,15.656381263200082,15.126083590278421,15.656381263200082,6953600
2020-07-08,15.269176483154297,15.437525273057272,14.915645308752488,15.159750893562496,6958000
2020-07-09,14.637870788574219,15.235507542042196,14.545280399961205,15.185003547753912,4676300
2020-07-10,15.479610443115234,15.504863241250716,14.646287370559362,14.671540168694845,6239600
2020-07-13,15.740550994873047,16.035158941678546,15.277592668263312,15.807890183499005,8050900
2020-07-14,15.277592658996582,15.74896697909236,15.126079083306857,15.732133386065755,7012600
2020-07-15,16.136171340942383,16.228763343507683,15.605875338734693,15.807892939837297,6096100
2020-07-16,16.12775230407715,16.46444827593296,15.791056332221338,15.833142726643427,4057100
2020-07-17,15.791059494018555,16.22034754614968,15.774224290681643,16.060416325435725,5026600
2020-07-20,15.530118942260742,15.833144549063174,15.513283740356934,15.706883745771059,4655900
2020-07-21,16.296104431152344,16.32977323248876,15.631128345704495,15.631128345704495,6667900
2020-07-22,16.346601486206055,16.413940665743244,16.009905588520112,16.09407996431477,7207600
2020-07-23,16.338186264038086,16.413943052720846,15.370184815360824,16.001490317388548,7436200
2020-07-24,16.44761848449707,16.733808922628015,16.304522462684897,16.456034480933017,6641500
2020-07-27,16.346601486206055,16.388687871357043,16.035156777413633,16.33818388807732,4916800
2020-07-28,16.2203426361084,16.447612995879897,16.153003448638273,16.237177834349147,5393400
2020-07-29,16.834814071655273,16.902153263722173,15.99307336807251,16.136169351901298,7435000
2020-07-30,16.573875427246094,16.70013621567802,15.950987479554627,16.380273839124573,6124300
2020-07-31,16.716968536376953,16.733802127907012,16.161419878566186,16.531784580111527,9863300
2020-08-03,16.53178596496582,16.817977916356675,16.464446776726376,16.817977916356675,4496600
2020-08-04,16.405529022216797,16.658052241257383,16.31293701468592,16.599129032969294,3589800
2020-08-05,16.72538948059082,16.775893476269186,16.5233702868912,16.63279748393625,4210300
2020-08-06,16.641218185424805,16.893739816370193,16.55704377327855,16.59913017660499,3778500
2020-08-07,17.213600158691406,17.222016153933932,16.42236334995994,16.540206549273478,4213600
2020-08-10,17.70180892944336,17.9206617217878,17.373528938180154,17.415616939877026,4406500
2020-08-11,18.08059310913086,18.669812347515986,17.988002707179618,18.18160271775152,6483600
2020-08-12,17.929075241088867,18.560380729936966,17.533457712721496,18.560380729936966,4760100
2020-08-13,17.45770263671875,17.870155403866487,17.440867436714424,17.727059414815802,3882400
2020-08-14,17.64288330078125,17.81964967261263,17.213596980961213,17.365108949754404,3283300
2020-08-17,17.44087028503418,17.583966297454296,17.306191873990926,17.508209490555807,5230800
2020-08-18,16.90215301513672,17.474536942033637,16.86006662277375,17.474536942033637,4722300
2020-08-19,16.96949577331543,17.222017391560893,16.77589575896102,16.952660570634187,3847700
2020-08-20,16.64963150024414,16.85164907408367,16.548621910577896,16.78430988280383,4660000
2020-08-21,16.464447021484375,16.80956056702854,16.422360630268905,16.632795797332076,3985600
2020-08-24,17.255687713623047,17.32302691852965,16.506538858350435,16.66646846657031,6350700
2020-08-25,17.432451248168945,17.676556851517095,17.163094448262832,17.466121650903794,4829100
2020-08-26,17.095754623413086,17.424034616106105,17.07892102815412,17.390364214601956,4998900
2020-08-27,17.626054763793945,17.718645170366408,17.112592304873896,17.17993151215084,4499900
2020-08-28,17.769145965576172,17.853318747746595,17.600797190249512,17.82806755529263,4262900
2020-08-31,17.390363693237305,17.676555675470077,17.38194609311363,17.65972047522272,4149300
2020-09-01,17.55029296875,17.74389293398134,17.137840240672972,17.18834423040878,3690300
2020-09-02,17.92066192626953,18.00483471963752,17.365111535983466,17.583964330825097,4807300
2020-09-03,17.769145965576172,18.602469031908036,17.634467587512006,18.00483232444201,6668100
2020-09-04,18.20685577392578,18.484630219114884,17.752316502476994,18.324700596925666,5521700
2020-09-08,17.676551818847656,18.10583969853594,17.609212638043186,17.86173416468678,5836900
2020-09-09,17.777565002441406,17.920660991392385,17.567129819013086,17.828068996926152,3383100
2020-09-10,17.365110397338867,18.265774318954392,17.331441603297986,17.920660751197037,4986300
2020-09-11,17.71864128112793,17.802815673121184,17.289354932399014,17.440866911395286,4125500
2020-09-14,18.737150192260742,18.86341098975781,17.90382700218831,17.99641739742315,6653600
2020-09-15,18.408872604370117,18.88024701824554,18.232106195733575,18.854994215442257,5842600
2020-09-16,18.560382843017578,18.981253216831973,18.34994765611038,18.551966848375187,12531300
2020-09-17,18.408872604370117,18.64455900856122,18.072174988965887,18.223688594799146,7367000
2020-09-18,18.2994441986084,18.493044190934558,18.156348203086214,18.35836579579522,10229200
2020-09-21,17.558713912963867,17.979584320423264,17.323025906809058,17.82807071685897,7945300
2020-09-22,16.92740821838379,17.65972182467929,16.81798101390724,17.466121823520083,8013700
2020-09-23,16.464447021484375,17.39877967700258,16.4560294221427,16.97790934287624,5745700
2020-09-24,16.50653839111328,16.9105736091162,16.262432776803244,16.573877594113767,4236800
2020-09-25,17.230432510375977,17.32302450628905,16.430779764148813,16.801144536814988,6909900
2020-09-28,17.962745666503906,18.11425924094845,17.491371350282023,17.609214527964273,6739300
2020-09-29,17.668140411376953,17.97958523515909,17.41561879625121,17.8701580245762,5726400
2020-09-30,17.945907592773438,18.198430711551925,17.777560452413738,17.81122923828863,5976100
2020-10-01,17.928863525390625,18.150523462052107,17.75835538147066,18.031167110873664,4869100
2020-10-02,18.662044525146484,18.798450388996503,17.49406911266991,17.49406911266991,6405300
2020-10-05,19.39522933959961,19.548686359383442,18.747300603893613,18.747300603893613,5647400
2020-10-06,19.199140548706055,20.14545585397452,19.088309788160227,19.71066325825126,6100600
2020-10-07,19.889699935913086,20.11988545263149,19.437854472660614,19.599837053990555,4474500
2020-10-08,20.213661193847656,20.307440829217576,19.87264655534713,20.077255338447447,4256000
2020-10-09,19.93232536315918,20.401221948017493,19.804445067683705,20.392696378174303,5757800
2020-10-12,20.051677703857422,20.102829486598274,19.79591553798146,19.8300178105326,4613900
2020-10-13,19.710664749145508,19.957899741373335,19.506054348982214,19.8811712478336,6383300
2020-10-14,19.378173828125,20.111356479040552,19.35259874798625,19.889696570017573,6537100
2020-10-15,19.949378967285156,20.051684191955484,19.309975784833156,19.344078068418725,5220500
2020-10-16,19.830020904541016,20.00052741564267,19.454903978379612,19.983477902792778,4284500
2020-10-19,19.650983810424805,20.08577802182574,19.62540873251558,19.94937218602378,3832200
2020-10-20,20.247764587402344,20.69108445494509,19.940850582782573,20.034630223324424,6650000
2020-10-21,20.03462791442871,20.452371024748185,20.017576777006862,20.153982624209714,5598100
2020-10-22,20.435321807861328,20.631406654468922,19.548683717715537,20.571727667883756,6607600
2020-10-23,20.818960189819336,20.963891590702733,20.281862425419575,20.72518056981073,6232500
2020-10-26,19.992000579833984,20.546149506391213,19.89822095534007,20.418269235045063,4478900
2020-10-27,19.531635284423828,20.034632572719435,19.523109713730605,19.881175552414152,4164800
2020-10-28,19.13094139099121,19.463430485836053,19.028636178531002,19.122415821112345,5165900
2020-10-29,19.693614959716797,19.84707195730226,18.84107752965188,19.054211887168112,3707800
2020-10-30,19.795915603637695,19.812966739969816,19.233241113364578,19.378172520015887,6116400
2020-11-02,20.554672241210938,20.656975793751194,19.79591303379005,20.077250242404237,4727500
2020-11-03,20.895689010620117,21.228178030788403,20.827486092993652,20.972417496210618,5485700
2020-11-04,19.693614959716797,20.418272100489197,19.327023604615107,20.392695392196252,6776500
2020-11-05,20.46089744567871,20.725183582381305,19.744765904993073,19.744765904993073,6100900
2020-11-06,19.787391662597656,20.725183098863145,19.55720780752934,20.708133587214895,4930500
2020-11-09,22.643390655517578,23.086710450056323,21.339009602855725,21.483941011605474,13913600
2020-11-10,22.455835342407227,22.660444124154534,22.225649853159236,22.515512700489435,9815600
2020-11-11,21.927265167236328,22.592245040615328,21.722656350678097,22.592245040615328,5980800
2020-11-12,21.194082260131836,21.54362249663028,20.853065967472304,21.54362249663028,6966300
2020-11-13,21.645923614501953,21.816431741382594,21.356060774456473,21.46689154475469,6518500
2020-11-16,22.379106521606445,22.754223429082224,22.089243678477803,22.754223429082224,7144400
2020-11-17,22.20859718322754,22.22564832038541,21.5009912520353,21.952836630203237,4995000
2020-11-18,21.91020965576172,22.68601848267282,21.901684087477587,22.251224256697498,5603800
2020-11-19,22.06366729736328,22.14039579380085,21.313435097412235,21.76528050686835,4843900
2020-11-20,21.560672760009766,21.918736925791325,21.40721575976845,21.688553051515484,5828600
2020-11-23,22.17449951171875,22.268279152590146,21.73970521234158,21.93578843772163,6031300
2020-11-24,23.240171432495117,23.41920351917283,22.60076833535559,22.677496837099227,6061300
2020-11-25,22.745697021484375,22.975882498909694,22.54108825024608,22.82242551395948,4899100
2020-11-27,22.404685974121094,22.771275731388037,22.191551600179597,22.677497712592412,2970700
2020-11-30,21.60329818725586,22.489936251693305,21.543620828487175,22.22565010882367,8550600
2020-12-01,22.336483001708984,22.55814131927721,21.986942759123266,22.080720777760217,5687400
2020-12-02,22.66897201538086,22.76275165973681,22.021043327101832,22.259754409968703,5976900
2020-12-03,22.87358283996582,23.01851429128775,22.455839627587626,22.694550731555033,5348400
2020-12-04,23.359525680541992,23.410677471965815,22.958833666564136,23.069662818996775,6907600
2020-12-07,23.342470169067383,23.419198654874084,22.882100880313008,23.37657244101962,4497700
2020-12-08,23.240171432495117,23.41920351917283,23.00146035750534,23.00146035750534,7063700
2020-12-09,23.6408634185791,23.96482856457715,23.419203483445216,23.45330576242866,5235600
2020-12-10,23.683486938476562,23.85399342397037,23.171964229823416,23.427724771107055,4580400
2020-12-11,23.30837059020996,23.495928216275768,23.00998220131161,23.3168961585883,4120500
2020-12-14,22.694547653198242,23.760219466577293,22.626344722185426,23.760219466577293,4671100
2020-12-15,23.09524154663086,23.223121849412188,22.66044721630533,22.92473339219824,3444600
2020-12-16,23.231645584106445,23.325425224243066,22.899156497929187,23.1804937922529,3229500
2020-12-17,23.129337310791016,23.308370997694308,22.796848268652525,23.308370997694308,3716300
2020-12-18,22.70307159423828,23.29132289046257,22.52403951013175,23.16344259808846,8719500
2020-12-21,23.163442611694336,23.376576974471764,22.65191981581128,22.93325710963404,6393000
2020-12-22,22.95883560180664,23.402155501077708,22.92473332059213,23.26574962839219,5442200
2020-12-23,23.6408634185791,23.768743712594684,23.078188824041607,23.12081667277091,3570300
2020-12-24,23.51297950744629,23.71758827161248,23.137862626765312,23.71758827161248,1477600
2020-12-28,23.47035789489746,23.905152213814524,23.436255614471232,23.683492269302715,2707500
2020-12-29,23.257219314575195,23.572657221041784,23.180490823578253,23.572657221041784,2782500
2020-12-30,23.489709854125977,23.601646895578554,23.25722333456168,23.25722333456168,2253100
2020-12-31,23.73941421508789,23.77385738930616,23.283053653082465,23.37776909750081,2503400
2021-01-04,23.446653366088867,24.075226502774754,23.102229842037758,23.903015561919656,4980400
2021-01-05,23.773855209350586,24.049394008467278,23.377766953864754,23.541368731718084,3476000
2021-01-06,26.055665969848633,26.227876919492072,24.359379000868245,24.419652915360498,10079600
2021-01-07,27.071712493896484,27.657231603616136,26.537854854564728,26.649793514874315,6308100
2021-01-08,26.84783935546875,27.123378172542253,26.3484248389378,27.123378172542253,5165000
2021-01-11,27.020051956176758,27.11476904624687,26.262320162638854,26.43453275506797,6048400
2021-01-12,27.39891815185547,27.4764136527373,26.90811440783118,27.054494615903423,5504200
2021-01-13,27.295591354370117,27.536687003438526,26.99422015069367,27.261148180308382,3931200
2021-01-14,28.018877029418945,28.25997263927687,27.269754538818766,27.38169155163271,5223500
2021-01-15,27.441972732543945,27.76056553687051,27.175043049177553,27.53668818058076,4431800
2021-01-19,27.614181518554688,27.889720331864506,27.347253498453412,27.510855284733946,4513500
2021-01-20,26.97699737548828,27.605572135702534,26.899501879603523,27.536685790613095,4872500
2021-01-21,26.417308807373047,27.27836840791407,26.15898994180623,26.96838642617023,4103400
2021-01-22,26.60674285888672,26.684238358780856,26.193434621011967,26.32259324005521,3559300
2021-01-25,26.176212310791016,26.33120330629802,25.36681580222163,26.047053695315483,4378500
2021-01-26,25.61652374267578,26.649795945535192,25.599302156081915,26.494804950872194,4283800
2021-01-27,24.48853302001953,25.048221375240097,24.324931252624367,25.048221375240097,8079700
2021-01-28,25.487367630004883,25.64235863988339,24.85879443868965,25.074059365222897,6342600
2021-01-29,24.91045570373535,25.685409053001862,24.738243118413493,25.40987023035963,5700300
2021-02-01,25.39264488220215,25.478751162109024,24.91906280622538,25.01377823601632,5180900
2021-02-02,26.107324600219727,26.546465156143853,25.72845794842114,25.805953437251322,5259600
2021-02-03,26.718677520751953,26.735897462988433,26.021218126442527,26.072882880174063,4286400
2021-02-04,27.63140106201172,27.8552750995179,26.813393833430258,26.822004626002148,5475500
2021-02-05,27.640010833740234,28.070540617970966,27.57112777629774,27.777780233306807,3717400
2021-02-08,28.04471206665039,28.08776439149085,27.64001298685003,27.64001298685003,3198500
2021-02-09,28.010269165039062,28.079155513198533,27.588351778948848,27.683068865327186,2942500
2021-02-10,28.079153060913086,28.57856590272568,27.94999281173519,28.259974782016872,3781200
2021-02-11,27.7691707611084,28.225531276006812,27.42474726618296,27.993044801054353,3566500
2021-02-12,27.9930477142334,28.20831262625657,27.59696106443441,27.717508889618287,3344300
2021-02-16,28.819665908813477,29.01770922296582,28.08776327684347,28.29441902643123,5104100
2021-02-17,28.87133026123047,29.207143013695305,28.53551750876563,28.84549952171226,3617400
2021-02-18,28.60440444946289,28.845500115749992,28.079157503895622,28.50107491989805,6140000
2021-02-19,29.740999221801758,29.878768625717225,28.75939180831883,28.871327190781493,5682200
2021-02-22,30.033756256103516,30.48150758991333,29.71516187638339,29.921817601480733,5521700
2021-02-23,30.205970764160156,30.352349311853878,29.542954512689793,30.25763223526075,6476200
2021-02-24,31.213411331176758,31.30812841524804,30.292077797417257,30.447068792319023,8045000
2021-02-25,30.395410537719727,31.73005258196502,30.3265274611775,31.64394791511661,8882500
2021-02-26,29.870159149169922,30.593449412543094,29.586011162495822,30.059593330073994,9869200
2021-03-01,30.99814796447754,31.110086640726877,30.326522476345417,30.447070303991495,8171500
2021-03-02,31.127302169799805,31.290902291951493,30.739824738723367,30.79148620641268,6892100
2021-03-03,30.920654296875,31.5578399325254,30.817328050576773,31.325353414842773,9722400
2021-03-04,30.619281768798828,31.2564640585635,29.732388112158297,30.980925238446588,9923800
2021-03-05,31.661157608032227,32.186404418608724,30.32651606530845,32.040022598353694,8728600
2021-03-08,32.49639129638672,33.29717371596196,31.85920573639877,32.03141831623458,7269100
2021-03-09,31.609493255615234,32.27250946055969,31.178963508353743,31.91947519919252,8381000
2021-03-10,32.737491607666016,32.87526103425244,31.54061909831852,31.60950216927062,6583100
2021-03-11,32.728878021240234,33.40911597816524,32.28973901588434,32.41028684932783,7668300
2021-03-12,33.658817291259766,33.80519583528748,33.150792035177574,33.31439216403469,6929000
2021-03-15,33.08191680908203,33.7621548572894,32.659999335411925,33.546889901630045,8084200
2021-03-16,32.616947174072266,32.89248605600187,32.083087716236406,32.81499054016651,6586800
2021-03-17,33.21968078613281,33.6157674119192,32.789150988187174,33.07329894679682,7376500
2021-03-18,33.589935302734375,34.8384724447923,33.35745208912834,34.0032468228119,10517500
2021-03-19,32.9871940612793,33.787979742411395,32.59110415369061,32.97858162596125,27628800
2021-03-22,32.04863357543945,32.97857606746677,31.859199446551195,32.96135448441501,7546200
2021-03-23,31.29090118408203,32.212234551642794,31.127301067722684,31.686987750855945,6729100
2021-03-24,31.239242553710938,32.22085001353898,31.2220209668232,31.730046283624954,6075900
2021-03-25,32.4877815246582,32.608329355023066,30.89482242109616,31.187582845417413,5668900
2021-03-26,33.0991325378418,33.35745306663051,32.53944572305751,33.02163703614158,6891800
2021-03-29,32.014198303222656,32.65999304583524,31.54922530021793,32.47917130622738,6310400
2021-03-30,33.06369400024414,33.289208987458466,32.239703039962244,32.26572603615404,5788400
2021-03-31,32.482566833496094,33.254515139693055,32.4565438363068,32.84685570705502,6148100
2021-04-01,32.942264556884766,32.98563180582481,32.257050774021444,32.43919851350404,6138500
2021-04-05,33.15910720825195,33.696868424509766,32.89022494576839,33.627481481464876,6063600
2021-04-06,33.245845794677734,33.332580302674536,32.838186327932114,33.11574072397314,4109000
2021-04-07,33.30656051635742,33.57543947560089,33.089720938278816,33.34992777023127,3109900
2021-04-08,33.081050872802734,33.159113265932405,32.421859904259925,33.011663917081876,3341200
2021-04-09,33.34125518798828,33.480032397488486,33.06370076898787,33.24584854478349,3549900
2021-04-12,33.696876525878906,33.74891922720661,33.306567846406494,33.31523997560606,3207700
2021-04-13,33.15044021606445,33.592791559034104,32.86421034630599,33.5494242993249,5205700
2021-04-14,33.43667221069336,33.90504663256894,33.011668364284695,33.09840289779779,4316400
2021-04-15,32.98563766479492,33.54942192728292,32.413181274462154,33.540746490728566,6049500
2021-04-16,33.133087158203125,33.618805680367885,32.9249197139116,33.16778228370326,5355500
2021-04-19,32.84686279296875,33.39329952989672,32.61267561999962,33.02901057775129,5577100
2021-04-20,31.606538772583008,32.82951397911615,31.31163678546886,32.69073676804536,5382600
2021-04-21,32.404510498046875,32.42185806316948,31.120820457361663,31.571847224420207,5614500
2021-04-22,31.9708251953125,32.57797662390574,31.901434948063397,32.50858637665664,5515000
2021-04-23,33.2545166015625,33.514723423930306,31.849397113808948,31.97082674366664,6741600
2021-04-26,33.63615417480469,34.08718089267157,33.40196703425596,33.46268515991766,3979000
2021-04-27,34.0438117980957,34.08717904947246,33.61013266690977,33.65349991828653,4453500
2021-04-28,34.52085876464844,34.67698351921327,34.08717962612595,34.130546878236345,4880400
2021-04-29,35.310157775878906,35.38822016004004,34.7810686508656,34.859131035026735,7776600
2021-04-30,35.16270446777344,35.526993346858625,34.83310740428505,34.98923215495275,7236300
2021-05-03,35.10199737548828,35.66577838027607,34.84178719466787,35.55302416454445,4009000
2021-05-04,35.8392448425293,35.8392448425293,34.7030042735995,34.98056197478326,6043100
2021-05-05,36.038734436035156,36.35965606040713,35.48362568835095,35.88260968716033,3622500
2021-05-06,36.359657287597656,36.377004850136935,35.64842376703347,36.25557522107123,4983200
2021-05-07,36.73263168334961,36.75865468864925,35.3275118194444,35.37955452133354,4830900
2021-05-10,36.6372184753418,37.34845206376998,36.62854303888975,37.261714242797304,6068700
2021-05-11,36.10812759399414,37.131610670790714,35.84792076113437,36.38568199020582,5227200
2021-05-12,35.509647369384766,36.7759929933922,35.396893173422264,36.654560052902156,6785000
2021-05-13,36.41170120239258,36.6198686511705,35.21474581651556,35.249440942763435,6146900
2021-05-14,36.984161376953125,37.07957132965104,36.47241979233587,36.593849438056964,3680600
2021-05-17,37.20968246459961,37.22702672362976,36.611202958042085,36.75865562948025,4000600
2021-05-18,36.43771743774414,37.32242322092223,36.41169774988006,37.16629847631968,3379800
2021-05-19,36.1601676940918,36.16884313029489,35.40556687118653,35.93465598345336,4940600
2021-05-20,36.021392822265625,36.264255421013026,35.65710388720904,36.073435516720714,3347100
2021-05-21,36.359657287597656,36.741297046043286,36.116798029466246,36.20353584216264,5364100
2021-05-24,36.31629180908203,36.55047895173477,36.13414735658859,36.55047895173477,4091400
2021-05-25,35.78721237182617,36.88008599937311,35.683130272106084,36.42905915563901,5847000
2021-05-26,36.142818450927734,36.27292351825274,35.6050572361557,35.91730675076827,4609900
2021-05-27,36.61119842529297,36.836713469287254,36.35099155882325,36.61119842529297,4671700
2021-05-28,36.550472259521484,36.6198625003622,36.01271112784112,36.61118706590271,4053900
2021-06-01,36.73263168334961,37.096923979153274,36.498447796623864,36.80202195253513,3459000
2021-06-02,36.56782913208008,36.83671142074811,36.29894684341205,36.77599659890527,3731400
2021-06-03,36.61119842529297,37.09692033575697,36.3856866900085,36.54181147163229,2999500
2021-06-04,36.4637565612793,36.671920773675566,36.08211665736864,36.59385836684934,4503200
2021-06-07,36.42037582397461,36.64588752212483,36.25557563233668,36.54180545441775,2638200
2021-06-08,36.1515007019043,36.24691066143447,35.431591595420215,36.00404804389132,5080000
2021-06-09,35.691795349121094,35.89128736096775,35.37954583189699,35.74383472951889,3713700
2021-06-10,35.04127883911133,36.30762124236797,34.94586889073961,36.2555785499717,4597000
2021-06-11,35.188724517822266,35.53566914702465,35.04127520107224,35.12800970401823,3625600
2021-06-14,34.295352935791016,35.26679344583949,34.06983789230041,35.03260627392685,3909200
2021-06-15,34.74637222290039,34.97188390906187,34.20860773279923,34.390755477489805,3632200
2021-06-16,35.17138671875,35.40557391216347,34.15657885600174,34.61627780490034,5889500
2021-06-17,32.98563766479492,35.56169307564716,32.93359828030714,35.53567338340327,6222900
2021-06-18,32.01419448852539,32.673385335913665,31.83205004093631,32.53460814126828,11729100
2021-06-21,32.777469635009766,32.82083688652662,32.1096033737808,32.335115066893955,10710100
2021-06-22,32.91625213623047,33.12441630058298,32.43053023822504,32.708084663168215,6271700
2021-06-23,32.89022445678711,33.2198215303008,32.82950964175949,32.97696227019033,4411000
2021-06-24,33.47136688232422,33.61881624898898,32.76013312952998,33.05503517156981,3782700
2021-06-25,34.260658264160156,34.37341578741767,33.488709784563795,33.69687395658244,6591500
2021-06-28,33.5494270324707,34.243313170475815,33.40197436699519,34.11321138074929,3681900
2021-06-29,33.269920349121094,34.056031637126544,33.200042309312465,33.78525923082059,2795400
2021-06-30,33.39219665527344,33.55815196741747,33.200035417656814,33.21750492398266,3256500
2021-07-01,33.83766174316406,33.916272857984815,33.46207567590576,33.62803099298613,2916200
2021-07-02,33.575626373291016,33.95121248418519,33.4358736342584,33.925009886856614,2709400
2021-07-06,32.59735870361328,33.46208110699092,32.378994830554795,33.392203068267435,4090300
2021-07-07,32.37899398803711,32.71964108802961,32.195569139113175,32.31785237172913,3754700
2021-07-08,31.924795150756836,32.27417865390958,31.50553694615436,31.819981432598222,8073400
2021-07-09,33.26117706298828,33.296112740213765,32.326576892901386,32.57987971159814,4142400
2021-07-12,33.53195571899414,33.66297537524632,32.51874748414454,32.815722483943645,3587800
2021-07-13,32.81572341918945,33.57562878399183,32.719642779462,33.54942618478193,4171400
2021-07-14,32.64976501464844,33.33105918607848,32.12568975572929,32.876861961135766,3631200
2021-07-15,32.99040985107422,33.21750678207806,32.23050460921512,32.46633462788657,3386300
2021-07-16,31.793779373168945,33.11269562251443,31.69769874158037,32.98167597362672,3583000
2021-07-19,30.24776268005371,31.25223443222049,30.00319289224818,31.007667976383026,7391000
2021-07-20,31.409454345703125,31.80250992909944,30.020660172348023,30.16041289844807,5561800
2021-07-21,32.21303176879883,32.51873978505052,31.671487094342282,31.6976930185692,7176300
2021-07-22,31.46186637878418,32.221771703514506,31.14742187697351,31.80251347842301,6109700
2021-07-23,31.25222396850586,32.055804433156524,31.068799188041137,31.662748952184295,4253300
2021-07-26,31.723892211914062,31.96845859871245,31.348306213921045,31.426917314244402,5476800
2021-07-27,31.776302337646484,31.91605504177162,30.937782780928366,31.147413503099717,4168300
2021-07-28,31.837451934814453,32.19556853733964,31.330846172625197,31.6714932662506,4898100
2021-07-29,32.00340270996094,32.43139728708312,31.785038877789297,32.247969135763526,4189500
2021-07-30,31.697694778442383,32.36151936428803,31.557942058687107,31.92479169855683,8250800
2021-08-02,31.51427459716797,32.64976602881121,31.488068667628774,31.994674433789935,6345100
2021-08-03,32.1781005859375,32.2479752929506,30.998936999857026,31.8549229855693,4375400
2021-08-04,31.767576217651367,32.30912103716278,31.531742828245115,31.951004408501813,3952900
2021-08-05,32.300384521484375,32.37899565105621,31.92479838374876,31.959737403995877,3516200
2021-08-06,32.955467224121094,33.25244215178478,32.71090081262187,32.77204241549668,4426100
2021-08-09,32.806983947753906,33.18257001254736,32.47506998380366,32.88559506205876,4638400
2021-08-10,33.331058502197266,33.47081123531467,32.71090595723677,32.79825016594716,4021300
2021-08-11,33.79398727416992,33.863865303545346,33.077754132910954,33.50574873291586,5230700
2021-08-12,33.9599494934082,34.021091109547044,33.61056597378495,33.88133836809138,2967600
2021-08-13,33.610565185546875,34.160843049859466,33.514484553305365,34.07349550601805,3649300
2021-08-16,33.374732971191406,33.68044438727373,33.05155537770389,33.38346939186222,4044900
2021-08-17,32.92927169799805,33.40093844878623,32.597357688335826,33.04282184140294,4718800
2021-08-18,32.7633056640625,33.33978600814676,32.58861727589009,32.73710307223012,4839500
2021-08-19,32.641029357910156,33.06902399610677,32.335321282032666,32.4838071097537,8430100
2021-08-20,32.8593864440918,32.920528046657026,32.32657819433703,32.50126991536658,5027700
2021-08-23,33.22624588012695,33.52322086428251,33.0166151075597,33.13889833657056,3650100
2021-08-24,33.575626373291016,33.73284862119872,33.19130717394335,33.23497928014702,3517600
2021-08-25,34.31806182861328,34.641239378245864,33.63676438337471,33.759050932394395,4573900
2021-08-26,33.89006423950195,34.52768619485409,33.75031152780789,34.4141394073303,4326900
2021-08-27,34.466552734375,34.553900282299104,33.86386964755583,33.9948859714896,3724900
2021-08-30,33.74158477783203,34.55389860834856,33.74158477783203,34.55389860834856,3683100
2021-08-31,33.94247055053711,34.204506451442334,33.619293050486235,33.80271784792317,4716600
2021-09-01,33.60182571411133,34.073489033384966,33.365992388490774,34.073489033384966,3933600
2021-09-02,33.79398727416992,34.09096223507982,33.54068774760358,33.636765040043045,2787500
2021-09-03,33.63676452636719,34.012350598604854,33.453339700009565,33.95994540934141,4130000
2021-09-07,33.680442810058594,34.160842633442016,33.60183168754363,33.69791231861392,4058000
2021-09-08,33.55815124511719,33.7153734666981,33.26991272686389,33.54941815812606,5041800
2021-09-09,33.89006423950195,34.19577558706036,33.322320305980575,33.52321462079283,5211500
2021-09-10,33.76778030395508,34.195774848506105,33.619294508722874,34.0472857213065,4102700
2021-09-13,34.57136154174805,34.588827715196466,33.977411685477804,34.19577550522517,4823400
2021-09-14,34.047298431396484,34.91202092986188,33.933748271968604,34.59757638496537,5819700
2021-09-15,35.174049377441406,35.31380210824058,34.04729111114107,34.04729111114107,7590700
2021-09-16,35.28759765625,35.71558891407323,35.217719628542184,35.331269757583506,5348200
2021-09-17,35.04302978515625,35.61951021703084,34.903277054155375,35.06923571294686,12714800
2021-09-20,33.66297149658203,34.14337129420767,33.069021565419035,34.13463820638228,9578000
2021-09-21,33.39219665527344,33.90753542999903,33.19130233047771,33.820191230337464,5393400
2021-09-22,34.108428955078125,34.46654549644227,33.610559698351565,33.8638625361858,3862800
2021-09-23,35.60204315185547,35.80294084017297,34.46655171807006,34.51896024527917,4801000
2021-09-24,36.25713348388672,36.335744605975265,35.130378509908304,35.1653141948614,5565800
2021-09-27,38.0826530456543,38.161264162741716,36.68512577739771,36.68512577739771,9988400
2021-09-28,38.05644607543945,38.58925432644771,37.81187966460319,38.432032110347976,6864100
2021-09-29,38.11801528930664,38.27632757266183,37.7838000961047,38.11801528930664,5511100
2021-09-30,37.32645797729492,38.390669189117325,37.30007371219058,38.34669094051767,5147000
2021-10-01,38.39945602416992,38.672105683875,37.35283898122821,37.48476363845165,4893500
2021-10-04,38.26752853393555,39.032705647558956,38.14439751015305,38.50499694625984,3907200
2021-10-05,38.672115325927734,39.04150848433601,38.17958775964713,38.54898427312497,4123900
2021-10-06,38.469825744628906,38.61054741844954,37.59031444448262,38.32030707896798,4084600
2021-10-07,38.566566467285156,38.98873481423789,38.40825417594516,38.927165940877565,3883900
2021-10-08,38.65452575683594,38.979944027467724,38.3642853914919,38.43464791220669,2764300
2021-10-11,38.24995040893555,39.12946176632126,38.24115341652273,39.00632735802883,3342000
2021-10-12,38.074039459228516,38.39066401811032,37.924520815281504,38.18837349599338,4122500
2021-10-13,37.563926696777344,38.056454231015714,36.86911196679893,38.01247933717124,4202500
2021-10-14,38.16199493408203,38.1795855627659,37.58151760779185,38.03007025155707,3260800
2021-10-15,38.3466911315918,38.76885950578073,38.10922603433085,38.540184690172616,4113000
2021-10-18,38.742469787597656,39.085478637366805,38.12681124323472,38.12681124323472,4664400
2021-10-19,38.63692855834961,39.07668417284931,38.26753209753394,39.04150291847276,4724900
2021-10-20,40.096920013427734,40.105713650134106,38.496209727321556,38.716087550743495,4893100
2021-10-21,39.648372650146484,40.290415523025956,39.314157402938854,40.026559438084966,3869400
2021-10-22,40.008968353271484,40.16727729206107,39.64836887394189,39.982580734248906,2947800
2021-10-25,40.08812713623047,40.387157760883184,39.93860846883472,40.255233077372175,2428200
2021-10-26,39.393310546875,40.09691889111738,39.37571991888529,40.09691889111738,2714400
2021-10-27,38.03006362915039,39.29655847822214,38.00367601318494,39.226195975739316,3692800
2021-10-28,38.689701080322266,38.707288352732576,38.15319868494117,38.15319868494117,3146000
2021-10-29,38.28512191772461,39.00632084189672,38.22355640139789,38.742468149772364,3726300
2021-11-01,39.11186981201172,39.18222897358363,38.60175163157015,38.636932889890836,4087900
2021-11-02,38.6984977722168,38.99753175284125,38.48741358086508,38.99753175284125,4092400
2021-11-03,39.31415939331055,39.51644660828895,38.46982927294774,38.51380417097441,3532300
2021-11-04,38.68090057373047,39.29655905928351,38.249941982391526,39.29655905928351,6390800
2021-11-05,38.76885223388672,39.26137631960859,38.54017746117125,39.164629558465016,2600900
2021-11-08,38.927162170410156,39.27896797377198,38.67210648579507,38.953549786457,2266600
2021-11-09,38.777652740478516,38.89199014709719,38.417053247360506,38.71608721885368,4174100
2021-11-10,38.72488021850586,39.20861410198597,38.62813344180984,38.7952427306736,3359900
2021-11-11,38.96234130859375,39.13824420073437,38.67210438837005,38.8392102906159,3055900
2021-11-12,38.88318634033203,39.10306412333106,38.4258401490858,38.81282719440807,3428500
2021-11-15,39.24378967285156,39.52523299467299,38.856805944114356,38.94475572403266,3048000
2021-11-16,39.428489685058594,39.75390789771625,39.06788686324213,39.305355295744434,3155800
2021-11-17,38.87439727783203,39.39330904094934,38.72487862316987,39.34933415019074,4331400
2021-11-18,38.82162094116211,39.129451851287406,38.452227875094216,38.80403031586334,4077000
2021-11-19,38.302711486816406,38.44343314240131,37.572718946928724,38.35548336581159,3523100
2021-11-22,38.83921813964844,39.2701801447328,38.522593540822264,38.918374289354986,3670900
2021-11-23,39.437286376953125,39.51644252725419,38.91837458166153,39.20861491778855,2807300
2021-11-24,39.22620391845703,39.81547825332913,39.09427923219215,39.49885363818227,3474200
2021-11-26,37.36163330078125,38.10921979235079,36.49971277520397,37.73102972892511,5680900
2021-11-29,37.81018829345703,38.16199076347892,37.17693915032104,37.950909952479584,5629000
2021-11-30,37.0713996887207,37.50235831260751,36.67561896418347,37.32645539558329,9155400
2021-12-01,36.71080017089844,38.557772409580025,36.702003179770664,38.03886065032086,5277400
2021-12-02,38.64571762084961,38.98872977782335,37.05380463200115,37.132960767446065,6366500
2021-12-03,37.86295700073242,38.979936642437515,37.5023575380614,38.645721442501035,5418100
2021-12-06,38.329105377197266,38.97114824557878,38.10043055252637,38.44343943446325,4701300
2021-12-07,38.76885223388672,38.93595814081825,38.425840074813514,38.59294933681375,7327700
2021-12-08,38.66331100463867,39.48125667757479,38.645720378277055,39.0502980744564,3941800
2021-12-09,38.478614807128906,38.78644238355835,38.08283409809893,38.566564584660476,2995600
2021-12-10,38.487403869628906,38.768850505439026,37.95969855700561,38.63692249974893,3099800
2021-12-13,37.2912712097168,38.48740346268701,37.25608996122895,38.31150393038481,4213700
2021-12-14,37.924522399902344,38.241146972013844,37.300070246609664,37.38802002549886,5782500
2021-12-15,38.18838119506836,38.584161973463104,37.53754467510327,38.153203290931806,4360200
2021-12-16,38.28512191772461,39.08547698504093,38.153197249196936,38.62813075299317,5075400
2021-12-17,37.16814041137695,38.22355448194417,36.851519209768746,38.170785959210555,11255800
2021-12-20,36.2182731628418,36.63164451962043,35.5058678500025,36.605256900950664,5621300
2021-12-21,37.388023376464844,37.49356714667422,36.622849495328026,36.71080263716918,5457500
2021-12-22,37.55513000488281,37.687054675684,37.045011883591485,37.23850542684944,2333800
2021-12-23,37.88055419921875,38.293925614140846,37.75742314500441,37.82778230952564,2605600
2021-12-27,38.43464660644531,38.4522372360264,37.62549442106323,37.88055351738461,2347400
2021-12-28,38.5050048828125,38.76006397325909,38.249949147435366,38.390670825773235,3294500
2021-12-29,38.610538482666016,38.88318477536741,38.276323326539696,38.66330700121799,5400300
2021-12-30,38.610538482666016,39.097600747314566,38.575118536454056,38.575118536454056,2329400
2021-12-31,38.56626510620117,38.80536750379773,38.4157210289114,38.54855344213981,2572800
2022-01-03,39.5580940246582,39.62008653697561,38.95591434681153,38.95591434681153,4020900
2022-01-04,41.24066162109375,41.42662900868724,39.912317347161625,39.912317347161625,5534000
2022-01-05,41.1166877746582,41.89598411153603,41.01042116722404,41.51519177522951,5632100
2022-01-06,42.83467483520508,42.93208729086212,41.86055703494316,41.90483450256339,5831700
2022-01-07,43.21547317504883,43.34830897462223,42.46274598587879,42.73726835037024,5191200
2022-01-10,43.21547317504883,43.75566713868708,42.46274598587879,43.49885306119435,4560200
2022-01-11,43.436859130859375,43.60511824217954,42.86124527856302,43.46342831473613,4022100
2022-01-12,43.56969451904297,44.10988841817533,43.34830379829392,43.44571625592819,5511900
2022-01-13,43.870784759521484,44.41983278514081,43.66710570772971,43.90620808456898,5476900
2022-01-14,44.67665481567383,44.72093229082586,43.03836120981009,43.18005115718948,5695500
2022-01-18,43.941627502441406,44.84490201135257,43.66710518201387,44.703212091022635,6226900
2022-01-19,42.4804573059082,44.12760499209383,42.32990984240446,44.109893327084286,8122200
2022-01-20,41.28494644165039,43.215474067218594,41.2052456358919,42.67528009242821,6461300
2022-01-21,39.8857536315918,41.1875287910771,39.74406370341128,40.91300645543917,8255900
2022-01-24,40.27540588378906,40.40824168851132,38.406867364609184,39.21272958047557,7575500
2022-01-25,39.779483795166016,40.266546092061155,38.83193176364081,39.93888538721272,7688500
2022-01-26,39.6732177734375,40.61191567609123,38.876213179701544,40.22226583287619,9085900
2022-01-27,39.16844940185547,40.6119179757241,38.79651457934892,40.231125631831425,6219300
2022-01-28,39.38098907470703,39.407554884630926,38.28288942973591,39.12417498492642,6438900
2022-01-31,39.522674560546875,39.699787822396296,38.42457503960405,39.168448036848034,8487000
2022-02-01,40.682762145996094,40.762462949441655,39.28357439214092,39.45183014245724,7512400
2022-02-02,41.32921600341797,41.45319763831386,40.41708736182862,40.558777280698365,5988500
2022-02-03,40.895301818847656,42.01110977271999,40.815601009417136,41.462061628951375,5592200
2022-02-04,41.92254638671875,42.1350829618346,41.081260984873005,41.12553845272715,6470300
2022-02-07,42.790401458740234,42.95865720304558,41.73658276474547,42.002250974021386,6679100
2022-02-08,43.835365295410156,43.94163190175819,43.126915622832406,43.23318222918044,6839200
2022-02-09,43.56084060668945,44.04790293520527,43.47228566231635,43.72024220908471,3807300
2022-02-10,43.49884796142578,44.39326836696219,43.31288056634945,43.675961214040804,5784200
2022-02-11,42.98522186279297,44.11874123803838,42.68413035647413,42.96751020028548,5815300
2022-02-14,42.710697174072266,43.47228178918462,42.27677325588779,43.224325264507776,6695700
2022-02-15,43.72909927368164,43.81765421712982,43.12691619940127,43.144627863721816,3765100
2022-02-16,43.8442268371582,44.25158842351852,43.15348871210105,43.36602533881752,3690300
2022-02-17,42.67527770996094,43.52542071664153,42.48931029962486,43.41915072945984,4378400
2022-02-18,42.710697174072266,43.109201144555975,42.40960566061283,42.595573054120464,6053200
2022-02-22,42.79925537109375,43.17119015708691,42.27677313970745,42.46274053270403,6662100
2022-02-23,41.77199935913086,43.23317945998054,41.577177822997385,43.047212066244555,8189700
2022-02-24,40.52335739135742,40.6916165067585,39.03561480619541,40.071721792350914,9082900
2022-02-25,42.58671951293945,42.66642030816135,40.7713162641678,40.97499532347834,7910900
2022-02-28,42.36532974243164,42.55129714274344,41.541755966017206,42.12622735139315,7889200
2022-03-01,39.372127532958984,42.09080549066902,39.10645932637858,41.88712641968556,7883800
2022-03-02,40.797889709472656,41.081269617069445,39.823771699378064,40.10715160697486,8510700
2022-03-03,41.00156784057617,41.2318161214188,40.43480803874029,40.89530122227067,4820400
2022-03-04,39.45182418823242,40.107142181898794,38.86735284389395,40.045153052813966,6965000
2022-03-07,37.175926208496094,39.398690744398245,37.158214546989036,39.186154184467604,8053700
2022-03-08,37.15821838378906,38.42457359799282,36.795137730789314,37.42388657751862,10090600
2022-03-09,39.620086669921875,40.21341220694523,38.31830809182271,38.48656383109326,8115800
2022-03-10,39.389835357666016,39.96545256427794,38.82307567136429,39.15073298160356,5723800
2022-03-11,38.96477508544922,40.44366379104163,38.929351751887054,39.73521401057356,6013300
2022-03-14,40.60306167602539,41.24952563047917,39.62894373982782,39.81491115667659,6822100
2022-03-15,40.549930572509766,41.12554449549984,39.903469988019815,40.75360965708977,7080400
2022-03-16,42.064247131347656,42.232502903737206,41.02813992878471,41.098983219944216,7007600
2022-03-17,41.40007019042969,41.50633680439345,40.51450719170392,41.37350438147743,8777800
2022-03-18,41.34693145751953,41.532902237841895,40.10714539824563,41.364643121271875,12154000
2022-03-21,41.1521110534668,41.9933931470231,40.79788452490817,41.60374666813224,4767700
2022-03-22,41.98453903198242,42.53358711127543,41.51519175276054,41.6214583601372,5956700
2022-03-23,40.4525146484375,41.71886990031868,40.27540138796341,41.5329024969904,5929500
2022-03-24,40.60306167602539,40.930722414078595,40.24883850747841,40.78903247102887,5306100
2022-03-25,41.4089241027832,41.524048237857976,40.59420777001951,40.76246352270208,5510100
2022-03-28,40.55878448486328,41.045843456356174,39.72635648591461,41.001565982248586,6335600
2022-03-29,40.85987854003906,41.63917496903642,40.49679782507807,41.44435001724834,5829000
2022-03-30,39.4693603515625,40.966843171429254,39.21978101500586,40.922275918510344,5780300
2022-03-31,38.36406707763672,39.88828915440111,38.31949983684631,39.36238755244431,7651900
2022-04-01,37.25878143310547,39.05932585713169,37.053769403672234,38.94344830996941,8393700
2022-04-04,37.14291000366211,37.34792546712549,36.18024451557979,37.00029276838091,6372600
2022-04-05,36.75070571899414,37.374657267077616,36.661571240808954,36.893322924247876,4755000
2022-04-06,36.52787399291992,36.84876362393963,36.24263952096087,36.59918431104124,7166500
2022-04-07,36.046539306640625,36.59026857777838,35.351280710897576,36.39417200477524,6715800
2022-04-08,36.144596099853516,36.43874611514581,35.859361576077575,36.17133917413883,4278500
2022-04-11,36.091102600097656,36.97354549943163,35.823692363681396,36.18023707872814,3801800
2022-04-12,35.32454299926758,36.66158092686765,35.12844301513532,36.144591296069244,5726000
2022-04-13,35.21757125854492,35.440410873545304,34.80754718300726,35.0482143752392,5103800
2022-04-14,34.77189254760742,35.511721712578705,34.65601839426662,35.244314850639014,5266700
2022-04-18,34.82537078857422,35.110605191224096,34.504481235527535,34.73623631284449,8621700
2022-04-19,36.35851287841797,36.80419211428895,34.83429070780226,34.83429070780226,9287400
2022-04-20,36.25155258178711,37.32118358042092,36.18915775189093,36.46548014161915,8147400
2022-04-21,35.32454299926758,36.88442058146766,35.08387576426797,36.72397575813459,6927300
2022-04-22,34.254905700683594,35.351276192398494,34.20142296928433,35.351276192398494,8275900
2022-04-25,34.584712982177734,34.656023302267435,33.47943022289303,34.094466432482264,8095700
2022-04-26,33.648780822753906,34.63818922674974,33.63986873454553,34.1033721271577,5977500
2022-04-27,34.04098129272461,34.31730366319828,33.58638993512003,33.64878476066844,7068400
2022-04-28,34.727325439453125,34.78080817215477,33.96075660537659,34.63819095187979,6919500
2022-04-29,33.45268249511719,34.98582016095523,33.372460096317226,34.71841329837627,5642500
2022-05-02,33.639869689941406,33.898361058476524,32.953523269476236,33.7111765984213,7723300
2022-05-03,34.147953033447266,34.33513754445171,33.63987884628457,33.82706335728901,5813500
2022-05-04,35.19974899291992,35.27105590545541,33.809228495717804,34.09446294638549,7213500
2022-05-05,33.85380554199219,34.86104190016209,33.19420195896202,34.79864705853123,6292900
2022-05-06,33.43485641479492,33.88053567247169,32.7841651066184,33.791401181041486,6481300
2022-05-09,32.80198287963867,33.194182685324314,32.374131328195865,33.078305160893386,6376600
2022-05-10,32.605892181396484,33.336805803590956,31.741273437960047,33.0961386255129,6269500
2022-05-11,31.964122772216797,33.46160562492202,31.892812445772016,32.445457274928515,7171100
2022-05-12,31.892805099487305,32.06216538565094,31.161891423106745,31.741275791091137,6472600
2022-05-13,32.062164306640625,32.445448709436704,31.732359234296247,32.16912636780665,5414800
2022-05-16,31.812589645385742,32.249356888939204,31.50061547160718,32.02651722187924,5365900
2022-05-17,33.14071273803711,33.21201965729351,32.543500712981725,32.60589894269296,4715300
2022-05-18,32.13347244262695,32.96243609895011,31.883893156942648,32.837646456107954,5689600
2022-05-19,31.776933670043945,32.29391986094685,31.491699206043094,31.794757848813852,5594000
2022-05-20,31.768022537231445,32.285012199300084,30.97471386291408,32.06217253122156,4521300
2022-05-23,32.810909271240234,33.14071098087384,32.178042119980496,32.579154145352724,4424600
2022-05-24,32.63263702392578,32.86438875055711,31.928462954131216,32.79308183477171,4677200
2022-05-25,33.372459411621094,33.577471448734194,32.48110095447057,32.59697850597369,4552600
2022-05-26,34.41535186767578,34.59362424585646,33.56856062151465,33.66661059952716,5313300
2022-05-27,34.86103057861328,34.950165066205884,34.290561697390025,34.424263428778936,3118700
2022-05-31,35.14626693725586,35.3691065686611,34.26382050077541,34.397525639723725,5320700
2022-06-01,34.53123474121094,35.32454337600553,33.978589943719356,35.32454337600553,3594800
2022-06-02,35.0482177734375,35.06604535239757,34.24599372154917,34.72732815268217,2771500
2022-06-03,34.69166946411133,35.05712969520463,34.620362555791104,34.75406768425269,3746800
2022-06-06,35.164093017578125,35.71673432784335,34.78972068463132,35.110610284224926,3475300
2022-06-07,35.26213836669922,35.29779011732553,34.59361958871758,34.88776608289309,3927500
2022-06-08,34.65602111816406,34.97691073781809,34.45100906122132,34.92342800112142,2829500
2022-06-09,33.479434967041016,34.70950756052489,33.46160738449236,34.6649403042851,3314300
2022-06-10,31.80367088317871,32.873301740736565,31.714536395158373,32.391967344796115,4238400
2022-06-13,30.698387145996094,31.21537673557451,30.475547509163263,30.9568819407853,6436400
2022-06-14,30.823183059692383,31.46495896115842,30.430983086296294,30.96580030449187,5553700
2022-06-15,30.956884384155273,31.554096426140877,30.40424299326453,31.117329207359568,6986700
2022-06-16,29.637672424316406,30.359674089424544,29.414832782028313,30.270536192351447,6182600
2022-06-17,30.306190490722656,30.671647357688496,29.815943971660623,29.976388781573725,9221700
2022-06-21,30.63599395751953,31.233205984295537,30.4488094686361,31.090588745108658,4126900
2022-06-22,30.716215133666992,30.90339961503402,30.110091041395904,30.413153087531448,4922400
2022-06-23,29.869426727294922,30.689478449640717,29.432662894961627,30.573600873602675,4241300
2022-06-24,31.39365005493164,31.464956972693397,29.95856220718073,29.967474296802283,5409300
2022-06-27,31.081674575805664,31.625403885893295,30.89449007896796,31.59866421499172,5084800
2022-06-28,31.054929733276367,32.079993350466886,31.02819006682779,31.64322619698444,3515700
2022-06-29,30.758222579956055,31.25272709340378,30.60537716462314,31.180800847892908,3219200
2022-06-30,30.20977210998535,30.57840313730484,29.265717374635027,30.137845861379418,5312900
2022-07-01,30.425565719604492,30.5874041087883,29.50848265749517,30.11987136556805,4771300
2022-07-05,30.299686431884766,30.31766885280506,29.21177568967767,29.823160851987204,5053600
2022-07-06,29.922061920166016,30.452531323597142,29.59838520894756,30.038945939171796,3821800
2022-07-07,30.497486114501953,30.68629981872271,30.155830407389523,30.281703923672637,3189100
2022-07-08,30.443540573120117,30.821161100776393,30.22775496460518,30.794189185885482,3606000
2022-07-11,30.155834197998047,30.425563685337913,29.796192595013885,30.173816621126907,3249500
2022-07-12,30.14683723449707,30.848137923423607,29.832153446373407,29.967019886881296,3232500
2022-07-13,29.706279754638672,29.95802678364197,29.202782266836035,29.859125185163236,5211900
2022-07-14,28.96002960205078,29.103885561351692,28.591398491979906,29.04994172023673,5845000
2022-07-15,30.335651397705078,30.488496831458107,29.24773722125566,29.472512338983837,5960900
2022-07-18,30.362621307373047,31.243739299051366,30.20078295892235,30.71326991908427,4925700
2022-07-19,31.171812057495117,31.432552020366447,30.839145839574268,30.86612118628947,9633500
2022-07-20,31.189796447753906,31.441546930810894,30.704284763579324,31.018968580155104,9594700
2022-07-21,30.794189453125,31.28869399925979,30.28170248697491,30.677305437923565,6766200
2022-07-22,30.23674964904785,31.063920431934207,29.976009690609118,30.875110157118336,5103500
2022-07-25,30.758222579956055,30.956025757253425,30.353626730845843,30.362619655157012,5155100
2022-07-26,29.805185317993164,30.677310540111407,29.76022754557969,30.389598631606926,3934400
2022-07-27,30.335651397705078,30.524461673445682,29.769217140687164,29.984999333020394,4459400
2022-07-28,30.056928634643555,30.470514022851145,29.607378404905898,30.308675665761903,4132800
2022-07-29,30.677309036254883,30.78520356900225,30.110878173414665,30.110878173414665,3934100
2022-08-01,30.68630027770996,30.785201879067742,30.038946835947122,30.443542737048897,3348100
2022-08-02,30.290693283081055,30.713271597100498,30.101883009504903,30.497485977444846,3603000
2022-08-03,30.84814453125,31.045944341956268,30.40758370371049,30.596394017028796,3323900
2022-08-04,30.380603790283203,30.911073171352164,30.362621370440678,30.812171577116207,2591100
2022-08-05,31.171812057495117,31.333650418601724,30.28170450120492,30.380606102969644,3256000
2022-08-08,31.009977340698242,31.468517080474847,30.69529011201579,31.288696296912896,3738800
2022-08-09,31.21677017211914,31.234752593530274,30.803181339255467,31.108875643652343,3078900
2022-08-10,32.511470794677734,32.75422831774674,31.675307136260916,31.72026147094868,7120500
2022-08-11,33.338645935058594,33.43754410235152,32.78120119324763,32.78120119324763,4745200
2022-08-12,33.707275390625,33.7162648854843,33.212767428467906,33.7162648854843,3421100
2022-08-15,33.4735107421875,33.644338600107,33.13185159655234,33.32066530559577,3066900
2022-08-16,33.82415771484375,34.039943330334765,33.320663661691384,33.42855475453889,3431100
2022-08-17,33.4735107421875,33.68030344276252,33.09589018369298,33.61736668301344,2439300
2022-08-18,33.54543685913086,33.59938068757975,33.27570399770319,33.50947202030106,2342800
2022-08-19,32.85313415527344,33.24873715333641,32.520464490065145,33.068916361563666,3580300
2022-08-22,31.918066024780273,32.25073223145622,31.693290911929708,32.21477082004512,2880800
2022-08-23,32.02595901489258,32.349635745329955,31.972015179683837,32.12486061917025,2663800
2022-08-24,32.02595901489258,32.14284304083857,31.648338449246456,31.945039832283232,2138000
2022-08-25,32.583404541015625,32.61936595537694,31.954033487442295,32.061924590118885,2081300
2022-08-26,31.42356300354004,32.826157581444036,31.42356300354004,32.76322082114302,2578900
2022-08-29,30.956024169921875,31.48649349382202,30.785196344521854,31.20777116099465,3234600
2022-08-30,30.902084350585938,31.23475401716016,30.560428617590862,31.081905143097018,3297300
2022-08-31,30.704288482666016,31.099891532821424,30.58740443815316,30.95603556641975,4954600
2022-09-01,30.425565719604492,30.695295224978587,29.958032976384242,30.65933037631624,3911200
2022-09-02,30.27271270751953,31.1538342308411,30.110877770158485,30.812175074642713,4021200
2022-09-06,29.913074493408203,30.515470191104427,29.535450494273334,30.46152635536821,3162700
2022-09-07,30.605382919311523,30.749238867178004,29.63435269886553,29.823162987353474,2663500
2022-09-08,31.756229400634766,31.7652223263249,30.200785946474696,30.36262431093493,3540800
2022-09-09,32.13385009765625,32.32266036022418,31.891092575870687,32.007973159481764,4265100
2022-09-12,32.83515167236328,32.9070779310615,32.22376303934497,32.367618986537735,3725400
2022-09-13,31.45053482055664,32.421564998897196,31.29768938311203,32.0169690912553,4095500
2022-09-14,31.45053482055664,31.810176389526372,30.875111054042026,31.45053482055664,5347900
2022-09-15,32.1698112487793,32.67330870804285,31.495485948060026,31.50447887275529,3548700
2022-09-16,31.4954891204834,31.927056944838448,31.162822898963164,31.927056944838448,8215000
2022-09-19,31.86412239074707,31.981006423079673,31.027958601360798,31.027958601360798,3564400
2022-09-20,31.594390869140625,31.747239736898862,31.252731720442394,31.576408447651644,3833600
2022-09-21,30.80318260192871,32.115871980381186,30.794193105752743,31.747240900832644,4903800
2022-09-22,29.859121322631836,31.00997208448037,29.679300569549667,30.88409515646594,4041800
2022-09-23,29.490495681762695,29.616369202857527,28.915071911159906,29.481506185882868,4188500
2022-09-26,28.852134704589844,29.625361670557673,28.735250681181736,29.103881742887776,5717300
2022-09-27,28.38460350036621,29.301686453919753,28.105882815818898,29.04094647667685,5274000
2022-09-28,29.256731033325195,29.418569397377954,28.36662003103501,28.546440816626546,4095600
2022-09-29,29.111400604248047,29.329397021529072,28.321170088358393,28.829824352922703,5304400
2022-09-30,29.029651641845703,29.810800541890874,28.92065516844778,29.06598495462348,6166600
2022-10-03,29.819887161254883,30.09238009146075,28.875241769267987,29.52014251257351,4744900
2022-10-04,31.155101776123047,31.164186836740257,30.228623094485542,30.246789750784558,4368300
2022-10-05,30.973434448242188,31.10060102496906,30.410282039620036,30.519278497593856,2853500
2022-10-06,30.455699920654297,31.02793744462511,30.274040294574274,30.700944573784643,6097900
2022-10-07,30.065120697021484,30.219535512506848,29.3838868129657,30.16503555440589,3891100
2022-10-10,29.956130981445312,30.628283422753007,29.747219625819604,30.31037212641654,3537900
2022-10-11,29.447477340698242,29.86530355029184,29.229484371718407,29.78355532069046,3732300
2022-10-12,29.26581573486328,29.719971765683947,29.102319286572996,29.365730616033513,3804800
2022-10-13,31.200515747070312,31.473012118433783,28.502829736547838,28.875239249618893,7989000
2022-10-14,30.846275329589844,32.19057670174041,30.737278857506112,31.52750934375005,5503700
2022-10-17,31.545679092407227,32.00892020781245,31.282267749524703,31.59109400481628,5595300
2022-10-18,31.663761138916016,32.72648465887639,31.327686623834843,32.25416193947097,5393000
2022-10-19,30.21045684814453,31.700091500459834,29.901630616741237,31.418513521407125,10514800
2022-10-20,28.29391860961914,29.983377760862787,28.139505499468456,29.865299694964705,9696700
2022-10-21,29.992462158203125,30.001543753480924,28.085006643355182,28.275751328606166,8258000
2022-10-24,31.218685150146484,31.364014944026586,30.010631888193565,30.18320993563381,4774700
2022-10-25,32.10882568359375,32.17240724218027,30.94618750951451,31.091517281274413,4477500
2022-10-26,32.2541618347168,32.48123986456253,31.881754004367217,32.11791709577081,3485800
2022-10-27,32.10882568359375,32.85364119698015,32.036162530181336,32.68106317580747,3984900
2022-10-28,32.68106460571289,32.70831285631787,32.10882708846187,32.41765330008073,2990900
2022-10-31,32.417659759521484,32.708319373674534,32.33591152648244,32.52665971353082,3583500
2022-11-01,32.51757049560547,32.80823007261034,32.38132576791064,32.635652031556035,2581300
2022-11-02,31.527507781982422,32.790060871293676,31.482092876275185,32.46307147124046,4689600
2022-11-03,30.828109741210938,31.191435947321704,30.383038776907522,31.15510263372353,4584500
2022-11-04,31.909000396728516,31.990748612422113,31.127851550086394,31.25501467117973,5836700
2022-11-07,31.827255249023438,32.254159558854624,31.545677264506068,32.063414858827784,3281700
2022-11-08,31.89084243774414,32.099753831498134,31.54568282570288,31.781845942076,4372000
2022-11-09,31.3185977935791,31.700090640819266,31.109686446373797,31.42759426496114,3824000
2022-11-10,32.962642669677734,33.089805792811745,32.37223849520101,32.37223849520101,7301800
2022-11-11,33.47129821777344,33.789209519565475,33.04439390327123,33.04439390327123,7378200
2022-11-14,32.74464416503906,33.58937453149778,32.735562570371066,33.38954479945184,5523300
2022-11-15,33.107975006103516,33.73470907494211,32.653818979860496,33.43496789938818,5360700
2022-11-16,32.50849151611328,33.21697385896648,32.34499505777242,33.10797737505116,3825700
2022-11-17,32.090667724609375,32.11791597846352,31.6455932770231,31.990752840563335,3456200
2022-11-18,32.363155364990234,32.7718964306313,31.899914335618675,32.690148217503086,3217900
2022-11-21,32.52665328979492,32.62656469716795,32.25415692352321,32.28140863911152,2095700
2022-11-22,32.99897766113281,33.026225913210595,32.68106637217191,32.76281459334067,3016900
2022-11-23,32.99897766113281,33.07164082165203,32.69015143282145,32.790062845418454,2837600
2022-11-25,33.13521957397461,33.307797597378,33.04438976480127,33.18971953843968,1016400
2022-11-28,32.32682800292969,32.908147196592026,32.25416137125404,32.83548402985209,3193300
2022-11-29,32.69923400878906,32.81731554622497,32.21782972799459,32.408574428128,2764700
2022-11-30,33.02622604370117,33.10797426519292,31.681924651897685,32.49032180612978,5602200
2022-12-01,32.49032211303711,33.17155614359159,31.999832779453374,33.026226355670715,4550900
2022-12-02,32.01799774169922,32.29957570680433,31.863586366113854,31.981664430407857,4718600
2022-12-05,29.928882598876953,31.81816985217123,29.73813790086399,31.81816985217123,5829500
2022-12-06,29.283981323242188,30.083293413564068,29.193148041431467,29.87438206280253,6216400
2022-12-07,29.947044372558594,30.30128545823191,29.20222889372369,29.411140214378854,6659000
2022-12-08,29.81079864501953,30.183206414956793,29.574639056861713,30.083291543643224,4510800
2022-12-09,29.874380111694336,30.101458103987465,29.629135464225538,30.00154323298886,4616800
2022-12-12,30.219541549682617,30.328538022724835,29.465640904213384,29.865300413593857,6366900
2022-12-13,29.919795989990234,31.037019332606054,29.783551269145555,30.846274644462323,8321500
2022-12-14,29.32939910888672,30.119629681016658,29.075069359802423,30.001548135546656,5738600
2022-12-15,29.00240135192871,29.220394283407675,28.53916204136695,28.87523823107679,6405200
2022-12-16,28.702659606933594,29.06598406120513,28.402916715601123,28.666326295272615,7307700
2022-12-19,28.748075485229492,29.13865166890913,28.412001003350195,28.702660576586684,4009900
2022-12-20,28.784406661987305,29.038732903461472,28.693575118974707,28.802571584615755,3743700
2022-12-21,29.05690574645996,29.338482030542124,29.01149083151598,29.111403990886327,3454100
2022-12-22,29.18406867980957,29.193150276218148,28.475584619659603,28.75716088495717,3871500
2022-12-23,29.438392639160156,29.529222455832578,29.156814663579002,29.3657294788093,3294400
2022-12-27,29.792633056640625,29.8107997125241,29.28398055164461,29.483806836492196,3656800
2022-12-28,29.719968795776367,29.992461694051524,29.547387303751783,29.919795073212715,4185600
2022-12-29,30.1053466796875,30.20627601611609,29.72914469772085,29.976884478325765,3012300
2022-12-30,30.1053466796875,30.2705088669155,29.84842577720112,29.96771035691847,4620700
2023-01-03,29.949357986450195,30.655884328071647,29.820899288016662,30.45401865896923,5347800
2023-01-04,30.701763153076172,30.83022185660782,30.20627658210796,30.31638704248122,5727800
2023-01-05,30.398971557617188,30.67424073904463,30.123702376189744,30.591659634592645,5021300
2023-01-06,31.628511428833008,31.738618404584592,30.490727678607797,30.683415761232485,7190500
2023-01-09,31.39911460876465,31.85789768136384,31.334885258619725,31.775316588286504,3607400
2023-01-10,31.619335174560547,31.619335174560547,31.096322641801507,31.454172953664237,2802900
2023-01-11,31.490877151489258,31.876256842278266,31.472525404286174,31.876256842278266,5001400
2023-01-12,32.02306365966797,32.19739998781511,31.50005117498907,31.61933226781936,4210200
2023-01-13,31.784496307373047,31.85790329203081,30.830226508248234,31.500052992418425,4618800
2023-01-17,31.298185348510742,31.793671963583133,31.215604245998676,31.7661425959208,4747800
2023-01-18,30.02276611328125,31.013735753813855,29.995236748101767,30.995384010439917,8835100
2023-01-19,30.866928100585938,31.160549020668,29.21530955006497,29.692444420257686,10245300
2023-01-20,31.75696563720703,31.83036911052993,30.857751212519346,30.857751212519346,6921500
2023-01-23,32.5827751159668,32.71123732769111,31.821196969192478,31.88542632493595,5919600
2023-01-24,32.25245666503906,32.78464329594444,32.25245666503906,32.57360346815113,6585800
2023-01-25,32.812164306640625,32.876397157990546,31.98635686366012,32.05976033625884,5329500
2023-01-26,33.05073928833008,33.28013086848209,32.71124072977167,33.032387541889385,5715200
2023-01-27,33.12413787841797,33.31682943744833,32.90392395415073,33.01403091628435,3644200
2023-01-30,32.84886932373047,33.17919371640978,32.793817591775436,32.83969520181706,3918700
2023-01-31,33.29848098754883,33.32600685574574,32.720413253750706,32.92227895449491,11324700
2023-02-01,33.748085021972656,33.995828325588775,32.7846411747349,32.84887053120159,5609300
2023-02-02,34.72988510131836,34.92257669585308,33.81231874725195,34.00501034178667,6805900
2023-02-03,34.53718948364258,34.89503972373842,34.33532380964509,34.33532380964509,4966600
2023-02-06,34.170166015625,34.399557560170656,33.95912271443427,34.27109535502585,3962400
2023-02-07,34.68400573730469,34.784938591208025,33.931601644873204,34.17017084505159,5427500
2023-02-08,34.57389450073242,34.62894973250687,34.124285525167586,34.2986253423347,4917000
2023-02-09,34.188514709472656,34.839989364746884,34.09675949054024,34.70235303611101,3458200
2023-02-10,34.105934143066406,34.19769286366393,33.839842603926805,34.03253066682567,3994500
2023-02-13,34.362857818603516,34.41790955514342,33.86737118831899,33.94995229336641,2689100
2023-02-14,34.124290466308594,34.39038554139266,33.812317774888115,34.33533030164631,3047100
2023-02-15,34.04170608520508,34.3169787572438,33.69303343436756,33.8306662701495,2656800
2023-02-16,33.637977600097656,33.940776133845944,33.35353081084054,33.647151722224564,3508900
2023-02-17,33.90407180786133,33.99582702781463,33.417759341444466,33.56457329374939,3003300
2023-02-21,33.08743667602539,33.6196232236571,32.88557100266315,33.51869038697598,4290800
2023-02-22,32.96815490722656,33.215898209229614,32.738763349842706,33.18836884218213,3799600
2023-02-23,33.07826614379883,33.399416465726446,32.67453821078341,33.17002487873722,4656900
2023-02-24,33.316829681396484,33.35352966888493,32.58277392783162,32.729584378497144,3728300
2023-02-27,33.09661865234375,33.74808993432651,33.0048634155319,33.69303819233456,4663100
2023-02-28,33.307655334472656,33.61045388762779,33.20672248342095,33.390236439857006,5627400
2023-03-01,33.20672607421875,33.436117669509606,32.977334478927894,33.21590369816364,3807600
2023-03-02,32.6837043762207,32.995676998575426,32.23409893532644,32.98650287743425,4992500
2023-03-03,33.24342346191406,33.28930107249583,32.702059256479615,32.87639907702259,4431900
2023-03-06,33.17919158935547,33.647148782159796,33.17919158935547,33.344353775106896,4273000
2023-03-07,31.463342666625977,33.34435248697715,31.371583955732675,33.34435248697715,5971500
2023-03-08,30.912805557250977,31.646861353993895,30.793524465482083,31.509225017045235,6381500
2023-03-09,29.077672958374023,30.63753442632682,29.013443605297898,30.610008560790543,6313800
2023-03-10,27.866485595703125,28.930862222165654,27.068202250796933,28.196808229700004,16480000
2023-03-13,24.086111068725586,25.5266896221504,20.287387825924505,24.508190651206366,48287400
2023-03-14,24.20539665222168,27.159961066449362,22.87492665368422,26.747055558212974,41568400
2023-03-15,23.315359115600586,23.462169580899925,22.315211726924613,22.920805333814073,37870100
2023-03-16,24.278804779052734,24.66418271602749,21.865606048792937,23.15019858866914,37607400
2023-03-17,22.893278121948242,23.80166847897535,22.627183075384206,23.691559761402964,29977200
2023-03-20,24.049409866333008,24.9853278338822,23.489695660347405,23.572276760432256,22426200
2023-03-21,25.13213539123535,25.334001057104537,24.205393402806166,25.1046095277939,16433000
2023-03-22,23.76496696472168,25.16884404231506,23.709913476419636,25.10461468094287,10570600
2023-03-23,23.251129150390625,24.27880238072771,23.030913458175537,24.17787128228668,10006700
2023-03-24,23.37958526611328,23.526395711260104,22.673058905020106,22.8841004512724,11000000
2023-03-27,24.09528923034668,24.8385173810777,23.774140702214932,24.324680786138114,9563400
2023-03-28,24.16869354248047,24.32467986451331,23.801667417143964,23.948477867278566,5926400
2023-03-29,24.80181884765625,24.856872338128202,24.3430356767792,24.544899641922296,7051100
2023-03-30,24.448827743530273,25.433468497768416,24.374515267205684,25.27555426411001,7973300
2023-03-31,24.746076583862305,24.86683546003606,24.40238206005817,24.708921233173616,7367200
2023-04-03,24.52313995361328,25.108352248596482,24.28162396524314,25.024750492170313,8099900
2023-04-04,23.789306640625,24.70892427311186,23.4456103027868,24.64390107259501,9332300
2023-04-05,23.937931060791016,24.030822104452366,23.204093764790578,23.32485265307512,7879200
2023-04-06,24.225887298583984,24.79252096735987,24.160864111363598,24.60673891380251,8396400
2023-04-10,24.420963287353516,24.57887575970641,23.947220555046904,24.15157943551769,7407700
2023-04-11,24.643901824951172,24.829682150421114,24.365228679122183,24.541721494305605,5048200
2023-04-12,24.51385498046875,24.931863836055353,24.365230003315624,24.773949576361467,4466800
2023-04-13,24.68105697631836,24.84826050807691,24.17015887083335,24.801815870032588,5105500
2023-04-14,24.560300827026367,25.219823926471847,24.411675853299233,25.17337928658816,5790800
2023-04-17,25.37773323059082,25.405601072132875,24.07726407836308,24.458115720692295,8611000
2023-04-18,25.238399505615234,25.517070855451557,24.88541567770594,25.517070855451557,6875600
2023-04-19,26.027973175048828,26.16730886325692,25.089776942548564,25.303425115917594,7984200
2023-04-20,25.860767364501953,26.17659584157735,25.544938887426557,25.582096012611544,10302600
2023-04-21,25.5263614654541,25.99081492052459,25.3405811464755,25.99081492052459,8428600
2023-04-24,25.136220932006836,25.5542297575818,25.071197730639476,25.479917274340625,5078700
2023-04-25,23.835750579833984,24.801814592800408,23.714993464087822,24.625321788172062,9259100
2023-04-26,23.761436462402344,24.300202348893514,23.547788318323757,23.863616779896084,6691000
2023-04-27,24.00295639038086,24.35594026152641,23.882197491377507,23.910065338474308,5741400
2023-04-28,24.337360382080078,24.513851409395535,23.687124872946562,23.80788198488604,6456700
2023-05-01,23.984376907348633,24.588166063999473,23.84504122069834,24.290916126679022,7371400
2023-05-02,22.767507553100586,23.882194731935527,22.238030921685333,23.826460815931092,12006600
2023-05-03,22.256608963012695,23.38987653985431,22.16371968836938,22.869689160504503,8887800
2023-05-04,21.587793350219727,22.005802109834733,20.863245424136743,21.522770159112742,18801200
2023-05-05,23.148361206054688,23.250541537254875,22.25660961501076,22.77679878134863,12577900
2023-05-08,22.67461585998535,23.80788156882114,22.516701626055436,23.742858373393975,9239100
2023-05-09,22.916133880615234,23.046180282985166,22.200875124081897,22.39594649938615,5738700
2023-05-10,22.516706466674805,23.306277806065644,22.228745779985054,23.306277806065644,7405200
2023-05-11,21.977937698364258,22.135851946445463,21.494905672263002,22.09869659076425,11100700
2023-05-12,21.94078254699707,22.24732176415635,21.624954047893645,22.173009280352566,8802700
2023-05-15,22.498125076293945,22.563150049286303,21.950069849032403,22.070828741411717,5536100
2023-05-16,22.089406967163086,22.646749696004164,22.07082840373523,22.48883545036604,5322000
2023-05-17,23.473478317260742,23.54779080006561,22.65603923465784,22.68390708011567,8862700
2023-05-18,23.380586624145508,23.519922304082154,22.999734938835672,23.473477668019704,6754500
2023-05-19,23.31556510925293,23.58494720702378,22.739642013028206,23.417743670321464,7801400
2023-05-22,23.640682220458984,23.7985964703859,23.21338410875995,23.529212608613776,7438100
2023-05-23,24.077266693115234,24.56958798332885,23.696415009426143,23.872907814861104,6241100
2023-05-24,23.547788619995117,23.85432780465426,23.2040923114989,23.696413571845053,6580900
2023-05-25,23.269113540649414,23.612809820109575,22.97186366206173,23.287692100998402,5896900
2023-05-26,23.464187622070312,23.547789381658685,22.925421711250376,23.269116259114362,5100900
2023-05-30,23.640682220458984,23.649969730675828,22.92542345480477,23.594235810627907,5067100
2023-05-31,22.544570922851562,23.371297498161756,22.507413796354818,23.315563580165946,9193400
2023-06-01,23.027605056762695,23.30627644414588,22.312346251596527,22.72106405019193,6965600
2023-06-02,24.105134963989258,24.26304920917134,23.324853019765953,23.640681510130115,6775100
2023-06-05,23.677837371826172,24.309494366071725,23.45489992181292,24.290915802299946,4557700
2023-06-06,24.876127243041992,25.01546292270191,23.547790102002228,23.677836500118246,6517400
2023-06-07,25.191957473754883,25.331293163067528,24.578877251630296,25.071198577067683,5193200
2023-06-08,25.0526180267334,25.210532267902803,24.625321710480467,25.154798350945743,4532400
2023-06-09,24.53243064880371,25.043328725972955,24.50456280447203,24.94115017358867,4778700
2023-06-12,24.077266693115234,25.136219982226432,23.622102528992887,24.42096302246234,8789800
2023-06-13,24.746076583862305,24.922569371943656,23.928639379470827,24.15157679885032,5985200
2023-06-14,24.105134963989258,25.043329381645325,23.89148502868457,24.48598665441381,9039800
2023-06-15,24.857547760009766,25.043328068764414,23.872906985537373,23.9750855352402,6201600
2023-06-16,24.653188705444336,24.950438614639726,24.46740662632261,24.80181366004203,11161400
2023-06-20,24.792526245117188,24.857549446179515,24.133001409164986,24.44882990439573,5087800
2023-06-21,24.61603546142578,24.978308623898247,24.448831918207876,24.978308623898247,4742900
2023-06-22,23.81717300415039,24.66247816466123,23.798596212168892,24.66247816466123,5574900
2023-06-23,23.724285125732422,23.82646368876903,23.427033403786538,23.557081585809566,4679100
2023-06-26,24.114423751831055,24.253761212772215,23.88219701259501,23.900775576953755,5419600
2023-06-27,24.318782806396484,24.47669704949319,23.74285975164695,24.095845364098075,3801700
2023-06-28,24.458118438720703,24.504563074703082,23.863618593749674,24.179447079327858,4977600
2023-06-29,24.69329071044922,25.041349311832093,24.571000917347348,24.984906212643477,4620300
2023-06-30,24.655664443969727,25.01313026430811,24.60863031751111,24.984908711890792,3911400
2023-07-03,25.17304801940918,25.295337820921535,24.77795526910001,24.82498939408856,2272700
2023-07-05,24.966094970703125,25.220081753637647,24.65566329133581,24.928466235905816,3435000
2023-07-06,24.759140014648438,24.806175932189234,24.053617399667637,24.759140014648438,5113200
2023-07-07,25.069570541381836,25.408221979480683,24.749733470785557,24.749733470785557,5960400
2023-07-10,25.0883846282959,25.22948879451336,24.824988868916297,25.04135050430235,5470900
2023-07-11,25.455257415771484,25.558734648131196,25.078979017513802,25.285931687996296,4963400
2023-07-12,25.57754898071289,26.292478833517762,25.34237475785222,25.86916451467378,6974500
2023-07-13,25.793909072875977,26.09493179383432,25.568142032157223,25.75628033563771,5554600
2023-07-14,25.380001068115234,26.076116535129334,25.22948971277364,26.057303961389298,5170800
2023-07-17,25.690431594848633,25.765687274370947,25.220083149274945,25.361187324099664,4547200
2023-07-18,26.273664474487305,26.311291417155292,25.530513068747545,25.63399030099914,5588200
2023-07-19,26.80986213684082,26.903932187396432,26.151373577188537,26.339513678299756,8086300
2023-07-20,27.524789810180664,27.70352271253368,26.828674362460873,27.468348502051175,8613900
2023-07-21,26.555871963500977,27.60945323760608,26.546464779579686,27.58123168584221,6325100
2023-07-24,26.960371017456055,27.16732367423209,26.668755502399637,26.76282554429304,4800400
2023-07-25,26.367734909057617,27.251988708442983,26.33010617160107,27.0074072976863,5008800
2023-07-26,26.83808135986328,27.13910406011312,26.706382582826357,26.75341850113841,4609800
2023-07-27,26.875709533691406,27.29902384674305,26.800453855175213,26.866302349597266,4462400
2023-07-28,27.139108657836914,27.29902721871656,26.903934409145496,27.214364345648683,3366900
2023-07-31,27.374279022216797,27.402498779743723,27.035627577998696,27.251987425477207,4394800
2023-08-01,27.101478576660156,27.40250131302183,26.66875884169951,27.289618684004722,4257400
2023-08-02,26.687570571899414,26.819267557473648,26.217222144292165,26.725197513104824,4676900
2023-08-03,26.791046142578125,27.02622035758159,26.273663587265244,26.50883780226871,4886600
2023-08-04,26.781639099121094,27.148512096531576,26.631127744268497,26.80045346703689,2980000
2023-08-07,26.885114669799805,27.101474504772934,26.74401050761023,26.93214879245074,3204100
2023-08-08,26.386547088623047,26.41476864129307,25.577548982022044,25.624583108901813,4545200
2023-08-09,25.869165420532227,26.358328251828258,25.840943866875417,26.189002518361402,3203800
2023-08-10,26.06671142578125,26.27366590152504,25.803317430088466,26.076118610518424,3671200
2023-08-11,26.141965866088867,26.32069697261628,25.822128799136795,25.878570106764567,3541100
2023-08-14,25.201269149780273,25.869163043487546,24.984907513432933,25.869163043487546,5567900
2023-08-15,24.3264217376709,24.84380430071602,24.251166059514574,24.74973425446139,6929100
2023-08-16,24.213537216186523,24.32642163004001,23.96895581470138,24.288792894009884,4463000
2023-08-17,24.24176025390625,24.523968614480243,24.15709738688665,24.260574623074383,4020800
2023-08-18,24.072433471679688,24.298200509155695,23.893700560839005,24.175910703361705,3800800
2023-08-21,24.157094955444336,24.269977570617353,23.893699196312593,24.194721895756402,3475400
2023-08-22,23.404537200927734,24.251165814426273,23.291654581952518,24.091247275680647,7320100
2023-08-23,23.92192268371582,23.92192268371582,23.22580718634191,23.404538307207034,3874700
2023-08-24,24.19472312927246,24.401677591368824,23.7996303675503,23.827851919900777,4813700
2023-08-25,23.91251564025879,24.458119778942645,23.762004277465792,24.307608416149648,3358100
2023-08-28,24.269977569580078,24.42989610293237,24.063024912280508,24.128873403501427,2213300
2023-08-29,24.881433486938477,24.890838876920846,24.128874897526945,24.251166498140897,4381300
2023-08-30,24.82499122619629,24.928468461892056,24.618038549041746,24.71210860019817,7771900
2023-08-31,24.975502014160156,25.06957206314636,24.843805022121643,24.92846788678553,5662500
2023-09-01,25.445852279663086,25.577551075331364,25.173051091807444,25.182458276800684,5152200
2023-09-05,25.464664459228516,25.652804554435708,25.23889742152204,25.30474591657348,5116300
2023-09-06,25.022537231445312,25.455256932670064,24.76854864460284,25.304745576223464,6317400
2023-09-07,24.542781829833984,25.144827261014655,24.373456103755192,24.890838671896468,8314400
2023-09-08,24.84380531311035,24.900246625468373,24.326422728981697,24.57100414151576,6073600
2023-09-11,24.928468704223633,25.40822435497185,24.777957338605017,25.01313157166373,5069800
2023-09-12,25.8409423828125,25.92560524468368,24.937874248502403,24.99431555833756,7993200
2023-09-13,25.633989334106445,26.70638317612978,25.398815120032076,26.5276520652838,9180300
2023-09-14,25.88797950744629,26.24544354535103,25.699839406925705,25.85975795409711,5508600
2023-09-15,25.812721252441406,26.06670803031251,25.54932549682172,25.69983684453674,7629500
2023-09-18,25.521106719970703,25.822131242353482,25.323561227463898,25.803316873285123,4866300
2023-09-19,25.31415367126465,25.61517639499079,25.201271046985827,25.568142267247442,5554700
2023-09-20,25.220083236694336,25.77509454793406,25.191863478173733,25.53992032433204,4885300
2023-09-21,24.815584182739258,25.417631437020958,24.815584182739258,25.06957278403449,5420700
2023-09-22,24.17591094970703,24.909653380421442,24.15709658116642,24.890839011880832,5692000
2023-09-25,24.373458862304688,24.38286604751119,24.02540198084968,24.175913355679484,3379000
2023-09-26,23.78081703186035,24.429896566999346,23.762002664229318,24.06302536937845,4788200
2023-09-27,23.385726928710938,23.92192390720406,23.24462094974996,23.903109537444323,5211900
2023-09-28,23.881872177124023,24.101321618506404,23.395265707194582,23.40480722462752,4934500
2023-09-29,24.16811180114746,24.502057650941484,24.0249926711953,24.120406031116232,4031400
2023-10-02,23.376182556152344,24.19673485272298,23.242604952471865,24.19673485272298,5098000
2023-10-03,22.84187126159668,23.252147426766328,22.69875213464082,23.194898320097234,4802700
2023-10-04,22.918201446533203,22.975448733000572,22.498383766102837,22.908659928812238,3491500
2023-10-05,23.19489860534668,23.252147712719818,22.68921089589317,22.803705470922527,3979500
2023-10-06,23.061321258544922,23.242606460918395,22.479301399263942,22.956366380351046,6454200
2023-10-09,23.223520278930664,23.318933626194593,22.765538395893675,22.88957447343602,3596900
2023-10-10,23.843708038330078,24.082240533895433,23.471597927602847,23.471597927602847,5157600
2023-10-11,23.843708038330078,24.28260877649676,23.69104738675693,23.910496845911013,3358300
2023-10-12,23.376182556152344,23.929577825503657,23.194897365544293,23.900953273347113,5517700
2023-10-13,23.156734466552734,23.757835538034442,23.061321106990654,23.62425792656261,5178900
2023-10-16,23.557470321655273,23.662423384650864,23.11856957324038,23.509762729513135,4784100
2023-10-17,24.149030685424805,24.311232864230508,23.34756131013293,23.34756131013293,5028000
2023-10-18,23.5097599029541,24.03453243427332,23.43342958456237,23.881871797489854,5349700
2023-10-19,23.776918411254883,24.416185550131427,23.385725277599224,23.614716247066553,9930100
2023-10-20,22.22168731689453,23.83416561541064,22.15489669199036,23.757835292521467,11659400
2023-10-23,21.964073181152344,22.536551548887385,21.935448625815095,22.1644396089374,6052500
2023-10-24,21.925905227661133,22.450677778037225,21.792327620589372,22.116731940499424,6391800
2023-10-25,21.97361183166504,22.049942149410057,21.458380821992417,21.754160575772076,5967700
2023-10-26,22.507925033569336,22.727374479136323,22.02131855436097,22.04040158959073,5424000
2023-10-27,21.84003448486328,22.555631964129926,21.7159983891948,22.555631964129926,4228700
2023-10-30,22.307558059692383,22.364807168605815,21.878200661992707,22.088108601766425,3576000
2023-10-31,22.622421264648438,22.7369176645672,22.10719201466035,22.317099958009784,4335300
2023-11-01,22.56517219543457,22.73691587184207,22.29801698311926,22.56517219543457,4281400
2023-11-02,23.90095329284668,23.929577845026575,22.918200659495604,22.956364909210436,5017800
2023-11-03,25.246280670166016,25.4466489303314,24.473435826347927,24.616554972261103,9012200
2023-11-06,24.921875,25.389398455339748,24.645176442019782,25.236737809508746,5087200
2023-11-07,24.960037231445312,25.074533616481286,24.635632930344737,24.797835080895027,4517200
2023-11-08,24.320770263671875,25.0363676689893,24.215815395203993,25.0363676689893,6622500
2023-11-09,23.681507110595703,24.59747288793355,23.64334285563004,24.444812228353676,4971800
2023-11-10,23.910493850708008,23.95820143575999,23.50975923556281,23.74829170124785,3917900
2023-11-13,23.958202362060547,24.015449646478,23.56700924880097,23.71966988715308,3413800
2023-11-14,25.456186294555664,25.818754859683185,24.759671896896407,24.778753112007468,5776500
2023-11-15,26.057289123535156,26.1622440032037,25.408480448963253,25.408480448963253,5320100
2023-11-16,25.88554573059082,26.181327336676347,25.666096270482353,26.057289419322153,3411200
2023-11-17,26.295820236206055,26.372150557448776,25.86646286166265,26.190867181908818,4667700
2023-11-20,26.400775909423828,26.46756471505038,25.990499737879627,26.238573744391434,3803200
2023-11-21,26.104995727539062,26.372150945894415,26.00958236961568,26.12407694323699,3425400
2023-11-22,25.942792892456055,26.286278424273515,25.79967376921058,26.229031138947004,2256600
2023-11-24,26.000041961669922,26.162244131105872,25.809215237677563,26.019124998040862,1000800
2023-11-27,25.942792892456055,25.942792892456055,25.68517737869917,25.847379537006276,2735700
2023-11-28,26.171785354614258,26.20994960706792,25.65655429755116,25.90462830800467,3930200
2023-11-29,27.106828689575195,27.249947802029965,26.381689790631683,26.410314341065934,5331300
2023-11-30,27.62206268310547,27.822429098367337,26.992337063913247,27.211786514873896,7949000
2023-12-01,29.177295684814453,29.244084494455674,27.45032087320834,27.62206456649067,8986500
2023-12-04,29.253623962402344,29.415826125815027,28.71931170286698,28.910136599914672,6002800
2023-12-05,28.728851318359375,29.18683322477778,28.642979483423634,29.12958594144006,5290400
2023-12-06,28.871973037719727,29.72114812652197,28.805184231165637,29.09142249349987,5015800
2023-12-07,29.396743774414062,29.463532580928305,28.81472573203389,29.005550633523367,4949100
2023-12-08,29.816560745239258,30.064634749022662,29.31087121985096,29.568486741455853,5397300
2023-12-11,29.473073959350586,29.835644364222322,29.425368189168847,29.67344219780254,5505900
2023-12-12,29.12959098815918,29.587572973923233,29.100966431601936,29.463535048700486,5637000
2023-12-13,30.866100311279297,30.932889112024736,29.072336928948275,29.148667246922823,6495500
2023-12-14,33.52812194824219,33.537665284870045,31.677111371535062,31.715277438613516,13105600
2023-12-15,33.42317581176758,33.72849714869388,32.86023891436268,33.461341888812726,17104200
2023-12-18,33.44225311279297,33.738034699571145,33.127392130483,33.642619523328115,7848700
2023-12-19,33.5090446472168,33.967026611357404,33.3468442939599,33.62354286803978,7580600
2023-12-20,32.44995880126953,33.70941371498481,32.43087940474813,33.70941371498481,7053100
2023-12-21,32.82207107543945,33.11784902456897,32.535829184425694,32.70757286314721,4789800
2023-12-22,32.888858795166016,33.41362951186297,32.764820889130355,33.031976096237884,3450600
2023-12-26,33.356380462646484,33.44225229931799,32.75528124566265,32.98427038364219,2683000
2023-12-27,33.461334228515625,33.556745759568514,33.03197505934442,33.25142449253934,3142000
2023-12-28,33.53843688964844,33.59626310561197,33.345686512844324,33.413148593264616,3929000
2023-12-29,33.23967742919922,33.70227612950778,33.17221167210536,33.490250346546816,4063100
2024-01-02,33.519161224365234,33.82756035429693,32.89272710011981,33.05656252946768,4284400
2024-01-03,32.748165130615234,33.22040339126511,32.58432969260696,33.06620381814822,5225200
2024-01-04,33.172210693359375,33.40351187489295,32.67106487345049,32.757802356974636,6156800
2024-01-05,34.1166877746582,34.299798609280785,32.960189198559895,33.05656254806491,6755100
2024-01-08,34.347984313964844,34.39617098735644,33.63481272439108,33.933572305263525,4698900
2024-01-09,34.02994918823242,34.184148748294675,33.68299925899048,33.76973674130096,4248200
2024-01-10,34.0781364440918,34.11668725386838,33.654084889364555,33.981759419650345,3747900
2024-01-11,33.58662033081055,34.2901596898654,33.0661991428789,34.174507269074105,6155900
2024-01-12,33.11438751220703,33.82755909497141,32.854175066687866,33.490248708043325,5553900
2024-01-16,32.39157485961914,32.71924936705252,32.22773576769879,32.60360062219583,7426100
2024-01-17,32.56505584716797,32.873455008182454,31.842244624213766,32.044630884303025,7262600
2024-01-18,32.03499221801758,32.690337620568215,31.649491462251163,32.690337620568215,9704200
2024-01-19,32.969825744628906,33.06620277253423,32.05426419977068,32.98910115020997,8769500
2024-01-22,33.30713653564453,33.55770943061662,32.9312716785754,32.96018662229292,7660100
2024-01-23,32.863807678222656,33.57698286681251,32.854171815153,33.48060953048742,5993500
2024-01-24,33.44206237792969,33.682999421464615,32.97946369551153,33.3649607593229,5182700
2024-01-25,33.63481521606445,33.89502400693692,33.06620360454264,33.78901478818523,4770800
2024-01-26,33.59626388549805,33.962489242286466,33.54807720928035,33.75046345523931,4424200
2024-01-29,34.241966247558594,34.28051705100407,33.43241775723838,33.46133269802598,4684400
2024-01-30,34.087772369384766,34.434722305180244,34.06849696446195,34.42508644092263,4960100
2024-01-31,32.99873733520508,33.9046592469359,32.91199985711541,33.1240219441289,7499100
2024-02-01,32.5554084777832,33.19148205398903,31.591660412234553,33.05655791303736,6436600
2024-02-02,32.62287521362305,32.83490099481561,31.851877386205935,32.1410011119364,6420400
2024-02-05,32.10245132446289,32.34338835539172,31.803688082604513,32.160273858985114,4925200
2024-02-06,32.25665283203125,32.410852394114265,31.98680084108031,32.16027580797464,5680400
2024-02-07,32.150638580322266,32.401211479427985,31.36036539860993,32.401211479427985,5601300
2024-02-08,32.17955017089844,32.372300536363355,31.7169514996271,32.0157147499181,3268000
2024-02-09,32.43013000488281,32.51686749423003,31.82296757945233,32.21810421394345,4090900
2024-02-12,32.87345504760742,33.32641792431918,32.459042985170704,32.478318392308225,4582300
2024-02-13,31.63021469116211,32.24701293263148,31.1194293367717,32.102452912766324,7362600
2024-02-14,32.29520034790039,32.372301968059226,31.842241196893834,32.03499157088332,7381900
2024-02-15,32.67106246948242,33.02764824155152,32.314473021006044,32.39157463464654,4477200
2024-02-16,32.699974060058594,32.902360283257195,32.1506379248582,32.285562073657275,3847000
2024-02-20,32.574684143066406,32.767434493012615,32.2373737879659,32.42048459839087,3340700
2024-02-21,32.27592468261719,32.53613342789694,31.977161455552853,32.468671356690024,4300600
2024-02-22,32.18919372558594,32.72889040450563,31.98680379458316,32.32411789531586,6993500
2024-02-23,32.30484390258789,32.574692253858,32.02535600939639,32.25665722220509,3223500
2024-02-26,32.063899993896484,32.55540991135066,31.832598830360403,32.1988241407895,3203300
2024-02-27,32.738529205322266,32.748165070195874,32.112091372711255,32.112091372711255,3680900
2024-02-28,32.362667083740234,32.91200327658017,32.34339167811683,32.52650251692758,3445000
2024-02-29,33.09511184692383,33.24931140493389,32.690335709392755,32.690335709392755,5614300
2024-03-01,33.1240234375,33.15293838243838,32.266288157947024,32.84453926341725,4668800
2024-03-04,34.193782806396484,34.54073271731397,33.35532297261742,33.538433791642845,7090300
2024-03-05,35.03224563598633,35.33100890180477,34.10704824535889,34.15523492012764,4939300
2024-03-06,34.73348617553711,35.02260990163071,34.17451045220285,34.97442322668305,5673900
2024-03-07,35.0611572265625,35.31173011722433,34.858767329650604,34.93586894302795,3872100
2024-03-08,35.05152130126953,35.610497026676164,35.041885436807334,35.41774664976327,4369000
2024-03-11,35.388832092285156,35.63940498550791,34.897318492999354,35.12861965908808,5796500
2024-03-12,35.35991668701172,35.687591190120784,35.205717137102,35.34064128372209,6602500
2024-03-13,34.916595458984375,35.591219907489915,34.82985797737069,35.369558271456626,5742400
2024-03-14,34.13595962524414,34.906961129666016,33.86611130454107,34.59856199846032,5019100
2024-03-15,33.96248245239258,34.51181853954622,33.808282913479395,33.827554638987415,24536200
2024-03-18,34.473270416259766,34.473270416259766,33.65408231500507,33.82755726932219,3911800
2024-03-19,34.145599365234375,34.51182471433008,33.98176025784643,34.08777314914316,4609200
2024-03-20,35.2828254699707,35.4755758631695,33.93357639398704,34.07814010798813,5453800
2024-03-21,35.66831588745117,36.00562993136024,35.37919219010574,35.417742996793734,5541000
2024-03-22,35.05152130126953,35.9959941040943,34.974423356348964,35.83215867338331,4398400
2024-03-25,34.93587112426758,35.50448269100161,34.85876950607635,35.061159415624566,3602200
2024-03-26,34.72384262084961,35.17680540109484,34.72384262084961,35.09970378896492,5049400
2024-03-27,35.75544357299805,35.77490434627366,34.8406313052599,35.035272450255526,4595400
2024-03-28,36.21284484863281,36.40748598747006,35.65812001605278,35.75544244170687,5183900
2024-04-01,35.716514587402344,36.037669320917935,35.50240895674458,35.97927957617204,3809400
2024-04-02,35.01580810546875,35.44401565620609,34.93795387463972,35.43428526952911,3491900
2024-04-03,34.87955856323242,35.34669506079038,34.69465152642954,35.02554034292529,3226600
2024-04-04,34.334564208984375,35.492676925736724,34.25670998210648,35.20071336564968,4039700
2024-04-05,34.35403060913086,34.597331114453986,34.052340358511685,34.27617637791243,2888300
2024-04-08,35.200714111328125,35.46347909349024,34.53894017519915,34.59732991847676,3783900
2024-04-09,35.41482162475586,35.482945470525756,35.00607855013648,35.317502905790626,2842700
2024-04-10,33.857696533203125,34.72384566963513,33.67278578780474,34.72384566963513,5251100
2024-04-11,33.92582321166992,34.110730260072984,33.020745030723944,33.955018084451694,5190100
2024-04-12,33.60466003417969,33.760372187897694,33.31270021001724,33.526805813555974,3340000
2024-04-15,33.69225311279297,34.50001257665075,33.42948812018156,34.10099989434553,5686900
2024-04-16,33.176456451416016,33.507345281140786,32.91369146494596,33.36136349561153,6124900
2024-04-17,33.18618392944336,33.750642824050125,33.02074138531629,33.59493066561907,5484600
2024-04-18,33.30297088623047,33.73117839448752,33.07913489015491,33.25430782025998,6035700
2024-04-19,35.27857208251953,35.76517307676118,34.03287472525162,35.44401463857563,13812100
2024-04-22,35.57052993774414,35.862489775388745,35.14232242336344,35.57052993774414,5507600
2024-04-23,36.06686782836914,36.15445615777109,35.463479909168576,35.658121053669696,4293000
2024-04-24,36.23230743408203,36.28096678812237,35.551065340105076,35.59972840661616,3634100
2024-04-25,35.83329772949219,36.24204450438576,35.42455466706966,35.96954541696636,2832200
2024-04-26,35.911155700683594,36.19338146247257,35.71651455593629,35.79436878635258,2474500
2024-04-29,36.00847625732422,36.173918825709514,35.7943706159115,35.843033688938924,3509200
2024-04-30,35.48294448852539,35.92088613669112,35.45374961613803,35.745709477424825,3314800
2024-05-01,36.10579299926758,36.66051784663717,35.648390580146796,35.84303172417338,4044200
2024-05-02,35.90141677856445,36.49507051967987,35.726240143072346,36.4658756512547,5324700
2024-05-03,36.553466796875,36.757838316603,36.28096772476682,36.397754632443544,4006900
2024-05-06,36.98167419433594,37.0692625185582,36.641054995955386,36.86489099952987,3115500
2024-05-07,37.010868072509766,37.254168554106535,36.91354936485935,37.215243298528804,4592800
2024-05-08,37.44881057739258,37.4780054478917,36.563196951701464,36.563196951701464,3048400
2024-05-09,37.6142578125,37.67264755500893,37.15685169633517,37.4196166750381,2625100
2024-05-10,37.74076843261719,37.99380300518913,37.672644596725654,37.74076843261719,3048700
2024-05-13,37.17631530761719,38.071659321440436,37.127655952513024,37.95487612669628,3995900
2024-05-14,37.43907928466797,37.692110151964215,37.18604470490099,37.48773863847832,3302300
2024-05-15,37.93540954589844,38.091121701109806,37.64344971893596,37.808892259642136,3578700
2024-05-16,37.56559371948242,37.95487598379169,37.47800539563638,37.81862830502469,2990100
2024-05-17,37.526668548583984,37.731040067200425,37.39041715703554,37.731040067200425,2762600
2024-05-20,36.748104095458984,37.58505836866231,36.69944474032478,37.468275173846045,2153800
2024-05-21,37.020606994628906,37.156854688081175,36.670253661482384,36.670253661482384,2926800
2024-05-22,36.582664489746094,36.99140756073478,36.456147186238155,36.77730563841881,1828800
2024-05-23,35.83329772949219,36.65078756680829,35.61919209919217,36.65078756680829,2549200
2024-05-24,36.251773834228516,36.251773834228516,35.94034949694557,35.998742952362726,1852100
2024-05-28,35.69704818725586,36.56319733759885,35.60945986236326,36.38802068781365,3331500
2024-05-29,35.288299560546875,35.317498142275156,34.69464951497477,35.01580421422062,2960700
2024-05-30,35.76517105102539,35.83329488936302,35.16178689183324,35.58026402017623,4019700
2024-05-31,36.417213439941406,36.52426624330101,35.86248865205133,36.222576029255556,6721100
2024-06-03,35.862491607666016,36.77730384815475,35.29803638771022,36.77730384815475,2991000
2024-06-04,35.200714111328125,36.0376684147028,35.18125333854956,35.36616037971359,2736700
2024-06-05,35.405086517333984,35.53160009262667,35.12285707250446,35.48294073963174,2147400
2024-06-06,35.1423225402832,35.638653894683266,35.122858056046034,35.38562302454164,3172300
2024-06-07,35.16178894042969,35.30776701145639,34.69465243069647,34.75304217411877,3722800
2024-06-10,34.66545486450195,35.07420164281615,34.19831834105078,34.79197216641719,6920200
2024-06-11,34.334564208984375,34.66545302627492,33.847963225467154,34.18858614141174,6747600
2024-06-12,35.08393096923828,35.7651731041933,34.87955944249307,35.08393096923828,6101900
2024-06-13,34.655723571777344,34.92821894188208,34.31510064667545,34.78224087038497,5479700
2024-06-14,34.27617645263672,34.60706528909637,34.032875946783186,34.1885881220306,5246600
2024-06-17,34.69464874267578,34.73357399666259,34.0620660313903,34.266437536585705,3445200
2024-06-18,35.01580810546875,35.0255422046168,34.57786645558336,34.66545478556044,3356300
2024-06-20,34.95741271972656,35.181252438131715,34.79197016804635,34.889288879332256,3258100
2024-06-21,35.09366226196289,35.15205200066631,34.5486678550834,34.88928703908891,6424400
2024-06-24,35.658119201660156,35.99874211496361,35.06446541237689,35.22991167597476,3493300
2024-06-25,34.94768142700195,35.774901588885704,34.937951041114125,35.56079968711659,3438800
2024-06-26,34.96714782714844,35.06446654124202,34.66545387350479,34.71411323055158,4340900
2024-06-27,34.88928985595703,35.05473612473931,34.402688860964766,34.62652858563566,3677400
2024-06-28,35.86226272583008,36.11778828587961,35.15464771481157,35.17430410390351,8438700
2024-07-01,35.64604568481445,36.196413324294795,35.54776374076109,35.86226221265902,4369500
2024-07-02,36.34383010864258,36.39296920544584,35.459315118965684,35.557593312572195,4228000
2024-07-03,36.14727020263672,36.70746415772269,36.058818328198264,36.45193860327425,2439800
2024-07-05,35.3905143737793,36.18658120467095,35.27257979667141,36.09812933457188,5028400
2024-07-08,35.60673141479492,35.881913348464884,35.27258031716455,35.55759231936424,2840900
2024-07-09,35.587074279785156,35.89174266357624,34.564964620362744,35.50845247856098,8486700
2024-07-10,36.216064453125,36.255377229106244,35.50845323082595,35.626387809697015,4228100
2024-07-11,37.601810455322266,37.76888788988554,36.54039167631672,36.786090919030485,5755200
2024-07-12,37.818023681640625,37.994927420851134,37.208690662733645,37.53301168523785,3626300
2024-07-15,38.486328125,38.849961944047564,38.09320784830282,38.289767986651405,6105700
2024-07-16,39.52809524536133,39.587060664023774,38.4568464004763,38.62392008545044,4003900
2024-07-17,40.294673919677734,40.30450023933443,39.11531686001896,39.11531686001896,5029100
2024-07-18,39.53791809082031,40.6976187108564,39.3020489387531,39.76396092366497,7153100
2024-07-19,40.284847259521484,40.491233712222325,39.32170298210547,40.147252541981544,7149200
2024-07-22,40.157081604003906,40.29467256902212,39.469123029840226,40.284846249694795,6724500
2024-07-23,40.55019760131836,40.87452237113011,39.92120819824746,40.02931645485138,4148100
2024-07-24,40.27501678466797,41.13004904371397,40.23570400862449,40.530546079877915,5007800
2024-07-25,41.11039733886719,41.54282663795302,40.225878603154385,40.520716932034404,4514100
2024-07-26,41.54282760620117,41.582140384054185,41.13988100588994,41.19884642359661,2970100
2024-07-29,41.267642974853516,41.79835044505444,41.18901742426221,41.670589548952464,3363400
2024-07-30,41.532997131347656,41.965430185359395,41.43471893674833,41.532997131347656,4586900
2024-07-31,41.61162185668945,42.17181580269737,41.36592262601677,41.46420081865675,4701500
2024-08-01,40.029319763183594,41.63127985901553,39.78362052298551,41.552654302597155,5610200
2024-08-02,38.8696174621582,39.144803149311535,38.004755122239935,39.00720843119851,7435300
2024-08-05,38.55512237548828,38.74185243894527,37.02195784438984,37.93595927170797,6795400
2024-08-06,38.69271469116211,39.469125177815705,38.329080871099755,38.476501912540805,4597700
2024-08-07,38.34873580932617,39.80327478362934,38.22097116151492,39.27256355340351,3994100
2024-08-08,38.97772216796875,39.21359505700345,38.62391470895289,38.7516793467247,2837300
2024-08-09,38.967899322509766,39.13497299911854,38.7222000928573,38.87944744987197,2903000
2024-08-12,38.25045394897461,39.81310118630036,38.103036661874555,39.37084557592752,4133300
2024-08-13,38.74185562133789,38.80082479051847,37.97527516735539,38.466673663307866,2725900
2024-08-14,39.0268669128418,39.24308344668707,38.69271579193225,38.72220225050302,2905000
2024-08-15,39.30205154418945,40.04897557401462,39.22342598890637,39.73448085102793,3922100
2024-08-16,39.98017883300781,40.009661540777316,39.20376836978064,39.302050310800176,4039300
2024-08-19,40.36347198486328,40.46175018400397,39.990008079797306,40.01949453879789,2935800
2024-08-20,39.94086456298828,40.33398481422006,39.90155178805059,40.29467203928237,3219500
2024-08-21,39.98017883300781,40.19639535417809,39.6656841198907,40.16690889733587,2796000
2024-08-22,40.294673919677734,40.560029539281416,39.90155365010056,39.98017920364509,3305900
2024-08-23,41.39540481567383,41.749212303264045,40.550198872891144,40.569855260987566,4097700
2024-08-26,41.21849822998047,41.71972671919922,41.05142456628917,41.60179214782463,3100800
2024-08-27,40.99245834350586,41.39540492789313,40.854867375530596,41.12022299194261,2651100
2024-08-28,41.474029541015625,41.91628889168419,40.82538374305927,40.82538374305927,2826200
2024-08-29,41.464202880859375,41.74921490239209,40.923665296310624,41.601797606100384,2355000
2024-08-30,41.955596923828125,42.01456608554412,41.39540300928,41.61161951983279,3351700
2024-09-03,41.75904083251953,42.0440490767299,41.41505967712108,41.77869347081883,2919000
2024-09-04,41.37574768066406,41.9162889708761,41.10056575042711,41.73938523027446,3610700
2024-09-05,40.982635498046875,41.73938963513321,40.82538812859212,41.709903175872746,2815900
2024-09-06,39.99000549316406,41.35609636692519,39.901553620029496,41.031771582407536,3184800
2024-09-09,40.88434982299805,41.09074002272,40.04897395185228,40.2455340830256,3701100
2024-09-10,40.26519012451172,40.972801341943935,39.28239322617615,40.90400585898626,5445700
2024-09-11,40.4126091003418,40.491234655052544,38.879448274210255,39.59688959011821,5072200
2024-09-12,40.46175003051758,40.73693573539898,39.96052521828464,40.50106280965392,3986200
2024-09-13,41.34626770019531,41.58214061957651,40.805730123409774,40.884351930488265,3884400
2024-09-16,41.650936126708984,41.74921432287259,41.18902035677973,41.365924109132514,3036900
2024-09-17,41.77869415283203,42.27009259793229,41.591964093360076,41.90645879829843,2795300
2024-09-18,41.886802673339844,42.62390034561366,41.47402977642137,41.55265157861281,3965700
2024-09-19,42.88925552368164,43.09564197005321,42.063705989122774,42.55510443233466,3564900
2024-09-20,42.49613952636719,42.918738743432506,42.30940571630882,42.918738743432506,9004800
2024-09-23,42.10301971435547,42.88925649142035,42.10301971435547,42.65338733283723,4121300
2024-09-24,42.08336639404297,42.50596939547293,41.76887166029132,42.21113105121488,2915300
2024-09-25,41.37574768066406,42.08336264307065,41.32660858584641,42.08336264307065,3813500
2024-09-26,42.17181396484375,42.40768686560216,41.552650880791425,41.867145582420925,5199700
2024-09-27,42.201297760009766,42.702526281147065,42.04405040513923,42.54527892627653,4417400
2024-09-30,42.46895980834961,42.59783492779788,42.05259549230826,42.30043022420067,3439800
2024-10-01,41.4974479675293,42.37973900490534,41.11082639219893,42.37973900490534,3160800
2024-10-02,41.61640930175781,42.191387716720776,41.338835601655994,41.53710415101074,3152600
2024-10-03,41.37849044799805,41.69571861721676,41.021607812212466,41.3983138996234,3277400
2024-10-04,41.73537063598633,42.44913593036939,41.3983152227119,42.09225328317786,3368900
2024-10-07,41.79484939575195,42.13190478530068,41.43796677368179,41.53710293628902,3222300
2024-10-08,41.62632369995117,42.062511471582404,41.58666923480526,41.7948495043344,2917400
2024-10-09,42.260780334472656,42.587920220249565,41.47762165939338,41.66597469777051,3901200
2024-10-10,42.30043029785156,42.55818053719687,42.03277211480068,42.03277211480068,2938500
2024-10-11,43.46030044555664,43.559432829550104,42.57800937037744,42.62757556237417,4266200
2024-10-14,43.93614196777344,44.045189857354366,43.1034170983876,43.36116734315306,2856000
2024-10-15,44.26328659057617,45.17531662916932,43.82709502285069,44.31285278282005,5339800
2024-10-16,44.59042739868164,45.026615193689594,44.441728818902135,44.58051567269293,3661600
2024-10-17,44.977046966552734,45.17531551228445,44.511120232989875,44.80852116075846,6449900
2024-10-18,44.283111572265625,45.31410504585777,43.13315847684614,45.31410504585777,8966600
2024-10-21,42.99436950683594,44.47146621671642,42.94480331531683,44.32276386050111,4352900
2024-10-22,43.2818603515625,43.539606826220535,42.77627912826252,43.35125377864959,4651700
2024-10-23,43.49003982543945,43.757701802802636,43.123245463123126,43.14307269644537,6210400
2024-10-24,43.67839813232422,43.807269480801764,43.271949289580554,43.49004130020467,2847400
2024-10-25,42.845672607421875,44.14432427162274,42.79610263230672,44.14432427162274,6405800
2024-10-28,43.668479919433594,43.80726676714033,43.10341702139447,43.33142452572096,4101000
2024-10-29,43.62882614135742,43.89648811543422,43.49003929146383,43.64865337443622,5488300
2024-10-30,43.69822311401367,44.45163905868445,43.3710794424519,43.3710794424519,2998200
2024-10-31,43.30168533325195,44.174064661965836,43.27194637509217,43.75770033943909,4652900
2024-11-01,42.766361236572266,43.737872943292665,42.68705608788996,43.281857938810056,5777900
2024-11-04,42.459049224853516,42.81592807178348,42.23103793752165,42.75645015479082,4038300
2024-11-05,42.786190032958984,43.073679243462976,42.48878909662916,42.54826701490028,3604000
2024-11-06,46.46405792236328,46.49380066392363,44.67964847672757,45.05635835600719,11671000
2024-11-07,45.53219985961914,46.27570409797784,45.314104072903326,46.017953844284946,4608500
2024-11-08,45.85934066772461,46.3153594836906,45.50246180282601,45.57185523058337,3674700
2024-11-11,46.79119873046875,47.16790858658238,46.3649226836802,46.592930186111154,2731900
2024-11-12,46.76145553588867,47.00929026851049,46.48388184548276,46.63258419771902,2846100
2024-11-13,46.79119873046875,47.683401507591,46.721805307192284,47.088599656176164,2469200
2024-11-14,46.850677490234375,47.21747562748097,46.51362209325465,46.90024746345982,2990500
2024-11-15,46.5830192565918,47.34634692567571,46.32526901002543,47.09851218640852,3522700
2024-11-18,46.41448974609375,46.87050475952035,46.265787389618204,46.67223999309697,4703500
2024-11-19,46.03778076171875,46.4144906320986,45.680901906349405,45.680901906349405,2891700
2024-11-20,45.90890884399414,46.305442161115465,45.750294760814,46.05760741979287,3334400
2024-11-21,46.711891174316406,47.14808274106736,45.839515604130604,45.839515604130604,3512600
2024-11-22,47.485137939453125,47.65366374831894,46.612758591328436,46.62267031704958,3842700
2024-11-25,48.02045822143555,48.6450028297875,47.941153070502466,47.990719262542896,6146300
2024-11-26,47.83210372924805,48.22864081686872,47.673489650531366,47.98080608252028,5109800
2024-11-27,47.74288558959961,48.45665087226808,47.64375320329927,48.23855508441757,2931900
2024-11-29,47.64375305175781,48.0799408444133,47.21747698503758,48.030374651420786,2029800
2024-12-02,47.15799331665039,47.77262240375828,47.11833885124783,47.574357640061386,3078300
2024-12-03,46.64249801635742,47.34634778099347,46.48388393162735,47.20756092956192,2905600
2024-12-04,46.45414352416992,46.87050406548337,46.17656982996096,46.72180549286769,2848800
2024-12-05,46.910160064697266,47.44548401959665,46.57310466142633,46.82093940554737,3846400
2024-12-06,46.80111312866211,47.27695539330001,46.464057718503,47.06877511158183,3197200
2024-12-09,46.12700271606445,46.87050697019397,46.008043094268025,46.7812863084321,3899100
2024-12-10,45.98821258544922,46.59292994081011,45.740377851721504,46.345095207082394,4249100
2024-12-11,45.423152923583984,46.414491928955364,45.026615808772156,46.19639613764304,7098500
2024-12-12,45.13566207885742,45.740379455420246,45.12575035309029,45.472717479810896,4016400
2024-12-13,45.15549087524414,45.20505706911182,44.63008241326202,45.105924681376464,4202500
2024-12-16,45.214969635009766,45.50245883505854,44.9373959420843,45.3537564814725,3903900
2024-12-17,44.659820556640625,45.1852327906737,44.32276515018206,45.02661492254438,5263900
2024-12-18,42.221126556396484,44.84817631920281,42.13190589852153,44.758955661327846,5067700
2024-12-19,41.89398193359375,43.17281007358174,41.74528336161293,42.776276766641594,5549600
2024-12-20,42.55818176269531,42.75645031059534,41.556927297546274,41.705629653885794,11112500
2024-12-23,42.51852798461914,42.657314835896955,42.1021674307857,42.260781515340064,4856800
2024-12-24,42.66722869873047,42.677140424157656,42.27069161180027,42.548265303656656,1882000
2024-12-26,42.87541198730469,42.97454437519009,42.330176290618574,42.508617614138856,3621700
2024-12-27,42.5284423828125,43.14307147172199,42.29051937135768,42.56809306667332,2640800
2024-12-30,42.35000228881836,42.57800979962843,41.83450556720765,42.320259547994034,4104000
