Price,Close,High,Low,Open,Volume
Ticker,HST,HST,HST,HST,HST
Date,,,,,
2015-01-02,16.204853057861328,16.27291234067504,16.089152666514863,16.266106282581386,4139800
2015-01-05,16.075542449951172,16.157212553885213,15.987064989545912,16.11637750191819,6250600
2015-01-06,16.007478713989258,16.354579804510742,15.878166237570067,16.164014118109964,10223500
2015-01-07,16.095956802368164,16.198045065335545,15.837333116309285,15.95983955111922,6558100
2015-01-08,16.266109466552734,16.43625705783074,16.095961875274728,16.177633290262335,8246100
2015-01-09,16.15721321105957,16.368195835947347,16.0755431038037,16.334166840944558,5191500
2015-01-12,16.19123649597168,16.252488400839837,16.129983292981134,16.19123649597168,4983500
2015-01-13,16.164020538330078,16.361392359581384,16.07554436550494,16.26610882947387,6467500
2015-01-14,16.143598556518555,16.143598556518555,15.837333755260277,15.898586975136482,7191000
2015-01-15,16.170825958251953,16.266108186469882,16.03470737669234,16.109572726362426,5099300
2015-01-16,16.143598556518555,16.157210671629432,15.898586975136482,15.993869184667135,7067300
2015-01-20,16.12318229675293,16.300135905573356,16.041510901096274,16.232076625546608,6981400
2015-01-21,16.068742752075195,16.18444319354841,16.000683439775056,16.11638388124827,6111100
2015-01-22,16.409029006958008,16.43625193805873,16.048315758483852,16.109568976113852,8730600
2015-01-23,16.422645568847656,16.463481926969234,16.245693209480088,16.409034747596948,7158100
2015-01-26,16.42945098876953,16.449869167035235,16.25930339759131,16.40903410862693,5503900
2015-01-27,16.320558547973633,16.42945291524653,16.272917424557146,16.306946427533706,5641000
2015-01-28,15.993873596191406,16.443063133766508,15.993873596191406,16.443063133766508,7031400
2015-01-29,16.089147567749023,16.143594717120735,15.91219400776035,16.04831253025085,6827800
2015-01-30,15.578713417053223,16.02109820352439,15.571907357463482,15.959844965339864,9157600
2015-02-02,15.63996696472168,15.673997263343772,15.286059647790875,15.592325844773908,8994900
2015-02-03,15.864558219909668,15.878170336335506,15.558293389065552,15.66038166601359,5540100
2015-02-04,15.701215744018555,15.857751178845122,15.66038069539484,15.803304014639238,4791000
2015-02-05,15.939421653747559,15.939421653747559,15.721633009500854,15.803303102032011,3909700
2015-02-06,15.762473106384277,15.953038880222662,15.714831987455463,15.919008582328415,8601800
2015-02-09,15.612741470336914,15.850948329237958,15.578711177280795,15.728441870481824,5169000
2015-02-10,15.748860359191895,15.782890655729076,15.551489831768555,15.687607123548045,6250600
2015-02-11,15.789693832397461,15.884976049060255,15.660381325410214,15.762469600137896,5097400
2015-02-12,16.129993438720703,16.129993438720703,15.782892169488939,15.891786532605979,5302800
2015-02-13,16.075542449951172,16.164018612233534,15.966646814500953,16.102765385221552,6214000
2015-02-17,16.034706115722656,16.204853680230265,15.966646830295034,16.034706115722656,6563900
2015-02-18,16.021099090576172,16.068740212218998,15.762474004339103,15.987068790743292,8065400
2015-02-19,14.884510040283203,15.408563570912053,14.823256811046088,14.938957210924757,16789900
2015-02-20,14.816446304321289,14.945757484446897,14.72116281071196,14.809640247769012,12469300
2015-02-23,14.707551956176758,14.911728459705769,14.551015252140461,14.816446264475237,11580000
2015-02-24,14.510178565979004,14.741579269409037,14.387672158501646,14.693938177195044,12281200
2015-02-25,14.462538719177246,14.646298346217373,14.408091566512303,14.571433024507133,8105000
2015-02-26,14.374064445495605,14.489764822166473,14.244751954364004,14.428511605215855,8726800
2015-02-27,14.29239559173584,14.387677813614747,14.210724188608982,14.319619825485765,9077800
2015-03-02,14.585047721862793,14.646300941731031,14.29919979518527,14.32642272728074,8138300
2015-03-03,14.52379322052002,14.571434321075643,14.367257804945076,14.50337504965791,5836300
2015-03-04,14.224333763122559,14.489764802251312,14.149469729936788,14.462540573367262,5717800
2015-03-05,14.060993194580078,14.367259298741741,14.060993194580078,14.292393962586054,5889000
2015-03-06,13.80237102508545,13.88404112983935,13.557358114577932,13.65944639458176,13958500
2015-03-09,13.90445613861084,13.931679067954992,13.802367881855691,13.829590811199843,12544900
2015-03-10,13.788756370544434,13.863621701226247,13.693474166493155,13.775144256216345,9406000
2015-03-11,13.877233505249023,13.890845620546056,13.734310188998457,13.781951294415313,8521300
2015-03-12,14.190305709838867,14.210722584724058,13.870427489994697,13.918069893679933,9458000
2015-03-13,14.156272888183594,14.197109226891722,13.999737484170046,14.026961709975465,12818800
2015-03-16,14.312809944152832,14.380867914103797,14.183497464625376,14.203915634484206,7285600
2015-03-17,14.33322811126709,14.394481328256827,14.18349874647145,14.237945906226473,5987900
2015-03-18,14.551015853881836,14.59185219477442,14.14266282993682,14.271974015062192,9239700
2015-03-19,14.448931694030762,14.571438155192729,14.435319576540993,14.48296198775518,8429100
2015-03-20,14.782416343688965,14.816446627191919,14.496568452877069,14.510180566278251,8950900
2015-03-23,14.6463041305542,14.911733942357982,14.632692012481433,14.81645171209468,8366700
2015-03-24,14.394482612609863,14.63949550243017,14.360453621522732,14.591854395659066,9175000
2015-03-25,13.958907127380371,14.333231270948495,13.938488951175158,14.24475510363851,11684600
2015-03-26,13.80237102508545,13.938488299049585,13.645834277748474,13.88404112983935,11244600
2015-03-27,13.774872779846191,13.946714997293062,13.747377395749696,13.836734771959156,6025100
2015-03-30,13.987961769104004,14.029203548958364,13.822993338634022,13.850487421519414,4619300
2015-03-31,13.871100425720215,14.05669028736505,13.871100425720213,13.919216024431453,6448800
2015-04-01,13.926095962524414,13.974211582290291,13.699264247162192,13.864232648239053,6872800
2015-04-02,14.08419132232666,14.146054640152226,13.89172752119686,13.932970607115493,5712300
2015-04-06,13.981086730957031,14.159802843188876,13.946718802511553,14.063570283647156,7167900
2015-04-07,13.747377395629883,13.946714997171512,13.69926178451351,13.939841151147448,6670600
2015-04-08,13.87798023223877,13.91234815721147,13.733632063038366,13.761127451858366,7039700
2015-04-09,13.69239330291748,13.836740192819057,13.561792799397539,13.836740192819057,6875300
2015-04-10,13.699264526367188,13.802369615260075,13.63740121082099,13.747380147113713,6130700
2015-04-13,13.905473709106445,14.015452637529306,13.768000704103988,13.829864015223379,7627500
2015-04-14,13.719884872436523,14.001707373981139,13.699264641116626,13.90547482062968,6558800
2015-04-15,13.699264526367188,13.795495767860237,13.623653516021315,13.747380147113713,7391800
2015-04-16,13.91235065460205,13.946719896796635,13.630529423869127,13.713014294083596,9526900
2015-04-17,14.159797668457031,14.242281191003356,13.719880741019479,13.857355026665955,18798500
2015-04-20,14.159797668457031,14.22853481128027,14.008575692035517,14.194165584342674,9226700
2015-04-21,14.1254301071167,14.269778255171477,14.09106218717857,14.187293411847017,6521300
2015-04-22,14.173551559448242,14.249161269682492,14.104814386555946,14.17355155944824,6856900
2015-04-23,14.214792251586914,14.29727580390714,14.166676627558044,14.166676627558044,6570000
2015-04-24,14.22166633605957,14.317897585718297,14.049824069639019,14.228540184042687,13343400
2015-04-27,14.180421829223633,14.359137925744411,14.118559825670593,14.24915899112429,6701600
2015-04-28,14.022322654724121,14.180417157272402,13.994828585653583,14.15979693323247,5314100
2015-04-29,13.932971000671387,14.201044511452684,13.919223304976851,13.92609715282412,10529000
2015-04-30,13.843611717224121,14.173549844986642,13.733632778320736,13.953590656127504,12303200
2015-05-01,13.967334747314453,14.070439812051015,13.80924022731492,13.877977374156638,5723400
2015-05-04,13.967334747314453,14.11855673257664,13.898597600472733,14.008576510998672,4364000
2015-05-05,13.630529403686523,13.926098330859634,13.568666078880407,13.89172908871594,8316300
2015-05-06,13.369325637817383,13.644272935779636,13.286840792902641,13.616777550457345,9659000
2015-05-07,13.609906196594238,13.678643361436103,13.355580391047425,13.369328086226274,6075400
2015-05-08,13.967334747314453,14.111682886787264,13.7679984636307,13.7679984636307,6212900
2015-05-11,13.843611717224121,14.077317290156905,13.788622247772429,13.946718119616865,6027200
2015-05-12,13.822989463806152,13.884852771772586,13.589283925055662,13.726756923051601,5120100
2015-05-13,13.74050235748291,14.022323464758422,13.706134441396419,13.85735510764973,7071700
2015-05-14,14.022322654724121,14.049818034846545,13.802364857952274,13.802364857952274,5938700
2015-05-15,14.159797668457031,14.235407345615837,14.015449537423036,14.049818764360632,11015800
2015-05-18,14.1254301071167,14.256030562775383,14.063566802386381,14.11855757197076,4871600
2015-05-19,14.16667652130127,14.201044449334852,13.974212715576934,14.11856089763329,5855500
2015-05-20,13.974210739135742,14.214790134501735,13.974210739135742,14.152926823948986,7334600
2015-05-21,13.898597717285156,14.187292687605122,13.857355953254315,14.015450474582572,8328100
2015-05-22,13.809242248535156,13.926095021953882,13.74050509163257,13.89859963477196,5829000
2015-05-26,13.761127471923828,13.864232558044572,13.685516463610876,13.829864633021758,7059100
2015-05-27,13.871100425720215,13.912342180179598,13.71987847428291,13.781741761497855,4858100
2015-05-28,13.809242248535156,13.90547348156744,13.74050509163257,13.90547348156744,3711800
2015-05-29,13.69239330291748,13.864235587687503,13.671771756766146,13.788624562851865,12653600
2015-06-01,13.932971000671387,14.001708168091632,13.685517722379467,13.719885650563379,5978100
2015-06-02,13.905473709106445,13.93984294364624,13.795494780683583,13.891726015290526,4377200
2015-06-03,13.816117286682129,13.99483338561849,13.788621897129303,13.898600833235935,5696100
2015-06-04,13.6580228805542,13.829865133997721,13.644275185626153,13.768001817873866,6451800
2015-06-05,13.45180892944336,13.609903459043215,13.389945624634356,13.54804015423421,6554300
2015-06-08,13.334957122802734,13.51367320384567,13.321209429402769,13.472431434697977,4906100
2015-06-09,13.355578422546387,13.506799114067919,13.321209189665005,13.38307249779931,5959100
2015-06-10,13.444933891296387,13.609902252478012,13.36245036623157,13.36245036623157,8459800
2015-06-11,13.548042297363281,13.63052715384072,13.506800524650721,13.534295913827306,4569400
2015-06-12,13.69239330291748,13.953592998904776,13.6511515216674,13.8092461090032,7373800
2015-06-15,13.548042297363281,13.671768926553282,13.513674371944868,13.575537686539867,7149300
2015-06-16,13.71301555633545,13.71301555633545,13.499930168272602,13.568667347936339,5386900
2015-06-17,13.822989463806152,13.843609692426845,13.63739953990685,13.706136694430906,11051200
2015-06-18,14.104813575744629,14.152929200687565,13.76112904209229,13.871107987976842,10216700
2015-06-19,14.029202461242676,14.104813477657164,13.90547582021986,14.056697853048831,9368500
2015-06-22,14.07044506072998,14.22166710240232,14.063571212376463,14.097940454144048,11016400
2015-06-23,13.946717262268066,14.07044257763931,13.836737019073146,14.029200805848896,5965900
2015-06-24,14.24915599822998,14.352261063898606,13.919219263669563,13.95358718187509,19191700
2015-06-25,13.953590393066406,14.283528514608744,13.953590393066404,14.249159277441654,9759200
2015-06-26,13.981359481811523,14.134086207050089,13.85640173356095,13.967476317415226,8204000
2015-06-29,13.578714370727539,14.057718482355025,13.564831210639152,13.918876288692848,8334000
2015-06-30,13.766156196594238,13.80780834097411,13.453761803500699,13.682850583736695,9626400
2015-07-01,14.161849975585938,14.54366535985919,13.77309367306716,14.328459819522555,9121100
2015-07-02,14.238215446472168,14.453419694893553,14.203504229567082,14.252099933234202,7556800
2015-07-06,14.272923469543457,14.41176567078056,14.071603734256756,14.16185023819272,6887100
2015-07-07,14.536725044250488,14.613087071948483,14.300694069698471,14.335403961915967,8606200
2015-07-08,14.335407257080078,14.529786140831899,14.314581846601618,14.453422771483359,5467000
2015-07-09,14.272923469543457,14.515896659659708,14.259040308697637,14.46036004398434,4669500
2015-07-10,14.335407257080078,14.481191750918398,14.293755112025337,14.397886136711099,5088500
2015-07-13,14.41176700592041,14.578376868381646,14.314578250509062,14.488130356085033,4552500
2015-07-14,14.515901565551758,14.571438199996663,14.328464927763525,14.488133910378211,3654800
2015-07-15,14.64085578918457,14.682507923937292,14.46036143979279,14.508955817687212,4414200
2015-07-16,14.779699325561523,14.856061358754266,14.654741586030985,14.717220455796253,5339600
2015-07-17,14.717223167419434,14.828296439889948,14.647802041100901,14.77970204869633,3375900
2015-07-20,14.668624877929688,14.751930479712192,14.613088251440558,14.703336097046407,2717900
2015-07-21,14.529784202575684,14.689451840734229,14.49507298291232,14.63391521337049,4279100
2015-07-22,14.508954048156738,14.64085400356741,14.481186403073997,14.550606177829513,4509500
2015-07-23,13.99524211883545,14.460361829070747,13.911937847087424,14.460361829070747,14570200
2015-07-24,13.696733474731445,13.974416611686166,13.509296860750393,13.953591203975588,10741300
2015-07-27,13.682848930358887,13.807806672496936,13.606486895572685,13.66896576664171,10480700
2015-07-28,13.925824165344238,13.995245290263961,13.717562114682897,13.7592142599956,8593200
2015-07-29,14.182680130004883,14.189622374025406,13.835575873564617,13.918880153615591,12468200
2015-07-30,13.57178020477295,13.988305709523374,13.50930131285548,13.960538048725654,11739600
2015-07-31,13.453758239746094,13.502353940097567,13.245496248915273,13.481527211375507,7960600
2015-08-03,13.43293285369873,13.488469472936918,13.349627262792726,13.405163882030914,5851400
2015-08-04,13.321861267089844,13.481528901685717,13.294092291978764,13.391282380769931,5730200
2015-08-05,13.071945190429688,13.425991662339488,13.009466323381043,13.405164931957422,8205100
2015-08-06,13.155251502990723,13.196903641921546,12.808147255672736,13.071945901031452,8145700
2015-08-07,13.169134140014648,13.183018627135642,13.009466510415955,13.099714352604831,6093600
2015-08-10,13.328804969787598,13.370457112915691,13.245499359433659,13.28715150256175,5272800
2015-08-11,13.30103874206543,13.419054275413425,13.210792192610153,13.224675360458482,4274000
2015-08-12,13.280204772949219,13.287147015142283,12.953927334459094,13.120537174800688,6225800
2015-08-13,13.356572151184082,13.425993270006098,13.085831244285703,13.224672157832025,6991500
2015-08-14,13.377398490905762,13.391282979081648,13.280208397772219,13.328804106387825,7830000
2015-08-17,13.606488227844238,13.634255882095083,13.280209352736893,13.3426882299235,6273900
2015-08-18,13.613429069519043,13.648138964780061,13.439876945018689,13.606486825647313,5752700
2015-08-19,13.294092178344727,13.488471030167958,13.231613308976462,13.474586542731098,8215300
2015-08-20,12.99558162689209,13.238554847707778,12.967813977594671,13.169133738317935,10191600
2015-08-21,12.697073936462402,12.9886402315603,12.690131692660412,12.898393710329657,9263600
2015-08-24,12.190302848815918,12.655422671546768,11.947329569938992,12.120881722837103,11332900
2015-08-25,11.801546096801758,12.544349080450688,11.801546096801758,12.537406835619656,10676900
2015-08-26,12.29443359375,12.322202573143754,11.870967250777772,12.106998279233421,11904300
2015-08-27,12.613768577575684,12.704015100542316,12.3638530922871,12.391622068029227,7026900
2015-08-28,12.690132141113281,12.704015305110259,12.495753280081303,12.58599980450114,6671000
2015-08-31,12.308314323425293,12.64847627249707,12.308314323425295,12.627650868411447,8985500
2015-09-01,12.030634880065918,12.245839173440817,11.926503855794051,12.044519369728249,7348700
2015-09-02,12.120877265930176,12.238892739469929,11.988978631577845,12.204182851292442,5190300
2015-09-03,12.190302848815918,12.287492954825394,12.155592947875434,12.190302848815916,5121400
2015-09-04,11.940384864807129,12.100052477087042,11.850137032407229,12.023689130302115,4299100
2015-09-08,12.204187393188477,12.245839539322143,12.086171875728208,12.113940855882554,7718700
2015-09-09,12.030634880065918,12.363854687375017,11.9959249800079,12.329144787316999,5658200
2015-09-10,12.037575721740723,12.197243361952497,11.947327873553089,11.968154605618926,7076500
2015-09-11,12.31525993347168,12.31525993347168,11.954271157512961,12.037576768925655,6256900
2015-09-14,12.273606300354004,12.32220068274018,12.197242942834238,12.32220068274018,5438400
2015-09-15,11.988981246948242,12.23889540935856,11.697413620721498,12.23889540935856,15597100
2015-09-16,12.08616828918457,12.113937261098537,11.843195081327208,11.919558429993154,9248400
2015-09-17,12.093111038208008,12.370794148480218,11.933443415313677,12.079226551670018,8224200
2015-09-18,11.475266456604004,11.905674965415226,11.447497482307758,11.815428447147573,19847700
2015-09-21,11.537745475769043,11.614107507888596,11.461382119551901,11.516918744774117,13870700
2015-09-22,11.13510513305664,11.433613680036595,11.13510513305664,11.433613680036595,10549300
2015-09-23,11.22535228729248,11.280888918233721,11.079568465559506,11.121221269789867,7474400
2015-09-24,11.142045021057129,11.273944996454423,10.989319639716467,11.148987264404095,10789100
2015-09-25,11.280888557434082,11.329482942441246,11.100394181623415,11.24617866074259,11484100
2015-09-28,10.99974250793457,11.21762908149703,10.90837143256489,11.0700286723866,13065900
2015-09-29,10.817002296447754,11.16140311069099,10.79591603984606,10.999745161571516,16052000
2015-09-30,11.112203598022461,11.161403524653773,10.85917387180719,10.922431303361009,20161200
2015-10-01,11.294943809509277,11.421458642817568,10.97865739653712,11.140315313575332,14053800
2015-10-02,11.421460151672363,11.435517655140854,11.027858768437168,11.154373618458957,10778200
2015-10-05,11.702603340148926,11.751803260943376,11.456602395579381,11.498774905343735,8745700
2015-10-06,11.99780559539795,12.061063026775235,11.639347264459136,11.667462274225688,10901600
2015-10-07,12.405461311340332,12.426547564345332,11.990774386422231,12.061060555841722,15994000
2015-10-08,12.54603385925293,12.609291278724909,12.068089507952292,12.3422040985994,9592300
2015-10-09,12.391403198242188,12.609290446756992,12.328147123541079,12.524946779493662,7221800
2015-10-12,12.405461311340332,12.567118562587137,12.377347647930842,12.447632476753157,4271300
2015-10-13,12.215690612792969,12.412491644127439,12.131348271219158,12.405462892230064,9938800
2015-10-14,12.145405769348145,12.314091793014423,12.103233257983565,12.222719358988513,9293600
2015-10-15,12.43358039855957,12.43358039855957,12.117293202601106,12.194608148412646,6630600
2015-10-16,12.34923267364502,12.55306243139238,12.300032757112119,12.461690008747983,8390900
2015-10-19,12.43358039855957,12.496837837751265,12.250836834294416,12.321123026796032,5866500
2015-10-20,12.43358039855957,12.574151442965187,12.321123026796032,12.391407878700031,6226500
2015-10-21,12.032949447631836,12.510892551861913,11.997805685160715,12.496836387470927,10432700
2015-10-22,12.34923267364502,12.363290175682184,12.047003082831857,12.10323175038334,12190900
2015-10-23,11.625288009643555,12.068088570970607,11.569058005058942,12.068088570970607,17735700
2015-10-26,11.456603050231934,11.62529041773388,11.344145698962217,11.611232913675822,15260200
2015-10-27,11.435517311096191,11.646374494390525,11.203573202934878,11.42145980805063,17585200
2015-10-28,11.6393461227417,11.808032143002034,11.301974082221028,11.49877510949008,13460100
2015-10-29,12.117290496826172,12.180547921892565,11.695574776582653,11.85020463367709,15176900
2015-10-30,12.180549621582031,12.229749550033022,11.892377462999802,12.131349693131042,11700100
2015-11-02,12.370321273803711,12.47574987789176,12.089177882703101,12.180548982086762,11583400
2015-11-03,12.307060241699219,12.482774977290703,12.250831579933825,12.300031491403914,13533100
2015-11-04,12.377349853515625,12.468720951624833,12.293006167063156,12.321121176079785,6167700
2015-11-05,12.531977653503418,12.546035157195325,12.321120460514189,12.356262879146614,9049200
2015-11-06,12.28597640991211,12.426548762302696,12.201634070955603,12.412491258944177,13401900
2015-11-09,12.047005653381348,12.243806702102871,11.962663304356028,12.194606775071858,8545800
2015-11-10,12.096203804016113,12.152433815905251,11.962661547571217,12.054032635696528,6187000
2015-11-11,12.054033279418945,12.18054813173125,12.02591961257029,12.110261953713598,6449400
2015-11-12,11.97671890258789,12.138376162980306,11.97671890258789,12.011861318987197,5273500
2015-11-13,11.667461395263672,12.07511962198578,11.646375139527281,11.976719776410656,7733900
2015-11-16,11.737750053405762,11.75180621960206,11.449577867118343,11.632320093048913,7216900
2015-11-17,11.519862174987793,11.871291784627177,11.505806009456371,11.779920675983869,9129700
2015-11-18,11.583117485046387,11.632317406866063,11.386317797767685,11.57608873327253,9480600
2015-11-19,11.414432525634766,11.695575919744499,11.37226135166767,11.632318488495129,6422500
2015-11-20,11.323058128356934,11.512829026252318,11.23168571400262,11.442544203637686,10862900
2015-11-23,11.428487777709961,11.569058776756794,11.37928786101371,11.463630192322373,7911300
2015-11-24,11.414432525634766,11.470661204456713,11.259803994023775,11.337117589530546,7567500
2015-11-25,11.611233711242676,11.68854730767786,11.4214614152157,11.4214614152157,9353400
2015-11-27,11.681520462036133,11.772891567924274,11.590148015550461,11.625291779813232,2923000
2015-11-30,11.667461395263672,11.730718821875495,11.547975293952156,11.702603814226974,11515900
2015-12-01,11.843174934387207,11.885346100858332,11.709631343198572,11.758831260847751,8580800
2015-12-02,11.526890754699707,11.892377864971532,11.519862001740917,11.815062923022383,6696900
2015-12-03,11.238717079162598,11.61123289243545,11.238717079162598,11.533917960854936,10627900
2015-12-04,11.48471736907959,11.50580362390116,11.238716425217099,11.273860183253051,9490600
2015-12-07,11.182487487792969,11.442545928703224,11.13328756830658,11.414430922941136,9570900
2015-12-08,11.245745658874512,11.280888077819554,11.105173972198315,11.147345143051837,6704800
2015-12-09,11.154375076293945,11.407404139108813,11.077060808008534,11.140318241286938,7425600
2015-12-10,11.337114334106445,11.414429248009881,11.1684290163769,11.18248584689664,9242700
2015-12-11,11.112203598022461,11.351175149016498,11.04191741400739,11.189517864200056,10459700
2015-12-14,11.041916847229004,11.1614029517422,10.838087728406265,11.12625986153855,10355000
2015-12-15,11.154375076293945,11.210603756919472,11.02083212738301,11.147346323641068,7227100
2015-12-16,11.259803771972656,11.294946192819296,11.013802804253906,11.245746267395031,8128200
2015-12-17,11.070028305053711,11.252771790326243,11.027856473722158,11.224657459538046,6255200
2015-12-18,10.77482795715332,11.07705752876785,10.739684874591402,10.992714532798376,12106000
2015-12-21,10.683457374572754,11.006772562830156,10.61317187208987,10.873229638903643,14931600
2015-12-22,10.845115661621094,10.999744174363661,10.669400894169287,10.753743902110317,8780900
2015-12-23,11.217630386352539,11.217630386352539,10.831057777496616,10.880257696156939,7589700
2015-12-24,11.210604667663574,11.287918942229961,11.168433488917838,11.245747763484223,2665800
2015-12-28,11.091115951538086,11.22465955038138,10.985687359018554,11.17545895961344,5229500
2015-12-29,11.340275764465332,11.347394065540392,11.162305338426155,11.183661599457933,5793200
2015-12-30,11.219252586364746,11.461292404631726,11.190777353562932,11.318915561719548,4345400
2015-12-31,10.920265197753906,11.205017601267675,10.913146217940241,11.190780320543627,6264400
2016-01-04,10.792123794555664,10.870431196688877,10.60703443539023,10.735173326951395,7723800
2016-01-05,10.955860137939453,10.970097419599178,10.699582279031167,10.827721208485311,8954100
2016-01-06,10.728056907653809,10.83483956905918,10.621274925151724,10.792126368716374,8897400
2016-01-07,10.357877731323242,10.749412759031612,10.343639773015962,10.607035891571682,7847800
2016-01-08,10.329401969909668,10.521609644990466,10.315164012324255,10.36499618497002,6623100
2016-01-11,10.500255584716797,10.564325049451465,10.28669092856901,10.300928889133749,10259600
2016-01-12,10.201265335083008,10.678226157775933,10.1300768891365,10.621275672580062,13354100
2016-01-13,9.581928253173828,10.22262154798812,9.524977768252706,10.208384266209507,13945600
2016-01-14,9.809730529785156,9.880918977833277,9.375482897621014,9.631760088568209,12012000
2016-01-15,9.368362426757812,9.574808078572874,9.154797795489722,9.510738621302123,10937000
2016-01-19,9.126323699951172,9.610403500951888,9.11208641816468,9.45378932788048,10988900
2016-01-20,9.133441925048828,9.25446186529183,8.663600123589307,8.991065724440379,12428500
2016-01-21,9.610403060913086,9.88803717152243,9.104967020923747,9.197511724460195,14843300
2016-01-22,9.823967933654785,10.187027776078233,9.667353764175457,9.788373711649939,19432100
2016-01-25,9.660234451293945,9.916512297779928,9.603283969608903,9.831086575252366,9534200
2016-01-26,9.873798370361328,10.051768782254438,9.674471699133955,9.702946937880721,13113600
2016-01-27,9.645998001098633,10.030414125032662,9.539215329564911,9.831087421967739,7579700
2016-01-28,9.38971996307373,9.838205546053008,9.3327694775116,9.774136080069777,11083800
2016-01-29,9.859563827514648,10.023296326035894,9.446672411613717,9.532098151568727,15907600
2016-02-01,9.759900093078613,9.880920060680955,9.645999106841922,9.767019074444264,6979300
2016-02-02,9.418194770812988,9.631759421257744,9.268700262295297,9.631759421257744,9583400
2016-02-03,9.710066795349121,9.73854203667083,9.24022429518596,9.489383165928395,10255600
2016-02-04,10.108719825744629,10.172789286237977,9.638878020664459,9.674472240816682,13723700
2016-02-05,10.073124885559082,10.350758968217033,9.902273455724911,10.051768626555619,11994700
2016-02-08,9.795492172241211,10.001937834234665,9.546333310326952,9.994818854430651,12926600
2016-02-09,9.859563827514648,10.208385768723465,9.653118119564184,9.653118119564184,11314200
2016-02-10,10.023294448852539,10.350760063470021,9.873799262203182,9.895155523466432,8472800
2016-02-11,9.880916595458984,9.994817541750791,9.724302454856153,9.845322380016995,9800400
2016-02-12,10.26533317565918,10.308045693343054,9.95210487776237,10.01617433319141,9798500
2016-02-16,10.564326286315918,10.599920512991785,10.343642624048261,10.421950058515852,13978600
2016-02-17,10.656869888305664,11.390107893881341,10.393473724728057,11.083998526984212,20458200
2016-02-18,10.906025886535645,11.048402749550954,10.599917260420407,10.70669922877869,9495700
2016-02-19,10.720939636230469,10.870434833431604,10.59991968235796,10.799246385658357,8193100
2016-02-22,10.906025886535645,11.098234244264393,10.777887660286344,10.827719154999784,8763800
2016-02-23,10.649748802185059,11.005689603489502,10.62839254419969,10.841956481859794,7504700
2016-02-24,10.713818550109863,10.763650046415853,10.421947193626407,10.578560661703293,7536800
2016-02-25,11.041285514831543,11.041285514831543,10.671106698759035,10.77788936288917,7223100
2016-02-26,10.955860137939453,11.205018337662889,10.920265915435156,11.062642126549022,9182900
2016-02-29,10.898909568786621,11.062642040569193,10.849077386106574,10.97721631456481,8786800
2016-03-01,11.283326148986816,11.304682411658721,11.00569201863865,11.019929300785469,9658500
2016-03-02,11.354515075683594,11.390109303036265,11.23349511002656,11.261970356128014,8003400
2016-03-03,11.468413352966309,11.553838387145678,11.354511723286308,11.382986960980503,11328900
2016-03-04,11.738926887512207,11.80299633722467,11.482649088662352,11.518243981728352,7293200
2016-03-07,11.98808765411377,11.995206633882795,11.603670893425758,11.667740353540426,9775700
2016-03-08,11.582314491271973,11.988086804709916,11.54671959494889,11.90977939060559,10673800
2016-03-09,11.511127471923828,11.653504359110938,11.382988545016755,11.617909458410848,9644100
2016-03-10,11.425699234008789,11.74604649985466,11.197897337321239,11.617907593516312,10007500
2016-03-11,11.838591575622559,11.867067494171994,11.511126659143208,11.596553056984991,9953200
2016-03-14,12.009443283081055,12.223007221623806,11.852828460863723,11.959610430135099,15992700
2016-03-15,11.788759231567383,11.909779161121067,11.653502701565243,11.852828685907948,7031800
2016-03-16,12.037919044494629,12.080631564911231,11.710454124956447,11.710454124956447,9350400
2016-03-17,11.924015998840332,12.08774842996582,11.475531218408277,12.08774842996582,14295600
2016-03-18,12.080632209777832,12.158939632893786,11.931137701436407,11.966731244049143,19795700
2016-03-21,11.973849296569824,12.287077606962562,11.867067319196952,12.094869233007485,8196800
2016-03-22,11.731810569763184,11.938256922950583,11.632147562186725,11.909781002039228,11057200
2016-03-23,11.518243789672852,11.75316464876603,11.397223870879014,11.731807713282537,11951700
2016-03-24,11.518243789672852,11.568075281328024,11.226372460430003,11.439936384039688,7300600
2016-03-28,11.632146835327148,11.703335275350533,11.404344913497567,11.546720435737777,5753900
2016-03-29,11.862771034240723,11.9204285954138,11.495213016869828,11.675389458955896,7475400
2016-03-30,11.862771034240723,12.08618995989064,11.855565213726006,11.927634415928516,5843800
2016-03-31,12.035743713378906,12.057363929117617,11.790704521037139,11.855567917517737,8362200
2016-04-01,11.574491500854492,11.869979664430506,11.531249699378805,11.869979664430506,11392800
2016-04-04,11.30062198638916,11.5600754770316,11.23575861372855,11.531246700457228,11262300
2016-04-05,11.127654075622559,11.228552743582583,10.954685519676184,11.206931845918271,14426400
2016-04-06,11.156482696533203,11.228553275247998,10.947478843039471,11.084412805134386,10167500
2016-04-07,11.019550323486328,11.149277100862136,10.91865164249225,11.084413712174232,9886800
2016-04-08,10.997928619384766,11.293416757534514,10.99072142398697,11.084412902210351,7815900
2016-04-11,11.192516326904297,11.336656775653005,11.055583072421992,11.091618356438138,7662000
2016-04-12,11.430349349975586,11.451970934875995,11.20693180453223,11.26458798963477,7524700
2016-04-13,11.603318214416504,11.617732603880308,11.437556172162367,11.516833252265524,6260600
2016-04-14,11.596113204956055,11.740254377493612,11.560078599137714,11.624940614684308,9574100
2016-04-15,11.682595252990723,11.80511482094197,11.596111660690969,11.603318855821268,7311300
2016-04-18,11.430349349975586,11.632145997834474,11.401521257424315,11.58890420266554,8361400
2016-04-19,11.430349349975586,11.538455212529804,11.343865072321776,11.502419925011731,7523800
2016-04-20,11.199725151062012,11.466385191883015,11.192517955746748,11.42314339462338,9957500
2016-04-21,11.235760688781738,11.430350155385057,11.134862014084764,11.134862014084764,13442300
2016-04-22,11.055583953857422,11.394314550909979,10.810544827790293,11.286208690242518,19606300
2016-04-25,11.005134582519531,11.098825362936218,10.933064011243411,10.990720193337944,10830100
2016-04-26,11.178105354309082,11.271796840695192,11.012343282297955,11.048378575110466,10353900
2016-04-27,11.488004684448242,11.516832774864934,11.11323950903124,11.149274793881078,11896300
2016-04-28,11.401519775390625,11.639351679852858,11.351070791812532,11.365485179872474,15191100
2016-04-29,11.401519775390625,11.603317084334707,10.911442265722071,11.077203604516296,11999000
2016-05-02,11.538455963134766,11.632146754534253,11.401521999121385,11.459178187974603,8380400
2016-05-03,11.610523223876953,11.624936235996175,11.358276954264218,11.408725933260449,9678300
2016-05-04,11.64655876159668,11.725836520530331,11.480797424400583,11.488003931045224,8367500
2016-05-05,11.660972595214844,11.805112343677818,11.560074633827599,11.646558207979059,6031800
2016-05-06,11.790700912475586,11.833942705351026,11.60331797717293,11.632145380879287,7615500
2016-05-09,11.826736450195312,11.906014222290704,11.725838467260754,11.812322059881255,5451600
2016-05-10,12.014119148254395,12.050153748651395,11.891599582419943,11.913221167437278,5775800
2016-05-11,11.581694602966309,12.028530975707296,11.51683123636469,11.999702201825865,10739300
2016-05-12,11.451969146728516,11.733043520702491,11.307828019162887,11.632144181553883,9750500
2016-05-13,11.25017261505127,11.488004529612446,11.214138018002998,11.437555543892161,7811400
2016-05-16,11.264589309692383,11.379901693410515,11.242968409574239,11.264589309692383,6985300
2016-05-17,11.163688659667969,11.379899684631932,11.127653374287991,11.228552035888747,10817700
2016-05-18,10.81054401397705,11.221344466567098,10.673610758885662,11.221344466567098,18463600
2016-05-19,10.565505981445312,10.724060835565776,10.306053146143057,10.695232742754413,17185500
2016-05-20,10.507848739624023,10.67361077211471,10.399743574276616,10.608747397979915,7921100
2016-05-23,10.651988983154297,10.680817072510385,10.457399551829674,10.52946943156196,8153300
2016-05-24,10.860994338989258,10.90423682279752,10.680818583200764,10.745681965255176,11310900
2016-05-25,11.06279182434082,11.178104199575888,10.803338292745947,10.882616066207035,12336400
2016-05-26,10.95468521118164,11.084411968146162,10.897029027489836,11.055583876300261,6489000
2016-05-27,11.026756286621094,11.120447761216036,10.918650421788795,10.961892905184905,4546600
2016-05-31,11.098827362060547,11.163690750429087,10.925858784621791,11.019550269230125,7987000
2016-06-01,11.127654075622559,11.156482168280288,10.99792800232075,11.012341704991643,6759000
2016-06-02,11.365485191345215,11.538453724344011,11.026754632069014,11.077203615698034,13732000
2016-06-03,11.278999328613281,11.480796621499255,11.077202723043104,11.329448995492672,9276300
2016-06-06,11.30062198638916,11.87718377155933,11.170895241067939,11.307828493216888,7827100
2016-06-07,11.343862533569336,11.495210157420942,11.286206361370226,11.300620748077899,7618100
2016-06-08,11.30782699584961,11.408725638551457,11.206929040463532,11.351069467669193,9308300
2016-06-09,11.235760688781738,11.34386587163736,11.178104499616607,11.271795978838941,5943400
2016-06-10,11.098827362060547,11.178105142206999,11.033964661008037,11.120448949727413,6432400
2016-06-13,11.08441162109375,11.30062264682642,11.06999723196415,11.098825322907446,5808700
2016-06-14,11.199725151062012,11.242967635637623,11.041170290706074,11.062791876651866,8465300
2016-06-15,11.51683521270752,11.725839771614742,11.163690858521727,11.192518955040649,10308600
2016-06-16,11.560076713562012,11.574489728759167,11.293416000252458,11.444763656877585,9284100
2016-06-17,11.848356246948242,11.884390842661405,11.495211298042864,11.495211298042864,21600200
2016-06-20,11.927633285522461,12.14384499553492,11.898805882299872,11.949254868913242,9176400
2016-06-21,11.99970531463623,12.078983088743794,11.85556553173297,11.949256321888491,9840500
2016-06-22,12.107810020446777,12.179880596386845,11.942048658026952,12.028533624081414,8352000
2016-06-23,12.215917587280273,12.338437164174856,12.136639809692008,12.244744995273813,7334400
2016-06-24,11.315037727355957,11.869978717461882,11.315037727355957,11.833944114878943,19918800
2016-06-27,10.659196853637695,11.199724078847144,10.64478315170305,11.185310376912499,16062500
2016-06-28,11.06832218170166,11.243662472971106,10.849148036905678,10.849148036905678,11770600
2016-06-29,11.725846290588379,11.776988226176664,11.134074970676558,11.199827494386232,15163500
2016-06-30,11.842738151550293,11.842738151550293,11.535894233352321,11.733151087675129,10087600
2016-07-01,12.018077850341797,12.091134956187666,11.85004288386137,11.893878819538859,6167100
2016-07-05,11.755070686340332,11.952328264727969,11.638177616216245,11.915798309392121,6812700
2016-07-06,11.879268646240234,11.886574636630089,11.535894762030653,11.6747050957499,7110700
2016-07-07,11.988858222961426,12.397984016047651,11.871965139222503,11.91579969725573,8267800
2016-07-08,12.244561195373535,12.427206795435534,12.113056140372839,12.156890694214624,9307300
2016-07-11,12.41259479522705,12.55140584124855,12.281089740414615,12.346842267820833,7672000
2016-07-12,12.536792755126953,12.639073836098607,12.397981721325982,12.573321314481055,9559600
2016-07-13,12.039998054504395,12.390677284796663,11.8500464563939,12.354148720861158,15258800
2016-07-14,12.208030700683594,12.281089216180275,11.996162538566024,12.113055605970603,10338500
2016-07-15,12.405287742614746,12.427205714366618,12.039996574268196,12.2518661207773,8776700
2016-07-18,12.485650062561035,12.566014551458348,12.36875702060584,12.397979584357149,8023100
2016-07-19,12.602548599243164,12.61716058422715,12.24456332798898,12.397984989894093,9508300
2016-07-20,12.507572174072266,12.631771246479527,12.412595675097364,12.58793529611783,11199500
2016-07-21,12.792497634887695,12.924002686180735,12.427206445062719,12.492958970709239,13577900
2016-07-22,13.084731101989746,13.143177640169068,12.748663855827491,12.807110394006815,17487400
2016-07-25,13.121261596679688,13.274684652899749,12.997063904063072,13.10665100509135,10795500
2016-07-26,12.858251571655273,13.113955711289913,12.631771399281943,13.062813768582622,13128200
2016-07-27,12.522181510925293,12.755967648890364,12.354147898447312,12.755967648890364,18265200
2016-07-28,12.624463081359863,12.829025240595833,12.397981557241186,12.52948659873585,11305700
2016-07-29,12.960531234741211,13.033589751327806,12.544099501715511,12.602546036289727,17298100
2016-08-01,13.07011890411377,13.092036878123803,12.86555672058824,12.894779292459589,9116400
2016-08-02,12.74135684967041,13.143176593468576,12.726744867920406,13.070118078193834,9901400
2016-08-03,12.821722030639648,12.931310517967313,12.653688393834631,12.741358905001663,6686400
2016-08-04,12.697521209716797,12.916696760810831,12.595240121958101,12.814415673052133,7311300
2016-08-05,13.033589363098145,13.099341886719989,12.71943872656606,12.785191250187902,6868300
2016-08-08,13.325822830200195,13.355046795115328,13.040896139654372,13.084730693551727,11280900
2016-08-09,13.28198528289795,13.384266350098803,13.172398226114886,13.333125816498375,10432900
2016-08-10,13.296597480773926,13.40618453935955,13.20162100811801,13.3258200461084,9872200
2016-08-11,13.14317798614502,13.391576128314721,13.077425454778014,13.333129588596876,7495700
2016-08-12,13.165094375610352,13.24545748712206,13.011671356405714,13.040895319482885,5260100
2016-08-15,13.28198528289795,13.325819826916169,13.143174267786053,13.179704215697093,4580500
2016-08-16,13.260068893432617,13.333127404480976,13.14317583314532,13.223540334646035,5681600
2016-08-17,13.099344253540039,13.274683883720643,12.843640103640006,13.274683883720643,7786300
2016-08-18,13.223541259765625,13.238153241692592,13.084730218410035,13.084730218410035,8524300
2016-08-19,13.296597480773926,13.303902077001254,13.11395191863953,13.15778646337877,5832200
2016-08-22,13.420795440673828,13.42079544067383,13.25276047796737,13.289290423544834,4998900
2016-08-23,13.37696361541748,13.55960921898917,13.362353026173025,13.508468672945156,6566900
2016-08-24,13.34774112701416,13.4500222197425,13.245458640810442,13.39888167337833,6411900
2016-08-25,13.252767562866211,13.362356064709425,13.230850977278116,13.289297527972511,5505300
2016-08-26,13.121261596679688,13.384271753928028,13.033592473247301,13.347743184743798,8149400
2016-08-29,13.157788276672363,13.318515891849712,13.128564313835438,13.179706248800056,5060100
2016-08-30,13.216236114501953,13.223542105932943,12.9970619454738,13.201624131639974,4619400
2016-08-31,13.018977165222168,13.303903833866181,12.894778110830504,13.194316760808887,11878100
2016-09-01,12.836331367492676,13.06281150054324,12.639073803154176,13.06281150054324,10995600
2016-09-02,12.719436645507812,13.018975251454519,12.668296111830331,12.887470225726691,7009000
2016-09-06,12.471044540405273,12.807113255120793,12.427209975346969,12.734054717706488,11537600
2016-09-07,12.463737487792969,12.536796018996679,12.244563287657419,12.434514911396832,16419500
2016-09-08,12.281088829040527,12.434511846094697,12.266478241181987,12.412593874094034,12824400
2016-09-09,11.835434913635254,12.193420106576252,11.820822931847797,12.186114115682523,12837500
2016-09-12,11.828128814697266,11.952327871805586,11.740458318248637,11.755070299902618,12503800
2016-09-13,11.703929901123047,11.820822968837923,11.57242485157499,11.718541882956227,13111700
2016-09-14,11.820821762084961,11.945020808037311,11.667399452187208,11.72584528334044,14535300
2016-09-15,11.762375831604004,11.90849146201464,11.696623310202893,11.769681822145817,7096500
2016-09-16,11.689318656921387,11.76237717722222,11.521285035662231,11.718542622431869,13412700
2016-09-19,11.703929901123047,11.835434950671104,11.601648118503709,11.725846480397534,8139600
2016-09-20,11.711237907409668,11.806213018718903,11.689319930888065,11.806213018718903,7068700
2016-09-21,11.67470645904541,11.784293540739696,11.470143581405159,11.733152995514052,15728000
2016-09-22,11.915797233581543,11.98154975377433,11.711235076070821,11.798904174011078,8204500
2016-09-23,11.871963500976562,11.981550577675137,11.82812894899219,11.89388147370639,7430300
2016-09-26,11.696622848510742,11.871962434167582,11.696622848510742,11.835433876375593,8064400
2016-09-27,11.499364852905273,11.689316411814268,11.484753569694032,11.682010421839871,8724900
2016-09-28,11.5437650680542,11.647362505506331,11.440166924897452,11.499365662214275,10152500
2016-09-29,11.580760955810547,11.758357830621462,11.417964820315172,11.514162921673954,11941500
2016-09-30,11.521564483642578,11.743560091247232,11.50676515284471,11.676961338395378,13911500
2016-10-03,11.528965950012207,11.588164692048613,11.388369114101915,11.469767207975803,7380900
2016-10-04,11.425368309020996,11.625164601598204,11.373569583851218,11.521566445553944,11722600
2016-10-05,11.403169631958008,11.588165896475704,11.306971489724237,11.477168420046985,10709000
2016-10-06,11.506768226623535,11.57336699726578,11.277372539489667,11.358771350587864,8382000
2016-10-07,11.462367057800293,11.713962061432058,11.373568945760493,11.506766466672524,7481300
2016-10-10,11.61036205291748,11.669561490506915,11.477165259028764,11.49196458914771,8451300
2016-10-11,11.432767868041992,11.580764723783684,11.299571050726806,11.565965391061852,9246500
2016-10-12,11.49196720123291,11.536366613090685,11.403169083222071,11.469767848156378,4158200
2016-10-13,11.477168083190918,11.5215667901774,11.329171217061432,11.417969336739123,5522500
2016-10-14,11.425368309020996,11.61036456257558,11.425368309020996,11.54376650408788,5967700
2016-10-17,11.462367057800293,11.558565188936242,11.417968354632723,11.432767687120359,4645400
2016-10-18,11.617762565612793,11.676961300018867,11.506765115027552,11.536364482230589,6088900
2016-10-19,11.632561683654785,11.736159107833918,11.610361630726807,11.662161048520899,5695400
2016-10-20,11.477168083190918,11.676963676039541,11.255172431144329,11.639964283080989,15933400
2016-10-21,11.447566986083984,11.477166354852532,11.173772648548752,11.380968229928595,7731900
2016-10-24,11.499366760253906,11.713962379944626,11.484567427363865,11.499366760253906,8688700
2016-10-25,11.395769119262695,11.551166002966493,11.373569766077786,11.469767904152015,6269100
2016-10-26,11.107172012329102,11.351366939761936,11.077572648570714,11.351366939761936,11100100
2016-10-27,11.018377304077148,11.144174815100616,10.936978499470953,11.121974756187264,8050100
2016-10-28,11.099774360656738,11.144173768609411,10.973976861446257,11.07017499058984,10328700
2016-10-31,11.454968452453613,11.491967846796086,11.092375940447816,11.166374729132764,13642300
2016-11-01,11.292171478271484,11.558565829146026,11.24037204743402,11.440168339868451,13426500
2016-11-02,11.277372360229492,11.49196800349629,11.107176131920028,11.373570504549747,14294500
2016-11-03,10.97397518157959,11.210770105866848,10.951775833853794,11.203370793761277,8514400
2016-11-04,11.218170166015625,11.262569567339323,10.870377090377698,10.966575205158595,13432800
2016-11-07,11.625164031982422,11.632564051131144,11.35136967482172,11.373569026563217,8399500
2016-11-08,11.817559242248535,11.861958647478604,11.380968031255383,11.565964259255558,14171000
2016-11-09,11.921158790588379,12.024756238841242,11.31437061127228,11.580764956971382,15927600
2016-11-10,11.891555786132812,12.135750719343298,11.839757074756198,11.958154532591038,14251000
2016-11-11,12.194952964782715,12.261551730445282,11.832360469180653,11.861960547879322,12208100
2016-11-14,12.86093807220459,12.883138129264573,12.157953202216836,12.239352000027466,20291200
2016-11-15,12.66854476928711,12.868339661571046,12.439148385901559,12.8387409932884,14872900
2016-11-16,12.564943313598633,12.742539520941005,12.520544614615337,12.624142049379424,8629100
2016-11-17,12.350346565246582,12.616740130426686,12.335546530678526,12.587141472699555,7789300
2016-11-18,12.143155097961426,12.357751449487578,12.135755077762987,12.328151368693817,8115300
2016-11-21,12.342949867248535,12.387348571483493,12.202352323860246,12.202352323860246,7015000
2016-11-22,12.527945518493652,12.557544182771496,12.394748000720128,12.402148019641913,8692000
2016-11-23,12.498345375061035,12.505745393942709,12.268950435366309,12.416947990181201,7843100
2016-11-25,12.535347938537598,12.594546689841984,12.209754100658689,12.49834783684138,2057000
2016-11-28,12.557543754577637,12.624142511193478,12.45394631602377,12.505745035300702,8249400
2016-11-29,12.801737785339355,12.823937839718154,12.564942850935397,12.57974288718793,9299700
2016-11-30,13.20133113861084,13.245729838794164,12.690741146570307,12.712941202366585,26031500
2016-12-01,13.423330307006836,13.489929084102586,13.090337832937754,13.17913526145897,18932400
2016-12-02,13.12733268737793,13.460326475478059,13.075533967319968,13.445526437915994,26106800
2016-12-05,13.519526481628418,13.526926501103123,13.201332701263079,13.201332701263079,10297700
2016-12-06,13.674921035766602,13.778519884725673,13.475124767855426,13.549123542423555,10925900
2016-12-07,14.000515937805176,14.044914641600036,13.63792346542689,13.689722188422454,9776900
2016-12-08,14.067112922668457,14.170710355576277,13.800717910723584,13.948715453228328,12440700
2016-12-09,14.192913055419922,14.266911840462988,14.052315504979038,14.118914270376855,8872400
2016-12-12,14.052315711975098,14.24471199135737,13.948718258234432,14.163313185470018,9464100
2016-12-13,14.09671401977539,14.104114039320027,13.793320275492393,14.09671401977539,14129900
2016-12-14,13.963516235351562,14.259509924756657,13.86731740416413,14.104112355688205,12575800
2016-12-15,14.000515937805176,14.207712241196772,13.852518376609842,13.90431851101475,8313800
2016-12-16,14.067112922668457,14.12631165738852,13.926515398429867,14.081912959200764,13889900
2016-12-19,14.192913055419922,14.200313075065171,14.00791679851697,14.141114329312604,6670900
2016-12-20,14.148512840270996,14.281708945454207,13.985715248253827,14.237310243726471,9458800
2016-12-21,14.185516357421875,14.437111438635556,14.141117640563508,14.185516357421873,12436300
2016-12-22,13.911718368530273,14.185513457914526,13.808120913232731,14.163313398318136,6072900
2016-12-23,14.007917404174805,14.03011605266092,13.889519907550538,13.926518595967062,4010300
2016-12-27,14.030112266540527,14.133711106687032,13.948714891707908,14.044912302477044,3450300
2016-12-28,13.92513370513916,14.082607692074031,13.82765089819354,14.015119044854579,4628500
2016-12-29,14.060111045837402,14.067609943360731,13.887640693606228,13.940131546001068,4286700
2016-12-30,14.127598762512207,14.210085199565915,13.932631730556032,14.052611222487776,6377700
2017-01-03,14.34505844116211,14.34505844116211,14.112598396689513,14.277571240733636,8866500
2017-01-04,14.502534866333008,14.607516563004303,14.300068939665495,14.36005868494457,15374000
2017-01-05,13.872641563415527,14.517532385670977,13.760160971927986,14.472539004861304,19884200
2017-01-06,13.685173988342285,13.925132974637402,13.610186447557968,13.872642125168893,14827100
2017-01-09,13.647679328918457,13.737663223068115,13.452712317903256,13.707669068440964,12431900
2017-01-10,13.520200729370117,13.872640264434889,13.497704041071785,13.715167737151114,10722500
2017-01-11,13.632681846618652,13.752661328393238,13.467708986477414,13.595187364646442,10568700
2017-01-12,13.512701988220215,13.587689519806352,13.227749654246535,13.587689519806352,10585100
2017-01-13,13.692672729492188,13.730165784323123,13.535198752611862,13.580192134731018,7907300
2017-01-17,13.610185623168945,13.74516290235127,13.47520834398662,13.542696983577782,10133700
2017-01-18,13.7301664352417,13.79765508135157,13.580192778539658,13.64018252727416,6615200
2017-01-19,13.662674903869629,13.797652167585083,13.475206799879972,13.587688806488268,8253700
2017-01-20,13.74516487121582,13.872643272007167,13.647682061325261,13.67767622195755,8037300
2017-01-23,13.67767333984375,13.730164182590933,13.58768944663949,13.700170028278912,5364200
2017-01-24,13.700173377990723,13.790157293196176,13.60268913453818,13.715171173947812,11475000
2017-01-25,13.85763931274414,13.865138207133864,13.655173455025185,13.73016096865456,10628100
2017-01-26,13.95512866973877,14.082607060966108,13.820151381348836,13.842646642568232,14066900
2017-01-27,13.940129280090332,14.030113175206843,13.730164474371431,13.985121227648587,9411200
2017-01-30,13.452713966369629,13.925133044215057,13.302738884051633,13.910135249929581,11599400
2017-01-31,13.55019474029541,13.640180062269554,13.355227734574909,13.467708314341461,17109200
2017-02-01,13.40022087097168,13.78265454928274,13.377724183313557,13.610184234708239,7372700
2017-02-02,13.430217742919922,13.497706389287835,13.340233834608327,13.370227993956046,7878600
2017-02-03,13.565195083618164,13.655178992247915,13.505205334442183,13.527702026733841,6409300
2017-02-06,13.407722473144531,13.640184026526473,13.355231616015894,13.535200882000613,6036900
2017-02-07,13.505204200744629,13.692672329966067,13.43021666300239,13.46770971673935,9013100
2017-02-08,13.74516487121582,13.790156827298503,13.392725259742567,13.46771137645754,12920800
2017-02-09,13.760163307189941,13.857646121618243,13.655180164418814,13.760163307189941,10365500
2017-02-10,13.767662048339844,13.827651801981624,13.700173396709271,13.767662048339844,5676600
2017-02-13,13.917637825012207,13.955132320634368,13.775163032454282,13.835152795180976,6125600
2017-02-14,14.060111045837402,14.067609943360731,13.67767585375841,13.887640693606228,7873200
2017-02-15,13.962630271911621,14.037616397528016,13.692675642832864,13.985125537489072,9731700
2017-02-16,13.932634353637695,14.187591179560181,13.917636556755518,13.985125212456683,8981800
2017-02-17,13.790156364440918,13.925133658427034,13.580192956256688,13.925133658427034,8353800
2017-02-21,14.015119552612305,14.030115917884471,13.76016274949491,13.76016274949491,11591900
2017-02-22,13.760163307189941,15.154925452826031,13.617687104316058,14.779989130724228,14828000
2017-02-23,13.520200729370117,13.850143576136556,13.370225667917602,13.805151629808076,11413600
2017-02-24,13.505204200744629,13.557695048083701,13.235249636979896,13.482707510341461,10378000
2017-02-27,13.655179977416992,13.722668628892574,13.430218759344081,13.512705206762801,8180400
2017-02-28,13.490208625793457,13.625185929874704,13.340234955912058,13.595190337737291,9768000
2017-03-01,13.790156364440918,14.007620100367095,13.557696263836185,13.602688218408742,10698400
2017-03-02,13.95512866973877,13.95512866973877,13.602687654438745,13.75266273715387,12586100
2017-03-03,13.782658576965332,13.985124534250273,13.602689313912682,13.947631474131683,9319400
2017-03-06,13.872641563415527,13.902637150621977,13.617684793233993,13.64018148363883,7777400
2017-03-07,13.632681846618652,13.857643017378942,13.557694312942475,13.797653276491648,5571300
2017-03-08,13.595187187194824,13.820149785287024,13.490205499579398,13.580190824869923,5571900
2017-03-09,13.377725601196289,13.707669903811599,13.280241374613716,13.632682367271533,7041700
2017-03-10,13.430217742919922,13.56519503565575,13.295240450184094,13.377726891360085,5559700
2017-03-13,13.40022087097168,13.580190081432221,13.3402311341515,13.45271171190582,5737500
2017-03-14,13.3102388381958,13.460213932423716,13.29524104271931,13.400224180786251,6863400
2017-03-15,13.75266170501709,13.797653654347629,13.332733507306083,13.40022214643603,9126400
2017-03-16,13.67767333984375,13.850143660375405,13.670174443698695,13.782655025338116,6303600
2017-03-17,13.827652931213379,13.835151829814567,13.670178921125789,13.730168679666619,9402700
2017-03-20,13.782658576965332,13.8876417197808,13.70017355865072,13.835150863507348,3858400
2017-03-21,13.475211143493652,13.91013722773346,13.445216980926384,13.812654411554101,6490000
2017-03-22,13.565195083618164,13.61018703793304,13.257747440307707,13.475209744719972,6131800
2017-03-23,13.512701988220215,13.767658737452159,13.497704195849346,13.595186985723583,6664600
2017-03-24,13.535198211669922,13.692672182256711,13.490206261617256,13.595187955162912,5439300
2017-03-27,13.512701988220215,13.56519283125005,13.370225821233374,13.46021114519038,5334000
2017-03-28,13.62518310546875,13.662676157599911,13.355228553265963,13.490205829367357,6223700
2017-03-29,13.829901695251465,13.898141458325314,13.55694264295607,13.610019139047566,7251900
2017-03-30,14.057368278503418,14.057368278503418,13.746497438325768,13.814737202488342,5239600
2017-03-31,14.14835262298584,14.239339450553462,13.996708392435321,14.042202529312414,9386000
2017-04-03,13.928472518920898,14.148355100924093,13.799575334233916,14.140772743449938,5143500
2017-04-04,13.875396728515625,13.97396593455016,13.784411326531165,13.852651101112954,5680400
2017-04-05,13.84506893157959,14.163520735230769,13.799576229968538,13.958801408700674,6556800
2017-04-06,14.042206764221191,14.080117110198703,13.708590224108487,13.860234500392535,7858100
2017-04-07,13.875396728515625,14.080116052260992,13.867815816839327,13.981548292413345,6334700
2017-04-10,13.97396469116211,14.095279513804856,13.875395493898154,13.966382333973593,5348200
2017-04-11,14.080119132995605,14.095283852040025,13.860236491600363,13.989133711103507,6556500
2017-04-12,13.936053276062012,14.087697531494122,13.829903164971613,14.087697531494122,5992000
2017-04-13,13.989130020141602,14.08011541802766,13.867815192168976,13.936053517490107,5567800
2017-04-17,14.004293441772461,14.110445002046646,13.951218384728788,14.027040514585538,7527200
2017-04-18,14.110442161560059,14.133187783607514,13.95879793237313,13.981545000607134,6881800
2017-04-19,14.406146049499512,14.428893116520587,14.148351741339866,14.171098808360941,11697100
2017-04-20,14.44405746459961,14.535044293319023,14.072530685852952,14.421311842059692,10641600
2017-04-21,14.269668579101562,14.451640802717394,14.239340598258929,14.42889517863209,5606600
2017-04-24,14.406146049499512,14.481968160049961,14.269666539745996,14.43647547219428,7469300
2017-04-25,14.44405746459961,14.610866409554104,14.40614712957536,14.489551602052607,6283400
2017-04-26,14.610868453979492,14.73976563575909,14.36823880502655,14.41373150265853,9286200
2017-04-27,14.588126182556152,14.66394833435129,14.459228958360596,14.61087326195087,7379200
2017-04-28,13.610021591186523,14.754930164179635,13.450794966597217,14.71701982061342,27336200
2017-05-01,13.685842514038086,13.898144201751453,13.579692393274867,13.678261602143797,9446000
2017-05-02,13.98154354095459,14.0876936225916,13.685837469530012,13.708584535389257,12243800
2017-05-03,13.799574851989746,14.04978685514557,13.738917440503085,13.996710354681321,7337000
2017-05-04,13.647931098937988,13.829903340048077,13.57210897026208,13.807156267589258,7219100
2017-05-05,13.746496200561523,13.920887496711458,13.640346108616246,13.723750578679843,6789800
2017-05-08,13.496283531188965,13.829899947820724,13.382551089165048,13.791989615874906,9623600
2017-05-09,13.519030570983887,13.73133218953994,13.435626105446426,13.534195282206417,8153400
2017-05-10,13.655513763427734,13.731335893808277,13.374972314875784,13.488706233540022,7770700
2017-05-11,13.40530014038086,13.564525293546556,13.283985324772708,13.55694293679771,5902900
2017-05-12,13.253656387329102,13.443210974491771,13.230910762429088,13.359807939547172,4921800
2017-05-15,13.4583740234375,13.503866713795757,13.299148884090318,13.306729793994569,5563800
2017-05-16,13.40530014038086,13.511450242491323,13.352225089325628,13.443210477938404,8288400
2017-05-17,13.37497329711914,13.435630716640818,13.147508335459586,13.268823174502943,9175300
2017-05-18,13.670679092407227,13.769246853995766,13.155090318099386,13.321897855474957,12104300
2017-05-19,13.716171264648438,13.791993395505232,13.602438791456676,13.701006549239708,6847200
2017-05-22,13.731334686279297,13.890559844508063,13.69342290132955,13.738917043269247,7417400
2017-05-23,13.769245147705078,13.936052664409793,13.71617009448934,13.776827504762576,4928300
2017-05-24,13.807159423828125,13.882981569836549,13.632769500339755,13.79199615157616,5722100
2017-05-25,13.716171264648438,13.890561153288262,13.632766776087278,13.807156664727103,5152100
2017-05-26,13.701005935668945,13.791992777859814,13.670677952396517,13.678260309761322,3222200
2017-05-30,13.534196853637695,13.708586714385513,13.526614497146054,13.701004357893874,3742500
2017-05-31,13.640345573425293,13.663092640601011,13.397715974963566,13.617598506249575,10644100
2017-06-01,13.556943893432617,13.723752861304575,13.541780625051622,13.663095449220258,8616000
2017-06-02,13.776823997497559,13.78440635262476,13.594851813003817,13.632762142453458,9819200
2017-06-05,13.549359321594238,13.77682419390769,13.549359321594238,13.761659483437088,8022600
2017-06-06,13.534196853637695,13.632764595655749,13.374970259686526,13.519032140654415,7004300
2017-06-07,13.632763862609863,13.67067564302951,13.390134252670329,13.549360838059743,4695900
2017-06-08,13.754083633422852,13.890563199835743,13.511453935883077,13.632768784652965,7323800
2017-06-09,13.936053276062012,14.171102016600463,13.761663394645844,13.776828109426415,8082300
2017-06-12,14.125606536865234,14.33032582848898,13.943634315261903,13.943634315261903,8586900
2017-06-13,14.178683280944824,14.337908435305627,14.08011408865669,14.125606783304535,6143400
2017-06-14,14.080119132995605,14.284838501533638,13.99671462443851,14.2545090634448,6467000
2017-06-15,14.095280647277832,14.148355705678723,13.928473114276908,13.951218741484789,5983900
2017-06-16,14.209012031555176,14.246923817637294,14.027039796921311,14.125607548361284,11906200
2017-06-19,14.481971740722656,14.512299724729557,14.231759726371692,14.269670067927025,6650000
2017-06-20,14.345494270324707,14.527466539223834,14.254507412781624,14.497138550834165,4554800
2017-06-21,14.102859497070312,14.39856414671293,14.004290316398427,14.35307145742634,5872800
2017-06-22,14.15593433380127,14.216591734018957,14.027037177565372,14.102859289384105,4677600
2017-06-23,14.193848609924316,14.277253100714844,14.125608834947867,14.186266252017278,6004500
2017-06-26,14.36823844909668,14.375819360025229,14.216594199164229,14.216594199164229,2740400
2017-06-27,14.262088775634766,14.50471845055966,14.254506417519995,14.3454932687103,5869000
2017-06-28,14.25442123413086,14.491994507209963,14.231429706389587,14.33105819820659,4774900
2017-06-29,14.162458419799805,14.384705498241175,14.101149132941616,14.27741314994282,5439700
2017-06-30,14.001522064208984,14.262086898309514,13.947876621022763,14.254423054750239,5932800
2017-07-03,14.415361404418945,14.446016782951961,14.032177943129655,14.085823393833532,3175000
2017-07-05,14.338719367980957,14.469001757387227,14.208438440303073,14.40003010344592,5724600
2017-07-06,14.024514198303223,14.331062138899354,13.978532591905369,14.262088998438115,5149900
2017-07-07,13.993860244750977,14.177788131591178,13.970868710747611,14.070497229699955,4608500
2017-07-10,13.733295440673828,14.085823526756792,13.717967751262679,14.009188003158872,6956000
2017-07-11,13.809934616088867,13.832924692122624,13.626006699173073,13.763951540563058,4101100
2017-07-12,13.832921981811523,14.032177551528726,13.664321789771826,13.90189511985705,6326000
2017-07-13,13.878905296325684,13.909559212822074,13.79460446793506,13.855913762656726,3203300
2017-07-14,13.90955638885498,14.039838796404242,13.863574792581298,13.901892545854603,4526200
2017-07-17,14.162458419799805,14.41535941080592,13.855911985508863,13.863575829082224,9339000
2017-07-18,14.269752502441406,14.315734107741468,14.078160775007454,14.139470069317163,7183700
2017-07-19,14.262085914611816,14.331059040159307,14.208440475125677,14.300403668036601,4796200
2017-07-20,13.832921981811523,14.262088498923434,13.825259599121008,14.231433121245928,8604300
2017-07-21,13.763948440551758,13.855913109161312,13.518711273231368,13.802267661526079,9557000
2017-07-24,13.771612167358398,13.802267543876553,13.67964896126155,13.74862209669859,4947700
2017-07-25,14.131802558898926,14.14712878220394,13.725627675881878,13.840582390176213,8909500
2017-07-26,13.809934616088867,14.223772063717119,13.763951540563058,14.147135066236585,9040200
2017-07-27,14.31573486328125,14.377044160826673,13.809932793099273,13.809932793099273,8934700
2017-07-28,14.338719367980957,14.453675535249374,14.239092346307167,14.315729303909983,6101000
2017-07-31,14.30040454864502,14.4153592777268,14.101149002763211,14.30806839214763,17213200
2017-08-01,14.49199390411377,14.51498543089823,14.254420640921472,14.346383824602416,6824900
2017-08-02,14.285076141357422,14.446013923340058,14.070494381018726,14.43068623710769,7519800
2017-08-03,14.093483924865723,14.34638489138648,14.078157700931555,14.2620855436986,4564000
2017-08-04,14.292740821838379,14.331060039664296,14.078159048928041,14.139468335720808,4053200
2017-08-07,14.361714363098145,14.400033582020408,14.246759629788832,14.308068918335714,2685800
2017-08-08,13.955543518066406,14.331064665324442,13.917225749601302,14.193118360083394,7786400
2017-08-09,13.771612167358398,13.955540041280903,13.671985117132012,13.955540041280903,5068200
2017-08-10,13.66431713104248,13.771607992876147,13.633663225545018,13.725626403765771,3986300
2017-08-11,13.679648399353027,13.756285375771647,13.557029821774735,13.626002954378619,6194800
2017-08-14,13.794604301452637,13.917222889416129,13.71030347407941,13.748622696398545,6250300
2017-08-15,13.75628662109375,13.840585987229769,13.687313482245901,13.817595915433072,3607400
2017-08-16,13.970867156982422,13.986194844613335,13.802266978228609,13.802266978228609,4745900
2017-08-17,13.733295440673828,14.101151216167942,13.679649989463718,13.978532624336571,6980200
2017-08-18,13.357775688171387,13.763949221441495,13.350111843541718,13.694977543232284,8393100
2017-08-21,13.319454193115234,13.426746537900764,13.227490996703239,13.388427321288557,8325400
2017-08-22,13.526375770568848,13.564694993393475,13.31945635250253,13.36543941989208,7362400
2017-08-23,13.465066909790039,13.641330955278073,13.44973922016614,13.472730754601988,5307400
2017-08-24,13.488059997558594,13.67965175473491,13.457404614780412,13.580023222434928,5565100
2017-08-25,13.56469440460205,13.618339852499096,13.442075820343426,13.503385112472738,3402200
2017-08-28,13.434408187866211,13.6719814451601,13.380761293367733,13.618336012390037,4154300
2017-08-29,13.549365043640137,13.564692730212663,13.288800218821777,13.319454130238183,4484900
2017-08-30,13.809934616088867,13.832924692122624,13.48806039605394,13.534042009850602,5945200
2017-08-31,13.886567115783691,13.917221027809777,13.740957013905934,13.863575585467624,7167400
2017-09-01,13.901897430419922,13.955542888542832,13.794606514174104,13.909561276113067,3406100
2017-09-05,13.503387451171875,13.924888724846083,13.449740532254705,13.901897188167295,6520700
2017-09-06,13.779273986816406,13.802265515826738,13.503382947335382,13.549364543627453,7268600
2017-09-07,13.748623847961426,13.817596992184079,13.633669094833333,13.802269301972602,3400600
2017-09-08,13.90955638885498,14.032174953403862,13.687310788758355,13.725628542031659,7505700
2017-09-11,13.955543518066406,14.18545451404454,13.94788113375672,14.039844362764638,5574100
2017-09-12,14.085823059082031,14.139469970239883,13.955540626870697,13.97086831577294,5232800
2017-09-13,14.131802558898926,14.170120309754205,14.001520159571081,14.062829437976626,5624900
2017-09-14,14.001522064208984,14.162458393767649,13.95553900285334,14.078159038073029,6059100
2017-09-15,13.98619270324707,14.093483576779125,13.848246459146699,13.993856545889148,6363700
2017-09-18,14.03217601776123,14.078159079251375,13.970866730836407,14.009185948744861,4359500
2017-09-19,14.055170059204102,14.078161594056189,13.832922940820815,14.016852296179586,4874600
2017-09-20,14.14713191986084,14.162459608293839,13.9632040438513,14.024513335854481,4800400
2017-09-21,14.01684856414795,14.216102632898142,14.001520878327606,14.154793351345335,4507000
2017-09-22,14.047504425048828,14.108813715116579,13.993858978955641,14.047504425048828,4608300
2017-09-25,14.070496559143066,14.2850783526992,14.047505026235408,14.062832714840514,4243700
2017-09-26,14.177787780761719,14.23909707485802,14.07049688152541,14.08582310875283,3931700
2017-09-27,14.208441734313965,14.308068779084767,14.139468602653897,14.262087178554298,6217000
2017-09-28,14.324650764465332,14.347893023211183,14.05349698977384,14.17745274774666,4835200
2017-09-29,14.324650764465332,14.355640442793133,14.161959386251953,14.293662563806723,10337900
2017-10-02,14.278167724609375,14.386628643418039,14.231684684786973,14.316903344849841,5042100
2017-10-03,14.13096809387207,14.316901709593791,14.076737640661863,14.285913512474684,4858400
2017-10-04,14.099980354309082,14.208441264249144,14.053495840618421,14.130968552433782,9913400
2017-10-05,14.192947387695312,14.285914943704611,14.123222090105632,14.16195918747166,8364300
2017-10-06,14.208440780639648,14.293660908502835,14.092232455706501,14.161957746200194,5386600
2017-10-09,14.247177124023438,14.2704193812647,14.208441506290432,14.208441506290432,3976800
2017-10-10,14.371132850646973,14.425364784121898,14.239429681831773,14.270419358103158,5034700
2017-10-11,14.46409797668457,14.518328423397909,14.34014224772012,14.371130441126809,5347500
2017-10-12,15.029648780822754,15.037396199934983,14.495088683431796,14.595803654221667,11397300
2017-10-13,15.114870071411133,15.153605692270895,14.859211131796734,15.060639611139779,7702100
2017-10-16,15.029648780822754,15.130363751612625,14.967670905594028,15.107121494275939,5313400
2017-10-17,14.983165740966797,15.045143616183728,14.921187865749866,15.021901358851466,3869000
2017-10-18,15.378276824951172,15.39377166475997,14.975419855937904,14.975419855937904,9807600
2017-10-19,15.362781524658203,15.455749083055137,15.238825765241765,15.324045903966521,7298700
2017-10-20,15.07613468170166,15.362783332629718,15.021904215283499,15.362783332629718,11379900
2017-10-23,14.975418090820312,15.207834749880883,14.952175833846624,15.130363515306746,5908800
2017-10-24,15.231075286865234,15.231075286865236,14.99091123593428,15.014152012614394,7256300
2017-10-25,14.990915298461914,15.246574254908953,14.928937414404126,15.200091211282942,6734000
2017-10-26,15.029648780822754,15.091626656051481,14.9056930303653,15.076131817827024,4283100
2017-10-27,15.060638427734375,15.145857082463552,14.921187839325958,15.021901332249202,6068700
2017-10-30,14.952177047729492,15.114869904415269,14.921188846917897,15.052892025122878,7293100
2017-10-31,15.153604507446289,15.161351926546333,14.944430102421519,15.006407977552767,6994200
2017-11-01,15.285306930541992,15.401515256030862,15.169098605053122,15.231076477158455,7492100
2017-11-02,15.07613468170166,15.114871784621334,14.766245246691179,15.052893897619239,10004800
2017-11-03,15.207839012145996,15.40152010820204,14.990917130271704,15.045147600740277,5002500
2017-11-06,15.331792831420898,15.478989367459008,15.215583017738274,15.331792831420898,4931000
2017-11-07,15.331792831420898,15.517726464576269,15.20008965656053,15.324045411997446,5915500
2017-11-08,15.641682624816895,15.641682624816896,15.300803549708915,15.331793228204733,8692200
2017-11-09,15.49448299407959,15.672669193870934,15.29305453783627,15.571955704583798,9878600
2017-11-10,15.486738204956055,15.540968668216777,15.386024698567468,15.44025516182819,7205600
2017-11-13,15.517724990844727,15.564208025301744,15.355032153741625,15.432504862949338,4283800
2017-11-14,15.471242904663086,15.494485164370573,15.339539721659165,15.432507282819861,3208300
2017-11-15,15.30854606628418,15.455744036656077,15.300798649141582,15.37827134289883,4459000
2017-11-16,15.471242904663086,15.502232584273068,15.223331378460237,15.324046359523429,4893900
2017-11-17,15.409265518188477,15.509980502487487,15.355035054797918,15.355035054797918,4336400
2017-11-20,15.262070655822754,15.455751748015077,15.238828392798668,15.432509484990991,4945800
2017-11-21,15.331792831420898,15.432506328587454,15.293055734303636,15.355033612022092,6317900
2017-11-22,15.32404613494873,15.44025447644462,15.231078575150478,15.32404613494873,4822300
2017-11-24,15.339533805847168,15.386018307335029,15.300798198942635,15.378270890420385,1425800
2017-11-27,15.184595108032227,15.41701178450279,15.169100268889071,15.324045704982241,4257000
2017-11-28,15.07613468170166,15.285310604459752,14.936685544198982,15.200091933375235,10782700
2017-11-29,15.238826751708984,15.308552055602965,15.076133883399924,15.076133883399924,8398700
2017-11-30,15.331792831420898,15.417011489740549,15.207835598314821,15.316297992573993,9409700
2017-12-01,15.114870071411133,15.409264631885295,14.967672052339443,15.409264631885295,6374100
2017-12-04,15.386022567749023,15.540966515940063,15.324044692938788,15.455747861619175,5336100
2017-12-05,15.285306930541992,15.455747187083428,15.269812093098402,15.401515256030862,5799000
2017-12-06,15.192344665527344,15.409266533380807,15.107124515916682,15.262069973814356,6597500
2017-12-07,15.223331451416016,15.339539795171856,15.145858729689033,15.176848409447532,4211900
2017-12-08,15.370530128479004,15.386024969017088,15.223332098705866,15.254321779782032,4147900
2017-12-11,15.362781524658203,15.378276364002561,15.238825765241765,15.324045903966521,4498100
2017-12-12,15.378276824951172,15.386024244855571,15.215583962297282,15.386024244855571,7561300
2017-12-13,15.378276824951172,15.448002126421516,15.316298943385227,15.39377166475997,7764200
2017-12-14,15.32404613494873,15.401517377499834,15.223331155361523,15.347286916646368,4787000
2017-12-15,15.60293960571289,15.626181855764813,15.347280765816308,15.37052301586823,11660800
2017-12-18,15.943822860717773,15.982558476938362,15.657174276610691,15.726899567942981,8067100
2017-12-19,15.711406707763672,15.99805382331864,15.633933995189407,15.99805382331864,6848100
2017-12-20,15.533219337463379,15.82761535562351,15.517725976772674,15.81212051726369,7224700
2017-12-21,15.533219337463379,15.703659604083176,15.494483719232942,15.626186889953187,6510800
2017-12-22,15.60293960571289,15.61843443908084,15.517720977526457,15.564203999961661,4287300
2017-12-26,15.633934020996094,15.719154152735365,15.595196925810473,15.610691763884722,2016300
2017-12-27,15.610692977905273,15.695913116271988,15.57970477701596,15.6726708573531,3089200
2017-12-28,15.783269882202148,15.791113132726267,15.563621461715485,15.665600177086018,3212200
2017-12-29,15.57147216796875,15.79111917628602,15.57147216796875,15.79111917628602,2950700
2018-01-02,15.642068862915039,15.712670093945507,15.508711148327777,15.665601609103467,5114800
2018-01-03,15.587162017822266,15.751897277762795,15.547938268146146,15.642073771135776,4121900
2018-01-04,15.547940254211426,15.689142778616292,15.524407497632781,15.57147450702332,4883200
2018-01-05,15.579317092895508,15.610694596050903,15.469492091269016,15.587161842742619,3775700
2018-01-08,15.995077133178711,16.010766631668407,15.602848648333854,15.68913939379426,9354200
2018-01-09,16.034297943115234,16.05783069030741,15.893095475031581,16.002918951882133,8968500
2018-01-10,16.199031829833984,16.332389539172084,15.893094171565856,15.963695399817352,10205600
2018-01-11,16.13627815246582,16.301014879086903,16.03429941406823,16.28532538203103,8056700
2018-01-12,15.97154712677002,16.20688365963198,15.932323373804234,16.18334940785251,5165600
2018-01-16,15.940165519714355,16.253948011001462,15.924476021091765,16.002922017971777,7582600
2018-01-17,16.418682098388672,16.44221484628325,15.97938668164175,16.026453673663603,6384600
2018-01-18,16.08136749267578,16.387305224717526,16.042145243625825,16.387305224717526,6405100
2018-01-19,16.253944396972656,16.277478639673756,16.08136443919576,16.08136443919576,6045600
2018-01-22,16.324546813964844,16.332391562101385,16.206878584382146,16.28532456951485,3988600
2018-01-23,16.70892906188965,16.74030805174398,16.301012667411438,16.34807965596035,5112600
2018-01-24,16.701087951660156,16.889357426223654,16.63832996390621,16.724620700835104,6774300
2018-01-25,16.606952667236328,16.81091164120659,16.504973928367598,16.71677615466924,4983600
2018-01-26,16.661867141723633,16.708934144589882,16.536354136591605,16.685401391273277,3227100
2018-01-29,16.43437385559082,16.638331347824497,16.395150109982108,16.583419600205207,3490800
2018-01-30,16.340242385864258,16.418688400164747,16.26179637156377,16.340242385864258,4328100
2018-01-31,16.28532600402832,16.55988622806141,16.19119051433049,16.371616744898596,9353100
2018-02-01,16.13627815246582,16.38730412042862,16.057832163419246,16.28532538203103,5234300
2018-02-02,15.775424003601074,16.11274060876985,15.72051227647729,16.034294643064868,5685900
2018-02-05,15.179241180419922,15.84602983878779,15.092950443386204,15.728360107838979,8362000
2018-02-06,15.234150886535645,15.320441612031177,14.716409526027608,14.936057965365064,11994300
2018-02-07,15.257685661315918,15.516556350604482,15.140015941994415,15.18708442821607,6285800
2018-02-08,14.708568572998047,15.273377067557304,14.700723823544491,15.257689064883161,7716500
2018-02-09,15.312597274780273,15.438110244554487,14.763476909843623,14.88114513197787,10915400
2018-02-12,15.234150886535645,15.398886093864299,14.86545673472919,15.359663852947739,9087700
2018-02-13,15.312597274780273,15.383198507307347,14.943901616864977,15.140015819166264,7162300
2018-02-14,15.406734466552734,15.406734466552734,15.00666123088833,15.163553223936974,12645500
2018-02-15,15.343975067138672,15.500867030520114,15.116483366091495,15.453800039998743,9929100
2018-02-16,15.595004081726074,15.642072577746397,15.31260058676887,15.367512335892966,7400800
2018-02-20,15.304755210876465,15.657759939179678,15.296910461860898,15.532246947396374,5880000
2018-02-21,15.077264785766602,15.351825067507702,15.045887280094194,15.140021293344581,7828900
2018-02-22,14.990973472595215,15.336133468948105,14.512454232617078,14.747790729787955,13249800
2018-02-23,15.06942081451416,15.132178821570454,14.95175254375009,15.061577559865365,6540400
2018-02-26,14.904683113098145,15.202776117017587,14.888993613883173,15.100797364586278,5480000
2018-02-27,14.504608154296875,14.967437853063561,14.488918656927504,14.95174835569419,8071200
2018-02-28,14.559517860412598,14.834078041004767,14.512450871127047,14.54382986147249,11886900
2018-03-01,14.441851615905762,14.70072233675984,14.300649132488479,14.520297606274564,8839300
2018-03-02,14.465384483337402,14.51245147458008,14.10453356052307,14.355559508794254,9953200
2018-03-05,14.214357376098633,14.394782074678536,14.135911399601813,14.316336098181715,15680900
2018-03-06,14.277115821838379,14.35556031289253,14.159446092791633,14.22220258337461,10786000
2018-03-07,14.543831825256348,14.622276319246712,14.18298086872285,14.19867036601405,8599500
2018-03-08,14.59874153137207,14.614429530240209,14.418315330178714,14.575207288720952,5628900
2018-03-09,14.834074974060059,14.834074974060059,14.598738580055487,14.700717285128855,4855700
2018-03-12,14.692878723144531,14.826236468203719,14.653656473046567,14.794858967371933,8251200
2018-03-13,14.669344902038574,14.84192488461294,14.630121158567475,14.747789396515126,6589400
2018-03-14,14.841926574707031,14.943905326878863,14.716413573772623,14.732103072947673,7987500
2018-03-15,14.943900108337402,14.959589602033542,14.755630672681137,14.873298882937245,6010400
2018-03-16,15.045883178710938,15.08510542416808,14.849768958959716,14.967437191563898,6144000
2018-03-19,14.857617378234863,15.022352645336037,14.716414865729215,15.006663144783603,4253200
2018-03-20,14.841926574707031,15.006661827346067,14.787014823827352,14.896838325586709,4257300
2018-03-21,14.708568572998047,14.8733038228238,14.637967324149018,14.826236822335437,4488200
2018-03-22,14.434006690979004,14.74778915238952,14.434006690979004,14.630120916389677,5520800
2018-03-23,14.104535102844238,14.48107406642529,14.065312855225192,14.473230813887751,4530700
2018-03-26,14.426161766052246,14.48107350909868,14.190825296929587,14.245737039976023,4510100
2018-03-27,14.379096984863281,14.57521123806449,14.277118231541177,14.426163986686328,4686900
2018-03-28,14.728065490722656,14.94220574327079,14.593236610904047,14.593236610904047,7560100
2018-03-29,14.783578872680664,14.91840771487735,14.688406462152525,14.751855240084014,6308300
2018-04-02,14.505990982055664,14.831166148348583,14.387023203336378,14.799441003959934,5589300
2018-04-03,14.791509628295898,14.847027117901712,14.537714525676094,14.577369443183638,5036800
2018-04-04,14.918407440185547,14.93427001256089,14.593232270181824,14.656681046945035,4377000
2018-04-05,14.783578872680664,15.00565035180997,14.712198808415463,14.950132860212191,6879600
2018-04-06,14.632890701293945,14.854960693950908,14.561510628586102,14.720131835807022,4161200
2018-04-09,14.46633529663086,14.704269353585627,14.45840401012521,14.672544207563034,5223600
2018-04-10,14.474265098571777,14.6725427026618,14.45047124149527,14.601162644170348,7183200
2018-04-11,14.656682014465332,14.759787228973105,14.402886890658907,14.442541811476813,6500400
2018-04-12,15.251518249511719,15.33876090973901,14.617030300782133,14.735996602076607,12637900
2018-04-13,15.180135726928711,15.38634465531527,15.100825880635563,15.330827157814726,7027600
2018-04-16,15.42599868774414,15.521171093562872,15.267375994395435,15.299101138160422,4956500
2018-04-17,15.600485801696777,15.632209439559187,15.378414285706137,15.433931786519187,8179400
2018-04-18,15.687726020812988,15.759106085859369,15.53703460429972,15.64013830228993,4961200
2018-04-19,15.43393325805664,15.687729948846199,15.35462339946965,15.648073506814118,5539900
2018-04-20,15.402207374572754,15.513242370618457,15.362552451053107,15.433931010840798,4511900
2018-04-23,15.43393325805664,15.489452276901552,15.330829534250404,15.418072193982395,4158200
2018-04-24,15.307034492492676,15.53703730038437,15.211862064408054,15.53703730038437,4451800
2018-04-25,15.560831069946289,15.560831069946289,15.243585610941222,15.283242049686086,7608300
2018-04-26,15.544970512390137,15.65600552981264,15.46565913734321,15.560833089947254,5028700
2018-04-27,15.66392993927002,15.751172564780086,15.481514915692602,15.529101114726277,5002300
2018-04-30,15.513240814208984,15.719449723847061,15.449792035300206,15.711518437391188,6524200
2018-05-01,15.489452362060547,15.576693509533593,15.33876090698733,15.529107291572059,3072000
2018-05-02,15.410135269165039,15.481515325976229,15.32289264134291,15.410135269165039,5904100
2018-05-03,15.410135269165039,15.743241696704581,15.354617783364787,15.457721469459822,8576600
2018-05-04,15.735315322875977,15.854281617116508,15.386346215397046,15.433932430545557,7173900
2018-05-07,15.957385063171387,15.96531483752704,15.687727352929027,15.790831059674241,5588700
2018-05-08,15.886004447937012,15.989108151150722,15.838416727003038,15.973245577506065,6803600
2018-05-09,16.346012115478516,16.361873179898478,15.90980032004926,15.949456762945712,6856500
2018-05-10,16.591869354248047,16.62359298309988,16.346005557878794,16.39359175752555,7188000
2018-05-11,16.44118309020996,16.67911718820424,16.433251802336304,16.607737110079807,5445500
2018-05-14,16.560152053833008,16.623600854317473,16.377736941532508,16.496703253348542,5951100
2018-05-15,16.131866455078125,16.504627816933297,16.092211538211572,16.457041614145812,8669300
2018-05-16,16.02876091003418,16.21910874261309,15.917725934978213,16.139797397828225,9603200
2018-05-17,16.108081817626953,16.211187080878712,16.060495587600975,16.084289458983452,5413700
2018-05-18,16.25876808166504,16.290493233304716,16.05255913422262,16.131870500583318,6262400
2018-05-21,16.742565155029297,16.75049644251288,16.361870919509286,16.385664781960042,8573000
2018-05-22,16.829805374145508,16.885324383503157,16.631527736083168,16.734632955009047,6559800
2018-05-23,16.980493545532227,17.10739108853225,16.790147231032194,16.806009802091705,6020000
2018-05-24,17.178773880004883,17.21049902717378,16.97256496162189,17.012221395583012,9778600
2018-05-25,17.099464416503906,17.234293281411034,17.028084340215518,17.170844492792295,4213400
2018-05-29,17.067739486694336,17.1787744801882,16.940841919061825,16.996359415808758,6434000
2018-05-30,17.305675506591797,17.424641810931995,17.0756741865659,17.0756741865659,4966100
2018-05-31,17.15498161315918,17.35325926316801,17.147051838368636,17.273949413355215,8999800
2018-06-01,17.37705421447754,17.821195754757316,17.139121624655147,17.273950495618106,4679800
2018-06-04,17.567394256591797,17.591188112092777,17.369116665630855,17.44049671939583,4981800
2018-06-05,17.40084457397461,17.519810844925654,17.337395795284838,17.50394827206866,5488300
2018-06-06,17.646713256835938,17.646713256835938,17.408780649479667,17.56740188347097,6469500
2018-06-07,17.51980972290039,17.66256984399411,17.44049837643298,17.66256984399411,4907500
2018-06-08,17.51980972290039,17.55946463976504,17.345325970862575,17.456360948274085,6350700
2018-06-11,17.10739517211914,17.39291546839277,17.06774024774265,17.329466681747338,7143900
2018-06-12,17.02014923095703,17.18670320914585,16.988425600139895,17.11532314888466,7382000
2018-06-13,16.718767166137695,17.13118493706278,16.71083588061167,17.028079737962493,5450400
2018-06-14,16.91704750061035,17.03601377725482,16.806012510773954,16.806012510773954,6213400
2018-06-15,16.885326385498047,16.980498815918548,16.84566994554075,16.940843888699757,8768800
2018-06-18,16.79808235168457,16.92497992365622,16.718770991017696,16.790151064344045,4641900
2018-06-19,16.742565155029297,16.86946272928983,16.631528642997523,16.66325379293186,5033200
2018-06-20,17.043949127197266,17.067742993293727,16.798085228488375,16.83774015924384,5040300
2018-06-21,17.15498161315918,17.186706763275033,16.89325517565706,16.98049782573724,7482500
2018-06-22,16.988428115844727,17.273948399170322,16.932910619139935,17.18670575421232,6821700
2018-06-25,16.68704605102539,17.00428995617567,16.671183477583313,16.97256480929151,7731800
2018-06-26,16.61566734313965,16.782219839697742,16.576010906288875,16.710839766104733,6870900
2018-06-27,16.69497299194336,16.96463064374592,16.480834337766744,16.647386792430556,14637800
2018-06-28,16.702987670898438,16.77505245493821,16.60690078309565,16.767045087017205,7205000
2018-06-29,16.87113380432129,17.007255972116315,16.630918932800142,16.70298369970627,8286700
2018-07-02,16.686969757080078,16.879141968837843,16.58287552118068,16.839106664106673,5866400
2018-07-03,16.83109474182129,16.967216879209893,16.662943147518394,16.686965240204113,4516300
2018-07-05,16.903165817260742,16.91917902446096,16.70298621839124,16.86312898113736,4479500
2018-07-06,17.071313858032227,17.087328590521686,16.879141649905566,16.927184320124994,4152900
2018-07-09,17.087329864501953,17.167402005670237,16.95921504953232,17.087329864501953,5938700
2018-07-10,17.111351013183594,17.3115305913445,17.063306814805713,17.175408417105125,5526600
2018-07-11,16.91918182373047,17.08733350877101,16.879146508232402,17.03929082472345,4213900
2018-07-12,16.951208114624023,17.015265523741085,16.78305646116105,16.951208114624023,3641600
2018-07-13,16.95921516418457,17.03928730589418,16.895157756266695,16.9832357376231,3562400
2018-07-16,16.83109474182129,16.967216879209893,16.735007898326984,16.935187422295602,3147500
2018-07-17,16.8391056060791,16.911170371866444,16.76704084029176,16.86312617650896,4855600
2018-07-18,16.903165817260742,16.975230595033697,16.80707893781376,16.871136348362036,5058200
2018-07-19,17.19141960144043,17.247471159624602,16.831097319463556,16.863125254034284,5720100
2018-07-20,17.039283752441406,17.175405906785464,17.00725429153751,17.135369080655593,4920000
2018-07-23,17.27950096130371,17.287508327623815,17.03928608069643,17.071314018727886,6358800
2018-07-24,16.91918182373047,17.40762061450372,16.879146508232402,17.319541087708703,7770700
2018-07-25,16.855117797851562,16.943197290132343,16.598888213669785,16.911169355734017,8809300
2018-07-26,16.87113380432129,17.007255972116315,16.815083769449615,16.895155902372966,3857300
2018-07-27,16.66295051574707,16.951209646447396,16.638929939688204,16.951209646447396,3194800
2018-07-30,16.566864013671875,16.68697146742487,16.51881981037137,16.662949365774615,4625000
2018-07-31,16.767044067382812,16.823094112172072,16.53483499354254,16.622914508068046,12229000
2018-08-01,17.223451614379883,17.247473714302657,16.710992367352922,16.75102767330852,8129900
2018-08-02,17.567760467529297,17.59978840634049,17.07932180085434,17.127364472695632,10960300
2018-08-03,17.319538116455078,17.6638472687683,17.27149544064948,17.567761917157107,12982200
2018-08-06,17.327543258666992,17.383593294451206,17.151385785166763,17.263485856735187,6384600
2018-08-07,17.11935806274414,17.279502347495356,17.055300654293475,17.279502347495356,7584900
2018-08-08,16.454761505126953,17.41562413740039,16.39070409812533,17.18341508248884,12959400
2018-08-09,16.406719207763672,16.534834024703578,16.37469126715324,16.43874867562319,11420100
2018-08-10,16.230560302734375,16.398710412605094,16.12646606850578,16.34266037598152,8288300
2018-08-13,16.094440460205078,16.32664800657675,15.998353578336305,16.230562651957154,6328700
2018-08-14,16.2465763092041,16.358676391241296,16.09443939269,16.09443939269,5368700
2018-08-15,16.646934509277344,16.702984546992248,16.174510581038902,16.222553252330393,9146000
2018-08-16,16.73501205444336,16.895156324289285,16.598889883249008,16.646934080552153,5444200
2018-08-17,16.759035110473633,16.791063049923082,16.534833425331353,16.70298507100032,6437300
2018-08-20,16.73501205444336,16.903163690506474,16.710991483040733,16.839106288017895,8965500
2018-08-21,16.86312484741211,16.959211703304938,16.72700269245905,16.775046884029845,8210800
2018-08-22,17.055299758911133,17.13537189708305,16.82309223818648,16.887149643274213,7930200
2018-08-23,16.71900177001953,17.10334781445339,16.67896645553132,17.07932570941085,7416100
2018-08-24,16.78305435180664,16.855119118912114,16.66294691571382,16.7029837459107,4569500
2018-08-27,16.759035110473633,16.7990704165977,16.66294823762722,16.783055683248463,5702900
2018-08-28,17.135374069213867,17.135374069213867,16.783057532946145,16.807079635617537,8275900
2018-08-29,17.335548400878906,17.51170737902906,17.167398315097834,17.167398315097834,7685500
2018-08-30,17.415624618530273,17.52772470206777,17.255480332977484,17.343559842756427,5254100
2018-08-31,17.23946762084961,17.567762041127942,17.223452886385026,17.37558980930032,10145600
2018-09-04,16.991241455078125,17.319535829693876,16.951206151734322,17.271493160231525,6237400
2018-09-05,17.007259368896484,17.11935946102906,16.9191798523642,16.9432019552137,6992300
2018-09-06,17.031278610229492,17.14337868352753,16.951206474767055,17.079321280607374,5424300
2018-09-07,17.143375396728516,17.17540485567225,16.943195860076152,17.015260615450895,7920100
2018-09-10,17.039283752441406,17.27149123499965,17.039283752441406,17.239463301344507,5367800
2018-09-11,17.04729461669922,17.159394698374385,16.91917827403594,16.935193007774984,6628300
2018-09-12,17.087329864501953,17.199429945788115,16.9912429896502,17.047294557542344,4802200
2018-09-13,17.19141960144043,17.271491728740447,17.13536957050506,17.18341223598555,5840700
2018-09-14,17.271495819091797,17.279503186443037,16.975230863341725,17.18341630547732,6092300
2018-09-17,17.135374069213867,17.311533100972326,17.087331391120287,17.287510998300938,5923300
2018-09-18,17.207439422607422,17.295518941417757,17.07131722410474,17.119359903797083,7508100
2018-09-19,16.927186965942383,17.2394681893024,16.86312955322095,17.223453454309745,9164800
2018-09-20,16.991241455078125,17.031278285670854,16.767041312754547,16.951206151734322,11704800
2018-09-21,16.91117286682129,17.111352461930565,16.903165499747026,16.96722290909203,10060400
2018-09-24,16.727006912231445,16.93519387981189,16.6229141920658,16.911173305215513,6722500
2018-09-25,16.951208114624023,17.151387709020977,16.77505062136438,16.85512123732388,8583600
2018-09-26,16.83109474182129,17.047288994247054,16.83109474182129,16.92718005806703,6855000
2018-09-27,17.122127532958984,17.17871599777386,16.88768784510305,16.96044488327075,5602200
2018-09-28,17.057456970214844,17.194886777508298,16.952362771856205,17.114045442290934,7220300
2018-10-01,16.952360153198242,17.081705652797734,16.903855976328426,17.057454335322817,5389900
2018-10-02,16.742170333862305,16.960441403583854,16.742170333862305,16.911937235396746,4876400
2018-10-03,16.806848526000977,16.911941171854576,16.645165871850754,16.75834280460387,5471400
2018-10-04,16.378387451171875,16.798761038330035,16.297546139499957,16.798761038330035,6433100
2018-10-05,16.24904441833496,16.37838991973719,16.200540240789127,16.313717169036074,5707400
2018-10-08,16.531984329223633,16.564319925884995,16.23287196502796,16.305628984915565,4698600
2018-10-09,16.289464950561523,16.53198893167801,16.25712934489803,16.51582035788623,4324000
2018-10-10,15.99843692779541,16.34605198228958,15.982268355422677,16.265212204265776,7993700
2018-10-11,15.553813934326172,16.01460755705933,15.456805562129864,16.01460755705933,8607600
2018-10-12,15.5053071975708,15.796335350125505,15.392130267986204,15.675072591947696,6142900
2018-10-15,15.5053071975708,15.666988305274508,15.448718732778502,15.464885764204858,6661000
2018-10-16,15.707411766052246,15.772084525865278,15.489140623463182,15.578066246426184,4960300
2018-10-17,15.626568794250488,15.755914300330321,15.489139001300657,15.715494407900396,3645700
2018-10-18,15.416380882263184,15.626567700410112,15.359792420054386,15.60231484149779,3727700
2018-10-19,15.440635681152344,15.553812619789602,15.359794349874239,15.424467106512694,8657000
2018-10-22,15.254701614379883,15.481055490405357,15.1900288580983,15.481055490405357,4365700
2018-10-23,15.125353813171387,15.157690960675792,14.793905760851548,15.052598315126598,7571700
2018-10-24,14.834321975708008,15.173854195437983,14.81006912361318,15.149601343343157,9249800
2018-10-25,15.125353813171387,15.270867893101084,14.850495768984254,14.898999948320801,9151900
2018-10-26,14.898996353149414,15.084930280673156,14.640305403217306,14.99600468841411,8467800
2018-10-29,15.101102828979492,15.303205379598767,14.971757319936764,15.04451436151331,5122700
2018-10-30,15.335537910461426,15.416379222880979,15.060678373386816,15.157688256674238,8290000
2018-10-31,15.44871997833252,15.699326717726464,15.17386037696362,15.400214254382611,9905400
2018-11-01,15.626568794250488,15.699325834160401,15.270867881570915,15.456803395740728,8605000
2018-11-02,15.101102828979492,16.07927843385514,15.036430074458128,15.941848637757229,7605700
2018-11-05,15.561898231506348,15.747832229925816,15.141524506620375,15.141524506620375,7139800
2018-11-06,14.955587387084961,15.521475094175075,14.801989030831365,15.448718059208634,9857500
2018-11-07,15.351709365844727,15.35979365279766,14.91516866382681,14.91516866382681,7432700
2018-11-08,15.375959396362305,15.47296773810048,15.149604029106909,15.343622254503051,6591700
2018-11-09,15.278949737548828,15.432548079801043,15.165772823215518,15.29511830871639,4944500
2018-11-12,15.198111534118652,15.416382663793282,15.190028788800449,15.303205726296865,4062200
2018-11-13,15.23044490814209,15.448715983717314,15.21427633767287,15.270864792395392,5904500
2018-11-14,15.222362518310547,15.400212189857564,15.06876416356725,15.311288125044024,5739300
2018-11-15,15.400212287902832,15.440633719366275,14.963671621537308,15.084932832087736,7225600
2018-11-16,15.569981575012207,15.57806586252964,15.295121967100243,15.375963300354384,5576300
2018-11-19,15.481049537658691,15.537637984905768,15.35170407483122,15.537637984905768,6701600
2018-11-20,15.5053071975708,15.618484127155398,15.319373229847528,15.424465872758937,6435900
2018-11-21,15.392127990722656,15.634650387357068,15.392127990722656,15.521473474516982,3400400
2018-11-23,15.303207397460938,15.481057110365711,15.254703210654235,15.278954533097437,1251900
2018-11-26,15.497223854064941,15.578065183796843,15.392131204757552,15.45680396015905,4260200
2018-11-27,15.481049537658691,15.602310716319504,15.392125495664521,15.481049537658691,4606500
2018-11-28,15.529556274414062,15.529556274414062,15.222361134768015,15.464883532282274,5678800
2018-11-29,15.602314949035645,15.69932484343361,15.400212415799846,15.481053737478158,5847600
2018-11-30,15.35979175567627,15.634651310447225,15.173857804484118,15.634651310447225,8227000
2018-12-03,15.642738342285156,15.650822629658677,15.295121694824573,15.497224253402107,4006200
2018-12-04,15.13343620300293,15.650819704776612,15.125351917140229,15.626566847188514,5512300
2018-12-06,15.238533020019531,15.254701594548942,14.680729534115924,15.01217760236818,8970800
2018-12-07,14.866661071777344,15.246614801163984,14.866661071777342,15.206193371484618,6344300
2018-12-10,14.640307426452637,14.907082698177422,14.486709075483851,14.88282984004975,5928200
2018-12-11,14.527130126953125,14.890915318396702,14.519045840263264,14.785822675268571,4566600
2018-12-12,14.430120468139648,14.753484196949074,14.430120468139648,14.640307277345746,6668000
2018-12-13,14.373533248901367,14.535214356300651,14.268439064267813,14.438206000245083,6183600
2018-12-14,14.373533248901367,14.5918028209864,14.260354777609846,14.333111815611531,6096500
2018-12-17,14.001663208007812,14.494793880831907,13.953159031934609,14.37353266968892,6524500
2018-12-18,14.219934463500977,14.413952711764233,14.042084788072984,14.20376589066571,7459300
2018-12-19,13.920822143554688,14.5756354712692,13.896570826030436,14.211850289205582,8105100
2018-12-20,13.354936599731445,13.84806576309621,13.201338233148949,13.742973117699801,9119300
2018-12-21,13.37110424041748,13.678299410226174,13.274094346734763,13.468112592180246,13773500
2018-12-24,12.886056900024414,13.371104048599737,12.886056900024414,13.306429759125756,3345600
2018-12-26,13.613624572753906,13.613624572753908,12.91839147681678,12.91839147681678,6894200
2018-12-27,13.613624572753906,13.613624572753908,13.088158379231068,13.468110525518721,8030500
2018-12-28,13.687479019165039,13.991097276037298,13.556184384005872,13.728508005718963,7185300
2018-12-31,13.67927360534668,13.744920926268904,13.441301088781369,13.744920926268904,5122300
2019-01-02,13.449505805969238,13.52335922999886,13.301798957909995,13.49053635551649,5120300
2019-01-03,13.416685104370117,13.630039301103057,13.35103777961811,13.367450002095033,6563900
2019-01-04,13.843396186828613,13.92545418484111,13.572600723981813,13.597217497323166,5968700
2019-01-07,13.933655738830566,14.015715275150635,13.769538231345901,13.87621453295316,5555800
2019-01-08,14.27830696105957,14.302925295677863,14.023923763960182,14.056746644962166,7861400
2019-01-09,14.327545166015625,14.352163505962004,14.056749687229779,14.319340617856245,7094800
2019-01-10,14.508072853088379,14.655779725033618,14.237277442907336,14.327541536197229,5978300
2019-01-11,14.557310104370117,14.56551621681802,14.352161988640287,14.475250545047002,6726900
2019-01-14,14.360366821289062,14.499867590159244,14.286513380995686,14.483455366726101,6773600
2019-01-15,14.327545166015625,14.491664302012657,14.196250483280432,14.3931940725393,6967000
2019-01-16,14.335747718811035,14.532689694000029,14.253689736349054,14.311130950134716,7218700
2019-01-17,14.38498592376709,14.393192035921397,14.122395030296895,14.286514143071285,6534200
2019-01-18,14.376777648925781,14.549101282776116,14.245483004519158,14.42601274928936,7070300
2019-01-22,14.163423538208008,14.393189949758415,14.023922782115909,14.343953283968995,5256400
2019-01-23,13.991100311279297,14.253691203719848,13.851599535514817,14.179837759776545,7587000
2019-01-24,14.105982780456543,14.171630105132284,13.86801025028468,13.950069797418276,10124700
2019-01-25,14.352161407470703,14.401396515008505,14.163425524279258,14.245485080279494,6828900
2019-01-28,14.508072853088379,14.598338511533955,14.229071331670857,14.253689665380291,7149800
2019-01-29,14.68039608001709,14.770661735919736,14.499866333367434,14.499866333367434,7193900
2019-01-30,14.901958465576172,14.992224134101528,14.688604245069968,14.688604245069968,9024200
2019-01-31,14.819897651672363,14.975810639034684,14.746044213719461,14.877338866712238,11906300
2019-02-01,14.803485870361328,14.885543848386993,14.442424819457111,14.852720970207848,6083300
2019-02-04,14.951191902160645,14.951191902160645,14.64757361222202,14.737837705502209,4794500
2019-02-05,15.033246994018555,15.06607142923289,14.926570709882393,14.959393579941512,8436800
2019-02-06,14.942986488342285,15.0496643742282,14.910163607023678,15.02504603937243,4229600
2019-02-07,14.926573753356934,14.959396630108518,14.795279116039517,14.852720324221444,5872800
2019-02-08,14.746044158935547,14.901957145718626,14.631161729282605,14.795280827491709,6581100
2019-02-11,14.68860149383545,14.860926686456116,14.680395383219649,14.795279366685282,9649600
2019-02-12,14.75424861907959,14.84451426950772,14.639366202284181,14.84451426950772,10732300
2019-02-13,15.066073417663574,15.123514621714577,14.770659722366508,14.82810092641751,10376400
2019-02-14,15.049664497375488,15.139930160762844,14.934782064086685,15.04145838568975,5461700
2019-02-15,15.295841217041016,15.32866566298935,15.139929794253609,15.172752675046215,9716200
2019-02-19,15.197368621826172,15.394310571107154,15.172750291232743,15.30404492408673,9573300
2019-02-20,16.149259567260742,16.288760345510376,15.189166344049939,15.500990784466598,19771800
2019-02-21,16.23952293395996,16.41184657168797,16.091816064389864,16.15746338807039,10887800
2019-02-22,16.526731491088867,16.69085060763721,16.321583377981387,16.321583377981387,9184800
2019-02-25,16.247726440429688,16.699053131370018,16.2313157844262,16.625199701309885,8389200
2019-02-26,16.165672302246094,16.502115090091248,16.157466189718658,16.28876085984575,7868800
2019-02-27,16.001548767089844,16.19028460767974,15.91948922961213,16.07540219430424,6602300
2019-02-28,16.09181785583496,16.198494181758342,16.01796441282807,16.02617052484615,9641100
2019-03-01,16.042579650878906,16.198492634013483,15.82922701941771,16.173874300311493,6661700
2019-03-04,16.247726440429688,16.247726440429688,15.993343273086754,16.124637912047984,5504600
2019-03-05,16.280553817749023,16.34620114906431,16.11643470688289,16.24772936951346,4520900
2019-03-06,16.190284729003906,16.395432791657747,16.157461852860155,16.288756487746173,4011000
2019-03-07,15.903074264526367,16.21490014009554,15.870251394293163,16.21490014009554,5341400
2019-03-08,15.829227447509766,15.829227447509766,15.61587324512285,15.779990778774208,7098800
2019-03-11,15.952311515808105,16.10822289428402,15.75536959155804,15.927693188343616,4663900
2019-03-12,15.72254753112793,15.960520037117544,15.681518544308247,15.903077264352259,7536800
2019-03-13,15.730754852294922,15.935902932494304,15.697930408188313,15.7964021753525,4896000
2019-03-14,15.771782875061035,15.796401206631261,15.615871470582901,15.722547777076127,3928800
2019-03-15,15.72254753112793,15.821019290712895,15.673312433913207,15.755371972708092,7254000
2019-03-18,15.755373001098633,15.862049312886136,15.632282902294163,15.788195879665702,3718300
2019-03-19,15.665107727050781,15.870255809840703,15.615872625424787,15.804608485954155,4267400
2019-03-20,15.689729690551758,15.911288481708308,15.558433447245177,15.648699125407193,7584000
2019-03-21,15.71434497833252,15.87846409307752,15.550227428743396,15.63228542096002,7758100
2019-03-22,15.427135467529297,15.714343101451766,15.221987381178344,15.673314110243851,6581400
2019-03-25,15.345072746276855,15.48457346452138,15.18915981055528,15.427130703351702,5983100
2019-03-26,15.665107727050781,15.665107727050783,15.402518431504589,15.476371866521413,6486200
2019-03-27,15.591254234313965,15.722548881600998,15.427135142627344,15.656901557957482,8444400
2019-03-28,15.7322416305542,15.740535042405783,15.533204491535928,15.657602505696527,6256700
2019-03-29,15.674185752868652,15.848344198399326,15.63272028487889,15.781998500531977,6376100
2019-04-01,15.98932933807373,16.005914576532337,15.757118599784553,15.781998830181829,6406200
2019-04-02,16.12201690673828,16.1634823657439,15.922979856260755,16.03908440692118,8707900
2019-04-03,16.00591278076172,16.229830083796248,15.88980821554651,16.196658028794502,12362500
2019-04-04,15.964447975158691,16.030793669705286,15.831756586065499,15.989328203790965,4770500
2019-04-05,16.03079605102539,16.063969694129586,15.956156935847318,15.997623989727563,3975500
2019-04-08,16.080551147460938,16.10543137393065,15.956153178724364,16.005912049857795,4844000
2019-04-09,15.715651512145996,16.072258620270688,15.682477875033328,16.055673383520435,4375000
2019-04-10,15.889808654785156,15.922982292509978,15.748823858066876,15.757117267498082,8473900
2019-04-11,15.815167427062988,15.981032429792185,15.67418264928494,15.947858796523986,4255600
2019-04-12,15.939567565917969,15.956154384818207,15.66589138128847,15.873221872123123,4817700
2019-04-15,15.773706436157227,15.981036957404909,15.674187089963548,15.939569904071567,5776100
2019-04-16,15.757118225097656,15.831757332708404,15.632720239681811,15.798583692967537,5528800
2019-04-17,15.599542617797852,15.873218748573048,15.558077160512987,15.873218748573048,3678400
2019-04-18,15.674185752868652,15.757118270654392,15.53320094717476,15.582961406929929,5204600
2019-04-22,15.50002670288086,15.616131262320735,15.350748508283312,15.616131262320735,4459200
2019-04-23,15.690773010253906,15.773705530351846,15.475149090721763,15.541494790438865,5829500
2019-04-24,15.715651512145996,15.831756078428171,15.665891056476994,15.75711697673075,6242700
2019-04-25,15.674185752868652,15.790291910491172,15.441976601236036,15.616133464960498,8154900
2019-04-26,15.906396865844727,15.947862334823885,15.682479537022278,15.723945006001436,5655300
2019-04-29,15.947859764099121,16.20495069210797,15.914687710624234,15.922981119444454,9877300
2019-04-30,15.956153869628906,15.997620915540624,15.806875667958844,15.931273642081875,7415600
2019-05-01,16.155193328857422,16.263006082333415,16.005915105156074,16.022501925968733,15027800
2019-05-02,16.25471305847168,16.578148162978504,16.1386068918283,16.1717805342425,10758000
2019-05-03,16.486919403076172,16.511799630623543,16.254710273191616,16.312762555662754,6314600
2019-05-06,16.486919403076172,16.511799630623543,16.171777763173107,16.279588918932927,9966700
2019-05-07,16.055673599243164,16.428867530938394,15.922982212621823,16.32934978187544,8058600
2019-05-08,15.815167427062988,16.138602442398433,15.798580610428889,16.072256757667933,8126300
2019-05-09,15.765408515930176,15.947858752989521,15.682476014791968,15.682476014791968,10631900
2019-05-10,15.931273460388184,15.939566869475941,15.549786133187549,15.657597287716325,4974300
2019-05-13,15.616131782531738,15.74882316397072,15.483440401092757,15.641012009728813,6669400
2019-05-14,15.748827934265137,15.922986413784894,15.607843101056385,15.632723335789642,4804800
2019-05-15,15.98932933807373,16.097140506182775,15.665892670134118,15.665892670134118,4250900
2019-05-16,16.03908920288086,16.146900377616358,15.989330320834195,15.989330320834195,3813500
2019-05-17,15.906396865844727,16.055675085059693,15.856637986708487,15.898103455687645,4522900
2019-05-20,15.7322416305542,15.914693527675878,15.616137028245184,15.873226468417965,2746000
2019-05-21,15.906396865844727,15.947862334823885,15.723945006001436,15.831757756237243,5289600
2019-05-22,15.85664176940918,15.922987484686766,15.798587884460495,15.889813836144661,2742300
2019-05-23,15.873222351074219,15.906395989875664,15.591252748486584,15.699065492785117,6009500
2019-05-24,15.972740173339844,16.113724961284927,15.87322084816437,15.989326991170092,4135200
2019-05-28,15.657596588134766,16.039085480096517,15.657596588134766,16.022498662662098,6955800
2019-05-29,15.408802032470703,15.624425932992128,15.284404054194605,15.59125229515524,5463800
2019-05-30,15.259525299072266,15.57466856172425,15.24293847855242,15.441977161178025,8239800
2019-05-31,15.019021034240723,15.143419010491842,14.844862602044286,15.010727624916504,8376400
2019-06-03,14.969260215759277,15.068779543433598,14.778516551340054,15.043899316063504,9246600
2019-06-04,15.010727882385254,15.151712679703028,14.894621731660777,15.052193347911492,10045300
2019-06-05,15.101954460144043,15.251232689042723,14.902917348881251,15.143421513619426,10673600
2019-06-06,15.035605430603027,15.151711572845763,14.936087687887541,15.085365883766771,6177000
2019-06-07,15.20976734161377,15.284406456672794,15.052195700732897,15.10195458350346,7116700
2019-06-10,15.325868606567383,15.37562906035798,15.209764044668031,15.309281788637184,3941500
2019-06-11,15.408802032470703,15.483441135797586,15.26781723527616,15.425388851389148,4406700
2019-06-12,15.284406661987305,15.458563544926895,15.267819840238854,15.417098072362151,4881600
2019-06-13,15.375630378723145,15.383922206593198,15.226352168163713,15.284404454091012,4896900
2019-06-14,15.184885025024414,15.350750053901216,15.126832739459378,15.34245664427676,5239000
2019-06-17,15.375630378723145,15.450267902196707,15.184885119782672,15.209765348811295,5773200
2019-06-18,15.466854095458984,15.699064811574575,15.35904293764473,15.458560686118489,5075600
2019-06-19,15.317577362060547,15.483442401188142,15.168300725013204,15.466855580914133,7335700
2019-06-20,15.466854095458984,15.50832114216146,15.27611042604587,15.50832114216146,5569400
2019-06-21,15.068780899047852,15.417096204533955,15.068780899047852,15.417096204533955,13464900
2019-06-24,14.819986343383789,15.135128039443156,14.679001525771517,15.068782335967166,8600300
2019-06-25,14.761931419372559,15.077074674835515,14.761931419372559,14.936089867245505,7950200
2019-06-26,14.778518676757812,14.869744608428702,14.679000916577094,14.795105497390024,8094300
2019-06-27,15.105626106262207,15.11401365298882,14.8120683698746,14.904329784106382,5004700
2019-06-28,15.281759262084961,15.290146808522788,15.130788225486768,15.130788225486768,8481100
2019-07-01,15.239821434020996,15.524991582134511,15.105623905468839,15.399181599086955,8296900
2019-07-02,15.298534393310547,15.399183351055886,15.155949303031846,15.223048074941769,5367400
2019-07-03,15.483054161071777,15.499829252413011,15.323695592612319,15.332083138282936,2427000
2019-07-05,15.441116333007812,15.474666511997704,15.172721300131029,15.374017574788617,3275400
2019-07-08,15.382407188415527,15.441118409783702,15.298533329420648,15.390794734291095,3959300
2019-07-09,15.164337158203125,15.290147158125329,15.03852715828092,15.264986117997454,4898400
2019-07-10,15.382407188415527,15.390794734291095,15.147560703182027,15.306920875296216,7969500
2019-07-11,15.231432914733887,15.432729194692763,15.046911724711741,15.3824055246432,4726900
2019-07-12,15.264984130859375,15.365631477790869,15.206271312095144,15.264984130859373,4605900
2019-07-15,15.206273078918457,15.298534490792832,15.122400813317304,15.248210811479955,4854000
2019-07-16,15.348855972290039,15.348855972290039,15.030137249264861,15.197884955969077,4015900
2019-07-17,15.013360977172852,15.332081274877176,14.963037309026062,15.315306185574723,5122000
2019-07-18,14.929491996765137,15.055303607781896,14.828844627665035,14.979817281076276,3555700
2019-07-19,14.820454597473145,14.971427225592594,14.803679505513022,14.937877041672351,3490500
2019-07-22,14.652706146240234,14.845616494633981,14.627545109316381,14.753355093217873,4317700
2019-07-23,14.97142505645752,14.979812601222351,14.669479843965956,14.77012878138334,2918000
2019-07-24,14.97142505645752,15.021748725285919,14.854001029510474,14.954649966927859,2796000
2019-07-25,14.862390518188477,14.979814560493898,14.795291751054293,14.979814560493898,2449600
2019-07-26,14.770130157470703,14.946263814660218,14.753355066378159,14.870777504504503,4757400
2019-07-29,14.677868843078613,14.887552683694022,14.644318660694989,14.828841464283427,8474400
2019-07-30,14.828843116760254,14.845618209821426,14.610771706247789,14.619159252778374,4438900
2019-07-31,14.585610389709473,14.946266924435028,14.510124063847796,14.828844461877338,7662500
2019-08-01,14.308825492858887,14.619158295117835,14.308825492858888,14.619158295117835,9884000
2019-08-02,14.317212104797363,14.46818472308694,14.250113341086518,14.300437013929473,7749000
2019-08-05,13.923007011413574,14.30882450124363,13.72171072109867,14.199789610566656,10118800
2019-08-06,14.057205200195312,14.191402733390813,13.964943796213111,14.057205200195312,10201800
2019-08-07,13.93978214263916,14.08236721532914,13.453315706360527,13.822358106461067,11041800
2019-08-08,14.090753555297852,14.275276360272384,13.889457258766255,13.97333111559461,13727500
2019-08-09,13.95655632019043,14.216565441847244,13.822358786324044,14.048817724633865,11904400
2019-08-12,13.688161849975586,13.906233251967949,13.646225718722034,13.83913448210575,4958500
2019-08-13,13.839134216308594,13.923008076965662,13.612675272462763,13.637837910588132,5153000
2019-08-14,13.268795013427734,13.721712939686597,13.235245626284168,13.688162752662548,8815900
2019-08-15,13.084273338317871,13.310731493851748,13.008787019846427,13.252020268320827,10447100
2019-08-16,13.293956756591797,13.361055526350963,13.075885354934291,13.134596578503453,6919800
2019-08-19,13.411377906799316,13.470089124690883,13.377828525164086,13.453315633693798,4919000
2019-08-20,13.377828598022461,13.436540616114138,13.310729834386564,13.361054307053665,7209200
2019-08-21,13.369441032409668,13.495251813947263,13.310729814287003,13.495251813947263,5716600
2019-08-22,13.495251655578613,13.512026746205578,13.268792731396681,13.344279039457327,4361600
2019-08-23,13.159757614135742,13.48686469666071,13.126208231303467,13.436541022352488,8621600
2019-08-26,13.22685718536377,13.369441462551915,13.176532711153543,13.25201902252869,4894900
2019-08-27,13.20169448852539,13.369441401999081,13.159757560186872,13.285568345202424,6958000
2019-08-28,13.23524284362793,13.344278528890328,13.176531628440607,13.184919173433173,7680800
2019-08-29,13.40299129486084,13.587514106526083,13.369441910889089,13.369441910889089,5924000
2019-08-30,13.453316688537598,13.53718894938138,13.36105528189644,13.428154050427965,6300600
2019-09-03,13.444929122924805,13.453316668949137,13.268793855935494,13.344280170393652,5787800
2019-09-04,13.704937934875488,13.738486522355702,13.553965291812078,13.553965291812078,10226800
2019-09-05,14.02365493774414,14.04043002923895,13.730098835388867,13.780422510112517,14782900
2019-09-06,13.973333358764648,14.107530911328743,13.93139722349875,14.006883546786181,8090700
2019-09-09,14.375925064086914,14.375925064086914,13.914621207678227,13.990107525964872,6115800
2019-09-10,14.619156837463379,14.62754438260821,14.367535282400413,14.367535282400413,8803500
2019-09-11,14.610773086547852,14.75335819151618,14.434637792287646,14.67787186537053,6886900
2019-09-12,14.325599670410156,14.686256125774227,14.216564779136718,14.64431839854543,8777600
2019-09-13,14.526897430419922,14.652707425303616,14.42625007441732,14.434636020950137,8476400
2019-09-16,14.602383613586426,14.652707291126907,14.434635888770336,14.443023434987227,7781200
2019-09-17,14.468186378479004,14.602383921255038,14.434636192904545,14.577221282074195,7303500
2019-09-18,14.510122299194336,14.560447576822508,14.409474943459742,14.493348806412486,5597500
2019-09-19,14.484962463378906,14.627547562314579,14.44302472853841,14.535286145426495,4273400
2019-09-20,14.459798812866211,14.59399635546388,14.401087587949844,14.510122491400113,10822800
2019-09-23,14.443021774291992,14.56044580806589,14.29205075902958,14.29205075902958,5433200
2019-09-24,14.342374801635742,14.552058639087257,14.26688849217234,14.501734966031895,7362300
2019-09-25,14.308825492858887,14.45979812099779,14.300437946877746,14.367536714966056,9790700
2019-09-26,14.174626350402832,14.384310176887372,14.12430267997952,14.350761596525377,8984100
2019-09-27,14.522628784179688,14.522628784179688,14.191603427102235,14.259505773876135,9952000
2019-09-30,14.675409317016602,14.819700385860639,14.539603005957007,14.548091001580708,8606100
2019-10-01,14.412287712097168,14.760287471939389,14.403799715647384,14.743313097959609,5150400
2019-10-02,14.081262588500977,14.420774319183291,14.072774592868964,14.318921609438414,9104600
2019-10-03,14.13218879699707,14.183115151342031,13.852091419720358,14.047310460475723,8623900
2019-10-04,14.106725692749023,14.225554386322898,14.004871370457467,14.149164049334113,5944800
2019-10-07,14.259506225585938,14.369848554413707,14.055799178811247,14.098239158714119,7594900
2019-10-08,13.962434768676758,14.23404417036418,13.945458776341361,14.191604189525687,6093300
2019-10-09,13.945459365844727,14.089752068955686,13.886045009079002,14.030337712189962,6882800
2019-10-10,14.013360023498535,14.14067671815097,13.945457678422597,14.021848018997979,4878000
2019-10-11,14.140676498413086,14.47170022314942,14.115212512310451,14.16614048451572,8320800
2019-10-14,13.84360408782959,14.10672710555167,13.716287386403899,14.081263117698654,5420800
2019-10-15,13.928482055664062,14.055798753682488,13.835115721621381,13.903018068492518,4844200
2019-10-16,13.877555847167969,14.055798902496965,13.775701516323066,13.877555847167969,4531000
2019-10-17,13.936968803405762,14.004871144196601,13.818140111751667,13.936968803405762,4754000
2019-10-18,13.953946113586426,14.00487246926808,13.801165427621811,13.89453176213789,4994700
2019-10-21,14.259506225585938,14.26799422156651,13.996384825866924,14.021848813808647,5118100
2019-10-22,14.242528915405273,14.26799127917637,14.08974825710124,14.251016909635428,4288500
2019-10-23,14.301947593688965,14.361361952400264,14.200093250955408,14.26799560647116,7111500
2019-10-24,14.251020431518555,14.395311512332013,14.16614208716023,14.344385153284923,4083200
2019-10-25,14.15765380859375,14.200092170467004,14.07277546592751,14.140677816276556,3780400
2019-10-28,14.174628257751465,14.284968957961224,14.14916427204788,14.251018595942666,4227400
2019-10-29,14.098238945007324,14.276482001138412,14.081262953303504,14.13218930949529,4700600
2019-10-30,14.140676498413086,14.140676498413086,13.90301748488058,14.05579816365722,3658200
2019-10-31,13.911505699157715,14.14067672092888,13.877555336072879,14.115212734425548,7046000
2019-11-01,14.225553512573242,14.259503871972138,13.979406526523666,13.987894521103248,8510800
2019-11-04,14.539600372314453,14.582040342745563,14.267991037232704,14.301943013577592,5774100
2019-11-05,14.777261734008789,14.913066423459242,14.5396027180107,14.556578708921906,15769000
2019-11-06,14.794239044189453,15.21014114508429,14.700872704771518,14.845165402544808,12001800
2019-11-07,14.386826515197754,14.913069386651593,14.378338518055605,14.811216658785654,9107900
2019-11-08,14.573554992675781,14.599018979554266,14.234043262227466,14.344383967528307,8328500
2019-11-11,14.463216781616211,14.480191156876204,14.27648408347709,14.437752790346355,6839500
2019-11-12,14.251020431518555,14.556580204720854,14.242532435190745,14.403799508659821,6381500
2019-11-13,14.301947593688965,14.318923587297865,14.140678892244107,14.174630879461912,5902100
2019-11-14,14.48019027709961,14.488678273673855,14.25950722292869,14.301947205799912,5657400
2019-11-15,14.54809284210205,14.615995196762558,14.488678484139088,14.52263047092926,3986900
2019-11-18,14.615992546081543,14.692382883585834,14.463213489992501,14.556578198893659,7176200
2019-11-19,14.590531349182129,14.768774405034703,14.55657936582754,14.709360053083845,6744500
2019-11-20,14.301947593688965,14.522630653845122,14.251021231782115,14.50565466023622,12232900
2019-11-21,14.225553512573242,14.26799186655172,14.09823683171838,14.234041507152824,6407000
2019-11-22,14.352871894836426,14.488676586369337,14.191603216546236,14.28496954906997,5481800
2019-11-25,14.54809284210205,14.599020822287308,14.361361771515618,14.395312139385954,4693600
2019-11-26,14.836675643920898,14.845163639125147,14.5396022874504,14.607504630164838,10804800
2019-11-27,15.065848350524902,15.091312338998867,14.768774960674268,14.819701318702462,7736800
2019-11-29,14.84516429901123,15.023408968384548,14.82818830784813,15.023408968384548,3448400
2019-12-02,14.853652000427246,14.997944684616751,14.802725646866124,14.879115986667603,5744800
2019-12-03,14.887603759765625,14.963992479506807,14.68389511072392,14.743311077730832,8412900
2019-12-04,14.89609146118164,15.082824136260335,14.836677107809223,14.845165103850956,7974700
2019-12-05,15.040382385253906,15.06584637038107,14.896089707372349,14.9894560339191,8237200
2019-12-06,15.184677124023438,15.320481825294232,15.108286777193648,15.176189127829046,7816000
2019-12-09,15.235603332519531,15.311993670481321,15.142237004139666,15.227115337310494,6663200
2019-12-10,15.193164825439453,15.2525791787277,15.108286484062086,15.1252624761215,8084800
2019-12-11,15.201652526855469,15.286530866587862,15.082823822581922,15.227116514451088,6093100
2019-12-12,15.159215927124023,15.17619030190626,14.819702528761487,14.862142513016737,12552900
2019-12-13,15.235603332519531,15.27804168964517,15.065846666177876,15.20165135168338,11489500
2019-12-16,15.507213592529297,15.532675960696569,15.21014021886053,15.345944912151456,12180700
2019-12-17,15.566627502441406,15.583603493351715,15.413846822087825,15.566627502441406,12707100
2019-12-18,15.710918426513672,15.761844774617348,15.4987234206757,15.583601746794772,7573700
2019-12-19,15.821258544921875,15.846722527512313,15.626039535153266,15.70242986400522,7860500
2019-12-20,15.8806791305542,15.923119118228046,15.761850402907422,15.855216756869888,14734600
2019-12-23,15.872188568115234,15.906138930385183,15.770334243466257,15.889162939790424,3397400
2019-12-24,15.889163970947266,15.93160395018838,15.80428725030438,15.846725610625823,1632500
2019-12-26,15.974044799804688,15.982532796975628,15.84672808008045,15.914630438528038,2642200
2019-12-27,16.007993698120117,16.04194406132978,15.906139370651909,16.04194406132978,3278400
2019-12-30,16.025196075439453,16.094010596167376,15.98218761523485,16.033798095613893,2813000
2019-12-31,15.956380844116211,16.08540950031909,15.956380844116211,15.99078892328165,4320200
2020-01-02,15.681124687194824,16.051003380025886,15.595106119450994,16.042401359184733,8615600
2020-01-03,15.517690658569336,15.569301141103841,15.423070073366363,15.431672093900056,7338700
2020-01-06,15.113402366638184,15.423068511827774,15.078995928654614,15.423068511827774,6040600
2020-01-07,15.07039737701416,15.122007866199944,14.941370333715765,15.113405844557668,10964100
2020-01-08,15.173617362976074,15.302646038503395,15.061794370275862,15.087600433514877,8460600
2020-01-09,14.992980003356934,15.208025610655415,14.958571918668643,15.156415124290758,5100500
2020-01-10,15.07039737701416,15.096201801273116,14.898360225504387,15.001582844543824,7675000
2020-01-13,15.199421882629395,15.208023902835484,15.0273847598428,15.070394860873247,5952000
2020-01-14,15.208026885986328,15.242433332892132,15.078999838920708,15.216628907879759,4737800
2020-01-15,15.173617362976074,15.319848439994978,15.122006877165804,15.173617362976074,4598400
2020-01-16,15.380061149597168,15.397265191983266,15.233830070650912,15.251034113037008,4561400
2020-01-17,15.380061149597168,15.500487805632064,15.345654705492757,15.414469234369362,6042900
2020-01-21,15.130606651306152,15.337050204557526,15.0445880939512,15.337050204557526,12637300
2020-01-22,15.07039737701416,15.26823895278289,15.05319333372961,15.14781393112677,5837600
2020-01-23,15.010184288024902,15.0703967965337,14.855351185763531,15.035988711289926,7150400
2020-01-24,14.691914558410645,15.018783131431062,14.476868969651315,14.992978710807233,9593300
2020-01-27,14.33063793182373,14.433860536524772,14.19300888600077,14.322035911376341,8908900
2020-01-28,14.528480529785156,14.597295057668447,14.270426460389759,14.425259558294103,9413900
2020-01-29,14.425257682800293,14.666107678743916,14.425257682800293,14.580090760574077,9220200
2020-01-30,14.236019134521484,14.408056283728667,14.089788049895734,14.287631263684348,8969800
2020-01-31,14.055381774902344,14.218816904564333,13.995169264149997,14.184408818038497,9191900
2020-02-03,14.063982009887695,14.279027601351826,14.020971907194273,14.089786430836089,6575400
2020-02-04,14.48547077178955,14.640303855869796,14.236017105067464,14.236017105067464,10785800
2020-02-05,14.657510757446289,14.838148297019835,14.562890156335612,14.58009420029536,8640200
2020-02-06,14.623101234436035,14.81234077741775,14.55428670601834,14.795138375814156,5160600
2020-02-07,14.365046501159668,14.580092097640096,14.287629955173298,14.485471510175044,5129400
2020-02-10,14.356446266174316,14.442464843599613,14.244621623321061,14.365048287983637,4414700
2020-02-11,14.562888145446777,14.580092187030937,14.451063515817445,14.485471598985766,5499000
2020-02-12,14.700517654418945,14.855350752161,14.623101105547917,14.648907168727513,6454900
2020-02-13,14.511277198791504,14.674710666628194,14.502675178273627,14.59729412263496,5235900
2020-02-14,14.545683860778809,14.597294344001078,14.476869336259886,14.554285881427132,4978000
2020-02-18,14.494075775146484,14.60589878073696,14.39945517303058,14.468269708932706,8527800
2020-02-19,14.37364673614502,14.605896371759822,14.365046356160189,14.537081847207402,10452600
2020-02-20,14.777934074401855,14.906961107838985,14.34784286916626,14.906961107838985,10585900
2020-02-21,14.949968338012695,14.967172378562227,14.588691689810576,14.709118332989688,8200500
2020-02-24,14.132797241210938,14.588692867915974,14.029574630245648,14.571490466644876,10316700
2020-02-25,13.23820686340332,14.20161101163338,13.23820686340332,14.20161101163338,14476700
2020-02-26,12.80811595916748,13.384438220548232,12.80811595916748,13.307021674939795,14437500
2020-02-27,12.713495254516602,13.264012269044796,12.292006088253087,12.515653702311463,18896500
2020-02-28,12.455440521240234,12.825319208709097,12.31781147111243,12.395228016892782,20376800
2020-03-02,12.876932144165039,12.894135367443718,12.094166207137302,12.541460676724316,10950500
2020-03-03,12.188785552978516,12.997356706365442,12.111369000139932,12.842524421022198,12121900
2020-03-04,12.27480411529541,12.421034378994719,11.939332660101428,12.403831156344062,14922100
2020-03-05,11.31139850616455,11.965137342897654,11.208176714101516,11.965137342897654,19704600
2020-03-06,11.578055381774902,11.715684437433357,10.812492734257397,10.907113325272993,19246000
2020-03-09,10.382400512695312,11.225379626899219,10.253373490681332,10.735075138511736,9909400
2020-03-10,10.855500221252441,11.233980881959837,10.304983269466113,10.855500221252441,11290000
2020-03-11,9.93510627746582,10.56303899736631,9.840485694229331,10.537233756635365,15610700
2020-03-12,9.040518760681152,9.453405989244759,8.55881617368961,9.03191673833591,19298500
2020-03-13,9.814679145812988,9.823281165021795,8.369572732081705,9.565226331093537,27175300
2020-03-16,8.27495288848877,8.79966374930446,7.724435970337617,8.730849237077276,22642400
2020-03-17,8.66203498840332,8.66203498840332,6.761032594703073,8.403980969866618,30035000
2020-03-18,8.008298873901367,8.842675249701971,7.1051071482231825,8.008298873901367,23942700
2020-03-19,8.902888298034668,9.367386767998763,7.50939206780851,7.887872788717846,32838000
2020-03-20,9.152341842651367,9.900700498551341,8.386779143466045,9.083527310177848,32067400
2020-03-23,9.186749458312988,9.73726573904044,8.816870716948756,9.066323611736875,24853700
2020-03-24,9.556626319885254,10.451215997226145,8.868481045264472,9.831885250067442,20507500
2020-03-25,10.442614555358887,10.700668617214669,9.083526438871827,9.763070497115358,18291800
2020-03-26,10.717872619628906,11.853313112707669,10.313586666355707,10.623252851983628,16527400
2020-03-27,9.70285701751709,10.158754269595542,9.298571889523684,10.141550228233859,12528800
2020-03-30,10.000597953796387,10.053140031933307,9.116131565459247,9.956812331921437,13639400
2020-03-31,9.667829513549805,10.1056841125967,9.30878887595397,9.965570774524315,12147200
2020-04-01,9.002289772033691,9.098618312423557,8.792119777777959,8.984776023416373,12319100
2020-04-02,8.363021850585938,9.168674268064576,8.214151240716543,8.853418465921736,12895800
2020-04-03,7.933925628662109,8.494378975757503,7.73251208069368,8.240423344069562,11869200
2020-04-06,9.124889373779297,9.229974371147382,8.468107513872772,8.669520216709605,12677200
2020-04-07,9.36133098602295,10.105684140515644,9.229974940002533,9.939299759880356,10877900
2020-04-08,9.860486030578613,9.974328329545031,9.335060163832287,9.54523017647426,10420000
2020-04-09,10.429695129394531,10.77122197518197,10.070654536078678,10.350881177663487,11532100
2020-04-13,9.991839408874512,10.455964938183403,9.807940488183641,10.43845119271536,8546000
2020-04-14,10.018112182617188,10.429695711783443,9.90427072947246,10.298339674991025,12585000
2020-04-15,9.869241714477539,9.921783791502657,9.25624469148194,9.545228620543863,13702400
2020-04-16,9.632800102233887,9.930541329925537,9.431387410054992,9.807941755246247,12591600
2020-04-17,9.95681381225586,10.184498411743704,9.851728805217178,10.026870483614982,15377200
2020-04-20,9.457658767700195,9.913027080866476,9.457658767700195,9.685343341853988,11318000
2020-04-21,9.247488021850586,9.492686324301642,9.063589086226985,9.098617415148563,10045200
2020-04-22,9.300031661987305,9.685344180077951,9.168675615221762,9.492687921032628,6093500
2020-04-23,9.466415405273438,9.68534267256787,9.308787505576246,9.641557052080735,7611700
2020-04-24,9.720372200012207,9.948055951354192,9.466416572055055,9.790428867369949,10370300
2020-04-27,10.131954193115234,10.324610432251191,9.702856927207172,9.860484835149437,7854500
2020-04-28,10.237039566040039,10.517267061114985,10.105683527981485,10.438453104223322,11852800
2020-04-29,11.007661819458008,11.200318032539759,10.49099337786765,10.622350228435687,24373500
2020-04-30,10.77997875213623,10.920092066242947,10.412180885035484,10.797492498828957,12008000
2020-05-01,10.018112182617188,10.499752376091573,9.93054176980268,10.385910087805533,8277300
2020-05-04,9.72912883758545,9.991841762621904,9.562744458309135,9.807942798610522,9934900
2020-05-05,9.606529235839844,10.114440456281063,9.562743613013954,9.939298800118795,11238400
2020-05-06,9.22121524810791,9.807940326591071,9.20370150292842,9.676584314750846,10132400
2020-05-07,9.676586151123047,9.869242395505678,9.405115950622914,9.405115950622914,9037700
2020-05-08,9.685342788696289,9.877998184923653,9.387601567983308,9.851727146372879,9927100
2020-05-11,8.905961990356445,9.553986551321096,8.87969095008526,9.440144263290877,15165600
2020-05-12,8.608220100402832,9.142402333017559,8.599462809259661,8.923475065285766,13440200
2020-05-13,8.275452613830566,8.546922860876537,8.196638644199753,8.476866184569472,20341400
2020-05-14,8.792118072509766,8.80087536269057,7.933923678178607,7.99522303916193,13458900
2020-05-15,8.8096342086792,8.853418997033437,8.363022352279016,8.652006298151768,17502600
2020-05-18,10.315853118896484,10.44720998695158,9.273759641727422,9.30878797284719,27957700
2020-05-19,10.114439964294434,10.508508880276555,9.94805477267762,10.193253914519108,10976900
2020-05-20,10.105684280395508,10.307097833574945,9.983084689975792,10.254554913354669,12415700
2020-05-21,10.009356498718262,10.219526507869066,9.921785244001404,9.974328163859795,10680900
2020-05-22,9.834213256835938,10.123198041821537,9.580257639241227,10.009355753225105,8159500
2020-05-26,10.657380104064941,10.701165727285698,10.385909908209292,10.701165727285698,15909000
2020-05-27,10.963879585266113,11.235348969596805,10.74495228525816,11.007664377154605,19369700
2020-05-28,10.534781455993652,11.130263980020821,10.403425409877718,11.068964603185568,13982600
2020-05-29,10.455967903137207,10.639866875975518,10.105684543036336,10.342126437460479,17952700
2020-06-01,10.727437019348145,10.858793056957104,10.342125363258228,10.385910152367002,11424700
2020-06-02,10.753707885742188,11.033935375321189,10.70992226220097,10.885064756365837,12923200
2020-06-03,11.042692184448242,11.296647806925122,10.841279478926486,10.946364477695402,12064100
2020-06-04,11.436760902404785,11.603145259417296,10.885064084192898,11.007662820368036,20934800
2020-06-05,12.268685340881348,12.82038220330258,12.137328467843156,12.400041378778218,27611400
2020-06-08,12.978009223937988,13.091851512674097,12.671511525163526,12.680267981880675,13986900
2020-06-09,12.653995513916016,12.767837789809278,12.24241202955441,12.470096581340934,11883500
2020-06-10,11.638174057006836,12.5138831683998,11.4630324017565,12.487612128897572,19970400
2020-06-11,10.657380104064941,11.077720082645083,10.385909908209292,10.561052401092319,12040800
2020-06-12,11.068963050842285,11.3579469798825,10.648622258966626,11.226590117047058,8148300
2020-06-15,10.90257740020752,11.086476332337627,10.420937260329502,10.508508498540495,13214200
2020-06-16,11.217833518981934,11.585630558898536,10.727436073857717,11.533088482542412,14222000
2020-06-17,10.77997875213623,11.287889933343696,10.657379184722238,11.270375351509742,15893400
2020-06-18,10.6836519241333,10.902579221083334,10.543538587707898,10.596081506438106,20923800
2020-06-19,10.219525337219238,10.84127883609101,10.061897430841771,10.823764253097389,24741600
2020-06-22,9.886756896972656,10.088170448516944,9.685344180569746,10.088170448516944,15073600
2020-06-23,9.84296989440918,10.096925495123147,9.79042781709802,10.044383417811988,16632600
2020-06-24,9.615286827087402,9.641558704968316,9.186189510062494,9.606530369601822,14071500
2020-06-25,9.510199546813965,9.571499745402658,9.229972930892597,9.440142892833624,13428700
2020-06-26,9.405115127563477,9.47517178572795,9.238730773208164,9.405115127563477,19299200
2020-06-29,9.597771644592285,9.667828304869937,9.265002090702804,9.396358119938085,12777200
2020-06-30,9.44890022277832,9.799183494141081,9.335057950800124,9.60652811246216,25473200
2020-07-01,9.536473274230957,10.079412865806432,9.510201397519872,9.545229731326632,17424800
2020-07-02,9.589014053344727,9.965569216915073,9.492686357261233,9.807941318650046,7231300
2020-07-06,9.816699981689453,10.026869985322262,9.597772685786602,9.842971023358215,9223700
2020-07-07,9.492688179016113,9.667829857843802,9.29127462200822,9.650316107531733,13259000
2020-07-08,9.396356582641602,9.483927811232158,9.282515154671461,9.457656776711444,12047100
2020-07-09,9.203704833984375,9.4138748630511,9.098619819451011,9.352575480025337,9443800
2020-07-10,9.492688179016113,9.518959222054917,9.124890235907268,9.159918571672804,9987300
2020-07-13,9.47517204284668,9.729127644369555,9.335058722715614,9.597771615531995,8339100
2020-07-14,9.291271209716797,9.47517011373292,9.194943530524005,9.370085145029577,6070000
2020-07-15,10.175739288330078,10.193253870589524,9.667828094783609,9.685342677043055,12488900
2020-07-16,9.851726531982422,10.000597133054786,9.807940913700925,9.921783187176334,8295000
2020-07-17,9.641557693481445,9.939298930431589,9.624043110064942,9.860484975339928,7911800
2020-07-20,9.282517433166504,9.606529722258099,9.282517433166504,9.580257846147537,9089200
2020-07-21,9.536473274230957,9.615286398940155,9.370088062292826,9.413873688336617,7559200
2020-07-22,9.51895809173584,9.545229131655114,9.326301850331452,9.413873096917438,8421300
2020-07-23,9.396356582641602,9.466414066598725,9.2299722504889,9.396356582641602,9055700
2020-07-24,9.194945335388184,9.308787615948036,9.037317433822041,9.194945335388184,9623200
2020-07-27,9.037318229675293,9.203703437123323,8.888447606228667,9.194946145122621,11145400
2020-07-28,9.212462425231934,9.317547443163594,8.984777802142592,9.002291554227126,7402000
2020-07-29,9.650315284729004,9.66782903354782,9.229974456240145,9.431387996075166,9742600
2020-07-30,9.492688179016113,9.536473807508386,9.29127462200822,9.440145257797107,11190300
2020-07-31,9.440142631530762,9.510199283571938,8.976017102972678,9.422628886091053,18973400
2020-08-03,9.028560638427734,9.343815594571035,9.019803347527336,9.343815594571035,9114300
2020-08-04,9.553983688354492,10.044381025597234,8.932230353976923,8.958501386375676,34284700
2020-08-05,9.536473274230957,9.720372235501792,9.422630980573645,9.685343901695031,8641900
2020-08-06,9.422629356384277,9.589013704501195,9.352572700846501,9.44890039342564,8427400
2020-08-07,10.070655822753906,10.09692686497368,9.300031624795773,9.343817251922978,13942300
2020-08-10,10.403424263000488,10.464723633078076,10.096925742329983,10.158225947548852,9891200
2020-08-11,10.219525337219238,10.937606537132083,10.166982423379654,10.718679260559504,9951000
2020-08-12,10.131954193115234,10.385909803054831,9.965569828730516,10.324610432251191,8261200
2020-08-13,9.869241714477539,10.254553341513015,9.834212549605784,10.061897110424649,6140800
2020-08-14,9.851726531982422,10.000597133054786,9.78166987678851,9.807940913700925,6201600
2020-08-17,9.536473274230957,9.895513904535598,9.343817020723094,9.869242862965866,10192000
2020-08-18,9.440142631530762,9.580255935613115,9.335057653468997,9.518956573862377,8166600
2020-08-19,9.44890022277832,9.589013531323426,9.335057950800124,9.396357314503309,4909300
2020-08-20,9.405115127563477,9.536471987977794,9.300030140316768,9.36132950742537,6061600
2020-08-21,9.282517433166504,9.492687431202999,9.229974516086713,9.431388057227688,6159600
2020-08-24,9.711614608764648,9.720371900700048,9.212460660425476,9.326302115020358,5954700
2020-08-25,9.895513534545898,9.983083948217898,9.720371872060577,9.816699577642172,6870100
2020-08-26,9.641557693481445,9.869242267048179,9.632800401773194,9.834213100215171,5328100
2020-08-27,9.921782493591309,10.000596433960249,9.63279860233262,9.667826927480911,6193000
2020-08-28,10.237039566040039,10.26331144176481,9.886756241123011,10.035626862998079,5823700
2020-08-31,9.834213256835938,10.210768454874803,9.834213256835938,10.193254706320676,8119100
2020-09-01,9.877998352050781,9.965569595556673,9.606529000436808,9.702856700180272,7919200
2020-09-02,10.000597953796387,10.000597953796387,9.764156096756423,9.860484631909568,5374300
2020-09-03,10.131954193115234,10.359638763444885,10.026869199534156,10.07941211389534,7166200
2020-09-04,10.455967903137207,10.508510824723041,10.228284136642344,10.289583515874645,7350700
2020-09-08,10.193256378173828,10.394669112858358,10.035628439626661,10.32461243686883,8658600
2020-09-09,10.202009201049805,10.263309397053725,10.044382153811101,10.24579481672656,11963700
2020-09-10,9.983083724975586,10.39466724896823,9.965569976689359,10.2282828821132,10075100
2020-09-11,9.746641159057617,10.009354023089642,9.536471201888464,10.000596732755636,7320700
2020-09-14,10.438453674316406,10.44721096670294,9.8167001122758,9.8604857390671,10404500
2020-09-15,10.526023864746094,10.727436558445001,10.368395958274753,10.403424289141576,14812000
2020-09-16,10.561053276062012,10.674894736669776,10.315854099767858,10.613595360166924,11202300
2020-09-17,10.202009201049805,10.429693734456011,10.114438804837448,10.385908118779254,8687200
2020-09-18,9.764155387878418,10.158225121002214,9.746641641484702,10.14946783023475,13428000
2020-09-21,9.186188697814941,9.562743896065598,9.081103701007127,9.562743896065598,12074200
2020-09-22,9.107373237609863,9.300029450850028,9.054831165452388,9.221215507472634,9711800
2020-09-23,8.967259407043457,9.36132826573445,8.932231082607395,9.081101670245944,9956800
2020-09-24,8.923477172851562,9.081105110092555,8.792121115245033,8.914720714781522,8597900
2020-09-25,9.317545890808105,9.370087973449387,8.85341942834249,8.85341942834249,7459400
2020-09-28,9.571500778198242,9.746642432047443,9.492686825180781,9.536472447428402,6413400
2020-09-29,9.396356582641602,9.44889948682416,9.019802304040924,9.019802304040924,6901800
2020-09-30,9.44890022277832,9.711613093870989,9.308786914233217,9.405114605072677,8872700
2020-10-01,9.755399703979492,9.772913451758681,9.44014389254129,9.527715136861074,10430100
2020-10-02,9.886756896972656,9.921785231788006,9.378845624579412,9.40511666690558,6346400
2020-10-05,9.965569496154785,10.0443834474957,9.772913263448244,9.97432678744628,5893300
2020-10-06,9.895513534545898,10.210768527019477,9.86924249395843,10.07065519703122,10008100
2020-10-07,10.16698169708252,10.219524607168603,9.956811727020632,9.96556901789185,10167900
2020-10-08,10.377152442932129,10.403423480254297,10.158225183251208,10.298338495824401,10669900
2020-10-09,10.140711784362793,10.490995106650795,10.088169703590252,10.455966774421995,7935000
2020-10-12,10.061897277832031,10.184496851499183,9.95681228689216,10.140711229822251,9384400
2020-10-13,9.781673431396484,10.12320037593178,9.746645091070416,10.12320037593178,9583400
2020-10-14,9.589014053344727,9.86924152083158,9.589014053344727,9.772912989606844,5494200
2020-10-15,9.650315284729004,9.694100074346709,9.352574038537172,9.492687369653016,6790200
2020-10-16,9.589014053344727,9.702856331520442,9.43138699022094,9.641556964480149,4439800
2020-10-19,9.343815803527832,9.589014108233798,9.326301221335354,9.492686411598909,5680600
2020-10-20,9.440142631530762,9.589013225903553,9.370085979489586,9.46641450240208,5409200
2020-10-21,9.667829513549805,9.755400767415733,9.30878887595397,9.755400767415733,6090500
2020-10-22,10.053140640258789,10.123198140582721,9.68534356562076,9.70285731434575,6363300
2020-10-23,10.193256378173828,10.32461243686883,10.070656777621426,10.131956160326899,5959500
2020-10-26,9.799184799194336,10.184497284150398,9.650315015394614,10.053140413539388,6898000
2020-10-27,9.510199546813965,9.772912416810843,9.501443091422315,9.737884089820673,6153200
2020-10-28,9.15116024017334,9.396358562698985,9.081103576594584,9.300030859063522,7829300
2020-10-29,9.212462425231934,9.28251910385304,9.002291554227126,9.107376572158786,9517600
2020-10-30,9.177431106567383,9.326301722640515,9.002289450934663,9.168674650141714,11023600
2020-11-02,9.5802583694458,9.606530246991401,9.098618973089124,9.265003355171023,13350000
2020-11-03,9.965569496154785,10.070654486228918,9.694099312107328,9.781670554739737,14687400
2020-11-04,9.624042510986328,10.070654338610794,9.518957522452556,10.070654338610794,15840500
2020-11-05,9.571500778198242,9.895513046604584,9.51020057299506,9.650314731215703,9666800
2020-11-06,9.186188697814941,9.676586184726059,9.116132033276399,9.580257644629574,12549800
2020-11-09,11.944672584533691,13.118122092721974,11.174048466001716,11.384218452380994,29635500
2020-11-10,11.716987609863281,12.058514452275126,11.594388037811045,11.900886550371004,16846400
2020-11-11,11.22658920288086,11.70822932377566,11.095233185882819,11.541844979902061,9616200
2020-11-12,10.692407608032227,11.165290464904903,10.552294292683468,11.086476516235917,11849200
2020-11-13,11.603145599365234,11.638173930033139,10.74495108043094,10.788735867409862,14804900
2020-11-16,12.023487091064453,12.294957314498914,11.725746660226553,12.259928979392022,18235300
2020-11-17,12.382528305053711,12.417556639411572,11.515575568199257,11.760774743845651,18593400
2020-11-18,12.39128303527832,12.65399592391791,12.08478536114984,12.338740958635153,11022900
2020-11-19,12.653995513916016,12.697781133127458,11.865857708674937,12.2336555738251,14973800
2020-11-20,12.39128303527832,12.680266962239493,12.251169717374873,12.680266962239493,8091900
2020-11-23,12.881681442260742,13.056823102681223,12.41755583336114,12.601454785587974,14202800
2020-11-24,12.986767768859863,13.284509039645549,12.899196512108286,13.214452368300845,14185500
2020-11-25,12.89919376373291,12.951736673617045,12.557667772480299,12.706538376153926,6752000
2020-11-27,12.802865982055664,12.907950965961339,12.592696014244314,12.715295579704875,2966600
2020-11-30,12.286198616027832,12.75908150342962,12.251170284929229,12.75908150342962,17143800
2020-12-01,12.706539154052734,12.767838523385977,12.531397502285415,12.610210619224755,7773600
2020-12-02,13.048066139221191,13.091851764213477,12.329984895856503,12.329984895856503,8618600
2020-12-03,13.231964111328125,13.34580639377918,12.98676579881731,13.293264315811783,8738700
2020-12-04,13.704848289489746,13.78366224906247,13.28450828529036,13.354564952656926,8237200
2020-12-07,13.28450870513916,13.6435493455254,13.161909115802311,13.555978090978885,4653200
2020-12-08,13.2582368850708,13.38959292404353,13.065580637454982,13.240722301132395,5000000
2020-12-09,13.293264389038086,13.45964875037307,13.135636483985058,13.45964875037307,8867600
2020-12-10,12.986767768859863,13.109367361283791,12.610212534026038,12.636484412136351,8860400
2020-12-11,12.706539154052734,13.004280379627811,12.64523894957822,12.890438097193737,7047300
2020-12-14,12.286198616027832,12.986766073141187,12.277442159609148,12.846652748746774,8397700
2020-12-15,12.706539154052734,12.72405290165883,12.251170024316433,12.627725201972122,7737200
2020-12-16,12.627727508544922,12.776598148525078,12.461342282618194,12.66275584529664,6491100
2020-12-17,12.513884544372559,12.741569138803854,12.233657865159506,12.697783511391469,8227800
2020-12-18,12.33874225616455,12.470098296726984,12.198628923526929,12.426312671492393,14884800
2020-12-21,12.058515548706055,12.408798879074741,11.927158673461795,12.137328671683008,9606000
2020-12-22,11.92715835571289,12.049757935646449,11.830830651213082,12.041000643835199,5608000
2020-12-23,12.294955253601074,12.338740873930629,11.997214037529595,12.058514240047469,5077000
2020-12-24,12.43506908416748,12.43506908416748,12.154842438709688,12.303713052894459,2138600
2020-12-28,12.750324249267578,12.811623616069523,12.443825744975376,12.522639693801441,4930700
2020-12-29,12.566426277160645,12.890438553177034,12.54891169379372,12.680267728480448,2967600
2020-12-30,12.785353660583496,12.986766360065065,12.575182834207165,12.575182834207165,4590100
2020-12-31,12.811624526977539,12.864166606503172,12.56642620719489,12.811624526977539,3835500
2021-01-04,12.39128303527832,12.9955227626635,12.268684299683429,12.890437774235915,9386100
2021-01-05,12.216142654418945,12.48761286235774,12.198628905435886,12.37377057097317,10783400
2021-01-06,12.916709899902344,13.100608853916777,12.40004137028364,12.496369910807255,6569800
2021-01-07,12.855409622192383,13.10060793190768,12.820381292233055,12.986765650754549,8853600
2021-01-08,12.890438079833984,13.074337022727327,12.794109545135733,12.969252031808457,4023000
2021-01-11,12.583940505981445,12.794110503563365,12.435069882242251,12.724053837702725,6003400
2021-01-12,12.776597023010254,12.829139105938586,12.45258472781437,12.470098477076696,6934200
2021-01-13,12.916709899902344,13.013037605284639,12.767839278312504,12.776596570203981,6967400
2021-01-14,13.144394874572754,13.372079459768576,12.96049591501326,12.969253207168794,8988800
2021-01-15,12.864167213439941,12.978009504638337,12.566426800084143,12.942981171588164,5139300
2021-01-19,12.925467491149902,13.021795198763163,12.62772624107448,12.978009573433011,4673300
2021-01-20,13.091850280761719,13.302020254740503,12.575181801707943,12.575181801707943,7293300
2021-01-21,12.820382118225098,13.153151691849036,12.79411024270701,12.79411024270701,4721300
2021-01-22,12.627727508544922,12.697784182048357,12.452585824786333,12.697784182048357,8364900
2021-01-25,12.163599014282227,12.540153338168874,12.154841723341757,12.522639591429167,9169300
2021-01-26,11.822072982788086,12.356255239137276,11.795801943332561,12.329984199681752,9621900
2021-01-27,11.90964412689209,12.17235618950338,11.524331654150645,11.708230599063317,18309500
2021-01-28,12.47885513305664,12.942980739253567,11.918400987833401,12.049757858739834,13350100
2021-01-29,11.86585807800293,12.470096969476021,11.725744760278227,12.365011981182494,8067800
2021-02-01,11.944672584533691,12.014729246660117,11.760773637666501,11.962186332494653,6914400
2021-02-02,12.426313400268555,12.487613613248643,11.94467399986497,12.032244420328626,6547500
2021-02-03,12.426313400268555,12.5138846558736,12.321228394627333,12.408799650232378,7354000
2021-02-04,12.373770713806152,12.636483632715297,12.12857237922358,12.540155089201848,12196200
2021-02-05,12.43506908416748,12.627725320490352,12.294955761438583,12.452583667079232,3557300
2021-02-08,12.5226411819458,12.531398473998546,12.207385349177702,12.426312639648287,5610600
2021-02-09,12.146086692810059,12.540155671914597,12.076030022531091,12.51388462934533,5922600
2021-02-10,12.33874225616455,12.601455172430759,12.216142672535963,12.26868558984574,7087200
2021-02-11,12.785353660583496,12.811624700702547,12.277442430861537,12.31247076273404,10085400
2021-02-12,13.048066139221191,13.056823431247915,12.724053850504408,12.785354059550142,9175200
2021-02-16,13.669818878173828,13.722361792127312,13.09185100039193,13.09185100039193,12797500
2021-02-17,13.713604927062988,13.757390550862278,13.363321606951299,13.661062846616892,11934800
2021-02-18,14.037617683410645,14.063887887821139,13.293264603266007,13.319535642817792,7780300
2021-02-19,14.659370422363281,14.77321354296428,14.020103167637197,14.13394461795561,12099900
2021-02-22,14.61558723449707,15.26361185176507,14.571800771671873,14.738185989842085,12803100
2021-02-23,14.528014183044434,14.685642089162213,14.055130464691093,14.62434271906809,11145100
2021-02-24,14.99213981628418,15.176037916831628,14.589312780831595,14.66812672971835,9530100
2021-02-25,14.3266019821167,15.053440497305992,14.142702195232234,15.009654038389396,9062000
2021-02-26,14.528014183044434,14.7119122933268,14.142701709232368,14.370386276926654,9523600
2021-03-01,14.379142761230469,14.843269162047516,14.34411359726731,14.755697922422087,7182300
2021-03-02,14.020103454589844,14.370386774603425,13.932532207015793,14.309087402386375,6756600
2021-03-03,14.212760925292969,14.571801589188883,14.020105488901923,14.133946958068709,7864800
2021-03-04,13.871232986450195,14.177731521168948,13.398350081691271,14.116432148281726,10261800
2021-03-05,13.836204528808594,14.01134618914464,13.380835376793563,14.01134618914464,6983500
2021-03-08,14.396658897399902,14.484230146479064,13.915018697747158,14.212759107305395,6725300
2021-03-09,14.405415534973145,14.659370308455959,14.168973674284523,14.379143660357995,5872500
2021-03-10,14.48422908782959,14.66812719420037,14.247787233682136,14.492984708843174,7459400
2021-03-11,14.825756072998047,14.930840234904409,14.344115041698869,14.492985662968414,9185900
2021-03-12,15.088470458984375,15.12349963183996,14.869543139485648,14.93084252170003,7674100
2021-03-15,15.762764930725098,15.867850765187642,15.167282432763589,15.228581806915624,7607000
2021-03-16,15.517563819885254,15.683949007656077,15.324908429501775,15.657677134760958,7410800
2021-03-17,16.13056182861328,16.1568337031427,15.517564785187476,15.543836659716892,7065800
2021-03-18,15.754005432128906,16.148075168315994,15.61389211932515,16.139317877480455,4818400
2021-03-19,15.605134963989258,15.718978075557336,15.254851678938353,15.561350179713815,11133300
2021-03-22,15.37745189666748,15.675193135294522,15.298637941131933,15.54383709949615,7964600
2021-03-23,14.764456748962402,15.39496673333205,14.694400084032441,15.368694857627323,7401500
2021-03-24,14.94835376739502,15.403722891052098,14.773212953107118,14.816997739108464,7177700
2021-03-25,14.89581298828125,14.965869654158231,14.396659035122422,14.94835507011832,10036400
2021-03-26,15.053442001342773,15.149768880018364,14.843271988392225,15.079712209034849,6753100
2021-03-29,14.816999435424805,15.237339442177195,14.746942767632738,15.027169438801,7097400
2021-03-30,15.149765968322754,15.298636574336022,14.869539338246595,14.887053920196971,4229700
2021-03-31,14.755701065063477,15.132256306453119,14.650615221075483,15.009655876753321,7736100
2021-04-01,14.983382225036621,15.009652427284168,14.685641017493175,14.834511621264898,4447500
2021-04-05,15.149765968322754,15.254851789742547,14.860782047271407,15.079709310803715,5065500
2021-04-06,15.176039695739746,15.316153027899485,14.904570323465586,15.307395735854167,7639000
2021-04-07,15.342426300048828,15.394968386818887,15.070955232790737,15.193555662297973,7210100
2021-04-08,15.359936714172363,15.447506278245424,15.123494882497415,15.298635680925903,8094100
2021-04-09,15.184794425964355,15.491292914710547,14.983381753750319,15.47377833357479,9700500
2021-04-12,15.105981826782227,15.202310361327482,14.843269767472941,15.149766613239594,8242500
2021-04-13,15.053442001342773,15.114741379668,14.738186146775556,15.01841283070962,7729500
2021-04-14,15.26361083984375,15.613894167808985,15.062198135049071,15.158525006312848,5220200
2021-04-15,15.37745189666748,15.386209188425054,15.027168577777612,15.202311072363853,6304000
2021-04-16,15.307394027709961,15.570107748905386,15.298636736641864,15.552593166769194,5918700
2021-04-19,15.237339973449707,15.342425813943134,15.044684547874988,15.176040595779694,5143600
2021-04-20,14.834512710571289,15.158524144154617,14.641855638436004,14.939596867842749,7610700
2021-04-21,15.19355297088623,15.263609630930628,14.676884476702847,14.86953987425431,5676300
2021-04-22,14.965869903564453,15.368695321499517,14.957112611398557,15.254853863908254,4025500
2021-04-23,15.141010284423828,15.298636510471807,14.887053858050908,14.98338238809339,5445400
2021-04-26,15.26361083984375,15.491295420591818,15.176039590281775,15.359939381390186,5647600
2021-04-27,15.718976974487305,15.745247175099435,15.123494596471403,15.167279377679844,7548400
2021-04-28,16.007965087890625,16.042992588023207,15.640167149943247,15.780280491039127,8887900
2021-04-29,16.139320373535156,16.20937704077177,15.85033641239879,16.174347872012113,9944100
2021-04-30,15.902877807617188,16.078020303276933,15.736492603768694,16.060505719654433,7894900
2021-05-03,15.82406234741211,16.21813209004617,15.754005689864105,16.139318141519357,13474700
2021-05-04,15.386207580566406,15.832819391836036,15.254851558494735,15.710220660606803,8602900
2021-05-05,15.351184844970703,15.841581592149122,15.237341699020293,15.5350829988065,11792700
2021-05-06,14.99213981628418,15.76276305283166,14.834511918510668,15.727733888756447,11269700
2021-05-07,15.394967079162598,15.456266453568006,14.82575645503466,14.939597911747176,9346200
2021-05-10,14.983382225036621,15.54383547675019,14.922082859415754,15.473778820285993,9378700
2021-05-11,14.878297805786133,14.965869052180617,14.606828445217573,14.764456354671124,8762200
2021-05-12,14.457958221435547,15.018411541181383,14.396658848373676,14.84327071390213,5666900
2021-05-13,14.624342918395996,14.878297693716242,14.475472301731513,14.53677167266114,6022700
2021-05-14,15.176039695739746,15.324910319944802,14.773214283351164,14.904570323465586,4986400
2021-05-17,15.219822883605957,15.246094756976465,14.965868122154363,15.079709566194907,6969600
2021-05-18,15.19355297088623,15.421237533601156,15.018410485633972,15.184795679595364,10781300
2021-05-19,14.89581298828125,15.062198196095082,14.650613822570481,15.062198196095082,5569100
2021-05-20,14.860782623291016,14.930839283525525,14.510499322118466,14.895811788549537,11607300
2021-05-21,14.834512710571289,14.957111450815514,14.685642095867916,14.834512710571289,11421900
2021-05-24,14.89581298828125,15.000897151955389,14.74694236450733,14.89581298828125,7819900
2021-05-25,14.703157424926758,15.167282205278278,14.67688554913449,15.09722554011488,7784300
2021-05-26,14.93959903717041,15.105984259006773,14.615587556538491,14.904571536421223,5454700
2021-05-27,15.000894546508789,15.16727972542383,14.860781239090556,15.079708490716841,26333800
2021-05-28,15.035926818847656,15.211069324491744,14.83451410655486,15.176040155249838,5243500
2021-06-01,15.473779678344727,15.491294261002611,15.123496376599684,15.254852405968759,5708400
2021-06-02,15.500054359436035,15.648924998423896,15.386211221824992,15.578868325387422,8412200
2021-06-03,15.26361083984375,15.535080210231474,15.176039590281775,15.403724171029843,5626000
2021-06-04,15.307394027709961,15.403722559176533,15.17603800225349,15.342423191982345,4603800
2021-06-07,15.58761978149414,15.780276833559903,15.307393164252005,15.307393164252005,5599600
2021-06-08,15.850334167480469,15.876604370046806,15.45626442616081,15.578864829172739,6327500
2021-06-09,15.596378326416016,15.90287684003082,15.578865414141688,15.885362257473968,6264200
2021-06-10,15.771519660949707,15.797791532868555,15.44750658841352,15.67519113419633,13468000
2021-06-11,15.683952331542969,15.806551090470846,15.613895659258064,15.613895659258064,4150700
2021-06-14,15.473779678344727,15.90287693176772,15.351180940304596,15.789035485056532,5425000
2021-06-15,15.543838500976562,15.640167048712536,15.202312443051225,15.30739661305159,6992400
2021-06-16,15.727736473083496,15.81530772737846,15.377453126186388,15.570110219691859,5541300
2021-06-17,15.58761978149414,15.885360979884508,15.500050216317765,15.789034124134018,11403000
2021-06-18,15.009653091430664,15.500051378661603,14.96586830555907,15.368693680481789,18259000
2021-06-21,15.438751220703125,15.44750851243348,15.044683114532795,15.167281858192549,4997700
2021-06-22,15.324908256530762,15.49129344242361,15.141010159187967,15.447506988092625,3613900
2021-06-23,15.421236038208008,15.657676199003733,15.386206876441314,15.386206876441314,4903400
2021-06-24,15.438751220703125,15.508807884263357,15.193553733383617,15.42999559925538,6064900
2021-06-25,15.386207580566406,15.526320893480513,15.158523029510372,15.526320893480513,7919400
2021-06-28,14.84327220916748,15.386210999794573,14.528016349911223,15.386210999794573,12890600
2021-06-29,14.816999435424805,15.062198607838388,14.755700059892087,14.904570687735564,7535700
2021-06-30,14.965869903564453,15.088468653321614,14.755699902431026,14.834513861641398,6020700
2021-07-01,15.167283058166504,15.324910981218563,15.044684304807234,15.062198889653628,5249900
2021-07-02,15.105981826782227,15.263609730480812,14.965868505779603,15.167281195935557,5767200
2021-07-06,14.650613784790039,15.079711070965345,14.501743161400022,15.070953778967972,9553400
2021-07-07,14.519256591796875,14.843269688825231,14.40541514544139,14.650612620755522,10047600
2021-07-08,14.54552936553955,14.764456650775088,13.871232926146263,14.247788123996608,9684100
2021-07-09,14.983382225036621,15.018409718127497,14.62434165187231,14.887053696042434,6401400
2021-07-12,14.965869903564453,15.09722594548751,14.738185318099234,15.09722594548751,6021000
2021-07-13,14.50174331665039,14.992141652057335,14.457958526477444,14.992141652057335,6390900
2021-07-14,14.50174331665039,14.781969982435685,14.440443942295193,14.641856649543039,7147900
2021-07-15,14.3266019821167,14.484229893651204,14.160216778798873,14.396658646100631,8222200
2021-07-16,13.9938325881958,14.492986563989755,13.95880425366888,14.335360311330671,8483600
2021-07-19,13.477163314819336,13.669818715019701,13.223207709881331,13.652304967338429,12791500
2021-07-20,13.836204528808594,14.0288607727489,13.284507672394065,13.573491620733869,9003800
2021-07-21,14.335358619689941,14.58931338868621,13.967559897847229,13.967559897847229,10098700
2021-07-22,13.93253231048584,14.3703868813252,13.879990229664253,14.230273552279215,5155800
2021-07-23,13.81868839263916,14.107673143652097,13.722360699062326,14.107673143652097,4236200
2021-07-26,14.168973922729492,14.186488506113367,13.757390399762759,13.818689771323717,6170700
2021-07-27,14.055130004882812,14.204000614647963,13.93253126870534,14.107673752058167,5414400
2021-07-28,14.09015941619873,14.239030028568637,13.809932774157152,14.046374629735686,6231500
2021-07-29,14.256546020507812,14.47547331502879,14.05513164013366,14.20400226721923,6548500
2021-07-30,13.950047492980957,14.352872913708437,13.897504574762694,14.22151687087481,4660400
2021-08-02,13.836204528808594,14.48422992476393,13.809933488543514,14.081402853279057,6920300
2021-08-03,13.827446937561035,13.906260891790797,13.415863418328543,13.862475268869675,9834000
2021-08-04,13.275752067565918,13.818691701170643,13.135638721492624,13.538465009024055,9766300
2021-08-05,13.81868839263916,13.89750233972076,13.337048254472558,13.372077417745464,8979800
2021-08-06,14.13394546508789,14.282816090754732,13.915019007794626,14.046375884340197,9576100
2021-08-09,13.897503852844238,14.063888220799933,13.766147816834021,14.028860723995765,6830400
2021-08-10,14.18648910522461,14.317845145585773,13.731119939708742,13.879990564193442,9708400
2021-08-11,14.414172172546387,14.475473217637296,14.01134675507371,14.212759463810048,7493900
2021-08-12,14.160216331481934,14.466714853085431,14.055130503684351,14.422928395552034,6128000
2021-08-13,13.93253231048584,14.195244384876402,13.88874668637364,14.15145959590552,4866200
2021-08-16,13.634791374206543,13.836204915579197,13.564734708113795,13.80993387457975,6421700
2021-08-17,13.424619674682617,13.634789646326904,13.223206993975483,13.634789646326904,9201500
2021-08-18,13.424619674682617,13.52970466050476,13.302020106986168,13.43337696561977,9347800
2021-08-19,13.013036727905273,13.34580628107319,12.899194446415622,13.302020659709283,15445200
2021-08-20,13.275752067565918,13.328294989914113,12.846654736431098,12.942982453071135,8355800
2021-08-23,13.512192726135254,13.58224939274658,13.354564808689105,13.372079392912607,6376700
2021-08-24,13.958803176879883,14.020103383929293,13.564734235065362,13.573491526806894,11104500
2021-08-25,14.160216331481934,14.247787576266157,13.713604486336706,13.9237744716493,8688900
2021-08-26,13.897503852844238,14.326601963102988,13.82744718895328,14.116431971430117,8280800
2021-08-27,14.379142761230469,14.422927545901949,13.862474284751153,13.897502613573078,6420800
2021-08-30,14.3266019821167,14.466715310084565,14.177731362365511,14.431686142951287,9811500
2021-08-31,14.50174331665039,14.545529777106019,14.17773186069215,14.17773186069215,10503600
2021-09-01,14.361629486083984,14.650613433946239,14.247788033409664,14.536771981271919,6636700
2021-09-02,14.457958221435547,14.484230097154624,14.177731561562627,14.431686345716468,7221000
2021-09-03,14.160216331481934,14.510499640336258,13.993831133420166,14.457957561578752,5977400
2021-09-07,14.274056434631348,14.291571015993291,13.967558777068186,14.090158341178174,6202300
2021-09-08,14.125186920166016,14.37038606724735,14.002588181766617,14.230272746138741,4842200
2021-09-09,14.09015941619873,14.309086689079031,13.906260473573628,13.93253151247971,7166200
2021-09-10,14.002588272094727,14.38790074277025,13.99383098068363,14.309086790352927,6111200
2021-09-13,14.61558723449707,14.676886612169579,14.046376580031657,14.168975335376672,7330400
2021-09-14,14.563040733337402,14.694398426763561,14.45795658293542,14.676883844935746,4854000
2021-09-15,14.48422908782959,14.60682782541011,14.282814728584057,14.60682782541011,5088100
2021-09-16,14.370386123657227,14.589313397534129,14.335358628383847,14.457957367264497,6349100
2021-09-17,14.239030838012695,14.528014787831218,14.195244378777991,14.501742912290394,12046800
2021-09-20,14.160216331481934,14.256544867772837,13.79241843961425,13.993831133420166,6810000
2021-09-21,14.195243835449219,14.422928403907067,14.16021633968478,14.23903029300798,6200100
2021-09-22,14.466714859008789,14.676884844407438,14.309086952389162,14.361629031168182,9231400
2021-09-23,14.816999435424805,14.948355478749587,14.580557555270568,14.63309963854394,5771200
2021-09-24,14.852025032043457,15.009652931958481,14.711911714403989,14.816997537774839,6807200
2021-09-27,14.887055397033691,15.333667259378618,14.834513316252709,15.018411434127461,11291100
2021-09-28,14.816999435424805,15.132255275630452,14.71191359859535,14.808242143165458,6873900
2021-09-29,14.589313507080078,14.913326609775112,14.571798924170604,14.843269948419774,6725500
2021-09-30,14.300331115722656,14.694400922362409,14.265303616400645,14.60682966863327,7586100
2021-10-01,14.685641288757324,14.904568553037134,14.42292756945207,14.44919944246734,12255400
2021-10-04,14.571798324584961,14.930838908042945,14.55428541267865,14.746940805907998,7726400
2021-10-05,14.528014183044434,14.668127506197445,14.36162898544427,14.484229395915078,7103000
2021-10-06,14.335358619689941,14.387900697709421,13.801175537263852,14.274057580004248,9408600
2021-10-07,14.422928810119629,14.64185609323167,14.326601941342508,14.45795797715321,6455300
2021-10-08,14.414172172546387,14.589314675097885,14.361630089894014,14.39665925851739,7347300
2021-10-11,14.466714859008789,14.57179901656683,14.344114448147652,14.457957567498525,4847900
2021-10-12,14.50174331665039,14.606829151461216,14.396659152122245,14.422929358112942,4844100
2021-10-13,14.212760925292969,14.475474706134792,14.00259090278923,14.475474706134792,7320700
2021-10-14,14.431686401367188,14.54552952630621,14.274058487010173,14.405416195829453,4959300
2021-10-15,14.69439697265625,14.781966532564832,14.606825742465379,14.685639682608935,6926100
2021-10-18,14.790726661682129,14.860783325225697,14.501742715779582,14.501742715779582,5849300
2021-10-19,14.519256591796875,14.852025309844281,14.501742009193714,14.781968649714168,3480400
2021-10-20,14.64185619354248,14.720670149625377,14.396658703758028,14.414171617112183,6044500
2021-10-21,14.66812801361084,14.703157180752136,14.528014685610897,14.606828641396193,5377700
2021-10-22,14.790726661682129,14.887055200410515,14.60682854623624,14.659370626323264,5389700
2021-10-25,14.738184928894043,14.878298259282891,14.598071598505197,14.77321409663258,3720900
2021-10-26,14.738184928894043,14.98338409221585,14.720670345024775,14.808241594088466,3540100
2021-10-27,14.659370422363281,14.84327020553313,14.580556468188,14.729427084932132,3796300
2021-10-28,14.773213386535645,14.808240882307881,14.4929850689449,14.64185568411269,5235800
2021-10-29,14.738184928894043,14.930840340608045,14.694400139503522,14.746942220828677,8963900
2021-11-01,15.105981826782227,15.14101099217415,14.624342494621025,14.720669358883743,5399500
2021-11-02,15.211068153381348,15.24609564964374,14.974626290050463,15.070953157483991,6612800
2021-11-03,15.58761978149414,15.74524767126344,15.114737782468634,15.184794436779168,6100300
2021-11-04,15.692708969116211,16.148078155095597,15.394967706766824,15.526323753030907,8301400
2021-11-05,16.08677864074707,16.655989283216638,15.999207387224967,16.226891978269343,8251800
2021-11-08,16.09553337097168,16.340732533190238,16.00796379258465,16.104290662866912,6596800
2021-11-09,16.051748275756836,16.130562231028716,15.902877656941353,16.025476400572003,5268900
2021-11-10,15.789039611816406,16.086780913690564,15.771525024580756,15.98169506055964,5180900
2021-11-11,15.596378326416016,15.789035393976334,15.456265006526253,15.789035393976334,4979800
2021-11-12,15.64892292022705,15.771521664188901,15.552594381238388,15.640165628475115,10827600
2021-11-15,15.692708969116211,15.771522930931212,15.5963804223906,15.692708969116211,8991100
2021-11-16,15.254855155944824,15.745251866791161,15.184798482966775,15.692709779628334,11601400
2021-11-17,15.211068153381348,15.24609564964374,14.957111706777969,15.158524403563867,6895400
2021-11-18,15.158522605895996,15.307393205492259,15.062195749885989,15.298635914894549,5381000
2021-11-19,14.930839538574219,15.114739318757767,14.650612892849345,14.887054751535667,8944100
2021-11-22,14.957111358642578,15.105981972428538,14.87829740603339,15.062197185549012,6262600
2021-11-23,15.281126022338867,15.333668106020939,14.87829892668905,15.097226224027528,8967900
2021-11-24,15.342426300048828,15.35994088573312,15.04468502454712,15.193555662297973,5154900
2021-11-26,14.387901306152344,14.545529217159173,13.643548209888209,14.492985466635153,12143600
2021-11-29,14.379142761230469,14.694398555769027,14.072644257682702,14.633097518833496,8013800
2021-11-30,13.748631477355957,14.212757025142128,13.652303785593906,14.072643715255074,17626200
2021-12-01,13.450891494750977,14.204001021186416,13.450891494750977,14.12518706845013,16261300
2021-12-02,13.827446937561035,14.0201031773292,13.363321338936231,13.538462995479431,9096700
2021-12-03,13.529706001281738,13.923774945951827,13.459649337124448,13.82744724152088,9172900
2021-12-06,14.379142761230469,14.580555443171228,13.582247654175756,13.748632007294589,8254400
2021-12-07,14.519256591796875,14.729426572187215,14.379143271536648,14.545528465701617,8844200
2021-12-08,14.834512710571289,15.053439986883157,14.563041685341126,14.563041685341126,5372800
2021-12-09,14.746940612792969,14.904568509863026,14.554285222086493,14.641854791318776,6855000
2021-12-10,14.563040733337402,14.887053816022163,14.449199292021513,14.449199292021513,5853800
2021-12-13,14.17773151397705,14.56304233486775,14.063888389859123,14.466715464786395,6934400
2021-12-14,14.072644233703613,14.466713976205336,14.020102158130873,14.177730055131562,5282500
2021-12-15,13.844962120056152,14.18648899145413,13.494677956666635,14.18648899145413,7597000
2021-12-16,13.547218322753906,14.011343854080804,13.52094645172586,13.879987839505267,7320700
2021-12-17,13.757390022277832,13.827446683608462,13.337049219152766,13.573491077499606,11201500
2021-12-20,13.564735412597656,13.704848752059933,13.231965813804061,13.485921450364781,7237700
2021-12-21,14.764456748962402,14.790726954384485,13.652305731701958,13.704847812828769,11084100
2021-12-22,15.070953369140625,15.219823988482377,14.59807130612029,14.72942734194357,7632800
2021-12-23,15.19355297088623,15.34242358226589,15.123496310841832,15.123496310841832,5459900
2021-12-27,15.307394027709961,15.324908609846153,14.983382609602835,15.097224052923112,6002800
2021-12-28,15.307394027709961,15.43875005316643,15.132253217195496,15.167280711185395,4523600
2021-12-29,15.307394027709961,15.368693394904147,15.07970947078692,15.281123824788159,3826900
2021-12-30,15.368695259094238,15.561352345396275,15.272368386225907,15.272368386225907,3267500
2021-12-31,15.228582382202148,15.438752388784104,15.211069467699039,15.342425513027418,3592000
2022-01-03,15.465022087097168,15.771520596535998,15.316151477957309,15.316151477957309,8806300
2022-01-04,15.683952331542969,16.200620916000194,15.631410244899994,15.78028088229077,11124100
2022-01-05,15.219822883605957,16.03423258498425,15.184795389394441,15.780277823532655,6864900
2022-01-06,15.19355297088623,15.535078979817355,15.114739019550967,15.482536902354687,9265700
2022-01-07,15.94666576385498,16.139322881404443,15.281128156831441,15.281128156831441,9247300
2022-01-10,15.543838500976562,16.07802165437385,15.49129641597638,15.920393729090533,11571300
2022-01-11,15.832823753356934,15.937909602132084,15.394969112312458,15.56135434358857,6778300
2022-01-12,15.70146656036377,15.990450535757095,15.622652597048974,15.67519468249791,3608600
2022-01-13,15.82406234741211,15.981690244465732,15.70146361427372,15.710220905252529,3982800
2022-01-14,15.710220336914062,15.88536113930688,15.394964554211619,15.876603848644878,5926200
2022-01-18,15.500054359436035,15.683952499800714,15.2811270474117,15.44751060194655,11590400
2022-01-19,15.19355297088623,15.587621057280021,15.19355297088623,15.526321688526489,4775800
2022-01-20,15.141010284423828,15.666434378482009,15.123495702546565,15.211066941650417,5967800
2022-01-21,14.922086715698242,15.184798827760488,14.790728989384245,15.097227566978782,6487600
2022-01-24,14.887055397033691,14.948354769658609,14.151459584969416,14.519257491001554,8051800
2022-01-25,14.922086715698242,15.027170892409991,14.475474788966125,14.641858347140207,7360000
2022-01-26,14.930839538574219,15.438750751521193,14.799483507176005,15.0884674443651,7829600
2022-01-27,14.528014183044434,15.263609964739029,14.317844198314914,15.141011224550784,8322300
2022-01-28,14.69439697265625,14.69439697265625,14.037615251648148,14.449197862178268,8636500
2022-01-31,15.184794425964355,15.193551716532234,14.457956011654334,14.580554739039853,6594900
2022-02-01,15.211068153381348,15.456265638065885,15.114739615665226,15.184796278472607,7853100
2022-02-02,15.044683456420898,15.30739553317121,14.948354915480548,15.23733886801895,7978900
2022-02-03,14.957111358642578,15.114739263860953,14.799483453424202,14.983383232939826,6450100
2022-02-04,15.289881706237793,15.438752335841512,14.808242318257792,14.92208544869267,5843400
2022-02-07,15.622649192810059,15.701463138950976,15.281123206387702,15.281123206387702,8813200
2022-02-08,15.91163158416748,16.016717392403876,15.67518976834728,15.683947058223835,9775700
2022-02-09,16.15683364868164,16.507116956480274,16.069262404161343,16.139319065721068,7402300
2022-02-10,16.235652923583984,16.515879661678028,15.92039700808663,16.042995788431995,10358400
2022-02-11,15.815305709838867,16.375760663660422,15.69270697163534,16.235647342775668,7356400
2022-02-14,15.70146656036377,16.06926449907189,15.596380719183115,15.88536469457644,6525200
2022-02-15,16.393274307250977,16.47208826254932,15.972934325848222,16.06050557287778,12508800
2022-02-16,16.909940719604492,16.936212591523375,16.41078684512251,16.489600790596757,11836400
2022-02-17,16.901182174682617,17.295251872808894,16.673499316078853,17.07632463391258,11639200
2022-02-18,16.73480224609375,17.120113066154065,16.55090245763905,16.962486823556283,9764900
2022-02-22,16.27943229675293,16.76107163346625,16.22689021845099,16.550901649975934,7632300
2022-02-23,16.060504913330078,16.498359460214143,16.007962835383104,16.393273634037648,9838800
2022-02-24,16.191864013671875,16.22689318580052,15.359941219010842,15.578868533966302,9820300
2022-02-25,16.41954803466797,16.550904084888753,16.13932134878822,16.279434691728092,8988000
2022-02-28,15.99920654296875,16.35824716020883,15.894120710230915,16.121805289260685,15758700
2022-03-01,15.254855155944824,16.034235851610966,15.158526604243944,15.955421885725306,12000700
2022-03-02,15.692708969116211,15.797794808297128,15.351182914773046,15.351182914773046,12177300
2022-03-03,15.403721809387207,15.972932338846759,15.324907863893165,15.859090901067809,12423200
2022-03-04,15.114740371704102,15.184797038015715,14.913327664843546,15.105983079629814,7642500
2022-03-07,14.510499000549316,15.062196649167051,14.466714215229018,15.062196649167051,7229500
2022-03-08,15.272366523742676,15.421237131238081,14.41417037273726,14.554285359452773,10718500
2022-03-09,15.82406234741211,16.11304626858293,15.613892374768099,15.675191741337294,11023100
2022-03-10,15.981690406799316,16.148075596521803,15.46502192577882,15.552593166173944,10057700
2022-03-11,15.780281066894531,16.43706300360485,15.754009188124297,16.17434922675102,7754800
2022-03-14,15.675192832946777,16.13056197386162,15.63140804528606,15.946662191064918,9754000
2022-03-15,15.894120216369629,16.06050541708352,15.675192936060728,15.876605633077094,7178900
2022-03-16,16.5158748626709,16.603444440167916,16.078020294055296,16.305704870169325,8917500
2022-03-17,16.49835777282715,16.507115063303072,16.156831795677924,16.340729884825237,6238200
2022-03-18,16.66474723815918,16.72604661697699,16.218135330694384,16.402033467147817,9789800
2022-03-21,16.15683364868164,16.68225777523831,16.060505112681057,16.6647448625603,5371500
2022-03-22,16.288192749023438,16.472090893908252,16.174349608614182,16.174349608614182,8424100
2022-03-23,16.078018188476562,16.305702734773,16.06050360715782,16.14807484346913,7904700
2022-03-24,16.37575912475586,16.38451474499113,15.990446693391076,16.10428812955579,6328500
2022-03-25,16.717288970947266,16.787345641013168,16.305706243095443,16.31446186535626,5922300
2022-03-28,16.726043701171875,16.89242889344532,16.603443294626043,16.67350162424224,9071300
2022-03-29,17.35655403137207,17.409096109501082,16.866157404842017,16.883671987645872,8335600
2022-03-30,17.479339599609375,17.733679342202816,17.365323905524914,17.52319076021752,9443800
2022-03-31,17.04082489013672,17.75999478154134,17.005742616012153,17.549506155238642,12816600
2022-04-01,17.146066665649414,17.295162970255703,16.961889763214153,17.181148936293123,6956100
2022-04-04,17.058364868164062,17.181149473627613,16.812793984422168,16.970660861626616,4058600
2022-04-05,16.672466278076172,17.2425397441587,16.64615457737159,17.10221401936345,4470700
2022-04-06,16.06730842590332,16.584760095164967,16.014686704246955,16.5321383735086,5676400
2022-04-07,15.74280834197998,16.067310961691586,15.470925779415015,15.962067501769035,7896400
2022-04-08,15.628789901733398,15.979604161320557,15.558627049815966,15.742805581608188,5806300
2022-04-11,15.655099868774414,15.84804727202499,15.506003615821736,15.663870433396825,6303500
2022-04-12,15.97960376739502,16.093619444459122,15.65510121258184,15.804197478332688,8467800
2022-04-13,17.277624130249023,17.312704729341924,16.1725576573785,16.1725576573785,11547200
2022-04-14,17.17237663269043,17.628436068067536,17.102213771310456,17.356555189321963,8442100
2022-04-18,17.049592971801758,17.400407297802893,16.95311840484595,17.102214702498266,5679300
2022-04-19,17.917858123779297,17.952938718147003,17.09344324595601,17.102213812751582,9329500
2022-04-20,17.917858123779297,18.558094444524755,17.909087556983724,18.014332685715992,8853100
2022-04-21,18.10203742980957,18.601948094335217,18.04064512684183,18.321296610588522,13685200
2022-04-22,18.031869888305664,18.268670143687107,17.96170703554239,18.005559864028413,8641200
2022-04-25,18.35637664794922,18.400227809641105,17.742450347375257,17.77753261498044,10805900
2022-04-26,17.909088134765625,18.505473313588347,17.9003175676871,18.321294750568565,8131400
2022-04-27,18.470386505126953,18.680875044828163,17.78629916930157,17.83015032110066,13260100
2022-04-28,18.628257751464844,18.803665745940997,17.87400571715785,18.426539728787496,9094100
2022-04-29,17.84769630432129,18.62825839374221,17.830155169705957,18.444081498725232,7710100
2022-05-02,17.654747009277344,18.023102468789663,17.242540386438538,17.91785900768023,7234200
2022-05-03,17.43548583984375,17.882774680103612,17.005738132021012,17.73367840001699,8052000
2022-05-04,17.654747009277344,17.777533277657888,16.996969522492105,17.496881817613197,9406800
2022-05-05,17.321474075317383,18.97030226391673,17.163607208499585,18.330065902102042,15251400
2022-05-06,17.751216888427734,17.93539540595539,17.11098070516546,17.295157549878905,10392100
2022-05-09,16.76017189025879,17.53196345104725,16.681238453349035,17.453030014137497,12376300
2022-05-10,17.102214813232422,17.479340843430972,16.76017105226847,16.979430216540678,11035100
2022-05-11,16.91803550720215,17.610893497699372,16.82156095337029,17.163604665589524,8920300
2022-05-12,16.83910369873047,16.961888289687334,16.32165196139141,16.751399702555027,9696000
2022-05-13,17.453025817871094,17.523188670164284,16.9180346964409,17.005737007196622,5524700
2022-05-16,17.698598861694336,17.83015401717635,17.295161155692995,17.461798578137977,7420700
2022-05-17,18.172199249267578,18.25113268360594,17.900318349221376,17.93540061906718,8387100
2022-05-18,17.339012145996094,18.36514492616558,17.216225897494308,18.066952379940986,10303600
2022-05-19,17.058364868164062,17.628438401435282,17.02328259642317,17.21623007255372,10528500
2022-05-20,16.321651458740234,17.41794719513462,15.944525457770242,17.189917481226843,10539100
2022-05-23,16.426897048950195,16.60230505871065,16.242720144235,16.418126481180696,8873000
2022-05-24,16.269027709960938,16.330421675046203,15.681413140946571,16.330421675046203,9889700
2022-05-25,16.970659255981445,17.03205155290471,16.049769783688564,16.225177780167577,9621300
2022-05-26,17.85646629333496,17.979250886036485,16.85664339923168,16.926806262606064,12430100
2022-05-27,18.1546573638916,18.30375364520564,17.67228625478643,17.97047881741451,11356000
2022-05-31,17.531959533691406,18.031870073876256,17.321470973235385,17.98801891775331,13459900
2022-06-01,17.917858123779297,17.961709284942575,17.18114724109714,17.672287271947052,13016200
2022-06-02,18.145891189575195,18.17220122200101,17.751223975039185,17.838927986359952,6189000
2022-06-03,18.031869888305664,18.172195593832217,17.86523415850186,18.014330429725618,5783200
2022-06-06,18.558094024658203,18.637027451217936,17.935398851592016,18.145887431479792,9826100
2022-06-07,18.558094024658203,18.575635157852485,18.18973859165096,18.330064311576145,9417700
2022-06-08,18.36514663696289,18.601945244588272,18.163426950209697,18.163426950209697,5780400
2022-06-09,17.46179962158203,18.36514797608408,17.453029054317195,18.36514797608408,6575300
2022-06-10,16.34796142578125,17.277621411256362,16.312880832209007,17.102213424951557,11419300
2022-06-13,15.023635864257812,15.848050717017065,14.95347300484093,15.848050717017065,12270000
2022-06-14,15.067486763000488,15.251663618025379,14.769294230547924,14.99732391258896,6133300
2022-06-15,15.444613456726074,15.742806003571365,15.17273093454606,15.260434919997214,7710900
2022-06-16,14.611429214477539,15.076259201720802,14.532495788854824,15.05871806873475,9846300
2022-06-17,14.207992553710938,14.742983703209276,14.08520630114515,14.585116859063575,22448300
2022-06-21,14.444792747497559,14.98855619615413,14.269386424535321,14.383400450820044,11806600
2022-06-22,13.769474983215332,14.304467028720358,13.769474983215332,14.190453002366144,11292700
2022-06-23,13.506363868713379,13.787016161174796,13.25202327756252,13.787016161174796,13763400
2022-06-24,14.111518859863281,14.462333161124814,13.523904277944762,13.567756274704271,12834900
2022-06-27,14.050125122070312,14.444790543117502,13.971191703298,14.102746843647063,12557900
2022-06-28,14.146597862243652,14.87453808278142,14.093976141177428,14.243072411543688,9021500
2022-06-29,13.82088565826416,14.076175872427498,13.530383029717266,14.05857008500081,11919600
2022-06-30,13.803279876708984,14.137797393729985,13.354320963480015,13.644823592150482,11017600
2022-07-01,13.829689025878906,14.07617592752868,13.556792183690444,13.706445155288925,6261600
2022-07-05,13.926523208618164,14.014554666284022,13.292699735732699,13.459958497861592,6282700
2022-07-06,13.618413925170898,14.173010058543124,13.424745234263897,13.900113228650069,6770300
2022-07-07,14.181814193725586,14.437103572654134,13.917720661640287,13.917720661640287,8408500
2022-07-08,14.040962219238281,14.27864578547441,13.873703475555828,14.217024275622471,6263200
2022-07-11,13.856097221374512,14.014553496130578,13.618413648770543,13.785672396934066,3858800
2022-07-12,14.032159805297852,14.234631812755604,13.74165718377469,13.768067123571457,5417300
2022-07-13,13.970538139343262,14.032159652470934,13.671232207814308,13.759263660451113,4731100
2022-07-14,13.829689025878906,13.94412958295599,13.627217012733237,13.697642681306215,10037800
2022-07-15,14.049766540527344,14.181813721942307,13.794476330561285,14.07617564099827,7509700
2022-07-18,14.393087387084961,14.683589994351912,14.261041052701843,14.269842686475178,6382600
2022-07-19,15.070927619934082,15.114942505789962,14.604362106184523,14.7276051298292,10379300
2022-07-20,15.264595985412598,15.28220261197541,14.88606190961371,14.938880110241827,5953300
2022-07-21,15.15895938873291,15.167762702875914,14.842048474887184,15.097337868792366,7020300
2022-07-22,14.894865036010742,15.405445446503887,14.780425322908961,15.326217307025614,4744800
2022-07-25,15.22938346862793,15.246990096042026,14.921275884183293,15.026912290547052,4241500
2022-07-26,14.91247272491455,15.255793567742918,14.903669411116333,15.229383626348266,4337900
2022-07-27,15.484672546386719,15.511082484126492,15.114941813330848,15.123745125910773,6086100
2022-07-28,15.766375541687012,15.827997065182535,15.09733873976596,15.449462930497939,7085600
2022-07-29,15.678339958190918,15.88961441716404,15.563900255894698,15.722356519889576,7971700
2022-08-01,15.704752922058105,15.757571127216242,15.370233704915485,15.599114832681364,4705800
2022-08-02,15.22938346862793,15.695949020739018,15.220581833981289,15.625524190143043,13002400
2022-08-03,15.264595985412598,15.643130061211485,15.25579267213119,15.36143075244775,9993500
2022-08-04,15.563902854919434,17.19247897040341,15.32621841923606,16.637881953808876,11138400
2022-08-05,15.819191932678223,15.995254847342334,15.572705867020936,15.889616762731789,8153200
2022-08-08,15.951241493225098,16.20653089708862,15.783981876104516,15.916028235279478,4711800
2022-08-09,16.039270401000977,16.039270401000977,15.801587639135505,15.960042254025666,6461800
2022-08-10,16.497032165527344,16.585063623895532,16.285757672879935,16.347379190019545,6946000
2022-08-11,16.86676025390625,16.901973503254347,16.523439468063003,16.637879170324037,6324000
2022-08-12,17.19247817993164,17.19247817993164,16.928383814961332,16.9900053297363,4119800
2022-08-15,16.89317512512207,17.104449645739873,16.88437181021375,17.04282812044226,4561900
2022-08-16,17.183673858642578,17.25409868269192,16.813943112618457,16.8579579980017,10965100
2022-08-17,17.03402328491211,17.139659696260562,16.85796036058404,17.007613342544754,7722400
2022-08-18,17.2100830078125,17.39494922991015,17.051628404806376,17.06043003908977,7076500
2022-08-19,16.532245635986328,17.060431034959212,16.470622438983085,16.981204568361626,6063700
2022-08-22,16.197725296020508,16.408999776687608,16.144907095618812,16.250543496422203,4796900
2022-08-23,16.25054359436035,16.435409815470905,16.162513819513762,16.25054359436035,6629300
2022-08-24,16.461820602416992,16.488228864605695,16.22413616835618,16.329772575231818,3327200
2022-08-25,16.84035301208496,16.919581156737994,16.523442112533246,16.532245426279186,5347300
2022-08-26,16.05687713623047,16.884370188464697,16.03927050810495,16.840353618150896,5548400
2022-08-29,15.819191932678223,16.08328630467439,15.739963788985412,16.08328630467439,7259300
2022-08-30,15.731162071228027,15.977648135582017,15.695948816857237,15.748767019353037,5084200
2022-08-31,15.6431303024292,15.924829615536746,15.616720362177734,15.863208100677014,6923100
2022-09-01,15.291006088256836,15.581508713398692,14.982896836364478,15.282202774881586,11186700
2022-09-02,15.194170951843262,15.61671990924949,15.132549438770724,15.537491769853284,7678200
2022-09-06,14.965289115905762,15.502279439128708,14.754014647521377,15.291004970744325,7471900
2022-09-07,15.52868938446045,15.56390263921162,14.912472537858605,15.053322198742478,10870600
2022-09-08,15.555097579956055,15.669537286934315,15.202973467261168,15.335019799639223,8012600
2022-09-09,16.05687713623047,16.144908597797595,15.616721507455312,15.704752969022438,13033000
2022-09-12,16.276954650878906,16.30336459258085,16.0480735266434,16.0480735266434,4592300
2022-09-13,15.739965438842773,15.951241630209756,15.625525707657845,15.801588640776808,7235800
2022-09-14,16.127300262451172,16.136103575582023,15.563901654559173,15.748766193126123,12809400
2022-09-15,15.960040092468262,16.27695263744827,15.907221894658338,16.100891418395115,6577800
2022-09-16,15.6431303024292,15.898419675285282,15.343824362487341,15.898419675285282,11395000
2022-09-19,15.687143325805664,16.021662479653592,15.405444046182243,15.449458928975845,8058700
2022-09-20,15.581509590148926,15.651934422053287,15.264597007049082,15.458264875020966,6547400
2022-09-21,14.789228439331055,15.739964529301472,14.771623490284924,15.71355626620204,11326900
2022-09-22,14.252239227294922,14.886062705918643,14.128994513822777,14.815637874960451,8216500
2022-09-23,13.926523208618164,14.0409637677717,13.530383328182198,14.0409637677717,8892800
2022-09-26,13.662429809570312,14.058569669561711,13.600807456572428,13.64482318313373,7454600
2022-09-27,13.87370491027832,14.137797602400187,13.724051936993158,13.864901596666206,9722700
2022-09-28,14.5691499710083,14.613166539298412,13.75046111000677,13.944129812832273,15484000
2022-09-29,14.001635551452637,14.39180108547434,13.797685597356748,14.38293347555839,10457100
2022-09-30,14.081442832946777,14.258790809046992,13.859757651406044,13.859757651406044,9355500
2022-10-03,14.515946388244629,14.648957158508253,13.895227205249444,14.178983966164829,9436800
2022-10-04,14.941580772399902,14.968181910310296,14.666691635609572,14.693292773519966,9941600
2022-10-05,14.835172653198242,14.861775485133593,14.303127853757777,14.648957903622165,7145200
2022-10-06,14.684427261352539,15.047990856198716,14.613488064585576,14.764234069130858,6926100
2022-10-07,14.453872680664062,14.675557854854148,14.329729524341184,14.560282308457712,8135100
2022-10-10,14.489341735839844,14.844037642386258,14.42727016360966,14.57801613530732,9758900
2022-10-11,14.65782356262207,14.835170677939795,14.329728777732752,14.622353124764386,7922900
2022-10-12,14.737630844116211,15.012519981314517,14.46274001559428,14.64895643786151,10394400
2022-10-13,14.923845291137695,14.950448119905081,14.311993760076565,14.471607350033693,11370800
2022-10-14,14.906113624572754,15.322882917973557,14.82630681057362,15.136666454867582,8822700
2022-10-17,15.411550521850586,15.544562961785333,15.260804555738178,15.411550521850586,6023400
2022-10-18,15.650975227355957,15.88152804487921,15.580036028989102,15.69531328341268,7825300
2022-10-19,15.54456615447998,15.78398487462513,15.473626961228865,15.562299684299925,6076100
2022-10-20,15.287409782409668,15.846057382148512,15.243073423018705,15.6243722025463,6914600
2022-10-21,15.819453239440918,15.890392423376024,15.260805686043836,15.3317465613025,8523300
2022-10-24,15.819453239440918,16.00566796302424,15.704176008469146,15.854921985746692,5309600
2022-10-25,15.961334228515625,16.014538202373338,15.455892248557777,15.67757744617605,13158300
2022-10-26,16.050004959106445,16.262822496976472,15.88152377404638,15.9968009974698,7067900
2022-10-27,16.413570404052734,16.528845949775366,16.200752841033044,16.209620450907654,8116800
2022-10-28,16.537715911865234,16.599787498492507,16.245091509676747,16.44904149183032,5267300
2022-10-31,16.741662979125977,16.821469774129838,16.404702271250244,16.440172709618,9077100
2022-11-01,16.723928451538086,16.98994995809959,16.70619323341439,16.883542032004385,7194400
2022-11-02,15.961334228515625,16.608654599643263,15.863792200339958,16.59091937791608,11017600
2022-11-03,15.06572437286377,16.103211065220215,14.790835227923214,16.050007096498355,9950200
2022-11-04,15.251938819885254,15.438153531893295,14.844037269121262,15.26967234627403,10097500
2022-11-07,15.22533893585205,15.54456615107401,14.844040137964438,15.438156515558763,6376500
2022-11-08,15.296277046203613,15.455890642514916,15.136663449892312,15.225337857990109,8266100
2022-11-09,14.89724349975586,15.331747943262378,14.870642360459666,15.127796291157216,8206700
2022-11-10,16.076608657836914,16.174150679161006,15.30514517145603,15.429288332178537,7325300
2022-11-11,16.45790672302246,16.617520317739135,16.227353940801006,16.342631177573555,6341800
2022-11-14,16.0411376953125,16.626386359874193,16.023402477277664,16.342629636610763,6333100
2022-11-15,16.45790672302246,16.59978509803203,16.253956770361665,16.422437974931892,6245000
2022-11-16,16.209617614746094,16.378097098914246,15.979064872316497,16.218485223069155,4828200
2022-11-17,15.84605884552002,16.041141212709142,15.721913983377982,15.908130430929111,3703600
2022-11-18,16.253957748413086,16.289428189961665,15.84605781854688,16.112079364866254,3582000
2022-11-21,16.112077713012695,16.351498094948358,16.02340330955613,16.209619725947277,3093300
2022-11-22,16.431306838989258,16.46677558978716,16.112079625189256,16.22735517943716,4423400
2022-11-23,16.200754165649414,16.386968914270685,16.11207975097671,16.298294499597983,3544200
2022-11-25,16.369234085083008,16.37810169589502,16.11208013682999,16.16528411037823,1434200
2022-11-28,16.138681411743164,16.253956958526565,16.01453656367989,16.15641494033192,5618500
2022-11-29,16.546579360961914,16.608650931976033,16.120944281445006,16.13867949925574,5864700
2022-11-30,16.79486656188965,16.865805738537954,16.28055710835858,16.466771812814116,13423800
2022-12-01,16.573183059692383,16.998818161604504,16.48450865729647,16.821469356812678,4596200
2022-12-02,16.466772079467773,16.49337490538795,16.245086937436547,16.360364158433892,5494300
2022-12-05,15.677576065063477,16.324896379165573,15.642105624733873,16.324896379165573,5240400
2022-12-06,15.438157081604004,15.677577501798904,15.35835027487237,15.633239447323641,6253600
2022-12-07,15.58890151977539,15.739647507215757,15.358348733612264,15.40268678363806,7851100
2022-12-08,15.686444282531738,15.90812946920445,15.668709061680222,15.73078064333678,5222000
2022-12-09,15.686444282531738,15.828322666696373,15.535698287941344,15.56229942789487,3621900
2022-12-12,16.050004959106445,16.165280491206417,15.686441453829717,15.6953090626564,5174000
2022-12-13,16.023405075073242,16.661859497248905,15.846057939942925,16.57318508402187,6383100
2022-12-14,15.58890151977539,16.094343450803773,15.438155532335026,16.041139482096487,8193100
2022-12-15,15.181000709533691,15.482490975257797,15.1632654905724,15.358347825175898,7680900
2022-12-16,15.074590682983398,15.181000302575045,14.719894769883789,14.994783891120546,9598800
2022-12-19,14.879508018493652,15.127794306409719,14.799701228428205,15.065722734430702,4768500
2022-12-20,14.994787216186523,15.047991192118467,14.773102009925548,14.808572454762777,6234300
2022-12-21,14.081442832946777,14.985917933888803,14.063707612505828,14.87950999389053,15791300
2022-12-22,14.23218822479248,14.320862637208768,13.939564693407222,13.983901899615367,11501100
2022-12-23,14.489341735839844,14.49820934491894,14.081441020480595,14.241053755595608,4701100
2022-12-27,14.329730033874512,14.569150436430737,14.241055622780681,14.53367999546372,5399800
2022-12-28,14.04597282409668,14.365200017338225,14.028237604178003,14.365200017338225,4935600
2022-12-29,14.308428764343262,14.380830609954897,14.118373703838198,14.127423287216093,3926700
2022-12-30,14.525634765625,14.552786107534374,14.10027409955607,14.18172639908787,4587200
2023-01-03,14.417032241821289,14.724740532353534,14.33557994572768,14.61613689549664,7739100
2023-01-04,14.634239196777344,14.78809335684029,14.480385036714397,14.525635549475565,8853500
2023-01-05,14.290328979492188,14.516585843445561,14.163625308297927,14.498484949090033,6846300
2023-01-06,14.634239196777344,14.724741948496092,14.362731804719308,14.371782252510824,7354500
2023-01-09,14.66139030456543,14.760941776279639,14.534685763716569,14.570887554300926,8344300
2023-01-10,14.887646675109863,15.032450388536398,14.58898880039308,14.688540274501056,5901400
2023-01-11,15.620716094970703,15.647867439265559,15.050549948154035,15.086751740547175,7420200
2023-01-12,15.747417449951172,15.865071538079425,15.611664193507758,15.7293165554397,7238800
2023-01-13,15.394457817077637,15.747416610248893,15.331106415861896,15.593562467497998,9097300
2023-01-17,15.75646686553955,15.801717372659105,15.46685947710353,15.475909923766679,8762100
2023-01-18,15.512110710144043,15.801718112132836,15.43065841256016,15.702166646571863,6599900
2023-01-19,15.457809448242188,15.54831219112365,15.322056197018115,15.448759001334416,4927100
2023-01-20,15.93747615814209,15.96462577842866,15.41256220951021,15.530214591877437,4884500
2023-01-23,16.25423240661621,16.26328285498206,15.901273551330707,15.991776308792675,5527000
2023-01-24,16.408084869384766,16.444286659081815,16.082277393093037,16.245181994337074,4273300
2023-01-25,16.51668930053711,16.625292948615012,16.272332387009143,16.36283513937466,10330100
2023-01-26,16.5981388092041,16.66149020732993,16.35378193683637,16.552888303741693,9464700
2023-01-27,16.860597610473633,16.978251705866118,16.56193973737978,16.643392041514144,6593700
2023-01-30,16.770095825195312,16.923949978681375,16.625292119113883,16.625292119113883,4058100
2023-01-31,17.059701919555664,17.114002873592554,16.770094529763966,16.79724414368431,7041300
2023-02-01,17.01445198059082,17.114005181581,16.580040837318744,16.85154909651112,8267000
2023-02-02,17.403610229492188,17.494112970174896,17.068752333021223,17.14115418032815,6673600
2023-02-03,17.25881004333496,17.575568837018647,17.150208113395532,17.177357732782113,9431200
2023-02-06,16.761045455932617,17.231658365989485,16.643391365320227,17.231658365989485,6105100
2023-02-07,16.93299674987793,17.005400320776957,16.525737020747755,16.761043447581166,7734800
2023-02-08,16.78819465637207,16.960149701211165,16.670542294869303,16.842497339708398,3636800
2023-02-09,16.69769287109375,16.996350710967477,16.643390190246727,16.932997583312616,6192700
2023-02-10,16.45333480834961,16.61623938683958,16.17277788217027,16.61623938683958,5483700
2023-02-13,16.706745147705078,16.770098288844537,16.353786278053914,16.453339487933615,5437400
2023-02-14,16.770095825195312,16.996351831722087,16.543839818668538,16.634340840322174,9730700
2023-02-15,16.679594039916992,16.79724641057419,16.49858853377129,16.643392248209278,10474100
2023-02-16,15.702167510986328,15.964623586163444,14.978147239960283,15.385408750299707,17484700
2023-02-17,15.331109046936035,15.629766936919363,15.25870718652179,15.611666040266673,9009400
2023-02-21,15.376358032226562,15.39445892707798,14.96909825524769,15.168202920024271,8998200
2023-02-22,15.457809448242188,15.575461805650717,15.322056197018115,15.421609386807349,7020000
2023-02-23,15.702167510986328,15.801718982027674,15.385408750299707,15.530212459265641,5445100
2023-02-24,15.367308616638184,15.602615086917247,15.24060579656348,15.376359064671586,5924700
2023-02-27,15.457809448242188,15.711216783071032,15.412558939899577,15.593562699466258,5861900
2023-02-28,15.2044038772583,15.539263546907513,15.159153363666233,15.512112203034405,15455900
2023-03-01,15.394457817077637,15.439708324747105,15.104850425122125,15.358256029985089,6347600
2023-03-02,15.367308616638184,15.45781137077574,15.195355282592931,15.258706692630284,4620400
2023-03-03,15.448760986328125,15.58451425499498,15.340159061873228,15.475912330540082,4776500
2023-03-06,15.340157508850098,15.6840658697356,15.26775565781124,15.448759422310237,4972200
2023-03-07,15.313008308410645,15.49401382441364,15.20440465356954,15.385410169572536,4617600
2023-03-08,15.358257293701172,15.421610426325987,15.222504033326432,15.294905887272717,3730600
2023-03-09,14.570887565612793,15.394459313886019,14.552786670306562,15.358257523273558,8661500
2023-03-10,14.389881134033203,14.72474077075018,14.190776477134307,14.462282984377918,11332500
2023-03-13,14.272229194641113,14.326530152448898,13.973570474305653,14.24507785263906,8927900
2023-03-14,14.444184303283691,14.70664125108685,14.272230108418814,14.579938432691115,11323800
2023-03-15,14.263179779052734,14.326531188777142,13.910220075377692,14.06407423879259,10794900
2023-03-16,14.362730979919434,14.417032800451965,13.864967600247493,14.045973093290494,11152900
2023-03-17,13.883068084716797,14.281278258833233,13.864967190707894,14.19982596198943,11026100
2023-03-20,14.199827194213867,14.326530873976818,13.946420697786172,13.946420697786172,6774100
2023-03-21,14.344630241394043,14.5346844461443,14.208876128303425,14.362730271947257,10513300
2023-03-22,13.647764205932617,14.08217624970332,13.638713757227368,14.055024903587574,10749600
2023-03-23,13.448657035827637,13.855918547702174,13.367205596550919,13.629662535815514,6692800
2023-03-24,13.629663467407227,13.647763500784244,13.131900034614654,13.312904683876068,8288400
2023-03-27,13.702064514160156,13.901169184985587,13.674913171058162,13.783515954171543,5844700
2023-03-28,13.801617622375488,13.855919448521833,13.557260699364306,13.57536159577917,5118100
2023-03-29,14.263179779052734,14.299380707909286,14.027873309936039,14.036923757924734,6031900
2023-03-30,14.39997386932373,14.591487173261605,14.25405913674638,14.42733266425188,6441900
2023-03-31,15.038350105285645,15.083949542867638,14.482050012590468,14.545887485764572,10637600
2023-04-03,14.846837997436523,15.138667446324787,14.773880635214457,15.056590196394872,6740900
2023-04-04,14.737401962280273,14.919796248420905,14.57324745264187,14.883316695416449,5949500
2023-04-05,14.664443969726562,14.75564110890392,14.582366718411018,14.719161557456676,4042500
2023-04-06,14.664443969726562,14.75564110890392,14.527649130680906,14.75564110890392,4421000
2023-04-10,14.837718963623047,14.883316665345665,14.564128404685285,14.618846864361002,4989800
2023-04-11,14.956273078918457,14.992752629525137,14.801238467721491,14.86507594184247,7637800
2023-04-12,14.691804885864258,15.12954910390662,14.637085554028289,15.12042921526729,4682700
2023-04-13,14.865076065063477,14.938033427440889,14.655323865658506,14.773880666672255,3772400
2023-04-14,14.855957984924316,15.074830073060566,14.746521071135824,14.919795459867297,4041800
2023-04-17,15.065711975097656,15.083951752802745,14.81948019440177,14.901557454633732,3501100
2023-04-18,15.166027069091797,15.348421364801366,14.992754401552714,15.093069698696153,4658900
2023-04-19,15.020111083984375,15.102188336310036,14.910675907177342,15.065710523854616,3797300
2023-04-20,14.682683944702148,14.965393514491796,14.600606692272772,14.965393514491796,3750200
2023-04-21,14.792119026184082,14.837718465817662,14.600606598045342,14.728281550137837,2886000
2023-04-24,14.91979694366455,14.938034981575823,14.691804945085037,14.691804945085037,3811500
2023-04-25,14.518529891967773,14.79211958229176,14.472931320340304,14.755641768654282,4513500
2023-04-26,14.409092903137207,14.63708400698003,14.345254559129671,14.509409058405678,6845300
2023-04-27,14.509407997131348,14.536766788436102,14.208458683618176,14.491169092834944,7395400
2023-04-28,14.746522903442383,14.810360386317393,14.39085506373774,14.56412947399916,6194900
2023-05-01,14.755640983581543,15.056590322702272,14.691803508531804,14.910675597034084,8441600
2023-05-02,14.573246955871582,14.728281571974078,14.190221229305843,14.728281571974078,6661800
2023-05-03,14.837718963623047,15.10218876460771,14.618846864361002,14.664444566083619,7438700
2023-05-04,15.786165237426758,15.93207997498525,15.093069364303478,15.594652796671566,15225300
2023-05-05,16.196548461914062,16.515737542269143,15.859119607952278,16.296865477310373,8677500
2023-05-08,15.886479377746582,16.278625815787994,15.840881682856422,16.196548573433255,4788800
2023-05-09,15.95943832397461,16.041515574510306,15.685848648482766,15.758806011243307,4789200
2023-05-10,15.795284271240234,16.287747788432632,15.667609317645516,16.08711373056575,6417300
2023-05-11,15.375781059265137,15.694968468182472,15.357541281772454,15.694968468182472,8058500
2023-05-12,15.266343116760254,15.45785728879358,15.184265862951799,15.384899923123932,6113500
2023-05-15,15.430498123168945,15.494335602763336,15.284583387112948,15.330181089840124,5121200
2023-05-16,15.4669771194458,15.850003765723827,15.35754192876122,15.457858969756249,19574100
2023-05-17,15.539933204650879,15.685847923427263,15.330179274399251,15.539933204650879,4419900
2023-05-18,15.82264518737793,15.968559928586826,15.448738445600016,15.530815704960135,7248900
2023-05-19,15.567293167114258,15.986799343146387,15.466976132520315,15.913841974198306,6599700
2023-05-22,15.61289119720459,15.740566146451496,15.539933834857683,15.622009345487319,5805200
2023-05-23,15.339301109313965,15.631130583918992,15.321061332290931,15.539935177685576,7071900
2023-05-24,15.111309051513672,15.229865862225614,15.001873868715894,15.175146531385856,8954900
2023-05-25,15.257224082946777,15.321061564052185,14.974514492576727,15.120429232086488,7091200
2023-05-26,15.302823066711426,15.321061104021853,15.156908331582901,15.24810373645759,3949100
2023-05-30,15.129549026489258,15.494335872991291,15.102189360711272,15.31194331946072,3810600
2023-05-31,15.138668060302734,15.156907836458181,14.792119271112425,15.083950471277188,13789600
2023-06-01,15.27546215057373,15.293701925831229,15.102187764508898,15.18426501372694,4265400
2023-06-02,16.05063819885254,16.077996127401693,15.412259861276407,15.49433712580594,8478800
2023-06-05,15.877361297607422,16.04151580099648,15.831763597528576,16.005036249380794,5870400
2023-06-06,16.059757232666016,16.187432197603478,15.81352545219439,15.850003268130406,4771400
2023-06-07,16.160072326660156,16.2695092519658,15.922960438032025,16.09623484499891,7920700
2023-06-08,16.260387420654297,16.315105007049702,15.89560061228373,16.05975511091066,4384400
2023-06-09,16.169191360473633,16.278628279993004,16.09623399394099,16.223910689953733,3530600
2023-06-12,16.068876266479492,16.269508592054205,15.95031945725378,16.169191559546423,4196000
2023-06-13,15.904718399047852,16.105350682289703,15.822641160576078,16.077991022985618,7659300
2023-06-14,15.922958374023438,16.087112870982967,15.71320617877101,15.932078261570155,6982000
2023-06-15,15.603771209716797,15.932078468458448,15.339299685749733,15.932078468458448,9449800
2023-06-16,15.549052238464355,15.758806180666621,15.476094874919449,15.694966965554169,9092900
2023-06-20,15.147788047790527,15.558172577336535,15.11130849524023,15.503454987951894,7707100
2023-06-21,15.17514705657959,15.248104427450032,14.96539483275718,15.07483175878331,8235500
2023-06-22,15.047471046447754,15.211625554355896,14.928915979314546,15.193385778045922,4298700
2023-06-23,14.810358047485352,14.956272767997273,14.728280799767312,14.84683759733367,8345800
2023-06-26,14.983633041381836,15.074830180280765,14.737401288186948,14.755641063854883,5340200
2023-06-27,15.166027069091797,15.175146957821367,14.582368105926642,14.801240217113575,9132600
2023-06-28,15.07483196258545,15.166027372825711,14.965395035079803,15.166027372825711,10586800
2023-06-29,15.360128402709961,15.38773685610601,14.973594256838691,15.01040611315663,6094700
2023-06-30,15.488972663879395,15.571801535507332,15.304908114624064,15.461362454880206,7070300
2023-07-03,15.939929962158203,15.939929962158203,15.461363505859703,15.488973716735686,3002700
2023-07-05,15.811083793640137,15.967538124458688,15.617815853043323,15.857099050493433,6030100
2023-07-06,15.80188274383545,15.82028955146505,15.461363824166996,15.627021582093823,4884700
2023-07-07,16.059572219848633,16.197619761476986,15.77427197773101,15.801882188204573,5467000
2023-07-10,16.372480392456055,16.42769905626411,15.94913262227517,16.013554689279513,5254800
2023-07-11,16.400089263916016,16.565747014924412,16.34487059870312,16.464511332559344,4659900
2023-07-12,16.225229263305664,16.630170266192888,16.197620806420748,16.55654478888338,6775200
2023-07-13,16.372480392456055,16.4553075104833,16.10558696587272,16.28044811586285,5661200
2023-07-14,16.013553619384766,16.271243625555073,15.737458563421232,16.26204022297368,7201400
2023-07-17,16.050365447998047,16.18841296065549,15.921519581530983,15.99514503863958,4419300
2023-07-18,16.271244049072266,16.31725930780738,16.013554036194655,16.05036764747843,3783100
2023-07-19,16.262041091918945,16.418495433423473,16.160805413483768,16.409292030350308,5538700
2023-07-20,16.07797622680664,16.446105321056304,15.976742305720636,16.418495112376696,4065900
2023-07-21,16.17000961303711,16.20682322714309,16.041165474405656,16.15160280598412,3263500
2023-07-24,16.04116439819336,16.206822139816705,15.967538930290717,16.096383060277937,3049600
2023-07-25,16.07797622680664,16.087179629699843,15.847896420585409,16.013554161923835,4477400
2023-07-26,16.03196144104004,16.252837850889254,15.98594618058508,16.004351231545265,3517500
2023-07-27,16.133197784423828,16.3816826586242,16.00435189018206,16.142401187967508,5728500
2023-07-28,16.731403350830078,16.91546613776203,16.298852203032368,16.372479424248635,7993300
2023-07-31,16.93387222290039,17.090326550592106,16.768214492948044,16.805028101990565,7639000
2023-08-01,16.924671173095703,16.998296646044867,16.565747211889743,16.933874576635567,6596700
2023-08-02,16.703794479370117,16.78662335449611,16.501324870934194,16.65777921779777,7823900
2023-08-03,15.470565795898438,15.70064560386099,14.467418570436958,15.45216074534235,19737300
2023-08-04,15.268097877502441,15.663835471619077,15.166862189136841,15.498177710791666,12112500
2023-08-07,15.452160835266113,15.470565885929307,15.09323513910442,15.240486076627809,6128800
2023-08-08,15.42455005645752,15.45216026448689,15.074827776230451,15.258892319020443,5725000
2023-08-09,15.498176574707031,15.617817306884513,15.406144297063749,15.44295791026894,5363300
2023-08-10,15.33251953125,15.663835043856963,15.24969065309826,15.498177287553482,7862700
2023-08-11,14.9920015335083,15.231282995513618,14.807936980029172,15.212877944461447,6936200
2023-08-14,14.890766143798828,15.04722049069469,14.74351520029328,14.973595018941914,8469300
2023-08-15,14.743515968322754,14.872360111759521,14.605467543331345,14.752719372192495,7688900
2023-08-16,14.752718925476074,14.881563065011404,14.725108714702897,14.734312118293955,7806600
2023-08-17,14.550248146057129,14.844749155960953,14.550248146057129,14.734311825800054,6273400
2023-08-18,14.826343536376953,14.927577459250266,14.347777109698884,14.375386441181135,9553700
2023-08-21,14.679092407226562,14.899969702471651,14.605466934706486,14.890766298985426,7970000
2023-08-22,14.614669799804688,14.715904601369198,14.421402722138017,14.679091866465301,8667000
2023-08-23,14.642278671264648,14.789529606251238,14.596262534660138,14.660685476980374,13979700
2023-08-24,14.393794059753418,14.743515496446383,14.384590656178238,14.651483216064333,8265800
2023-08-25,14.209729194641113,14.402996277156067,14.080885058087715,14.366183541328688,11286100
2023-08-28,14.568653106689453,14.706700637898265,14.356980108477968,14.375386036386237,11554900
2023-08-29,14.853952407836914,14.909172827723747,14.550247997622968,14.623873468769048,11350200
2023-08-30,14.725109100341797,14.872360050915631,14.568654745935874,14.853953243251453,8591700
2023-08-31,14.531840324401855,14.697498063444124,14.495027591024108,14.697498063444124,9502900
2023-09-01,14.559449195861816,14.706700124729053,14.495027133903593,14.623872135504808,6255300
2023-09-05,14.633075714111328,14.752718199538092,14.44901203977175,14.513434984054227,8846800
2023-09-06,14.697500228881836,14.79873504116475,14.550249273675806,14.568655204234098,6661400
2023-09-07,14.458215713500977,14.679092126842257,14.402996171323233,14.679092126842257,6131700
2023-09-08,14.771123886108398,14.798734096711142,14.504232205094162,14.550248345080531,6212200
2023-09-11,14.853952407836914,15.001203350129076,14.826343953263194,14.826343953263194,5652300
2023-09-12,15.047220230102539,15.07482868442563,14.798733608976647,14.798733608976647,6267000
2023-09-13,14.734312057495117,15.176064895824641,14.70670184683587,15.093236019216638,6245000
2023-09-14,14.96439266204834,15.01961133088207,14.725109423275729,14.89997058918068,4881100
2023-09-15,15.277299880981445,15.4061440140937,14.927577583434385,14.964391195963406,13039500
2023-09-18,15.111642837524414,15.304909046173186,14.992002101985136,15.231283573063692,4060800
2023-09-19,15.019610404968262,15.185268156626986,14.992001949938292,15.15765794622729,3854700
2023-09-20,14.909173011779785,15.21287830342787,14.890766204923606,15.120846024516691,4622600
2023-09-21,14.642278671264648,14.789529606251238,14.623872743233727,14.789529606251238,4609100
2023-09-22,14.541044235229492,14.807936780964559,14.52263742905509,14.660685842308636,5857900
2023-09-25,14.83554744720459,14.881562708688351,14.467419211540529,14.467419211540529,5831800
2023-09-26,14.577857971191406,14.780327586907758,14.495029093087041,14.72510891996144,7164700
2023-09-27,14.761922836303711,14.890766980266275,14.596264199027049,14.596264199027049,6153700
2023-09-28,15.283149719238281,15.348302935518959,14.771229181993817,14.84569025421345,7791800
2023-09-29,14.957381248474121,15.478608732612772,14.89222803486828,15.450686941234226,9784900
2023-10-02,14.817767143249512,14.985304994695896,14.706075538167244,14.86430553394528,6158300
2023-10-03,14.39892292022705,14.743305579612827,14.305846141951568,14.743305579612827,8781400
2023-10-04,14.780534744262695,14.808457420100467,14.343075347123603,14.547843707774264,6103300
2023-10-05,14.966689109802246,15.022534467872799,14.724690191107289,14.752613757788527,5874500
2023-10-06,15.031842231750488,15.162150433509561,14.7339979568016,14.966689018516908,5318900
2023-10-09,14.910844802856445,15.013227670654512,14.67815372331858,14.910844802856445,4577000
2023-10-10,15.13422679901123,15.264533224893015,14.910843593803067,14.938765384896646,3110200
2023-10-11,15.050457954406738,15.283149016302147,14.873612250284491,15.227303658528985,5474600
2023-10-12,14.948073387145996,15.106303380967057,14.864305350104813,15.050458022939601,3852000
2023-10-13,14.752613067626953,14.9759962647507,14.706074679648026,14.95738055450076,5167200
2023-10-16,15.13422679901123,15.190072156490293,14.873612171955754,14.90153573834124,5454700
2023-10-17,15.190072059631348,15.329686340084715,15.022534212970548,15.059765634580456,4723800
2023-10-18,14.920151710510254,15.096995641505734,14.892228143635839,15.059765994298452,4651900
2023-10-19,14.659537315368652,14.985305166324128,14.640921603818748,14.873612672316662,8710900
2023-10-20,14.417537689208984,14.78984391326831,14.389615010889464,14.706074990663813,6780300
2023-10-23,14.557153701782227,14.76192120488239,14.287232095290202,14.417538526781943,6005900
2023-10-24,14.678152084350586,14.80845850624827,14.501306386566693,14.696766907059144,7366000
2023-10-25,14.519923210144043,14.696768033840465,14.491999642471455,14.585076426088094,7576500
2023-10-26,14.454769134521484,14.733998598265668,14.417538598531992,14.51992323823759,10821500
2023-10-27,14.008002281188965,14.510614945747996,13.887002820952128,14.501307090119168,9003600
2023-10-30,14.315154075622559,14.3616924650149,14.054540337729783,14.175538907445539,7312700
2023-10-31,14.40822982788086,14.426845538516739,14.12900126951019,14.333768760629223,7680400
2023-11-01,14.519923210144043,14.631614817896414,14.231385891049259,14.501307498362317,14877600
2023-11-02,15.171457290649414,15.33899514771073,14.752614423288126,14.7991519278976,11434700
2023-11-03,15.599609375,15.71130009321334,15.329686884615835,15.413455810921821,7116700
2023-11-06,15.515840530395508,15.739223743290411,15.46930302677689,15.599609457142593,9282000
2023-11-07,15.432072639465332,15.543765141055687,15.311074056760194,15.534457284648816,5741900
2023-11-08,15.013227462768555,15.497225327575556,14.994613525885228,15.441379966341525,7182000
2023-11-09,15.124918937683105,15.273841074430788,15.050457869309266,15.115611082224888,5856200
2023-11-10,15.273841857910156,15.301765425717164,14.929460064750371,15.143535425394779,5254900
2023-11-13,15.255226135253906,15.432071847322607,15.143535414688827,15.283149703041174,4431900
2023-11-14,15.804377555847168,15.897454341894488,15.636839696020402,15.692686832824013,6172900
2023-11-15,15.971914291381836,16.02775964896236,15.804376443348364,15.82299215430584,5158400
2023-11-16,15.888145446777344,16.074299006698727,15.767146875532786,15.934684724403649,6323600
2023-11-17,16.064990997314453,16.120836354639255,15.934684571792616,16.07429885275057,5095600
2023-11-20,16.29768180847168,16.306989663765663,16.009145395525685,16.064990751997712,4595100
2023-11-21,16.09291648864746,16.288376150310977,16.00914755499392,16.288376150310977,5091700
2023-11-22,16.185989379882812,16.29768186853034,16.102220457220138,16.22322080119595,2291300
2023-11-24,16.213912963867188,16.260450465268388,16.055682973694463,16.158067607127368,1743300
2023-11-27,16.223220825195312,16.27906618195575,16.02775941359596,16.14875975775077,4290800
2023-11-28,16.372142791748047,16.42798814793429,16.120836025972164,16.195297092651106,4449600
2023-11-29,16.232526779174805,16.54898672256922,16.20460321641941,16.427986392587528,4099200
2023-11-30,16.26045036315918,16.306989639560015,16.120836084540414,16.26045036315918,8295800
2023-12-01,16.49314308166504,16.56760415611959,16.185990927628517,16.26975985830139,4637400
2023-12-04,16.837526321411133,16.865449889503633,16.45591310060702,16.483834893407508,7742000
2023-12-05,16.455913543701172,16.772373556102508,16.306991393781963,16.772373556102508,5448200
2023-12-06,16.362838745117188,16.679298795984927,16.34422303029149,16.614145569387265,8115600
2023-12-07,16.548988342285156,16.576910132481693,16.32560514425363,16.390758355101344,4596600
2023-12-08,16.744449615478516,16.763065327628105,16.455913178327975,16.567603900641465,4917600
2023-12-11,17.08883285522461,17.107446791718527,16.753757144246247,16.79098856781806,6202200
2023-12-12,17.321523666381836,17.461137952094173,17.08883259843062,17.126062246150997,11951300
2023-12-13,17.479753494262695,17.619367778622497,17.079524577217168,17.284292075925414,6779500
2023-12-14,18.112672805786133,18.652517815390105,17.814828507585357,17.870675644967044,16630800
2023-12-15,17.824134826660156,18.084749452756427,17.684520545830402,17.96374910748991,19651600
2023-12-18,17.917211532592773,18.038210102074057,17.712444039896795,17.926519387982392,9333100
2023-12-19,17.898595809936523,18.131286868646956,17.898595809936523,18.010288299245964,6074300
2023-12-20,17.78690528869629,18.04751814108973,17.693828509144957,17.824134935341675,5543400
2023-12-21,18.215055465698242,18.26159474178226,17.92651905514476,17.963748700720117,5940300
2023-12-22,18.401208877563477,18.512899588720185,18.215055325246503,18.326747811695057,5616200
2023-12-26,18.717668533325195,18.754898177980973,18.34536143501652,18.34536143501652,7789900
2023-12-27,18.773513793945312,18.82005129335495,18.59666810066344,18.699052729714808,6179000
2023-12-28,18.725915908813477,18.859195867515734,18.621194903659845,18.716395652362852,2977500
2023-12-29,18.53551483154297,18.735436589931133,18.516476134013427,18.621195325737425,6219200
2024-01-02,18.754474639892578,18.792553845753307,18.41175270813074,18.53551239693193,4762700
2024-01-03,18.621192932128906,18.75447469252312,18.440313526127497,18.56407321527599,7151200
2024-01-04,18.754474639892578,18.8115943565852,18.459352169407417,18.53551239693193,6543900
2024-01-05,18.87823486328125,19.07815660107132,18.640233918552134,18.66879468560875,6067500
2024-01-08,19.411357879638672,19.411357879638672,18.99247749389753,19.02103644722342,7570800
2024-01-09,18.887754440307617,19.24951506434402,18.821114468706416,19.201915603429747,6949700
2024-01-10,18.79255485534668,19.00199503834009,18.687833855948398,19.00199503834009,4922700
2024-01-11,18.89727783203125,18.925836786998527,18.583116616767803,18.65927685635278,5271800
2024-01-12,18.80207633972168,19.0971970295405,18.63071535343873,18.94487655635638,7339800
2024-01-16,18.849674224853516,19.03055545250683,18.59263458280241,18.716394275952712,8817400
2024-01-17,18.754474639892578,18.973435067050172,18.497433191071202,18.64023339070428,8447300
2024-01-18,18.678316116333008,18.98295705422251,18.602155881860632,18.849675282043435,12463400
2024-01-19,19.001995086669922,19.001995086669922,18.56407420771448,18.754475695140506,5435100
2024-01-22,18.96391487121582,19.239995015933435,18.925833849432394,19.068635865317187,4977500
2024-01-23,18.649755477905273,19.10671688793525,18.630714965203214,19.04959716563231,5651400
2024-01-24,18.52599334716797,18.925835021643696,18.478393882793572,18.925835021643696,4965000
2024-01-25,18.63071632385254,18.887757816665424,18.449835071598653,18.72591707850213,6115300
2024-01-26,18.754474639892578,18.897274839525657,18.630713135288335,18.649753646120228,4875200
2024-01-29,18.86871337890625,18.897274144103047,18.564072480019032,18.640232704740836,4218400
2024-01-30,18.735435485839844,18.897276208024966,18.72591522973446,18.859195183603436,4776700
2024-01-31,18.29751205444336,18.811594968817175,18.221351824440177,18.744954994539782,11930700
2024-02-01,18.4879150390625,18.4879150390625,18.21183304799883,18.335594566683667,5535500
2024-02-02,18.4783935546875,18.51647457815338,18.126153166643793,18.316552836563783,4375100
2024-02-05,18.287994384765625,18.38319513968242,18.04047496410667,18.202315702724214,6507000
2024-02-06,18.53551483154297,18.64023583907026,18.211833368097967,18.297513862292426,4029900
2024-02-07,18.30703353881836,18.64975550473551,18.297513282453636,18.611674479276612,4682300
2024-02-08,18.61167335510254,18.61167335510254,18.19279299517509,18.307032433045077,4204600
2024-02-09,18.640235900878906,18.678316927670846,18.3927146741412,18.659276414274878,4304300
2024-02-12,18.763994216918945,18.86871521703915,18.66879528859494,18.66879528859494,4513200
2024-02-13,18.24991226196289,18.35463325725182,17.973830298311373,18.307031979482726,9547100
2024-02-14,18.4879150390625,18.573595531751,18.192794350803922,18.326074310184584,5698300
2024-02-15,18.944875717163086,18.954395973290787,18.611674015906303,18.611674015906303,5666800
2024-02-16,18.773513793945312,18.859194278980713,18.602154639677615,18.783034049594033,5119100
2024-02-20,18.71639633178711,18.783036313557336,18.440316147909975,18.564075854654213,6141200
2024-02-21,19.23999786376953,19.33519861651632,18.725916704222207,18.75447747478724,13093300
2024-02-22,19.668399810791016,19.69696058058289,18.55455521015382,19.344718349696223,13113000
2024-02-23,19.297117233276367,19.915919332787887,19.25903621014181,19.735038104505,13202100
2024-02-26,19.087677001953125,19.38279951111529,19.059118047765576,19.230479036104047,6208800
2024-02-27,19.259035110473633,19.48751578882561,19.18287488435631,19.201915394836394,6067100
2024-02-28,19.63983726501465,19.735038006575504,19.12575616587101,19.192396140222677,5051400
2024-02-29,19.74456024169922,19.868321762876327,19.5255997852207,19.74456024169922,7978200
2024-03-01,19.944480895996094,19.95399933635643,19.592238681158214,19.696959683153867,3931200
2024-03-04,20.0587215423584,20.125361523699926,19.868321855068793,19.982561304281894,6429300
2024-03-05,19.792160034179688,20.28720063418607,19.754079010285185,20.011120474163583,7731900
2024-03-06,19.915918350219727,20.249120022995807,19.87783732896393,20.058718548322894,4868100
2024-03-07,19.811199188232422,20.068240658051977,19.773119979260933,19.982560168112126,5077600
2024-03-08,19.877838134765625,20.03016041016057,19.59223772698171,19.953998364561542,5233700
2024-03-11,19.877838134765625,19.934959668964893,19.611278238381466,19.868319694868855,3174800
2024-03-12,19.944480895996094,20.134880571857135,19.849280150163978,19.92544038366903,3538400
2024-03-13,19.811199188232422,20.12536037941081,19.735038954486242,19.953999399531106,4633700
2024-03-14,19.677919387817383,19.887359578315003,19.611279409741012,19.849280369044173,5193600
2024-03-15,19.525598526000977,19.839759713323726,19.287597571489705,19.611279014889288,12139600
2024-03-18,19.65888023376465,19.849281740685747,19.554161039181054,19.58271999415688,8575700
2024-03-19,19.715999603271484,19.82072061176622,19.63983936503985,19.68744064881169,3627300
2024-03-20,19.782638549804688,19.99207872080979,19.677917556400615,19.696958067165546,5930100
2024-03-21,20.1348819732666,20.172963000571208,19.82072076121689,19.82072076121689,6251200
2024-03-22,19.849279403686523,20.249121068501903,19.849279403686523,20.2015197894744,4170600
2024-03-25,19.573198318481445,19.973040001390842,19.563678062245124,19.88735951106717,4150600
2024-03-26,19.297117233276367,19.668398129822652,19.26855646592545,19.620798666707586,5440600
2024-03-27,19.816322326660156,19.835550745357597,19.450954862941376,19.489415368131912,6511400
2024-03-28,19.88362693786621,20.03746529517328,19.60479376906098,19.86439668472836,5737100
2024-04-01,19.912471771240234,20.047081718011373,19.787478785557745,20.03746659082072,4643700
2024-04-02,19.53748893737793,19.739402919472717,19.422111090950455,19.720172667102204,4591200
2024-04-03,19.49903106689453,19.58556537221594,19.37403625525344,19.52787461273641,3907900
2024-04-04,19.306732177734375,19.806707755846308,19.239428125661206,19.720173450638555,3930600
2024-04-05,19.49903106689453,19.61440891805782,19.24904327751023,19.345192709411556,3820800
2024-04-08,19.75863265991211,19.845166967471265,19.450955936989754,19.450955936989754,4473900
2024-04-09,19.922086715698242,19.931701842800702,19.527875673987317,19.80670885826469,3293500
2024-04-10,19.364421844482422,19.79709338708323,19.335578297574333,19.71055907856307,4261800
2024-04-11,19.566333770751953,19.691326739881976,19.239426825153124,19.40288029795254,4132400
2024-04-12,19.229812622070312,19.54710445697856,19.133663192180393,19.460570153467415,3596600
2024-04-15,18.81637191772461,19.441340479777242,18.749067864966342,19.364421300353808,5498300
2024-04-16,18.345243453979492,18.922138271304245,18.297169649993293,18.922138271304245,6173700
2024-04-17,18.018333435058594,18.52792410792011,17.95102938718774,18.470233352118438,8122900
2024-04-18,17.87411117553711,18.13371408892611,17.758731491620487,18.13371408892611,4941700
2024-04-19,17.989490509033203,18.066411527252704,17.806808592455923,17.93180157926659,3946600
2024-04-22,18.268321990966797,18.3067824964819,18.008719080433366,18.04717958594847,4631800
2024-04-23,18.547155380249023,18.681763483396363,18.268322213560545,18.268322213560545,6391300
2024-04-24,18.585613250732422,18.768296978480233,18.460620279471996,18.575998124651193,4810500
2024-04-25,18.162555694580078,18.57599691976727,18.152940569122507,18.36446966139372,4050600
2024-04-26,18.13371467590332,18.441391397776467,18.095254168720217,18.172173349188505,3952200
2024-04-29,18.451004028320312,19.10481789079468,18.18178601615508,18.210631392639893,6363400
2024-04-30,18.143329620361328,18.41254583234579,18.095253986865604,18.229862092857832,7728200
2024-05-01,18.114482879638672,18.51830900118085,18.066409083651795,18.066409083651795,8868300
2024-05-02,17.739503860473633,18.412546239204794,17.095305028579357,18.249092749503323,12142000
2024-05-03,17.931798934936523,18.114482658472184,17.720271667720002,17.883725139536594,6342100
2024-05-06,18.047178268432617,18.172171234436043,17.92218346853149,18.09525206291908,4266000
2024-05-07,17.999103546142578,18.374086130825287,17.922184370753424,18.306782081597,4814700
2024-05-08,17.52797508239746,17.98949017988212,17.499131534990905,17.91257099696801,7320100
2024-05-09,17.71065902709961,17.77796308366301,17.39336716480214,17.527975277928945,7730400
2024-05-10,17.633737564086914,17.78757591174696,17.499129468358817,17.739502115814854,7459600
2024-05-13,17.739503860473633,17.92218577010038,17.643354425255485,17.806807914956956,6099900
2024-05-14,17.816421508789062,17.931799354004376,17.76834587836786,17.78757613053634,6038200
2024-05-15,17.76834487915039,18.037562892676068,17.71065595978692,17.98948726495844,5730400
2024-05-16,18.027950286865234,18.08563921429178,17.710658435172324,17.826038123923354,5558500
2024-05-17,17.71065902709961,18.14333058200434,17.566435786764032,18.14333058200434,5608900
2024-05-20,17.672197341918945,17.787577026845984,17.614508416404362,17.758731647139754,8417800
2024-05-21,17.633737564086914,17.729886989848882,17.518357886392998,17.633737564086914,5475700
2024-05-22,17.70104217529297,17.854880527848973,17.60489274647101,17.6529683778309,4439500
2024-05-23,17.4510555267334,17.806807886298618,17.402981726150664,17.78757763250635,5460800
2024-05-24,17.595279693603516,17.701044261160607,17.470286705134434,17.57605127269153,3388800
2024-05-28,17.470285415649414,17.681812701252696,17.30683192962482,17.614508648283373,4409300
2024-05-29,17.10491943359375,17.326061841533825,16.864546772642054,17.29721646201639,6964000
2024-05-30,17.124147415161133,17.31644627256813,17.037613112717768,17.239527096384894,6600500
2024-05-31,17.249141693115234,17.287600363077303,17.04722771564665,17.162607393328376,11097700
2024-06-03,17.4510555267334,17.4799009074218,17.24914336360839,17.354906091669992,5599800
2024-06-04,17.31644630432129,17.57604921212742,17.306831178043527,17.345291683154578,7804900
2024-06-05,17.40298080444336,17.460669728866872,17.172223272851472,17.374135425282685,5052500
2024-06-06,17.287599563598633,17.527972199913066,17.249140895415117,17.335675191200128,5366500
2024-06-07,17.124147415161133,17.210681717604498,17.00876956783519,17.066458491498164,8267200
2024-06-10,17.412593841552734,17.460667633821146,17.02799616781497,17.085686919214208,8527600
2024-06-11,17.277986526489258,17.45105513897829,17.258758107022174,17.374135959416265,5974300
2024-06-12,17.624122619628906,17.826036599198297,17.52797319287671,17.6433528717589,5021900
2024-06-13,17.595279693603516,17.681814006350585,17.335678589260343,17.652970458033586,4761000
2024-06-14,17.13376235961914,17.50874311029635,17.018384513517447,17.46066931340361,5099000
2024-06-17,17.268369674682617,17.29721505184841,17.018383741503257,17.104918039102927,2819200
2024-06-18,17.249141693115234,17.45105383668606,17.15299226736342,17.306830615007218,4108100
2024-06-20,17.364521026611328,17.431825080242323,17.1529937389285,17.21068266576965,3598600
2024-06-21,17.624122619628906,17.68181154212111,17.28760054294511,17.422210473957296,11593600
2024-06-24,17.412593841552734,17.76834430569326,17.402978716319527,17.633736220223614,5542100
2024-06-25,17.383750915527344,17.54720439973006,17.249142811089065,17.47990034751092,4663300
2024-06-26,17.172224044799805,17.374136206307636,17.01838568348967,17.249143225454873,8924100
2024-06-27,17.32606315612793,17.32606315612793,17.06646022246755,17.162609660923025,3896500
2024-06-28,17.481624603271484,17.52051676160517,17.306613599730273,17.462178524104644,11009600
2024-07-01,17.141328811645508,17.52052000773314,17.11216154197144,17.39412232421042,4540300
2024-07-02,17.16077423095703,17.228833663539294,17.044101447810426,17.18994335398391,5385200
2024-07-03,17.18994140625,17.287169950842504,17.092712861657496,17.248277791213404,2580600
2024-07-05,16.995487213134766,17.151052169199296,16.907981693538396,17.121884898987545,7368800
2024-07-08,17.199665069580078,17.258001456657954,17.014931013606436,17.112159561723107,5499600
2024-07-09,17.053823471069336,17.267724797059728,16.99548522849713,17.082990737875097,3493500
2024-07-10,17.384397506713867,17.41356662788834,17.034377325021868,17.17049618154207,6151000
2024-07-11,17.364953994750977,17.763589394799045,17.267725441316724,17.72469723163318,6603200
2024-07-12,17.676082611083984,17.73441899715745,17.36495274605179,17.520517678567888,6089300
2024-07-15,17.802478790283203,17.928876459608123,17.6760829754386,17.734419362714547,6153500
2024-07-16,18.045551300048828,18.16222594243817,17.59830252226416,17.851096035373963,7090500
2024-07-17,18.337236404418945,18.41501887874868,17.91915490946646,17.948322178289814,6873500
2024-07-18,17.491350173950195,18.278897949367998,17.433013782488253,18.201115475925256,5291700
2024-07-19,17.364953994750977,17.501072856870685,17.160773847091008,17.296894563691122,6102100
2024-07-22,17.433013916015625,17.52051943111901,17.19966649390009,17.364954483041984,3806300
2024-07-23,17.433013916015625,17.783035976429158,17.384398710691265,17.42329087495075,5229400
2024-07-24,16.703800201416016,17.433011489455854,16.66490804257006,17.394119330609897,9876800
2024-07-25,16.713523864746094,17.044099809350424,16.557958932518208,16.72324690482037,6399200
2024-07-26,16.966318130493164,17.199665539662583,16.781584069470572,16.83992045814284,6411800
2024-07-29,17.209388732910156,17.394120941091767,16.956595240446482,17.014931629636447,7010600
2024-07-30,17.306615829467773,17.413567424184574,17.199666089231393,17.219110316423194,8358900
2024-07-31,17.024654388427734,17.209388448031696,16.94687191930191,17.082990776652014,14901400
2024-08-01,16.28571891784668,16.63574093279825,16.217659493712812,16.33433226237652,19591800
2024-08-02,15.750965118408203,16.266273259911603,15.488448600389336,16.188490793959378,16781800
2024-08-05,15.478726387023926,15.760687145729621,15.274547171184482,15.37177572243762,11569500
2024-08-06,15.819025039672852,15.945420855373152,15.342606261746429,15.47872604504543,8857300
2024-08-07,15.585678100585938,15.994036535454402,15.566232019287348,15.964867413506518,12711600
2024-08-08,15.780133247375488,15.935698187790448,15.624568306960528,15.741242939511935,9477200
2024-08-09,15.877362251281738,16.042650236993616,15.61484571141927,15.760687615404944,11370900
2024-08-12,15.605121612548828,15.887084215020796,15.537062185601883,15.85791509440912,6563400
2024-08-13,15.644014358520508,15.760687136370697,15.478726377832432,15.673183480223239,6232700
2024-08-14,15.71207332611084,15.819024914729665,15.575954471127108,15.575954471127108,6718200
2024-08-15,15.974590301513672,16.198214670869504,15.877361750430158,15.945421179844509,6576800
2024-08-16,15.994035720825195,16.013479946653042,15.838470787320682,15.964866600362992,7663400
2024-08-19,16.363502502441406,16.44128497170424,15.955144075191447,16.003757423050587,7258200
2024-08-20,16.062095642089844,16.305166089986553,16.042649561182824,16.305166089986553,6466700
2024-08-21,16.451007843017578,16.47045392375342,16.023203339230648,16.17876827615674,7845200
2024-08-22,16.616296768188477,16.869090268734073,16.412116617775308,16.412116617775308,12029900
2024-08-23,16.927427291870117,17.092715284764953,16.626020429937363,16.66491074059941,12255600
2024-08-26,16.85936737060547,17.12188391429708,16.80103097905637,17.073268709272458,8839300
2024-08-27,16.82047462463379,16.966318380181328,16.684355764235164,16.810753438445648,7685200
2024-08-28,16.76213836669922,16.82047475668799,16.655186772986138,16.82047475668799,6453100
2024-08-29,17.16077423095703,17.25800278656617,16.771861863000925,16.859367377601107,6854700
2024-08-30,17.209388732910156,17.56913196314203,17.082991059438132,17.277448162711842,9227400
2024-09-03,16.88853645324707,17.180220264775713,16.771861815947343,17.131606914347756,6736400
2024-09-04,16.460731506347656,17.07326823686579,16.42183934340408,16.810753554918247,9458000
2024-09-05,16.266273498535156,16.489897859618306,16.149600725135382,16.43156147291842,8545700
2024-09-06,16.266273498535156,16.42183843272172,16.149600725135382,16.275996538731853,9017200
2024-09-09,16.305166244506836,16.626019164591927,16.266274082324223,16.295443203961185,8062200
2024-09-10,16.305166244506836,16.382948714391695,15.964867243330438,16.295443203961185,9292700
2024-09-11,16.353778839111328,16.480176505899575,16.12043144021027,16.25655029261582,8475900
2024-09-12,16.723247528076172,16.762137835342404,16.324612142575504,16.451007959291182,7706000
2024-09-13,16.937149047851562,17.121883109298818,16.781584108047674,16.781584108047674,5171200
2024-09-16,16.976037979125977,17.131604760796698,16.87881129049207,17.01493013816371,5366700
2024-09-17,17.31633758544922,17.42328917223032,17.102436266367295,17.102436266367295,5161900
2024-09-18,17.384397506713867,17.763588664060677,17.238555609802173,17.345507199628237,9059400
2024-09-19,18.016382217407227,18.152501074430678,17.608023791856528,17.753865689307418,14809100
2024-09-20,18.210838317871094,18.317789913116048,17.77331260496801,18.035827290917688,15487400
2024-09-23,18.113609313964844,18.424741051093882,17.88026190197835,18.356679766594155,7459100
2024-09-24,18.16222381591797,18.366402098092486,18.035826146922048,18.181669896452775,8588600
2024-09-25,17.705251693725586,18.298344218854258,17.695530507116022,18.220561744614468,6528100
2024-09-26,17.734418869018555,17.958043226084623,17.627467283256404,17.8413704547807,10801100
2024-09-27,17.62746810913086,17.938599840972273,17.5885778017009,17.909430719539543,6475600
2024-09-30,17.303037643432617,17.69628811540846,17.16539857186645,17.607806524818127,7459800
2024-10-01,17.25387954711914,17.35219263039843,16.89012357670169,17.283374034652756,7221100
2024-10-02,17.273542404174805,17.381686982455737,17.05725512277903,17.086747734916678,10699400
2024-10-03,17.086748123168945,17.165398215933266,16.86062934086729,17.165398215933266,8247200
2024-10-04,17.558650970458984,17.68645667103832,17.263711709238244,17.312869190358118,5337300
2024-10-07,17.185062408447266,17.73561497142468,17.04742520528604,17.45050719325785,7174700
2024-10-08,17.16539764404297,17.283373716841965,16.713160094506616,17.234218113689252,7589200
2024-10-09,17.155569076538086,17.273543281412167,16.98843739032799,17.106411595202072,5386300
2024-10-10,17.312870025634766,17.312870025634766,17.017930750184387,17.096580848604567,4648100
2024-10-11,17.509492874145508,17.57831147012923,17.24404998608916,17.381687178056605,4618300
2024-10-14,17.59797477722168,17.61763776933111,17.303037396244754,17.450506086733217,4647100
2024-10-15,17.617637634277344,17.912575012993326,17.588143146339295,17.64713212221539,6507400
2024-10-16,17.68645668029785,17.85358836586059,17.607806585631046,17.62746957808929,4461000
2024-10-17,17.735614776611328,17.89291497140097,17.529157098971027,17.883083474830837,7588800
2024-10-18,17.470169067382812,17.843756541386263,17.342361493921484,17.68645635494627,8034400
2024-10-21,17.332530975341797,17.44067556280541,17.19489377323628,17.381688458355367,4104600
2024-10-22,17.29320526123047,17.332529368830222,17.165397692407613,17.263710774156102,4038300
2024-10-23,17.086748123168945,17.24405018386371,16.78197924810297,17.204724199898486,6680800
2024-10-24,17.362024307250977,17.38168729914505,17.067086929504327,17.175229634589503,5456000
2024-10-25,17.283374786376953,17.529156567682183,17.273543290104804,17.49966207886573,3273800
2024-10-28,17.41118049621582,17.56848256148205,17.381687882550924,17.460337977600947,3761400
2024-10-29,17.32270050048828,17.470169191931344,17.244050406707572,17.37185610591392,2627700
2024-10-30,17.45050621032715,17.597974901860063,17.28337452654554,17.322700511042928,3805900
2024-10-31,16.949111938476562,17.460338509457188,16.919617448747058,17.381688412011417,6286900
2024-11-01,17.0375919342041,17.253879213098525,16.9097862410315,16.9097862410315,4662000
2024-11-04,17.096580505371094,17.224388084716917,16.97860629769242,17.037593401531755,6825000
2024-11-05,17.35219383239746,17.362025328923036,16.929448857628927,16.949111850680072,5502000
2024-11-06,17.68645668029785,18.482789123195037,17.63730107431841,18.187851736986058,21413400
2024-11-07,17.6962890625,18.404139949940145,17.381688668082155,18.040383947081864,13613400
2024-11-08,17.706119537353516,17.912575331087755,17.56848234153069,17.755275142957053,8591500
2024-11-11,17.75527572631836,18.13869658825488,17.470169829151423,17.7454442298414,12972300
2024-11-12,17.68645668029785,17.951901452985638,17.460337892526557,17.656962191610486,7736900
2024-11-13,17.6962890625,17.89291524659428,17.607807467174197,17.70612055922134,5505200
2024-11-14,17.16539764404297,17.814263231688358,17.135905032217767,17.67662416756185,9861400
2024-11-15,16.968774795532227,17.381688272602325,16.968774795532227,17.214556582474756,12826400
2024-11-18,17.116243362426758,17.155569348118117,16.870461577354384,17.017930273364566,5446000
2024-11-19,17.0375919342041,17.07691791682094,16.79181016834705,16.9097862410315,6211400
2024-11-20,17.126073837280273,17.165397945459745,16.88029206686877,16.939279166721025,4901100
2024-11-21,17.588144302368164,17.68645739345743,17.165399323300694,17.244051296305102,4364700
2024-11-22,17.94207000732422,18.00105710969903,17.578312146486173,17.597975138999832,6184100
2024-11-25,18.109201431274414,18.256670122660303,17.981395732117615,18.02071984140965,13101500
2024-11-26,18.001056671142578,18.15835685708725,17.942069570204858,18.010888167159887,8026900
2024-11-27,18.119033813476562,18.295997001860243,18.001057729498697,18.001057729498697,6952100
2024-11-29,18.109201431274414,18.33532021641052,18.109201431274414,18.266501618774846,4412600
2024-12-02,18.0797061920166,18.276332355808638,17.961731993874235,18.148524786793992,5542200
2024-12-03,18.2075138092041,18.75806444404594,18.17801932200744,18.256669412699132,10704200
2024-12-04,18.21734619140625,18.276333293503857,18.079707119623613,18.20751469519562,5113800
2024-12-05,18.482789993286133,18.649921686716716,18.069876508055646,18.217347083268596,9272300
2024-12-06,18.482789993286133,18.708910666868398,18.325489796547497,18.60076607842324,5650000
2024-12-09,18.62042808532715,18.82688387942157,18.512283502611314,18.590933596813876,6789100
2024-12-10,18.748233795166016,18.88587099130199,18.47295940289407,18.689246693274335,6518900
2024-12-11,18.610595703125,19.033340642524646,18.541777108369907,18.905533073551414,6231000
2024-12-12,18.502452850341797,18.708910529018965,18.453297242410503,18.59093444475112,5529300
2024-12-13,18.266502380371094,18.600765761537698,18.19768377986613,18.502452671459363,4514400
2024-12-16,18.345151901245117,18.70890976056076,18.197683208342188,18.276333302901495,8159700
2024-12-17,18.404138565063477,18.5417776336389,18.138695674226415,18.197682774949527,7336300
2024-12-18,17.25387954711914,18.502451391884115,17.23421843059616,18.4238013002939,10588700
2024-12-19,17.332530975341797,17.548820150269023,17.253880877686324,17.303038360699897,7594900
2024-12-20,17.892913818359375,18.050214003012396,17.08674802805499,17.135905507737885,19799300
2024-12-23,17.765106201171875,17.902743393601718,17.60780601691888,17.8732507810331,4286000
2024-12-24,17.912574768066406,17.961732247291,17.706118980821408,17.784769072414658,1710000
2024-12-26,17.97156524658203,18.030552351420127,17.7847705602341,17.883083651741764,3034500
2024-12-27,17.676624298095703,17.93223756174273,17.529155612382514,17.83392447954525,7022200
2024-12-30,17.48000144958496,17.607807154359303,17.234219661416724,17.578312664719274,5850400
