Price,Close,High,Low,Open,Volume
Ticker,L,L,L,L,L
Date,,,,,
2015-01-02,39.68199920654297,40.21438592868456,39.46333622953476,40.17635726949943,868000
2015-01-05,38.73129653930664,39.45382278250599,38.60770523562098,39.34924580451134,820000
2015-01-06,38.04679870605469,38.78833934092291,37.83764473145611,38.66474802624083,1064400
2015-01-07,38.04679870605469,38.40806367310346,37.7710963989224,38.32250101318697,936200
2015-01-08,38.65523147583008,38.69326011957718,38.22741830020283,38.31298093532828,1011600
2015-01-09,38.07532501220703,38.61722074381064,37.86617462781041,38.61722074381064,936300
2015-01-12,37.71406555175781,38.23695065649924,37.51442048991834,38.08483961510536,685200
2015-01-13,37.69505310058594,38.23694888713952,37.28625401576649,38.06582352016332,1720900
2015-01-14,37.324283599853516,37.65702902132464,36.72534836910991,37.24822988672046,1128700
2015-01-15,36.896461486816406,37.561944855221576,36.88695250920355,37.362299844700026,1526900
2015-01-16,37.37181091308594,37.381316264618206,36.782377572933456,36.83942056196476,1059500
2015-01-20,37.40984344482422,37.5904777996595,36.93449598744849,37.561954486119916,1484900
2015-01-21,37.2862434387207,37.49539378499585,37.08659481614102,37.29574878902826,1427600
2015-01-22,37.885169982910156,37.885169982910156,37.143629519381285,37.419331762810174,2484400
2015-01-23,37.49539566040039,37.923208977880336,37.42884732508265,37.856660642562595,954900
2015-01-26,37.5904655456543,37.69504253244434,37.324268590203616,37.42884557699365,1239200
2015-01-27,37.48588562011719,37.70454492689428,37.267226313340096,37.31476031453305,1130200
2015-01-28,36.56371307373047,37.70454730744968,36.54469874673041,37.609479299061434,1451800
2015-01-29,36.77287292480469,36.848926618355314,36.13590556158161,36.573227899295084,1212200
2015-01-30,36.37358474731445,36.90597518912347,36.26901135619612,36.421122392911094,1299700
2015-02-02,37.229209899902344,37.333786912871005,36.33555805322897,36.50668341506624,1667900
2015-02-03,38.32249450683594,38.3415088309905,37.48588237709285,37.52391102540197,2234500
2015-02-04,38.40806198120117,38.71228395270038,38.12285070963519,38.20841336578259,1565500
2015-02-05,38.721805572509766,38.82638259914277,38.389063784689746,38.39856913865025,914000
2015-02-06,38.73129653930664,39.08305249806081,38.62671956131199,38.8548842163805,946800
2015-02-09,39.197139739990234,39.37777041678394,38.36052743775341,38.607710076115595,1151600
2015-02-10,39.46333694458008,39.51087458272911,39.09256657733839,39.453831592917844,890000
2015-02-11,39.4253044128418,39.54889209400825,39.24467012610141,39.37776678373417,964900
2015-02-12,39.853118896484375,39.900656531358784,39.46333422615584,39.52037721203771,814400
2015-02-13,40.252418518066406,40.309461512413705,39.548902760901335,39.84361945844302,844200
2015-02-17,40.43304443359375,40.45205876278871,39.976711412752145,40.13833139760307,1119900
2015-02-18,40.0717887878418,40.47107887818553,40.024251144751645,40.40453052979491,663600
2015-02-19,40.29045486450195,40.385522913264374,39.72003569208665,39.85313241099948,723100
2015-02-20,40.26192855834961,40.33798589300168,39.63447005392331,40.2239035176369,1003000
2015-02-23,40.01473617553711,40.242904477050985,39.7960768510012,40.214381172729176,734800
2015-02-24,40.328468322753906,40.67071900256095,39.976712291446695,39.976712291446695,686300
2015-02-25,39.69150924682617,40.28093902737531,39.59644121424543,40.23340501108494,992100
2015-02-26,39.237335205078125,39.675314789462135,38.99930234850945,39.56106003529525,1297000
2015-02-27,39.046913146972656,39.30398910053116,38.98026422924567,39.22782046545473,1031500
2015-03-02,38.64701843261719,39.04691192647962,38.570846167828066,39.00882942617855,1540900
2015-03-03,39.03739547729492,39.09452468066912,38.55180996094252,38.561329678791324,1454400
2015-03-04,38.713653564453125,38.942166645366044,38.49466382929486,38.92312358594895,963100
2015-03-05,38.742225646972656,38.90408987486649,38.5613219871789,38.837440966937585,565500
2015-03-06,38.54227828979492,39.17068486286413,38.48514909875481,38.60892719662855,978500
2015-03-09,38.675575256347656,38.76126722498441,38.31376795063067,38.5137146667521,1201400
2015-03-10,37.56158447265625,38.44706696560648,37.55206112468002,38.44706696560648,1137000
2015-03-11,37.79008483886719,37.99955485858724,37.46636009570537,37.58061845123931,2174000
2015-03-12,38.54227828979492,38.58988413294851,38.009083403032896,38.03764981459946,769800
2015-03-13,38.01862716674805,38.43756389639695,37.75203139625283,38.41852082249087,806600
2015-03-16,38.49467849731445,38.580370481297365,38.056698860110075,38.16143391076625,1286500
2015-03-17,38.60893630981445,38.789843641429364,38.25664862881291,38.27569169698784,932200
2015-03-18,39.065956115722656,39.30398900189127,38.35185745721682,38.56132755931515,872900
2015-03-19,38.894569396972656,39.104039484259864,38.65653652763477,39.01834750601449,1287900
2015-03-20,39.08499526977539,39.29446535090425,38.98978357767677,39.075475553402825,1267100
2015-03-23,39.03739547729492,39.51346127579852,39.01835240950352,39.10404439851792,702600
2015-03-24,38.66606140136719,39.08499796037108,38.66606140136719,38.970743195568836,751800
2015-03-25,38.33282470703125,38.79937088760504,38.33282470703125,38.68511608848079,824400
2015-03-26,38.46611022949219,38.57084163312391,38.19951096616733,38.27568322200103,1210700
2015-03-27,38.266170501708984,38.4851603499117,38.085266792000844,38.361385847945435,850500
2015-03-30,38.80887222290039,38.93265031537051,38.39945908397834,38.428021862204965,535900
2015-03-31,38.87554168701172,38.999316201285765,38.46612473771894,38.59942260361065,1116100
2015-04-01,38.49467849731445,38.87553256659262,38.342337596021906,38.87553256659262,1337800
2015-04-02,39.18021774291992,39.33255865733029,38.408989820664615,38.408989820664615,1088500
2015-04-06,39.54201889038086,39.71340284599714,38.84696335131188,38.90409254721508,998300
2015-04-07,39.36111068725586,39.57058074936192,39.33254790863882,39.52297127554298,804700
2015-04-08,39.53249740600586,39.82765945683368,39.361113458053346,39.465848496479126,799100
2015-04-09,39.456321716308594,39.50393118933791,39.12307719766041,39.41823922281512,791400
2015-04-10,39.19925308227539,39.56106407822098,39.08499831643229,39.44680931237788,556600
2015-04-13,39.522979736328125,39.58010893788491,39.151649006443236,39.151649006443236,635400
2015-04-14,39.656288146972656,39.77054293798855,39.40873186232817,39.45633772257693,1134700
2015-04-15,40.3703727722168,40.55127643048127,39.67531365467428,39.713399782338286,1174700
2015-04-16,40.21803283691406,40.37989343514276,39.94191385301356,40.256115333378204,1039800
2015-04-17,39.83719253540039,40.07522547272183,39.64676545912436,39.941927608956924,931500
2015-04-20,39.894317626953125,40.21804253355429,39.846708138731245,39.92288041421105,862600
2015-04-21,39.237335205078125,40.160903850834394,39.18972936018302,39.9895199035375,775800
2015-04-22,39.380157470703125,39.456326098242045,38.87552896296641,39.27542242975552,816500
2015-04-23,39.656288146972656,39.827672149543666,39.28495372000592,39.31352014183064,595200
2015-04-24,39.627716064453125,39.789580324690306,39.46585543630974,39.570590493152544,492100
2015-04-27,39.44681930541992,39.732458108435154,39.39921344359979,39.67532889499433,773200
2015-04-28,39.95143127441406,39.96095462205295,39.389673622786006,39.389673622786006,558700
2015-04-29,39.88479232788086,40.122825228985036,39.599153572974615,39.76101420232042,573200
2015-04-30,39.64674758911133,39.97047238323951,39.48488700809361,39.827654864475534,725100
2015-05-01,39.732444763183594,39.98000097285072,39.55154109619087,39.88478564909674,666500
2015-05-04,39.67531967163086,39.95143869093016,39.351598433672,39.60867075415773,802900
2015-05-05,39.29446029663086,39.799088737613246,39.199244984686125,39.580098968279515,871800
2015-05-06,39.12308883666992,39.49441959137428,38.913618715721235,39.41825094963453,643700
2015-05-07,39.246864318847656,39.475373860750466,38.85649052201115,39.1421292654365,750400
2015-05-08,39.437286376953125,39.58010755982565,39.142127926087134,39.494415576520844,1043400
2015-05-11,39.18021774291992,39.437290084911126,39.05643961493215,39.38968423017549,1334400
2015-05-12,38.98977279663086,39.23732530689258,38.86599472545388,39.02785891577643,680100
2015-05-13,38.62796401977539,39.07546686372752,38.58035818431275,38.98025156070982,1320600
2015-05-14,38.94218063354492,38.96122006770885,38.58988935592264,38.82792223600031,1084300
2015-05-15,38.69462966918945,39.02787792589697,38.68510995081221,38.91361951280605,1037700
2015-05-18,39.08499526977539,39.17068724550145,38.67557845598349,38.70414486928767,916300
2015-05-19,39.13260269165039,39.33255306445845,38.94217929978501,39.11356325813856,951000
2015-05-20,39.19925308227539,39.30398813100386,38.961220201381046,39.30398813100386,1033100
2015-05-21,39.08499526977539,39.29446535090425,39.04690914009865,39.15164418066308,886500
2015-05-22,38.75176239013672,39.06596397439673,38.7422390388018,38.95170918303803,613800
2015-05-26,38.13286590576172,38.75175283452712,38.094779774002184,38.58988859059581,1201600
2015-05-27,38.30424499511719,38.37089390117336,37.980520180518795,38.142384403864476,855700
2015-05-28,38.45970916748047,38.507389703772034,37.982896528981335,38.20222990615593,906300
2015-05-29,38.25943374633789,38.45015947272414,38.12592682920472,38.45015947272414,2262200
2015-06-01,38.15452575683594,38.47875832677986,38.001945937908786,38.34525143994233,1050800
2015-06-02,38.555049896240234,38.75531022567119,38.049629930212646,38.10684508845588,1149700
2015-06-03,38.84114074707031,39.01279351570337,38.326182441171134,38.564588660073696,1134900
2015-06-04,38.27850341796875,38.793461743953436,38.21174996509559,38.66948948670742,1005000
2015-06-05,38.26897430419922,38.60274161683682,38.21175549155097,38.42155416680368,1006900
2015-06-08,37.87798309326172,38.373868489594344,37.87798309326172,38.211750361086374,1002900
2015-06-09,37.820770263671875,38.13546828401805,37.75401679956044,37.85891613967583,921900
2015-06-10,38.707637786865234,38.802998829017675,37.94473853627398,38.049637865316015,1318900
2015-06-11,38.59320831298828,38.82207629598185,38.478770683700496,38.745788180914325,813500
2015-06-12,38.15452575683594,38.45968903248007,38.02101886999841,38.45968903248007,888600
2015-06-15,37.67771911621094,37.98288243841186,37.48699704179714,37.801691374812215,1182300
2015-06-16,37.706329345703125,37.83983624939691,37.53467657301389,37.591891738716775,1427800
2015-06-17,37.63956069946289,37.963793179456985,37.62048777266455,37.916109043566735,1317600
2015-06-18,37.81122970581055,37.982882483217765,37.64911157701911,37.85891022447024,1654300
2015-06-19,37.448848724365234,37.75400838883237,37.41070285685931,37.54420975533991,1619100
2015-06-22,37.7730827331543,37.906589636620474,37.59189167462995,37.744475150351626,1342000
2015-06-23,37.734928131103516,37.88750793372285,37.65864004868857,37.858900357540925,1097700
2015-06-24,37.32487487792969,37.71586090867231,37.315340230355964,37.66818039522369,1193100
2015-06-25,36.962501525878906,37.71586611076339,36.933893941421935,37.71586611076339,1113500
2015-06-26,37.16276550292969,37.20090773624724,36.8194599385383,37.10554669626762,1889100
2015-06-29,36.409400939941406,36.97203980684804,36.37125506881101,36.7145606334036,1300100
2015-06-30,36.72410202026367,36.86714724435271,36.49523402707061,36.82900136622348,1901000
2015-07-01,37.04833984375,37.35349963549726,36.829006470793644,37.134166262540894,1355300
2015-07-02,36.89573669433594,37.21996922344378,36.81944861337553,37.05785477778455,888300
2015-07-06,36.80992889404297,36.97204705925287,36.39986979343059,36.44755396059252,1290200
2015-07-07,37.057861328125,37.17229528868763,36.45707666903866,36.819455121575345,1340500
2015-07-08,36.43800354003906,36.83852785653952,36.35217716063111,36.66687509772361,1066900
2015-07-09,36.61919403076172,36.99110712331173,36.59058281286484,36.96249590541485,1336600
2015-07-10,37.02925109863281,37.21997313999768,36.73362611405366,37.21997313999768,1015400
2015-07-13,37.353485107421875,37.391630976001935,37.105544237231975,37.23905113947194,809100
2015-07-14,37.1436882019043,37.33441389723816,37.019715954268776,37.27719509730098,1136000
2015-07-15,37.076934814453125,37.315341024560325,36.972035499959546,37.22951464341013,1106800
2015-07-16,37.16276550292969,37.38209880511519,36.991112720733994,37.305807062899106,856100
2015-07-17,36.78129959106445,37.07692451911412,36.762226663017145,37.0197057349722,979800
2015-07-20,36.63827133178711,36.8766775855477,36.466622175846965,36.790854826472994,1198700
2015-07-21,36.57151412963867,36.972038486624655,36.51429896277665,36.65734051772207,1413900
2015-07-22,36.34264373779297,37.0960082448967,36.22820977398928,36.53336943599254,1265500
2015-07-23,36.03748321533203,36.56197614451508,35.99933734904489,36.39985803168975,1069700
2015-07-24,36.066097259521484,36.12331606920632,35.80861807262576,35.98027086388958,2442400
2015-07-27,36.00886917114258,36.056553319154794,35.64649438322004,35.78000126695884,2285800
2015-07-28,36.38079071044922,36.55244348026562,36.11377326974024,36.11377326974024,2353300
2015-07-29,36.52383804321289,36.83853605030168,36.37125818341582,36.399865770318144,3494800
2015-07-30,36.53337478637695,36.733635161809474,36.37125664593825,36.466621327899446,1546900
2015-07-31,36.34264373779297,36.6668763333952,36.30449787059503,36.53336943599254,1295200
2015-08-03,35.369930267333984,36.008856889532545,35.00755196521876,35.903961257935975,2708800
2015-08-04,35.77046585083008,35.79907706948981,35.30319172027151,35.48437912876299,1855100
2015-08-05,35.95166778564453,36.26636218389151,35.85630309087943,35.96120243622547,1657700
2015-08-06,36.20914077758789,36.27589423354765,35.8086164040388,35.94212331595833,1470200
2015-08-07,36.180538177490234,36.371263941880855,36.085177114190614,36.104250054408816,1447100
2015-08-10,37.23904037475586,37.23904037475586,36.34263454899058,36.38078040654379,2021700
2015-08-11,37.219974517822266,37.286727962329024,36.78130798598072,36.8194538507817,2048200
2015-08-12,37.00064468383789,37.143689871214534,36.63826621019656,36.972037101478655,1406800
2015-08-13,37.01018524169922,37.11508092938555,36.771779006630325,36.91482056499739,1295200
2015-08-14,37.18183135986328,37.21997358591937,36.98156739356725,36.98156739356725,1281500
2015-08-17,37.01972198486328,37.048329570597076,36.50476361491102,36.96250317560503,1262600
2015-08-18,36.9720458984375,37.20091388734765,36.87668120489902,36.93390002102211,1045900
2015-08-19,36.66687774658203,36.895745683010276,36.504759623637625,36.64780481224797,956700
2015-08-20,36.03748321533203,36.51429563055117,36.02794492986523,36.361715803192645,1302800
2015-08-21,35.360416412353516,35.97073582454587,35.35087812528077,35.751402513151156,3707600
2015-08-24,34.43538284301758,35.24596224976369,33.57711929887198,33.75831029029657,4553700
2015-08-25,33.720184326171875,35.45578172786092,33.6725037984358,35.45578172786092,2999600
2015-08-26,34.13023376464844,34.52121980202444,33.720174794011406,34.52121980202444,2360800
2015-08-27,34.887786865234375,34.90689342873163,34.10443598286869,34.543876010692486,2801100
2015-08-28,34.89735412597656,35.088416203255335,34.60121136819018,34.72539862084626,1958600
2015-08-31,34.8209228515625,34.92600715023201,34.54388309038018,34.696731985479886,2040400
2015-09-01,34.123558044433594,34.54389169966519,33.913389394714784,34.15221608059306,2469600
2015-09-02,34.448341369628906,34.534319069617645,33.98023974875604,34.37191512777056,1347800
2015-09-03,34.849586486816406,35.16483943353953,34.505675506465984,34.505675506465984,1559900
2015-09-04,34.477012634277344,34.66807466812536,34.29550570643458,34.391034901256,2068700
2015-09-08,34.973758697509766,35.03107473415862,34.582083322192986,35.002416715834194,1840300
2015-09-09,34.477012634277344,35.33678996449082,34.42924803686664,35.308128290680244,1169200
2015-09-10,34.62030792236328,34.90689913324839,34.28594847282652,34.43879736157891,1488900
2015-09-11,34.687171936035156,34.696723395274404,34.28594140810677,34.48655484996886,1098000
2015-09-14,34.4865608215332,34.76360056209728,34.400583096675554,34.66807137634649,1151300
2015-09-15,34.744503021240234,34.78271616314863,34.37193399814789,34.59165409781246,1736400
2015-09-16,34.92599868774414,34.98331473189079,34.70627868203877,34.78270128896905,1007500
2015-09-17,34.64896774291992,35.21259873264493,34.59164804009521,34.94511407453989,1302700
2015-09-18,34.20953369140625,34.486569860375965,34.0280230890195,34.10444937301514,3498300
2015-09-21,34.61074447631836,34.668064162364246,34.285940210466514,34.362366458527696,1695500
2015-09-22,34.27638626098633,34.46744822305234,34.0948757571319,34.18085345785141,1289000
2015-09-23,34.09489822387695,35.2221605342488,33.942049282345494,34.238195700902914,1479100
2015-09-24,34.123558044433594,34.30506501378691,33.71277585318648,33.77009192550541,1545100
2015-09-25,34.36238098144531,34.62986567430101,34.2190835278694,34.43880361760167,1148900
2015-09-28,33.81785202026367,34.209527544853046,33.79874545269771,34.133101274589194,1724700
2015-09-29,34.056678771972656,34.104443368958115,33.760532439934536,33.827403604555215,1262200
2015-09-30,34.524776458740234,34.658518786178035,34.30505640020597,34.37192756392487,1401700
2015-10-01,33.78919219970703,34.658521028501355,33.512156065321626,34.54388526102445,2974900
2015-10-02,33.96114730834961,34.03757358198378,32.86254695639827,33.1586896562174,2597900
2015-10-05,35.0024299621582,35.09796279973268,34.24773694424295,34.276398617617865,3091200
2015-10-06,35.09796142578125,35.298574910526696,34.840028240734966,34.96421545841263,2705700
2015-10-07,34.916446685791016,35.44186445429751,34.80181094311068,35.28901558265554,1960100
2015-10-08,35.13617706298828,35.13617706298828,34.820927766686076,34.820927766686076,3211200
2015-10-09,34.66807174682617,35.212596128675386,34.60120058724503,35.155276430089465,3826000
2015-10-12,34.70627975463867,34.83046695026392,34.39102692527226,34.648960064516324,4107900
2015-10-13,34.4196891784668,34.76360007305942,34.39103115198567,34.53432857280087,3548000
2015-10-14,34.04711151123047,34.51521314066806,33.970688912177636,34.45789345822554,1554200
2015-10-15,34.40057373046875,34.49610653441377,33.913369185062614,34.1713022894084,1392000
2015-10-16,34.56298828125,34.658517470305746,34.37192625893353,34.45790398676569,1605100
2015-10-19,34.4961051940918,34.65850548818261,34.37191437589054,34.457892073998536,1527600
2015-10-20,34.80181121826172,34.90689550163475,34.266838341182925,34.457900343297105,1472700
2015-10-21,34.62986373901367,35.01198783105737,34.601205707582295,34.88779695451235,864800
2015-10-22,34.95467758178711,35.06931338273542,34.782722058261434,34.782722058261434,1626200
2015-10-23,35.05974197387695,35.222142295821165,34.89733800772841,35.13616458296707,1250400
2015-10-26,34.98331832885742,35.17438033213436,34.92600227881756,35.040638023101884,969400
2015-10-27,34.50566864013672,34.82092152412725,34.41969091215794,34.76360182407306,1039300
2015-10-28,35.203033447265625,35.203033447265625,34.58208657847694,34.61074459949983,1089000
2015-10-29,35.155269622802734,35.29856701941774,34.887785036272525,35.05974045452886,1184900
2015-10-30,34.830474853515625,35.34634124905705,34.82092339176345,35.21259891929561,1382900
2015-11-02,35.90040969848633,35.98638376033342,34.21906870108724,34.40057557199339,1914300
2015-11-03,35.604270935058594,36.06281758224347,35.5373997767736,35.795332949103496,1256200
2015-11-04,35.365440368652344,35.77622237738155,35.317675781540565,35.604266948415635,1097200
2015-11-05,35.57561492919922,35.65203755263527,35.250810580134704,35.38455290430156,10926700
2015-11-06,36.11058807373047,36.12014318030628,35.54695704453587,35.71891252084645,1157400
2015-11-09,35.94818115234375,36.18700775433662,35.795332272836504,36.11058149248063,1386500
2015-11-10,36.13924789428711,36.2061190600638,35.823994989163964,35.90042126102602,634500
2015-11-11,35.85264205932617,36.253872575540605,35.77621945503073,36.158339764916164,660700
2015-11-12,35.3749885559082,35.81443219161576,35.3654370970512,35.62337021663909,906800
2015-11-13,35.30811309814453,35.68068189952471,35.26034852128618,35.317668200038376,943400
2015-11-16,35.8908576965332,35.8908576965332,35.145719942511064,35.145719942511064,1036600
2015-11-17,35.81443786621094,36.14879364224384,35.56605616612537,35.919518507103675,1137700
2015-11-18,36.272987365722656,36.3207519597676,35.89086332495322,35.89086332495322,945900
2015-11-19,36.16789627075195,36.292087107278064,36.01504741202914,36.2538739815463,806100
2015-11-20,36.21566390991211,36.48314852418318,36.07236649843572,36.28253506347988,707700
2015-11-23,36.07236099243164,36.29208462827853,36.06280953375325,36.215658382035436,491500
2015-11-24,36.16789627075195,36.26342544087712,35.88130511617221,35.93862116056561,685300
2015-11-25,36.14206314086914,36.218613136190626,36.06550949526892,36.218613136190626,507000
2015-11-27,36.094215393066406,36.27602480809519,35.96025017670011,36.16119800124955,313300
2015-11-30,36.25688934326172,36.49611400628169,35.912405244468374,36.12292411601512,1473700
2015-12-01,36.658790588378906,36.687496381350186,35.89326870654207,36.409994881698275,1148800
2015-12-02,36.60138702392578,36.74492333511201,36.49612754909322,36.62052544210262,1661400
2015-12-03,35.88371276855469,36.687508080581516,35.77845329372212,36.687508080581516,1826600
2015-12-04,36.754486083984375,36.878883961306066,35.84543141176507,35.91241404179685,1691300
2015-12-07,36.67792892456055,36.80232312736461,36.46741004246313,36.6300810693356,1021600
2015-12-08,36.381290435791016,36.620515120152916,36.19948098977641,36.36215202300858,1852500
2015-12-09,35.59663391113281,36.63965368529919,35.48180708423972,36.21861590289282,1511400
2015-12-10,36.170772552490234,36.390858830197104,35.56792530903632,35.56792530903632,2192600
2015-12-11,35.328704833984375,35.74974267660673,35.280860620126255,35.6636216315503,1461500
2015-12-14,35.18516540527344,35.65404372102884,35.03206176029307,35.39568428597601,1773700
2015-12-15,35.79758834838867,35.941124646088355,35.39569255527705,35.62534625126092,1385300
2015-12-16,36.13249588012695,36.199482152155916,35.625340701084056,36.04637484498013,1046600
2015-12-17,35.36698532104492,36.218624826703326,35.357417937396136,36.15164219032209,1086800
2015-12-18,35.09904861450195,35.29042910640339,34.71628763069908,35.29042910640339,2918300
2015-12-21,35.44352722167969,35.46266563290191,35.07990470901491,35.22344096804221,1294700
2015-12-22,36.170772552490234,36.2377551739541,35.2712890283475,35.539219514202976,1063800
2015-12-23,36.811893463134766,36.888443459546686,36.2855962678331,36.40999411856611,1320300
2015-12-24,36.811893463134766,36.94585869456472,36.53439196929912,36.84059925550439,410300
2015-12-28,36.6875114440918,36.764061473537204,36.543975119746165,36.63009618429747,902600
2015-12-29,37.12767028808594,37.185085526441235,36.84060139686745,36.97456663608414,776600
2015-12-30,36.85016632080078,37.20422145829678,36.79275473655292,37.03197940499569,760000
2015-12-31,36.744911193847656,37.06068586372696,36.543959694529384,36.716201750928576,1284500
2016-01-04,36.15162658691406,36.189903405548364,35.54878311967635,36.12292079807751,1629400
2016-01-05,36.25688934326172,36.37171615943328,36.075079913466865,36.13249149641331,1177600
2016-01-06,35.453086853027344,35.79757087917464,35.20429486207536,35.6731730585597,1254600
2016-01-07,34.60147476196289,35.23302808495782,34.57276895418881,34.75457848722588,1448200
2016-01-08,34.352664947509766,34.955508503071115,34.31438812326746,34.792837475459635,1651200
2016-01-11,34.30483627319336,34.63018216060833,33.99862880860055,34.524926310507794,1543400
2016-01-12,34.352664947509766,34.69714541485388,33.97947138656561,34.58231859240584,1879200
2016-01-13,33.6637077331543,34.62060675081012,33.55844825716734,34.42922621722294,1631500
2016-01-14,34.23783874511719,34.45792503654251,33.65412987859469,33.7880987801521,1496100
2016-01-15,33.922061920166016,34.0081829549532,33.414903092961886,33.414903092961886,1690900
2016-01-19,33.558448791503906,34.37181150935015,33.23310297430938,34.37181150935015,1666600
2016-01-20,32.79292297363281,33.2618013509075,32.61111351207641,32.917320842213144,3372400
2016-01-21,32.89817810058594,33.30964483076294,32.72593604375469,32.74507445565581,1800200
2016-01-22,33.491451263427734,33.63498751466811,33.041707749801155,33.48188388347501,1018500
2016-01-25,32.73550033569336,33.443606908103604,32.6780887556861,33.40533008791311,1016100
2016-01-26,33.13740158081055,33.35748783433091,32.78334644880593,32.86946747412074,994400
2016-01-27,34.008182525634766,34.36223404183294,33.25223163541027,33.30007584295936,1823800
2016-01-28,34.419647216796875,34.591889273866926,33.960336281369685,34.352664600189506,970800
2016-01-29,35.41482925415039,35.43396767157348,34.58232817278542,34.64931080862628,2000100
2016-02-01,35.38611602783203,35.587063893188294,34.97464926527638,35.213873957446914,1082100
2016-02-02,34.65887451171875,35.10861445005645,34.54404403146822,35.00335865191213,1342500
2016-02-03,34.73542404174805,34.99378714337347,33.864646321579,34.93637190403035,1853600
2016-02-04,34.974647521972656,35.07033958423859,34.486630780392666,34.735422841726226,1702700
2016-02-05,34.725852966308594,35.15645808987794,34.59188773903784,34.926800807214725,1590400
2016-02-08,34.75456237792969,34.97464865283918,32.38145391118672,32.4101597056552,2427500
2016-02-09,34.81198501586914,35.04163872098428,34.17086081767306,34.35267395535902,1565200
2016-02-10,34.71629333496094,35.366984924173906,34.687587534056796,34.96508911039641,1514900
2016-02-11,34.008182525634766,34.2856840398102,33.67326577223299,33.855078871310226,1457300
2016-02-12,34.31438446044922,34.55360911100976,33.88377935938454,34.04645401991052,1768000
2016-02-16,34.95551300048828,35.079910870141504,34.52491144833672,35.079910870141504,1221600
2016-02-17,35.77845001220703,35.89327686045635,35.27129475301615,35.27129475301615,1720700
2016-02-18,35.625343322753906,35.89327382947032,35.548793313811814,35.797585405722856,707500
2016-02-19,35.328704833984375,35.56792955355452,35.2904316530656,35.52965637263574,963600
2016-02-22,35.83586120605469,35.89327279854244,35.64448071377721,35.72103437079991,988200
2016-02-23,34.92679977416992,35.874131018002856,34.850246132120226,35.663612152644745,1050200
2016-02-24,34.62059783935547,34.66844204786699,34.247407902574814,34.48663259541155,1291500
2016-02-25,34.869384765625,34.869384765625,34.438783302316686,34.630160108107674,1491400
2016-02-26,35.10231018066406,35.64868666002498,34.81474418993726,35.08313862706895,1278300
2016-02-29,34.843502044677734,35.20775427437946,34.757231875974696,35.0256299878287,2878000
2016-03-01,35.715797424316406,35.84999834515425,35.08315056677139,35.20776387924878,1142400
2016-03-02,35.8308219909668,35.98419079480279,35.59118300643551,35.773307318303026,1409300
2016-03-03,36.11839294433594,36.13756450449316,35.725385102615874,35.84041080695801,1064000
2016-03-04,36.30051803588867,36.4826460328695,35.965024867662855,36.1471492080424,1122800
2016-03-07,35.84040451049805,36.10879899234508,35.763721939941995,35.955430194632406,1273300
2016-03-08,35.150245666503906,35.619939700731955,35.13107776491167,35.543257124560526,1232500
2016-03-09,34.86268615722656,35.4186504794842,34.72848888126135,35.4186504794842,1365300
2016-03-10,35.07355499267578,35.15023755114302,34.555934010771956,35.00645638279195,1738400
2016-03-11,36.1567268371582,36.195066291086896,35.3036127391901,35.40905080824435,1434700
2016-03-14,36.07046890258789,36.2046661783614,35.111912753803956,36.00337026470114,1059500
2016-03-15,36.05128860473633,36.07046016185846,35.581594596745546,35.581594596745546,901800
2016-03-16,36.204654693603516,36.300508815434675,35.87874556013707,36.012942793340834,1062600
2016-03-17,37.15363693237305,37.24949474692562,36.0896426153525,36.185496773303335,1337400
2016-03-18,37.738338470458984,37.76709762915496,37.17279043743753,37.3069876560189,3848400
2016-03-21,37.70958709716797,37.824612774746114,37.44119263061884,37.56580225774502,937700
2016-03-22,37.623329162597656,37.9779939168425,37.450788761807935,37.57540208606752,857100
2016-03-23,37.038604736328125,37.69042313492612,37.01943317676923,37.59456899373275,1031700
2016-03-24,36.770206451416016,36.93315920608295,36.607250040148365,36.770206451416016,744200
2016-03-28,36.77977752685547,36.91397472645159,36.674335825287244,36.71267892705741,830300
2016-03-29,36.683937072753906,36.7893788135387,36.41554257373867,36.69352102346125,779700
2016-03-30,36.95233154296875,37.21114209107493,36.84688980226615,36.9715031009693,531800
2016-03-31,36.67435836791992,37.000267620094085,36.49223400746442,36.89482951031565,1007900
2016-04-01,36.93315887451172,36.98108959637237,36.33885522076669,36.492224023558975,657200
2016-04-04,36.38679504394531,37.02902964473095,36.338867961881185,37.000270470210886,481800
2016-04-05,36.12797927856445,36.39637748186383,36.041709080468486,36.12797927856445,781900
2016-04-06,36.12797927856445,36.31010728376786,35.792486095192054,36.13756688757592,625500
2016-04-07,35.965023040771484,35.98419460035359,35.70621247131479,35.86916524286099,1359700
2016-04-08,36.34843826293945,36.463467604609946,36.214241020924476,36.2430001846424,1031100
2016-04-11,36.63600540161133,36.87564436178597,36.46346505775756,36.49222056286641,999100
2016-04-12,37.08652877807617,37.10570033606933,36.61683840534663,36.72228014600859,1023200
2016-04-13,37.815032958984375,37.815032958984375,37.153627013257015,37.21114168663354,1038100
2016-04-14,37.87255096435547,38.01633584602892,37.671255055293784,37.81503993696724,722500
2016-04-15,37.719173431396484,37.939644507543726,37.62331930345467,37.843786723001315,987000
2016-04-18,37.805450439453125,37.86296512056968,37.18239118206273,37.53705590744503,779300
2016-04-19,38.09302520751953,38.31349269594628,37.83421459329637,37.977995830130304,968300
2016-04-20,38.294315338134766,38.42851260151297,37.910891451396026,38.131358906460385,406900
2016-04-21,37.517879486083984,38.342238192273996,37.46036846902007,38.18886938576893,703400
2016-04-22,38.20804214477539,38.2272137032663,37.59456689946976,37.700008642869335,644800
2016-04-25,38.035499572753906,38.06425508052492,37.690418853098976,38.00674406498289,555700
2016-04-26,38.42852020263672,38.543545928769845,38.21763665755773,38.21763665755773,709300
2016-04-27,38.57229995727539,38.82152294008489,38.4764421511168,38.4764421511168,818300
2016-04-28,38.10260772705078,38.49561561017265,38.02592147834329,38.20804949072277,662600
2016-04-29,38.035499572753906,38.18886837520047,37.71917436086999,38.035499572753906,1159400
2016-05-02,38.48603057861328,38.88862240323805,38.102606659026506,38.102606659026506,1105800
2016-05-03,38.20804214477539,38.38058251459271,38.006746265522146,38.16969902779356,855100
2016-05-04,38.112186431884766,38.29431441918567,37.88213503064301,38.035503850337875,737700
2016-05-05,38.06425857543945,38.332656746814735,37.93006131805232,38.20804344069768,592000
2016-05-06,38.016326904296875,38.17928330897162,37.872542056442725,37.92047277679449,922200
2016-05-09,37.786277770996094,38.112186974563436,37.77669381939168,37.93006264127036,926400
2016-05-10,38.3326530456543,38.35182094634371,37.86295903354902,37.91088609847388,1174700
2016-05-11,37.95881271362305,38.35182049191124,37.95881271362305,38.27513792026021,703000
2016-05-12,38.006744384765625,38.29431043469738,37.805444858872754,38.160113188502606,811100
2016-05-13,37.738338470458984,38.255959447787085,37.69999901986428,37.92046640133366,555000
2016-05-16,38.17929458618164,38.29432030448034,37.58498711900143,37.75752752475031,934700
2016-05-17,38.035499572753906,38.476434422712686,37.89171472069746,38.160112867429454,1142900
2016-05-18,38.629817962646484,38.7256757861213,37.930072305989704,37.930072305989704,892200
2016-05-19,38.23679733276367,38.62980513702122,38.0930161301919,38.35182302614126,1424000
2016-05-20,38.505191802978516,38.821517030245225,38.35182299307368,38.39975371715714,1366700
2016-05-23,38.4189338684082,38.59147061861567,38.34224761800339,38.49561646221134,514000
2016-05-24,38.58188247680664,38.89820774048075,38.524367795247365,38.524367795247365,892500
2016-05-25,38.56270217895508,38.98446544502507,38.553118229167325,38.74482647772612,1063300
2016-05-26,38.79277038574219,38.898212152259276,38.514788211579265,38.60105841540218,787500
2016-05-27,39.02605056762695,39.131653036220925,38.82443719850725,38.82443719850725,795500
2016-05-31,38.86283493041992,39.237253953993715,38.64202380529438,39.10284750063914,1200700
2016-06-01,38.82445526123047,39.00686726757088,38.40203420342204,38.555642193743594,784300
2016-06-02,38.93003845214844,38.96844134262685,38.574820870976126,38.795631997775196,713500
2016-06-03,38.65162658691406,38.77643416143407,38.267608633293236,38.55562301408424,678800
2016-06-06,38.594032287597656,38.83404492164701,38.421222898097945,38.71883988274793,957700
2016-06-07,38.55562210083008,38.786035797386084,38.53642065425863,38.72843145767172,654000
2016-06-08,38.92043685913086,39.00684152555916,38.69962574765875,38.71882719156515,968600
2016-06-09,38.49801254272461,38.80522832162199,38.44041187311946,38.69962587324555,657600
2016-06-10,38.200416564941406,38.45963068210601,38.05640750130465,38.200416564941406,808600
2016-06-13,38.12360763549805,38.38282173145636,38.066006944597746,38.094807290047896,1072100
2016-06-14,37.787574768066406,38.277198736757505,37.739572992673274,38.04678874995018,966100
2016-06-15,37.902793884277344,38.20041086228977,37.787588847947596,37.950795677556236,943300
2016-06-16,38.10440444946289,38.133208455903855,37.47077124229389,37.576377387205746,1039400
2016-06-17,38.44041442871094,38.459615873956196,38.017989957917735,38.09479573889876,1457900
2016-06-20,38.44041442871094,39.09324891784478,38.41161042969245,38.90123812769344,951700
2016-06-21,38.72842788696289,38.81483255741731,38.3732103138952,38.613222880457364,1128600
2016-06-22,38.64203643798828,39.093261389449374,38.56523063250453,38.83404728939528,906400
2016-06-23,39.323665618896484,39.323665618896484,39.03565121587456,39.11245700990805,542200
2016-06-24,37.797176361083984,38.40200902873077,37.499563134983944,37.56676635780014,1725400
2016-06-27,36.80834197998047,37.37477200862589,36.64513146547115,37.27876840877517,1252100
2016-06-28,37.470767974853516,37.470767974853516,36.98114385567798,37.16355212315478,895200
2016-06-29,38.32521057128906,38.32521057128906,37.79718357877303,37.88358826207941,977100
2016-06-30,39.4484748840332,39.4484748840332,38.31561500987848,38.36361680204395,1202700
2016-07-01,39.27566909790039,39.60208644173038,39.17966550478076,39.46767994644197,605800
2016-07-05,38.42123031616211,38.930056026650064,38.37322851254486,38.91085457274259,633600
2016-07-06,38.526824951171875,38.55562529226226,38.085198968075844,38.19080510180964,1319400
2016-07-07,38.526824951171875,39.093254853860785,38.35401558002599,38.57482674042312,923200
2016-07-08,39.15085983276367,39.18926273330001,38.81484360882615,39.02605589947383,761800
2016-07-11,39.00685119628906,39.390869182721325,38.9108439529546,39.36206884087192,797300
2016-07-12,39.563690185546875,39.66929635309979,39.256474241194546,39.36208040874746,727000
2016-07-13,39.563690185546875,39.630893444480016,39.34287895443757,39.62129454847654,639800
2016-07-14,39.83248519897461,40.14929986685808,39.74608053276985,40.14929986685808,1118000
2016-07-15,39.72688293457031,39.96689551256165,39.45806635685513,39.96689551256165,710400
2016-07-18,39.59247970581055,39.746087621760374,39.544474256456176,39.72688617447895,576200
2016-07-19,39.582889556884766,39.60209101018422,39.35247944189687,39.35247944189687,453200
2016-07-20,39.534881591796875,39.70769098225036,39.4868797971825,39.611683730719434,420900
2016-07-21,39.438873291015625,39.554078316787624,39.34286605095418,39.438873291015625,369800
2016-07-22,39.65008544921875,39.66928689895247,39.40047392728452,39.525277857100605,500300
2016-07-25,39.515682220458984,39.67889272549717,39.390874618053594,39.65008871737139,379900
2016-07-26,39.640480041503906,39.726884719956,39.42926779144292,39.52527136203348,523300
2016-07-27,39.55408477783203,39.75569452144083,39.458077522088075,39.592487680129615,601800
2016-07-28,39.544471740722656,39.678881863141775,39.410065280604904,39.410065280604904,402000
2016-07-29,39.678890228271484,39.77489381650903,39.179663512371555,39.43887759537549,1135600
2016-08-01,38.901248931884766,40.00530487286152,38.76684244013997,39.8805009375569,949800
2016-08-02,38.56522750854492,38.85324559347583,38.421222128381544,38.71883910706918,826400
2016-08-03,38.834041595458984,38.949246624490605,38.45962250437982,38.64203077220505,717100
2016-08-04,38.776432037353516,39.054847510531225,38.73802914540459,38.89163705089895,613000
2016-08-05,39.50606918334961,39.50606918334961,39.00684261474631,39.05484439470217,584200
2016-08-08,39.47727966308594,39.68849196711115,39.3524757218914,39.6212887180672,765800
2016-08-09,39.57328414916992,39.65008628742634,39.45807544833208,39.53488124889064,504500
2016-08-10,39.323665618896484,39.65968547434026,39.23726093175973,39.65968547434026,386000
2016-08-11,39.611671447753906,39.72688011386659,39.14124887918074,39.35246110475296,579800
2016-08-12,39.419681549072266,39.56368695116941,39.256471031932335,39.41007899155087,553300
2016-08-15,39.678890228271484,39.698088016077286,39.448476489278384,39.477276833289224,472400
2016-08-16,39.534881591796875,39.621286287023615,39.37167109534539,39.4868797971825,406300
2016-08-17,39.6884880065918,39.69808690022489,39.41007248130576,39.63088365788716,608900
2016-08-18,39.9093017578125,39.9093017578125,39.630886214565244,39.707692017793015,545100
2016-08-19,39.79408264160156,39.880487308523584,39.62127330775752,39.70767797467954,889800
2016-08-22,39.81330490112305,39.83250635517822,39.534889310777444,39.69809617679204,477700
2016-08-23,39.822898864746094,39.9573053641825,39.75569561502789,39.822898864746094,760400
2016-08-24,39.81330490112305,40.00531211706895,39.72690018902624,39.81330490112305,512700
2016-08-25,40.06290054321289,40.101303436047516,39.65007860099426,39.784485063614014,617300
2016-08-26,39.77488708496094,40.3125166100877,39.62127917239636,40.19730792893813,683000
2016-08-29,40.16238784790039,40.268154836840516,39.91239247988191,39.91239247988191,732100
2016-08-30,40.19123458862305,40.450843486591495,39.98931777949657,40.1623903781422,776800
2016-08-31,40.24891662597656,40.44121987287836,39.854696620373595,40.210455243020334,1162100
2016-09-01,39.720088958740234,40.32583928838565,39.50855500166296,40.31622577573654,761900
2016-09-02,40.027774810791016,40.08546322546721,39.78739663529387,39.854702231002676,732200
2016-09-06,39.950843811035156,40.277758209138234,39.67200430456036,40.08545497474599,774500
2016-09-07,39.90277099609375,39.96046306977767,39.72008493124698,39.81623471950753,798800
2016-09-08,40.16238784790039,40.3354604356424,39.84508688108002,39.86431757614914,860400
2016-09-09,39.62394714355469,40.22970131919083,39.62394714355469,39.98932308560769,1019100
2016-09-12,40.14316177368164,40.248928774796525,39.248954523376376,39.33549082720852,1391400
2016-09-13,39.614322662353516,39.89316221641518,39.40278870163367,39.69124176850998,1376300
2016-09-14,39.1335563659668,39.74892373008236,39.02778941253216,39.65277395489386,884200
2016-09-15,39.35470962524414,39.40278451997491,39.018181694249414,39.143175686973535,935600
2016-09-16,38.62396240234375,39.114335920710225,38.62396240234375,39.10471873994552,2386200
2016-09-19,38.8162727355957,39.075881645295546,38.66243082627881,38.83550343274537,873200
2016-09-20,38.75857162475586,39.05663816330518,38.72972375453423,39.05663816330518,622900
2016-09-21,39.297019958496094,39.345094856172324,38.85472503126747,38.97010551926633,1033500
2016-09-22,39.56623840332031,39.6720016907827,39.19124547041613,39.56623840332031,1289200
2016-09-23,38.57589340209961,39.45086992364179,38.57589340209961,39.35472010856783,1619800
2016-09-26,38.36436462402344,38.575894959301095,38.25859762244437,38.36436462402344,1705700
2016-09-27,38.87395477294922,38.87395477294922,38.18166452613222,38.24897011480837,1015200
2016-09-28,39.36431884765625,39.39316671565475,38.74895145924626,39.05663515345125,1132800
2016-09-29,39.200862884521484,39.73931117500573,39.104709439142745,39.41239679647581,1063800
2016-09-30,39.56623840332031,39.82584353458485,39.35470449263778,39.4989328258993,1261300
2016-10-03,39.3451042175293,39.63356100797817,39.25857158185118,39.518176824646446,772200
2016-10-04,39.297019958496094,39.5181674221104,39.04702828985196,39.47970970469717,651900
2016-10-05,39.6719970703125,39.7393063077731,39.47969753886549,39.53738593114821,782300
2016-10-06,39.575862884521484,39.84508526883554,39.450865205570004,39.710474076678516,966900
2016-10-07,39.70085144042969,39.79700122191004,39.47008682984619,39.643159370814054,869200
2016-10-10,39.950843811035156,40.114302844026255,39.83546333755146,39.98930519148943,475300
2016-10-11,39.595088958740234,39.960464771876104,39.441247090242946,39.960464771876104,585600
2016-10-12,39.79700469970703,39.91238518114218,39.55662655712086,39.55662655712086,655800
2016-10-13,39.3451042175293,39.566255401641556,39.22972370207802,39.43164052108787,1022500
2016-10-14,39.5566291809082,39.998924112313105,39.43163151146609,39.720088236006305,1328900
2016-10-17,39.4316291809082,39.720085888399545,39.37394077371346,39.662393813325394,526400
2016-10-18,39.70085144042969,39.87392398139755,39.49893469859353,39.87392398139755,978100
2016-10-19,40.22006607055664,40.24891026927864,39.77776757217297,39.89315170281851,1100100
2016-10-20,39.81624221801758,40.20084877925055,39.739323106498986,40.056620401818186,603500
2016-10-21,39.229713439941406,39.47970877054986,39.172025031246754,39.47970877054986,716200
2016-10-24,39.31625747680664,39.49894725472435,39.277796084836574,39.393180260746774,452900
2016-10-25,39.30663299560547,39.47008836405139,39.191248851889206,39.30663299560547,778600
2016-10-26,39.30663299560547,39.52778043590952,39.162404649899734,39.162404649899734,668600
2016-10-27,39.4316291809082,39.527782639365114,39.2104817282764,39.527782639365114,848200
2016-10-28,39.44124984741211,39.75854711867141,39.28740796816039,39.508555440342256,955800
2016-10-31,41.37388229370117,41.998866894801814,40.73928418132968,41.38349947285118,2953200
2016-11-01,40.729671478271484,41.46041938936856,40.54698174958779,41.36426960323552,1368300
2016-11-02,40.18160629272461,40.78735649726536,40.09507002523608,40.671976029906965,1199400
2016-11-03,40.23931121826172,40.49892012734553,40.133547886010184,40.133547886010184,890500
2016-11-04,39.81624221801758,40.28738507213397,39.7873980096831,40.27776789076915,1078900
2016-11-07,40.22006607055664,40.37390791020525,40.02776285402619,40.19121820395587,1151800
2016-11-08,40.91236114501953,41.02774163212445,40.09507688721704,40.22007455451045,1635500
2016-11-09,41.479652404785156,41.71041703946794,40.78736216861624,41.31619702562274,1546100
2016-11-10,41.806575775146484,41.970034857159,41.431586372955714,41.86426786312977,1661300
2016-11-11,41.7392692565918,41.825805552726436,41.335435653216905,41.691194351601474,1307500
2016-11-14,42.268089294433594,42.354625567530135,41.912330690760776,41.97002276211819,1608100
2016-11-15,42.24886703491211,42.345020506362275,41.931569748826284,42.26809772920214,1335200
2016-11-16,41.93157958984375,42.02772941597964,41.70081487208454,41.98926801837298,637400
2016-11-17,42.29694366455078,42.421937669883086,41.883492925978466,41.93156782555856,1003100
2016-11-18,42.17195129394531,42.30656249684718,42.01810939521744,42.210412685597326,1387300
2016-11-21,42.498863220214844,42.498863220214844,42.200792954736016,42.41232692816486,709800
2016-11-22,42.739234924316406,42.83538471518656,42.3738591168269,42.64308146556685,1517600
2016-11-23,43.03730010986328,43.08537867165077,42.55654383502269,42.83538335472126,914700
2016-11-25,42.758453369140625,43.037289149951356,42.68153062417328,43.037289149951356,419400
2016-11-28,42.684329986572266,42.8961603832849,42.54952415019436,42.56878212681978,795600
2016-11-29,42.770973205566406,42.92503697474632,42.645801902731364,42.73246093635385,756200
2016-11-30,42.992454528808594,43.29094401338698,42.915422614669765,42.982823702999326,1566100
2016-12-01,43.33906936645508,43.57016134110557,43.156124154956764,43.2042672450266,971600
2016-12-02,43.21391296386719,43.36797310904867,43.021336864119434,43.290941199916126,1022600
2016-12-05,43.53165817260742,43.66646033358872,43.34871290743043,43.57017412519733,880400
2016-12-06,44.23455810546875,44.32121716289492,43.550916470819764,43.66646065636018,1467100
2016-12-07,44.76414108276367,44.773768233969186,44.176785685979574,44.234555939379156,1655700
2016-12-08,45.19742965698242,45.544065846562056,44.81228119206962,44.87005144161088,991800
2016-12-09,45.6114616394043,45.69812067676687,45.08188026578085,45.12039620973812,959600
2016-12-12,45.73664855957031,45.90033585449289,45.50555650858625,45.688505453598,648300
2016-12-13,45.938838958740234,46.08327190934071,45.53443257399093,45.95809693035913,668800
2016-12-14,45.4766731262207,46.01588548383709,45.25521189177567,45.69813436066573,1376900
2016-12-15,45.678863525390625,45.986983736418885,45.29371509814662,45.553692214904714,639400
2016-12-16,45.72700881958008,45.881068920130936,45.5151748039167,45.746263118201725,1950500
2016-12-19,45.66923522949219,45.81366818176014,45.30334111067391,45.794410209918915,683700
2016-12-20,45.948486328125,45.958113480860135,45.64999317016208,45.84256928261932,772400
2016-12-21,46.121803283691406,46.26623260953153,45.8233101333545,45.958112306705445,586700
2016-12-22,45.90995788574219,46.04476002587749,45.823298842357666,46.04476002587749,698700
2016-12-23,45.74626922607422,45.99661921857175,45.67886815265174,45.99661921857175,356600
2016-12-27,45.678863525390625,45.82329648128378,45.582577336850285,45.746264591985394,533000
2016-12-28,45.43813705444336,45.84254706188693,45.38036681986717,45.74625721578986,462000
2016-12-29,45.207054138183594,45.649976463579705,45.16853819517111,45.5151743361185,511200
2016-12-30,45.09151840209961,45.35149188327211,45.00485935068105,45.35149188327211,933400
2017-01-03,45.44778823852539,45.717392582229586,45.216696177433434,45.4766733687555,725000
2017-01-04,45.1589241027832,45.717390745604035,45.13966612570889,45.572961427172025,1075700
2017-01-05,44.812278747558594,45.216685164619115,44.658218635380855,45.02410910612623,774100
2017-01-06,45.014488220214844,45.24558025718117,44.77376903187145,44.889313213812954,725400
2017-01-09,44.571571350097656,44.88931880830805,44.561940524436984,44.77377461196643,543800
2017-01-10,44.74488067626953,44.84116687542642,44.37898650792387,44.57156257932069,643600
2017-01-11,44.70636749267578,44.8411696490668,44.38861640425414,44.69673666831455,854500
2017-01-12,44.436771392822266,44.58120072718507,44.1093930926157,44.56194274798657,662900
2017-01-13,44.388614654541016,44.88931098217352,44.31158642810386,44.46564655406131,628200
2017-01-17,43.98421859741211,44.35011286044995,43.907186679684564,44.15753673921509,813600
2017-01-18,44.54267501831055,44.590821792309356,43.98420843613932,44.14789571386916,819600
2017-01-19,44.00346374511719,44.58118826726914,43.84940362767114,44.5330451692703,759800
2017-01-20,44.321224212646484,44.48491520185864,44.109393784309134,44.25382312093678,646900
2017-01-23,44.22493362426758,44.340477816785004,43.92644048109027,44.273076731726206,522600
2017-01-24,45.00485610961914,45.120400278828484,44.398242793374976,44.44638589112196,915500
2017-01-25,45.34185791015625,45.370743031922004,44.90856271825676,45.22631375001059,854200
2017-01-26,45.39963912963867,45.438151407160454,45.18780507439437,45.26483330252116,781500
2017-01-27,44.96634292602539,45.44778127925247,44.879683875521195,45.428523304353405,643200
2017-01-30,44.69672393798828,44.898930788066416,44.21528570337963,44.83152972906778,923100
2017-01-31,44.85079574584961,44.89893884333132,44.23455160960183,44.70636278032157,1550500
2017-02-01,44.48490905761719,45.1589235547036,44.3693648696572,45.01449056494097,989200
2017-02-02,44.552310943603516,44.552310943603516,44.186416723199834,44.4271359284237,864100
2017-02-03,44.87968444824219,45.28409090703376,44.60044931826714,44.94708552470745,921800
2017-02-06,44.77376937866211,45.255207759077834,44.27307302225976,44.58119329187915,846100
2017-02-07,44.69672393798828,45.10113396506232,44.43675052361198,44.86041484775799,744800
2017-02-08,44.53304672241211,44.696733995933535,44.273069576451846,44.49453077343657,624700
2017-02-09,44.52341842651367,44.725621643809724,44.36935830765721,44.52341842651367,765900
2017-02-10,44.75450897216797,44.831540871931075,44.58119087078412,44.77376694710874,820300
2017-02-13,45.07225799560547,45.13002824471268,44.56193086563289,44.69673301099369,890700
2017-02-14,45.21669006347656,45.40926614283348,44.9374549320632,45.091518734015295,820100
2017-02-15,45.49592590332031,45.49592590332031,44.975971582885236,45.08188861183497,771900
2017-02-16,45.30335235595703,45.61147263573381,45.22632412255457,45.6018454839648,1425000
2017-02-17,45.23595428466797,45.25521226257102,44.84117492036464,45.168553198549134,996800
2017-02-21,45.37074661254883,45.582580650435844,45.22631731923916,45.235944469559975,766900
2017-02-22,45.37074661254883,45.467036481171526,45.168543398065545,45.18780137179008,784000
2017-02-23,45.65959548950195,45.6692263100829,45.26481632656529,45.46702315486501,712700
2017-02-24,45.4766731262207,45.58259016727782,45.264839044106466,45.46704597388991,620300
2017-02-27,45.39278030395508,45.595253582093555,45.32528553325355,45.537402497773115,624400
2017-02-28,45.2963752746582,45.498848612893475,45.228884161913115,45.2963752746582,1068700
2017-03-01,46.106266021728516,46.15447342740624,45.720599420328135,45.99056751250412,1224800
2017-03-02,45.55669403076172,46.16411764767556,45.51812663457908,46.16411764767556,741600
2017-03-03,45.97127914428711,46.077337632796905,45.47955409355785,45.614539964926905,820200
2017-03-06,45.807373046875,45.99056633293682,45.60489974142802,45.807373046875,593100
2017-03-07,45.74952697753906,45.86522548719695,45.57597737405757,45.76881067548026,620300
2017-03-08,45.566341400146484,46.019499183507776,45.54706137693063,45.93272436707667,730300
2017-03-09,45.45063781738281,45.817020743575995,45.31565560194046,45.62418743094856,853700
2017-03-10,45.508487701416016,45.730244717729704,45.32529440420817,45.730244717729704,608500
2017-03-13,45.46028137207031,45.58561989861805,45.35422286653799,45.4506376835731,836200
2017-03-14,45.508487701416016,45.60490251616477,45.074613679067745,45.28673068510233,692400
2017-03-15,45.83629608154297,45.92307087249707,45.38313843122835,45.54704800435892,940600
2017-03-16,45.672386169433594,46.03876902607483,45.60489507452453,45.87486313214962,561900
2017-03-17,45.518123626708984,45.7302406137073,45.30601031769976,45.72059692630424,1008100
2017-03-20,45.19995880126953,45.518130652890946,45.074616591605505,45.43135584281426,504800
2017-03-21,44.804649353027344,45.43135300623898,44.66002345259958,45.42171299593886,999100
2017-03-22,44.57324981689453,44.746799430763495,44.361132804834796,44.62145722563824,956000
2017-03-23,44.67930221557617,45.08424880725736,44.438261526816696,44.54432001834911,483200
2017-03-24,44.39005661010742,44.81428692200114,44.149015907851826,44.66002101967713,781400
2017-03-27,44.27435302734375,44.33220411813513,43.62836573112431,43.82119902243981,515900
2017-03-28,44.82392883300781,44.891419932724986,44.139370470465046,44.139370470465046,1170900
2017-03-29,44.68894577026367,44.89142276015705,44.66002206227432,44.727513166242346,719500
2017-03-30,45.18067169189453,45.21923908857136,44.60217177571017,44.650382860550906,559800
2017-03-31,45.09389114379883,45.38313922604864,45.0360400561533,45.09389114379883,851000
2017-04-03,45.06497573852539,45.24816536615731,44.62145800753878,45.103539459402384,705500
2017-04-04,45.402427673339844,45.41206768329515,44.968553665565324,45.016761071320424,688000
2017-04-05,45.315643310546875,45.75915723469881,45.0938863484709,45.24815222113195,1295200
2017-04-06,45.60490036010742,45.66275145301532,45.12281895317608,45.25780115863857,800600
2017-04-07,45.54705810546875,45.662756626403414,45.33494108543048,45.51813071674283,835700
2017-04-10,45.75917053222656,45.845945340689276,45.47956240740342,45.547057194420724,647800
2017-04-11,45.518123626708984,45.759164319938314,45.25779923666262,45.5759747171601,471800
2017-04-12,45.04568862915039,45.40242784668735,44.987837535229815,45.40242784668735,989700
2017-04-13,44.47682571411133,44.96854706542515,44.40933462036215,44.881772276606384,883600
2017-04-17,44.81428909301758,44.96855500281496,44.51539728366478,44.65038317297823,1723700
2017-04-18,44.505760192871094,44.70823352313881,44.25507945225245,44.525043892609396,1013500
2017-04-19,44.23578643798828,44.81428259636751,44.13936795959916,44.746791500489564,736700
2017-04-20,44.40934371948242,44.49611852608065,44.07188450360508,44.38041633195667,941800
2017-04-21,44.30329132080078,44.5636157764796,44.245440215764376,44.370782437681584,712400
2017-04-24,45.36385726928711,45.39278465321332,44.92034328096841,44.92998329028445,1262600
2017-04-25,45.64346694946289,45.79773284983751,45.52776844367922,45.67239065641151,850500
2017-04-26,45.74952697753906,46.21232469415994,45.43135147849322,45.61454476993997,820400
2017-04-27,45.633819580078125,45.817009157856916,45.45062632431074,45.749518067202175,619800
2017-04-28,44.94926834106445,45.710957829595074,44.939628331458,45.537408232765586,1253600
2017-05-01,45.52777862548828,45.66276085875478,44.88178749458286,45.05533713106551,846500
2017-05-02,45.36385726928711,45.710956452489235,45.325289876044856,45.56633056682533,997300
2017-05-03,45.325294494628906,45.40242928897333,45.06497375869005,45.19995597080336,812900
2017-05-04,45.07461166381836,45.74952637085306,44.95891315569475,45.518125676616584,1104800
2017-05-05,45.325294494628906,45.325294494628906,44.978198954047286,45.171028583929484,705700
2017-05-08,45.084259033203125,45.38315087913514,45.02641160869296,45.38315087913514,776000
2017-05-09,44.6696662902832,45.18067142021565,44.582891487276804,45.036045522541876,866300
2017-05-10,44.785362243652344,44.82392963789444,44.55396155618893,44.55396155618893,684500
2017-05-11,44.26470947265625,44.71786711925534,44.23578576857165,44.63109232901272,1262700
2017-05-12,44.12008285522461,44.332199822919186,43.985100667778525,44.168293931874295,617900
2017-05-15,44.418983459472656,44.54432566334884,44.20686644952673,44.20686644952673,554900
2017-05-16,44.717872619628906,44.73715631738684,44.39005711372259,44.42862450923845,1140300
2017-05-17,44.187583923339844,44.71787274014975,44.15865653763035,44.71787274014975,1066700
2017-05-18,44.399696350097656,44.7660792451369,44.12973194216833,44.17793934672868,898200
2017-05-19,44.27435302734375,44.496113703049495,44.19722191761102,44.47683000611904,1050900
2017-05-22,44.70820999145508,44.74677737063216,44.476813072368,44.51537677355738,652900
2017-05-23,45.10353469848633,45.190309497781826,44.62145329750896,44.698588087100156,702900
2017-05-24,44.82392883300781,45.24815912808564,44.81428514562588,45.15174432220084,860600
2017-05-25,45.07461166381836,45.14210276672291,44.74679615914375,44.95891315569475,710900
2017-05-26,45.26093673706055,45.28024645192677,44.990604411884874,45.03888054052621,614400
2017-05-30,45.26093673706055,45.318862198707706,44.95198866510395,45.10646270108224,762500
2017-05-31,45.53126907348633,45.58919822278513,45.10646636081731,45.27059342606949,1416100
2017-06-01,46.02365493774414,46.15882295566915,45.502307314698164,45.71470683410508,939100
2017-06-02,45.66643524169922,45.99469306835384,45.59885307294256,45.90780118238785,1053200
2017-06-05,45.511962890625,45.76298554079081,45.48300015520283,45.531272608557146,655800
2017-06-06,45.145084381103516,45.32852485496578,45.00992004222733,45.32852485496578,957700
2017-06-07,45.04854202270508,45.260945243200176,44.98095984944795,45.24163552470497,686100
2017-06-08,45.0871696472168,45.27060648180384,45.0099307592099,45.048550203213345,1125600
2017-06-09,45.830570220947266,45.84022323896571,45.164397806152756,45.21267394510193,1015800
2017-06-12,46.004356384277344,46.09124828273917,45.830572587353686,45.84022560587055,909600
2017-06-13,46.12020492553711,46.245716247382596,45.917458416907344,46.02365633836673,619600
2017-06-14,46.01399612426758,46.1491604422136,45.69539504381645,46.06226856882667,884000
2017-06-15,46.39054489135742,46.52570926333184,45.83057768132728,45.878850145182014,1052900
2017-06-16,46.47742462158203,46.718790560566525,46.23605868259754,46.718790560566525,1576700
2017-06-19,46.332618713378906,46.65121991640658,46.216760382320786,46.525708565903386,714600
2017-06-20,45.86918258666992,46.207097119583835,45.7050555118176,46.207097119583835,763600
2017-06-21,45.20302200317383,45.98504913128426,45.08716735999355,45.98504913128426,897300
2017-06-22,44.79751968383789,45.18370297588273,44.77820996679286,45.07750137361102,731500
2017-06-23,44.68166732788086,45.10647379350169,44.57546571147565,44.826488383515674,1108200
2017-06-26,45.000274658203125,45.116129299327206,44.652707051878245,44.81683415322464,779900
2017-06-27,45.00992965698242,45.25129565166394,44.96165719463668,45.09682156238588,848000
2017-06-28,45.347835540771484,45.598854506480336,45.299559404754476,45.299559404754476,924300
2017-06-29,45.21267318725586,45.84987917140968,45.116124593928156,45.840222470600786,1029600
2017-06-30,45.193363189697266,45.492654619785554,44.8651053403133,45.454038865645025,1033600
2017-07-03,45.76298141479492,46.35191118534295,45.49264907107016,45.49264907107016,865500
2017-07-05,45.38644790649414,45.849873733600155,45.289903007568945,45.78228788481034,960000
2017-07-06,45.16439437866211,45.569891080757984,45.106468909042725,45.38645060575784,886100
2017-07-07,45.57954406738281,45.6760926549369,45.1450846307695,45.34783482315707,781900
2017-07-10,45.521629333496094,45.73402891030274,45.31887909329248,45.396117981551555,635900
2017-07-11,45.28025436401367,45.60851220819494,45.06785114632221,45.60851220819494,615200
2017-07-12,45.17405700683594,45.37680354301314,45.087165108052496,45.21267644695136,551400
2017-07-13,45.30922317504883,45.34784261670766,45.05820048721909,45.0775102080485,507100
2017-07-14,45.32852554321289,45.618163942767026,45.00026770826432,45.18370450195979,450700
2017-07-17,45.521629333496094,45.59886453880227,45.02924062822676,45.18371472179201,502100
2017-07-18,45.608516693115234,45.65678915198686,45.34784099566546,45.39611345453707,802400
2017-07-19,46.25537109375,46.31330024834298,45.62781814265859,45.66643757905391,806600
2017-07-20,46.149169921875,46.487084469103706,46.0526250129252,46.2553715314911,968700
2017-07-21,46.23606491088867,46.322956807946056,45.9271167620074,45.9850459210298,530100
2017-07-24,46.3615608215332,46.419489961281,46.25535924013786,46.265012255286884,587000
2017-07-25,46.80568313598633,46.91188473997757,46.65120908007688,46.776720401425806,589000
2017-07-26,46.458126068115234,46.853966155849704,46.361581142503056,46.853966155849704,470200
2017-07-27,46.458126068115234,46.52570825263433,46.21676007113196,46.42916332702215,632400
2017-07-28,46.593284606933594,46.71879594088645,46.313302884511266,46.496739693402084,537300
2017-07-31,46.998775482177734,47.27876085261838,45.46368797766592,46.10089390314524,1080000
2017-08-01,47.49116897583008,47.56840785737237,46.70914555645355,47.11463863569285,1118200
2017-08-02,47.423583984375,47.751841845563305,47.2787666144978,47.384968228845835,1135500
2017-08-03,47.278770446777344,47.86770404102469,47.24015100516543,47.54909917215541,1296800
2017-08-04,47.44288635253906,47.549087950431606,47.278759288851894,47.46219606878787,937100
2017-08-07,47.32704162597656,47.50082542557246,47.26911246512707,47.462205985006136,692200
2017-08-08,47.24980163574219,47.491167609187244,47.16290973798387,47.24014861730347,792000
2017-08-09,47.18221664428711,47.18221664428711,46.844305774795004,47.06636201516871,1043600
2017-08-10,46.90224075317383,47.15325976125003,46.796039128734876,46.94085651237213,693600
2017-08-11,46.60293960571289,46.9408504736821,46.516047713527634,46.84430556367725,527000
2017-08-14,46.76707458496094,47.09533249053008,46.747764863109474,46.892585935519016,715900
2017-08-15,46.69948959350586,47.08567664142111,46.689836574636665,46.940855577714736,354000
2017-08-16,46.64155960083008,46.931198017261565,46.61259318112033,46.824996405214485,714700
2017-08-17,45.79195022583008,46.76706708373095,45.78229352497681,46.49673838707571,828200
2017-08-18,45.93677520751953,46.207103927316794,45.627823363955045,45.66644280476968,793600
2017-08-21,45.76298141479492,45.94641819418348,45.6857425500302,45.94641819418348,685600
2017-08-22,46.12020492553711,46.139514642971186,45.84987624736409,45.859529264605115,626700
2017-08-23,45.84987258911133,46.15882067750227,45.840215889688764,45.859525605582164,603300
2017-08-24,45.57954406738281,45.975384068974485,45.57954406738281,45.93676831690488,722200
2017-08-25,45.8402214050293,45.96573273196163,45.560236015315695,45.69540404283246,1045200
2017-08-28,45.340415954589844,45.89146120867281,45.19540249284358,45.89146120867281,613300
2017-08-29,45.06972122192383,45.12772734009448,44.828034594647335,45.002049261314035,639600
2017-08-30,45.06972122192383,45.26307126131408,45.040720006761134,45.06005537948469,447600
2017-08-31,45.03106689453125,45.253418211942545,44.89571924720383,45.147075475822724,904300
2017-09-01,45.3500862121582,45.48543015611169,45.02139219633722,45.127734920256636,769800
2017-09-05,44.315673828125,45.20507912135668,44.16099448635226,45.1567425185239,1669900
2017-09-06,44.63468551635742,44.915042895117836,44.29632570602268,44.480006219083634,908200
2017-09-07,43.619598388671875,44.62501557247186,43.571261804187166,44.62501557247186,928000
2017-09-08,44.441341400146484,44.64435729657775,43.513261881890415,43.52293141287031,1175000
2017-09-11,45.17607498168945,45.53377024498308,44.866716318109106,44.93438829527692,882400
2017-09-12,45.321083068847656,45.44675747555932,45.137398848837826,45.24374156824442,1164600
2017-09-13,45.59176254272461,45.77544304103647,45.089053944989736,45.25340275955933,1184700
2017-09-14,45.649776458740234,45.785120395135756,45.379084898103514,45.543433740759276,890600
2017-09-15,45.910797119140625,45.92046296237539,45.42742382479983,45.48542625989956,1298300
2017-09-18,45.92047119140625,46.06548468083339,45.77545770197911,46.007478547493285,890600
2017-09-19,46.10414505004883,46.20082192490276,45.82379133258666,45.9204645195949,888000
2017-09-20,46.200809478759766,46.278147269963014,45.910786308019375,46.220144848521755,765500
2017-09-21,46.12348175048828,46.45217575874607,46.10414637496185,46.229824471960775,702000
2017-09-22,46.02680206298828,46.07513865105768,45.89145814125587,46.0461374357851,665800
2017-09-25,46.200809478759766,46.258811900201025,45.910786308019375,46.036460679705236,639800
2017-09-26,46.28783416748047,46.452179340358,46.007476732499406,46.171821905376945,637200
2017-09-27,46.24915313720703,46.53917635233255,46.06547262812477,46.53917635233255,650700
2017-09-28,46.24915313720703,46.326490940246046,45.88178843119724,46.229817764485965,615800
2017-09-29,46.26850128173828,46.37484401713604,46.12348779022383,46.152492701234486,802300
2017-10-02,46.519859313964844,46.539194694306346,46.05582124930882,46.26850674521869,648400
2017-10-03,46.7905387878418,46.7905387878418,46.42317403254194,46.55851797190353,448000
2017-10-04,46.925880432128906,47.09989511361037,46.68419378427638,46.72286453301572,672800
2017-10-05,47.27391052246094,47.40925445728549,46.85820918673085,46.945216528810306,492900
2017-10-06,47.293243408203125,47.38992028398981,46.974218937721375,47.31257878336046,570900
2017-10-09,46.94520950317383,47.370576618655896,46.84853264430625,47.34157540491817,376900
2017-10-10,47.322242736816406,47.34157810969461,46.954878027821074,46.954878027821074,597700
2017-10-11,47.0805549621582,47.18689766647842,46.85820371123648,47.18689766647842,458000
2017-10-12,47.2352409362793,47.273911686565896,46.86787618424809,47.00322012240545,821500
2017-10-13,47.2255744934082,47.58327342518467,47.15790251990367,47.30291599903965,458200
2017-10-16,47.428585052490234,47.47692164036438,47.05155081624327,47.26423622830382,811000
2017-10-17,47.04191207885742,47.45761361221936,46.906568079687936,47.43827822835981,550000
2017-10-18,47.07088088989258,47.22556016638377,46.94520651313682,47.119221160170014,594200
2017-10-19,47.351261138916016,47.351261138916016,46.916224310867804,46.98389629658123,709600
2017-10-20,47.37057113647461,47.67026383251312,47.2352272375684,47.650928462977284,601000
2017-10-23,47.0805549621582,47.505922091593874,47.01288300265356,47.505922091593874,634400
2017-10-24,46.896881103515625,47.19657391011591,46.78087253134771,47.080565337947995,833900
2017-10-25,46.64551544189453,47.00321058988863,46.43283004629778,46.819530095047334,743600
2017-10-26,46.76152801513672,46.89687193752064,46.56817797408313,46.82919997632868,842900
2017-10-27,46.355506896972656,46.713202157993656,46.13315558942738,46.64553018125579,1158800
2017-10-30,47.81528854370117,47.8636251387531,46.51984788194208,46.89687848633126,2230400
2017-10-31,47.863616943359375,47.92162306019714,47.40924860225497,47.66060106619495,3330200
2017-11-01,47.89262390136719,48.09563978724554,47.77661166271212,47.95062633284938,2416900
2017-11-02,47.85394287109375,48.26964408399142,47.67992823835312,47.96028555641797,1238900
2017-11-03,47.960296630859375,48.06663934073904,47.17723060270991,47.660603874639,901300
2017-11-06,48.02796173095703,48.1246348963906,47.8442812414953,47.8442812414953,1579200
2017-11-07,47.84428787231445,48.327661142163535,47.728275632301994,48.0763049766486,888300
2017-11-08,47.931297302246094,48.027970485300855,47.7862838398184,47.84428996235859,800200
2017-11-09,47.699275970458984,47.95062845631863,47.515595449555605,47.67027475343358,1305500
2017-11-10,47.863616943359375,47.92162306019714,47.5832632649231,47.7089376529705,873900
2017-11-13,48.23099136352539,48.29866333622172,47.660610673766364,47.718616802297184,1182900
2017-11-14,48.27932357788086,48.29865895230279,47.718612471027264,47.960299119533,1083300
2017-11-15,48.03763961791992,48.13431649544033,47.815288331391685,48.03763961791992,1194000
2017-11-16,47.56393051147461,48.16331233375232,47.54459513813076,48.134311117659244,981100
2017-11-17,47.58327102661133,47.70894543515849,47.33191483382545,47.39958680391877,1027100
2017-11-20,47.70894241333008,47.766948535955656,47.38991795850329,47.544597264325944,717000
2017-11-21,47.73794174194336,48.124638117404345,47.71860636999354,47.81527954189751,902000
2017-11-22,47.718624114990234,48.07631940946424,47.67028751106345,47.776626564563784,831100
2017-11-24,47.70894241333008,48.07630714760096,47.650939978550056,47.90229246756978,356100
2017-11-27,48.00863265991211,48.105305838030965,47.73794481090302,47.795947242636196,789500
2017-11-28,48.505210876464844,48.5148889983661,48.011541731304305,48.06962154030269,1132700
2017-11-29,48.71816635131836,49.06663412677165,48.51488886664109,48.572968675481775,1044400
2017-11-30,48.66976547241211,49.037596882782985,48.47617349145619,48.91175914113736,1447800
2017-12-01,48.8730583190918,48.9795324650655,47.82764356925683,48.8440165587976,1001700
2017-12-04,49.02790832519531,49.38605784476834,48.96015040777689,49.09566624261373,1281800
2017-12-05,48.505210876464844,49.14407400532591,48.4955290620333,49.06663425999473,869000
2017-12-06,48.36000442504883,48.59231992635717,48.321284559409165,48.46648220929308,557700
2017-12-07,48.38905715942383,48.50521309019154,48.17610154257431,48.272897536125654,830700
2017-12-08,48.243858337402344,48.524571881615515,48.1373805314918,48.524571881615515,1130200
2017-12-11,48.44712448120117,48.60200025827827,48.243850716136826,48.243850716136826,1551000
2017-12-12,48.70848846435547,48.873046089740825,48.40841496661193,48.40841496661193,1077700
2017-12-13,48.30193328857422,48.77623876760442,48.272891540091756,48.65040103759375,975900
2017-12-14,47.86635208129883,48.563291389727056,47.80827226704205,48.40841557757294,1124500
2017-12-15,48.156734466552734,48.485845965382126,48.001858684311244,48.127696411298054,2258100
2017-12-18,48.379364013671875,48.708475484208265,48.16640844669845,48.29224616286725,998800
2017-12-19,48.050262451171875,48.6116895371309,48.040584329099985,48.55360972710847,1078400
2017-12-20,47.92441940307617,48.35033057769157,47.885703226544734,48.21481472850665,1006700
2017-12-21,48.195457458496094,48.36969318637515,48.02122173061704,48.02122173061704,661100
2017-12-22,48.069618225097656,48.398729734996834,47.95346230764208,48.34064993000403,808800
2017-12-26,48.32128143310547,48.418081090941854,48.2051255362312,48.2051255362312,512300
2017-12-27,48.398738861083984,48.43745873838023,48.26322298307787,48.27290110613656,676600
2017-12-28,48.53424835205078,48.58264634603661,48.34065268357722,48.55360828815116,821900
2017-12-29,48.42776870727539,48.68912229589168,48.398730650494734,48.59232631160273,989600
2018-01-02,48.29225540161133,48.64072687149555,48.08898160835564,48.63104874956779,1104900
2018-01-03,48.85367202758789,48.9601498086652,48.31160500234408,48.31160500234408,1111500
2018-01-04,49.095672607421875,49.38606424722312,48.86335708006286,48.97951299747735,1159700
2018-01-05,48.998870849609375,49.30862241123435,48.911752992119226,49.23118636709305,1089200
2018-01-08,48.96015930175781,49.124713218943704,48.756881820046104,48.873041436032864,1166200
2018-01-09,49.4925422668457,49.69581604637126,49.14407082049899,49.1827906906553,1231500
2018-01-10,49.56996536254883,49.88939866907897,49.502207453744695,49.502207453744695,945700
2018-01-11,49.860355377197266,50.024912930982005,49.705479634385796,49.79259747050031,1557800
2018-01-12,51.08969497680664,51.11873672389124,49.79260894709943,50.03460258180205,2419000
2018-01-16,50.51860427856445,51.283305268819035,50.28629239072185,51.157467508927944,1463000
2018-01-17,50.673465728759766,50.78962533226554,50.55730981778383,50.77026539834791,1131700
2018-01-18,50.8380241394043,51.09937771270593,50.56699244525293,50.64442848964051,938700
2018-01-19,50.828346252441406,50.99290385983793,50.76058832366937,50.915464116938345,1224000
2018-01-22,51.10906219482422,51.10906219482422,50.77995065702202,50.93482645760362,850200
2018-01-23,51.205848693847656,51.234886745064436,50.82833556538258,50.925135223654166,833600
2018-01-24,51.34137725830078,51.65112885654598,51.1574597082281,51.26393751247433,1104700
2018-01-25,51.447845458984375,51.593039416510734,51.17681009171517,51.351045794770506,827300
2018-01-26,51.747920989990234,51.77696273877609,51.41880947981415,51.59304520240914,768900
2018-01-29,51.40912628173828,51.873753598597965,51.40912628173828,51.74791587969961,950200
2018-01-30,50.32499313354492,51.47688139637722,50.32499313354492,51.13809181687639,1752400
2018-01-31,49.99588394165039,50.566989039092846,49.957164075799795,50.305635483395825,1924900
2018-02-01,49.93781280517578,50.15076841176404,49.61837939529339,49.918452868892274,1832100
2018-02-02,49.19245910644531,49.99587963729177,49.18278098708072,49.81196213660053,1320600
2018-02-05,46.64669418334961,49.211828324992254,46.63701606215856,48.80527707689745,2142500
2018-02-06,46.27886962890625,46.67573909013275,45.117299303294686,45.85295841708152,3454200
2018-02-07,46.3272705078125,47.09197141981247,46.07559501378518,46.07559501378518,2184800
2018-02-08,44.575233459472656,46.365988840381995,44.546195400562524,46.35630702572503,2111500
2018-02-09,45.23345947265625,45.56257103425344,44.06221091529267,45.030185662045504,2000900
2018-02-12,45.978797912597656,46.58862300303115,45.48513244393367,45.6787244284887,1895400
2018-02-13,46.54988479614258,46.685400608972415,45.63030846154572,45.75614615597155,1602200
2018-02-14,47.3049201965332,47.324280132671596,46.24982767843745,46.32726742299102,1158400
2018-02-15,48.29225540161133,48.30193721606939,47.47915653605825,47.54691446714348,1680700
2018-02-16,48.476173400878906,48.931118986311674,48.069622118064345,48.069622118064345,1750500
2018-02-20,48.29225540161133,48.70848480258078,48.12770148112728,48.2728954652255,1572400
2018-02-21,48.156734466552734,48.82463558511978,48.127696411298054,48.29225031444779,1304000
2018-02-22,48.01154327392578,48.70848623417816,47.99218702950136,48.28257869876305,1646200
2018-02-23,48.72783660888672,48.76655647519809,48.214811304115045,48.23417123727073,1248500
2018-02-26,49.1053466796875,49.115028492649586,48.70847727642586,48.86335305105163,1466500
2018-02-27,48.63336944580078,49.67038997487226,48.63336944580078,49.05011642818898,1291800
2018-02-28,47.80956268310547,48.98226742521594,47.79017867532826,48.89504123877921,1205200
2018-03-01,47.1505241394043,48.04216636987759,46.85976770178574,47.819255812259264,1550200
2018-03-02,47.31528091430664,47.4025071029311,46.704697593935464,46.92760814328206,1450700
2018-03-05,48.81751251220703,48.914432565595185,46.98576602007397,46.98576602007397,1926900
2018-03-06,49.31178665161133,49.37962882819125,48.56551901211083,48.943497909376504,2546000
2018-03-07,49.369937896728516,49.62192630789397,48.88534877984893,48.88534877984893,1616300
2018-03-08,49.68008041381836,49.7576164561553,49.195491240578484,49.563780047434946,1730200
2018-03-09,50.12588882446289,50.14527282869023,49.573457643906394,49.91266847508292,1889000
2018-03-12,49.92235565185547,50.38756433133054,49.68006115914246,50.14526983861753,1185000
2018-03-13,49.66069793701172,50.30035546993839,49.621929917532086,50.18405141149948,1516100
2018-03-14,49.389320373535156,50.02897784009608,49.34086220277416,49.8642193200844,2298700
2018-03-15,49.369937896728516,49.91267903859742,49.32147972446487,49.48624194670714,1915000
2018-03-16,49.583152770996094,49.844831308632216,49.156715726582306,49.156715726582306,3027400
2018-03-19,49.41840362548828,49.85453090704242,49.127647174956394,49.56377815363238,2140300
2018-03-20,49.82545471191406,50.15497547159298,49.621928162526956,49.621928162526956,2126400
2018-03-21,49.99989700317383,50.44571803006199,49.89328682345689,49.91267082859824,1172900
2018-03-22,48.691505432128906,49.854516100357365,48.67212142804233,49.486231114074705,1584900
2018-03-23,47.557579040527344,48.701209734031565,47.48004669877751,48.701209734031565,1561100
2018-03-26,48.5752067565918,48.64304892980505,47.70294865936953,48.14876971109121,1345700
2018-03-27,47.58663558959961,48.6139655415926,47.40249311113313,48.42012921329499,2026800
2018-03-28,47.916160583496094,48.14876493796934,47.489723580269406,47.57694975105677,1599400
2018-03-29,48.19723129272461,48.5945942056062,48.10031495187404,48.148773122299325,1470100
2018-04-02,47.1505241394043,48.47829732918373,46.46240476044496,48.1487765707215,1772000
2018-04-03,47.945247650146484,48.04216399314358,47.2765123132534,47.31528032930084,1503900
2018-04-04,48.39106750488281,48.48798384539959,47.247436940602114,47.247436940602114,1428900
2018-04-05,48.953189849853516,49.22456226319218,48.55582693091199,48.652746970362045,1158500
2018-04-06,47.85801315307617,49.0210275527162,47.58664078498362,48.623661002906424,1834400
2018-04-09,48.100318908691406,48.875660790641184,47.90648251392353,48.090625055536066,1552000
2018-04-10,48.87565612792969,49.17610269601354,48.64305173697423,48.73027792144235,1627200
2018-04-11,48.536441802978516,48.759352325907905,48.294147274082945,48.3329115888942,1111500
2018-04-12,48.98226547241211,49.26332802829423,48.79811925443078,48.79811925443078,1150700
2018-04-13,48.87565612792969,49.36024522005898,48.778739788352375,49.35055136782842,1168700
2018-04-16,49.44746780395508,49.65099432052024,49.22455728146164,49.30208960805362,1140700
2018-04-17,49.4280891418457,49.71884186796167,49.24394661130061,49.67038369646259,1135600
2018-04-18,49.44746780395508,49.94174701520206,49.379625631766686,49.583152148331855,1153400
2018-04-19,49.932064056396484,50.08713242904808,49.46685893844168,49.46685893844168,1119900
2018-04-20,49.98052215576172,50.31973306508518,49.90298981811134,50.087132355012415,1536900
2018-04-23,50.028987884521484,50.25189847247346,49.85453547705956,50.1355980998729,1189400
2018-04-24,49.699459075927734,50.38757843768817,49.50562638518895,49.88360530809982,1761500
2018-04-25,49.951446533203125,50.16466322835911,49.38932138887935,49.69945812467126,1058900
2018-04-26,50.106502532958984,50.358487182170194,49.776981870377796,49.95143420333964,1112900
2018-04-27,50.15496063232422,50.25187695179931,49.883591980097485,49.999892302891716,1390700
2018-04-30,50.84309005737305,51.40521521643511,50.242200578161786,50.242200578161786,1787600
2018-05-01,50.823707580566406,50.90124361744499,50.329428285391494,50.668639203930965,958100
2018-05-02,49.515323638916016,50.668644581475775,49.44748144800792,50.63957041312148,1382800
2018-05-03,48.885345458984375,49.25363419798842,48.255381868108344,49.20517602901662,1475200
2018-05-04,49.399009704589844,49.62192022738513,48.5364417737799,48.672126118340415,1169200
2018-05-07,49.62192916870117,49.79638155660509,49.302098558503396,49.43778292751272,772500
2018-05-08,49.650997161865234,49.91267571119011,49.30209242943207,49.68976517594032,1247400
2018-05-09,50.019283294677734,50.09681562166615,49.62192041391916,49.93205711611507,828700
2018-05-10,50.26158142089844,50.319729746020386,49.835140652023476,50.125897066118725,1056700
2018-05-11,50.0968132019043,50.552328078742875,50.067739042828116,50.31003356078549,973700
2018-05-14,49.68008041381836,50.24220562939517,49.60254806860341,50.22282161881094,1269100
2018-05-15,49.75760269165039,49.88359687703299,49.5540761825007,49.573460187722716,1288800
2018-05-16,49.71884536743164,49.89329775480439,49.447476630239265,49.71884536743164,726600
2018-05-17,49.86420822143555,50.01927655162889,49.59283587075673,49.69944604097477,722200
2018-05-18,49.728538513183594,49.844838870736865,49.53470211918034,49.844838870736865,1543300
2018-05-21,49.83513641357422,50.067740785643274,49.70914592177784,49.922362590959985,837800
2018-05-22,49.70914840698242,50.07743344358263,49.63161238004264,49.85452291181264,868600
2018-05-23,49.13733673095703,49.58315782700299,48.90473233029915,49.534699655193045,877200
2018-05-24,48.594600677490234,49.05011567382102,48.45891630338027,49.04042182017207,831100
2018-05-25,48.19723129272461,48.487984012397725,47.97432075107117,48.39106767154716,916300
2018-05-29,46.56986618041992,47.676130343055064,46.375783904105866,47.676130343055064,1437400
2018-05-30,47.336483001708984,47.4335259857853,46.705720263363894,46.96773076765296,1448800
2018-05-31,47.42380905151367,47.54026060592225,46.78334030950847,47.1909133463175,3070500
2018-06-01,47.724639892578125,47.957535613446666,47.46262943024296,47.92842457379078,1369400
2018-06-04,48.1710319519043,48.365114209366425,47.95754109851484,48.31659457045369,1682800
2018-06-05,48.15163040161133,48.22926479668025,47.7149461838779,48.15163040161133,1585300
2018-06-06,48.24867248535156,48.442751065739635,48.093407399954124,48.2874859803422,1112400
2018-06-07,48.64653015136719,48.71445838181398,48.29718285089173,48.326293891994375,1172300
2018-06-08,48.927947998046875,48.9473565937021,48.53008104164261,48.588306828608275,1003300
2018-06-11,48.54948806762695,49.13173481302544,48.53978562101859,49.06380658133393,890300
2018-06-12,48.306884765625,48.63682346779686,48.141917265444505,48.549486643639284,1168800
2018-06-13,48.345699310302734,48.83090303979338,48.316588271112714,48.38451649709655,2161700
2018-06-14,48.14192199707031,48.549491415323025,47.93813728794396,48.462154582581555,1845600
2018-06-15,48.41362762451172,48.44273866375479,47.59848520940956,48.01576071367678,3376100
2018-06-18,48.45245361328125,48.4718622102393,47.89932155631645,47.97695224233731,1763800
2018-06-19,48.258365631103516,48.336000009742826,47.96724411482793,48.04487479165632,1750800
2018-06-20,47.734344482421875,48.47185626918788,47.71493588784267,48.40392803906614,922500
2018-06-21,47.1326904296875,47.579076976580964,47.04535360948567,47.530557343537886,1042100
2018-06-22,47.326778411865234,47.70523677810287,47.3170722629913,47.443226285674235,1269300
2018-06-25,47.41411590576172,47.569380973615495,47.064768577637906,47.33648152092922,985000
2018-06-26,47.20062255859375,47.45293059417432,47.13269432635537,47.40440725530889,907400
2018-06-27,46.64750289916992,47.47234805285364,46.64750289916992,47.113298201442,1029700
2018-06-28,46.8609733581543,46.98712365249182,46.181687450494564,46.579554328982205,1471500
2018-06-29,46.85127639770508,47.598490672460095,46.8415739507807,47.113286886396665,1331600
2018-07-02,46.8609733581543,46.90949298688491,46.579554328982205,46.66689114142146,1014900
2018-07-03,46.870689392089844,47.220036743130876,46.84157834677358,46.996843424812766,664000
2018-07-05,46.92890930175781,47.29766520405476,46.831866326515986,47.08417436033373,1583800
2018-07-06,47.452938079833984,47.695540005187304,46.783354396699394,46.9871391255614,1034200
2018-07-09,48.57860565185547,48.63682773853233,47.69553488641463,47.69553488641463,1056500
2018-07-10,48.433040618896484,48.753276886911834,48.12251049938458,48.63682531573661,1282700
2018-07-11,48.064292907714844,48.39423167867001,47.96725361700342,48.24867274260287,692400
2018-07-12,47.89932632446289,48.53008913023794,47.74406123515392,48.35541914385061,1092300
2018-07-13,48.02546310424805,48.13220480705909,47.598481485762285,47.744044074211594,679800
2018-07-16,48.33599853515625,48.42333535755564,48.01576228575492,48.025468433694186,637200
2018-07-17,48.23895263671875,48.40392382537532,48.14191337408118,48.40392382537532,662800
2018-07-18,48.6950569152832,48.733874110309536,48.16133344001126,48.17103588786211,847600
2018-07-19,47.92842102050781,48.5882983503984,47.82167561393574,48.45244190632865,844500
2018-07-20,48.15163040161133,48.190447599145784,47.65672408938791,47.92843706850573,909400
2018-07-23,48.41362762451172,48.5106705916731,48.03516930710906,48.15161716589203,946400
2018-07-24,48.55919647216797,48.7047553889222,48.384522810613966,48.42334000247289,1300000
2018-07-25,48.40392303466797,48.63681874191788,48.14191258765392,48.549481926246536,1167500
2018-07-26,48.64653015136719,48.76297801758869,48.394222122441164,48.61741540845362,1388600
2018-07-27,48.297183990478516,48.86972459047569,48.24866435355896,48.627122704066906,1110700
2018-07-30,48.345699310302734,48.8600140789834,48.14191463235123,48.17102567154125,2331700
2018-07-31,49.277286529541016,49.32580986093238,48.47185031342849,48.68533742394663,1692900
2018-08-01,50.06332015991211,50.27681098206865,49.35492317035069,49.40344280216519,1768900
2018-08-02,49.461669921875,49.88864787594886,49.37433310151777,49.66545460210498,1644100
2018-08-03,49.62664031982422,49.62664031982422,48.995877648598025,49.306407760976356,983500
2018-08-06,49.4422721862793,49.704282704891135,49.374343944618246,49.63635446323009,770700
2018-08-07,49.335514068603516,49.713972375389496,49.267585844401445,49.519890148321906,785300
2018-08-08,49.2287712097168,49.42285344684195,49.04439512044383,49.33551662522617,738000
2018-08-09,48.84061813354492,49.27729860862482,48.81150338721127,49.18996177324657,652500
2018-08-10,48.62712478637695,48.74357266033262,48.21955167481538,48.47185972049901,839700
2018-08-13,48.24867248535156,48.75328493834614,48.20014913844291,48.627130899644584,792200
2018-08-14,48.471858978271484,48.54948965911615,48.258368127779214,48.26807427651674,564400
2018-08-15,48.23895263671875,48.36510663959606,47.99635077831424,48.19043300539997,984100
2018-08-16,48.66593933105469,48.94735470265533,48.27777483656894,48.27777483656894,852600
2018-08-17,48.67564392089844,48.74357215515283,48.51067640965524,48.568898495124074,937100
2018-08-20,48.56889724731445,48.9958789394421,48.51067516334144,48.75327705139177,812000
2018-08-21,48.62712478637695,49.024991749052376,48.45245112453787,48.55919655141855,1301500
2018-08-22,48.27777862548828,48.62712595758061,48.25837002905968,48.53978912455753,861400
2018-08-23,47.957542419433594,48.287481155663535,47.87991173539722,48.287481155663535,684800
2018-08-24,48.35540771484375,48.40392734969528,48.06428250211286,48.06428250211286,681800
2018-08-27,48.724159240722656,48.81149606299593,48.45244632778839,48.45244632778839,752100
2018-08-28,48.84367370605469,48.98941548434981,48.62020001416619,48.84367370605469,876900
2018-08-29,49.028282165527344,49.16430930986388,48.54246881777588,48.87282204250534,1077800
2018-08-30,48.785369873046875,48.950548319618875,48.445302051371094,48.950548319618875,1029900
2018-08-31,48.88253402709961,48.95054759042159,48.55218084533802,48.727073924297756,1429900
2018-09-04,48.84367370605469,48.91168727721807,48.581334057369496,48.91168727721807,1131200
2018-09-05,48.84367370605469,49.09629501230989,48.69792822129792,48.804807749257996,1183300
2018-09-06,48.474456787109375,49.0477167039444,48.4355908285025,48.950555513889036,1177000
2018-09-07,48.2509765625,48.53274916461858,47.98863693705802,48.42586964612799,944700
2018-09-10,48.542457580566406,48.56189055475328,48.18295682426129,48.445296416092866,1141300
2018-09-11,48.68821716308594,48.78537835575571,48.33843093913567,48.54247166761935,891500
2018-09-12,48.45501708984375,48.668776126083486,48.41615484308668,48.5813295845728,827500
2018-09-13,48.94084167480469,49.018573599171745,48.493894229080595,48.63963973403774,1332200
2018-09-14,49.533531188964844,49.533531188964844,48.95055662250598,48.95055662250598,1382600
2018-09-17,49.31977081298828,49.718137621033414,49.280908560991584,49.66955702619119,1095900
2018-09-18,49.59182357788086,49.650118802949706,49.0574296781351,49.43636346692825,1153900
2018-09-19,50.33027267456055,50.52459879583703,49.67928443071617,49.68899906887188,1349400
2018-09-20,50.6800422668457,50.86464998272804,50.50514918592085,50.57316275000704,1521600
2018-09-21,50.2913932800293,50.84522387504337,50.25253103132112,50.84522387504337,5514600
2018-09-24,49.58211898803711,50.40800406803821,49.5141054022851,50.30112451715293,1424500
2018-09-25,49.300323486328125,49.85415021893282,49.290605147041475,49.85415021893282,1374000
2018-09-26,48.552181243896484,49.407209963094886,48.52302992618975,49.407209963094886,1001600
2018-09-27,48.523040771484375,48.785380450712545,48.299567053577874,48.552192095706665,1181900
2018-09-28,48.804813385009766,48.89225994466942,48.22183879158681,48.338432968978985,1403000
2018-10-01,48.824241638183594,49.251756051535004,48.610482578277036,48.95055414689763,1154200
2018-10-02,48.678497314453125,48.931122337920634,48.57162148840651,48.79509518980512,1477700
2018-10-03,48.727073669433594,49.10600743637729,48.53274761533238,48.90196674747856,1613900
2018-10-04,48.9213981628418,48.960264116659,48.6299109221355,48.69792448808493,1773700
2018-10-05,48.51332473754883,49.164312891863695,48.46474414052655,48.88254394654969,1017300
2018-10-08,49.43636703491211,49.494662264188314,48.36757545182101,48.47445498077629,1268200
2018-10-09,49.280914306640625,49.62098221664643,48.872829108171416,49.39750848914801,1347400
2018-10-10,47.81374740600586,49.29062038500694,47.80403277017642,49.135160266504805,1394400
2018-10-11,45.89965057373047,47.67772564817978,45.860784613101785,47.67772564817978,2617600
2018-10-12,45.47212219238281,46.44374875079467,44.70453632168676,46.33686923633558,2133300
2018-10-15,45.510990142822266,45.99680344336202,45.345811693278854,45.413828965298855,1611900
2018-10-16,45.72475051879883,45.812197063712674,45.2875177942296,45.753898131616296,886900
2018-10-17,45.97737121582031,46.41460393472357,45.384678386469375,45.59843742825795,1340100
2018-10-18,45.423545837402344,46.31744057531493,45.30695167734016,45.86077857071242,991300
2018-10-19,45.66645812988281,46.025958996500194,45.09319818807899,45.28752428311557,1164400
2018-10-22,45.248661041259766,45.96766652415284,45.15149984113523,45.66646087342724,1180400
2018-10-23,44.86972427368164,45.06405036784179,44.335330294587706,44.5782369856724,1415600
2018-10-24,43.558040618896484,44.860017253538956,43.50945630324681,44.801722005099975,1493400
2018-10-25,44.45191955566406,44.782272767287026,43.7523471765892,43.82036074605908,1609900
2018-10-26,43.91753005981445,44.510222973297445,43.5774584717452,44.082704829034604,1815500
2018-10-29,44.01469421386719,44.821146253736856,43.61632736584277,44.31589986245625,1721300
2018-10-30,44.811424255371094,44.86972319415511,43.88837811016455,44.24788267297315,1382500
2018-10-31,45.238948822021484,45.851071087158246,45.11263628993795,45.2583818043776,1493000
2018-11-01,45.82190704345703,45.860772994239,45.365241387921586,45.501272215658474,1488100
2018-11-02,44.976593017578125,46.36601925367331,44.72396804385478,46.16197486521643,1699500
2018-11-05,47.415382385253906,47.50282893681953,44.80170788739961,44.93773503284353,1947700
2018-11-06,48.10523223876953,48.25097771409176,47.337650027261816,47.337650027261816,1587100
2018-11-07,48.32870864868164,48.53274934485159,47.619417969966676,48.202396153045385,1238100
2018-11-08,48.03721618652344,48.591043033754204,47.75544729872024,48.08580048009133,1469600
2018-11-09,48.18296813964844,48.367575878086164,47.74573538391517,47.862329549956804,907000
2018-11-12,47.386234283447266,48.26069608365893,47.28906939022706,48.163534896900416,1094100
2018-11-13,47.26963424682617,48.02750178750284,47.10445580209899,47.47367493755278,787400
2018-11-14,46.142547607421875,47.53197019761458,45.87048964644197,47.502822586476505,1501400
2018-11-15,46.78383255004883,46.871279111517524,45.48185247177161,45.773339774513225,951800
2018-11-16,47.12388610839844,47.25019859350839,46.404880854458376,46.56034094903176,1032900
2018-11-19,47.07530975341797,47.53197173737305,46.83240310216861,47.14332331925088,1076700
2018-11-20,46.08425521850586,46.96843537762689,45.91907675020671,46.78382763678598,1266700
2018-11-21,45.957942962646484,46.81297551122674,45.90936236809958,46.16198368362054,947900
2018-11-23,45.63730239868164,46.084249743276175,45.40411038480635,45.6081510804089,435300
2018-11-26,46.696388244628906,46.80326408584336,45.99681571908078,46.04539632080777,1149200
2018-11-27,46.26149368286133,46.77713431477221,45.76531524945581,46.50471920560121,991900
2018-11-28,47.409507751464844,47.409507751464844,46.21283889491358,46.300400211799094,1383700
2018-11-29,46.67983627319336,47.32195142766328,46.553357977385595,47.04954006253256,1063700
2018-11-30,46.75767135620117,46.88414594377587,46.37823645949732,46.68956851325277,1512800
2018-12-03,47.18574905395508,47.419247177102754,46.56309234066362,47.27331038621961,983600
2018-12-04,45.69720458984375,47.16628486312696,45.59991217057996,47.05926505759995,1504900
2018-12-06,45.648563385009766,45.648563385009766,44.12110743060899,44.967534904443966,2185200
2018-12-07,44.539466857910156,46.29069399652161,44.32543087200149,45.71668148138293,1703800
2018-12-10,43.91679382324219,44.588098550014536,43.25522019439994,44.588098550014536,1122500
2018-12-11,43.64438247680664,44.802134471998926,43.50817679635183,44.4518891729286,780400
2018-12-12,43.86814880371094,44.54918090678084,43.82923183523234,44.24757996806129,710700
2018-12-13,44.27676773071289,44.30595731398231,43.8778780650786,44.01408746057394,1581600
2018-12-14,43.84869384765625,44.37406183041068,43.761132517197176,43.81950797461212,1383100
2018-12-17,43.79031753540039,44.61728646499854,43.6054674908516,43.761131662926005,1659100
2018-12-18,43.838958740234375,44.55890403160055,43.498440865603534,44.01408137031285,1279900
2018-12-19,43.663841247558594,45.03563287035834,43.4692601122078,43.78058844423849,1495600
2018-12-20,43.44009017944336,44.0141026981092,43.13848912342306,43.323339228599984,1288300
2018-12-21,42.68121337890625,44.50054294784316,42.66175489187021,43.35251819200535,2266400
2018-12-24,41.38725280761719,42.681210563892705,41.38725280761719,42.4282576717614,685600
2018-12-26,43.255218505859375,43.26494960340961,40.92025612285339,41.542912758321656,1107100
2018-12-27,43.75140380859375,43.761131195539114,42.17529990793138,42.55473480267893,1077500
2018-12-28,43.693031311035156,44.36433239551076,43.43034730980727,44.04327664600567,1019900
2018-12-31,44.286502838134766,44.286502838134766,43.71249046622524,43.87788203730969,841400
2019-01-02,43.858421325683594,44.20866290728055,43.46925906436292,43.51790341919641,1125500
2019-01-03,43.313594818115234,43.98489582069906,43.23576088147147,43.71248446509861,1094600
2019-01-04,44.41297912597656,44.67565940794313,43.89733852670011,43.97517247048777,1099700
2019-01-07,44.714576721191406,45.3080475574594,44.17948134320979,44.28650116107146,1226300
2019-01-08,44.60755920410156,45.08428285971202,44.111380772718945,44.948077161345296,1105900
2019-01-09,44.8021354675293,45.03563357587346,44.52972410056655,44.695115655843495,1040300
2019-01-10,45.132938385009766,45.19131386074567,44.588115456785985,44.71459008722202,1520000
2019-01-11,45.31777572631836,45.366420082748725,44.89942758062952,44.928613452222436,888200
2019-01-14,45.38588333129883,45.67775321184225,44.841056832644725,45.04536537789243,1160400
2019-01-15,45.38588333129883,45.61937775120281,45.035637990115966,45.35669374531567,932900
2019-01-16,45.41505813598633,45.77503077720194,45.201018543807656,45.42478552139173,1272700
2019-01-17,45.53182601928711,45.629118474206685,45.14266733359181,45.23995607718371,1235600
2019-01-18,46.242034912109375,46.271224498361484,45.52208944755738,45.58046119740774,1486400
2019-01-22,45.668006896972656,46.29066713568671,45.41505407446824,46.03771060185664,1326500
2019-01-23,45.979347229003906,46.07663965652351,45.44425186728927,45.80422828212187,862900
2019-01-24,46.135013580322266,46.310136246800674,45.823685220211054,45.94043613874786,514300
2019-01-25,46.4949951171875,46.806323511481786,46.35878940859965,46.4949951171875,687300
2019-01-28,46.35878372192383,46.456072441459014,45.92097706136201,46.1836610576991,670400
2019-01-29,46.436614990234375,46.49499045005257,46.14474511379708,46.30040929531876,717500
2019-01-30,46.80632019042969,46.94252588935332,46.15447385958907,46.4949918182251,754400
2019-01-31,46.60200881958008,46.689570150917376,46.212846522230606,46.4366135442422,1563500
2019-02-01,46.74794006347656,46.79658442090505,46.407425850150595,46.777129646994915,742400
2019-02-04,46.70903015136719,46.73821973929648,46.29068564520346,46.64092729841074,581400
2019-02-05,46.777130126953125,46.777130126953125,46.407426326315445,46.728482057698905,641700
2019-02-06,46.718746185302734,46.816034883487774,46.50470659570451,46.6019990052155,590600
2019-02-07,46.54364013671875,46.6993043360525,46.10583341630281,46.44635140388288,806300
2019-02-08,46.18366241455078,46.543635140998866,45.69721137992969,46.300409623688324,993100
2019-02-11,43.352516174316406,44.93834382501414,42.97308126176349,44.93834382501414,3567000
2019-02-12,44.6756591796875,45.045362988136574,43.51790710671158,43.54709297981948,2426800
2019-02-13,45.502620697021484,45.94042727878313,44.71456884985052,44.79240278053085,1436300
2019-02-14,44.63674545288086,45.32750499227872,44.62701435439545,45.308046506634554,2363500
2019-02-15,45.43452453613281,45.47344150718857,45.035634861127946,45.12319619034007,1900800
2019-02-19,45.784767150878906,45.98907566987388,45.239940722232575,45.58045492055752,1269300
2019-02-20,46.15446853637695,46.32959118946018,45.473440120304986,45.72639300179936,1347100
2019-02-21,46.242034912109375,46.65065571769659,46.037726364979235,46.14474618814081,1252900
2019-02-22,46.4949951171875,46.53391209430609,46.13501864583137,46.35878940859965,1024500
2019-02-25,46.67983627319336,47.127370290572834,46.67010888643576,46.689567371277455,1059800
2019-02-26,46.35154342651367,46.85811438185572,46.34179953340726,46.54637669416537,1097100
2019-02-27,46.341793060302734,46.52688612520026,46.08850761801107,46.20540830551447,1134500
2019-02-28,46.390506744384766,46.54637558451408,46.2541219737974,46.40999081392671,1795500
2019-03-01,46.663272857666016,46.96526659881559,46.45869201689981,46.65352896628368,1172200
2019-03-04,46.86785888671875,47.33546542435786,46.57560526522011,46.82889074619722,1379200
2019-03-05,46.6925048828125,46.86785779486788,46.28334684928116,46.86785779486788,794000
2019-03-06,46.21514892578125,46.94578473306859,46.19566485830888,46.68275539650045,891500
2019-03-07,45.611148834228516,46.06901504032611,45.455280040949255,46.03978708669519,1230200
2019-03-08,45.669612884521484,45.73780526702617,45.192262490782596,45.26045487328727,1041900
2019-03-11,45.98134994506836,46.03979843432591,45.7572887317669,45.93264163195171,1026000
2019-03-12,46.361289978027344,46.5756110613607,46.11774464376921,46.13722871645468,1216900
2019-03-13,46.478179931640625,46.83862961851638,46.44895568748541,46.59508434067353,1301800
2019-03-14,46.653533935546875,46.760694454932406,46.36128033844477,46.487924926464586,917900
2019-03-15,46.5463752746582,46.95553329990284,46.517151028642964,46.53663509805521,2078800
2019-03-18,47.16011428833008,47.36469145948048,46.64379941365337,46.69250773304062,1184500
2019-03-19,46.79966354370117,47.676424352833216,46.711987091167344,47.50107144776557,1236000
2019-03-20,46.28334045410156,47.06268827386449,46.26386010319273,46.7022386065521,1363700
2019-03-21,46.6925048828125,46.906825934481596,45.90341677856328,46.127478007032636,838100
2019-03-22,46.10799789428711,46.52689239060056,46.000837367892785,46.293090984109625,803400
2019-03-25,45.88393783569336,46.380772380767226,45.80600526396431,46.03006651746961,1042000
2019-03-26,46.341793060302734,46.41972932944223,45.94237897147744,46.04953948344132,686600
2019-03-27,46.49766540527344,46.75095458296142,46.34179657139089,46.448957091473794,735000
2019-03-28,46.62431335449219,46.770438306422854,46.185931066287374,46.526893003665336,886500
2019-03-29,46.6925048828125,46.975018320702425,46.62431249659166,46.92630628808212,1116200
2019-04-01,47.423133850097656,47.44261791705829,46.858107056856575,46.95552739165976,988200
2019-04-02,46.9457893371582,47.47184806188638,46.877596952420056,47.364687538381794,692300
2019-04-03,46.955535888671875,47.228305443069225,46.71199058190097,47.208821372582776,850500
2019-04-04,47.2380485534668,47.48159385620105,46.92630714705706,46.99450325073254,601300
2019-04-05,47.34521484375,47.540051868185806,47.15038153552134,47.218573936642805,751500
2019-04-08,47.3354606628418,47.5790059422933,47.20881607698933,47.37442879944349,734500
2019-04-09,47.091915130615234,47.21855971578792,46.83862967647589,47.21855971578792,547400
2019-04-10,47.423133850097656,47.50106640173441,46.92629943311591,47.11139621113906,488000
2019-04-11,47.832298278808594,47.95894288287979,47.45236818280157,47.569272609424175,1116800
2019-04-12,48.00764083862305,48.55318356313678,47.842031844302646,48.16350965759757,1187800
2019-04-15,47.90049743652344,48.15378668044828,47.86153300501793,47.929725405411446,565800
2019-04-16,48.37783432006836,48.54344704306502,47.95893614074312,48.036872414201795,783300
2019-04-17,47.968685150146484,48.562932575733704,47.91997311593537,48.494740187285885,794400
2019-04-18,47.55952453613281,48.26093616940052,47.50107232795842,47.929714422158135,1710500
2019-04-22,47.9492073059082,47.96869137888137,47.345212192360954,47.52056513291249,671000
2019-04-23,48.163509368896484,48.3486061452107,47.900480041665034,47.97841630878803,1009000
2019-04-24,48.21223068237305,48.49474041460695,48.03687776376912,48.12455422307108,586700
2019-04-25,48.39732360839844,48.572676526387355,47.85178078396554,48.0076496314883,632400
2019-04-26,48.88440704345703,48.88440704345703,48.348608191034835,48.40705667764451,943400
2019-04-29,49.615047454833984,50.03394565666104,48.85518732882503,49.683239839670364,2117700
2019-04-30,49.96575164794922,50.00471978550534,49.147439340301354,49.72220636253267,1976000
2019-05-01,49.001319885253906,50.12162989505214,48.98183581281664,49.848856597137285,1105700
2019-05-02,48.94286346435547,49.25460114049352,48.56292968761887,49.04028009457127,992600
2019-05-03,49.52737808227539,49.702731015843625,48.933126886983786,48.99157910357546,1135400
2019-05-06,49.47866439819336,49.58582492556239,48.72854442281654,48.933121584408475,1166300
2019-05-07,48.86492919921875,49.4591803301395,48.718800531672,49.20589113521932,1115100
2019-05-08,49.10846710205078,49.66375000913635,48.75776132574288,48.81621352719613,1304000
2019-05-09,49.22536849975586,49.42020545787509,48.57266896369318,48.64086134160403,1113500
2019-05-10,50.04368209838867,50.10213430226011,48.952600306230266,48.97208437418742,1284200
2019-05-13,48.874664306640625,49.45917519999292,48.6408629222645,49.283822303607835,1108800
2019-05-14,49.65401077270508,50.01445673130225,48.952599206824395,48.952599206824395,1493500
2019-05-15,49.897560119628906,50.16058947832686,49.36175750957406,49.36175750957406,1000700
2019-05-16,50.57949447631836,50.813299638075456,50.12163176369646,50.12163176369646,1363000
2019-05-17,50.44309997558594,50.97890259398595,50.228782644432194,50.228782644432194,1810900
2019-05-20,50.59896469116211,50.8912219923652,50.27748686252704,50.36516330964678,1099400
2019-05-21,51.144508361816406,51.26140905467716,50.8619949475474,50.8619949475474,1332100
2019-05-22,51.06656265258789,51.20295110462943,50.852245374647566,50.97888993629776,1013900
2019-05-23,50.5307731628418,50.80354640081131,50.19955143661212,50.70612606003433,1162800
2019-05-24,50.87174606323242,50.93993845343462,50.29697897709494,50.676909069994764,831500
2019-05-28,50.04560852050781,50.903920679248124,50.04560852050781,50.903920679248124,1706600
2019-05-29,49.987091064453125,50.01635061006357,49.431137373684564,49.948075856509185,1344000
2019-05-30,50.065120697021484,50.34797164845201,49.76275842122926,50.08462457999328,833000
2019-05-31,50.094383239746094,50.11389084458015,49.489662372671006,49.69448664238585,1437500
2019-06-03,50.981956481933594,51.05023123540639,49.87004910172513,50.1333961739895,1221400
2019-06-04,51.63544845581055,51.67446366671868,51.001468021682214,51.294074662102624,1544000
2019-06-05,52.12312316894531,52.162138376663904,51.46963518278638,51.69396704612579,1170100
2019-06-06,52.376712799072266,52.444987545063725,51.996323865492826,52.181640501656126,1143000
2019-06-07,52.513267517089844,52.805874131986485,52.37671801151774,52.47425230958496,904200
2019-06-10,52.69858169555664,52.786364047970515,52.47424984398669,52.71808929839248,1053200
2019-06-11,52.26942443847656,52.96192758069644,52.1718901471507,52.81562614370765,812300
2019-06-12,51.986572265625,52.38646883225693,51.928053176314656,52.24016738828616,626400
2019-06-13,52.054847717285156,52.20115288391918,51.78174870830959,52.13287813167529,683300
2019-06-14,52.22066116333008,52.40597781886249,51.80125698229278,52.05484839095266,684100
2019-06-17,51.63544845581055,52.376722580283904,51.56717369706897,52.376722580283904,856700
2019-06-18,52.07435607910156,52.20115364398426,51.596432806435615,51.61593668962218,776600
2019-06-19,52.29869079589844,52.464503577590335,52.1036184671354,52.24017170175617,841200
2019-06-20,52.727848052978516,52.727848052978516,52.10361588770092,52.61080242909802,1265600
2019-06-21,52.73760986328125,52.96194176998836,52.37672842385639,52.67908704038977,2464500
2019-06-24,52.81562423706055,53.254532252877034,52.62055194075622,52.81562423706055,1002500
2019-06-25,53.20576477050781,53.38132946399539,52.74734915590763,52.88389864624362,1002900
2019-06-26,52.113380432128906,53.24479561094452,52.113380432128906,53.24479561094452,1304800
2019-06-27,52.44499969482422,52.54253400578044,52.0646106731213,52.279186901364085,958500
2019-06-28,53.322818756103516,53.39109723745575,52.708345910191994,52.776620670848835,2114700
2019-07-01,54.22989273071289,54.24940033339015,53.46911482977384,53.49837437344233,1257500
2019-07-02,53.8787727355957,54.34694408721647,53.644685199437745,54.27866933098189,1333600
2019-07-03,54.77610397338867,54.81511918553094,53.82025360007561,54.09335264368065,578000
2019-07-05,54.31767654418945,54.76634397645112,54.161619439266445,54.76634397645112,820800
2019-07-08,54.288421630859375,54.64930301914888,54.083597360805484,54.24940642112668,1009700
2019-07-09,54.12260437011719,54.20063105706513,53.917776410402745,54.17137151454648,963100
2019-07-10,54.181129455566406,54.463984133554185,53.99581279793392,54.278667475921694,958700
2019-07-11,53.93729782104492,54.29817924704614,53.576416395043694,54.288427303941496,694400
2019-07-12,54.015316009521484,54.0640831553859,53.78122850039965,53.95679320206734,934700
2019-07-15,53.82025146484375,54.15187331350563,53.74222104365494,54.15187331350563,643400
2019-07-16,53.449615478515625,53.917786852960546,53.37158877645581,53.89827924727175,1064600
2019-07-17,52.805870056152344,53.42034650449325,52.76685485165886,53.391086961470485,702000
2019-07-18,53.01069259643555,53.09847494337969,52.610796064955466,52.72784167467737,1012800
2019-07-19,52.513267517089844,53.25453785620766,52.48400797180867,53.15700355814044,799500
2019-07-22,52.62056350708008,52.854647337542666,52.386475955922094,52.47425832251941,585700
2019-07-23,52.688838958740234,52.81563653897616,52.50352228046885,52.679083295270694,791200
2019-07-24,53.39109802246094,53.4398651778335,52.5620414983456,52.5620414983456,678900
2019-07-25,53.420352935791016,53.56665438921283,53.18626540134293,53.39109338924568,483600
2019-07-26,53.488624572753906,53.59591453142454,53.17651035881839,53.4301017623804,927200
2019-07-29,52.581546783447266,53.50813757740382,52.36696684444598,53.50813757740382,1016500
2019-07-30,52.34745407104492,52.75710630317783,52.20115262582918,52.41573254364618,993800
2019-07-31,52.22066116333008,52.94242390230474,52.10361554023014,52.32795112415752,1225700
2019-08-01,51.56717300415039,52.513271392135586,51.38185633586984,52.10361912449536,841600
2019-08-02,51.21604537963867,51.615941998604896,50.87467157833654,51.615941998604896,847700
2019-08-05,49.470157623291016,51.36235075307129,49.314100496306,51.36235075307129,1210200
2019-08-06,50.27968978881836,50.29919738972767,49.38236247115672,49.57743475955538,1409600
2019-08-07,49.35310745239258,49.68472928184939,48.73863466424514,49.68472928184939,1194900
2019-08-08,50.386985778808594,50.63082523838872,49.450643146987694,49.69448260656782,1113100
2019-08-09,49.713993072509766,50.39674062209301,49.67497786376356,50.182164415379034,844000
2019-08-12,48.87518310546875,49.314094887914884,48.641095581265816,49.314094887914884,1007700
2019-08-13,49.187294006347656,49.51891580619578,48.533802347516925,48.680107505362606,848800
2019-08-14,46.95372009277344,48.689855645499584,46.943968152669164,48.54355421976891,1190300
2019-08-15,47.23657989501953,47.460911748915954,46.79766812839835,47.08052279140921,945300
2019-08-16,47.6462287902832,47.91933151437817,47.353622183683825,47.49017168538388,1180200
2019-08-19,47.97785949707031,48.377756135048216,47.95835189025486,48.23145466497565,1000000
2019-08-20,47.48041915893555,47.95834240899532,47.45115961484469,47.87056377672276,1273000
2019-08-21,47.636474609375,47.89006599765308,47.304852811968466,47.79253170693721,1286900
2019-08-22,47.421905517578125,48.04613405015657,47.1780660144962,47.82180215380466,971100
2019-08-23,46.075904846191406,47.74376581790578,45.81255778949522,47.129289352281354,1429600
2019-08-26,46.76841354370117,46.78792114880798,46.06615464263689,46.329501730535995,1336800
2019-08-27,46.341617584228516,47.19129423653282,46.20488843622436,47.015498553216084,1444900
2019-08-28,46.58578109741211,46.810408102773735,46.06815878231867,46.19512316816311,1018200
2019-08-29,46.956905364990234,47.30849302766624,46.908070330049874,46.97643490825827,760300
2019-08-30,46.94713592529297,47.30849207793879,46.70297565785309,47.25966076956882,1076200
2019-09-03,46.85923767089844,46.8787709391939,46.51741478970281,46.56624609764647,927300
2019-09-04,47.51359176635742,47.60148961578906,47.054569249815486,47.15223187114389,869200
2019-09-05,47.81635284423828,48.392571308328165,47.747988257447155,48.04097987592206,674300
2019-09-06,48.128868103027344,48.4609261976754,47.77727674097766,47.816343275780916,1170700
2019-09-09,48.4511604309082,48.490226964908494,48.03120450437947,48.41209389690792,778000
2019-09-10,48.74415588378906,48.79298719240058,48.30466665510532,48.57812868939189,852700
2019-09-11,48.86135482788086,48.86135482788086,48.148407245876115,48.71486089287703,737200
2019-09-12,49.21294403076172,49.32037514697827,48.64649413469734,48.91018767661338,924800
2019-09-13,49.613365173339844,49.77939609108242,49.26177379514614,49.50593406049288,948900
2019-09-16,49.81846237182617,49.83799564148516,49.1934126450997,49.46687469473521,932500
2019-09-17,50.1700553894043,50.36538436669122,49.584072183133884,49.75009939219403,991000
2019-09-18,50.082149505615234,50.16028257423811,49.68172684289741,49.93565559033199,743300
2019-09-19,49.85752487182617,50.21888101726568,49.75986225703386,50.05285382700075,606700
2019-09-20,49.779396057128906,50.1212189381452,49.515702523663485,49.974721288801085,2581400
2019-09-23,50.375152587890625,50.404450630366085,49.33014312398497,49.42780947488708,925200
2019-09-24,50.44352340698242,51.08810650026378,50.121229997546344,50.49235472567524,1283800
2019-09-25,49.82823181152344,50.59977921248435,49.82823181152344,50.33608565548795,939100
2019-09-26,49.9551887512207,50.11145116254428,49.720793271440456,49.818455881421535,557100
2019-09-27,50.30678176879883,50.30678176879883,49.82822971282785,50.111456527923416,820300
2019-09-30,50.27748107910156,50.56070787927637,50.24818303963174,50.37514741998424,833100
2019-10-01,48.94924545288086,50.47280674089746,48.94924545288086,50.44350870333994,809400
2019-10-02,47.72843933105469,48.73438198283986,47.53311040760975,48.67578218812957,1220500
2019-10-03,48.02144241333008,48.03121091092797,47.2694320242627,47.669854737200886,782000
2019-10-04,48.822288513183594,48.91018635811944,48.001909868979034,48.0409726801583,1094200
2019-10-07,48.42186737060547,48.99808204118639,48.42186737060547,48.773455035979396,906800
2019-10-08,47.552650451660156,48.04097096709323,47.552650451660156,48.02143769940512,855400
2019-10-09,47.95308303833008,48.236309889972524,47.66985991227826,47.93355349219462,586200
2019-10-10,48.38279724121094,48.76368664461913,48.06050391488718,48.08980567901924,677700
2019-10-11,49.30083465576172,49.74032382790568,49.06644291434465,49.085972454804775,758400
2019-10-14,49.23247528076172,49.36920443194307,48.96878174965914,48.978550246509215,603700
2019-10-15,49.877052307128906,50.04308320356762,49.35943380319961,49.35943380319961,561300
2019-10-16,49.75985336303711,49.82821792629035,49.466861845439055,49.779386627622216,753400
2019-10-17,49.662200927734375,50.29701916470955,49.613369615410974,50.08215691977821,773500
2019-10-18,49.769622802734375,50.19934721275195,49.55476432331522,49.55476432331522,624100
2019-10-21,50.257938385009766,50.31653817854893,50.00401339751857,50.130977754058804,510700
2019-10-22,49.70125961303711,50.00401966253848,49.49616589833766,50.00401966253848,626300
2019-10-23,49.906349182128906,50.0333135440299,49.681722219128325,49.73055351967812,754700
2019-10-24,49.65243911743164,50.121226449763526,49.613372575006345,50.05286186331453,680300
2019-10-25,49.808692932128906,49.82822619995739,49.476634830224455,49.544999404829206,986000
2019-10-28,48.26560592651367,50.04309632372367,47.95308104308104,49.19341580415013,1482400
2019-10-29,48.236297607421875,48.41209328260274,47.36708772768854,48.011670628155144,1730600
2019-10-30,48.05073928833008,48.23629974230493,47.71868119002412,48.23629974230493,911000
2019-10-31,47.855403900146484,47.874937165135634,47.24011909255101,47.72843954051169,1505500
2019-11-01,48.62696075439453,48.871121026840065,47.845648627686835,48.10933844340873,1166600
2019-11-04,48.636722564697266,49.11527830881242,48.499993416547184,48.968780664028834,827400
2019-11-05,49.310604095458984,49.52546257493908,48.64648793941586,48.64648793941586,1195200
2019-11-06,49.681732177734375,49.740331985493995,49.04691769216092,49.29107796944075,991600
2019-11-07,49.837989807128906,50.28724750551203,49.70126066111266,49.945420914881616,1034500
2019-11-08,49.808692932128906,49.837990971076685,49.38873698779122,49.671963782919406,536900
2019-11-11,49.339908599853516,49.65243345241776,49.12504636661931,49.45710448816758,630700
2019-11-12,49.46686935424805,49.63289654003959,49.0957447219748,49.32037171041681,633000
2019-11-13,49.18363952636719,49.378968464218524,48.91018124872909,49.173871030400335,598300
2019-11-14,48.91994857788086,49.14457556420272,48.72461962981278,49.10550902947114,945800
2019-11-15,48.98831558227539,49.242240619453945,48.919951005896934,49.08597819836176,937300
2019-11-18,49.09574508666992,49.203176196198875,48.69532241289193,48.832051561168825,713900
2019-11-19,49.00784683227539,49.25200708802583,48.968780297213755,49.17387401790256,652100
2019-11-20,49.173885345458984,49.36921434017273,48.74416453756129,48.8125291268725,800300
2019-11-21,49.27155303955078,49.39851744839066,48.78323240234134,49.08598881303308,789500
2019-11-22,49.46686935424805,49.71102961024021,49.25200713678619,49.43756759012789,741300
2019-11-25,49.613365173339844,49.81845890208951,49.47663602084007,49.47663602084007,982400
2019-11-26,49.43050765991211,49.85098508225741,49.39139261359717,49.58696411495575,1468400
2019-11-27,49.890106201171875,50.105235251873324,49.46962872764626,49.46962872764626,684800
2019-11-29,49.77276611328125,50.09545596777278,49.65542095690552,49.78254301120422,437500
2019-12-02,49.05891418457031,49.841200062505116,49.02957976972319,49.841200062505116,840900
2019-12-03,47.425907135009766,48.6384474329525,47.425907135009766,48.6286668064779,1527400
2019-12-04,47.79749298095703,48.07129084093394,47.24989353078714,47.24989353078714,1454900
2019-12-05,48.06151580810547,48.14952279939838,47.797494834226725,48.081069601533926,927900
2019-12-06,49.04914474487305,49.24471624408246,48.32553131686305,48.44287645451835,1178600
2019-12-09,49.21537780761719,49.49895254159742,48.94157623898637,48.97091438611354,1030500
2019-12-10,48.96113204956055,49.5576233740217,48.91224011301133,49.08825406876104,1063300
2019-12-11,48.882904052734375,49.3033776770857,48.7851164527098,49.01002233744303,1013400
2019-12-12,49.95854949951172,50.046556488444914,48.922023155433656,48.97091882834241,1020700
2019-12-13,49.48918151855469,50.22257187009174,49.47940089161311,49.81187133351855,1186400
2019-12-16,49.93898391723633,50.24211988135638,49.694520513008534,49.860757567595506,928900
2019-12-17,50.261688232421875,50.59415868302574,49.978109727156394,49.99766725133501,961200
2019-12-18,50.183448791503906,50.39857778719517,50.02699235742361,50.39857778719517,1113800
2019-12-19,50.03677749633789,50.2030145831827,49.83142909219099,50.1052306946031,1013300
2019-12-20,50.515926361083984,50.77016670377409,50.17367902857497,50.24212849507678,2273600
2019-12-23,50.261688232421875,50.68216567672136,50.144343087350165,50.39858717145588,764800
2019-12-24,50.31057357788086,50.47680691626769,50.17367465680563,50.23234349142883,400800
2019-12-26,50.78971862792969,50.858168086885485,50.24212295628332,50.467028854311756,454700
2019-12-27,50.74082946777344,51.02440794480858,50.71149504953392,50.91684343764243,835800
2019-12-30,50.85816955566406,50.99507220774514,50.711493738043835,50.99507220774514,749000
2019-12-31,51.327545166015625,51.347098958496844,50.81906076653497,50.88751023086736,806100
2020-01-02,51.78712844848633,51.826243489768096,51.29820162311116,51.55244566122701,1081400
2020-01-03,51.5915641784668,51.64045985200645,51.12219480817224,51.28843189173149,829300
2020-01-06,50.92662048339844,51.37643227245412,50.86794792082851,51.219975835816676,786600
2020-01-07,50.69194412231445,51.14175600151522,50.662609700258535,50.81906616825082,759500
2020-01-08,50.70172119140625,51.415557792394985,50.652829244408565,50.897292709613446,904800
2020-01-09,51.542667388916016,51.552448014790805,50.87772657763148,51.04396364556052,699400
2020-01-10,50.91683578491211,51.75779046339941,50.81905191866654,51.54266148140069,656300
2020-01-13,50.94617462158203,51.09285416389961,50.672376788152654,50.91684020520481,742900
2020-01-14,50.87771987915039,51.13196389540008,50.691929044364336,50.83860857144803,889000
2020-01-15,50.53548049926758,51.004849836788885,50.46703103735088,50.7310519891221,892300
2020-01-16,50.98529052734375,51.19063890589475,50.67237764663295,50.760384627471346,688100
2020-01-17,51.2297477722168,51.5035455772754,51.053733831760454,51.131963907614534,1064000
2020-01-21,50.35947036743164,51.20042522671266,50.33013594729455,51.06352629245132,1155200
2020-01-22,50.73105239868164,50.77016371279557,50.39858198230964,50.476808340753436,1085300
2020-01-23,50.32033920288086,50.59414071392136,49.67495605506716,50.33011982660462,1009100
2020-01-24,50.21278762817383,50.45725106108649,49.92921288095927,50.3301327617274,650500
2020-01-27,49.66519546508789,50.017223430403305,49.13715351711476,49.30338687283803,745200
2020-01-28,50.34969711303711,50.72127889570739,49.860770180897454,49.860770180897454,841500
2020-01-29,50.525699615478516,50.83861623577945,50.29101681302269,50.467030779972504,679500
2020-01-30,51.21997833251953,51.307985315556444,50.06611065724259,50.06611065724259,880900
2020-01-31,50.31057357788086,51.10263268702064,50.124778987665195,50.8386154707846,1024300
2020-02-03,51.23954772949219,51.59157201300834,50.49637664934127,50.56482612643192,824100
2020-02-04,51.562225341796875,52.35428818456899,51.513333402661374,51.826246289387576,773400
2020-02-05,52.393402099609375,52.67697683257448,52.07070859387615,52.33472953578085,1405200
2020-02-06,52.12938690185547,52.78454715082863,52.09027185499303,52.59875627355628,679300
2020-02-07,52.070716857910156,52.364072263179054,51.660020036576974,51.90448349600378,800000
2020-02-10,54.574012756347656,55.620315848226284,53.390807022077254,55.620315848226284,1263300
2020-02-11,53.50815963745117,54.87715268114341,53.42992954512904,54.64246986460925,917900
2020-02-12,52.73565673828125,53.73306808093152,52.686764793391944,53.60594604004629,767200
2020-02-13,52.86277389526367,52.931223357828024,52.40318144928933,52.588972314790304,838100
2020-02-14,52.98988342285156,53.028998460761095,52.471622226303886,52.81386948247399,930300
2020-02-18,52.5107421875,52.86277010126047,52.15871427373952,52.7649824973183,681800
2020-02-19,52.52052688598633,52.901889272482265,52.51074998924735,52.64764892489038,704200
2020-02-20,52.696533203125,52.921439097566115,52.34450528827257,52.34450528827257,751000
2020-02-21,52.44229507446289,52.667200978261576,51.963145119263366,52.46185259612571,1096200
2020-02-24,51.17108917236328,51.66979294984804,51.063524661674236,51.15153164949108,1106700
2020-02-25,49.30406951904297,51.232764434868315,49.22574513873786,51.232764434868315,1200400
2020-02-26,47.92364501953125,49.950242139431616,47.85511303844962,49.685902897525544,1616300
2020-02-27,45.24109649658203,47.31664834101746,45.24109649658203,47.111048652332315,1911700
2020-02-28,44.67324447631836,44.692825570300386,43.04805102292808,43.93897025819543,3377400
2020-03-02,47.669090270996094,47.688671368829084,44.594928870754934,44.71241172304033,1988900
2020-03-03,46.09284973144531,48.02154112640763,45.87746139643648,47.24810459134174,1682300
2020-03-04,47.48307418823242,47.56139857749354,45.83829936087336,46.8956562076238,1052100
2020-03-05,44.57533645629883,46.16137136570142,44.23267666799607,45.80891916361196,1604800
2020-03-06,43.2536506652832,43.723585757541535,42.303988065568916,42.81308534919348,1821300
2020-03-09,38.564083099365234,41.06061480804974,37.82002016762813,40.38508384102348,1965200
2020-03-10,42.27461624145508,42.333359525658665,39.41583990031686,40.013050218228194,1895600
2020-03-11,38.89695739746094,41.07041055373903,38.661991709313845,40.86481464293226,2214800
2020-03-12,32.49407958984375,36.52769521795883,32.48429091044913,35.75425883087392,2844000
2020-03-13,36.23398971557617,36.26336322899218,33.453537378694215,34.66753927284512,2900100
2020-03-16,32.719261169433594,37.16406918269791,31.54442527167033,31.90666621565693,2949100
2020-03-17,35.95006561279297,36.90951677490348,31.57379023612061,33.639548892533846,2852000
2020-03-18,33.86473083496094,34.16823222318464,30.996165606761373,32.62135923991264,2518400
2020-03-19,36.527706146240234,37.42841430848572,31.32904190983103,33.28710702919547,2331800
2020-03-20,30.604555130004883,37.17386395191745,30.2227330655848,36.75287969250236,3513800
2020-03-23,29.116422653198242,31.329036048183962,27.92200382610941,30.584971217956866,1796900
2020-03-24,33.032554626464844,33.27731272503621,29.870278573732165,30.996165453689226,1846200
2020-03-25,32.59199142456055,34.432569756687194,31.564008090558573,33.07171523756233,2509900
2020-03-26,34.66754150390625,34.95146183202085,32.03394536047955,32.924864807377354,1160100
2020-03-27,32.99338912963867,34.23676059400659,32.33743554911949,33.14024173324494,1097900
2020-03-30,34.68711471557617,34.824178640132125,32.210164189698865,33.01297037756531,1361700
2020-03-31,34.099700927734375,34.61858691441193,33.64934317685997,34.109489608645596,1932400
2020-04-01,31.945831298828125,32.503879521174994,31.201766379913543,32.1416385444106,1277700
2020-04-02,32.48428726196289,33.884303544988015,31.47588533554906,31.720643374753294,1380000
2020-04-03,32.01436233520508,33.0129758971329,31.701072245350762,31.945830361468975,1425100
2020-04-06,34.951454162597656,35.245163108223814,33.52206788842832,33.79619573971782,1301500
2020-04-07,35.50950622558594,37.25218273336768,35.42139315863561,36.840990910741006,1372300
2020-04-08,37.17386245727539,37.428409245083444,35.22558628380146,35.871747536389016,1046500
2020-04-09,38.59345245361328,39.621439382493655,37.62421254343318,37.62421254343318,1474500
2020-04-13,36.6353874206543,38.58366337003386,36.20461454671501,38.58366337003386,842400
2020-04-14,36.6353874206543,37.71232520757036,36.04796952576328,37.48714822337174,1110900
2020-04-15,33.835365295410156,35.529091109833765,33.68850892326591,35.313702759945585,1296600
2020-04-16,33.28710174560547,33.86473101352064,32.298280660553516,33.78640662851617,1792000
2020-04-17,35.38222885131836,35.61719826071589,34.12906862709704,34.501101969179764,1686700
2020-04-20,34.236759185791016,35.19621034845975,33.72766196452996,34.647950940629755,1118600
2020-04-21,33.003177642822266,33.76682536962711,32.856325039956886,33.071709604435135,867000
2020-04-22,33.06192398071289,33.94305088348325,32.993392012765604,33.81577936284523,778300
2020-04-23,32.2297477722168,33.5808136538881,32.180796894668305,33.2773159722599,1440000
2020-04-24,31.72064971923828,32.856327098905666,31.48568031133274,32.856327098905666,2221000
2020-04-27,31.87729835510254,32.004569886360756,30.72203788207388,31.485683875829274,2479700
2020-04-28,33.39479064941406,33.9822085056061,32.63114668942208,32.95422538991421,1336900
2020-04-29,35.93048858642578,36.16545426287464,34.42277784614926,34.43256652653792,2207400
2020-04-30,33.93326187133789,35.421391525259374,33.80598661723147,35.25495407993373,1451300
2020-05-01,30.95700454711914,33.1794066211874,30.878682031742585,33.081504877483745,1850000
2020-05-04,31.094064712524414,31.19196831171486,29.498241087580965,30.457694118820296,2092100
2020-05-05,30.1444091796875,31.632538909785488,30.056296112289846,31.358407291930394,1418100
2020-05-06,29.057682037353516,30.28147254184208,28.91082755028611,30.28147254184208,1492100
2020-05-07,29.703840255737305,31.045113466632948,29.2730655190743,29.400340764326426,1186000
2020-05-08,30.369585037231445,30.682875101720143,29.723423812384485,30.3402133934271,920900
2020-05-11,29.380762100219727,29.909438617135716,28.88145535974813,29.909438617135716,1447700
2020-05-12,28.97936248779297,29.49824851973191,28.715023263584655,29.46887873972408,1556700
2020-05-13,28.196130752563477,28.80313162731448,27.647873162932765,28.54858299386122,2390200
2020-05-14,28.480052947998047,28.822714664869526,26.7569556828169,27.657665574448952,1463500
2020-05-15,29.184959411621094,29.263281939904314,27.56955609868199,28.108023247209566,4071300
2020-05-18,30.98637580871582,31.417150597615425,30.6045537613708,30.790570444565926,1705600
2020-05-19,30.40874671936035,31.06469852143024,30.398956170988424,30.868893156060167,1197200
2020-05-20,31.515047073364258,31.759805138119308,30.87867834582813,30.87867834582813,1045100
2020-05-21,31.417152404785156,31.779393376345077,31.16260373612767,31.39757130703698,1144400
2020-05-22,31.240924835205078,31.603165790247125,30.65350500103951,31.564007331248888,846300
2020-05-26,32.411231994628906,33.00962396651527,32.28370491649701,32.646662570455376,1011400
2020-05-27,33.5883903503418,34.088683044908144,33.16657325358349,33.725725453081544,1070200
2020-05-28,33.13713073730469,34.137719539626985,32.96055602265371,34.02981235377365,1021300
2020-05-29,32.607425689697266,32.999811218722485,32.038461620773774,32.636853575296264,2610600
2020-06-01,33.1273307800293,33.24504603782945,32.126741733476585,32.52893896121929,1000600
2020-06-02,33.980770111083984,34.422206968609665,33.37257029743763,33.5785729169162,1668300
2020-06-03,34.804786682128906,35.21679569101712,34.608592094186925,34.68707142620393,1131000
2020-06-04,35.80537796020508,35.82499779444085,33.89248715637671,34.638025888932745,1176200
2020-06-05,38.336273193359375,39.0621882122637,37.453399530259475,37.992931772331616,1478700
2020-06-08,39.18971252441406,39.30742775730496,38.35588662434581,39.032757633192944,1403000
2020-06-09,37.5318717956543,38.169503134036674,37.12967466067302,37.95368875942731,1150300
2020-06-10,35.481651306152344,37.1591113468595,35.32469639649497,37.1591113468595,1699100
2020-06-11,31.577390670776367,33.90228988830967,31.538154754886584,33.56876027959812,2472400
2020-06-12,32.39159393310547,33.12732061732837,31.106523310840345,33.10770079003049,1933900
2020-06-15,32.940940856933594,33.176371321648794,30.586613757182977,30.743568647693035,1399300
2020-06-16,33.27447509765625,34.72631287781925,32.69570683372328,34.72631287781925,1275900
2020-06-17,32.764373779296875,33.382381699893024,32.509319683916964,33.382381699893024,1505900
2020-06-18,33.23523712158203,33.38238025445247,31.891306640342368,32.30331564500066,1521700
2020-06-19,34.06905746459961,34.18677271251088,33.2450432450202,33.97096204835693,4982900
2020-06-22,33.411808013916016,33.706097987751676,32.91151169050536,33.706097987751676,1525000
2020-06-23,33.68648147583008,34.33392097889086,33.647241810892965,33.99058326594212,1273800
2020-06-24,32.53874588012695,33.13713767821679,31.8030189956756,33.13713767821679,1110900
2020-06-25,33.19599151611328,33.254851003989835,32.087495484753674,32.254262162687326,1062500
2020-06-26,32.18559265136719,32.85265183786907,31.67548834744813,32.685885170193814,2485900
2020-06-29,33.0488395690918,33.17636656876774,32.21501753435504,32.56816692293506,871600
2020-06-30,33.63743209838867,33.89248242363692,32.705510683877336,32.90170525673765,1014200
2020-07-01,32.90169906616211,33.90228783159507,32.82321975494406,33.52951858750839,984500
2020-07-02,33.0488395690918,34.30448225538733,32.92131631151508,33.784566214600424,992000
2020-07-06,33.86305236816406,34.50068001129986,33.7159055124635,33.87286041223077,852100
2020-07-07,33.029232025146484,33.647243684976644,32.921328553710026,33.51971663787822,727300
2020-07-08,33.27447509765625,33.598196745721175,32.744754547705654,32.744754547705654,880700
2020-07-09,32.19540786743164,33.323523910031085,31.734351159953544,33.01942212010505,1066900
2020-07-10,33.84342956542969,33.87285743714513,32.10711403432525,32.29349679202247,1003900
2020-07-13,34.01020050048828,34.55954460178783,33.79438982027462,34.049440166745505,920500
2020-07-14,34.84402084350586,34.9715478668366,33.882671630773935,34.314296662378084,800900
2020-07-15,35.36393356323242,36.001564943638954,34.981356231828485,35.668035316397074,754500
2020-07-16,35.550331115722656,36.070243677043756,34.89307970116664,35.148133829358926,465600
2020-07-17,35.481651306152344,35.72689358637325,35.2658406441861,35.60917833965527,737900
2020-07-20,34.76554489135742,35.32469700045308,34.56935405750654,35.22660158352763,729600
2020-07-21,35.75633239746094,36.129101786171994,34.86365046756673,35.02060540879755,863300
2020-07-22,35.972137451171875,36.030996948173744,35.148126945748075,35.285462029985375,603400
2020-07-23,36.354713439941406,36.56071603723639,35.87403697081993,35.93289645951843,544300
2020-07-24,36.1683349609375,36.82558629999087,36.07023953342539,36.58034398910989,751300
2020-07-27,35.58955383300781,35.97213114115959,35.25602422603708,35.97213114115959,493200
2020-07-28,35.68765640258789,35.932898674129945,35.35412676360669,35.44241413104584,721500
2020-07-29,36.658817291259766,36.74710466734235,35.707279729148006,35.707279729148006,683100
2020-07-30,35.834800720214844,36.19776198856325,35.11869371238454,35.65822597942379,636600
2020-07-31,35.71708297729492,35.88384966176384,35.06964355368021,35.8151783855002,655700
2020-08-03,34.9224967956543,35.36393361799627,33.05865783991037,33.333327977323165,1471700
2020-08-04,34.70669174194336,35.09907718118449,34.43201781816394,34.82440699950564,904700
2020-08-05,35.78575897216797,36.178148181960275,35.128511349181814,35.34432204667683,897300
2020-08-06,35.815185546875,36.47243688798998,35.56013518928307,35.56013518928307,767900
2020-08-07,37.04139709472656,37.070828716744806,35.687662229109876,35.687662229109876,605000
2020-08-10,37.86540985107422,38.06160444067523,37.13949473428118,37.237590158031416,804400
2020-08-11,37.87521743774414,39.4153386208222,37.8457895623032,38.82675865940261,1215600
2020-08-12,37.41415786743164,38.689416846489856,37.28663084689587,38.65018092964025,781700
2020-08-13,37.13949966430664,37.60055644975621,36.58034744208531,36.86482944766488,541100
2020-08-14,36.894256591796875,37.335693532636036,36.60977459191153,36.77654132160676,577900
2020-08-17,36.09966278076172,37.01196435953569,36.050615073299724,36.894249113206854,567200
2020-08-18,35.73902893066406,36.839601153321645,35.601458339961226,36.22052974664144,1233300
2020-08-19,35.58180618286133,36.29914125279147,35.39510376691269,35.93556128551567,852100
2020-08-20,34.992218017578125,35.62111433293469,34.98238940410946,35.12978861799766,657300
2020-08-21,34.70724868774414,35.34597362548524,34.55002460671033,35.02169684981176,860500
2020-08-24,35.97486877441406,35.97486877441406,34.83499328702629,34.83499328702629,1080900
2020-08-25,35.84712600708008,36.49567584237937,35.56215617452728,36.42689053776565,776200
2020-08-26,35.277183532714844,35.82746586733099,35.01186722916037,35.689895283676954,974400
2020-08-27,36.14192199707031,36.40723835942867,35.30666969775252,35.46389379227768,612600
2020-08-28,36.27948760986328,36.3581015205475,35.45406403878449,36.3581015205475,594800
2020-08-31,35.23788070678711,36.14191821866599,35.218227228461345,36.07313291878467,1274000
2020-09-01,35.54249572753906,36.0043430381403,34.69741875815498,34.962735059020545,989200
2020-09-02,35.965030670166016,36.14190817743869,35.2378709167265,35.38526634044262,1304400
2020-09-03,35.98468780517578,37.24248395695529,35.709546654091376,36.387574668628105,1050700
2020-09-04,36.2303581237793,36.91821489250524,35.93556343675898,36.60376672654786,846900
2020-09-08,35.01186752319336,35.89625146061814,34.63845897262701,35.80781269202393,1103100
2020-09-09,35.18873977661133,35.719368559982634,34.992208792743526,35.40492048520085,1042500
2020-09-10,34.550025939941406,35.80781863674813,34.520547595021846,35.50319907653158,959100
2020-09-11,34.658119201660156,34.982392250675936,34.06852604664906,34.363324498413625,1009200
2020-09-14,35.47371292114258,35.83729662660158,34.717074665715444,34.94308403076111,1022600
2020-09-15,34.776023864746094,35.93555253049689,34.73671691880143,35.54249056808362,1241000
2020-09-16,36.426883697509766,36.849424059945186,34.82516101545265,35.03152063906146,2435600
2020-09-17,36.348270416259766,36.60375808509013,35.76850604430021,35.974861901645916,923800
2020-09-18,36.05347442626953,36.63323883643601,35.984689135954625,36.191048755416524,2222800
2020-09-21,34.21591567993164,35.28700567530587,33.537887677701285,35.110128153242826,1478500
2020-09-22,34.11765670776367,34.69742116501602,33.78355509259253,34.0193893218207,967200
2020-09-23,32.95812225341797,34.540191290258065,32.928640168331896,34.16678278347495,801400
2020-09-24,32.95812225341797,33.58701842367362,32.26044079882291,32.94829364221699,861800
2020-09-25,33.095699310302734,33.20379156360315,32.32923242110721,32.48645649449392,752000
2020-09-28,34.12748336791992,34.579502121490805,33.528065401937035,33.86216703468892,702500
2020-09-29,33.60667419433594,34.097999829491386,33.2430942739057,33.86216187526924,703800
2020-09-30,34.147132873535156,34.45175612777247,33.734421124423875,33.8916451833973,1007200
2020-10-01,34.25522232055664,34.51070998983817,33.7737215707161,34.304354132128054,808100
2020-10-02,34.88412094116211,35.17891557969384,33.410143999986246,33.675460299219964,561100
2020-10-05,35.52284240722656,35.817637017754066,34.923424574994435,35.46388198571432,447200
2020-10-06,34.88412094116211,35.95521100169059,34.8644674654577,35.915904050281775,706100
2020-10-07,35.47371292114258,35.63093699024033,35.110132964201064,35.15926478294708,588100
2020-10-08,36.348270416259766,36.417055702041665,35.689892147111216,35.84711619297227,465800
2020-10-09,36.33844757080078,36.79046630581008,36.033824293633195,36.662724325384104,527300
2020-10-12,36.71185302734375,36.83959874543996,36.1320886126206,36.220527379223014,599100
2020-10-13,35.25753402709961,36.61359028884051,35.1494417710512,36.269663790975294,621200
2020-10-14,34.736717224121094,35.650583108525225,34.707238888661834,35.14943266313428,763200
2020-10-15,35.021690368652344,35.06099731876605,34.11765300713971,34.19626315885003,399800
2020-10-16,35.119956970214844,35.58180050406625,34.677763162470306,35.00203612247164,357100
2020-10-19,34.33384323120117,35.35580172569081,34.28471140422954,35.06100701534291,409800
2020-10-20,34.62863540649414,35.316488356318175,34.5598463629943,34.70724556568084,688200
2020-10-21,34.982383728027344,35.24770002086645,34.510711568041295,34.62863241942564,775300
2020-10-22,35.306663513183594,35.513019398253945,34.717074199120454,34.84481617643976,739000
2020-10-23,35.601463317871094,35.925740111455575,35.345975577773785,35.63094166328133,545500
2020-10-26,34.52054214477539,35.1199600536206,34.284704177100245,35.10030657727123,706800
2020-10-27,33.55754089355469,34.56967045760093,33.55754089355469,34.353485988186414,758500
2020-10-28,32.6829833984375,33.31188343325906,32.54541280437319,32.61419810140534,972300
2020-10-29,33.6263313293457,33.95060433461222,32.18183260524863,32.47662726872298,863400
2020-10-30,34.078346252441406,34.2748772556198,33.47892837958001,33.57719200691065,907900
2020-11-02,36.682376861572266,36.91821108747478,34.77603083485353,35.5130193507044,1242200
2020-11-03,37.2326545715332,37.596234477698765,36.908381614282014,37.370225144216555,813300
2020-11-04,35.77833557128906,37.144220350611945,35.621111504932124,36.171397611440106,1022500
2020-11-05,37.2326545715332,37.537277802844166,35.96503358292181,35.96503358292181,895000
2020-11-06,37.03612518310547,37.920512829482725,36.98699336908832,37.370226766346086,764000
2020-11-09,41.81181716918945,42.70602981140368,40.32801517441201,40.66211680713588,1272300
2020-11-10,41.6251106262207,42.676547241549656,41.47771142841981,42.224528532785634,1086300
2020-11-11,40.632633209228516,41.851122574143545,40.33783854387542,41.84129770965604,915600
2020-11-12,40.33783721923828,40.87829471272403,39.87599363314115,40.32801235507341,829400
2020-11-13,41.56614685058594,41.73319951121074,40.55401726930055,40.91759717981288,611500
2020-11-16,42.873077392578125,43.05977979065189,41.949382768855685,43.05977979065189,590700
2020-11-17,42.91238021850586,43.04995454844857,41.84129390640238,42.26383051427334,654600
2020-11-18,42.322784423828125,43.35456737414558,42.322784423828125,43.02046583562676,574400
2020-11-19,42.077125549316406,42.19504264783777,41.14360612710629,41.91990150178227,846600
2020-11-20,41.67424774169922,42.538982065149874,41.54650200392953,41.94938894749442,808300
2020-11-23,42.77480697631836,42.843592262752395,42.116432449444886,42.283481359779834,955400
2020-11-24,44.17515182495117,44.283400738499566,43.50598013569781,43.742159924707984,1244100
2020-11-25,43.66343307495117,43.88977001120222,42.846652283606105,43.84056698226947,705300
2020-11-27,42.71872329711914,43.66343500868852,42.6301563395376,43.56502894646487,493600
2020-11-30,41.24260711669922,42.89585437975255,41.075316071175564,42.423498555158794,3556000
2020-12-01,41.882259368896484,42.71872213693218,41.823213480795516,42.27588736105129,1107600
2020-12-02,41.89209747314453,42.02002835066715,41.25244683948191,41.63623947204975,869200
2020-12-03,41.94130325317383,42.5022260747123,41.67560237655813,41.83305433078032,793500
2020-12-04,42.65968322753906,42.9155450305492,42.00035426199594,42.108603197580905,1025400
2020-12-07,42.07906723022461,42.62031176484123,41.98066118063077,42.30540790140074,876100
2020-12-08,42.67935562133789,42.80728649415063,41.49846420864022,41.537828131651885,1077000
2020-12-09,42.472694396972656,42.895847122109444,42.29556052347587,42.72855235094037,868700
2020-12-10,42.964744567871094,43.072993494636606,41.892101913300515,42.11843887201438,965900
2020-12-11,42.964744567871094,43.21076349090149,42.29557279691234,42.30541565604603,870100
2020-12-14,42.187320709228516,43.65359503236632,42.177481604782876,43.64375217397011,1251500
2020-12-15,43.62407302856445,43.82088514485666,42.55143047738978,42.561269581624195,1246200
2020-12-16,43.65359115600586,43.89961003875707,43.37805120858859,43.70279418176605,1060800
2020-12-17,43.70278549194336,44.02753215449873,43.29931475461515,43.840555438257944,1253100
2020-12-18,43.102500915527344,43.91928528324609,42.70887301569333,43.68310554018595,3606900
2020-12-21,43.07299041748047,43.31900932293515,42.226684782084256,42.97458060292824,1206700
2020-12-22,42.36445236206055,43.279642938682066,42.34477040026811,42.895854068605374,920100
2020-12-23,43.397727966308594,43.68311076171666,42.79744506576247,42.79744506576247,1043900
2020-12-24,43.29932403564453,43.53550381848618,43.04346604535385,43.40757294636569,300100
2020-12-28,43.71263122558594,44.21451182496177,43.4961371716523,43.59454321853577,523600
2020-12-29,43.358375549316406,44.22435943962088,43.27964769349739,43.919298383199155,586700
2020-12-30,43.71263122558594,44.02753883430316,43.230436340326875,43.348524347377044,742500
2020-12-31,44.30308151245117,44.40148756542898,43.56502485326675,43.584706814652364,590500
2021-01-04,43.69295883178711,44.64750962617958,43.45677903231802,44.32276662510395,982800
2021-01-05,44.00785827636719,44.56878102016586,43.79136046158518,43.840563486594675,928000
2021-01-06,46.123619079589844,46.3597988587307,44.873842704942916,44.913206627124765,1076800
2021-01-07,46.00553512573242,46.41884508325449,45.56270034699408,46.41884508325449,1005400
2021-01-08,45.83823776245117,46.18266267963874,45.20842630052954,46.18266267963874,616400
2021-01-11,45.80872344970703,45.9760182720963,45.02146363421584,45.287164525809914,885200
2021-01-12,46.172821044921875,46.310594769394186,45.62174116283322,46.015369113760805,606500
2021-01-13,46.389312744140625,46.68453460691522,45.64141710818167,46.01536304918632,602400
2021-01-14,46.64518356323242,46.88135959804123,46.340118784824796,46.73375051477332,486700
2021-01-15,46.43852615356445,46.80263682794611,45.58238143375857,46.09410119558235,557900
2021-01-19,46.802635192871094,47.147060138820535,46.418842569448394,46.733750203681204,445500
2021-01-20,46.59597396850586,47.019126738771966,46.23186708035252,46.782950718221215,535600
2021-01-21,45.789039611816406,46.72391224681947,45.76935764799047,46.4483722611578,533700
2021-01-22,45.74967575073242,45.8579209121245,45.060822088148484,45.21827403211477,645300
2021-01-25,45.985843658447266,45.99568651480187,44.93288326549242,45.169063016655564,740300
2021-01-26,45.48396682739258,46.487724199949014,45.38555703364207,46.14329555274692,513500
2021-01-27,44.627830505371094,45.62174904257849,44.49006051105343,44.79512532272169,816100
2021-01-28,45.30684280395508,45.96617167267162,45.100187823069355,45.19859388426715,657300
2021-01-29,44.568790435791016,45.69063616039005,44.39165650517528,45.0214643678308,1602400
2021-02-01,45.149383544921875,45.42492347483199,44.4506871092998,44.90336467780213,667200
2021-02-02,45.43476486206055,45.749672481440136,44.89352407797564,45.49381074455988,673200
2021-02-03,46.15314483642578,46.32043587817406,45.22811141609897,45.24779337759,657300
2021-02-04,47.04865264892578,47.13721959717573,46.261389218281735,46.34011706292624,693200
2021-02-05,47.0388069152832,47.688296578087716,47.01912495532549,47.550526612333734,837000
2021-02-08,47.64894485473633,48.07209771726538,46.4680569866051,47.81623968022387,739500
2021-02-09,47.33403015136719,47.737500957086695,47.32419104808384,47.422597096717816,575000
2021-02-10,47.225791931152344,47.530852979063965,46.89120606115683,47.49148905225257,552100
2021-02-11,47.45212173461914,47.58989170376459,46.82231401626843,47.225784820458735,471400
2021-02-12,47.84575271606445,47.85559557388487,47.28482994671188,47.33403297396292,634500
2021-02-16,47.99335861206055,48.51491738261619,47.81622473640961,48.298423343226005,919700
2021-02-17,47.747352600097656,47.99337152090157,47.07818083519494,47.98352866185696,1052200
2021-02-18,46.60581588745117,47.51116353791733,46.52708804621928,47.51116353791733,905500
2021-02-19,47.294673919677734,47.511167995477,46.77311130745803,46.96008807095112,772800
2021-02-22,48.692054748535156,48.70189760563787,47.137217427864165,47.225784372038156,1557700
2021-02-23,49.709903717041016,49.95623623916834,48.58662801753818,49.11870340869385,1446500
2021-02-24,49.64093780517578,50.06463010277176,49.48328511947052,49.69020356469558,860100
2021-02-25,48.015140533447266,50.10403951972732,47.90675360928534,50.10403951972732,1068700
2021-02-26,47.10863494873047,47.936312409690494,46.911568170647385,47.81807008759895,1926000
2021-03-01,48.79355239868164,49.217244689232786,47.88704665189671,47.90675370712426,1017900
2021-03-02,48.655601501464844,49.11870409358101,48.5373591829051,48.75413300819525,812600
2021-03-03,48.862525939941406,49.75917629309121,48.4289819946913,48.566927624601036,777700
2021-03-04,48.241764068603516,48.88223018057342,47.4535006868426,48.714722097660065,772300
2021-03-05,49.31577682495117,49.64093760217787,48.46839223322445,48.911791584562444,990900
2021-03-08,49.46357345581055,50.40948948191906,49.21724092242378,49.63107777432019,1411900
2021-03-09,48.44867706298828,49.631073882268865,47.906746283782645,48.97090454875593,1048700
2021-03-10,49.75917053222656,49.916823199404966,48.20234715494576,48.379706875363475,812000
2021-03-11,49.47341537475586,49.83799015876764,48.862511864532024,49.33546978458294,755200
2021-03-12,50.813472747802734,50.85288685373766,49.53254437480586,50.153303387704845,1134800
2021-03-15,51.266727447509766,51.29628990849579,50.42919830805292,50.75435530900881,1272800
2021-03-16,50.62626266479492,50.843032735454535,49.621225490418524,50.843032735454535,1944000
2021-03-17,51.35539627075195,51.404662016820666,50.695227004213166,50.990825239360916,1351700
2021-03-18,52.08454895019531,52.508241187897276,51.23716447479139,51.59188390716847,1341600
2021-03-19,51.63130187988281,52.192939770301116,51.13863679995544,51.79880620286471,3396300
2021-03-22,50.94157028198242,51.35540714708685,50.37007698209197,51.296289742778384,3138100
2021-03-23,50.27154541015625,51.15834030237033,50.06462697784659,50.61640946400568,1163500
2021-03-24,50.153297424316406,50.971119352176316,50.123734969012276,50.47845436277728,957700
2021-03-25,51.23716354370117,51.40466785109311,49.660636938158575,50.31095463278689,625500
2021-03-26,51.887481689453125,51.94660284720096,51.10907002675179,51.63129752335109,470300
2021-03-29,51.37511444091797,51.76924801224767,50.85289065383198,51.168196007401214,875200
2021-03-30,51.897335052490234,52.04513607237924,51.34555259687489,51.61159217743346,678500
2021-03-31,50.527732849121094,51.82836844835451,50.478467089507326,51.651008706755725,1114100
2021-04-01,51.483497619628906,51.49334926676489,50.05476822580587,50.31095615617372,885900
2021-04-05,51.96630859375,52.12396125171276,51.52290931862479,51.88748038540069,815000
2021-04-06,52.281620025634766,52.57721832405236,51.79880658985488,52.04513913165892,649600
2021-04-07,52.56735610961914,52.64618431698101,51.946600890955565,52.27175784948375,648200
2021-04-08,52.23234939575195,52.31117761164063,51.85792664648937,51.907192402051685,633500
2021-04-09,52.823551177978516,52.86296528699676,52.21264752314097,52.744722959942024,747000
2021-04-12,53.38518524169922,53.404892294792944,52.823547384104074,52.86296149029154,700000
2021-04-13,52.70530319213867,53.13884703766368,52.399849539931,53.07972588470024,639600
2021-04-14,53.22753143310547,53.53298511139736,52.63633112919239,52.63633112919239,560600
2021-04-15,53.23738098144531,53.36547493938739,52.892516970142594,53.24723638676014,436600
2021-04-16,53.5723876953125,53.779309839003645,53.26693782001656,53.63150884475789,541200
2021-04-19,53.46400833129883,53.739903308836034,53.16841005990664,53.70048920365415,369000
2021-04-20,53.13885498046875,53.335921761067354,52.74472141927154,53.14870662806739,449300
2021-04-21,54.005943298339844,54.03550199808685,52.98119910810231,52.98119910810231,355600
2021-04-22,53.48371505737305,53.9960871454016,53.42459765869709,53.769461680093265,377600
2021-04-23,54.40007019042969,54.5872853021894,53.464005907838484,53.60195526972198,519700
2021-04-26,54.419776916503906,55.040535885690055,54.380362813344455,54.50845676924478,762900
2021-04-27,54.74493408203125,54.83361392902573,54.06505400216169,54.21285500006434,596700
2021-04-28,54.577430725097656,55.030681644813434,54.370512317236425,55.030681644813434,355700
2021-04-29,55.326290130615234,55.37555588699543,54.80406258852365,54.882890805720976,613000
2021-04-30,54.932151794433594,55.621883600101924,54.82376488456252,55.31642992307762,673700
2021-05-03,56.20323181152344,56.59736161034503,54.40993126623431,54.774502363796735,890100
2021-05-04,56.63677978515625,56.72545965403839,55.769688151501626,55.966754944432644,934100
2021-05-05,56.4397087097168,56.69589664870914,56.07513761363587,56.56780267921297,918300
2021-05-06,57.32650375366211,57.36591785854523,56.14410691831995,56.755010509064626,1210300
2021-05-07,57.58268737792969,57.63195688793951,56.4594117104461,56.56779861849028,650700
2021-05-10,57.57284164428711,58.518757697347766,57.54328294223405,57.74034596756948,957800
2021-05-11,56.863399505615234,57.602397084991146,56.5875082787771,57.32650585815301,825700
2021-05-12,55.82880783081055,57.277244397748525,55.73027631633622,57.277244397748525,869800
2021-05-13,57.29695129394531,57.661522406975784,55.434674102145024,55.513502320495576,607300
2021-05-14,58.06549835205078,58.34138955472588,57.32650083739757,57.444739387296075,479900
2021-05-17,57.59254455566406,57.94726398972923,57.257532174462064,57.79946297262341,736000
2021-05-18,57.28709030151367,57.95711505721736,57.2575316018825,57.45459836980758,689200
2021-05-19,57.35606384277344,57.35606384277344,56.114549578758904,56.84369174308515,691700
2021-05-20,56.912662506103516,57.33635473181584,56.35102467364501,57.33635473181584,1037600
2021-05-21,56.89296340942383,57.247679099193334,56.56780266204825,57.21812039806324,1421900
2021-05-24,57.72063446044922,57.937404509226845,57.14914124381789,57.22796944972665,543300
2021-05-25,56.57938766479492,58.08856467210615,56.54979713925015,57.68414451760131,926900
2021-05-26,56.74706268310547,57.21066757269873,56.461012204956575,57.01338865609847,1087300
2021-05-27,57.388221740722656,57.486859323680605,56.68788511848648,57.25012761946849,2514400
2021-05-28,57.585506439208984,57.7531910995952,56.82598493342811,57.65455350675425,724400
2021-06-01,57.70387649536133,58.42394151120535,57.55591633256761,58.0392496032816,654600
2021-06-02,57.496726989746094,57.930737635112386,57.21067272306293,57.930737635112386,859800
2021-06-03,57.39809036254883,57.76305773811014,57.01339847843345,57.23040570035823,713300
2021-06-04,57.26986312866211,57.526323134443956,56.885167475814725,57.47700433673011,770300
2021-06-07,56.530059814453125,57.368490514729686,56.441284489253526,57.368490514729686,737200
2021-06-08,56.569522857666016,56.78653008372367,55.849457872672886,56.15524044004658,676000
2021-06-09,55.68177032470703,56.253875123628525,55.67190430796985,56.253875123628525,934100
2021-06-10,55.15897750854492,56.263738029487406,55.08006819292485,56.16509668148396,586500
2021-06-11,55.484493255615234,55.829728597425856,55.346399118890986,55.346399118890986,790700
2021-06-14,55.06033706665039,55.57326076130844,54.67564523635248,55.27734425821639,751100
2021-06-15,55.74094772338867,56.1749621246109,54.961701777415634,55.08992988433798,890700
2021-06-16,55.366127014160156,55.81000370974653,55.17871031892203,55.464764607498026,860100
2021-06-17,53.71885299682617,55.81986688196574,53.50184953535749,55.632453946428456,1223000
2021-06-18,52.288578033447266,53.16646906295037,52.209668720991644,52.72259242169206,2481600
2021-06-21,53.81749725341797,53.87667830846852,52.62396121852734,52.84096845446805,872700
2021-06-22,53.67938995361328,54.01476300376285,53.205922782128454,53.797759568571436,861300
2021-06-23,53.49198532104492,54.10354670853145,53.432800504404355,53.69912653511216,790800
2021-06-24,54.36986541748047,54.567144350265814,53.610343972065635,53.81748892102071,829700
2021-06-25,54.863059997558594,55.05047667398319,54.261360955362456,54.54741521522334,1143700
2021-06-28,53.76817321777344,54.60660784826278,53.649807348131155,54.60660784826278,1008300
2021-06-29,53.669532775878906,54.29096014343766,53.49198209943355,54.054224653916194,594600
2021-06-30,53.90626907348633,53.96545012466664,53.393345307486605,53.393345307486605,811900
2021-07-01,54.448787689208984,54.72497598407236,53.975320428250356,54.34028406971743,682700
2021-07-02,54.24163818359375,54.49809816639946,54.14299683422022,54.49809816639946,578400
2021-07-06,53.176334381103516,53.92598982516427,52.870551841103826,53.886537048053626,1224100
2021-07-07,53.363746643066406,53.62021038642669,52.771913603098014,52.78177585655832,786500
2021-07-08,52.16035461425781,52.88041955794504,51.85457206442508,52.51545595915187,932300
2021-07-09,53.965450286865234,54.06409164376724,52.85083117474522,52.85083117474522,1231600
2021-07-12,54.30082702636719,54.47837771794764,53.353892513126965,53.50185267703843,786000
2021-07-13,53.521568298339844,54.36986506994661,53.5018437916918,54.25149921614507,866100
2021-07-14,53.659671783447266,54.37973676028065,53.41307403400639,53.63994351195803,707800
2021-07-15,53.847076416015625,54.34027183885409,52.95932314979339,52.95932314979339,1038300
2021-07-16,53.28483963012695,54.09367990900892,53.176336023460344,54.0542233678969,958800
2021-07-19,51.05558395385742,52.36748546750077,50.79912401252512,52.15047829675505,1163800
2021-07-20,52.60423278808594,53.24538466764224,50.98654841957779,50.99641443653973,1293900
2021-07-21,53.37361526489258,53.985176604419365,53.14674579640334,53.20592684561964,929800
2021-07-22,52.79164123535156,53.31442720643719,52.70286590414998,53.16647082962299,743500
2021-07-23,52.84096145629883,53.54129810872281,52.633820265488815,52.94946505989914,581300
2021-07-26,53.23552322387695,53.5314397699295,52.821237049176965,52.821237049176965,419900
2021-07-27,53.01850891113281,53.57088914927377,52.63381707642747,52.65354534523063,600100
2021-07-28,52.52531814575195,53.393343236293816,52.032122670204984,53.393343236293816,609600
2021-07-29,53.12701416015625,53.294698806023526,52.55490563542228,53.10728589073963,507900
2021-07-30,52.900150299072266,53.363751509639194,52.64368653232345,52.92974082493442,601700
2021-08-02,52.91987991333008,53.85694837538327,52.693006666686884,52.959332694552984,812400
2021-08-03,52.850826263427734,53.334155697592195,52.06171053267465,53.20592382692742,2132900
2021-08-04,52.288578033447266,52.93959585303193,52.13075564575348,52.485856958760124,1302600
2021-08-05,53.28483963012695,53.482118572904156,52.45627108068898,52.70286881846477,864800
2021-08-06,54.18245315551758,54.448779153578236,53.69911995249281,53.93585542725208,759400
2021-08-09,54.350135803222656,54.77428418124317,53.86680638077864,54.05421929275738,655200
2021-08-10,54.833465576171875,55.14911033606332,54.103534717183926,54.290951380282344,912800
2021-08-11,55.41543960571289,55.42530185882916,54.47836752279938,54.95183469081427,538900
2021-08-12,55.3858528137207,55.56340348403183,55.00115718619138,55.504218673000516,535900
2021-08-13,54.88279342651367,55.72122801567653,54.86306515541517,55.58313011798704,436500
2021-08-16,54.69538116455078,55.01102598042333,54.18245739806214,54.47837394259477,603000
2021-08-17,54.68845748901367,54.925458440928985,54.263826702514685,54.263826702514685,545300
2021-08-18,54.01695251464844,54.78721131602143,53.95770038874956,54.48108098280428,530300
2021-08-19,53.96758270263672,54.30333724685219,53.375072689105565,53.375072689105565,809300
2021-08-20,54.33295822143555,54.56008572807504,53.95770227839252,53.96757951658615,596600
2021-08-23,54.777339935302734,55.11309446074901,54.698337097756486,54.76746269707814,526300
2021-08-24,54.88597106933594,55.122972065622285,54.72796538239449,55.00447156747911,379000
2021-08-25,55.557472229003906,55.84385186447271,54.797090636578325,54.9748394869058,645200
2021-08-26,54.90571975708008,55.606856830432385,54.87609557336908,55.56735540744236,718800
2021-08-27,55.824100494384766,55.883352621834405,54.87608905756609,55.06371514389606,631800
2021-08-30,55.13284683227539,55.952480577683446,55.09334541231138,55.94260710622382,645600
2021-08-31,55.17234802246094,55.53773052995979,55.024223338693254,55.024223338693254,1648800
2021-09-01,54.9649658203125,55.27109616407647,54.60946058679631,55.27109616407647,977600
2021-09-02,54.777339935302734,55.23159495000575,54.658835678983365,54.95509255271915,613600
2021-09-03,54.076202392578125,54.66871236702407,53.77007581782385,54.66871236702407,796700
2021-09-07,54.23420333862305,54.61933651037103,53.809576283324034,54.07620143498126,1199100
2021-09-08,54.54033660888672,54.83658972326849,54.02682945266237,54.31320909562527,666900
2021-09-09,53.898460388183594,54.82672123550724,53.868832437108374,54.1552121061027,968100
2021-09-10,52.82207107543945,54.25396188598045,52.76281894036469,54.25396188598045,1004900
2021-09-13,53.37506866455078,53.68119900347903,52.901062949704254,53.27631888660621,993100
2021-09-14,52.515933990478516,53.552821736004866,52.36780555523364,53.552821736004866,905200
2021-09-15,53.29607391357422,53.37507298891774,52.357935878844096,52.49618708599241,1088600
2021-09-16,52.980072021484375,53.55282758168901,52.86156775352783,53.41457636946937,832200
2021-09-17,52.41718292236328,53.47382135106922,52.33818008762592,52.85168721223126,5592500
2021-09-20,51.60742950439453,51.78518215189703,50.70879279404891,51.41980338405891,1314800
2021-09-21,51.05442428588867,52.24931414531953,51.05442428588867,51.943183750587444,941300
2021-09-22,51.71604919433594,52.16043074996542,51.66667430305771,51.73579990425977,692300
2021-09-23,52.278934478759766,52.87144451196584,51.95305716249995,52.051806951169475,694800
2021-09-24,52.29868698120117,52.76281929138359,52.28881350882123,52.3283149324672,783500
2021-09-27,53.24668884277344,53.63182200254124,52.82206180068313,52.82206180068313,625600
2021-09-28,52.713436126708984,53.83920015458973,52.63443329180945,53.43432004338591,742300
2021-09-29,53.66144561767578,53.908323817284696,52.72330770574944,52.77268259225875,813100
2021-09-30,53.25657653808594,54.303341677112485,53.23682582598394,53.89846149667957,1075900
2021-10-01,54.579837799072266,54.945216513037224,53.39482157946776,53.59232491057897,838200
2021-10-04,54.34283447265625,55.38959951803752,54.19470979573752,54.66871554259051,802800
2021-10-05,55.57721710205078,55.78459764526999,54.30332850061352,54.60945504625602,1081300
2021-10-06,55.873477935791016,55.903102115340346,54.3033323796139,54.876087864255155,760300
2021-10-07,56.219112396240234,56.7128688699349,56.14010955225888,56.38698778910621,602000
2021-10-08,56.70298385620117,56.732611802163284,55.991977193171756,56.16972980069472,405200
2021-10-11,56.08085250854492,57.423870511909726,56.031477622228174,56.93011411461751,611000
2021-10-12,56.17961120605469,56.584491365472395,55.94261020725859,56.031486523572866,452800
2021-10-13,55.45872497558594,56.07098192611972,54.7773424225917,56.07098192611972,633600
2021-10-14,56.37710952758789,56.40673370803269,55.65622558928437,56.01173082287244,380800
2021-10-15,56.90049743652344,57.216501292000046,56.633868477140716,57.009124468167855,488400
2021-10-18,56.35735321044922,56.7721105307192,56.16972714119747,56.51535510220392,349900
2021-10-19,56.75237274169922,56.85112253387561,56.495617254739635,56.83137182202771,414700
2021-10-20,57.354759216308594,57.38438340207154,56.505497398513356,56.58449648290231,405800
2021-10-21,56.78199768066406,57.37450397572399,56.377117500058375,57.00912521933914,432500
2021-10-22,56.841243743896484,57.2263731712433,56.51536267948748,57.038743309772876,395600
2021-10-25,56.939998626708984,57.04862565790791,56.39686723777742,56.94987209906203,500100
2021-10-26,56.59436798095703,57.05849650142828,56.57461727009782,57.018998846772774,319300
2021-10-27,54.89584732055664,56.50549455066971,54.866223136286735,56.28824048718879,548000
2021-10-28,55.705604553222656,55.71547802507217,55.02422198371923,55.06371963818019,435700
2021-10-29,55.369850158691406,56.01173507552257,55.16247334570764,55.735228891147976,573000
2021-11-01,56.38698959350586,56.8412484268092,55.27110263953252,55.71548046642759,878000
2021-11-02,56.673362731933594,56.99924378564446,56.041355100926296,56.45610869612635,915600
2021-11-03,56.673362731933594,57.30537036294089,56.45610869612635,56.45610869612635,777600
2021-11-04,55.95248794555664,56.515370069444955,55.527857042684644,56.515370069444955,743200
2021-11-05,56.505489349365234,57.117746292651645,56.16973481264763,56.77211828444063,707100
2021-11-08,57.295494079589844,58.45088226699147,56.979490279596455,57.00911445863882,1019600
2021-11-09,56.939998626708984,57.404130935626924,56.643745484297504,56.88074649140145,584300
2021-11-10,56.505489349365234,57.34487380762785,56.090731972449255,57.05849416250286,876000
2021-11-11,56.841243743896484,57.00911912830397,56.26848445507924,56.41661289654929,630600
2021-11-12,56.32773971557617,56.821496191833894,55.82410600023803,56.821496191833894,557000
2021-11-15,55.527854919433594,56.56474280447118,55.40935441553124,56.56474280447118,596100
2021-11-16,55.77473068237305,56.179610839146484,55.47847755228128,55.73522926047736,941000
2021-11-17,56.456111907958984,56.68324319489513,55.72535445568192,55.91298055460433,762600
2021-11-18,55.98210525512695,56.90049255858195,55.56735164301839,56.406736105845404,730400
2021-11-19,54.93534469604492,55.55747512224608,54.135457876134076,55.46859880892266,957300
2021-11-22,55.99197769165039,56.544982460367336,54.91558856631746,54.91558856631746,920500
2021-11-23,56.74629211425781,57.092304572864904,56.28164358019718,56.41016410964537,722400
2021-11-24,56.20254898071289,56.736399969616095,56.05425955351935,56.60787944904621,889500
2021-11-26,54.44282150268555,54.99644516305043,53.63216057541179,54.23521404426846,888700
2021-11-29,54.48237228393555,55.04588045361809,53.99795106146569,54.947020826788986,1077300
2021-11-30,52.851158142089844,54.39339309707748,52.64355067831826,53.81011229082441,2767500
2021-12-01,52.82150650024414,54.591121781077504,52.78196113981975,53.81011788333498,1305700
2021-12-02,54.44282150268555,54.96678426095324,52.979677298063336,53.30591705111124,959500
2021-12-03,54.24510192871094,54.937130605127784,53.9485192877474,54.472482079158084,988200
2021-12-06,55.57973861694336,56.163019541041166,55.24361056286575,55.30292483806835,833100
2021-12-07,56.20254898071289,56.469474475164496,55.73790425000323,55.856536546008606,880800
2021-12-08,56.14323425292969,56.59799452655772,55.985056602482864,56.251982094721754,666400
2021-12-09,55.99494934082031,56.499143268957155,55.57973436118124,55.75768471567034,791400
2021-12-10,56.44970703125,56.528797750088586,56.05426475081617,56.41016544308375,620300
2021-12-13,56.123470306396484,56.48925547285042,55.36223906667925,56.20255725829719,656000
2021-12-14,56.06415939331055,56.9044814630395,55.97518420407463,56.19267994915215,917300
2021-12-15,56.42993927001953,56.736406383616966,56.13335283959823,56.32119141503213,816000
2021-12-16,57.25048828125,57.63604613905684,56.81550060574417,56.94401737751088,660400
2021-12-17,56.13335037231445,57.08242011969161,56.054263426597245,57.08242011969161,2051400
2021-12-20,54.947021484375,55.5105296608014,54.49225739026082,55.41166626153611,952700
2021-12-21,56.11357879638672,56.598000019221345,55.52041349245941,55.61927311936295,583800
2021-12-22,56.11357879638672,56.21244219454329,55.59950421098467,55.89608686294832,496100
2021-12-23,56.37062072753906,56.85503818657288,56.10369520528952,56.37062072753906,460800
2021-12-27,57.06264877319336,57.10219036134901,56.1630125885373,56.33107470914468,339700
2021-12-28,57.52729034423828,57.804104073435504,56.93412507114234,56.93412507114234,360200
2021-12-29,57.50752258300781,57.82388169646354,57.40866295278945,57.64593134506795,333500
2021-12-30,57.12196350097656,57.72501703742905,57.052761007080676,57.59649650394252,407100
2021-12-31,57.10218811035156,57.507518600179736,56.775948336222974,56.993444033143966,604200
2022-01-03,57.43832015991211,57.8930842647473,57.319687849250094,57.43832015991211,410100
2022-01-04,58.713619232177734,59.06951987162474,58.01170617729752,58.01170617729752,606500
2022-01-05,58.110572814941406,59.217820220688424,57.97216783203626,59.029981654243215,669500
2022-01-06,58.683963775634766,59.10906691028748,58.42692274148296,58.96077371587278,568700
2022-01-07,60.087799072265625,60.196546928556835,58.43681986130819,58.75317520438091,865700
2022-01-10,60.038368225097656,60.46347141715504,59.3957730954492,60.20643411954628,561700
2022-01-11,60.433807373046875,60.483237181790855,59.36610540216403,60.245968820066004,629100
2022-01-12,60.48324203491211,60.69084951104668,60.13722957468783,60.35472150486325,466000
2022-01-13,60.78971481323242,61.224702458471334,60.61176446489535,60.671078733505645,786200
2022-01-14,60.928123474121094,60.9775532913601,59.88019400088884,60.26575185510776,470600
2022-01-18,60.216312408447266,60.95777086222289,59.979044043887875,60.799593209600864,421400
2022-01-19,58.91135025024414,60.4041517231312,58.84214775773465,60.4041517231312,364300
2022-01-20,58.417049407958984,59.89008209444011,58.28852886641956,58.990442074917475,449800
2022-01-21,57.48774719238281,58.64442057478927,57.29002418298564,58.43681311198597,482800
2022-01-24,58.28852462768555,58.426929614084756,56.29152923659671,56.87481008731698,875000
2022-01-25,57.655818939208984,58.19955447752518,56.26187695820586,57.52729839592405,799600
2022-01-26,57.982059478759766,58.73340247511846,57.32957611280903,58.08091910916772,576600
2022-01-27,57.60638427734375,59.32656592818687,57.24059913087186,58.48624778247366,558500
2022-01-28,58.219329833984375,58.22921806075091,57.042883522753186,57.398784261277854,836900
2022-01-31,58.980552673339844,59.069527845212036,57.32957353790941,57.636040641161316,1536000
2022-02-01,59.890079498291016,60.05814162349682,58.723517762587036,58.96078238302502,641300
2022-02-02,60.690853118896484,60.76005561505517,59.81098957809038,59.83076225860046,645600
2022-02-03,60.40415573120117,61.24447769368712,60.26575073699844,61.04675465714611,479000
2022-02-04,60.57221221923828,61.15549301220273,60.117451945741294,60.31517118030335,590800
2022-02-07,60.137229919433594,62.47034952550493,59.810986365420774,61.056635000622016,881500
2022-02-08,61.04674530029297,61.3334434707715,60.51289431483349,60.60186947907673,753700
2022-02-09,60.878692626953125,61.40265546907833,60.81937458451785,61.3235647458313,485300
2022-02-10,61.39276885986328,61.73878512630173,60.31518224038968,60.31518224038968,1162400
2022-02-11,60.93800735473633,62.01559395390523,60.680970044764024,61.20493289081522,1013200
2022-02-14,60.433807373046875,61.3532161464451,59.78132409236936,61.18515027121235,1007700
2022-02-15,60.75017166137695,61.313679861174855,60.463473448496416,60.878692200125684,631000
2022-02-16,61.35322189331055,61.43230884045834,59.998821625094195,60.50301552676686,681400
2022-02-17,60.30529022216797,61.03686425470619,60.15699701639919,60.740277843168634,575500
2022-02-18,60.89845657348633,61.20492744421232,59.98893595778793,60.077911128563024,763500
2022-02-22,60.37693405151367,61.11915174999627,59.96129395241835,61.01029632531495,663300
2022-02-23,59.525856018066406,60.990498369240086,59.32793055977501,60.703506643473276,675800
2022-02-24,58.387794494628906,58.50654827385709,56.96273781854701,57.92267017790622,1050800
2022-02-25,61.18842315673828,61.28738399724204,59.021145263633784,59.031043612752605,1064300
2022-02-28,60.70350646972656,60.851951506798756,59.39720373390209,59.39720373390209,963600
2022-03-01,59.090415954589844,60.59464406843316,58.86280301155693,60.38682404763535,968700
2022-03-02,60.851951599121094,61.2379041659574,59.753468893439816,59.802949314167584,695300
2022-03-03,60.901432037353516,61.26759168098115,60.37692900716895,60.871740764817034,419800
2022-03-04,60.2482795715332,60.367033334175055,59.31803106801555,59.49616359953535,658900
2022-03-07,59.06073760986328,60.060255799364725,59.05083925965509,59.66440861867033,1012700
2022-03-08,59.436790466308594,60.5649606845062,59.1399003877394,59.812844688965015,1118800
2022-03-09,60.39672088623047,61.69312902789466,60.357138815389725,60.8222592924594,900200
2022-03-10,60.268070220947266,60.56495650390922,59.7336726465474,59.7336726465474,961600
2022-03-11,60.2482795715332,61.22800471977808,60.1295220337773,60.59464628553613,648400
2022-03-14,61.03008270263672,61.65354659807078,60.56496219979542,61.25769944193168,715900
2022-03-15,62.01969528198242,62.03948820255439,61.03997025190855,61.48530152699376,922300
2022-03-16,62.65306854248047,62.68275604105429,61.65354663920034,62.14835841604002,1526200
2022-03-17,63.13797378540039,63.13797378540039,61.8316711658835,62.237416619292325,980900
2022-03-18,62.603580474853516,63.05881015049275,61.74260909340558,63.05881015049275,2788300
2022-03-21,63.32600402832031,63.37548444407993,62.56399354525825,62.99942648910211,1001600
2022-03-22,63.86040115356445,64.22656455464342,63.365589419784804,63.533823597215196,800800
2022-03-23,63.236942291259766,63.939574060579226,63.22704394233188,63.72185568553387,466000
2022-03-24,63.93955993652344,64.09789573325361,63.27651038403913,63.43484995588247,740900
2022-03-25,64.82034301757812,64.85003051626717,63.83071946005785,63.9791645037316,1052700
2022-03-28,64.66200256347656,64.79065846394853,63.949479911866234,64.55315091341176,745900
2022-03-29,64.9391098022461,65.31516408952737,64.44429795308301,65.31516408952737,625800
2022-03-30,64.85004425048828,65.22610611413626,64.47398993707046,65.12713769724142,446300
2022-03-31,64.14739227294922,65.26566406288484,64.10780642858498,64.68178984652481,807100
2022-04-01,64.58284759521484,65.08755026808062,64.25626994790406,65.0083861067995,638700
2022-04-04,63.19735336303711,64.49375765091533,63.108287102600805,64.32552347848777,682100
2022-04-05,62.643165588378906,63.84061286940102,62.45513848604165,63.19735609674546,1131900
2022-04-06,62.702545166015625,63.276524829313,62.30669425848265,62.51451428613615,887100
2022-04-07,62.90047073364258,63.44476290115015,62.11866726616248,63.44476290115015,1087800
2022-04-08,63.76144790649414,63.959369603473824,62.93016394379055,63.09839814124616,682900
2022-04-11,63.98905563354492,64.47396900795353,63.77133726741885,63.77133726741885,523500
2022-04-12,63.84059143066406,64.5729104465697,63.622873129934575,63.979138067450926,555800
2022-04-13,64.08802795410156,64.2562621579948,63.345810236682965,63.632801993445646,629100
2022-04-14,64.47396850585938,64.74116351206112,64.1572893076588,64.1572893076588,540200
2022-04-18,64.82034301757812,64.99847555994091,64.10781284812695,64.10781284812695,690000
2022-04-19,64.99848175048828,65.19640346075126,64.30574821433859,64.89952089535679,865800
2022-04-20,66.6610336303711,66.75009611333395,65.14691101818302,65.31514518615337,1287300
2022-04-21,65.96830749511719,67.49232107235872,65.90892494973693,66.79958762815802,995100
2022-04-22,64.03852844238281,65.71099438184935,64.00884094882046,65.58233850944283,849800
2022-04-25,64.00883483886719,64.15727984273637,62.267095730603536,63.54371068351611,990200
2022-04-26,62.781715393066406,64.22656861615818,62.76192246944989,63.52393681578589,615700
2022-04-27,63.44477081298828,64.06823097482551,62.73224059932914,63.088505706158706,581100
2022-04-28,63.90988540649414,64.05833043681172,63.068703193217765,63.90988540649414,864700
2022-04-29,62.18793869018555,63.7812292977035,61.95042739754084,63.464550090919836,1140700
2022-05-02,60.93111801147461,62.39576032448262,59.82274075908471,62.27700656264793,1123200
2022-05-03,62.13846206665039,62.593687982312545,61.0300810001067,61.42593192031718,1143700
2022-05-04,64.17708587646484,64.21667172459651,62.3165963156475,62.405662586386626,645000
2022-05-05,63.0984001159668,64.03854330650046,62.46504160553576,63.58331734901747,604900
2022-05-06,63.77134323120117,64.09791326070281,62.5738958806385,63.05881307550956,917200
2022-05-09,62.42544937133789,63.860400361407855,62.15825058539768,63.385385330999334,825500
2022-05-10,62.07908248901367,63.553623183757814,61.63375115334503,62.7916126260835,1022700
2022-05-11,61.73271560668945,63.217150871589844,61.66344226300323,62.25721485891775,883200
2022-05-12,61.29728317260742,61.99002043347715,60.32745251743555,61.69313411456565,1040500
2022-05-13,62.494720458984375,62.752020887035265,61.74260454601025,61.77229204056242,691300
2022-05-16,62.44524002075195,63.227043475263145,62.247318345024446,62.49472421479781,1089900
2022-05-17,64.12759399414062,64.21665646860687,63.098381062799255,63.13796690152649,1304100
2022-05-18,62.801509857177734,63.97916430300526,62.62337731537381,63.81093011080948,949900
2022-05-19,62.28689956665039,62.67285588933522,60.98059689405015,62.05928662257304,1253300
2022-05-20,62.13846206665039,62.99943347672692,61.3071781542997,62.58379340810865,3710800
2022-05-23,63.43486404418945,63.7812307547988,62.732232274031055,63.22704401782384,1277700
2022-05-24,63.32887649536133,63.55671716664609,61.99157184608199,63.32887649536133,909500
2022-05-25,63.59632873535156,63.69539448826505,62.89300950289766,62.89300950289766,1487200
2022-05-26,64.17088317871094,64.45815726365538,64.07182497368169,64.26004085359688,695700
2022-05-27,65.31005096435547,65.32985957609121,64.12133776120058,64.27982932804926,910300
2022-05-31,64.87419128417969,65.71619716904931,64.31945941794179,64.89400745520524,1985800
2022-06-01,64.14116668701172,65.17138864959836,63.05151131274053,64.86430594568594,741300
2022-06-02,64.75531768798828,64.76521821480644,63.31894774567842,64.31945266305921,577700
2022-06-03,64.1312484741211,64.5770216643464,63.92322400841145,64.23030666384157,503000
2022-06-06,63.883602142333984,64.90391590265831,63.69539384055509,64.59683323318558,777800
2022-06-07,64.2402114868164,64.27983627222281,63.19018112533929,63.596321949858634,1200900
2022-06-08,62.813758850097656,63.685485313012556,62.80385454227233,63.61614382175172,687100
2022-06-09,60.991058349609375,62.863286116803344,60.96134164817067,62.77413223365945,675300
2022-06-10,59.77262878417969,60.436327023112,59.68347489459481,59.68347489459481,1219700
2022-06-13,57.76171875,59.3070478206224,57.45463228602417,58.702782979898274,1086200
2022-06-14,57.989559173583984,58.77213184392379,57.79143898404086,57.95983868891412,1109100
2022-06-15,58.3560791015625,59.178276566049455,57.979651119096886,58.593824084916655,1373400
2022-06-16,56.3649787902832,57.672566713072776,56.14704621020888,57.31595113797958,1318200
2022-06-17,56.998958587646484,57.365478460090245,56.19657356857199,56.74140122303231,2174000
2022-06-21,57.940025329589844,58.39569908307079,57.34566480959783,58.157954119308386,1305500
2022-06-22,57.86077117919922,58.38578638505887,57.028669539987625,57.028669539987625,1115000
2022-06-23,57.47444534301758,58.32635947063973,56.94943007875989,57.791436119040505,703900
2022-06-24,59.20798873901367,59.33676741925587,57.85087177882871,57.85087177882871,1645600
2022-06-27,59.22779846191406,59.67356788969415,58.900899621932716,59.39619814639329,753000
2022-06-28,58.970245361328125,60.228304157549175,58.92071626107951,59.80234709352047,624300
2022-06-29,58.48484420776367,59.217883826759625,58.42540703102315,59.188167127803084,496000
2022-06-30,58.70277404785156,59.089110035551464,57.65274369118865,57.82114336015251,914500
2022-07-01,59.58441925048828,59.62404026402455,58.28673564176377,58.63344312788229,864200
2022-07-05,57.930118560791016,58.77212837189965,57.20698312368262,58.722595493318835,772000
2022-07-06,57.979644775390625,58.46503899800078,56.98904771431741,57.86077418613365,574700
2022-07-07,58.078704833984375,58.99996037271561,58.048984353529065,58.544282867736065,970100
2022-07-08,57.385292053222656,58.72259666742481,57.325854865034145,58.3957015794584,993000
2022-07-11,57.40510177612305,57.84096313272439,56.99895712281808,56.99895712281808,583300
2022-07-12,57.18716812133789,57.81124533049445,56.59281139374073,56.969235557765906,748800
2022-07-13,56.74140167236328,57.197079218251886,56.43431898443596,56.6720601764553,768300
2022-07-14,55.087100982666016,55.90929454570624,54.90879321644953,55.473433216525805,1046200
2022-07-15,55.91920471191406,56.28572456551232,55.48333958769442,55.93901710654477,796000
2022-07-18,55.711181640625,56.711683032309814,55.592307269844795,56.39469226788524,795700
2022-07-19,57.18716812133789,57.236697218833,56.37487883016875,56.37487883016875,676900
2022-07-20,57.15745544433594,57.40510472808191,56.71168597782755,57.02867675871614,616100
2022-07-21,56.86027145385742,56.88998815575221,56.11732367586536,56.84045905965163,494200
2022-07-22,56.51356506347656,57.296137696901916,56.13713709898379,56.96923883275153,472700
2022-07-25,57.27632141113281,57.543783069411056,56.65224420848359,56.91970586676183,437200
2022-07-26,57.32584762573242,57.6626507586117,56.97914018548656,57.30603523217156,429700
2022-07-27,57.464534759521484,57.7419045106142,56.72158695195978,57.57350104257634,733400
2022-07-28,57.19708251953125,57.74191020975218,55.98855275739048,57.53388571002155,575600
2022-07-29,57.7022819519043,58.07870991369675,57.434820277380304,57.434820277380304,693100
2022-08-01,55.12672805786133,56.44422018643091,54.1163186003183,55.948921655017344,1951800
2022-08-02,54.819644927978516,55.46353456934238,54.373875466944156,54.92861121610115,1176300
2022-08-03,54.819644927978516,55.32484779793203,54.38378355431611,55.08710660459913,1019900
2022-08-04,53.86866760253906,54.83945223943607,53.83894712200689,54.57199058761326,848300
2022-08-05,54.601707458496094,54.68095703505705,53.59129803031072,53.76960579874507,666500
2022-08-08,54.84935760498047,55.60221347918655,54.83945329716391,54.94841957728541,748300
2022-08-09,55.532875061035156,55.701274755030575,55.06729321250749,55.08710560806484,601100
2022-08-10,56.45412826538086,56.51356167069239,55.978638349921155,56.07770032348689,713800
2022-08-11,56.96923828125,57.276324746525,56.84046337737205,56.86027577308284,499300
2022-08-12,58.1579475402832,58.1678556261843,57.18716295749216,57.18716295749216,651900
2022-08-15,57.930118560791016,58.098522034543976,57.30604132318807,57.50416150102704,560400
2022-08-16,58.30991744995117,58.4487499832737,57.80416982386156,57.80416982386156,574400
2022-08-17,57.98268127441406,58.4884289999242,57.784347423720526,57.784347423720526,1022300
2022-08-18,58.45867156982422,58.4685865585807,58.04217016689511,58.04217016689511,598500
2022-08-19,57.75459671020508,58.45867826251544,57.635594134085224,58.35950944908223,1339200
2022-08-22,56.48525619506836,57.27858770116985,56.3960061642005,57.12984017165877,726700
2022-08-23,56.52492904663086,56.9116779558959,56.257178928777364,56.81251292687018,696300
2022-08-24,56.713340759277344,56.77284204291418,56.267094372162106,56.49517695174858,755000
2022-08-25,57.46700668334961,57.47692167218147,56.65384141462808,57.07033903782071,477900
2022-08-26,56.326595306396484,57.89342849154757,56.3067615439752,57.57609585861377,652900
2022-08-29,56.00925827026367,56.5745072146711,55.73159318400124,55.96959074853959,763600
2022-08-30,55.27543258666992,56.31668052883883,55.1465150218975,55.949761597017584,925200
2022-08-31,54.84901428222656,55.6423458405312,54.83909550986467,55.444012005229226,1170200
2022-09-01,55.047340393066406,55.06717415346677,54.25400889156675,54.70025904331749,854200
2022-09-02,54.968017578125,56.396014500182105,54.72010120939195,55.71176668432416,823500
2022-09-06,54.86885452270508,55.65226740114955,54.72010318293892,55.43410356117055,1177000
2022-09-07,55.76134490966797,55.959678745969825,54.720096997712304,54.720096997712304,1016900
2022-09-08,56.19768142700195,56.277016481889106,55.215934711647016,55.53326736538837,891300
2022-09-09,56.38609313964844,56.822424537478454,56.25717558325881,56.33651062808416,768900
2022-09-12,56.97117614746094,57.308342523892804,56.55467472579655,56.77284231728281,764500
2022-09-13,55.3845100402832,56.574509254592286,55.275430025963466,56.207594122672255,946500
2022-09-14,54.908512115478516,55.76134496438102,54.581264500727144,55.62251241370448,1242200
2022-09-15,54.95809555053711,55.6125983568226,54.8390967598049,55.08701311385728,961300
2022-09-16,53.5102653503418,54.56143206121839,53.292101529520906,54.56143206121839,2780800
2022-09-19,54.65068054199219,54.67051430384721,53.00451613705777,53.00451613705777,1150500
2022-09-20,53.351600646972656,54.31351734749149,52.806185404074654,54.14493225327008,1086900
2022-09-21,52.43927001953125,54.045766988225154,52.40951748367713,53.64909929533367,916800
2022-09-22,51.38809585571289,52.40950991039228,51.3385133469921,52.40950991039228,877700
2022-09-23,50.57493591308594,50.97160359027147,49.92043689376214,50.783184741301845,892100
2022-09-26,49.25602340698242,50.62452285168832,48.94860952405323,50.24768890371639,998100
2022-09-27,49.70226287841797,50.01959546604994,49.04776394356416,49.692347890074466,791400
2022-09-28,50.49559783935547,50.73359918798907,49.741933837338074,50.01959892499136,1133500
2022-09-29,50.34685134887695,50.48568389557798,49.63285107109664,50.12868375668782,1060000
2022-09-30,49.42460250854492,50.70385175193176,49.34526746264347,50.37660036194309,1318100
2022-10-03,51.090599060058594,51.46743295060534,49.35518470523148,50.05926619272174,990300
2022-10-04,52.746681213378906,52.83593125060913,51.56660075036008,51.56660075036008,910900
2022-10-05,52.35993194580078,52.64751581740383,52.11201559777815,52.26076691975303,774900
2022-10-06,51.715354919433594,52.191353883222675,51.68560238345063,51.923603756796915,806100
2022-10-07,50.92201232910156,51.50709501531417,50.61459850301045,51.47734626644161,760900
2022-10-10,51.001346588134766,51.546761745554306,50.84268029174175,51.18976163294431,461100
2022-10-11,51.48727035522461,52.18143695386452,50.89227257519247,50.89227257519247,627300
2022-10-12,51.05093002319336,51.636012711057916,51.05093002319336,51.35834763305541,554500
2022-10-13,53.212764739990234,53.42101356424355,50.25760232818959,50.614602474282854,878300
2022-10-14,52.558265686035156,54.13501380793234,52.449181887837355,53.738346138650016,842900
2022-10-17,53.15326690673828,53.81768472909685,52.92518430589982,53.341685764359596,889300
2022-10-18,54.154850006103516,54.66059771343388,53.74826732910352,54.32343131424583,864600
2022-10-19,54.08543014526367,54.68042785363559,53.56976369931986,54.01601387205039,617000
2022-10-20,53.19293212890625,54.432513894710006,53.11360086300454,53.589599807124785,624600
2022-10-21,55.037418365478516,55.08700086868674,53.192920496073754,53.440836795017354,874300
2022-10-24,55.3845100402832,56.01917906204374,55.12667870558612,55.37459505094621,603100
2022-10-25,55.295257568359375,55.49359139248961,54.61100984715825,54.89859370300194,715900
2022-10-26,55.50351333618164,55.83076094923034,55.27543074941358,55.75142968478649,524100
2022-10-27,55.89026641845703,56.683598036797434,55.79109760184976,56.02909897880366,768300
2022-10-28,57.50667953491211,57.576095811878574,56.24726399395815,56.316680270924614,785300
2022-10-31,56.544761657714844,57.35792698445979,55.89026264392249,56.77284424615274,1029500
2022-11-01,56.01918411254883,57.139763370913855,55.83076525202987,56.80259695951019,1014900
2022-11-02,55.047340393066406,56.53483837696688,54.958090362716256,55.76134063586759,812800
2022-11-03,54.75975799560547,55.15642183803383,54.0655915427273,54.4820891447125,554500
2022-11-04,55.00768280029297,55.860515678267035,54.53168384621746,55.453929218992656,687600
2022-11-07,55.136592864990234,55.47375924092096,54.59117766998843,55.47375924092096,688500
2022-11-08,55.186180114746094,55.404343926780676,54.472179827970145,55.126678829880355,488100
2022-11-09,54.00609588623047,54.97792750826894,53.81768082518022,54.9184300063074,662300
2022-11-10,56.118343353271484,56.16792586511456,55.126677984797276,55.54317562376293,774000
2022-11-11,55.50351333618164,56.65384504239199,55.2555969875768,56.65384504239199,659200
2022-11-14,55.02751541137695,56.31667969121671,54.958095352221704,55.513429345140324,495700
2022-11-15,55.116764068603516,55.49359419226956,54.45234629168126,55.414262928356855,679400
2022-11-16,55.16634750366211,55.404345082282234,54.64076226697799,55.176262493228236,773000
2022-11-17,55.563011169433594,55.622512455298015,54.611013293022616,54.611013293022616,651600
2022-11-18,56.148094177246094,56.534843079968475,55.49359516119976,56.16792793929638,761500
2022-11-21,56.336517333984375,56.51501742318567,55.81093205671231,56.088600963749656,447000
2022-11-22,56.68695068359375,57.11384046896699,56.53803802013266,56.76637380045513,539500
2022-11-23,56.895442962646484,56.90536896018414,56.34941842049472,56.61746579925016,524400
2022-11-25,56.994712829589844,57.23297840665292,56.76637703625178,57.183337062233576,277900
2022-11-28,56.359344482421875,56.95500276002004,56.23028380033785,56.57775428485592,738700
2022-11-29,57.362037658691406,57.42160500218407,56.101223958035916,56.2799222014109,656100
2022-11-30,57.7293586730957,57.86834534148697,56.20049774658638,57.203189987911024,2660900
2022-12-01,57.62015151977539,58.4441455016713,57.23297330527348,58.23566550726297,861700
2022-12-02,57.252830505371094,57.3521094072898,56.488403789662875,57.16348517429857,699600
2022-12-05,55.92253494262695,56.99472072008985,55.69419533057409,56.955009153897755,667600
2022-12-06,56.706809997558594,56.79615911604578,55.67433592372133,55.90267171827683,875000
2022-12-07,55.83317947387695,57.22305004888709,55.763682347378634,56.61746198806785,835700
2022-12-08,55.97216796875,56.36927223716471,55.714046596532505,55.97216796875,522700
2022-12-09,56.07143783569336,56.438760291015534,55.535343147102466,55.78353471177202,933100
2022-12-12,56.27992248535156,56.38912738875423,55.753757536705656,56.01187511893675,750900
2022-12-13,56.33948516845703,57.69957388217904,56.051582044594625,57.49109387680394,963200
2022-12-14,55.843101501464844,57.0344217575833,55.545272384210904,56.25013551203586,1017100
2022-12-15,55.50556564331055,55.833180351699184,54.999256478740776,55.24744806251289,889300
2022-12-16,55.3963623046875,55.57506055301739,54.42345172328206,54.78084821994184,2822700
2022-12-19,54.55250549316406,55.972161515370004,54.423444821935526,55.455922617558514,1172500
2022-12-20,55.376502990722656,56.299775952500745,54.42344825182362,54.84041206703125,1406000
2022-12-21,57.00464630126953,57.01457608629665,55.862967184870094,55.94238652957018,1047300
2022-12-22,56.776302337646484,57.15355458541736,55.922526515790246,56.92521879487528,656700
2022-12-23,57.4315299987793,57.550664683689355,56.677029263197056,56.8160159418225,560100
2022-12-27,58.17610168457031,58.334944135678455,57.17340942203195,57.411674992245544,702700
2022-12-28,57.46131896972656,58.434229564879416,57.4513891851773,58.3250246574566,546600
2022-12-29,58.245601654052734,58.39451812578474,57.49110087213175,57.49110087213175,513400
2022-12-30,57.90806198120117,58.3448778040586,57.67972239212021,58.017263096588266,708200
2023-01-03,58.16617965698242,58.62285126168973,57.67972248702688,57.967625632773974,870100
2023-01-04,58.84125900268555,59.327712368471694,58.40444319443431,58.5831376441394,787600
2023-01-05,58.78168869018555,58.81147425288325,58.136392900643266,58.65263180453871,710600
2023-01-06,60.03257751464844,60.10207085052914,59.25821724938771,59.25821724938771,699100
2023-01-09,58.543434143066406,59.973016354763,58.503722579299044,59.973016354763,799900
2023-01-10,58.6129264831543,58.82140650871081,58.26545598679035,58.58314091728687,703100
2023-01-11,59.397212982177734,59.41706497667538,58.563289090461794,58.72213155616468,602900
2023-01-12,59.44684982299805,59.74467896919772,59.33764491906745,59.695041409348285,627500
2023-01-13,59.784393310546875,59.84395687029334,58.96039538775726,59.04974451448019,515300
2023-01-17,58.92068099975586,59.84395400261585,58.83133187731447,59.84395400261585,654300
2023-01-18,58.04705047607422,59.15894774262061,57.92791578575976,58.950467715225,847100
2023-01-19,57.649940490722656,58.03711875355731,57.45138646726558,57.67972226875517,762800
2023-01-20,58.533504486083984,58.543434270599036,57.11384826868503,57.77900370837628,775900
2023-01-23,59.14902114868164,59.3078636137289,58.4242983781065,58.69234574795558,505400
2023-01-24,59.79431915283203,59.88366827932289,58.92068367015506,59.18873104962765,598700
2023-01-25,60.151710510253906,60.191422071318215,59.42699156279337,59.575904236130164,482700
2023-01-26,60.707664489746094,60.74737226598756,60.12193218527433,60.22120730653268,504700
2023-01-27,60.548824310302734,60.8367236876667,60.102078673561046,60.528968527880515,526100
2023-01-30,59.98294448852539,61.015422460630916,59.943236710446946,60.370126568392436,470200
2023-01-31,61.035274505615234,61.045204289854254,59.60569233054525,60.05243794372433,729400
2023-02-01,60.102073669433594,60.707661728028185,59.62554629228612,60.38997680992987,776700
2023-02-02,59.74467468261719,60.16163469995994,58.90082486441242,59.96308447480784,1044200
2023-02-03,59.66525650024414,59.85388453169173,59.28800801155518,59.66525650024414,1033400
2023-02-06,60.99556350708008,61.33310421937066,59.47663219532402,59.675186223807266,1142700
2023-02-07,62.296085357666016,62.55420292947609,60.60838188936046,60.60838188936046,946200
2023-02-08,61.611080169677734,62.26630579989151,61.611080169677734,61.95854687240359,899000
2023-02-09,61.30331802368164,62.78254145284552,61.273536247041015,61.85926850595788,917400
2023-02-10,61.720279693603516,61.77984703557863,61.01541652219451,61.27353788365041,891700
2023-02-13,62.11738204956055,62.236512935508784,61.482012275033185,61.541579611558596,745300
2023-02-14,61.33310317993164,62.23652039647184,61.27353962336829,61.94862103650855,892200
2023-02-15,61.70043182373047,61.80963294399546,60.707665447078995,61.01542060009491,3252800
2023-02-16,61.21397399902344,61.8294880857853,60.906215062090936,61.43238381149832,517600
2023-02-17,61.0650520324707,61.18418671242575,60.67787379037382,61.18418671242575,639800
2023-02-21,60.40220260620117,61.256857626786754,60.15375655561168,61.256857626786754,563600
2023-02-22,60.2630729675293,60.71027661339697,60.054379196453006,60.163696064441304,383300
2023-02-23,60.32270050048828,60.75002800128255,59.97487376280287,60.422077402120806,647700
2023-02-24,60.70034408569336,60.75996871473341,59.468049942055934,59.92518978929802,702700
2023-02-27,60.521461486816406,61.27673583811787,60.43202075393989,61.01835360480016,449300
2023-02-28,60.71027755737305,60.97859974906576,60.551272235368394,60.600960687684996,1396500
2023-03-01,60.86928176879883,61.01835091401471,60.362453498839336,60.372389672727,521300
2023-03-02,61.05810546875,61.05810546875,60.35251953204065,60.66059402697776,704600
2023-03-03,61.3761100769043,61.41586235445135,60.63077193233332,61.13760399359366,500600
2023-03-06,60.94878005981445,61.72393043690472,60.89908782252573,61.47548441440292,911200
2023-03-07,59.35873031616211,60.9885358114723,59.33885417707468,60.83947045479543,917000
2023-03-08,58.48419952392578,59.825810488482205,58.42457489726945,59.45811139048641,772500
2023-03-09,57.80841827392578,58.8618307663961,57.60966449016401,58.55375633598868,829300
2023-03-10,56.993526458740234,57.69911617271177,56.64570348008156,57.38110550908494,1045000
2023-03-13,55.19477462768555,55.99973739251436,54.777383298045656,55.810919761835486,1079100
2023-03-14,55.93017578125,56.71526624022575,55.39353517311442,56.48669632007826,1094400
2023-03-15,53.9724235534668,54.777386363340625,53.18733309236735,54.29043420766145,1262700
2023-03-16,55.52272415161133,55.83079862923647,53.23702116915879,53.58484413503717,1455400
2023-03-17,53.256900787353516,55.24446938730553,53.187336189634095,55.24446938730553,2776300
2023-03-20,54.9165153503418,55.19477751498654,53.67428505224245,53.71403733161828,1157500
2023-03-21,55.671791076660156,56.188559313144076,55.58235034744206,56.02955399353255,1176500
2023-03-22,54.10161209106445,55.85067445799607,54.08173595155546,55.65191685389212,1064800
2023-03-23,53.445709228515625,54.340116460742294,53.1575147123409,53.942601292866975,990600
2023-03-24,54.22086715698242,54.3003679214355,52.521493298840696,52.80969162582807,1061100
2023-03-27,55.274269104003906,55.54259125875458,54.69787631271332,55.015886912939585,1240100
2023-03-28,55.53266525268555,55.55254139271168,54.94633239036583,55.0854615795627,936900
2023-03-29,56.54631805419922,56.56619040057051,56.13886671584743,56.25811974900304,1065500
2023-03-30,56.94383239746094,56.96370853585415,56.437004136884106,56.67551021563117,850900
2023-03-31,57.659366607666016,57.778619664396146,57.23203904748119,57.32147978777537,1295900
2023-04-03,57.232032775878906,58.235753159424924,57.19228049766289,57.68917260240537,1008200
2023-04-04,55.8606071472168,57.430787951592755,55.50284424034705,57.4109118133238,839800
2023-04-05,55.870548248291016,56.01961360186168,55.25439932237765,55.41340464077785,690600
2023-04-06,56.02955627441406,56.22831387976606,55.53266415652706,56.01961630910416,591500
2023-04-10,56.099117279052734,56.31774721906706,55.8904235127267,55.95998810150205,668400
2023-04-11,56.52644729614258,56.79476948951658,56.07924364051923,56.21837282427184,689200
2023-04-12,56.238243103027344,56.96370505055674,56.06929783251472,56.695382885144134,572700
2023-04-13,56.35750198364258,56.38731808799519,55.72148069191384,55.840733736366495,595600
2023-04-14,55.89043045043945,56.78483404185349,55.532667497479345,56.635768672110935,503400
2023-04-17,56.84445571899414,56.88420799593618,55.54259708153569,55.78110695220215,673500
2023-04-18,57.152530670166016,57.212159090046924,56.50657318089346,56.88421225816709,754400
2023-04-19,57.13264846801758,57.400966833741954,57.02333161258188,57.11277233148514,431500
2023-04-20,56.76495361328125,57.14259267854597,56.44694296600127,57.11278036504658,480600
2023-04-21,56.08918380737305,56.60595209165898,55.54260320758534,56.59601591682045,475200
2023-04-24,56.27799987792969,56.49662982239058,56.01961386494975,56.198495322863295,425900
2023-04-25,55.761234283447266,55.979868029247086,55.47303594416314,55.82085891158466,722900
2023-04-26,55.35378646850586,55.940119359267065,54.96621119666114,55.35378646850586,1101500
2023-04-27,56.506568908691406,56.52644504714897,55.29415099968072,55.40346786570441,612900
2023-04-28,57.212158203125,57.55998116957308,56.437007711620154,56.437007711620154,961200
2023-05-01,59.75624084472656,59.915246154010475,57.6394795847087,58.99102660911474,1183400
2023-05-02,58.65314865112305,59.51773991310842,57.778617423387,59.4282991762833,744200
2023-05-03,58.05686950683594,59.110282093879405,58.0171210211063,58.97115291636128,701200
2023-05-04,57.7189826965332,58.13637020138291,57.19227454247959,57.83823572777805,668600
2023-05-05,58.25563049316406,59.05065711885824,58.186065900352446,58.4146358183029,498600
2023-05-08,58.44445037841797,58.66308032533937,58.235752814512885,58.40469810043739,793000
2023-05-09,58.25563049316406,58.64320573625335,58.126441272791624,58.305318946460076,730200
2023-05-10,58.12643814086914,58.633266402757535,57.35128390547083,58.494137224630755,662400
2023-05-11,58.03699493408203,58.046931107387,57.46059831676751,57.81836121151644,817300
2023-05-12,58.14631271362305,58.7525216909347,57.66929674565304,58.563704054963004,427100
2023-05-15,58.01712417602539,58.48420018438032,57.87799499094154,58.48420018438032,499600
2023-05-16,57.47053909301758,58.03699575404456,57.40097071495741,57.907802753340924,515800
2023-05-17,57.877994537353516,58.18606521877171,57.500355472952634,57.70904924894288,690000
2023-05-18,58.50407028198242,58.533886383554055,57.5102861586011,57.77860832683233,517200
2023-05-19,58.434513092041016,59.229539733166774,58.22581930955539,58.93140521661787,558400
2023-05-22,58.31525421142578,58.62332866260744,57.73885758488958,58.45438338583502,515400
2023-05-23,57.61189651489258,58.39783074234821,57.5422571575292,58.01978580590392,689100
2023-05-24,56.87569808959961,57.52235353349902,56.80605873964859,57.303484836475846,798600
2023-05-25,56.68667984008789,56.935392898597435,56.22904872324476,56.65683548748598,647600
2023-05-26,56.81601333618164,57.09457075534865,56.388226559569326,56.686681479399724,800800
2023-05-30,57.104522705078125,57.19405956257452,56.437969700369315,56.567301560099736,576000
2023-05-31,55.71173095703125,56.995091384534526,55.65203845049837,56.786173304260174,3131700
2023-06-01,56.0997200012207,56.47776493387135,55.79131822029492,55.99028564215918,1184900
2023-06-02,57.72133255004883,57.84071376684171,56.298693416810465,56.55735335237178,735700
2023-06-05,58.16901397705078,58.52716140475893,57.75117404637119,58.23865333298733,1089800
2023-06-06,58.32819366455078,58.66644361141814,58.0794805799442,58.22870615367185,651500
2023-06-07,59.41257858276367,59.6214966479598,58.15906260146642,58.33813631308031,620100
2023-06-08,59.01464080810547,59.502120127034225,58.49731713324289,59.34294390361962,536800
2023-06-09,59.0345344543457,59.28324752437664,58.507263960299404,58.855460740318605,467800
2023-06-12,58.576900482177734,59.16386345085413,58.318236776626726,58.79576539257464,617500
2023-06-13,58.94499588012695,59.49216385924268,58.36797975283608,58.63659031605147,625900
2023-06-14,57.82081604003906,59.31309452685916,57.56215610548351,59.13402080483591,814400
2023-06-15,58.537109375,58.54705622815496,57.63179393548511,57.8108676527571,914900
2023-06-16,58.26849365234375,58.964890958549944,58.188907448952754,58.9051984597117,2988300
2023-06-20,57.79096984863281,58.07947792439962,57.174162489627484,58.01978542060156,809400
2023-06-21,57.93024444580078,58.288391853017856,57.20400277897062,57.5024576866315,688800
2023-06-22,57.9202995300293,58.11926694508253,57.631791465117864,58.09937323962535,580400
2023-06-23,57.601951599121094,57.91035339351451,57.25375100553241,57.48256658671673,1098300
2023-06-26,58.01978302001953,58.32818858429201,57.44277068742026,57.67158624992171,766600
2023-06-27,58.646541595458984,58.84551280684235,58.08942296259761,58.169012965175035,450500
2023-06-28,57.9202995300293,58.348086303502065,57.70143081939853,58.348086303502065,691900
2023-06-29,58.80571746826172,58.964893677443385,57.91034891970226,57.96009077349774,775300
2023-06-30,59.07432556152344,59.482214817679136,58.88530121192396,59.1141167658591,619800
2023-07-03,59.41257858276367,59.86025906673818,58.895254948663556,58.895254948663556,309000
2023-07-05,59.362831115722656,59.45236796878804,58.50726138039362,58.93504814558819,686800
2023-07-06,59.651344299316406,59.780676163756496,58.87536070279675,58.94500006171208,585500
2023-07-07,60.13882064819336,60.875009204812294,59.26334958553547,59.482218299965005,1176600
2023-07-10,59.23350524902344,60.367636233106346,59.183763394382304,59.95974695295266,751900
2023-07-11,60.22835922241211,60.248256723842346,59.342941281598605,59.342941281598605,560300
2023-07-12,60.13882064819336,60.90485735363648,59.98959128925318,60.71583299297088,681000
2023-07-13,60.178619384765625,60.3676399621021,59.4324801338778,59.4324801338778,511300
2023-07-14,59.13401412963867,60.31789069104899,59.0643747783863,60.31789069104899,739400
2023-07-17,59.80057144165039,60.23830508070491,59.143969085538465,59.143969085538465,400500
2023-07-18,60.029380798339844,60.4969625381795,59.60159405658439,59.62149155562649,548800
2023-07-19,60.327842712402344,60.56660893362577,59.93985092359206,59.94979777674038,613100
2023-07-20,61.50177001953125,61.541565023081525,60.55665955804458,60.74568392737816,440500
2023-07-21,61.18341827392578,61.700741940754845,61.16352077192538,61.700741940754845,437100
2023-07-24,61.16351318359375,61.47191873374655,60.85510763344095,60.9943901301635,341200
2023-07-25,60.68598937988281,61.16351802123531,60.66609187877725,61.16351802123531,432000
2023-07-26,61.312747955322266,61.57140788199261,60.89490801831899,60.89490801831899,397200
2023-07-27,61.72063446044922,61.98924502318077,61.1038233334093,61.63109760620537,652200
2023-07-28,61.8698616027832,62.4468777437886,61.77037789332861,62.4468777437886,506600
2023-07-31,62.32749938964844,63.60090914531177,62.14842566837573,62.85476990502895,758800
2023-08-01,62.635894775390625,62.66574292259095,61.780321260142,62.35733736858783,546200
2023-08-02,62.54636001586914,63.10347864316845,62.19816324571967,62.37723695467087,502500
2023-08-03,62.994041442871094,63.25270514192155,62.08872608631447,62.48666848713365,543700
2023-08-04,62.59610366821289,63.50142288673706,62.47672245716828,63.17311981253903,629700
2023-08-07,63.173118591308594,63.54121286536551,62.954249879407634,63.03383988193897,541700
2023-08-08,63.282554626464844,63.3621408360478,62.40708355069052,62.65579662261025,543300
2023-08-09,62.844818115234375,63.551166134119676,62.7552850512845,63.23281370098561,502600
2023-08-10,62.616004943847656,63.60091043075354,62.47672622338956,63.23281612739136,685500
2023-08-11,63.09352493286133,63.11342243234121,62.25785272506606,62.59609883104415,427700
2023-08-14,62.616004943847656,62.984103042270334,62.198168782473374,62.984103042270334,880500
2023-08-15,62.0911865234375,62.280400273525416,61.8521848796648,62.15093883381199,504100
2023-08-16,62.180816650390625,62.60903206877326,62.10115069752515,62.10115069752515,587200
2023-08-17,61.35426330566406,62.599074673498954,61.30447161072323,62.58911405519309,577400
2023-08-18,61.33434295654297,61.56338778148892,61.125215568400485,61.15508982417437,1012800
2023-08-21,61.44388961791992,61.702808709841975,61.10530077533704,61.48372449325033,569800
2023-08-22,61.12521743774414,61.75259962135832,61.07542574364405,61.39409714451997,416000
2023-08-23,61.70280456542969,61.712765183024665,61.145131543712566,61.145131543712566,484200
2023-08-24,61.832271575927734,62.38994844677856,61.47376528744241,61.47376528744241,446500
2023-08-25,61.80239486694336,62.10114882921087,61.433927974579454,61.88206081741208,354100
2023-08-28,61.971683502197266,62.42977313555637,61.59325981431421,61.872100120636595,404300
2023-08-29,62.01152038574219,62.15093864399424,61.49367842733272,62.15093864399424,482900
2023-08-30,61.80239486694336,62.37998535414551,61.772516811512695,62.04139651721227,399800
2023-08-31,61.832271575927734,62.08123385416889,61.45384784931957,62.071277034538916,966500
2023-09-01,62.04139709472656,62.48952994173065,62.021479657208296,62.320237421119536,471400
2023-09-05,61.47376251220703,62.64886471636428,61.47376251220703,61.872103658954906,880800
2023-09-06,61.463802337646484,61.73268202719344,61.03558695787124,61.21484008423588,754900
2023-09-07,61.79243087768555,62.02147569622358,61.48372011302506,61.722721750254955,1489700
2023-09-08,62.17085647583008,62.54928017839244,61.69284938784413,61.832267646982196,841400
2023-09-11,62.62894821166992,63.12687275308738,62.509447385411306,62.54928226045177,762700
2023-09-12,63.744300842285156,63.774175098629215,62.70861690191385,62.76836541460196,866600
2023-09-13,63.54513168334961,64.08288730382257,63.535171065104805,64.05301304681373,1369200
2023-09-14,64.2720947265625,64.43142661414618,63.814005102887805,64.06296735038872,955600
2023-09-15,63.98330307006836,64.55093673892104,63.69450592658535,63.833924189270185,2690100
2023-09-18,64.29200744628906,64.36171657068599,63.73433445111373,64.14263617809905,763300
2023-09-19,64.80986022949219,65.04886188236027,64.30197506913764,64.50114184690679,926600
2023-09-20,64.70030975341797,65.1185645035498,64.65051426509164,64.88952349178824,703300
2023-09-21,63.92355728149414,64.69035775894456,63.853848147180464,64.56090010885511,960100
2023-09-22,64.23226165771484,64.63060278443947,63.84388114853271,63.903629658337636,848400
2023-09-25,64.42147064208984,64.50113278336823,63.804041561404205,63.883711300407086,526800
2023-09-26,63.65467071533203,64.51110152314,63.555087327901546,64.16255586827057,1061400
2023-09-27,63.5351676940918,63.87375651805749,63.156743996985995,63.85384288035003,800300
2023-09-28,63.624794006347656,64.14263975738562,63.5052931862649,63.714420571125366,931200
2023-09-29,63.04720687866211,63.644714809545725,62.76836655190201,63.63475799020487,922800
2023-10-02,62.04139709472656,62.93766278873474,61.55343317154871,62.90778473302595,913400
2023-10-03,61.56338882446289,62.529363632051734,61.354261432777484,61.872103401852804,834800
2023-10-04,62.300315856933594,62.37998180286695,61.175005404298155,61.44388509469047,797000
2023-10-05,62.55923843383789,62.977497019718555,62.170857903360464,62.170857903360464,606600
2023-10-06,63.00736999511719,63.23641482128351,62.39990146539392,62.429775721326976,665800
2023-10-09,63.40570831298828,63.604878886288205,62.76836551751869,62.76836551751869,525700
2023-10-10,63.25633239746094,63.74430010566364,63.106953519741445,63.50529466108498,632300
2023-10-11,64.02313232421875,64.21234606313377,63.20653645829972,63.20653645829972,789900
2023-10-12,63.33599853515625,64.24222482435653,63.067122632640164,64.24222482435653,517400
2023-10-13,63.54513168334961,64.16255705432985,63.166707966165625,63.79409015652787,654700
2023-10-16,64.40155792236328,64.89948246037022,64.0629728834268,64.0629728834268,558100
2023-10-17,65.22811126708984,65.48703414146728,64.23226224011137,64.23226224011137,563400
2023-10-18,64.68038940429688,65.19823513816925,64.41151351773902,65.05881688621706,693900
2023-10-19,63.81400680541992,64.84969069438233,63.764211315501285,64.50113746040192,690600
2023-10-20,62.688697814941406,64.11275844689632,62.539318939426934,63.85384316691148,691900
2023-10-23,62.06131362915039,62.728534480283486,61.971687061053785,62.54928134409028,476400
2023-10-24,63.027286529541016,63.17666160593007,62.51940139277544,62.51940139277544,662200
2023-10-25,63.5351676940918,64.07292328603282,62.94761661129434,63.037243176428284,692600
2023-10-26,63.714420318603516,64.31193201437432,63.64471119059297,63.74429837265272,883000
2023-10-27,62.55923843383789,63.61483981833411,62.28040190915927,63.5052958125353,666000
2023-10-30,62.66878128051758,63.41566807111755,61.921894489917605,61.921894489917605,764200
2023-10-31,63.744300842285156,63.76421448060606,62.967535987575324,63.0571625554702,819600
2023-11-01,64.87956237792969,64.90943663160688,63.79408304206847,63.86379216655683,1022400
2023-11-02,64.86959838867188,65.52686232630236,64.21234204876573,64.98910299489314,883900
2023-11-03,65.51690673828125,65.64636437333058,64.95923372856112,65.21814899865979,688700
2023-11-06,65.12853240966797,65.5467872066091,64.98911414402093,65.5467872066091,618600
2023-11-07,65.14844512939453,65.23807549760338,64.8596479838502,65.01898748389902,547000
2023-11-08,64.67044067382812,65.30778346723024,64.57084968920715,65.30778346723024,519200
2023-11-09,64.97915649414062,65.19824452094477,64.70031995010844,64.80986396351051,483400
2023-11-10,65.61650085449219,65.63642209251292,64.96919737788971,65.25799454738085,506500
2023-11-13,65.69615936279297,66.06461862810184,65.42727587963392,65.60652900249833,679600
2023-11-14,66.16421508789062,66.37334248227268,65.6463693132751,65.66629054953557,1311000
2023-11-15,66.25383758544922,66.58246960286633,65.88537829112592,66.18412845427518,776300
2023-11-16,66.7816390991211,66.94097860413956,66.413179789786,66.413179789786,766600
2023-11-17,66.72189331054688,67.17998300960858,66.70197967046857,66.93102072113638,797300
2023-11-20,67.20984649658203,67.50860423395594,66.32354149949099,66.69200836255547,824100
2023-11-21,67.87071228027344,68.1697491712143,67.28261602753349,67.28261602753349,904700
2023-11-22,68.27940368652344,68.39901997816382,67.64146534075797,67.68133743797144,723000
2023-11-24,69.07682800292969,69.14660226940438,68.34917556270106,68.34917556270106,563800
2023-11-27,68.95720672607422,69.17649943479194,68.68807960480875,68.76781618585,859900
2023-11-28,68.4189453125,69.08678576250236,68.27939678876291,69.01701150063381,905100
2023-11-29,68.28937530517578,68.77779519970672,68.24950320697374,68.48872819136082,1136300
2023-11-30,70.06362915039062,70.22310990946954,68.24949083752827,68.34916726255557,6165200
2023-12-01,69.7845458984375,70.41251434445307,69.69483177482084,69.85432017021701,1356800
2023-12-04,70.49224853515625,70.62182713440187,69.28614623428429,69.47552917090108,951700
2023-12-05,70.11347198486328,70.65173387047318,69.97392345209309,70.41250890069924,745600
2023-12-06,69.25624084472656,70.5121775000571,69.07682023613309,70.22311054149962,592400
2023-12-07,68.5983657836914,69.71476157604059,68.3491709054297,69.55527320363748,1012500
2023-12-08,68.61829376220703,68.71797779117423,68.25946015625512,68.63823360992996,618400
2023-12-11,69.49547576904297,69.62505438087277,68.66814686588175,68.66814686588175,736200
2023-12-12,69.71475982666016,70.15333763011493,69.3359787541198,69.42569286255134,652200
2023-12-13,70.10350799560547,70.17328226032947,69.47553200826496,69.68486240726146,1026000
2023-12-14,68.46878814697266,70.20318239469809,68.32923962157085,70.20318239469809,1832500
2023-12-15,67.781005859375,68.09000507019022,66.9835792190998,67.87071236387334,3219400
2023-12-18,68.27940368652344,68.43889207537728,67.71123960967529,68.09001312596574,1063100
2023-12-19,68.67811584472656,68.81766438010439,67.98036556301261,68.2096282167475,1012700
2023-12-20,67.89065551757812,68.85753289441341,67.8109113287037,68.42891738524388,783700
2023-12-21,68.29932403564453,68.33919612591266,67.63148363450647,67.88067849506457,489700
2023-12-22,68.57843017578125,68.79771526984332,68.35913747689538,68.57843017578125,436900
2023-12-26,68.76781463623047,68.99707726422116,68.26942489303883,68.47874767260045,416300
2023-12-27,68.95720672607422,69.0269809875004,68.53856115751721,68.58839557006496,432200
2023-12-28,69.24627685546875,69.41572755454548,69.0170142118521,69.0170142118521,409700
2023-12-29,69.36588287353516,69.46556690900228,68.96717715096341,69.33598070482469,611300
2024-01-02,70.23307800292969,70.25301785030972,69.41571917129072,69.42568909498073,774100
2024-01-03,70.04369354248047,70.80124810722812,70.00382905391542,70.26298625370933,709700
2024-01-04,70.47230529785156,70.99063487956118,70.45237305462757,70.49224514589937,657300
2024-01-05,70.96073913574219,71.25976844011339,70.5420859419033,70.67167215147288,683400
2024-01-08,71.03050994873047,71.18002839606221,70.28292531689586,71.08034436129162,532200
2024-01-09,70.76138305664062,70.98067578969545,70.00383602131937,70.81122507954399,461700
2024-01-10,70.74144744873047,70.87102605536664,70.29289207839057,70.44241053517052,476200
2024-01-11,70.77134704589844,70.89096332793812,70.13340875133544,70.6417684439737,440500
2024-01-12,70.85108947753906,71.60863643053796,70.59192467528989,71.26973504706332,464000
2024-01-16,70.87101745605469,70.9706938802053,70.48227407849069,70.60189035036565,720500
2024-01-17,70.71153259277344,71.64850005117611,70.5719840861002,70.76136699954345,486800
2024-01-18,71.259765625,71.30960764283844,70.36266253767741,70.48227881759514,511500
2024-01-19,71.96748352050781,72.23661826912462,71.3494850403836,71.71828862243844,832800
2024-01-22,72.81474304199219,73.05396798451031,72.09706060961402,72.11699285281394,798100
2024-01-23,72.51571655273438,73.15365489409065,72.51571655273438,72.81475347735602,513600
2024-01-24,72.8546142578125,73.20349318703872,72.74497550285012,72.82471208783872,494500
2024-01-25,72.7449722290039,73.40284275329365,72.25654479199841,73.21345221221708,898300
2024-01-26,72.54560852050781,73.15364460484508,72.41602992730394,72.794803387701,1194200
2024-01-29,73.0340347290039,73.07390682382668,72.21667579719848,72.37616417648952,675600
2024-01-30,73.54238891601562,73.5722910836838,72.8346763968477,72.8346763968477,755500
2024-01-31,72.62535095214844,73.76167891076625,72.59544878557801,73.6121604730905,931600
2024-02-01,72.0671615600586,72.34625860587423,71.21989289334438,72.04722171117226,1043000
2024-02-02,72.80477142333984,72.9642521796985,72.20670527855353,72.29641177810083,869200
2024-02-05,72.55558013916016,74.99768685276186,72.0472204688621,74.34977866196222,1618100
2024-02-06,72.57551574707031,72.93435698922939,72.17681001562633,72.36619295661491,1400700
2024-02-07,72.42601013183594,72.76491154900852,72.15687537836368,72.72503945201912,864700
2024-02-08,71.7880630493164,72.28645284656328,71.28967325206953,72.23661842973347,1072500
2024-02-09,72.51571655273438,72.52568647817506,71.42923042927052,71.54883911525927,671400
2024-02-12,72.86458587646484,73.29320140064272,72.42600803194715,72.75493951412925,834300
2024-02-13,72.78484344482422,73.61217234251691,72.26652139610613,73.15365463658267,1298500
2024-02-14,73.2832260131836,73.32309810604502,72.7649040156332,73.0539709852605,996400
2024-02-15,74.97775268554688,75.1372334456756,73.21344877117242,73.30316287766418,1206500
2024-02-16,74.1005859375,75.05750096986239,74.0308116752261,74.97775678302816,931700
2024-02-20,73.69456481933594,74.37295015443414,73.50501362516472,73.82425333513594,890900
2024-02-21,74.14349365234375,74.27318216920591,73.6546595074132,73.98387760168842,925500
2024-02-22,74.73209381103516,74.81189802796953,73.97389666559714,74.32306389991896,746100
2024-02-23,75.01142120361328,75.23089990684024,74.69218152926705,74.78196411989214,483800
2024-02-26,74.36296844482422,75.15109310851074,74.33304091261552,74.94159277177503,722600
2024-02-27,74.8118896484375,74.85179555807234,73.80429397243545,74.23327298691741,937200
2024-02-28,74.88172149658203,75.31070050195014,74.65227203514901,74.81188805902322,686300
2024-02-29,74.95156860351562,75.09123550410516,74.41285015355233,74.98150374902073,926100
2024-03-01,74.25322723388672,75.00144596554165,74.09360358438856,74.8917066093303,644800
2024-03-04,74.17341613769531,74.8019247496746,73.96391580412708,74.25322796322834,599000
2024-03-05,74.40287017822266,74.66224718364276,74.05370296994613,74.05370296994613,666000
2024-03-06,75.29075622558594,75.36058966766397,74.25322536380195,74.62234933551407,746500
2024-03-07,74.921630859375,75.49027676607622,74.72210891751548,75.25084891358996,584700
2024-03-08,74.66224670410156,75.05132743228133,74.5525149632974,74.86177625845967,659200
2024-03-11,75.81950378417969,75.81950378417969,74.50263902290547,74.60240000562963,789300
2024-03-12,76.02899932861328,76.05892686041253,75.53018683522681,75.82947737576855,618900
2024-03-13,75.9691390991211,76.21854532885473,75.63992104916692,76.06890006875973,783200
2024-03-14,75.82948303222656,75.99907746592285,75.30074296759976,75.72972204836258,741800
2024-03-15,76.78719329833984,76.80714244829575,75.23090081845281,75.26082834902383,1901600
2024-03-18,76.78719329833984,77.37578836296788,76.47793200074032,76.78719329833984,942100
2024-03-19,77.22615051269531,77.55536095940917,77.0166425766852,77.106432779443,693600
2024-03-20,77.57532501220703,77.65512923060207,76.83707700467163,76.9767515122317,595900
2024-03-21,77.22615051269531,77.70500622315598,77.0166425766852,77.57531772058836,593500
2024-03-22,76.2684326171875,77.49551478712814,76.24848346499444,77.49551478712814,568600
2024-03-25,76.80714416503906,77.17626814330534,76.42804941720912,76.6076222159232,621200
2024-03-26,76.70738983154297,77.0665354600647,76.66748391600999,76.8171291964399,575400
2024-03-27,77.91451263427734,77.91451263427734,76.89693846160368,77.05655450713441,588900
2024-03-28,78.10405731201172,78.36344192705727,77.92448451871468,77.96439042958893,747900
2024-04-01,77.29598999023438,78.00430284192146,77.14634471480193,77.97437530908994,680400
2024-04-02,76.886962890625,77.85466041437458,76.77722352537864,77.34586950380286,592700
2024-04-03,77.02661895751953,77.39574291700862,76.47792981972525,76.74728519845712,642800
2024-04-04,76.17864227294922,77.62519541509306,75.86938097210005,77.45560099922572,609600
2024-04-05,76.47793579101562,76.64753021350606,76.09883342159621,76.41807311563248,493800
2024-04-08,75.87934875488281,76.61759667361392,75.82947207579498,76.54776323387169,642100
2024-04-09,75.01142120361328,76.34823496141495,74.56248541666518,76.09882872797964,698400
2024-04-10,74.64229583740234,75.08125323561919,74.48267980886153,74.59241154714168,652400
2024-04-11,73.63469696044922,74.41284322305343,73.46510254142513,74.39289407251658,774500
2024-04-12,73.7244873046875,74.29313323698871,73.3254357917293,73.56486365499441,802000
2024-04-15,73.26558685302734,74.77199521373578,73.12591995350834,74.63232831421679,724600
2024-04-16,73.14585876464844,73.57483778431643,72.9962135045272,73.48505519500816,640100
2024-04-17,72.9662857055664,73.49502569293986,72.73683623733125,72.84656797565627,803200
2024-04-18,73.66461944580078,74.09359846006568,73.26557557220237,73.26557557220237,649000
2024-04-19,75.4603500366211,75.51023432825238,73.9339850925047,74.07365197554317,751600
2024-04-22,76.29835510253906,76.72733411062546,75.37056364836494,75.58006396236891,821700
2024-04-23,76.53778839111328,76.67745527705313,76.09883097171692,76.45797656735496,598600
2024-04-24,76.62757110595703,76.65749863709527,75.73968549624172,76.01901926856458,515800
2024-04-25,76.22853088378906,76.88695943439427,75.94918948672567,76.65750233248234,612300
2024-04-26,75.28077697753906,75.83944450772643,75.24087106662937,75.82947373845468,568900
2024-04-29,75.63993072509766,75.72972093715035,75.2309084138745,75.28078509943704,599500
2024-04-30,74.97151947021484,75.50025949675447,74.92163517623861,75.50025949675447,609900
2024-05-01,76.09883117675781,76.61760042131026,75.05132952938655,75.05132952938655,1027200
2024-05-02,76.34823608398438,76.6076207017277,75.92923543235817,76.48790296785978,566400
2024-05-03,76.21855163574219,76.35821852704817,75.26083254766914,76.19859487339863,588500
2024-05-06,77.55536651611328,78.03422987215794,76.39812545685716,77.35584455767166,807600
2024-05-07,77.62519073486328,77.91450286810353,77.5154513873834,77.77483599154257,620800
2024-05-08,77.12638854980469,77.95441915051006,77.04658433206045,77.7249696561736,683300
2024-05-09,77.51545715332031,77.5553630654881,76.7772168064026,76.9468112246598,705000
2024-05-10,77.7947998046875,77.98434337647637,77.34586399394894,77.60524862162401,875600
2024-05-13,77.15631103515625,77.91450813868589,77.09645597294517,77.7249645712593,527100
2024-05-14,77.15631103515625,77.41569565686167,76.56771596001542,77.2261520894351,711200
2024-05-15,76.43803405761719,77.29599220936832,76.26843201457794,77.06653509894763,653900
2024-05-16,77.01663970947266,77.30595184560605,76.70737842417704,77.20619087724688,689800
2024-05-17,77.55536651611328,77.61522919266562,77.1463442179255,77.42567800425371,855200
2024-05-20,75.94918060302734,77.70500255138924,75.9092746938289,77.70500255138924,723300
2024-05-21,76.02899932861328,76.43802922660201,75.84942652654317,76.12876030503566,708900
2024-05-22,75.70975494384766,75.9890887050235,75.48030547342785,75.82947267489766,481400
2024-05-23,73.98387145996094,75.60001904083008,73.85417534259031,75.60001904083008,652000
2024-05-24,74.57247161865234,74.60239915199963,74.04373156611673,74.04373156611673,549600
2024-05-28,73.84419250488281,74.84181741509416,73.78433744587782,74.47270106953134,707500
2024-05-29,73.9969711303711,74.18668378798338,73.09834224925827,73.51769985452475,789800
2024-05-30,75.20511627197266,75.26502231802097,73.94703598065452,73.97698900367868,606600
2024-05-31,76.682861328125,76.81266029896838,74.90556993259122,75.02538964104804,2307200
2024-06-03,75.75428009033203,76.65290124817741,75.4547346258785,76.47317549305681,645300
2024-06-04,75.43477630615234,75.95397986492377,74.98545806287558,75.54460914665833,1274900
2024-06-05,74.80573272705078,75.55458885247103,74.49620796622645,75.4747090374975,554200
2024-06-06,74.88560485839844,75.14521042154637,74.22660787912086,74.88560485839844,844500
2024-06-07,75.13522338867188,75.57455470729805,74.62599914369677,74.98545065570771,574800
2024-06-10,75.22509002685547,75.48469561559739,74.60604050769344,74.8856122412193,658200
2024-06-11,74.05686950683594,75.02539122176783,73.9869765798696,75.02539122176783,894900
2024-06-12,74.54612731933594,74.86563892960152,73.68743843841762,74.32646165894879,969600
2024-06-13,74.05686950683594,74.60603365996981,73.4877392107507,74.29650892879856,916700
2024-06-14,73.67745208740234,74.01692984297935,73.3479535944545,73.66746520701545,631100
2024-06-17,75.09528350830078,75.15518955440169,73.76731028950798,73.76731028950798,671500
2024-06-18,76.08377838134766,76.15367131417003,75.04537127020349,75.04537127020349,649900
2024-06-20,76.3333969116211,76.74277524418272,76.0538251809733,76.12371811363525,759300
2024-06-21,76.44322204589844,76.7527543888512,75.81418571534634,76.41326902317086,1889900
2024-06-24,77.2120590209961,77.87104843551771,76.35337007346925,76.55306198871622,658400
2024-06-25,76.02386474609375,77.34185107481238,76.01387786589868,77.28194502915713,548500
2024-06-26,74.72584533691406,75.84413977990343,74.48621353404408,75.71434080704837,992900
2024-06-27,75.14521026611328,75.16517640888752,74.5561062145451,74.6659390441975,510300
2024-06-28,74.62600708007812,75.70436173079258,74.30649543739516,75.12524449788017,1171300
2024-07-01,74.61602783203125,75.42479001135612,74.43630205687478,75.03538543481018,494500
2024-07-02,74.8257064819336,74.89559941558859,74.01693668648765,74.18668319772843,603300
2024-07-03,74.2865219116211,75.31494967127061,74.19665522411121,75.08529713008551,367900
2024-07-05,73.64749908447266,74.22660864519194,73.03842888258437,74.18667635914873,1304600
2024-07-08,74.2965087890625,74.81571230015625,74.03690322463677,74.03690322463677,613700
2024-07-09,74.54612731933594,75.20511668273971,73.73735760447799,74.19665506812491,591600
2024-07-10,75.53461456298828,75.56456758593401,74.55610597946776,74.58605900241349,456300
2024-07-11,76.50314331054688,76.88256099905833,75.5645745437848,75.58454068833453,526800
2024-07-12,76.80267333984375,77.29193143555445,76.24352993646872,76.662887489,539900
2024-07-15,77.30191040039062,77.79116849421814,77.05229172230791,77.05229172230791,378800
2024-07-16,78.23049926757812,78.31037908005567,77.25199822688191,77.37181032784002,422300
2024-07-17,79.49856567382812,79.76815051582876,78.36030502047765,78.59993683756245,485500
2024-07-18,79.66830444335938,80.98629086203019,78.85954230078535,79.28888676538499,402900
2024-07-19,77.94093322753906,79.5584649960355,77.5715024611394,79.5584649960355,621100
2024-07-22,77.9609146118164,78.44017825232808,77.3917842776099,77.85108177383285,327100
2024-07-23,78.23049926757812,78.47013108725255,77.97089368590521,78.06076037938199,428400
2024-07-24,77.80115509033203,78.48011826342845,77.70130913323867,78.38027230633509,570300
2024-07-25,78.19055938720703,79.56845949074682,77.78118867920104,78.1406402177107,457300
2024-07-26,79.96784210205078,80.21746079901224,78.64985568680457,78.68979559244937,649500
2024-07-29,78.73971557617188,83.41257748428562,78.22050446540511,82.37416288050952,947500
2024-07-30,80.35725402832031,80.93636361397793,78.88949487589969,79.15907971596806,784600
2024-07-31,79.82804870605469,80.5469517042864,79.4486310648801,80.14756030329575,646800
2024-08-01,79.0792007446289,80.33728111974239,78.57996334695383,80.2673881887782,525700
2024-08-02,78.56997680664062,79.38872575828496,77.49162229927762,78.64984899337469,573700
2024-08-05,75.88408660888672,78.38027366838958,75.3449092899031,77.9908690965278,1313400
2024-08-06,76.28347778320312,77.33187177370826,75.96396614546465,76.01388531581728,678900
2024-08-07,76.1536636352539,77.45168381993642,76.09375758966343,76.76273382461565,854800
2024-08-08,77.32188415527344,77.43171698304289,76.16364983252559,76.16364983252559,537800
2024-08-09,77.76121520996094,77.89102181020816,76.77272728421688,77.3318707383334,466500
2024-08-12,76.81266021728516,77.9908606870395,76.71281426922276,77.9908606870395,450200
2024-08-13,76.94246673583984,77.2220384649428,76.21358438750119,77.2220384649428,420000
2024-08-14,77.54155731201172,77.62142950722365,77.05229917088803,77.10222595843396,635900
2024-08-15,78.25047302246094,78.49010484211358,77.73126185916232,78.09071339752037,403500
2024-08-16,78.84955596923828,78.91944890034571,78.12066601532528,78.3702847146744,608100
2024-08-19,79.24894714355469,79.60839867882162,78.8295819405712,78.8295819405712,585400
2024-08-20,78.78964233398438,79.16905997807548,78.65983574745412,79.13910695587847,405900
2024-08-21,79.02247619628906,79.0924249708201,78.36295264455819,79.0924249708201,455300
2024-08-22,79.37222290039062,79.4921383569407,78.8526045030301,78.982507196409,313000
2024-08-23,80.29154968261719,80.56135754656877,79.55209011357913,79.79191339632355,360000
2024-08-26,80.3914794921875,81.4507136570638,80.23159983686443,80.5213898124729,509800
2024-08-27,80.61132049560547,80.97105924902515,80.27157146395638,80.56136143886917,320600
2024-08-28,81.23087310791016,81.75049152166021,80.6013340948167,80.73123679229293,464300
2024-08-29,81.6205825805664,81.8604058590406,80.48141247800827,81.39074653847207,532800
2024-08-30,81.88040161132812,82.04028126747383,81.38076529712446,81.7405040532587,1104500
2024-09-03,81.76048278808594,82.28010117899119,81.30081831278845,81.40074404674968,1041800
2024-09-04,81.90038299560547,82.56989382108047,81.41074154662995,82.32007566615592,761000
2024-09-05,80.84115600585938,82.27011614898325,80.37149665741484,82.27011614898325,762600
2024-09-06,79.3322525024414,81.04100776369937,79.29228068287546,80.56136117659804,965800
2024-09-09,80.42146301269531,81.19089956795523,79.64202397281316,79.82189334757905,868200
2024-09-10,79.4021987915039,80.8111767976141,79.21233456047904,80.64129466382325,620400
2024-09-11,77.66346740722656,79.26230203659884,76.9040180993329,79.16237630173399,750200
2024-09-12,78.01321411132812,78.12313471080653,77.14384417650223,77.64348049273306,607200
2024-09-13,78.28301239013672,78.88258205354444,78.0531839598294,78.31299697238308,563500
2024-09-16,78.78264617919922,79.38221582347016,78.49286384133825,78.90256163282235,507600
2024-09-17,79.2323226928711,79.64202048063461,78.62276581755066,78.79264032409054,475200
2024-09-18,79.14238739013672,79.76193915078906,78.96251801600184,79.27229770825049,451700
2024-09-19,79.19235229492188,79.83188613887864,78.74268268158642,79.69198858700341,618200
2024-09-20,78.48287200927734,79.03246737260629,78.20307689720514,78.84261076018304,1237200
2024-09-23,78.6127700805664,78.88257793979832,78.29300316788586,78.55281616689024,494900
2024-09-24,78.1031494140625,78.68272172303251,77.7034388526783,78.50285235160186,620400
2024-09-25,78.00321197509766,78.60278159772993,77.90328624594044,78.42291223570913,689600
2024-09-26,78.63275909423828,78.86258751049421,77.73341227795652,77.95325345791923,667900
2024-09-27,78.84260559082031,79.24231613493548,78.55281563693292,78.7826440537041,877500
2024-09-30,78.99250030517578,79.15237995318515,77.94326104920626,78.91255666924873,1114200
2024-10-01,79.24231719970703,79.78191767409187,78.79263997259349,78.92255028488712,1125800
2024-10-02,78.56281280517578,79.6919880734188,78.4428973512649,79.38221601395495,750200
2024-10-03,78.09315490722656,78.75267085622994,77.9032906743439,78.46288088850979,560400
2024-10-04,79.22232818603516,79.34224363910438,78.3629531653174,78.3629531653174,566900
2024-10-07,76.43435668945312,78.832612380491,76.28446427929238,78.832612380491,689200
2024-10-08,77.2537612915039,77.55354611725889,76.77411471890971,76.77411471890971,690800
2024-10-09,78.19307708740234,78.46287732158294,76.88403248569718,77.04391212940006,599100
2024-10-10,78.15310668945312,79.18235621548179,77.80336281514893,78.91255597640273,583600
2024-10-11,79.29227447509766,79.75193892835149,78.56280979070256,78.56280979070256,644200
2024-10-14,80.28155517578125,80.43144758709842,78.95252844250902,79.29227745923951,498000
2024-10-15,80.27156829833984,81.60060266140331,80.18162980160925,80.71124304996745,622300
2024-10-16,80.5313720703125,81.2108777170734,80.23159487617495,80.23159487617495,908500
2024-10-17,81.66056060791016,81.71051966514253,80.9410830939267,80.9410830939267,402900
2024-10-18,81.76048278808594,82.06026761381442,80.93108471090262,81.88039824314629,664900
2024-10-21,81.01102447509766,81.95034310189018,80.90110388584132,81.60059923782204,441800
2024-10-22,80.75121307373047,81.1209466652387,79.62203782635687,80.84115156846256,460600
2024-10-23,80.8811264038086,81.00103423613301,80.21160797000277,80.54136975658469,467400
2024-10-24,81.03101348876953,81.21088286619441,80.6712823577649,81.15092894833448,455600
2024-10-25,79.51211547851562,81.48068359657674,79.41218974956644,81.42072968397612,571300
2024-10-28,80.56135559082031,80.90110459780661,79.94180386627266,79.94180386627266,567400
2024-10-29,79.70198059082031,80.78118914891307,79.67200363418503,80.3315195516948,579200
2024-10-30,80.30154418945312,81.05099861559374,79.96178755187016,80.02174909017577,995400
2024-10-31,78.9025650024414,80.61132026436049,78.86259318285998,80.34152001199223,762400
2024-11-01,79.21233367919922,80.02174964930097,78.87258466308703,78.9225513413834,685700
2024-11-04,76.454345703125,79.14238370541082,75.10532927184366,79.06244769472974,1029300
2024-11-05,78.33297729492188,78.35296701596646,76.27447821032783,76.67418876892677,835200
2024-11-06,82.69979858398438,83.26938363398595,81.90037749240395,82.48995226280954,1202200
2024-11-07,82.02029418945312,82.74975889454703,81.76048118716538,82.74975889454703,681300
2024-11-08,83.04954528808594,83.43926098697982,82.1501984353136,82.42000630306771,618700
2024-11-11,83.14946746826172,84.49848387784226,82.99957506189844,83.56916010700331,534400
2024-11-12,82.9096450805664,83.60913281929574,82.79972448964543,83.05953748853543,1402700
2024-11-13,83.14946746826172,83.52918829038347,82.42999001679358,82.8796672358834,795700
2024-11-14,82.73977661132812,83.33933866309381,82.52992265055727,82.91964598924234,607800
2024-11-15,83.60913848876953,83.82897968551875,82.68980950585923,82.94962252236695,937800
2024-11-18,84.34860229492188,84.52846404076713,83.27937331343216,83.56916327703524,521100
2024-11-19,84.0588150024414,84.12876378044113,83.15946812541287,83.24939900119323,596000
2024-11-20,84.42853546142578,84.61839968521107,83.7390425873928,83.88892737054485,642400
2024-11-21,85.10804748535156,85.29791172338359,84.1687364037899,84.63838813264819,1057400
2024-11-22,86.00739288330078,86.20724435493918,85.17799479069602,85.17799479069602,653700
2024-11-25,85.76757049560547,86.83679189020305,85.6876268565704,86.23722984513016,1291200
2024-11-26,86.5469970703125,86.69688947914862,85.44779877858858,85.83751446725574,561600
2024-11-27,87.05000305175781,87.44999694824219,86.4800033569336,86.95999908447266,452500
2024-11-29,86.7300033569336,87.41999816894531,86.61000061035156,87.30000305175781,408300
2024-12-02,86.16000366210938,86.83000183105469,85.73999786376953,86.79000091552734,808100
2024-12-03,85.9800033569336,86.47000122070312,85.51000213623047,86.4000015258789,975800
2024-12-04,85.8499984741211,86.26000213623047,85.19000244140625,85.79000091552734,725000
2024-12-05,85.94000244140625,86.6500015258789,85.66999816894531,86.12000274658203,620500
2024-12-06,86.08000183105469,86.25,85.66000366210938,85.93000030517578,560200
2024-12-09,85.0,86.06999969482422,84.91999816894531,85.88999938964844,598700
2024-12-10,83.95999908447266,85.0999984741211,83.20999908447266,85.0999984741211,583100
2024-12-11,84.75,84.98999786376953,83.86000061035156,84.2300033569336,812900
2024-12-12,83.94999694824219,85.41000366210938,83.91999816894531,85.1500015258789,730400
2024-12-13,84.18000030517578,85.29000091552734,84.02999877929688,84.43000030517578,782700
2024-12-16,84.02999877929688,84.93000030517578,83.69999694824219,83.9800033569336,742800
2024-12-17,83.63999938964844,84.12000274658203,83.19999694824219,83.5,846200
2024-12-18,81.5,84.25,81.44000244140625,83.29000091552734,1162700
2024-12-19,81.66000366210938,82.56999969482422,80.7699966430664,81.87999725341797,1092600
2024-12-20,83.19000244140625,83.93000030517578,81.20999908447266,81.5,2847800
2024-12-23,83.37000274658203,83.44999694824219,82.41999816894531,82.58000183105469,835200
2024-12-24,84.80000305175781,84.91000366210938,83.2300033569336,83.31999969482422,407700
2024-12-26,85.26000213623047,85.4000015258789,84.5,84.66000366210938,371300
2024-12-27,84.68000030517578,85.5999984741211,84.30999755859375,84.66999816894531,625800
2024-12-30,84.38999938964844,84.94999694824219,83.5999984741211,84.05999755859375,775800
