Price,Close,High,Low,Open,Volume
Ticker,MAR,MAR,MAR,MAR,MAR
Date,,,,,
2015-01-02,70.48127746582031,71.21554965455192,69.53850456431562,71.01611599436934,1277300
2015-01-05,68.55040740966797,70.47220751164268,68.27845117222824,70.38155773787425,2034800
2015-01-06,67.68920135498047,68.53225719348211,67.00025770340164,68.4144132069014,2551500
2015-01-07,69.23934173583984,69.41158112369322,67.97929137955144,68.4234869675803,1979400
2015-01-08,71.53282165527344,71.64159860266824,69.23934188311975,69.62008194740201,2396100
2015-01-09,71.3696517944336,71.69598956407476,70.69882832026647,71.42404027001817,2350900
2015-01-12,70.6263198852539,71.61441417886333,70.37249083557337,71.5056303004288,1715400
2015-01-13,70.1821060180664,72.16736805833663,69.95547818392168,71.46935045613661,2504700
2015-01-14,69.41158294677734,69.81951034162125,68.41442171349937,69.09430531566167,1902300
2015-01-15,68.98552703857422,70.46314527997943,68.90394431944922,69.52037244533014,1787300
2015-01-16,68.79519653320312,69.06715290521825,68.24222364860677,68.89491340853282,3146500
2015-01-20,69.1849594116211,69.72886494418253,68.45068728846985,69.53849835359273,1614600
2015-01-21,69.13059997558594,69.88299960225424,68.84051644194422,68.86771069257674,1658100
2015-01-22,71.14301300048828,71.36964083546977,69.22120647003747,69.51128982216848,2106200
2015-01-23,71.17024230957031,71.4784529972997,70.6444638134173,71.30622046080107,1631000
2015-01-26,71.99516296386719,72.0223572103289,71.15210674287425,71.297151945518,1373200
2015-01-27,71.26089477539062,71.9135843928478,70.8620273611365,71.33341738091616,1274300
2015-01-28,69.71073913574219,71.27900023425256,69.62914950037026,71.133961983563,2304500
2015-01-29,69.9011001586914,70.21837779066232,68.91299905782924,69.62008381553626,2247000
2015-01-30,67.53510284423828,69.38438702722458,67.47164731955347,69.30279740055354,3178100
2015-02-02,67.80706787109375,67.97024022954173,66.51981619172214,67.33567798396207,3253500
2015-02-03,69.46598052978516,69.55663722153345,67.72547993991688,67.970241941822,2757600
2015-02-04,68.84049224853516,69.70167549121491,68.40536364292636,68.74077542050262,2261600
2015-02-05,68.62293243408203,69.16684498311082,68.25126623612341,68.81330597592333,2541300
2015-02-06,67.28129577636719,69.1305803724899,66.72832311652061,68.6954517373466,3403400
2015-02-09,66.52888488769531,67.00027478647412,65.96684521334659,66.46542935318291,2465800
2015-02-10,70.00989532470703,70.20026193461467,67.42633167963318,67.42633167963318,3532400
2015-02-11,69.81953430175781,70.39064114988777,69.32095697208767,69.91925115091904,1938600
2015-02-12,71.63253784179688,71.82291134872163,69.91923160854681,70.31809889370864,2179300
2015-02-13,71.97702026367188,72.03140874487694,71.17928565328044,71.69599697313197,1786000
2015-02-17,73.69031524658203,73.71750948300105,71.39684242679957,72.01327047811975,3033000
2015-02-18,73.83536529541016,73.98947752000284,72.55718756623558,72.72035992699558,3480400
2015-02-19,75.33111572265625,76.84498849800438,74.1979761753355,75.94754391304413,3927400
2015-02-20,75.2404556274414,75.40362797653182,74.37927245599055,75.40362797653182,1786700
2015-02-23,75.19512939453125,75.24045773793549,74.64215680244364,75.01382985318267,1837600
2015-02-24,74.56058502197266,75.2042074791562,74.3792854540268,74.99571366763197,1360600
2015-02-25,74.84226989746094,75.27845214034441,74.51512974880247,74.71504949887061,1344300
2015-02-26,75.623779296875,75.66921119703358,74.6605370444058,74.6605370444058,1430100
2015-02-27,75.51475524902344,75.98729431141058,75.15126526249368,75.70558593202773,2035100
2015-03-02,77.08682250976562,77.1231721904084,75.53291006049878,75.74191205795385,2349700
2015-03-03,76.25081634521484,77.17770912687149,75.89640861926429,77.05048868493812,1567600
2015-03-04,75.5601806640625,76.0599732403169,75.22395127302352,75.92367058597073,1097600
2015-03-05,75.3329849243164,76.07813599200189,75.23302504290804,75.68738561913071,1189200
2015-03-06,74.0789566040039,75.33299642290613,73.89721511897127,74.97859567399722,1667100
2015-03-09,74.95132446289062,75.00584551403173,73.94264341882672,74.00625362282209,1913500
2015-03-10,73.84268188476562,74.30612467508365,73.43375321137711,74.30612467508365,1927000
2015-03-11,73.6700210571289,74.38791157521369,73.52462928281622,73.59732170347658,1284200
2015-03-12,75.24213409423828,75.42387559959391,74.17892479562637,74.17892479562637,1599100
2015-03-13,74.58786010742188,75.32392228139817,74.07897136851717,74.98769284078209,1374600
2015-03-16,75.86912536621094,76.07813427707853,74.8422729829718,75.06945326596212,1163900
2015-03-17,74.91498565673828,75.78735726656285,74.74232639241073,75.78735726656285,1373100
2015-03-18,75.63287353515625,75.850964696361,74.07895407921752,74.76049502435124,1676500
2015-03-19,76.61427307128906,76.71423294607884,75.48746085810367,75.7237302833333,1486600
2015-03-20,76.36892700195312,77.24129848226434,76.03269767738841,77.24129848226434,3230400
2015-03-23,76.57794189453125,77.2231401269406,76.0781493328395,76.38711125101331,2046700
2015-03-24,74.74234008789062,76.35077402163523,74.70599039752987,76.30534210843021,2108700
2015-03-25,72.50686645507812,74.49696813114461,72.49777730170544,74.38791908965034,3328900
2015-03-26,73.2247543334961,73.6700257703681,71.40731197386398,71.9979821273429,3163900
2015-03-27,73.4428482055664,73.96990817337074,72.96122707163897,73.11570801403218,1777600
2015-03-30,74.06078338623047,74.34248476092093,73.75182148276264,73.89721328057307,1082900
2015-03-31,72.98849487304688,74.26070608547364,72.85218529082377,73.86995564736385,1920400
2015-04-01,72.99759674072266,73.07937834450375,71.89804460314468,73.07937834450375,1364300
2015-04-02,72.83399200439453,73.54279329913192,72.65224363844183,72.97938376416543,1143000
2015-04-06,72.95214080810547,73.20658164871284,71.82532839984727,72.17972913254938,1798300
2015-04-07,71.92528533935547,72.91578813291514,71.90710703263379,72.78856771783396,2416200
2015-04-08,72.870361328125,73.4792029190191,72.09794269726694,72.21608090024168,2202800
2015-04-09,72.89763641357422,73.2247766928404,72.16157425172261,72.70680573950138,1095900
2015-04-10,72.98849487304688,73.30654594290523,72.75222539272637,73.01575540289282,851000
2015-04-13,72.8885498046875,73.40652077612583,72.55232035786113,72.8703784254242,1027100
2015-04-14,72.0252456665039,72.89761720366232,71.81623673588605,72.57047701060382,1652700
2015-04-15,71.75262451171875,72.66134570401456,71.6526646259268,72.17972458137658,1381300
2015-04-16,71.34371185302734,72.05251336419416,71.24375195447885,71.3800615373171,1711200
2015-04-17,70.55311584472656,71.17104655934108,70.10784438261976,70.80755668021617,2927700
2015-04-20,72.4886703491211,72.63406903541158,70.62579647871313,70.87114809558965,3587600
2015-04-21,73.12479400634766,73.37923482587688,72.2705938839347,72.77947552299312,2344300
2015-04-22,73.41559600830078,73.78816814299195,72.80675439002898,73.65186549188142,1572000
2015-04-23,73.92448425292969,74.45154432706248,72.90672072549428,73.11572276430947,1236700
2015-04-24,74.3697509765625,74.50606056386577,73.6972991276583,74.14257064205492,1131800
2015-04-27,73.9426498413086,75.48747317708568,73.86086132450072,74.31522194478727,2220700
2015-04-28,73.89722442626953,74.35158512907074,72.77949404686113,73.79726451701374,1803700
2015-04-29,76.21446228027344,76.63247327019117,74.569671918887,74.89681216021283,5530200
2015-04-30,72.7431411743164,75.16033617187048,71.95255116552227,74.78776405254898,5499500
2015-05-01,73.57915496826172,74.36065573679176,73.05209502055683,73.28836446831978,1877700
2015-05-04,73.16117095947266,73.86088347402804,72.75224211878877,73.61553171601366,1678300
2015-05-05,71.07108306884766,72.97939617133872,71.04382254256802,72.9521356450591,2694100
2015-05-06,71.62541961669922,72.17065106359968,70.79848675771557,71.19831945451243,2273600
2015-05-07,71.31643676757812,72.2069795854431,71.18012721256027,71.58904894462187,2587000
2015-05-08,72.97032165527344,73.4882925082499,72.00707238274343,72.15247111557557,1865600
2015-05-11,72.4432601928711,73.09754061148499,72.32512199157007,72.83401061326589,1852800
2015-05-12,71.93438720703125,72.47052948920839,71.43458767873571,71.92529805206391,1247200
2015-05-13,71.49820709228516,72.52505987984516,71.3437261029433,71.73447662086343,1647200
2015-05-14,73.2247543334961,73.32471421791526,71.98889297430686,72.12520253787775,1847400
2015-05-15,73.51554870605469,74.0607800560652,72.97031735604418,73.5428092336063,1965800
2015-05-18,73.8154296875,74.10622020820853,73.2883697021555,73.2883697021555,1416300
2015-05-19,73.51554870605469,74.07895143010202,73.31562892668586,73.76998954052675,1553500
2015-05-20,73.52466583251953,74.31769952162142,72.69516283071901,73.76166072919077,1246600
2015-05-21,73.3514633178711,73.67050022412629,72.95038437601717,73.25119358240761,1330400
2015-05-22,73.05976867675781,73.61580738713235,72.53107499238814,73.27853583927941,934900
2015-05-26,71.7471694946289,73.13271142624264,71.57397501455608,73.05066937350335,1209200
2015-05-27,72.1938247680664,72.63136617682673,71.8109803819541,72.02974760909187,1530600
2015-05-28,72.03887176513672,72.20294893965948,71.40990810371859,72.1209138296408,1308400
2015-05-29,71.09083557128906,72.4399146605911,70.93587580456331,72.30318259104641,2532200
2015-06-01,71.07262420654297,71.783622786184,70.51658542923734,71.28227406747119,1928200
2015-06-02,71.491943359375,71.71982791592605,70.73536496254917,70.86297975785898,1378000
2015-06-03,72.35790252685547,72.81367164395341,71.61044145299422,71.89302303464463,1677800
2015-06-04,71.53751373291016,72.38524445102111,71.39166429756537,71.87477838179822,1515000
2015-06-05,71.44638061523438,71.71072759808183,70.91769360402587,71.31876578965097,837900
2015-06-08,70.15198516845703,71.29140801803791,70.08817776705992,71.16379321524366,2038200
2015-06-09,70.4801254272461,70.63508523475979,69.80558918228719,70.04258408043148,1205500
2015-06-10,70.3980941772461,71.21847294624385,70.3980941772461,70.61686138534655,1344500
2015-06-11,70.43453216552734,70.66241664600328,69.85114845186757,70.5621538727177,2253900
2015-06-12,69.85116577148438,70.5165916794389,69.64151589197394,70.14285770063937,2104500
2015-06-15,70.2066650390625,70.36163180949819,69.1492844046168,69.32247887802389,1754400
2015-06-16,69.94233703613281,70.41633389363095,69.79648756952702,69.92410237556442,1463700
2015-06-17,70.2066650390625,70.28870708864424,69.29512689184054,69.96055279928561,1546400
2015-06-18,71.23670959472656,71.5557465643075,70.5165936036814,70.52571093266495,1506700
2015-06-19,70.77184295654297,71.34610966226752,70.7262632533723,71.21849483877318,1810700
2015-06-22,71.0179443359375,71.45547877641444,70.91767457781059,71.09997943559522,1312300
2015-06-23,70.72624206542969,71.09085871810554,70.48012982370192,70.91767119780977,1212300
2015-06-24,69.61416625976562,70.74447154123388,69.49566185749761,70.70800918318862,2098400
2015-06-25,69.43186950683594,70.0608331489888,69.36806210505848,69.6779887383241,1335100
2015-06-26,69.29510498046875,69.99699302640116,69.16749023656867,69.7691085616536,3597100
2015-06-29,67.29885864257812,68.82112557902484,67.24416162830084,68.58412372911316,2025800
2015-06-30,67.80934143066406,68.44741553273728,67.4082623067974,67.87314884087138,1828800
2015-07-01,68.35623931884766,68.74820097513641,67.9733949907006,68.56589613920458,1854600
2015-07-02,68.18305206298828,68.62058645263478,67.9095878535964,68.42004695967859,1226500
2015-07-06,67.73641204833984,68.15571885161528,67.3079879143777,67.50852746257152,1700100
2015-07-07,68.76644897460938,68.83936675044058,66.87044771329698,67.73640628372613,2767900
2015-07-08,67.4173583984375,68.31977918834595,67.36266833677152,68.07366695636507,2016200
2015-07-09,67.6178970336914,68.9669764915904,67.60877970536886,68.56589749920457,1598800
2015-07-10,69.24955749511719,69.45009700988983,67.99163034044678,68.57502118091469,1416800
2015-07-13,70.1701889038086,70.53479849139899,69.75087536001186,69.96964945794461,1756000
2015-07-14,70.4254379272461,70.79005457043382,69.82381942281376,69.82381942281376,1214100
2015-07-15,70.51659393310547,71.11820551362794,70.09728720619965,70.31605442143652,1637200
2015-07-16,71.32786560058594,71.79275203929595,70.79917176475766,70.79917176475766,1756500
2015-07-17,70.82649993896484,71.35519364894218,70.18842611967015,70.18842611967015,1715700
2015-07-20,70.94501495361328,71.33697663115473,70.80828284200877,70.86297290485693,1276000
2015-07-21,69.8238296508789,71.20025437715667,69.63240744992399,71.20025437715667,2271100
2015-07-22,70.12464141845703,70.34340866233161,69.49567776852166,69.76914203922885,1601900
2015-07-23,68.01898956298828,70.1155234529688,67.49029568680332,70.1155234529688,3260600
2015-07-24,67.47205352783203,68.19216952995144,66.82486224973383,68.18305915531214,2747300
2015-07-27,67.36266326904297,67.81843229392894,66.46935292029377,67.0345090147664,2378000
2015-07-28,67.99163818359375,68.94875617651314,67.48117896309556,67.62702842865806,2632500
2015-07-29,70.18843841552734,70.5257100388007,68.1648225848557,68.18305724259169,3417900
2015-07-30,66.21410369873047,69.39536859963457,65.76745213435262,69.27687119199838,6515300
2015-07-31,66.1867904663086,67.34444094146322,65.53048183761302,67.31709590768169,3438900
2015-08-03,66.15031433105469,66.46024087651838,65.57604787774682,65.77658735637335,2314200
2015-08-04,65.83129119873047,66.17767321786154,65.52136458836291,66.17767321786154,1862100
2015-08-05,64.44573974609375,66.9068967451672,64.20874485152213,66.61520483651593,4158500
2015-08-06,64.65542602539062,64.79215819116578,63.87150235973235,64.69188839989646,3782400
2015-08-07,65.05648040771484,65.1476328320122,63.87147802839657,64.65540139542543,2691800
2015-08-10,66.13212585449219,66.27796840896002,65.50316201747579,65.76750903659156,1788300
2015-08-11,65.75833892822266,66.08649310551894,65.3390323582289,65.6580692099109,1926900
2015-08-12,65.87687683105469,65.99538127342754,64.04468966198789,64.83772361578256,2758000
2015-08-13,65.90420532226562,66.31439467246683,65.27524182777243,65.45754666019884,1533100
2015-08-14,65.49401092529297,65.99535966079426,65.12028392158783,65.85862755524992,1352000
2015-08-17,66.48760986328125,66.75195682086554,65.1203023302847,65.26614485080508,1294400
2015-08-18,66.20402526855469,66.68880779142007,66.06682990948038,66.68880779142007,1073500
2015-08-19,65.77417755126953,66.35041936872003,65.32598249262496,65.81990704118479,1959000
2015-08-20,64.02710723876953,65.17044843946185,63.953931727109016,65.17044843946185,2792600
2015-08-21,63.41429901123047,64.31982358782784,62.9935501475751,63.34112347535914,4293500
2015-08-24,60.999549865722656,63.103293760178936,58.493344094255676,59.65497932317789,5148700
2015-08-25,60.88065719604492,63.094172052193635,60.816630339363186,62.80147685330511,4220800
2015-08-26,63.953948974609375,64.01797581997927,61.61238779719296,62.43559507937928,4370200
2015-08-27,65.04241943359375,65.0607098292403,63.752726720801526,64.438731701205,2250600
2015-08-28,65.47230529785156,65.50889306100615,64.60336162433515,64.68568583603356,1532900
2015-08-31,64.63082122802734,65.09729960462364,64.33811906143615,65.08815789572047,2026200
2015-09-01,63.194759368896484,63.67039327555143,62.80145664611892,62.819747037112535,3175700
2015-09-02,64.86859893798828,65.13385491044585,63.85331148349216,64.31979660597963,2373300
2015-09-03,65.00581359863281,66.00281085518787,64.63994298174654,65.02410398919642,1615400
2015-09-04,64.04537963867188,64.89602553219694,63.84415750572524,63.99965019052902,1533300
2015-09-08,66.24061584472656,66.29550096909442,64.6582354898749,65.2436256415242,2292700
2015-09-09,65.1156005859375,66.91750827299924,64.96924949453563,66.49675237442094,1775300
2015-09-10,66.10343170166016,66.27722184960604,64.82289475385784,65.03326569025265,1605900
2015-09-11,66.78028869628906,66.7985790888087,65.49974488944203,65.60035949430588,1560100
2015-09-14,66.76200866699219,66.97238661682715,66.18576694451161,66.71627918461355,1706800
2015-09-15,66.07599639892578,66.83517690310153,64.82289846001751,66.83517690310153,3177500
2015-09-16,66.57905578613281,66.68881907035706,65.88390227618315,66.33209014122875,1895100
2015-09-17,66.0028305053711,67.08213832999174,65.86562811089102,66.65224772894621,2208100
2015-09-18,63.73442077636719,64.81373529469288,63.16732095202595,64.81373529469288,7984800
2015-09-21,64.22835540771484,64.75886755659704,63.835045639185346,64.21005803518625,1980400
2015-09-22,62.24351501464844,63.41429561222313,61.81361748745086,62.96610071283687,3303200
2015-09-23,61.941673278808594,62.60938083986999,61.80447089635392,62.545353991844884,1374400
2015-09-24,62.380706787109375,63.094157714527626,61.99654573431661,63.094157714527626,2969700
2015-09-25,62.65510559082031,63.58806905612846,62.234356814041995,62.737422817876144,2276400
2015-09-28,60.52391815185547,62.17033254496949,60.40501315950914,61.950812952021636,2552200
2015-09-29,59.85621643066406,60.94467279316065,59.73730444850704,60.542221330544585,3576100
2015-09-30,62.380706787109375,62.5362065280609,60.148909019644904,60.469043230305545,3578200
2015-10-01,64.12774658203125,64.17348303907787,62.426453660270276,62.5545073659165,3393900
2015-10-02,65.36254119873047,65.38998027615595,62.96609507980706,63.20391204816488,2748900
2015-10-05,66.5516357421875,66.68883814210461,64.5759379315505,65.6826918616484,2101400
2015-10-06,65.77417755126953,66.7345805803537,65.63697512471313,66.17662916318824,2546000
2015-10-07,67.84132385253906,67.85962122829692,65.86563295334524,65.90222072645679,2406400
2015-10-08,70.02738189697266,70.33837443123105,67.5120304555193,67.59435467691829,3493700
2015-10-09,69.945068359375,70.42984409177382,69.1493000762427,70.1097098324919,2007400
2015-10-12,69.89018249511719,70.33837040873787,69.4968727403554,69.9816484193496,1516400
2015-10-13,68.8565902709961,69.88102666146264,68.41755108822613,68.9389144792667,2917300
2015-10-14,67.84132385253906,69.14015839517987,67.66754065326448,68.7834363303476,2326200
2015-10-15,68.45415496826172,68.60050606416603,66.93580072947844,68.3718377106188,1858000
2015-10-16,67.53031921386719,68.32608037492767,67.21018501238296,68.32608037492767,2774300
2015-10-19,67.11872863769531,68.10657754121101,66.85347252591403,67.33825526852364,2426600
2015-10-20,68.49989318847656,68.95722990730918,67.83218548688748,68.0059686947288,1776500
2015-10-21,67.54859924316406,69.05781107965801,67.48457241268983,68.46327223759663,1541100
2015-10-22,70.31092071533203,70.73166948600799,67.98765030285043,68.16143343913728,3517100
2015-10-23,68.87490844726562,69.68896719887051,68.05170100788874,69.46029885339938,4880400
2015-10-26,70.0730972290039,70.42981913126681,68.4907099104933,68.9114586419213,2077200
2015-10-27,71.33534240722656,72.28660312584542,69.67978657782308,70.06394754734197,4555700
2015-10-28,70.32920837402344,73.06407876637829,68.86573292887041,72.77138367734769,5232900
2015-10-29,70.41153717041016,70.57617860488507,67.53031555629997,68.06082762054159,3891300
2015-10-30,70.22860717773438,71.23474630202917,70.10970217396226,70.73168022908312,2561100
2015-11-02,70.8505859375,71.25304438258166,70.19202011042194,70.42983709873408,1614200
2015-11-03,70.1645736694336,70.94204441989861,69.44198107266665,70.66764667300616,1930500
2015-11-04,70.4481430053711,70.51216986496915,69.77128663556239,70.28350151234689,1352500
2015-11-05,70.17372131347656,70.8414287682378,69.60662147953525,70.48470681768822,1215700
2015-11-06,70.13715362548828,70.74083441519231,69.652377860531,70.21032916921118,1395400
2015-11-09,69.2956314086914,70.12798024565406,68.08826327599728,70.0090752627741,1237500
2015-11-10,69.99079895019531,70.100562260153,69.00295707419045,69.25906448568814,1024700
2015-11-11,69.02123260498047,70.27433728810466,68.95720576589541,70.1554253166595,1261500
2015-11-12,68.16142272949219,69.05780525897916,68.09739590441458,69.05780525897916,1284900
2015-11-13,66.5333251953125,68.12486155382506,66.48759572332925,67.80472035792947,1643100
2015-11-16,67.42970275878906,68.17058574450425,64.42042739068378,65.4723028624437,13437000
2015-11-17,66.7872314453125,68.32911098888756,66.58532456642008,68.25569348844759,7677800
2015-11-18,66.2916259765625,67.4021451931194,64.97919290205976,66.78722380697205,5285100
2015-11-19,66.60369110107422,66.71382787795504,65.69508544878659,66.44766925210362,3243300
2015-11-20,66.36507415771484,67.03506072325195,65.98878570474619,66.97999582821956,2331200
2015-11-23,66.44767761230469,67.09012471957124,66.26411629440831,66.36507326871424,2274900
2015-11-24,65.14441680908203,65.786863847751,64.18073924893103,65.2545465859124,4296200
2015-11-25,65.93370819091797,66.15398175658004,65.20866379426072,65.3922180968313,2248100
2015-11-27,65.60330200195312,66.00712280743853,65.50234505004508,65.75932383593945,642500
2015-11-30,65.08016967773438,65.52988258802843,64.14402459670904,65.5115229578098,3183400
2015-12-01,66.31917572021484,66.4293054880956,65.22700884108413,65.63083666237219,2562200
2015-12-02,65.79605865478516,66.70466453139858,65.64002976514514,66.15399451533436,2827300
2015-12-03,63.125274658203125,65.97040781598108,62.914187950892995,65.85109824237738,3219100
2015-12-04,65.19947052001953,65.24535558511668,63.54745412930215,64.69468578892635,3475200
2015-12-07,63.786102294921875,65.16278076171875,63.46487871976569,64.93333435058594,3073400
2015-12-08,63.859519958496094,64.16239086913139,62.84995725852646,63.584181493891634,2449000
2015-12-09,62.42778396606445,64.26335547582659,62.01478317722782,63.40064162770013,2904900
2015-12-10,62.620521545410156,63.24461610302559,62.290118132428496,63.079414396534766,1956800
2015-12-11,61.353973388671875,62.25340646652586,61.22548394928549,61.60177945188082,2137800
2015-12-14,60.96848678588867,61.68435830553498,60.16083812308336,61.28971028801879,3154500
2015-12-15,61.14286422729492,61.63846917024724,60.59218740036119,61.555864845348495,3123600
2015-12-16,61.63846206665039,62.501175458605154,60.50958310411129,61.63846206665039,3480300
2015-12-17,60.60138702392578,62.25340404044017,60.58303439136407,61.822043652675355,2410500
2015-12-18,59.757022857666016,61.0694565870749,59.325662491740566,60.47289452786202,4835500
2015-12-21,59.81209182739258,60.500431095935326,59.64689012285635,59.995653166960125,2204900
2015-12-22,62.859134674072266,63.244609953167014,59.89469106527112,60.35358387177334,5675900
2015-12-23,63.18951416015625,63.32718335047777,62.335973582737886,62.693909276286305,2263000
2015-12-24,63.11611557006836,63.60254784252386,62.91420861047121,63.19871991903204,789900
2015-12-28,63.18951416015625,63.290471099582305,62.40939808452882,62.40939808452882,1459800
2015-12-29,63.097747802734375,63.58417295636101,62.74899186292493,63.40979148538275,1910400
2015-12-30,62.42778396606445,63.29050481634054,62.28094188640129,63.18036800498095,1512000
2015-12-31,61.52833938598633,62.60214671648677,61.52833938598633,62.40023279065301,1941000
2016-01-04,60.004817962646484,60.757401848917304,59.628529520585175,60.50960282630602,3899500
2016-01-05,60.19755172729492,60.60137961577717,59.86715536652999,60.09660175732251,2699100
2016-01-06,58.3895149230957,59.36236885335973,57.38912854704674,59.16963473071725,4167100
2016-01-07,56.73750305175781,57.93980339601241,56.60901363350103,57.150507254064664,6444900
2016-01-08,57.499267578125,58.56389870330353,56.911881870203985,57.233108921561836,4510300
2016-01-11,57.96733856201172,58.27938580716391,57.01284069436099,57.95816224645176,4568600
2016-01-12,59.03196334838867,59.19716501922591,57.97650861815898,58.02240069422677,4915300
2016-01-13,55.31493377685547,58.76580579572079,55.186444364073225,58.58225149235982,5475500
2016-01-14,55.746299743652344,57.01284137039925,54.075926704919745,55.25987098742488,7445800
2016-01-15,54.65413284301758,55.20480631437482,53.534436769965666,54.1677075858985,8374900
2016-01-19,53.58031463623047,55.526018776700184,52.882795745541785,55.47095039025415,5212800
2016-01-20,54.892757415771484,55.61780537128605,51.79064114028261,52.89198454884826,8220000
2016-01-21,56.581478118896484,57.416662793351584,54.287014342802934,54.83768424863584,6139900
2016-01-22,57.32488250732422,58.38033725148928,56.5447662189058,57.43501929005244,4769700
2016-01-25,55.17727279663086,57.26982647828304,55.067139497935834,57.26982647828304,3231000
2016-01-26,56.84763717651367,56.95777396613476,55.32411326416312,55.71876134095339,3255400
2016-01-27,55.65451431274414,57.31570739239162,55.07630844507639,56.72832520984139,4022700
2016-01-28,54.34208297729492,56.57230220142161,53.96579103212936,56.23272251946101,4650600
2016-01-29,56.24189758300781,56.26943353033575,54.4889273163373,54.96617622415781,3171000
2016-02-01,56.370391845703125,56.81093203007715,55.076314244424566,55.360829050775635,3495700
2016-02-02,54.21358108520508,55.76463708751281,54.14016007675993,55.43423729789967,3929000
2016-02-03,54.50727081298828,54.81931796880616,52.94703503389888,54.29618060479872,3559900
2016-02-04,55.71875762939453,55.893139117474895,54.04838827655725,54.406324066297536,4331500
2016-02-05,55.07632064819336,55.71877136560655,54.2686717187751,55.69123891378483,3703700
2016-02-08,54.55317687988281,54.88358026862969,53.13060984595539,54.690846125552135,5116000
2016-02-09,55.773826599121094,56.563122708312726,54.14934580484682,54.14934580484682,5311100
2016-02-10,56.33366775512695,57.67363357324742,56.15010997842213,56.56311410073964,3575500
2016-02-11,56.52641677856445,57.06791043730734,55.15891465696824,55.52603030736401,4797600
2016-02-12,58.55470657348633,58.63730739777116,56.56311397839134,56.95776197207739,3711600
2016-02-16,59.71112823486328,60.16084821543592,58.71992161838535,58.986076778625076,5517600
2016-02-17,61.19794464111328,62.29928457020638,60.25262658491447,60.33522392862963,4907300
2016-02-18,59.600990295410156,60.28014957842599,58.73826971823639,58.83004686424165,7969300
2016-02-19,60.30768585205078,60.399463003884655,58.96771982926225,59.19716620992086,3596800
2016-02-22,61.29890441894531,61.97806383951191,60.739054612134694,60.766587061297706,5341400
2016-02-23,61.0501594543457,61.59369103886441,60.847493926827084,61.27126062183939,3016300
2016-02-24,61.750308990478516,61.96219588616922,59.90784113682995,60.46979439446933,3740700
2016-02-25,62.920265197753906,62.94790108449812,61.519986022766375,62.23854719193781,4236200
2016-02-26,62.7820930480957,63.565140474334505,62.45966258181585,63.537504581290094,2961100
2016-02-29,62.7820930480957,63.42695398065542,62.34911198118117,62.94791543481921,4900600
2016-03-01,63.50064468383789,63.73095312864675,62.90184132164366,62.94790582198781,3416000
2016-03-02,63.40851593017578,63.56512396906743,62.772862441379445,63.16899320522344,2733000
2016-03-03,63.27033615112305,63.57434498467779,62.699168678546485,63.16899987327146,2341000
2016-03-04,63.546730041503906,63.82309604890988,63.01241258734412,63.38090762567702,1828900
2016-03-07,64.06259155273438,64.06259155273438,62.966321214124946,63.11372197796885,2741900
2016-03-08,63.0216064453125,63.979683394235856,62.80971958278046,63.473009030847386,4362100
2016-03-09,63.187416076660156,63.353238423712604,62.72679922689839,63.32560253727976,2283900
2016-03-10,62.60704803466797,63.703318502798616,61.46472009373599,63.3256092721648,2281300
2016-03-11,63.46379089355469,63.721735212573186,63.01238833527232,63.53749127854728,1878100
2016-03-14,65.34310150146484,65.68396047399703,64.43108217790359,65.45365206704537,8951400
2016-03-15,64.86407470703125,65.43523516019972,64.49557978432046,64.54163725687427,4007400
2016-03-16,65.62870788574219,66.04326740088202,64.34819319399497,64.46795811164893,3383000
2016-03-17,66.14459991455078,66.16302150088843,64.98384317847703,65.3891883624774,4546600
2016-03-18,67.3974838256836,68.06998071984536,66.55915749943583,66.89080230669234,13530700
2016-03-21,66.605224609375,67.11189911967081,66.16302917296639,66.84474040182407,13663900
2016-03-22,65.33387756347656,65.66552218286101,64.47713013480903,65.30624168327016,7183000
2016-03-23,64.11788177490234,65.25100263052887,63.74017950866503,64.99305824803368,7108000
2016-03-24,63.233482360839844,64.22841647128465,62.98475234745642,63.5835486463124,5624400
2016-03-28,65.72083282470703,66.18144984319852,64.48638258880962,64.57850458681634,6831100
2016-03-29,65.13124084472656,65.82216634320015,65.0943976698507,65.38919226806111,4708900
2016-03-30,65.91426849365234,66.11693398667697,64.88248430632767,65.77608204460233,2362700
2016-03-31,65.57340240478516,66.16299129683777,65.42600166754501,65.95110449416856,4621000
2016-04-01,61.842411041259766,62.708372902419725,61.26203638470106,62.16484843446941,18178900
2016-04-04,61.133060455322266,62.054294028152974,60.94881655213787,61.842407213881984,5528200
2016-04-05,60.654029846191406,60.88433829553774,60.11971958533454,60.69088004150155,5785500
2016-04-06,60.930397033691406,61.08700507760469,60.28553624789823,60.865910955112085,3508900
2016-04-07,60.368446350097656,60.8290632238551,59.981529862970774,60.700091061479476,4227000
2016-04-08,61.32651901245117,61.38179077803128,60.56189345580569,60.80141615407687,9372000
2016-04-11,61.83320999145508,62.7083792165471,61.40944332247169,61.49235098384744,6513900
2016-04-12,62.035888671875,62.25698987271048,61.63055052725733,61.84243039248672,3384500
2016-04-13,62.30304718017578,62.63469195205978,62.07273870128172,62.53335565906984,3471600
2016-04-14,62.496482849121094,62.782070038981054,61.96217271301635,62.32145324783439,4324200
2016-04-15,62.57019805908203,63.178215741225976,62.43201158328058,62.542562169612964,4420200
2016-04-18,62.220115661621094,62.46884563100401,61.42785423550617,62.45042405227184,4991900
2016-04-19,62.46886444091797,63.40852689364791,62.07273360858209,62.293834790669386,5440700
2016-04-20,62.514923095703125,63.012390166174264,61.60290364740059,61.89769816748099,5106300
2016-04-21,62.85579299926758,63.79544849834671,62.395176042600816,62.395176042600816,4476900
2016-04-22,61.29888916015625,62.93868396592805,60.39607707228874,62.855776309401556,5375700
2016-04-25,61.70423889160156,61.796360859752,61.179135941842866,61.492352039245475,3443800
2016-04-26,61.722652435302734,62.19248354867311,61.262035626084064,62.091147288368624,4445600
2016-04-27,63.27033615112305,63.48222301257343,61.73187742876676,61.7687276232997,6220500
2016-04-28,63.78620529174805,65.1772698386026,62.23853273741057,62.30301880098906,7220900
2016-04-29,64.56926727294922,64.88249038872259,63.23348120663726,63.54670432241063,6485400
2016-05-02,64.52320098876953,64.9193317105488,64.06258419732639,64.79035957122109,4575600
2016-05-03,64.57848358154297,64.84564220878501,63.684885731774415,64.16393121112415,4670900
2016-05-04,63.777015686035156,64.32054022556683,63.3532419754558,63.98889551286909,4332500
2016-05-05,63.81385040283203,64.3297460145387,63.60197060404851,63.97967273722796,3058300
2016-05-06,63.76780319213867,64.00732594221515,62.966327275607334,63.57434494231165,1872200
2016-05-09,63.68488693237305,64.06259614546003,63.27954885965365,63.93362398207808,2320700
2016-05-10,64.91012573242188,64.91012573242188,63.24269498263085,63.74016202461137,6235900
2016-05-11,63.49143600463867,64.78116481555425,63.33482793511959,64.78116481555425,2660400
2016-05-12,62.61625671386719,64.01652886771662,62.12800396962005,63.87834240481798,2574500
2016-05-13,61.61212158203125,63.05845854455734,61.08701853266718,62.3767474167854,3812200
2016-05-16,62.37672805786133,62.79128740719789,61.3910083578392,61.61210246041249,2647800
2016-05-17,61.9621696472168,63.02158962012643,61.731861263038795,62.376721927355554,2726000
2016-05-18,60.805477142333984,62.24903820172812,60.259517481133095,61.99919381065795,4548700
2016-05-19,60.120723724365234,60.37982375417872,59.324912455683034,60.27803344818824,3533000
2016-05-20,60.129966735839844,60.49085699615184,59.87085970028073,59.94489028186905,3008200
2016-05-23,60.0189208984375,60.25951675876733,59.67653475335061,60.16697500175558,2001900
2016-05-24,60.49086380004883,60.71294850984861,60.028183202997674,60.30578732526099,2271600
2016-05-25,61.25891876220703,61.38846878686847,60.29654916756398,60.49087420455615,2750500
2016-05-26,60.66668701171875,61.24966917255976,60.490873158402735,61.24041358240206,2025500
2016-05-27,61.36069107055664,61.388450773417475,60.68518143446036,60.85174671157016,1619200
2016-05-31,61.1108512878418,61.71233744826243,60.99055687973579,61.38845539730457,2373600
2016-06-01,62.13801193237305,62.26756194796235,60.76847411906935,61.27742565170331,3899400
2016-06-02,63.40575408935547,63.674109717441674,61.656821771782056,61.80488297070404,3879500
2016-06-03,62.95230484008789,63.294690936111024,61.999184182985246,62.81349928440587,2901800
2016-06-06,62.785743713378906,63.15588953288652,62.498884056734056,62.96156456613249,1827900
2016-06-07,62.28605651855469,63.063363552871365,62.1935218158836,62.989332966756386,2302800
2016-06-08,62.51738357543945,62.81349879729095,61.3699379732579,62.44336006493442,3493400
2016-06-09,62.202796936035156,62.387866399489795,61.69384532161367,62.12876632667431,2551800
2016-06-10,61.527259826660156,61.712336289438646,61.13860984474309,61.462484829673976,2553100
2016-06-13,61.03682327270508,61.999199757932125,61.018319155272806,61.397713572172016,2872600
2016-06-14,60.50011444091797,61.064585353822,60.120720009262904,60.712950629367796,3358800
2016-06-15,60.81473922729492,61.74935601659767,60.527879514318556,60.57414333837679,2933800
2016-06-16,60.6944465637207,60.83325217593682,59.528496364977414,60.59266331203871,2741000
2016-06-17,61.50874328613281,61.619782081425875,60.620397624069554,60.68517260797176,3229500
2016-06-20,62.776493072509766,63.35021949094716,62.05471255057086,62.14725430769727,3091000
2016-06-21,62.65620040893555,62.7672462845984,62.119489266482645,62.67471158485188,2429200
2016-06-22,62.6932258605957,63.31321621530971,62.38785494799465,62.82277587322412,3592200
2016-06-23,63.80363082885742,63.840646111817314,62.961556086335726,63.2854309873056,2472600
2016-06-24,59.139827728271484,62.31381305200466,59.07505273370382,61.406963128057285,6184400
2016-06-27,56.641357421875,59.05655068528637,56.32673447702499,58.58461803299776,6495400
2016-06-28,57.91835403442383,58.04790402954276,57.048515831502016,57.529700519094426,4016500
2016-06-29,60.055938720703125,60.46309281694866,58.45506086018126,58.473568506369254,4199900
2016-06-30,61.49949645996094,61.767852020050405,60.03742426082993,60.77771594796948,4328900
2016-07-01,62.730224609375,62.83201488672166,61.1571066339821,61.434717764917416,3341000
2016-07-05,62.082481384277344,62.878292604980366,61.77711754466247,62.776502305126776,3093800
2016-07-06,62.785743713378906,62.87827840326974,61.36068689723841,61.72157712977365,2899300
2016-07-07,63.257686614990234,63.581561594422645,62.36934078857061,62.90605193159863,2918500
2016-07-08,64.63645935058594,64.81228018592951,63.70184283736364,63.840648388427326,3686900
2016-07-11,64.88631439208984,65.02511289099112,64.42363390256824,64.63646297417954,3282900
2016-07-12,65.94123077392578,66.16331545040138,65.19168351841067,65.21019469308465,3908700
2016-07-13,64.88631439208984,66.20958087451939,64.38661861621323,66.1910697013699,3413800
2016-07-14,65.19170379638672,65.7006553590624,65.08991348385159,65.60812063674321,2274400
2016-07-15,64.9603500366211,65.29348061608646,64.1090194712964,65.16393061962162,1837900
2016-07-18,65.13616180419922,65.47854792407905,64.76601598323752,64.95109242369053,2061700
2016-07-19,64.91409301757812,64.9325971361785,64.21081649168065,64.68275270537004,3060100
2016-07-20,64.65499877929688,65.17319886580052,64.53469728782518,64.96961824326074,1916200
2016-07-21,65.12691497802734,65.2102011524209,64.27558441725594,64.42364558953545,2579300
2016-07-22,65.69137573242188,65.8116771813707,64.82154118895721,65.05288144008134,1838200
2016-07-25,65.89496612548828,66.02451612067266,65.38602173296259,65.62661054690771,2789700
2016-07-26,66.32062530517578,66.36689618203458,65.4230239496941,65.80242537209134,2531000
2016-07-27,65.27498626708984,65.86721692810549,64.51619029141689,65.74692250194326,4010600
2016-07-28,66.19105529785156,66.29284554819175,63.84989365991224,64.3310781579311,3653200
2016-07-29,66.34838104248047,66.48718660481754,65.59884088978211,65.99674640317816,2408300
2016-08-01,65.87648010253906,66.38542463485065,65.45081470717136,66.15408428563252,2235700
2016-08-02,65.32123565673828,65.89496207150466,64.4791607398459,65.8764579561647,2514800
2016-08-03,65.98751068115234,66.0707968676046,64.91409526649089,65.18245088514283,2888900
2016-08-04,66.82032775878906,66.84808746368306,65.33975133156511,65.96899719562845,1974400
2016-08-05,67.28301239013672,67.68091799081336,66.91286649602776,67.26450827240684,1846300
2016-08-08,67.1257095336914,67.76421108972681,66.91287332836413,67.54211929461665,3782600
2016-08-09,66.48719787597656,67.53286050422888,66.38540758366979,67.20897845055529,2639700
2016-08-10,66.49646759033203,67.11645800430979,66.18184105819832,66.65377732642546,2342200
2016-08-11,66.7185287475586,66.94986900469988,66.29286352161195,66.60748994249518,1350000
2016-08-12,66.57049560546875,67.13496657534141,65.9782649255936,66.0707996455841,1784700
2016-08-15,67.44029235839844,67.68088814245452,66.64448150801053,66.70925648141687,2030400
2016-08-16,67.3477783203125,67.65314917131464,67.01464776648194,67.49583948199042,2439400
2016-08-17,67.56060028076172,67.61611967475393,66.88508372743553,67.48656971547658,1712400
2016-08-18,67.51435089111328,67.79196206927861,66.91286471171875,67.50509530252229,1063100
2016-08-19,68.4489517211914,68.46745583411895,66.94060882964483,67.20896435672945,2353200
2016-08-22,67.56060028076172,68.39342649036139,67.19971009992574,68.16208626880277,4737900
2016-08-23,67.67166900634766,67.95853580875018,67.53287045996335,67.94928021900908,1735200
2016-08-24,67.0701904296875,67.80121964719696,66.93138482207877,67.52361549192598,1459900
2016-08-25,67.5791244506836,67.65315503794221,66.90361475679853,67.04241328297671,3013800
2016-08-26,67.36627960205078,68.09730853565577,67.13493936586234,67.8382086007157,2270300
2016-08-29,67.6253890991211,68.31015431827942,67.44031264803456,67.44031264803456,1957700
2016-08-30,66.9313735961914,67.78270415881629,66.80182360013741,67.77344857054236,2326700
2016-08-31,66.0060043334961,67.08867505026544,65.9967487463599,66.79255980140687,2337300
2016-09-01,65.82091522216797,66.57971084257177,65.58957500789921,66.07076660714634,3145100
2016-09-02,65.66363525390625,66.41317562778279,65.28424080217172,66.06154088471831,2568500
2016-09-06,64.8585433959961,65.79315990056766,64.73824901815759,65.62659465282167,2265400
2016-09-07,65.14542388916016,65.33049328812865,64.78453361921007,65.19168770892976,1781600
2016-09-08,64.80303192138672,65.24720832298529,64.66422635464063,65.24720832298529,1880000
2016-09-09,62.147239685058594,64.9140667214653,62.045449424125685,64.79376528948468,3883000
2016-09-12,63.68335723876953,63.8129072414392,61.57353484106846,61.712340432484716,3153100
2016-09-13,63.3039665222168,63.89619715761704,62.79501501057,63.118890036187935,4196000
2016-09-14,63.37798309326172,63.99798042840593,62.4063581231616,63.11888310123502,4322800
2016-09-15,64.1182632446289,64.31258820351819,63.0448411174949,63.396482808770386,3281500
2016-09-16,63.56304931640625,63.960954828598844,63.035593829076,63.91468395464504,3270900
2016-09-19,63.239192962646484,64.20156963959543,62.878302591284005,63.840679268232954,1794900
2016-09-20,64.71975708007812,65.69138199140805,63.53529601105983,63.76663628422575,11410300
2016-09-21,65.18444061279297,65.37030729812055,64.34802634809974,64.86846582966417,15921400
2016-09-22,64.82196044921875,65.73272373012558,64.59891912974685,65.55614551160097,17562100
2016-09-23,63.60455322265625,64.53390084033218,63.28857134565942,64.4595513292318,11920800
2016-09-26,62.40568161010742,64.33872597448043,62.2755735365783,64.31083959556,5063800
2016-09-27,62.312747955322266,63.12127568078438,62.22910299971966,62.45214439739629,4869100
2016-09-28,62.61942672729492,62.67519239404551,61.98747019686729,62.30345200726018,4599000
2016-09-29,62.35920333862305,63.27925519399554,62.24768619879445,62.4614321103708,3181800
2016-09-30,62.572967529296875,62.953996309105605,62.219810949071835,62.63802156928171,6088200
2016-10-03,62.68447494506836,62.99116126747765,62.53578305837013,62.58224617093193,2599000
2016-10-04,62.36852264404297,62.67520907654965,62.15476956037951,62.57298026571409,2748400
2016-10-05,62.70309066772461,62.90754829688091,62.377820389685155,62.461458279598034,2556200
2016-10-06,62.740257263183594,62.86106989634708,62.11758899440114,62.59155824665066,2264900
2016-10-07,62.39638137817383,63.05621715499304,62.02464101494053,62.72165153711884,2879700
2016-10-10,62.62873840332031,63.25139963545597,62.61015456983028,62.77743743268045,1979200
2016-10-11,61.90384292602539,62.69378695165532,61.485639350797584,62.377812177547085,6718100
2016-10-12,62.182640075683594,62.331331977810606,61.73655018858612,61.89453755033302,2186100
2016-10-13,62.51719665527344,62.582250689843335,61.392687148932104,61.652903287211686,3456400
2016-10-14,62.68447494506836,63.07480621466085,62.27556693888012,62.665891118115134,2654800
2016-10-17,62.191932678222656,62.9725882611913,62.117583176919226,62.59155238478023,1631300
2016-10-18,63.037654876708984,63.260696334751884,62.48004768642167,62.9354260646143,3016800
2016-10-19,63.158470153808594,63.42798184325321,62.95401252110161,63.14917469131453,1631700
2016-10-20,62.638023376464844,63.05622691838182,62.07112083008748,62.963293585773464,2068000
2016-10-21,62.39638137817383,62.740242454977235,61.885237492433326,62.32203188745563,1855400
2016-10-24,62.61942672729492,63.632419104026,62.60084289861682,62.96328782588403,2610300
2016-10-25,62.46144104003906,62.74024811018425,62.26627892708076,62.60084457511165,2038200
2016-10-26,61.978187561035156,62.25698755914611,61.253297639444376,61.783025435249854,3820800
2016-10-27,62.191932678222656,62.22910742887437,61.53209680746176,61.98747509481757,2306900
2016-10-28,62.67519760131836,63.08410567943341,61.9781869770701,62.24769860262248,1993000
2016-10-31,63.846168518066406,64.08780084619204,62.93541196571047,62.93541196571047,2697800
2016-11-01,63.49302291870117,64.1249795222449,62.95399965001644,63.82758859648073,3147200
2016-11-02,63.5673713684082,64.37589916766616,63.22351023573831,63.5673713684082,2920100
2016-11-03,64.3480224609375,64.49672147250455,63.56737392128793,63.73465676412128,3203700
2016-11-04,64.69188690185547,65.61193903911307,63.827593351595446,63.827593351595446,4147500
2016-11-07,66.07661437988281,66.15096389118708,65.31454961491319,65.66770624842864,3578100
2016-11-08,67.86095428466797,68.43715231228273,64.16215504423623,65.05432783223523,7883400
2016-11-09,68.84606170654297,69.03192836285331,65.9836698210697,66.13236881840471,5023400
2016-11-10,68.23267364501953,69.78468185655913,68.04680703047661,69.25495420571929,5273800
2016-11-11,68.20481872558594,68.64161322518342,67.61003683815599,67.98177729038956,2986500
2016-11-14,71.78279113769531,72.31251887168985,68.26985910274654,68.30703384956205,7313000
2016-11-15,72.21959686279297,72.34970495184926,71.31812860978928,71.55976095676202,3863400
2016-11-16,72.08948516845703,72.65638770971904,71.81997354307356,71.92220233512793,2746900
2016-11-17,71.99656677246094,72.51699921062301,71.7735253118715,72.03374153095254,2294400
2016-11-18,71.68985748291016,72.15453118040911,71.59692416148195,71.9500736190523,1647300
2016-11-21,72.10971069335938,72.6041867988093,71.72718714428815,71.87646671018175,2605600
2016-11-22,72.63215637207031,72.75344776786538,71.9884079833197,72.19365665689664,2706100
2016-11-23,72.84675598144531,72.8840758695616,72.14702409485673,72.39892444209065,1817800
2016-11-25,73.25724792480469,73.61178324195934,72.08170368235186,72.86539984398708,1059600
2016-11-28,72.83744049072266,73.25727686918712,71.86714453720491,72.35229607298498,3418700
2016-11-29,73.80772399902344,74.24622381079466,72.85608459517074,72.85608459517074,3428000
2016-11-30,73.49984741210938,74.068963335908,72.80011541904963,73.77041130359085,3540300
2016-12-01,74.47013092041016,74.90863070207307,73.21061496583079,73.21061496583079,4127100
2016-12-02,73.89167785644531,74.88996164183631,73.50916149357747,73.8730214730538,2769300
2016-12-05,75.57102966308594,75.80427358179917,74.67537386939188,75.11387357545907,3508000
2016-12-06,76.57866668701172,76.59732307383044,75.26316719798409,75.57105096580436,2907300
2016-12-07,78.2953109741211,78.6218510118915,76.37338350778194,76.61595915785665,3964700
2016-12-08,77.89415740966797,78.92042949597695,77.57694901417157,78.44461690273236,4059400
2016-12-09,77.95013427734375,78.35131417325574,77.50230274221657,78.35131417325574,2386200
2016-12-12,78.28600311279297,78.35131113433674,77.2130795148248,77.83817159503529,2086100
2016-12-13,78.74317932128906,79.26564362672289,78.24870315821173,78.36998748110392,2501800
2016-12-14,78.31401062011719,79.34961458794038,78.14607464917175,78.88312657065218,2012000
2016-12-15,78.67787170410156,79.62950413952552,78.29534810840333,78.77116788513649,3305200
2016-12-16,80.2825698852539,80.37586604100437,78.64986224647917,79.20031454803525,9997200
2016-12-19,79.17233276367188,80.23592468422883,79.03238495980048,80.00268071712352,3139200
2016-12-20,79.396240234375,80.02133232053232,79.12567639453663,79.5548444141987,2637600
2016-12-21,79.16300201416016,79.72278611869173,79.06970584974506,79.36825784669799,1818200
2016-12-22,78.1180648803711,79.30294098431668,77.74487314624861,79.27495284991454,2575100
2016-12-23,78.45392608642578,78.52856585350489,77.99676996963619,78.11806137064973,2316900
2016-12-27,78.50056457519531,79.01370399038743,78.32329693757644,78.83643635276854,1374200
2016-12-28,77.77287292480469,78.83646489956858,77.72622128178959,78.75250048379101,1557700
2016-12-29,77.73555755615234,78.12740575532553,77.53963345656575,77.96880154871378,1590400
2016-12-30,77.13846588134766,78.00613395761343,77.00784979399951,77.88484962451669,2403000
2017-01-03,76.97051239013672,78.23002844200343,76.23346056884198,77.76354048812381,3277100
2017-01-04,76.82122802734375,77.81018726803227,76.73726361755254,77.19441979073333,4016200
2017-01-05,76.29877471923828,77.5023145909746,76.18682215687146,76.56933860836119,2828200
2017-01-06,76.78389739990234,77.45563387613137,75.87890989751538,76.30807783428915,2306200
2017-01-09,76.73726654052734,77.15710284155693,76.13083079167482,76.55067421074554,2643000
2017-01-10,76.43871307373047,76.89586925554308,76.18681272155972,76.58798551108029,2168000
2017-01-11,77.28768920898438,77.82881672275629,76.3174009251678,76.76522519184647,2887300
2017-01-12,76.40140533447266,77.21309703039567,75.6083771449619,77.14778899403696,2281600
2017-01-13,77.10112762451172,77.11045937654123,76.4387155912407,76.4387155912407,1671400
2017-01-17,76.85852813720703,77.34367944018001,76.6999239919439,77.03579578075936,2113900
2017-01-18,77.43701171875,77.53030789962196,76.56934371236039,76.88655926897583,1467300
2017-01-19,78.86445617675781,79.57351989416638,78.10874793251917,78.10874793251917,3465000
2017-01-20,78.7245101928711,80.01202159367034,78.51926145756566,79.18167354552331,2449800
2017-01-23,78.71516418457031,78.86443659862792,78.2020246905351,78.50990838695623,1452000
2017-01-24,78.84579467773438,79.27496273417118,78.3886313653646,78.69651511825661,1455600
2017-01-25,79.87205505371094,79.95601945510546,78.59387570528673,79.10701521838699,2094600
2017-01-26,80.08663940429688,80.45983114859908,79.80675093460059,80.0399948850344,2148200
2017-01-27,80.31056213378906,80.53447434266737,79.79742257381714,80.20793422179467,1693400
2017-01-30,79.5455322265625,80.07732823826473,78.92043292456309,80.07732823826473,2251100
2017-01-31,78.92975616455078,79.52686014423779,78.70584395167839,79.52686014423779,2462000
2017-02-01,78.96707916259766,79.49887513788622,78.62187551904358,78.82713135477621,2241700
2017-02-02,78.83647155761719,79.12569183822082,78.19271584345611,78.7431753817491,1803800
2017-02-03,79.7227783203125,79.78808634081882,79.08835449909094,79.08835449909094,1386600
2017-02-06,79.90937042236328,79.9840101869672,79.48952708499607,79.73210276093893,1224300
2017-02-07,80.05863952636719,80.55311548987214,79.81607097848439,79.8253956101449,1547700
2017-02-08,80.57179260253906,80.68375226373647,79.64814853129256,79.97468864556753,1869500
2017-02-09,80.97296905517578,81.14090498082587,80.47849302910619,81.03827707525969,2460800
2017-02-10,80.65576171875,81.15956954649066,80.64643708496965,81.15956954649066,1866600
2017-02-13,81.52342224121094,81.56074212710098,80.78637051047333,81.01961445875585,1504200
2017-02-14,81.99925231933594,82.01791582367522,81.22488060420562,81.45812458215755,2366700
2017-02-15,83.46405029296875,83.46405029296875,81.42083012996987,81.70072583817701,3447100
2017-02-16,83.44536590576172,84.96611404444782,82.5683662911112,83.12815040168,3415900
2017-02-17,83.3707275390625,83.65062315811076,81.39281605562323,83.29608775824413,5275200
2017-02-21,82.09256744384766,82.92291562765845,81.85932341203467,82.60570716105342,3637100
2017-02-22,82.08318328857422,82.41084055137087,82.01765183601489,82.10190349970861,1986600
2017-02-23,81.44658660888672,82.37339059456623,81.40913904531278,82.21424380617132,2013400
2017-02-24,81.52149200439453,81.99893242971713,81.25936616875232,81.4746807584327,2521700
2017-02-27,81.86785888671875,82.05509670387215,81.21254438266288,81.4185024103354,1885100
2017-02-28,81.43722534179688,82.14871478596693,81.34361000128855,81.73679871685911,2587200
2017-03-01,82.84147644042969,83.25339250736873,81.8023297387554,81.91467243220949,2589500
2017-03-02,81.93338775634766,82.58870938215432,81.65254175305239,82.56998202983266,2968500
2017-03-03,81.25,82.09255240472729,80.90361536072514,81.7648879778272,2061600
2017-03-06,81.18447875976562,81.4746885136514,80.56660453774481,81.05341582946922,2107000
2017-03-07,80.65083312988281,81.29678386068258,80.44487513307456,81.12828056408456,1909100
2017-03-08,80.87552642822266,81.17509980429192,80.16403698166089,80.46361035773015,2709200
2017-03-09,80.80062103271484,81.54955794893033,80.55722260597783,80.92232738847513,1906300
2017-03-10,81.09085845947266,81.46531987041676,80.538515736261,81.42787944323722,2187400
2017-03-13,81.47468566894531,81.52149691772847,80.90362271728087,81.06276953531358,2236200
2017-03-14,80.7632064819336,81.31554929043237,80.74448626545325,81.31554929043237,2058900
2017-03-15,82.21426391601562,82.4670261039755,81.13766941270225,81.14703309148423,2012100
2017-03-16,82.4389419555664,82.85085811197172,81.7742636119814,82.21426366225177,1846400
2017-03-17,82.69170379638672,82.84148693090039,82.2797876772855,82.74787157903016,3015200
2017-03-20,83.01935577392578,83.53425088977482,82.6729711375916,82.70105502711189,2198100
2017-03-21,83.41252899169922,85.72486403052946,83.00997665122604,84.27380144123522,5486100
2017-03-22,86.25849151611328,86.37083421164752,83.36573674443586,83.57168763932619,4540100
2017-03-23,87.19466400146484,87.70955912291717,86.2023284681856,86.25849624783744,4658400
2017-03-24,87.53169250488281,87.86871349661396,87.2976505463136,87.53169250488281,2274900
2017-03-27,87.22274780273438,87.55976876508952,86.5487058780241,87.05423732155681,2151700
2017-03-28,88.45849609375,88.92658000788705,87.06360802949182,87.22275484612393,2256900
2017-03-29,88.5521240234375,88.65510307056326,87.86872541148804,88.00915203414996,1663200
2017-03-30,88.59893035888672,89.32914018530921,88.37425206054003,88.37425206054003,2078600
2017-03-31,88.16828155517578,88.91721863400171,87.99040739191614,88.5614703074824,2269700
2017-04-03,86.82955169677734,88.49592901243403,86.20232106985354,88.26188709411389,3635600
2017-04-04,86.56743621826172,87.05424032378912,86.06190475729478,86.75466691829686,3097500
2017-04-05,86.08998107910156,87.2695543843173,85.70615603505709,86.8763656633763,2686500
2017-04-06,85.91210174560547,86.267850022278,85.25678725024922,86.03380811073757,2516000
2017-04-07,85.38785552978516,85.8746667362039,84.4891353899268,85.8746667362039,2954500
2017-04-10,85.24742889404297,85.86530300741832,84.87296752612275,85.22870868260406,2152900
2017-04-11,85.56571960449219,85.74358659070116,84.99465680019746,85.34104138158027,2732300
2017-04-12,85.89337921142578,86.12742111663403,85.07891081003993,86.1087009068699,3416300
2017-04-13,85.70614624023438,86.23976148406865,85.4908245505786,85.84656566567081,2244900
2017-04-17,86.0805892944336,86.10868031595065,85.75293213397218,86.04314888385836,1284000
2017-04-18,86.1461410522461,86.36146274700498,84.25508560683413,85.74358869087332,3102400
2017-04-19,85.64997863769531,86.52061486166772,85.35976894383536,86.21167781455661,2025800
2017-04-20,86.8482666015625,87.04486808624542,84.8823160362622,86.08997311809904,2792900
2017-04-21,86.56743621826172,87.01679275530341,86.35211448506726,86.84828226831443,2521400
2017-04-24,87.5503921508789,87.90614041546088,87.20401470470223,87.67209851187467,2085000
2017-04-25,88.53337860107422,88.72060928305501,87.76572137712468,87.99039962398017,1637800
2017-04-26,90.15294647216797,90.63975050168473,88.3367789673552,88.52400963815575,3614500
2017-04-27,89.6286849975586,90.27464293413956,89.3291116480007,90.17166392562979,3655300
2017-04-28,88.39295959472656,89.89082660613609,87.71891765399396,89.78785472189561,2859800
2017-05-01,89.47891998291016,89.92827652689226,88.43040947629608,88.67381510401593,1676100
2017-05-02,90.90188598632812,90.96741744233206,89.62869729048626,89.79720776912394,2483000
2017-05-03,90.79890441894531,91.09847780119496,90.39635201694801,90.99549878144732,2387200
2017-05-04,90.69593811035156,91.16402203211877,90.4993437202966,90.98615499867502,2571100
2017-05-05,90.85507202148438,91.01421880558917,90.56485519720785,91.01421880558917,3038500
2017-05-08,90.2184829711914,91.3231611324907,89.76911933676769,90.89251770923799,3955100
2017-05-09,95.95719146728516,96.6312333696431,93.00826171566563,94.74017057220634,6721600
2017-05-10,96.64995574951172,96.82782990617768,95.21762024606684,95.80740335266384,2610900
2017-05-11,96.25675964355469,97.00569663728858,96.0227177258119,96.50016523787707,1622600
2017-05-12,95.9103775024414,96.51888793271213,95.53591613832961,96.20995087916647,1958000
2017-05-15,97.4176025390625,97.67972833603464,95.72314139264094,95.86356796741667,2416700
2017-05-16,97.35208129882812,97.8482490583273,96.82782964990722,97.83889252344873,2406100
2017-05-17,95.89640808105469,96.82616264550418,95.84944781244238,96.7979893503892,1943900
2017-05-18,96.29085540771484,97.3990504737396,95.5489275345589,95.9151947274277,3512100
2017-05-19,96.56319427490234,96.96702818980408,96.14058055320233,96.32840728170669,1976500
2017-05-22,97.87799835205078,97.98130519749894,96.4411031664373,96.66649666326508,2016300
2017-05-23,99.07071685791016,99.10828363633956,97.55868806049577,97.7840887310722,2867500
2017-05-24,99.4369888305664,99.64360253941841,99.08950865216143,99.50272890473471,1655600
2017-05-25,100.04743957519531,100.91145405254021,99.54969226031469,99.54969226031469,5163000
2017-05-26,100.39492797851562,100.95841537549217,100.06622759404023,100.19770774783038,1794700
2017-05-30,100.2446517944336,100.71422577701122,99.93473841143144,100.1601319168322,2129100
2017-05-31,101.09927368164062,101.12744697244658,99.91594531188122,100.49821959401392,3013600
2017-06-01,102.06660461425781,102.35773820052508,101.09928332363894,101.42798368960692,1778300
2017-06-02,103.36262512207031,103.78524601515835,102.14173703845385,102.26382369727635,2886800
2017-06-05,101.60641479492188,103.63497055703372,101.24014768280264,103.40018357925833,2194100
2017-06-06,98.60115051269531,100.96780758115213,98.53541043663434,100.78936716107339,4531600
2017-06-07,98.72322845458984,99.18340891295416,96.84493268070965,99.08010207218037,4503600
2017-06-08,98.68567657470703,98.77019645802662,96.16875957120418,98.19731558731334,3320800
2017-06-09,96.18753051757812,99.04254112159524,95.66160996280371,98.59175412182579,3629500
2017-06-12,95.85882568359375,96.2532660812104,94.63793054987003,95.59586541851598,5035400
2017-06-13,97.55870819091797,97.56810167874617,96.02789927098445,96.30964658477602,2978400
2017-06-14,97.58687591552734,98.5260239520615,96.60076761111411,98.02826947398844,2316100
2017-06-15,98.36634826660156,98.44148181764217,96.30022576889328,97.06093326907255,1559900
2017-06-16,98.1409912109375,98.90169899351004,97.6432437894946,98.05647130848831,3960300
2017-06-19,99.48394775390625,99.84082141383972,98.27244597619368,98.61993331503749,1636900
2017-06-20,97.8498306274414,99.43698584619283,97.82165733437637,99.01437211995622,1641500
2017-06-21,97.79347229003906,98.37574659155527,97.36146509799678,97.9719126912568,1441300
2017-06-22,97.56807708740234,98.0470445340749,97.09850312619042,97.7559038058351,1516800
2017-06-23,97.72775268554688,98.09401988517482,97.0327850715261,97.49296565167606,6252400
2017-06-26,97.60563659667969,98.75139812314747,97.21119621826178,97.737116722819,2114500
2017-06-27,94.88212585449219,97.25816926228593,94.75064570138248,97.22999596735256,2719000
2017-06-28,95.77430725097656,96.27205449808498,94.35619189713807,94.8539391442465,2059200
2017-06-29,94.11202239990234,96.11240510678597,93.05078771477024,95.94336534139624,3052400
2017-06-30,94.20591735839844,95.06054533043522,94.17774406967273,95.02297855709114,2837400
2017-07-03,94.01809692382812,94.85393798234334,93.83965652983167,94.48767087423576,1230600
2017-07-05,95.01358032226562,95.37984738764717,93.96173938173564,94.19652632955095,2290900
2017-07-06,93.58609008789062,94.61915134949938,93.33251614128027,94.3374041121834,1984400
2017-07-07,94.24349975585938,94.6097669002739,93.37948532109336,93.63305212679165,2469800
2017-07-10,94.58159637451172,94.7506433049674,93.50157471688546,94.13080933671708,1523900
2017-07-11,94.60038757324219,94.80699412846762,93.75515288320688,94.22472691487859,1793200
2017-07-12,94.6661148071289,95.84004972703313,94.55341447537126,95.46438911963776,1776900
2017-07-13,94.57221221923828,95.0793530606435,94.34681867810201,94.85395951950723,1396400
2017-07-14,94.84456634521484,95.20144721541779,94.07446517575326,94.67551939752174,1323900
2017-07-17,95.18264770507812,95.74613506813354,94.48768019614747,94.75064048789795,1232300
2017-07-18,95.79309844970703,96.08423204431037,94.51585656383381,94.8351706178675,1367400
2017-07-19,96.01851654052734,96.36600397778322,95.27658855187786,95.68042259215207,1056900
2017-07-20,96.16873931884766,96.66648652281256,95.70855888793491,95.97151913417076,1622400
2017-07-21,96.59138488769531,96.78860513752804,95.81189021088142,95.84007067382754,1363600
2017-07-24,96.45990753173828,96.84496172010623,96.36599414790987,96.76043465906832,1506800
2017-07-25,96.7885971069336,97.0327776096184,96.39415663999505,96.87312415849534,1526800
2017-07-26,96.76981353759766,98.4602756866947,96.2344994489473,97.09851391393896,2606200
2017-07-27,97.72775268554688,98.05646026507134,96.71347814472499,97.18305221246663,2066400
2017-07-28,97.05155181884766,98.24427380284978,96.98581174481744,97.3332990876233,2005200
2017-07-31,97.8498306274414,98.58236490765445,97.26755629861876,97.4366032221395,1262800
2017-08-01,98.7326431274414,99.12709079872769,98.24428923864994,98.4227296812525,1299600
2017-08-02,97.19242858886719,98.36636363808817,95.84006028445363,98.02826977070205,2182000
2017-08-03,97.35208892822266,98.78898427802118,97.15486153519107,97.31452214693716,2250600
2017-08-04,98.6292953491211,98.65747580084259,97.34266749386435,97.73710783641917,3068900
2017-08-07,99.70934295654297,101.080498197577,99.26794224341016,100.48883752802726,4861600
2017-08-08,97.62444305419922,98.38515789469835,94.41255824138958,94.80699872749642,4618000
2017-08-09,95.18264770507812,96.92007005997004,95.05116755920288,96.82615669364924,2779100
2017-08-10,93.46399688720703,94.85393894720944,93.16346984249434,94.81637217097912,3912800
2017-08-11,93.35131072998047,94.06506520166656,92.8441699605033,93.44522409503985,2154700
2017-08-14,93.98052215576172,94.33739574827581,93.60486159435627,94.09322247372214,2578200
2017-08-15,94.29046630859375,94.89152049156218,93.84906557560389,94.21533274443993,1603400
2017-08-16,94.19654083251953,94.71306789816286,93.6236600184363,94.47828091419859,1906900
2017-08-17,91.88623046875,94.08384036126473,91.84867085668591,94.08384036126473,2579500
2017-08-18,92.0646743774414,92.73146857650511,91.0034397505029,91.84867435675632,1581300
2017-08-21,93.05079650878906,93.17288318370781,92.02712134246671,92.18678196675303,1494600
2017-08-22,96.11322021484375,96.49956111940465,93.1544412657089,93.48424009333694,2592700
2017-08-23,94.63381958007812,95.8305200960798,94.48305031147115,95.31226691066072,2749800
2017-08-24,94.1815185546875,95.19918954614582,93.83287720342679,94.75631380787742,1365000
2017-08-25,94.8505630493164,95.14266956537844,94.36999491879861,94.97305770690602,1346400
2017-08-28,94.89766693115234,95.16150598527206,94.45479115213352,95.16150598527206,1389300
2017-08-29,94.44536590576172,94.73747237957892,93.83287832824145,94.14383455531589,1286200
2017-08-30,97.65856170654297,97.76221378544146,94.75631787553459,94.9447794685658,1954400
2017-08-31,97.6020278930664,98.32758526423459,96.87646333282346,97.72452253807344,1837300
2017-09-01,97.809326171875,98.23335215446598,97.45125275725881,98.01662313040491,1258000
2017-09-05,96.37705993652344,97.82818197709314,95.27458648130386,97.68683756740658,1856800
2017-09-06,95.92475891113281,96.92358019999661,95.37823107081782,96.75396835952212,1263400
2017-09-07,95.8870620727539,96.33935549998456,95.36880169876626,96.23570342518703,1661400
2017-09-08,97.460693359375,98.41240474099574,95.74573221030748,95.85880917881182,1876100
2017-09-11,98.5914306640625,100.07082013283939,97.82818092467147,97.82818092467147,2974900
2017-09-12,99.01546478271484,99.39238081153614,98.2710576027885,98.61970618753638,1269200
2017-09-13,100.60791778564453,100.74926218629855,98.66681006315883,98.94007398733665,1821700
2017-09-14,100.24986267089844,100.78696570178859,99.55257265637408,100.20274546908807,3517500
2017-09-15,99.30757141113281,99.85409929413524,98.36528493247015,99.85409929413524,2790600
2017-09-18,99.44892120361328,100.33467284200333,99.36411167762401,99.66564307955402,2297000
2017-09-19,101.15445709228516,101.22984173971649,99.00604496402187,99.48661310505203,2148300
2017-09-20,101.47481536865234,101.99306852746608,100.67386625117595,101.10732428163158,3489400
2017-09-21,101.36176300048828,102.23808977180968,101.13561624342735,101.61617720354737,1911900
2017-09-22,101.65385437011719,101.83289108684333,100.82464492515477,100.99425676492831,1179100
2017-09-25,102.58673858642578,103.62325234653653,101.22984366318214,101.62560228610293,3713200
2017-09-26,101.8328857421875,103.32169990327372,101.72923366837298,102.77517209390166,2825700
2017-09-27,102.1061782836914,102.67154881546952,101.22985144325861,102.1061782836914,3563700
2017-09-28,103.65149688720703,103.70803176682357,101.7292319004281,101.90826860464611,1821600
2017-09-29,103.89649200439453,104.8953132064388,102.89766361327614,103.34053933541249,3558700
2017-10-02,104.15091705322266,105.02724371307582,103.36881759773627,103.98130520973254,1545500
2017-10-03,103.08614349365234,104.44303115133707,102.69980258180938,104.01900510626223,2224900
2017-10-04,102.53961181640625,103.21805921472718,102.05904371108308,102.9447952798993,2720400
2017-10-05,104.84821319580078,105.06494224883456,102.58673140089778,102.91653023023152,3459100
2017-10-06,105.30992889404297,105.3193465818034,104.34879275095714,104.81993594566501,1872500
2017-10-09,106.25221252441406,106.28047996511057,105.25338408899916,105.49838055682633,1310000
2017-10-10,107.49604034423828,107.5243077875922,105.9695337014504,106.36529228655556,1921400
2017-10-11,107.54315948486328,107.80700575307812,107.12855829867713,107.31701272975486,1338600
2017-10-12,107.85408782958984,108.24042865902636,107.09083823562601,107.48659675182401,1739100
2017-10-13,108.46659851074219,108.65505293323663,107.7975759650889,108.36294642164762,1690300
2017-10-16,108.12739562988281,108.73988340459947,107.25106873721481,108.36296729792177,4016200
2017-10-17,108.40062713623047,108.43831945450827,107.58083538910606,107.93890881820792,744000
2017-10-18,109.08847045898438,109.93652947872835,108.41003043226239,108.66444454364898,2472800
2017-10-19,108.55137634277344,108.74926278752524,107.92947113765304,108.69272072227882,1695200
2017-10-20,108.38179016113281,108.93774293493591,107.79757713163266,108.82466596677033,2545200
2017-10-23,108.65504455566406,108.85292384074887,108.0896741426968,108.41947295117147,1409300
2017-10-24,110.0684585571289,110.33229756645365,108.77753094877946,109.08847995887,1703100
2017-10-25,109.6161880493164,110.2852105880715,108.90004831088581,109.40888387326476,2885600
2017-10-26,111.95304870605469,112.47130911938021,109.68214214283502,110.74692322312433,2637800
2017-10-27,112.00959777832031,112.53727591280013,110.50193364139157,110.63386036408693,2067400
2017-10-30,111.67977142333984,112.103804580557,110.73748510384497,111.8211158090789,1841300
2017-10-31,112.58438873291016,112.98957219585797,111.49133299506947,111.7740218070145,1712400
2017-11-01,113.22513580322266,113.94126828178163,112.69745053750992,113.55493460112147,1381000
2017-11-02,112.73516082763672,114.25224272889491,112.15094058602787,113.48899293364323,3713500
2017-11-03,114.534912109375,114.56317955046006,112.70687423574513,112.78225887135503,4043300
2017-11-06,114.94010925292969,115.92950575432478,113.87532091785518,114.33703928517289,2838700
2017-11-07,113.91299438476562,116.19332558852122,113.69627255374607,115.15681205854816,5253700
2017-11-08,113.05552673339844,117.16388887062564,112.31111960616153,114.01665570924212,6163000
2017-11-09,111.95304870605469,113.18744882077321,111.31229364461356,112.37708191397783,3317700
2017-11-10,113.17802429199219,113.89416399559023,111.19922421614955,112.16977809402488,3377000
2017-11-13,113.44185638427734,113.90357469619823,112.69744928354596,112.76340904239181,2387300
2017-11-14,115.957763671875,115.99545599108026,113.02725235260714,113.14975418729297,2141400
2017-11-15,115.20396423339844,115.86356199210717,114.37474740636303,115.81645197452876,3043300
2017-11-16,117.20159149169922,117.23928381413414,114.48780897806411,114.90241733577275,3493500
2017-11-17,118.23812866210938,118.38889078352686,116.62681220978058,116.82469872707293,4660700
2017-11-20,118.64328002929688,118.95422906699747,117.8423308653476,118.09675221055427,1937800
2017-11-21,120.57061004638672,121.2791748145101,119.35186538255546,119.35186538255546,3478000
2017-11-22,119.4085464477539,120.92961483600031,119.10622269898258,120.89182346640806,2323900
2017-11-24,119.51245880126953,120.07931487177721,119.39908470398159,119.5219084447017,729200
2017-11-27,119.91871643066406,120.33441427887124,119.35186031545122,119.35186031545122,2560200
2017-11-28,119.89036560058594,120.50446268207942,119.56914259464962,120.22103104201597,3065700
2017-11-29,119.50302124023438,120.39110040553112,118.67163273329633,120.22104284638847,2721700
2017-11-30,119.98486328125,120.9012842564367,118.70943507379083,119.17236678003091,3102700
2017-12-01,119.85258483886719,120.30606685353207,117.57570349734704,119.06843014554947,2371100
2017-12-04,120.67454528808594,122.40345558606869,120.61785462351924,120.6556459972412,2128000
2017-12-05,120.48556518554688,122.3184068138032,120.34384936340928,120.85402199832494,2065900
2017-12-06,120.2682876586914,120.97685964283617,120.12657182026906,120.68397832130547,1698400
2017-12-07,120.78789520263672,120.91071895193983,119.89037362894402,120.18324772411326,1465000
2017-12-08,122.17670440673828,122.80969360874985,121.29806770643987,121.31696699460032,4325100
2017-12-11,121.46812438964844,122.11055598504812,120.92960283238808,121.72319989115194,1432700
2017-12-12,121.64764404296875,121.89329157920537,120.8634964543641,121.496492962133,1529200
2017-12-13,121.37364959716797,122.47902008395529,121.26028270086144,121.76100571412579,2119600
2017-12-14,120.66508483886719,121.67597336155738,120.63674311310518,121.47758128122337,2564200
2017-12-15,122.64908599853516,122.72465431949537,121.00519390695622,121.59094209796264,4111500
2017-12-18,125.97465515136719,126.89107612504738,123.13092460974264,123.24429152081737,3720600
2017-12-19,125.78570556640625,126.63598623182398,125.32276665269428,126.48483515561591,2915100
2017-12-20,126.44700622558594,126.84380473527274,125.89904226003807,126.29584076972488,1455100
2017-12-21,126.55094146728516,127.7129953744678,126.09745947695848,127.02332274518912,2042100
2017-12-22,126.56983184814453,127.29730300138561,126.12579232488726,126.31474193956595,2780900
2017-12-26,125.93688201904297,126.8155044887136,125.7951589518491,126.5604289164495,1150900
2017-12-27,128.72389221191406,128.79947494275766,126.22027732242206,126.31474492402765,2284500
2017-12-28,129.0262451171875,129.09237100798393,128.01534213785266,128.9223206465637,1704200
2017-12-29,128.23263549804688,129.9993515259581,127.87363547974398,128.96954924079301,1685500
2018-01-02,126.36199951171875,128.46881610263034,124.89761457811588,128.3837909272689,2949200
2018-01-03,128.91285705566406,129.2435297401657,126.31475984179934,126.60763394844928,1507900
2018-01-04,128.2042694091797,129.57417216213136,127.49569752841865,129.2907549425724,3187000
2018-01-05,126.97611236572266,128.91287895553782,126.78716269216567,128.91287895553782,3404400
2018-01-08,128.80892944335938,129.0356776571291,126.7021128815069,126.7021128815069,3275500
2018-01-09,130.103271484375,130.66067799066371,128.4877210022911,128.9790016190555,3071500
2018-01-10,130.0938262939453,130.17885148064184,128.9695563278402,129.3474700730503,1143500
2018-01-11,131.72825622558594,131.832180699132,129.1018170751689,129.1018170751689,1408700
2018-01-12,132.05892944335938,132.51241150423905,130.8779760648661,132.37070286519378,1806800
2018-01-16,131.4353790283203,133.57999434185226,130.707922146408,133.5516526148133,2531800
2018-01-17,134.1562957763672,134.7609432933698,132.11560500050817,132.46517698247885,2436100
2018-01-18,133.33436584472656,134.80819336543794,133.08871831398474,133.82563207434043,1691100
2018-01-19,136.11196899414062,136.11196899414062,133.62723848213184,133.79728884834012,3267100
2018-01-22,135.86630249023438,136.31978448605508,134.22242484940952,136.2820003263753,2153900
2018-01-23,137.74635314941406,138.34154362551024,135.13879984410548,135.61118101785797,1540300
2018-01-24,136.41427612304688,138.58723306405807,135.8852113546477,138.04871144312295,3736600
2018-01-25,137.46295166015625,137.99201638405162,136.03636539280032,136.53708839333933,1197800
2018-01-26,139.01234436035156,139.02178679498357,136.91497059758876,137.66134099550808,1113300
2018-01-29,139.8153839111328,140.68456353417545,137.71801036268647,138.55884826879844,2200800
2018-01-30,139.13516235351562,140.96800371170488,138.93675590697828,140.03268374819476,1664500
2018-01-31,139.20130920410156,140.44840267673115,138.81395310282124,139.27689193722446,2329800
2018-02-01,139.37139892578125,140.07051410453207,137.765305203004,138.50221896305396,1676600
2018-02-02,133.3721160888672,138.88952545090152,133.1831664781542,138.58720895694697,2672300
2018-02-05,128.80892944335938,134.72315254643743,128.75224599390023,133.04147627146165,2921200
2018-02-06,132.2951202392578,132.48406989680146,123.76391417854582,126.6643425984093,2881900
2018-02-07,131.92666625976562,134.88377820026346,131.00080282630714,131.5582093738837,1806400
2018-02-08,126.48479461669922,132.2100524492438,126.41865432910942,131.89827912759935,2964400
2018-02-09,128.76168823242188,129.8765155951611,123.85838245460572,127.10835368471473,2885100
2018-02-12,131.41648864746094,132.20062895059306,129.68757129086023,129.82927992011693,2835100
2018-02-13,132.8430938720703,133.2304500681948,130.10328760120154,130.8024028258853,1977800
2018-02-14,137.21731567382812,137.36846672321025,132.56908573490404,133.21151733859162,3561700
2018-02-15,133.48550415039062,136.94333879717658,133.06982070724385,134.2696588543951,4295600
2018-02-16,130.849609375,133.62721349788487,130.83071008808778,132.98476748625725,2855600
2018-02-20,132.68246459960938,133.16428834585636,130.50006525494138,130.50950769140104,2162100
2018-02-21,134.11851501464844,136.85832099205993,132.85252208037554,133.03202929427647,3809800
2018-02-22,133.14312744140625,135.14122180819203,132.40449677022687,134.64879654423174,2029400
2018-02-23,134.62985229492188,134.6961467019031,133.1904631599098,134.29842360858174,1329800
2018-02-26,133.85336303710938,135.57682995001642,133.7397175349504,135.01812467519383,1873200
2018-02-27,130.794677734375,134.80034630756197,130.7568055279154,134.27003427044843,2210600
2018-02-28,133.72079467773438,135.7378182004149,131.15451584386523,131.15451584386523,2426500
2018-03-01,130.24539184570312,134.53515105944396,129.89501987121255,133.72076163127406,3060900
2018-03-02,132.17723083496094,132.52760287515832,127.9632441167589,129.27952343883825,2386100
2018-03-05,128.5314178466797,131.5901219268484,127.1677873941439,131.10716104601983,3635800
2018-03-06,130.31170654296875,131.12609609798542,128.78709404286278,129.33633485434126,2380300
2018-03-07,131.60903930664062,132.04464906018637,129.27951619498302,129.73405482294896,1629500
2018-03-08,131.95941162109375,132.77380106899568,131.48592971997684,131.80789394485132,1584000
2018-03-09,135.69044494628906,136.9404441754602,132.75486565422779,134.33629356420877,2496200
2018-03-12,134.28890991210938,136.05026283997165,133.8154280976251,135.62413209683945,2190400
2018-03-13,134.23211669921875,135.75672897304256,134.06167015346585,134.92339621730662,2013000
2018-03-14,133.9290771484375,135.4063527462011,133.2093898953118,134.86657646921665,1310100
2018-03-15,134.21319580078125,135.45371625608473,133.4651006424573,134.07115698892324,1310200
2018-03-16,133.57872009277344,134.8949992832778,133.5692556559791,134.4783328719777,2596300
2018-03-19,132.40451049804688,133.09579015694683,131.15451110982093,132.50866266420877,1662000
2018-03-20,133.09579467773438,133.80601768620733,132.717000403501,133.06738691335738,1340800
2018-03-21,132.97267150878906,133.8249477039154,132.13933863787156,132.83063270102934,1231900
2018-03-22,129.97079467773438,133.48403708837955,129.8760925083606,131.71320477784195,1626600
2018-03-23,126.66590118408203,130.62421827239427,126.65643674578018,129.79088531706032,2039300
2018-03-26,131.55223083496094,131.74162073597034,127.83066942927087,128.304151406556,1987200
2018-03-27,128.3988037109375,132.26241731367244,127.8116908449181,132.0162119552332,1798600
2018-03-28,126.7984619140625,129.26057386268457,125.52953374109812,128.40831212251985,2212000
2018-03-29,128.76812744140625,130.19805196006388,127.37608956470416,127.73594041568082,2524700
2018-04-02,125.0655288696289,129.17534871659888,123.47462200819135,127.8022539552268,3154000
2018-04-03,125.47268676757812,127.0541143687442,124.4026131924312,126.12609401436627,3643500
2018-04-04,128.607177734375,128.92914202450226,123.5030423838562,123.92917329132155,3194600
2018-04-05,127.30984497070312,131.06929328045376,126.16401215042272,129.64884725257392,2917400
2018-04-06,123.98594665527344,127.11092966318257,122.66020329410904,126.08820716334763,2625500
2018-04-09,123.78713989257812,126.20190107332124,123.6451010670445,124.90455051884132,2449600
2018-04-10,122.95377349853516,125.78520039729412,122.12991963531468,125.43482842319264,3656100
2018-04-11,125.02764892578125,126.5522614603751,123.8155362280384,123.8155362280384,3893100
2018-04-12,125.9556655883789,126.60907300401837,124.86666286199493,125.48218362916454,2901500
2018-04-13,124.1091079711914,126.82689021223388,123.58827484585446,126.45757480509039,1352700
2018-04-16,126.39128112792969,127.15831962500643,124.9234840973451,125.04659403621733,1501400
2018-04-17,129.55413818359375,130.25489672192305,127.32878152793346,127.52763586953165,2928200
2018-04-18,130.97459411621094,131.8079270956134,129.44051699460599,129.62044247420647,1612200
2018-04-19,130.3211212158203,131.29649253199128,129.72454399543054,130.61467760910242,1156300
2018-04-20,130.18856811523438,130.91773422513862,129.47834532558625,129.87606835384685,1380500
2018-04-23,130.33065795898438,131.42912520061716,129.56361944258978,130.58632783143344,843600
2018-04-24,129.6393280029297,132.10143946451345,128.18101022612802,131.47643993894715,1561700
2018-04-25,129.96133422851562,130.48215282748586,128.10527857830132,129.1564091127062,1123200
2018-04-26,130.4537353515625,131.43858585165358,128.99541737389748,130.83252956295203,1240900
2018-04-27,130.13177490234375,131.6279795695227,129.31738538601905,129.9992005368733,1112700
2018-04-30,129.4310302734375,132.0825323160038,129.23217592872112,130.79466072101582,1115100
2018-05-01,130.30224609375,130.4537493450355,128.30415156909456,128.96702344822884,1046600
2018-05-02,127.0446548461914,130.4158433430546,126.90260161992971,129.84765933704685,2324300
2018-05-03,127.49922180175781,128.02005484844233,123.78712496374142,126.32498133737113,2474500
2018-05-04,128.64505004882812,129.7908682623258,126.11664375063332,126.81740223004007,2832800
2018-05-07,129.3931121826172,129.97076058542203,128.6450172590758,129.336296675705,2331100
2018-05-08,131.9215087890625,132.05408312712606,128.78706130022277,129.28895089785772,3771100
2018-05-09,130.58631896972656,131.78896719566478,127.12990643673069,131.08820869206247,3999700
2018-05-10,131.22080993652344,131.6185330871899,130.11284932810193,130.79466457196557,2114800
2018-05-11,132.40451049804688,132.67912369420486,130.85147570072726,131.51436204573875,1509100
2018-05-14,131.95941162109375,132.84008102140118,131.5900963162034,132.48970903842135,1845400
2018-05-15,131.49542236328125,131.76057112882216,130.5295150319399,131.6279967460517,1492600
2018-05-16,132.99160766601562,134.09955365540173,131.25866205712293,131.82684615658744,1620000
2018-05-17,131.3390655517578,132.97261363218632,131.11113804684325,132.85864987972903,1894600
2018-05-18,131.5574951171875,132.45974183264303,130.79770307034096,132.45974183264303,1444600
2018-05-21,131.8234405517578,132.81116022117044,131.04464959801518,131.8994212173788,1124300
2018-05-22,130.85467529296875,132.38375142125722,130.588750269947,132.38375142125722,1099400
2018-05-23,130.67422485351562,130.91165894816558,129.8859419202585,129.8859419202585,1061300
2018-05-24,130.9401397705078,131.41500792314395,130.35130789862328,130.52225347749584,1504300
2018-05-25,131.03515625,132.1843293889036,130.37034354668842,130.88319492014878,1396700
2018-05-29,127.78704833984375,129.98093732527462,127.33117887981588,129.46808599422187,2011700
2018-05-30,129.42059326171875,130.05691495974844,127.8345350904814,128.2334226702092,1271700
2018-05-31,128.5563507080078,129.87648404292077,127.89153796593492,129.46810424844415,2316300
2018-06-01,131.3865509033203,132.00388835617352,128.88875363023107,129.7150197916874,1558500
2018-06-04,131.7189483642578,132.00387219285392,130.50328688795386,131.84241873807596,1277500
2018-06-05,131.2725830078125,132.81115153346082,130.9116784926785,131.5385080741757,1334000
2018-06-06,134.4542236328125,134.59667833266485,130.7787329664795,131.03516591804487,2113500
2018-06-07,132.43125915527344,135.04303451600634,132.0228649267533,134.5396753331023,1622700
2018-06-08,131.424560546875,132.60222470271282,131.0066741076431,132.46926215312368,1609200
2018-06-11,132.1463165283203,132.81112908184224,130.82618356781722,131.10160073576674,1809800
2018-06-12,132.83013916015625,133.36198924819243,132.24130720437734,132.5452153296146,1354200
2018-06-13,131.3960723876953,133.4190016141228,130.83571674586833,132.96313207614594,1662700
2018-06-14,131.77593994140625,132.3837707243457,131.20609224222534,131.72845021783635,1216100
2018-06-15,131.8519287109375,132.1938344531108,130.3228522656388,132.01338218754296,2321200
2018-06-18,131.69998168945312,131.8804339746235,130.58879152963888,130.8927142187324,826500
2018-06-19,129.71499633789062,130.6077508525336,128.6892793099068,130.246846391254,1364100
2018-06-20,129.15469360351562,131.272602297489,129.00273225988425,129.87648824801752,1794900
2018-06-21,127.0082778930664,129.15469199255054,126.71386185084754,128.96473306946504,1684000
2018-06-22,125.94457244873047,127.55912178758173,125.82110205202805,127.21721602826247,1813800
2018-06-25,122.6109848022461,125.35572263718129,122.1930984342706,124.86185561213493,2432100
2018-06-26,122.92439270019531,123.598712016073,122.47802986147815,122.94339148859693,1748800
2018-06-27,120.55955505371094,124.19704763072569,120.33161307395824,123.04786007573753,2284800
2018-06-28,118.9640121459961,120.89197634301074,117.97628518258693,120.6545421858234,2073600
2018-06-29,120.23664093017578,121.13889496382555,118.95449808858353,119.0779612265734,2022600
2018-07-02,120.1321792602539,120.54056628385852,118.71707376977443,119.258423336328,1681300
2018-07-03,118.26118469238281,121.12939295343062,118.0902318341355,120.67351624946632,1345800
2018-07-05,120.1321792602539,120.34112246943513,118.77405564649108,118.77405564649108,1982600
2018-07-06,121.24337768554688,121.52829431764879,119.51485011958526,120.34112356910278,1435500
2018-07-09,123.61771392822266,123.71267888897157,121.48080667166985,122.59199670605774,2635100
2018-07-10,124.15904235839844,124.82385497667991,123.55121160856562,123.55121160856562,2269300
2018-07-11,123.32328796386719,124.06408126035737,122.76293242579086,123.53223114921865,1831300
2018-07-12,124.1970443725586,124.50095251242709,122.86740459662643,124.11155707500082,1335000
2018-07-13,124.42496490478516,124.56743406487142,123.85513173992383,123.97858762180512,843600
2018-07-16,124.21602630615234,124.8333637056126,123.71266713732555,124.64341931032807,1444100
2018-07-17,123.89313507080078,124.35851121622221,123.3707770487625,123.58922689823414,1224000
2018-07-18,126.43841552734375,126.96075897023299,123.61769717169933,123.80764155927977,2127600
2018-07-19,126.50491333007812,126.76134627203753,124.43449448001559,124.43449448001559,1964400
2018-07-20,126.3624496459961,127.37866020885401,125.43171189376716,126.22948710996339,1529500
2018-07-23,125.39371490478516,126.36245023861207,125.24175357951239,126.36245023861207,1497800
2018-07-24,123.4847412109375,125.65963137414901,122.29757061071037,125.37470753172877,3871100
2018-07-25,124.89035034179688,125.10878568011985,120.81597986798062,122.51600908054598,2718500
2018-07-26,124.38700103759766,126.94179475640117,124.19705661997033,125.52668203519178,1960200
2018-07-27,122.08863067626953,125.24174833867201,121.8891796337165,124.5389525993963,2028400
2018-07-30,119.58132934570312,122.01265253111035,119.3723861508482,121.84169242085208,2040100
2018-07-31,121.41431427001953,121.62325746554058,119.38187867962978,119.86624633779995,1614300
2018-08-01,121.44281005859375,122.68695532122975,120.58804575099951,121.35733000487707,2321700
2018-08-02,122.63947296142578,122.81992520640628,119.59081256720853,120.35060462889201,1513100
2018-08-03,121.74674224853516,122.7819517085059,121.16740231823235,122.62049821866165,1326500
2018-08-06,122.78193664550781,123.00037198828383,120.9964345891769,122.05063546442203,2014700
2018-08-07,118.17573547363281,120.45510495657884,117.72935807434106,119.01150114414949,3859000
2018-08-08,115.5164566040039,119.35339322307084,115.39299345821587,118.34667477579073,2864500
2018-08-09,114.71868133544922,116.72262608089055,114.54772846275088,115.89635265519608,3202700
2018-08-10,114.1203384399414,115.52594436678014,113.74993454804164,114.50972662724557,2314200
2018-08-13,114.4052505493164,115.34548759488052,113.87340046227634,114.58570279138242,1713000
2018-08-14,115.4974594116211,115.86785607678354,114.76615822948985,115.40248720828207,2162500
2018-08-15,114.37678527832031,114.93712642490263,113.32257701503653,114.50024843453787,2115700
2018-08-16,116.01032257080078,116.65614372320553,115.02259567618675,115.08907694573217,2475600
2018-08-17,117.6248779296875,117.65336886869684,115.3170176730309,115.96283885893236,2652800
2018-08-20,118.14723205566406,118.26119580793096,117.41593083101439,117.61537464339655,2439600
2018-08-21,118.8690185546875,119.32488799679015,118.11872588339966,118.17570775218395,2488400
2018-08-22,117.8780517578125,118.83090967253386,117.72559827171614,118.47834962698452,1582600
2018-08-23,116.420166015625,117.9923828358006,116.2677052785211,117.82086814142275,1667200
2018-08-24,117.30633544921875,117.76370316548659,116.53452288443629,116.80132193054732,1408300
2018-08-27,118.43070220947266,118.82137014494494,117.75417401313507,117.84945834351403,1269900
2018-08-28,118.80231475830078,119.36449738958697,117.7446419834362,118.7070304290675,1698200
2018-08-29,120.9653091430664,121.73712899598407,118.3068419632544,118.44976483441606,3105300
2018-08-30,120.26019287109375,121.06059727526925,119.81234850169812,120.8795519506892,1814900
2018-08-31,120.50794219970703,121.27022417320008,120.26019710520052,120.38406601758928,2249700
2018-09-04,120.58416748046875,120.74615157514388,119.16440400672921,120.16490768744728,2069200
2018-09-05,119.11676025390625,120.2411327924971,118.97383012439256,119.77422721810382,3074400
2018-09-06,119.08818817138672,119.72660124447627,117.73512437577934,119.2215877009956,2464700
2018-09-07,120.6413345336914,120.72708825183318,118.5164583019707,119.11676340787737,2916800
2018-09-10,121.660888671875,122.00391080434827,120.72708479483092,121.08917542478173,4017400
2018-09-11,121.34644317626953,122.16590876123912,120.69849956118871,120.91766006073253,2683300
2018-09-12,121.55607604980469,121.68947556768305,120.53651843760382,121.18446206861091,1456600
2018-09-13,123.43318176269531,123.73810320983819,121.97531062474869,122.01343307536897,1928300
2018-09-14,124.28124237060547,124.69097880653752,123.31886117651095,123.70001304010552,1693800
2018-09-17,123.6523666381836,124.35747213835373,123.26169143219607,124.14784224926075,1935400
2018-09-18,123.69049835205078,124.1288194425187,123.15690018240959,123.72862081528781,1755900
2018-09-19,125.04354095458984,125.38657038787302,123.66189987644795,124.15739006662545,1625400
2018-09-20,125.9487533569336,126.0154603905225,124.10022119837619,125.5104468541935,1811400
2018-09-21,124.7291030883789,127.07314010380222,124.26221198596993,126.40614242931879,5530900
2018-09-24,124.10023498535156,124.59571069223693,122.33744181514801,124.23363452789143,1566800
2018-09-25,123.17595672607422,124.57665913780284,123.06160388017493,124.54807456119279,1362800
2018-09-26,124.8053207397461,125.81534776371113,123.242634402026,123.4141563805156,2358600
2018-09-27,127.13031005859375,127.20654044179581,124.19550573287941,124.3289052686183,1935000
2018-09-28,125.80583953857422,126.85398914570757,125.65337877036225,126.53954426356756,2439000
2018-10-01,122.29931640625,126.59670027031567,122.25167060369917,126.41565494429705,2299500
2018-10-02,120.03150939941406,122.43271534992053,120.01244817059248,122.11827050192322,2168900
2018-10-03,118.71656799316406,120.90814417668027,118.47835350668315,120.3459614780553,2451700
2018-10-04,116.4392318725586,118.68797708655802,115.37203568268008,118.4307086535634,2714300
2018-10-05,115.7245864868164,117.6970020053895,114.61927512752933,117.12528873198387,2303000
2018-10-08,114.88606262207031,115.9532659562861,113.86650508490256,115.72457485412903,1676800
2018-10-09,114.1238021850586,115.54356587314875,114.03804845248216,114.80033777856721,1718200
2018-10-10,110.9888916015625,114.01898002010891,110.92219183922492,113.64735875025227,2233200
2018-10-11,109.22610473632812,111.8845793024588,108.67345264756516,110.85549096658966,2606800
2018-10-12,111.95127868652344,112.33242332107035,110.28377727139377,111.68447962325936,2303400
2018-10-15,110.06462860107422,111.8655296228972,110.02651340905797,111.53203077991694,1509700
2018-10-16,112.38958740234375,112.75167806020882,110.49340219990796,110.75067790625724,1560600
2018-10-17,112.39912414550781,113.13282884612357,110.88408347781933,112.59922344484048,1067700
2018-10-18,109.85499572753906,112.37054017517099,109.69301161812041,111.95128034398923,2185100
2018-10-19,106.75819396972656,109.85498197014086,106.72960939749467,109.30232267456286,2664200
2018-10-22,106.234130859375,107.78729397122393,106.03403156214947,107.24416523026055,1559600
2018-10-23,107.05357360839844,107.10121940683815,102.81335925747858,105.7672170175362,4007800
2018-10-24,102.07966613769531,108.41617274630745,101.91768203637113,106.74867138981631,5159500
2018-10-25,106.28176879882812,107.08216592849254,103.06111178179529,103.06111178179529,3274400
2018-10-26,107.41565704345703,108.79729786904352,103.32789643549054,103.50893446404865,3121000
2018-10-29,107.46331024169922,109.13081152702017,105.95779305078884,108.54956764027287,2868600
2018-10-30,109.83592224121094,109.93121384292236,107.1488633688137,107.53000796647379,2419800
2018-10-31,111.37956237792969,113.12329412707821,110.73161869752238,110.84596426573393,2437900
2018-11-01,115.38155364990234,115.51496043714836,110.55056463772166,112.90412469206865,2471200
2018-11-02,115.22911071777344,117.17294178340188,114.2857833948033,116.47735229007377,2814100
2018-11-05,114.99089050292969,115.80081825581455,114.06661718609578,115.5816650120732,2425000
2018-11-06,109.14987182617188,111.8655152994815,106.82489629898046,109.57865495942602,6924600
2018-11-07,110.66490936279297,111.62729782025437,109.23562259753933,109.40713730015891,2503100
2018-11-08,111.39861297607422,111.68446596472889,109.82639609442435,110.15989488271897,1810500
2018-11-09,111.52249908447266,112.0751584587619,110.70304063838293,111.15088505307493,1687500
2018-11-12,109.6453628540039,111.77976260386548,109.32139464390643,111.06511914893723,1997200
2018-11-13,111.0555648803711,112.36097524192246,110.24563004119506,110.26469126573389,2381800
2018-11-14,110.8173828125,112.43723842428012,110.15037788373874,111.81787930104798,1383000
2018-11-15,112.73261260986328,113.0280034938604,109.60723995009145,109.80733923102127,1596200
2018-11-16,113.05658721923828,113.69500024452235,111.52248547388317,111.69400018049829,1369300
2018-11-19,111.0079345703125,113.25667957752111,109.950261822442,112.8660043869887,1696700
2018-11-20,110.50115203857422,111.19919819327656,108.18709361654884,109.25806624027989,2237700
2018-11-21,112.0406723022461,113.5419424573313,111.00794947959527,111.01751375445431,1317500
2018-11-23,112.12671661376953,112.83431962634054,110.73063183960383,111.4095493280089,445200
2018-11-26,114.6511459350586,115.23444258316411,113.10206195716152,113.78097945183781,1284600
2018-11-27,114.71807861328125,115.12925480992179,113.85747642317281,114.74676413705107,1539400
2018-11-28,116.84090423583984,116.91739654019247,113.33155987491777,114.73720901496999,1497700
2018-11-29,116.50623321533203,117.45289945251052,115.27271168580403,116.05681443164416,1180700
2018-11-30,109.99434661865234,111.6103660596598,108.41657697869044,108.62694723673917,9553400
2018-12-03,114.29735565185547,114.832838298659,110.62546213879598,110.92188899036167,3621000
2018-12-04,108.53131866455078,114.01048007671206,107.9767075319321,113.7905455601898,3097500
2018-12-06,110.27165222167969,110.44377267870941,106.24595367741065,106.7910005754375,2921400
2018-12-07,106.37981414794922,111.16092939055369,105.84433157530646,109.82221566354386,2637000
2018-12-10,105.9590835571289,107.43166806467872,104.41956372175427,106.56150880295594,1787200
2018-12-11,105.21322631835938,107.9958390356684,104.98373481752462,107.41254236218582,2613800
2018-12-12,105.25148010253906,107.0013701892374,105.155859248188,105.36622950500247,2615800
2018-12-13,104.08489227294922,106.121652326934,103.50159554621595,105.72959731912144,2066600
2018-12-14,102.9469985961914,105.16543624436224,102.6696929782445,103.27211099939538,2241600
2018-12-17,102.9469985961914,104.55344665259375,101.9142757353004,103.19561138849876,2353400
2018-12-18,103.50159454345703,104.60125265510706,102.81311268936645,103.95102060351083,1882400
2018-12-19,101.73257446289062,104.94548464475878,101.13015653956657,103.99882582370576,2234000
2018-12-20,99.62887573242188,101.58912848605362,98.45271824392086,101.58912848605362,4183600
2018-12-21,98.37622833251953,101.86644405093003,97.82162448787216,99.82012723320176,4319200
2018-12-24,96.56897735595703,98.48142372487811,96.21517944676515,98.03199766091703,1450100
2018-12-26,100.95804595947266,101.05366681921036,96.98015399482902,97.24789532025619,2505400
2018-12-27,101.96208190917969,101.99077473464719,98.29975242816829,99.70539446909193,1630200
2018-12-28,102.54537200927734,103.76933651514352,101.74214803807914,102.49756522741302,1282000
2018-12-31,103.80758666992188,103.80758666992188,102.68880729392855,102.89917756197596,1771200
2019-01-02,102.75575256347656,103.83628224111364,100.68074980141567,102.04814938057285,1802100
2019-01-03,97.28614807128906,102.31588423627127,97.12359187526863,101.69433768603552,3344300
2019-01-04,103.09039306640625,103.19557817368282,98.62483367712683,98.62483367712683,3045300
2019-01-07,103.28166198730469,104.11357143871487,101.31183738486139,102.70792957020026,1529000
2019-01-08,104.95507049560547,105.2514973813784,103.09999497595742,104.09446807435613,1631100
2019-01-09,104.41957092285156,105.69134953463268,103.83627418497915,105.11761707151013,2750100
2019-01-10,105.23236083984375,106.30332610147403,103.27210045926111,103.57809157621315,1682900
2019-01-11,104.62992858886719,104.65861411425661,102.63142583577033,104.48649366651689,1819700
2019-01-14,103.39640808105469,104.32394571725648,103.10954550914113,103.87451966298107,1411400
2019-01-15,105.3566665649414,105.41403761919774,102.83223804201124,103.53984112765285,1788100
2019-01-16,104.49605560302734,106.4945656068301,104.31437088575355,105.06023100621299,2817100
2019-01-17,103.72152709960938,105.07936223286413,103.44422150838348,104.03708249259786,2143900
2019-01-18,104.27615356445312,104.99332103794895,103.52073628358896,104.99332103794895,2361200
2019-01-22,102.56449890136719,104.08489023460282,101.37877692198681,103.9510195748992,2799300
2019-01-23,103.35814666748047,103.62589525141871,101.91425510496471,102.74616449499895,1660300
2019-01-24,103.50159454345703,104.18051212307306,102.69837057728726,103.32947407993439,769200
2019-01-25,105.04110717773438,105.1176067774336,103.0904111578244,104.40043944491096,1587700
2019-01-28,105.69135284423828,105.98777971212965,103.97971238061831,104.33351760340153,1355500
2019-01-29,106.25550842285156,106.46587136666442,105.1654147245542,105.63396197846023,1186700
2019-01-30,108.66519165039062,108.79906229971122,106.1598845216419,106.85793058915925,2514400
2019-01-31,109.51622772216797,109.9943392601468,107.74721649072688,108.6269399697112,2281100
2019-02-01,109.55448913574219,110.15690711111942,109.01900649096243,109.76485940202106,1540800
2019-02-04,110.58720397949219,110.62545377928834,109.4206106196215,109.65966639679489,1070200
2019-02-05,111.79204559326172,111.87810217006052,110.70194455265424,110.89319354899031,1448900
2019-02-06,112.13627624511719,112.59526652884269,111.56254386201262,111.65816470996286,1555800
2019-02-07,110.462890625,111.71554786187689,109.73616631298663,111.3234928843878,1360000
2019-02-08,110.42464447021484,110.45332999534563,109.56404223927576,109.56404223927576,1381300
2019-02-11,110.58720397949219,111.58167688798191,110.40551925431134,110.78800995686944,1022200
2019-02-12,109.71703338623047,111.65816505773846,109.47797761790873,111.313931463126,2374500
2019-02-13,113.65669250488281,114.37385991983264,110.8549581786626,110.92189351224175,2296100
2019-02-14,113.42717742919922,113.60885484239842,111.53385263677683,112.96818716893229,1785400
2019-02-15,115.75081634521484,116.27673470555938,113.6088712158071,114.555537396154,2012900
2019-02-19,116.68789672851562,117.0417018806448,114.89020003466015,115.0240706770003,2625600
2019-02-20,121.41166687011719,121.6985294670484,116.6114220835147,117.17559759300026,3337600
2019-02-21,121.79414367675781,122.63561741159933,119.95818970784352,121.4785882904159,2893000
2019-02-22,123.19977569580078,124.04125665866407,121.98537561812718,122.32961650377071,2085700
2019-02-25,122.85553741455078,124.46199977854434,122.79816636419498,124.0125737630156,2325100
2019-02-26,122.94161987304688,124.21338384822818,122.55912185086545,122.57825039967643,1979200
2019-02-27,121.37339782714844,123.00853844532188,121.09609225395131,122.06187962330635,2168600
2019-02-28,120.17425537109375,121.83388553617921,119.92483693813402,121.60365032150658,3312900
2019-03-01,119.38760375976562,121.40218554142595,117.25791535697203,120.38529938256592,4407900
2019-03-04,118.89837646484375,121.34464328539762,117.36345533934366,121.34464328539762,2095100
2019-03-05,120.12629699707031,120.4620582192467,118.95592303487344,118.95592303487344,1797400
2019-03-06,120.03036499023438,120.72107064607134,119.74256547768475,120.08792196512604,1644400
2019-03-07,117.24832153320312,120.06873020703327,117.10442178716269,120.0399444025891,2043300
2019-03-08,115.79013061523438,116.59596467943051,115.10901306091465,116.26020353561712,2261300
2019-03-11,115.35845184326172,116.24102618395334,115.22414737050624,115.94363875414405,2193300
2019-03-12,115.78054809570312,116.64393184340283,114.2552226579479,115.59827461521151,2185300
2019-03-13,115.30089569091797,117.6704218355203,115.12821746486065,116.21224852235969,3071900
2019-03-14,114.75409698486328,115.62707617393109,114.14971945800129,115.11863669955538,2363600
2019-03-15,117.34425354003906,119.75215353836069,115.01310104965049,115.13781026075779,3601300
2019-03-18,119.8768539428711,120.84577103197127,118.79282291937324,119.9056324264705,2436700
2019-03-19,120.63471984863281,121.56526319266743,119.58906256944815,119.8864499939787,2352400
2019-03-20,118.63932800292969,120.61553593374576,118.51461880089133,120.28936270827246,1927600
2019-03-21,119.97279357910156,120.08791484110115,117.97740960442505,118.35154455711721,1710600
2019-03-22,119.43557739257812,119.82890288749464,118.39950797669815,119.31086817955463,3400700
2019-03-25,118.62975311279297,119.38761099504543,118.1213063430269,118.96551432373624,1493700
2019-03-26,118.5338134765625,119.53150914645853,117.73758184957855,117.89106955007658,1722600
2019-03-27,117.20035552978516,118.68730741208816,116.39452864167832,118.68730741208816,1924900
2019-03-28,119.03266906738281,119.30127804178223,117.30588663332145,117.30588663332145,1496300
2019-03-29,120.00155639648438,120.3565080853539,118.83118998800425,118.96549444994533,2175100
2019-04-01,122.26557159423828,122.3998760729207,120.7306580385497,121.10479298902864,1383400
2019-04-02,123.2728500366211,123.36878807087346,121.3638017235187,122.05451458348696,1783100
2019-04-03,126.23716735839844,126.48660042482804,123.48391814486484,124.18421904457487,2218400
2019-04-04,126.82233428955078,127.11013374640562,125.79586761374429,126.19878099810568,2269000
2019-04-05,128.60667419433594,129.32616552211695,126.93746368226066,127.17729412485433,2210300
2019-04-08,129.42213439941406,129.47010342698292,128.04070837874673,128.4340339114824,1866700
2019-04-09,127.25405883789062,129.4605023896643,126.88952642780245,128.67386595286038,1689000
2019-04-10,127.34996032714844,127.7624616469353,126.91826847399604,127.58020281327077,1476700
2019-04-11,127.82962036132812,128.37644077302087,127.32118101611621,127.99270329865195,1245200
2019-04-12,129.1726837158203,129.2590338089187,127.83922690436086,128.0598814735023,1163900
2019-04-15,128.90406799316406,129.47966693916715,127.6857398237974,129.02878451368557,657400
2019-04-16,130.2759246826172,130.3814506834063,128.90408667235866,128.9328651600201,979900
2019-04-17,130.40061950683594,131.36954399916337,130.13201054451105,130.72680007945095,1111300
2019-04-18,128.94244384765625,131.17766534962843,128.059869567416,131.17766534962843,1378300
2019-04-22,130.33348083496094,130.62128034784956,127.9063974702282,128.2133728827091,1182300
2019-04-23,130.73638916015625,131.22563806617674,129.93056226620814,130.73638916015625,1036900
2019-04-24,129.96893310546875,130.50615105296905,129.18229672179794,129.18229672179794,1232500
2019-04-25,130.1608123779297,130.65966395662375,128.65468432888457,129.43173286914086,926100
2019-04-26,130.89947509765625,131.4558835765039,130.05528174879348,130.70761363828248,837500
2019-04-29,130.43902587890625,131.52306452588118,130.29513342049958,130.89949638390098,1144500
2019-04-30,130.87069702148438,131.2640225291945,129.77707059772067,130.80355209763374,1259700
2019-05-01,133.21144104003906,134.66001185477347,131.96431962912214,132.19456215728994,1632100
2019-05-02,131.3215789794922,133.40330582001442,130.19917407311425,132.9140569033136,1155500
2019-05-03,134.43939208984375,134.5736965919078,131.69573042931253,132.1849794072403,1076700
2019-05-06,132.14659118652344,132.54950462631078,131.0241863246679,131.86839427741688,1415300
2019-05-07,129.65234375,131.52303309073616,128.61628902091127,130.62126819866825,1547000
2019-05-08,129.2877960205078,129.87298287205735,128.16539133240556,128.95202755361828,1244700
2019-05-09,129.9593505859375,130.6308730483717,127.38836005221415,128.4819865304904,1913700
2019-05-10,126.352294921875,126.73601782977326,122.50540470307355,125.55605598180003,4463200
2019-05-13,120.88414001464844,124.50077991885618,120.60593581908716,124.20339250800023,2392100
2019-05-14,124.58712768554688,125.64238760720869,121.17194413993623,121.52689586986293,2273400
2019-05-15,126.4673843383789,126.94704519926721,122.09287231012779,123.5510381068489,1907900
2019-05-16,127.11974334716797,127.8680132795934,125.63280606997063,126.69765399505155,1818400
2019-05-17,125.5848159790039,127.75287790181248,125.54643491101028,126.77436560121372,1653500
2019-05-20,122.65888977050781,124.31851243775878,122.30393805854828,123.51268561369248,1591800
2019-05-21,124.16503143310547,124.37608343055363,122.86036764974021,123.47433310465549,1780100
2019-05-22,122.57257843017578,123.94440929161804,122.43827392505946,123.58946480768776,1620100
2019-05-23,119.31782531738281,121.42665762069016,118.95190364127008,121.311109593829,2227100
2019-05-24,120.36743927001953,121.08001245343732,119.77041412644786,120.0111490049879,1357100
2019-05-28,119.1156005859375,120.84889444087887,119.04819512194781,120.51186712093042,3209100
2019-05-29,119.80892944335938,120.01114585442691,117.97934294515672,118.72081046571633,1321900
2019-05-30,120.03040313720703,120.9451926701454,119.23116163567018,120.08817715290779,1116200
2019-05-31,120.2133560180664,120.91630504094142,117.92156279842565,118.87487078581407,2000000
2019-06-03,119.75114440917969,120.62741544319852,118.88449747957975,120.13632163862906,2263500
2019-06-04,123.4295654296875,123.48735413613959,120.85852633755937,121.6192493463306,1796000
2019-06-05,122.82292938232422,123.86290574809964,121.75406600860697,123.78586882915813,1422600
2019-06-06,123.83402252197266,124.22881654033101,122.25479502202303,122.89033860273211,1355300
2019-06-07,127.6087417602539,128.09983559683553,124.2191907361237,124.70066046765908,1458500
2019-06-10,127.83021545410156,129.7657185115057,127.56059357625294,128.1961371568777,1315500
2019-06-11,129.53460693359375,130.4493963877289,128.27315872182658,129.16868527462424,1387500
2019-06-12,127.78204345703125,130.4012395548475,127.76278055671689,129.87161999586115,1184300
2019-06-13,128.66796875,129.35166224656115,127.13689850159217,128.32130994910668,1115900
2019-06-14,128.72572326660156,129.06275791121024,127.27169016014803,128.6775880544759,872500
2019-06-17,127.9265365600586,129.1398352122139,127.66653874413502,129.0724223848922,1263600
2019-06-18,129.95828247070312,131.24861748793904,128.88941935802887,129.99679357412356,1531600
2019-06-19,130.65159606933594,130.80566988242555,129.12052612163768,129.9968044036364,1222300
2019-06-20,132.10568237304688,133.29009393373533,131.40274059886661,131.8264216686287,1582700
2019-06-21,131.99012756347656,132.9338041825606,130.9982863362593,131.47975609809885,2353500
2019-06-24,131.6916046142578,132.86639201436785,131.33532169060337,132.30788532470152,1095200
2019-06-25,128.340576171875,131.66271452859738,127.82059530373296,131.6434663176486,1729600
2019-06-26,130.6227569580078,131.2101507291494,128.7450275890447,129.1783474906065,1546300
2019-06-27,133.16490173339844,133.68489731016393,130.87311563320077,130.88273973895892,1865200
2019-06-28,135.09075927734375,135.25447190218605,133.0300695900114,133.31895434293048,3030300
2019-07-01,135.99594116210938,137.6040483602634,135.56262132675135,137.1322174100407,1824200
2019-07-02,136.0248260498047,136.0344648483385,134.0893229789746,135.59150622120575,986400
2019-07-03,136.49668884277344,136.82408478168517,135.8611451778561,136.535199961878,650500
2019-07-05,136.7470245361328,136.91072247767977,134.45523866118577,135.6685370655695,1274100
2019-07-08,136.06332397460938,136.48701961113917,134.83076286467946,136.48701961113917,1166400
2019-07-09,134.34930419921875,134.43596521560227,132.74119722429617,133.49228875286386,1808000
2019-07-10,136.32333374023438,136.37146895413042,133.84857250516603,134.26262938171996,1956800
2019-07-11,136.64109802246094,136.97813269727442,135.48557365541248,136.97813269727442,1290500
2019-07-12,137.26702880859375,137.45961377013896,136.39075033627876,136.95888111548885,1057900
2019-07-15,137.4884796142578,137.58477942685107,135.65890072129397,136.81442500597052,1656100
2019-07-16,138.62477111816406,138.89439299148435,137.3151728649126,137.690718666558,1023500
2019-07-17,136.0055694580078,138.60550296267152,135.91889374299706,138.60550296267152,1229400
2019-07-18,134.61892700195312,135.63001628014206,133.54042491501684,135.466303656981,1597400
2019-07-19,132.62567138671875,135.0330204664552,132.52938623950493,135.0330204664552,1549800
2019-07-22,131.0175323486328,132.68341339569247,130.37236471414482,132.40416743487705,1998100
2019-07-23,135.4759521484375,135.65891299294213,131.06568775056647,132.2308509378756,2288100
2019-07-24,134.60931396484375,135.32189452532162,132.64492373716024,134.8885746641126,1730000
2019-07-25,135.50486755371094,136.48707010235407,134.14711913254143,134.48415388444917,1395500
2019-07-26,135.071533203125,136.1018708689886,134.73449848727458,136.05372095339692,1235200
2019-07-29,135.99594116210938,136.34259996905394,134.2915488301484,134.75375567497758,1113900
2019-07-30,135.5914764404297,136.21739578274517,134.69594997090118,135.12926970432747,947500
2019-07-31,133.90634155273438,135.99591814615522,132.69304328041238,135.75518331244376,1551600
2019-08-01,131.7975311279297,135.2833822803514,131.44124819730672,133.83897295950186,1268700
2019-08-02,130.94052124023438,132.15383452647174,130.4301644333635,131.6916129444327,1098700
2019-08-05,125.509521484375,129.54424003750407,125.04731467318408,129.12054433837505,3161900
2019-08-06,123.72811126708984,127.54134375540738,121.61927124715595,121.88889315266155,3932500
2019-08-07,123.08291625976562,124.1325240468763,120.14594809275086,121.59035722145096,2447900
2019-08-08,125.509521484375,126.20283904780618,123.46809459943297,124.32511010238407,1651000
2019-08-09,127.55097198486328,128.05168994314158,124.92213658409432,126.47246975892321,2304400
2019-08-12,125.1917495727539,126.86726946475697,125.0280516334135,126.33764984142644,2305300
2019-08-13,127.50279998779297,128.2924025964966,125.19173678387835,125.36507350348379,1610200
2019-08-14,122.14884948730469,127.04057557795623,121.55183181948303,125.52876850816303,2103300
2019-08-15,122.00442504882812,124.48881058635372,121.3496259307201,124.11326478959346,1945200
2019-08-16,124.04586029052734,124.46954128324138,122.61107529806912,123.19846891852097,1269600
2019-08-19,125.73099517822266,126.37616276513951,125.14360160009119,126.0391281228407,1289300
2019-08-20,125.83692932128906,126.72284660908444,124.92213971667083,125.21102451110053,979800
2019-08-21,124.04890441894531,127.23830723037575,123.7106272735119,127.17066064976265,1646600
2019-08-22,123.82662200927734,125.09272081276772,122.71516505517195,124.5128359987617,963900
2019-08-23,120.90782928466797,123.6333292514418,120.49223852427876,122.99545004580332,1736100
2019-08-26,121.99996948242188,122.60885519617464,121.16878794532661,122.19326442762703,1263400
2019-08-27,121.14944458007812,122.93744849186145,121.06246407363686,122.76348010525,1214800
2019-08-28,121.13977813720703,121.71967767753341,120.48257242246451,120.9754767085214,1892200
2019-08-29,121.51671600341797,123.18873854296797,121.17843881305133,122.93744923329615,1701900
2019-08-30,121.83565521240234,123.33371677871611,121.57470631068708,122.06761798473723,1871600
2019-09-03,120.10562133789062,120.7531747689954,119.48706877954157,120.7531747689954,1895000
2019-09-04,121.47805786132812,121.8066607255549,120.73385687679011,121.40073693784096,2471500
2019-09-05,124.15522003173828,124.55146943049532,121.70032898942583,122.63782477561008,2941800
2019-09-06,125.09271240234375,125.43098958169755,123.75896709658137,124.19388436470949,1120200
2019-09-09,125.5566635131836,125.595316607081,124.05860173096593,125.44067473657043,1291100
2019-09-10,127.27699279785156,127.29632671534519,124.35819064955245,125.64362333490452,1259000
2019-09-11,128.6300811767578,129.11332591609266,126.4458202640496,126.98705201251117,1613900
2019-09-12,128.06951904296875,129.86719011279183,127.9535450215155,129.02634896233667,1080100
2019-09-13,129.4999237060547,130.92066434434486,128.11783615598472,128.5237599458593,1168300
2019-09-16,126.1075439453125,128.34980663056956,125.81759415015557,128.34980663056956,1310600
2019-09-17,126.18487548828125,127.025716692253,125.43101480593545,126.30084951711585,877400
2019-09-18,125.8272705078125,126.10754597424936,124.39687017547303,125.76928349734,1087200
2019-09-19,125.2087173461914,126.94840139112179,125.07340940644457,126.1172198334028,1088500
2019-09-20,122.71516418457031,125.12172817587857,122.60884975730468,124.74479788783832,3007100
2019-09-23,121.63270568847656,122.55087516480083,121.19778835013818,122.01930297462731,2961700
2019-09-24,118.17266845703125,121.88399198821911,118.09535490071484,121.88399198821911,2735000
2019-09-25,118.90718841552734,119.23579864231056,117.21583198382925,118.39495021886682,2925900
2019-09-26,117.59276580810547,118.77188407876196,117.28348948905861,118.25964586662771,2709000
2019-09-27,116.72293853759766,118.878213456908,115.9980713823726,118.37564214039317,3215500
2019-09-30,120.20230102539062,120.43425643931032,116.6166258874365,117.79573687620388,2770700
2019-10-01,119.26481628417969,122.1739520001726,119.177828387175,120.85952557444898,1840300
2019-10-02,116.29767608642578,118.20166146304753,115.59213555077564,118.20166146304753,1859100
2019-10-03,115.03157043457031,116.63594645175534,114.55799267143165,116.25901615831631,2329100
2019-10-04,116.80990600585938,116.9645404709293,115.59212733337063,115.94006409693884,1909000
2019-10-07,115.20553588867188,116.66493697718873,114.89625956929041,116.05605129726776,1707000
2019-10-08,113.726806640625,114.94458535689657,112.93428562261025,114.23904484603673,1717700
2019-10-09,114.51933288574219,115.07023157738867,113.32088803217829,114.6159803560131,1454300
2019-10-10,114.2293930053711,115.82409473449084,113.72681435086214,114.59665635002804,1683300
2019-10-11,117.11917877197266,118.21130907401594,115.04122521168809,115.71777217540296,1828800
2019-10-14,116.07537078857422,117.14817456924925,115.36983768428838,116.74225080729887,1065200
2019-10-15,117.05154418945312,117.6314364159683,116.2590230926788,116.29768355761044,905700
2019-10-16,117.03221893310547,117.62177816292645,116.30735175287282,117.11920682907312,1097300
2019-10-17,116.5296401977539,117.65077157136113,116.31701132526082,116.761595616051,967300
2019-10-18,116.99353790283203,117.33180769808773,114.97357134191343,116.36531835522659,1437500
2019-10-21,118.8781967163086,119.26479395273344,117.82472680512309,118.16299662184646,1820900
2019-10-22,117.96003723144531,118.88786619428872,117.76673492227222,118.51093590856262,1722600
2019-10-23,119.35176849365234,119.52573687266087,116.96453860481866,117.38979628100142,1446400
2019-10-24,120.1346206665039,120.47289044035809,118.7428737412432,119.77701697772774,1335500
2019-10-25,121.95162963867188,122.47353478604595,119.62238670541322,119.62238670541322,1364600
2019-10-28,122.35757446289062,122.51221632890048,120.94650061733577,121.80667571925804,1017100
2019-10-29,122.28990173339844,122.90845435510563,121.33307929884026,122.52185712310641,1229000
2019-10-30,122.20292663574219,122.70549789797325,120.5308966671813,122.13527267017783,931700
2019-10-31,122.30924987792969,122.5895253456595,120.55023927276227,121.73901723531065,1500000
2019-11-01,123.78797149658203,124.7931140435837,122.68617410483881,123.94261334918498,1633400
2019-11-04,125.79827880859375,126.18486871560006,123.19841965371626,124.54183948963374,2225900
2019-11-05,129.20994567871094,129.81883860412773,123.46899737465286,123.72027926179142,3577800
2019-11-06,128.1371612548828,129.28728595410016,127.32531373100844,128.9490087787572,1678200
2019-11-07,128.60107421875,129.6448845162114,127.61525092434908,128.10816994527832,1651900
2019-11-08,128.73638916015625,128.9296840967151,127.5572708754514,128.38845237536697,1020300
2019-11-11,127.33496856689453,127.99217422910573,126.4458001576023,127.8182132293875,1282700
2019-11-12,128.0888671875,129.74157091405044,127.58628845962193,127.73127074999927,1365100
2019-11-13,129.1713104248047,129.36462011476394,127.11269790335975,127.79889716135513,1274800
2019-11-14,130.04115295410156,130.2537818039169,128.48510441543013,128.9490152025463,1238200
2019-11-15,130.97865295410156,131.40391066702222,129.67388631195482,130.38909380618125,1371200
2019-11-18,131.1332550048828,131.7421479545573,130.5050428882815,130.64035079404744,1568700
2019-11-19,130.93032836914062,131.76150989491288,130.69836558957903,131.55854061936412,992700
2019-11-20,128.71890258789062,130.53265970605628,127.31249786642508,129.83431171191694,1408600
2019-11-21,128.98077392578125,129.50454232921288,127.39980438184858,129.15536832689125,997300
2019-11-22,132.1524200439453,132.41430421295755,128.8449687683015,129.59181594664932,1304500
2019-11-25,133.8303680419922,134.34442757157188,132.49188039888577,132.87984482879313,1422500
2019-11-26,135.86724853515625,136.0806334590611,133.2096457191854,133.99528348451793,1757600
2019-11-27,137.08934020996094,137.48701343041208,135.8866414162601,135.96422247400497,1361700
2019-11-29,136.13882446289062,137.48702111498523,135.84784368044558,136.53649770556896,751600
2019-12-02,136.20669555664062,136.57527215767183,135.67324811817414,136.44917704681473,1402100
2019-12-03,134.39295959472656,134.95551851518871,133.6170157458168,134.72273092054638,1121000
2019-12-04,135.07191467285156,135.62477970011534,134.21838969728327,134.2959855677711,1149800
2019-12-05,136.0806121826172,136.27459441041097,135.31436240297316,135.7605348468046,991600
2019-12-06,138.01075744628906,138.42783330234468,136.75955947791326,137.06023415559062,1349100
2019-12-09,137.0990447998047,138.272646961418,137.06994820405535,137.942875676328,825100
2019-12-10,136.34251403808594,137.63250268040957,135.98363133016613,136.84686493587517,1166100
2019-12-11,138.45692443847656,138.94188739622953,136.5655718632189,137.0311321586912,1428800
2019-12-12,140.7362823486328,141.21153666339745,138.04958292066817,138.3502576422289,1472600
2019-12-13,141.7643585205078,142.04563049063523,139.9699898700375,140.68774029020426,1615400
2019-12-16,143.4521026611328,144.47052829866655,142.6373680710665,143.1611365931818,1303600
2019-12-17,144.43170166015625,144.8196661870661,143.24839061321376,143.41327627714537,1251700
2019-12-18,145.0524444580078,145.2173301113392,143.91763274985843,144.4413863075054,1201600
2019-12-19,145.5277099609375,145.90598055945364,144.67418503089237,144.67418503089237,1889800
2019-12-20,146.2648468017578,146.99229131688602,144.0534166597598,146.73040714746884,2853600
2019-12-23,146.6916046142578,147.3220505558184,146.0902404670342,146.45881706050397,863600
2019-12-24,146.9438018798828,147.77793890499225,146.129067520445,146.62372449583992,668300
2019-12-26,148.5247802734375,148.55387687084797,146.99229534359887,147.19597152547223,691100
2019-12-27,148.13681030273438,148.77696508586828,147.9428280411508,148.76727115275338,629800
2019-12-30,147.30264282226562,148.6314513793447,146.6915995645263,148.39866383360433,820300
2019-12-31,146.8759002685547,147.8652290213879,146.27455083050782,147.1280905231402,1186100
2020-01-02,146.93414306640625,148.01076187009727,146.48797044870233,146.9438370016103,1905600
2020-01-03,144.78086853027344,145.50831308235843,144.2668088974585,144.70327266873002,2116900
2020-01-06,142.90890502929688,143.53936586103273,141.81289862317936,143.4520612659387,2178200
2020-01-07,140.5811004638672,142.79253093199765,140.328910189497,142.32697051762776,2073200
2020-01-08,142.31719970703125,143.18043302376174,140.36765429730752,140.76532740273979,1412800
2020-01-09,142.04566955566406,143.15138468007535,141.8031880389081,143.0253043552924,1197900
2020-01-10,141.0175323486328,142.16205265803148,140.68776107978223,141.80316999496904,848200
2020-01-13,142.38516235351562,142.55974195726756,141.1630459276578,141.37643086550923,987500
2020-01-14,142.724609375,143.19018452526188,141.71589281589266,142.00687358483216,944700
2020-01-15,142.87010192871094,143.69453014397638,142.23964115244144,142.35604233569362,799900
2020-01-16,144.53839111328125,144.55777897929414,143.0640993019273,143.52965968449783,804500
2020-01-17,145.7410888671875,146.09997158420055,143.6169631632877,144.70327564746268,1058900
2020-01-21,140.0281982421875,143.97580378155354,139.1067715919341,143.62662986357498,2757200
2020-01-22,139.78575134277344,142.76343171318135,139.42688340493345,140.63929108671547,1297100
2020-01-23,140.60047912597656,140.69746284580017,137.00204716287692,138.14655273611044,1863100
2020-01-24,136.77896118164062,140.65866496940603,135.6344408683042,140.6101657120799,2073400
2020-01-27,133.8497772216797,135.43076121033695,129.34932153607699,133.5878930787971,2641200
2020-01-28,137.0020751953125,137.52582882923627,134.16019854477022,134.53846916924272,1958500
2020-01-29,138.32113647460938,138.93219454208162,136.15820581023397,137.24451810805567,1290700
2020-01-30,139.00009155273438,139.223170386935,134.65482725232027,136.31339241078433,1848600
2020-01-31,135.8478546142578,137.9719952572031,134.77123599248685,137.87499672194863,2070200
2020-02-03,137.2251434326172,140.11553392865005,136.63348790690824,137.43852836319405,1527600
2020-02-04,142.96707153320312,143.78182053594438,139.35894600643164,140.1251957542641,1812900
2020-02-05,143.26780700683594,145.65381719575507,142.87982764285354,145.21735336118687,1872300
2020-02-06,141.8225860595703,144.39288413304809,141.39581623607285,143.83032525661022,1065900
2020-02-07,139.7372589111328,141.02724758711568,138.48604596690316,140.55199327487912,1717600
2020-02-10,141.34730529785156,141.46370647639674,138.16594934900044,138.70910551589276,1169800
2020-02-11,142.7633819580078,144.4704460510561,140.85262693345416,141.48307278830163,1461300
2020-02-12,146.24546813964844,146.42975648171034,143.58786508024312,143.58786508024312,1583400
2020-02-13,142.3075408935547,145.03303052791506,142.24934770276911,144.95543467356902,1933900
2020-02-14,140.54226684570312,142.92829123897903,139.57234087768614,142.55971463516593,2441200
2020-02-18,140.5811004638672,141.47343075803397,139.89244637603153,139.89244637603153,2352800
2020-02-19,143.190185546875,143.4617636531837,140.21250550998755,140.21250550998755,2018000
2020-02-20,142.4239501953125,144.43170439989626,141.871099993984,143.09320159684043,1279600
2020-02-21,138.93218994140625,141.14361978868146,138.25322997785605,141.00783075595032,1858100
2020-02-24,130.77511596679688,133.24843006811366,130.18346055275558,132.70527391094038,3197500
2020-02-25,120.34842681884766,131.95844289454666,119.76647266516783,131.90024969916325,5128400
2020-02-26,116.5754165649414,123.83045941484025,116.24563785361039,122.49196410401684,4961200
2020-02-27,116.50724792480469,123.947195330155,111.46288497859511,113.93637643550146,6958600
2020-02-28,120.75308227539062,121.07444306778076,112.96256083826866,113.20601463317871,6646600
2020-03-02,119.74032592773438,120.44147411801804,113.58581365580807,119.84744620289554,6375500
2020-03-03,111.28760528564453,120.49989663461919,110.8980777007551,119.54556185274184,6796500
2020-03-04,115.2315444946289,115.43604477749709,108.36614495288144,112.46590570094087,7343700
2020-03-05,107.33391571044922,111.98875131552023,105.95109986861868,110.81043578018966,6977200
2020-03-06,107.76238250732422,110.644874311104,101.16965012126016,101.90001144609145,6790100
2020-03-09,101.46180725097656,106.06794894941257,99.0954360367882,99.32914960261832,6687400
2020-03-10,107.1001968383789,107.14888313963993,100.10820354403184,105.9803078946921,5395500
2020-03-11,97.48863983154297,103.71131833741846,96.95303850208376,103.41917080687337,8901300
2020-03-12,91.25621795654297,95.24885863556612,86.43583587558892,87.64336459640127,9065700
2020-03-13,93.1064682006836,98.14109080335705,89.20146732213331,95.65786659889605,8552800
2020-03-16,84.1571044921875,88.68534648008014,76.07444310773599,82.46266819109931,9327200
2020-03-17,73.26985168457031,87.26357842357561,65.96623787228323,85.22830084448246,12101600
2020-03-18,62.1391487121582,65.4014318328429,45.340836657374346,65.3916916006334,25881800
2020-03-19,65.05086517333984,70.7963695139064,51.271377158207486,59.57802049908968,17497700
2020-03-20,72.62714385986328,81.80048182418021,67.69963359307408,71.77992190916363,18154700
2020-03-23,68.29365539550781,78.5868814750763,65.51828363888247,73.05561099624923,12931800
2020-03-24,77.0677490234375,79.22962036824892,73.03615392134878,74.05866304809638,9113100
2020-03-25,83.01774597167969,90.25319321982732,77.15538172458935,81.32330960046932,8717900
2020-03-26,80.64163208007812,93.4862565864682,78.47976120777683,85.3062076492282,10444300
2020-03-27,76.78531646728516,80.62215020475882,74.25339878163841,76.63924272146298,5749800
2020-03-30,74.16575622558594,76.37631307389556,70.93268319466024,74.70135003413085,6097800
2020-03-31,72.85110473632812,77.16510589588641,72.56869746777868,73.01665894866369,5173600
2020-04-01,67.33931732177734,69.54014158267867,65.87859463553323,68.16705869139172,7651300
2020-04-02,61.35035705566406,68.7416107918668,59.9383242852304,67.47565550087131,8062700
2020-04-03,57.532997131347656,63.01557339728358,55.507459966987504,62.674739602708435,10622200
2020-04-06,68.74161529541016,69.04350307665138,62.10993578526042,62.859777692319994,12186100
2020-04-07,71.88703155517578,79.8333664667639,70.77688291747151,76.25945934506782,11850400
2020-04-08,80.36896514892578,81.74204811095235,72.99718457641322,73.2698516364871,9143600
2020-04-09,79.18091583251953,86.69877077333345,77.58385941219977,83.78706524757764,10337400
2020-04-13,76.04521179199219,79.43409135051833,73.72753470544953,79.42435111996784,4157800
2020-04-14,80.51504516601562,81.11881329567032,76.79507120825447,78.87903524885455,6093100
2020-04-15,78.6160888671875,79.84309042797803,75.4998763837244,75.97704365736516,4822700
2020-04-16,78.28500366210938,78.86929129863694,74.25340931156269,77.9928561290354,5398800
2020-04-17,82.05367279052734,83.3877948914095,80.13525561200453,83.06644151425179,5299500
2020-04-20,77.68122863769531,81.07010851491921,77.21380154198012,79.47305231692282,4155000
2020-04-21,77.80783081054688,77.95390456679242,75.0908856910113,75.59726629242667,4747000
2020-04-22,77.9246826171875,80.31053411846396,76.68794068407698,79.29776550231988,3709700
2020-04-23,78.9764175415039,81.31357569408442,77.86626871921183,78.34343612502697,4540300
2020-04-24,78.59662628173828,80.02813585784891,76.34711547906191,79.12248739722507,3545000
2020-04-27,83.03721618652344,84.00129855310102,79.39514953497961,80.22289094265501,5419500
2020-04-28,85.13091278076172,86.41634839325789,82.30684755387209,85.12117997925682,4210900
2020-04-29,93.47650909423828,94.8982782445093,88.00367300326431,88.58796057562479,7369500
2020-04-30,88.55874633789062,91.44123810218431,86.93246949703311,91.14909060440597,5366100
2020-05-01,82.53083801269531,86.16317196948465,82.02445737887751,84.80956200930595,4234300
2020-05-04,80.41766357421875,83.35858230335899,78.30448630566012,79.64834865002953,4087100
2020-05-05,81.46939849853516,84.79010509077612,80.89484355922858,82.8911680659954,3457800
2020-05-06,78.98615264892578,82.70612647143525,78.7524390777204,82.11209859617203,3013100
2020-05-07,83.72863006591797,84.67322452279221,80.87535137242153,81.16749146034698,4032800
2020-05-08,84.88745880126953,86.18263464170552,83.40726314764228,85.77363409092135,4267900
2020-05-11,80.15473175048828,82.53084336466041,79.37568399950882,82.09262946908576,6832700
2020-05-12,77.25276184082031,81.68361655691152,77.19432787649563,80.78770835321725,3605500
2020-05-13,73.2893295288086,77.24301662038378,72.61739470461916,76.98982260364836,4880600
2020-05-14,77.17485809326172,77.20407136184478,69.64726298749784,71.08851281776789,5425400
2020-05-15,77.67150115966797,77.81757492319866,75.33434323203757,76.41527868069637,6526900
2020-05-18,91.16857147216797,91.4412385088433,82.64768942796621,82.83270924307047,11003400
2020-05-19,88.29581451416016,92.35662175233313,86.82535904283037,89.85391720906372,7090300
2020-05-20,90.25320434570312,90.54535191416964,87.90630585332038,89.94158373982879,4265700
2020-05-21,88.95801544189453,90.67193224351234,87.90629326160949,89.56178352975155,3009000
2020-05-22,88.66587829589844,89.83445358202785,87.1759347760958,89.76628681416396,2259400
2020-05-26,92.43453216552734,95.36571784448712,92.07422531533247,95.32676434697039,6258400
2020-05-27,95.3949203491211,96.38821584969851,92.28844799657402,96.05711487296632,5392000
2020-05-28,89.24041748046875,95.35597527808909,89.13329722232535,95.05409496675031,5197500
2020-05-29,86.18263244628906,89.34753137793244,85.7931049380091,88.82167035619739,5873100
2020-06-01,92.54165649414062,93.13568435554757,86.96169960534462,87.38044043503115,5074500
2020-06-02,93.1064682006836,94.80090450167839,91.54836542795158,94.68405143723604,5470700
2020-06-03,97.28414154052734,97.92685571952748,93.69076101688778,94.75222346547078,6136300
2020-06-04,102.07530975341797,102.29929052017694,95.51179733513257,97.51785428511293,6777800
2020-06-05,105.13309478759766,115.30946873265378,103.97425224840919,111.38498698614998,10069800
2020-06-08,110.17745208740234,111.46288786534514,107.61632076389475,110.48907265691513,6056200
2020-06-09,104.50984954833984,107.60658225801785,103.52629409175108,106.92491457302795,4008700
2020-06-10,99.93292236328125,103.85739658230973,97.43021749968116,103.2536284602974,5642000
2020-06-11,89.04566955566406,93.97317238292752,88.2374011085361,92.56114323088728,7614100
2020-06-12,89.84419250488281,95.20017610921015,87.71153483768123,95.05410234316805,7108300
2020-06-15,88.41267395019531,89.91235009794866,84.51741354448363,85.69572892565706,9049500
2020-06-16,91.52888488769531,93.87578299155369,88.325032116955,93.81734902976125,6191300
2020-06-17,88.74378204345703,91.53863451666113,88.42242865389973,91.07119992243652,4423100
2020-06-18,90.32135009765625,91.71390598125234,87.80890536843485,88.13026613302308,3746900
2020-06-19,87.33174896240234,91.66522370643526,86.33846071004238,91.45099059956505,4880600
2020-06-22,87.81864929199219,88.61717740660316,85.96839904702925,87.15645470209871,4588800
2020-06-23,88.24714660644531,89.09436117636798,86.5040162993325,88.61719375184431,5829200
2020-06-24,82.77429962158203,87.17594146183761,81.6836238224929,86.99092160894344,6403900
2020-06-25,81.83942413330078,82.34580473011418,79.96970087328539,81.40120286854668,5210900
2020-06-26,78.82060241699219,81.75178073604889,78.29474133243879,81.36226061085686,10150200
2020-06-29,84.33238220214844,84.34212243298317,78.15839832515114,79.39514017486985,5133000
2020-06-30,83.48517608642578,84.64401106289375,81.80047260773371,83.17355553558112,4343100
2020-07-01,84.35186004638672,88.13025966452332,84.0694527978964,84.40054633981119,5708200
2020-07-02,85.5009765625,87.86734776885662,84.0013002799478,87.351219477827,3877400
2020-07-06,87.47782135009766,87.9744617536282,84.83878304509706,87.3122745489208,3138200
2020-07-07,85.14066314697266,86.65007967729238,84.79982931324184,86.30923841394123,2993900
2020-07-08,87.63362121582031,87.67257471246242,84.2252682706442,85.00432334424666,3407600
2020-07-09,83.9915771484375,87.91605197022791,83.74812330163044,87.85762542447318,5263500
2020-07-10,86.1923828125,86.28976284361609,83.26119706929889,83.61177112501291,3246400
2020-07-13,85.20882415771484,88.16922305429155,85.02379690492259,86.73771361970276,3955100
2020-07-14,84.83878326416016,85.43281113308893,83.74810756079805,84.72192276499338,3063500
2020-07-15,91.56783294677734,92.26898100967975,87.79917325310635,87.86734001313188,6761400
2020-07-16,90.67192840576172,90.98354895380993,88.38346430950578,89.71758629820286,2483900
2020-07-17,89.08460998535156,90.66218571662621,87.74074037175349,90.59401895576397,2329700
2020-07-20,86.16316986083984,89.23068171511153,85.27699448632035,88.26660677318672,3052400
2020-07-21,87.60441589355469,89.1040922169574,86.18264657049977,87.32200858950932,2442400
2020-07-22,88.43216705322266,88.5782408375128,86.48453640834431,86.73773047247245,1741100
2020-07-23,86.64033508300781,87.8381235569036,85.61782620367435,87.5557237014732,2564100
2020-07-24,85.20882415771484,86.56242659853638,84.30317578662519,86.56242659853638,2369500
2020-07-27,84.01102447509766,84.85824627735305,82.96904262685274,83.85521792422995,2675800
2020-07-28,84.28370666503906,85.57887520584076,83.70915184636236,84.04998567288912,2105000
2020-07-29,84.85826873779297,85.8710375901629,83.74811983665356,84.79984219445558,1653700
2020-07-30,83.27094268798828,83.85523034210178,82.32634072285484,83.22224895447023,2794700
2020-07-31,81.63492584228516,82.3945004708686,79.9112688654658,82.31659347572672,3922500
2020-08-03,81.3330307006836,81.98549243866589,79.17116750415038,81.07984413391603,3360500
2020-08-04,83.84548950195312,84.011036307322,80.45661667487731,81.23566439817701,2981200
2020-08-05,84.9848403930664,85.62756192441485,83.63123800026607,85.42306164524568,2198700
2020-08-06,88.02315521240234,88.83142361039806,83.69941335287861,84.19606118448831,3763800
2020-08-07,91.32438659667969,91.58732085645728,86.29950412000157,87.86734715769092,4949800
2020-08-10,94.586669921875,95.5604851447365,90.85696326482703,91.78208475469725,5863800
2020-08-11,94.46979522705078,98.9590829712662,94.33346172142497,98.53060199380289,5372200
2020-08-12,93.51546478271484,97.04067819169707,92.89222370029873,96.61219716142857,3830200
2020-08-13,93.9731674194336,95.9207978322716,93.0383057128258,93.41809304895958,2158500
2020-08-14,93.49600219726562,95.1125316136689,93.44730846397745,94.70353100068236,3407000
2020-08-17,93.21359252929688,94.94698240393195,92.66825839245539,94.67431533551121,2096000
2020-08-18,91.96711730957031,93.33045275622645,90.9835617976647,93.01883216418777,1718100
2020-08-19,91.53862762451172,93.33044400328444,91.21726682952958,92.42480301134972,1536900
2020-08-20,91.55811309814453,93.12595635738508,89.65917619639171,90.03896357674228,2240200
2020-08-21,92.7753677368164,94.48928451187538,91.0517181594091,91.35359848384957,2069200
2020-08-24,95.32676696777344,95.98896158452364,92.51244170399009,93.49599711187352,2791700
2020-08-25,96.18372344970703,97.75156650653662,94.96645445711388,96.24215741349332,2302700
2020-08-26,94.83012390136719,95.98896639617453,93.80762237326118,95.76498562547292,2158300
2020-08-27,99.1246566772461,100.61459284337569,96.4077111974012,96.65116501355625,3856900
2020-08-28,103.47761535644531,103.8184492238681,99.2804663816584,100.26402191018224,3661000
2020-08-31,100.21533203125,103.18546411820928,100.14715783057426,102.49405617476064,2881400
2020-09-01,100.3906021118164,101.84159206159173,98.12161841668622,98.8227665264477,1917500
2020-09-02,101.65655517578125,102.09476898807533,99.71866525509184,100.57561984719513,2101300
2020-09-03,100.3906021118164,105.074658122454,99.53364743856355,102.24085241710472,2956200
2020-09-04,102.07530975341797,104.23718070281681,100.50746667496638,102.14347652075845,2855800
2020-09-08,101.2573013305664,104.34429353529242,99.68945836382646,100.30295922617779,2745900
2020-09-09,99.3388900756836,101.21835369833751,98.18978784893737,101.09175296808984,2630100
2020-09-10,97.75155639648438,102.62063186326796,97.48862959031067,100.24452808761886,2263100
2020-09-11,96.66089630126953,98.46245288817246,94.83985925028927,98.29690609161612,2637800
2020-09-14,101.93897247314453,102.16295323167368,97.91711848859195,98.23847184874921,2729300
2020-09-15,102.63038635253906,103.57498831306413,100.5172090894881,102.23112597219726,1922000
2020-09-16,104.93831634521484,106.038724723998,101.70525053846923,103.33151995824119,3004200
2020-09-17,101.67603302001953,104.3248037173095,100.98461779588816,103.0004146538549,2763100
2020-09-18,97.2646484375,101.21834275190982,96.9725083685031,100.66326844823423,5327700
2020-09-21,90.58428955078125,93.87578978768826,89.00671363095776,93.44730870841738,4863200
2020-09-22,92.99934387207031,93.02855713690353,90.56480607437214,91.06145386539609,3605400
2020-09-23,90.50637817382812,95.29754670401876,90.19475763762759,93.82708381618828,2788300
2020-09-24,88.95801544189453,91.12962656805973,88.11080098801511,89.85392362675057,4025900
2020-09-25,90.55506896972656,90.98355001439508,87.90629056563027,87.96472452693416,2318000
2020-09-28,93.48625183105469,94.83985425798892,91.4801950546583,92.56113043582445,2965400
2020-09-29,90.779052734375,93.67128502256219,90.37978494230757,93.67128502256219,2216600
2020-09-30,90.15579986572266,93.50571861358362,89.73705909353762,91.93788320522773,2921800
2020-10-01,91.87945556640625,92.46374315553685,90.08763930245641,90.7790471497166,2182100
2020-10-02,92.75589752197266,93.11621181955599,89.04566399857227,89.2988506004867,2199000
2020-10-05,94.24583435058594,94.69378845332876,92.63903777642166,93.27201914559188,2153100
2020-10-06,94.38217163085938,97.7126179810126,93.99264404747767,95.56048718411402,3023200
2020-10-07,96.41744232177734,97.3230907295023,95.44362714915353,95.66760047826972,1845500
2020-10-08,97.68339538574219,97.80999611028545,95.63838505526938,97.19648781040962,1799200
2020-10-09,96.73880004882812,99.41679189442281,96.6609004780133,98.6377441789312,1673600
2020-10-12,98.07292938232422,98.46245695413404,96.25189225614507,96.85566036393132,2318400
2020-10-13,95.6676025390625,96.92382503036215,94.37243397808469,96.64141773266344,2738900
2020-10-14,94.52823638916016,96.60245998566123,94.03158858196808,95.95974584954793,2448000
2020-10-15,94.52823638916016,94.74247691107125,92.28845857051508,93.76866176028992,1884100
2020-10-16,95.20018005371094,96.39796863972016,94.26531831377524,94.7814392028378,1707000
2020-10-19,91.48019409179688,95.94026166278196,91.18804658605188,95.94026166278196,2073200
2020-10-20,93.57389068603516,94.54770579949393,91.73338071596767,92.80458328446807,1783000
2020-10-21,92.65852355957031,93.50573808158694,91.84051487702021,93.02857068404487,1512200
2020-10-22,98.18004608154297,98.55983340710694,93.13568315549672,93.58363724642807,3033000
2020-10-23,99.09542846679688,99.59206882754454,97.55679879757695,99.04673473905939,2032600
2020-10-26,93.50572967529297,96.90434997958404,91.94762688386935,96.89460974755698,2912900
2020-10-27,91.01277160644531,94.33348514717832,90.9056513354784,93.94395756453687,2512000
2020-10-28,87.61416625976562,90.0973908887008,86.59165719339028,89.1722692988346,4302400
2020-10-29,90.88617706298828,91.31465071140502,86.67929557286914,87.63363033625335,2728900
2020-10-30,90.44796752929688,91.56785667386195,88.17898339786753,89.63970643087723,2732200
2020-11-02,90.46741485595703,90.94458212497825,89.20145238592819,90.56479486989336,2320100
2020-11-03,93.57389068603516,94.64509325453555,91.43150040827376,91.7918146749166,2658400
2020-11-04,95.47284698486328,97.92685811969737,92.63904107132255,94.86907886162935,3274500
2020-11-05,98.26768493652344,100.19583466666293,95.56047272785537,96.14476772934691,3572800
2020-11-06,101.1696548461914,101.90975643687894,98.84223724340112,99.32914481602872,4168000
2020-11-09,115.20233917236328,128.44621675155278,110.6254033524405,119.82796129368575,14217300
2020-11-10,115.37763214111328,116.66306795222646,112.88466009106001,114.13114240127634,4883900
2020-11-11,113.34236145019531,115.10496475448187,112.05692555957341,114.46225052398145,3846800
2020-11-12,112.31985473632812,113.26445677952799,108.94072183805758,111.59923348435326,3113900
2020-11-13,116.85782623291016,116.98441953666577,112.62173151789126,113.26444569876962,2804700
2020-11-16,120.51937866210938,122.4085752144333,118.46462786906784,122.4085752144333,4596300
2020-11-17,119.56501770019531,120.42197974968083,117.20838692334947,120.39275905557774,2924400
2020-11-18,117.18892669677734,120.96733472097542,117.07207361866544,119.05865767239804,2370100
2020-11-19,117.93875885009766,118.52304648112047,116.40012905902866,117.19865722167125,2034800
2020-11-20,116.15667724609375,118.71781600745268,116.0885104784694,117.49080676059381,5292100
2020-11-23,119.86689758300781,120.1882583504308,117.41288679000417,117.7829338548545,2183300
2020-11-24,127.48213958740234,127.91062061318345,122.07746275628035,122.98311110555971,5305200
2020-11-25,125.83639526367188,126.83942368255673,124.414626031798,126.46936916944736,2086600
2020-11-27,124.98917388916016,127.31659138119231,123.86927760986687,124.64833266084499,1365800
2020-11-30,123.54793548583984,124.9502243033922,121.61003791381096,124.57043697471966,2094500
2020-12-01,125.15472412109375,126.27460557200251,124.32697532051625,126.10905878373494,1891300
2020-12-02,125.3494873046875,127.21921060969726,124.33671865706889,124.75545946878023,1955100
2020-12-03,128.855224609375,131.14368124001328,125.7195387148034,126.55702031756302,2694000
2020-12-04,132.05906677246094,132.28304008566616,129.29343544489635,130.1406498299364,1923200
2020-12-07,129.47845458984375,131.7474305627562,128.69939958399019,131.3481776883493,1766100
2020-12-08,129.0792236328125,130.65679969619333,127.6185006528695,128.0567145750039,1552800
2020-12-09,127.05367279052734,130.8223329324731,125.9337912325601,130.4230651265317,2786900
2020-12-10,128.3196258544922,128.94286695310353,125.5053006789947,126.4596353607846,1791300
2020-12-11,125.14498138427734,128.35857439752988,124.29776694650029,127.23869290255469,2171900
2020-12-14,123.30448150634766,127.988522743163,123.11945424355864,127.85218921151433,1889000
2020-12-15,126.94654846191406,127.073149191271,123.51871484065046,125.9630004716716,1811500
2020-12-16,127.02445220947266,127.49187932701602,125.3689694046081,127.18026620173383,1752500
2020-12-17,126.87837219238281,128.9331227991958,125.30079636906565,127.35554697587862,1818200
2020-12-18,125.4468765258789,127.48214665188529,124.91127521397193,126.92706487611618,3376400
2020-12-21,123.98613739013672,124.79439827111939,120.53883106806778,122.49620148602631,2186900
2020-12-22,122.95390319824219,123.9471913844629,121.18155991840604,123.2265702521216,1497400
2020-12-23,125.24236297607422,125.70005727047702,123.42132602994087,123.73294657065473,1624400
2020-12-24,125.37869262695312,125.60266593669007,124.16142376649726,125.25209191050922,592100
2020-12-28,124.95996856689453,127.15105267870511,124.76519364734149,126.83942469481235,1330200
2020-12-29,125.62216186523438,127.89115308358356,125.03786679658346,126.09933666660731,1685100
2020-12-30,127.05367279052734,127.91063493806186,125.13525562067728,125.82667096411828,1284400
2020-12-31,128.46568298339844,129.04997797242376,125.45659796616741,126.87835965529612,1537300
2021-01-04,121.50291442871094,128.65072157736975,120.12983891442788,128.06642653678625,3992000
2021-01-05,122.7883529663086,123.97640867935334,120.34408220415415,120.68491603258005,1428900
2021-01-06,126.001953125,127.30686197847415,121.57109081763019,121.57109081763019,2280000
2021-01-07,126.93681335449219,127.75481453108289,125.75849046071444,125.87534352615874,1909800
2021-01-08,126.29409790039062,128.72863594347243,125.60268255808936,127.76455352908528,1485400
2021-01-11,125.29106903076172,125.86561644094743,123.7426989767122,124.40489361958248,1692300
2021-01-12,124.0543212890625,125.23264425289948,122.79809875350436,124.5412289030174,2927900
2021-01-13,123.19735717773438,123.98614507477124,121.13286637717935,123.48949726607914,2715000
2021-01-14,125.55398559570312,127.2094833098065,123.92772343748689,124.98918586036878,1886600
2021-01-15,123.47977447509766,125.01840432583384,122.44752527631964,124.8723231253878,1698100
2021-01-19,123.53819274902344,124.87231477360208,122.17485002853756,123.99588706650842,1587300
2021-01-20,123.4115982055664,124.2977661356797,121.75610797968811,122.72992313739769,1990100
2021-01-21,123.30448150634766,124.34646345801691,121.25946367237711,122.71045364861263,1771600
2021-01-22,119.681884765625,122.96363710304077,119.56502427164881,121.98982194209934,2155300
2021-01-25,116.48778533935547,119.38001045204467,113.83900661468599,119.18525036978052,4417500
2021-01-26,117.28629302978516,118.26010812985412,116.17614441007609,117.22785907163968,1966400
2021-01-27,114.39407348632812,117.2376121059515,112.91387021198966,115.5821292268939,3939600
2021-01-28,117.54922485351562,120.23695672468314,116.8675572262289,116.8675572262289,3559900
2021-01-29,113.26443481445312,116.82860173827073,112.4756469406593,116.61436122202555,4896800
2021-02-01,114.66673278808594,116.63383610276387,114.01427842709265,114.86149284432814,2227400
2021-02-02,118.90284729003906,119.35080143891813,115.87428109621608,116.34171571178881,2591700
2021-02-03,120.12010192871094,121.50291771227238,118.65937914701696,118.80545291111041,2256800
2021-02-04,122.16512298583984,122.55465058083598,120.08115889667462,120.76283404532307,1868900
2021-02-05,126.08958435058594,126.12854527865306,123.65505384942193,123.66478665181856,2807100
2021-02-08,125.70979309082031,127.39450398481482,123.38237549624948,126.742034763667,2187800
2021-02-09,123.72322845458984,125.90456506888907,122.79809952449472,125.90456506888907,1404100
2021-02-10,123.43106842041016,125.5539782832926,122.85652105670232,123.74268896657472,1699900
2021-02-11,123.33368682861328,125.3689642993288,121.75610365450163,124.2198547272469,1929300
2021-02-12,126.08958435058594,126.39146467652473,122.27223065822521,122.44751768642648,1741100
2021-02-16,126.98548889160156,127.65742371874525,125.21315305552102,126.6057015796386,2443800
2021-02-17,127.90087127685547,129.77059448003197,124.190638134674,125.03785251412796,2904800
2021-02-18,128.5241241455078,129.29344646396856,124.2003897698646,124.90153046321899,2620400
2021-02-19,132.71153259277344,133.9774953086483,127.84245665420899,127.84245665420899,2855700
2021-02-22,138.82708740234375,141.62193216806654,135.03894700875384,135.55506785693456,5314900
2021-02-23,145.63404846191406,145.75090151677912,138.42780794071047,141.20318686766706,5632800
2021-02-24,153.3759002685547,153.47328773623124,145.4782580794042,145.5853783501519,5865800
2021-02-25,146.159912109375,155.79094333612346,144.9036971055556,152.16834979404157,5147300
2021-02-26,144.1927947998047,148.24385392412893,141.98223057975346,146.34491763784604,4107600
2021-03-01,144.5823516845703,147.07531635275294,144.0954440584646,147.07531635275294,2284600
2021-03-02,145.04974365234375,145.8580118986821,142.05039162014148,143.28714085097127,2892900
2021-03-03,142.47889709472656,146.3936382922783,142.44968382796606,145.5951027095168,2334300
2021-03-04,140.97921752929688,143.7545816751667,135.94459519749068,143.3747943769218,4121800
2021-03-05,143.07293701171875,143.5306313752033,135.3311086235148,142.81975039203778,3040600
2021-03-08,146.50074768066406,149.04240571481904,142.48863417818166,145.65353328902555,3123700
2021-03-09,143.1508331298828,147.44536168999704,142.81973953103824,147.27981489057476,2955900
2021-03-10,143.2871856689453,146.86108611219456,142.9853052970587,143.5403723029567,2262500
2021-03-11,144.9329071044922,146.69551010651867,141.94328753278654,143.2871571627248,2247300
2021-03-12,146.26705932617188,147.93229007548774,144.2415216603738,145.43932521273402,1688100
2021-03-15,149.53904724121094,150.0162219986718,146.31572157598373,148.49707279106835,2564800
2021-03-16,146.68577575683594,150.11359426834494,145.62430598680373,149.53904691581377,1720100
2021-03-17,151.86648559570312,152.0612456742781,145.84831447005976,145.92622147333805,2756600
2021-03-18,150.2499542236328,153.51224138161243,148.11731122501425,150.52263617473227,2840000
2021-03-19,148.29257202148438,149.42220117821856,145.1374055400255,148.59445234491983,5444000
2021-03-22,147.5330047607422,148.26336617044882,145.46852126426182,146.60788328029528,2595600
2021-03-23,138.6907501220703,145.78012313547762,137.69745452107253,145.76064267213735,4233200
2021-03-24,139.52821350097656,143.78378034145635,139.4405737162579,140.42412152743347,2869500
2021-03-25,142.73211669921875,143.11190407463172,135.7595955339137,138.12595959781552,2135000
2021-03-26,142.9755859375,143.6767193637102,139.0705766250481,143.49170691717543,2726400
2021-03-29,140.81369018554688,142.95608074988166,139.4016461947604,142.1770255830577,2578000
2021-03-30,144.34861755371094,145.76064656921858,140.74550441989274,140.99869101312663,2753500
2021-03-31,144.2317657470703,146.4033694204613,143.1800435779989,145.05951458712588,2352400
2021-04-01,144.3875732421875,145.41981490076836,142.7320904958273,144.3875732421875,2082400
2021-04-05,146.9779052734375,149.21768296557622,146.3059853391111,146.55917191468745,2352400
2021-04-06,147.64984130859375,148.76973759369992,146.78314646043228,147.03634789737694,1754300
2021-04-07,144.91343688964844,148.419177537744,144.19282315476926,148.2633635402196,1577100
2021-04-08,145.52694702148438,146.01385462535217,142.94632780544057,144.6115583487344,1522300
2021-04-09,144.59205627441406,145.0984442673433,142.2451732675408,144.38756343252635,1601700
2021-04-12,145.43931579589844,145.53668840686979,143.05345650885394,144.582353607597,1305800
2021-04-13,144.91343688964844,145.25427815182795,142.16728576467415,144.23176922453004,1865500
2021-04-14,145.6730194091797,147.96149118610165,144.80632443266825,145.1861117850892,1676600
2021-04-15,145.2737274169922,146.67602351850297,144.57259422547577,145.8775028746776,1412700
2021-04-16,144.73818969726562,147.35775553767144,143.83253363569224,146.18916515380334,2718400
2021-04-19,144.02728271484375,145.03031132541668,143.0047884961429,144.12467019245472,1209800
2021-04-20,138.25254821777344,142.63471671555928,136.3828247751604,142.63471671555928,2763200
2021-04-21,140.969482421875,141.5927235529376,137.1813419038519,137.98961029963067,2527100
2021-04-22,142.8002471923828,145.36138568765008,139.56718875271144,140.8818302361866,2251300
2021-04-23,144.4752197265625,144.82579378337206,141.9822552600236,143.1897765651807,1240600
2021-04-26,144.59205627441406,146.79288782489186,143.8909082408932,145.58535179844176,1177200
2021-04-27,145.819091796875,146.41311965672483,144.3096752815936,145.05951713795105,1570400
2021-04-28,145.5366668701172,146.31572193881067,144.68945246975426,145.66326759081124,1230100
2021-04-29,147.07528686523438,148.98397091495787,144.85498972408496,147.34795389244653,1460600
2021-04-30,144.6310577392578,146.09178074200494,142.70289267697677,145.1958724167625,1759500
2021-05-03,144.99134826660156,146.22809776303052,144.4460141180398,145.4100965401879,1413200
2021-05-04,143.74485778808594,144.3875793662801,140.55074522033584,144.3875793662801,1794600
2021-05-05,140.72605895996094,145.02058846628023,140.40469809289854,143.94940043531616,1854800
2021-05-06,138.85630798339844,140.79420561117203,136.89894474997234,140.79420561117203,2180500
2021-05-07,142.84893798828125,143.04369803451348,138.76865038202624,139.25555792722633,2969200
2021-05-10,136.9768524169922,141.59272705006578,136.91842588126838,141.07660617218406,4140800
2021-05-11,137.99935913085938,138.22333246724708,134.75655271763262,135.92512799087197,3166700
2021-05-12,132.3804473876953,137.60983052228391,131.80589995673785,136.8015620821315,2762000
2021-05-13,135.62326049804688,136.71392887512036,132.98421450658392,132.98421450658392,2363700
2021-05-14,139.53793334960938,140.0345884687238,135.43818085755612,136.74308928414754,2200300
2021-05-17,136.19778442382812,139.50874991599784,134.6202086711077,139.50874991599784,1741400
2021-05-18,136.1101837158203,139.2458705178377,136.1004360518257,137.18137174890927,1518400
2021-05-19,135.779052734375,135.84722693408963,132.76996718785935,134.25017052364277,1593200
2021-05-20,135.34083557128906,136.29518518876003,133.98723300529528,136.13937118681687,2098300
2021-05-21,135.37002563476562,137.0547363809138,134.9415594917292,136.05170806160586,1846600
2021-05-24,138.1746368408203,138.48626483434015,135.46743179888912,136.41203372279034,1420200
2021-05-25,139.05104064941406,140.46308432069583,138.26225285795974,138.71994710768425,1665400
2021-05-26,140.68707275390625,141.46612782828157,139.13871026635056,140.25859172003786,1440400
2021-05-27,142.02120971679688,142.17702371996813,139.73275283958867,141.61220910290317,1936500
2021-05-28,139.82037353515625,141.894604448574,139.26529179693605,141.81669745763577,1711700
2021-06-01,141.37847900390625,143.08265554846196,140.53126456242686,141.59271952967532,1687800
2021-06-02,138.895263671875,142.2257097994151,138.60311614646122,142.16728326618042,2284500
2021-06-03,136.7236328125,138.18435544878415,136.0030191551795,138.02855632726886,1921600
2021-06-04,138.34017944335938,138.7686604918301,136.9573636973566,137.9214460564158,1651300
2021-06-07,138.74917602539062,139.49901783858303,138.15514819973632,139.29451012253432,2196300
2021-06-08,141.90435791015625,142.54707953454144,138.84657865203312,139.06081919349484,1900100
2021-06-09,140.05410766601562,142.6639252410617,139.63535940778624,142.54707217329562,1541000
2021-06-10,140.20018005371094,140.95975474546535,138.87579074463432,140.40467293113034,1544800
2021-06-11,139.72300720214844,140.8526364526483,139.1874058455113,140.22939529017276,1444000
2021-06-14,140.13198852539062,140.74549680026053,139.15817341441712,139.92749567326024,1245500
2021-06-15,140.3365478515625,140.67738920945806,139.81069403629678,139.85937292235772,1232200
2021-06-16,139.4600830078125,140.80393789569578,138.281760063571,140.2001772193894,1431400
2021-06-17,138.07723999023438,141.06685955543531,138.02856112139207,139.53796267725357,1578800
2021-06-18,135.1947479248047,136.94761802231008,134.8441739053036,136.5580830788429,3027200
2021-06-21,139.1387176513672,139.2555707179918,135.19476320114242,136.1101518476762,2328300
2021-06-22,137.69744873046875,138.75891847889955,137.00604833298172,138.28174373218775,1637500
2021-06-23,137.4053497314453,137.9896300169815,136.60681402419692,137.15214823439445,1346300
2021-06-24,137.10342407226562,138.96341451585886,136.27569013662117,138.35965389700766,1936500
2021-06-25,136.47044372558594,137.61955323844367,135.61348170645397,137.32740574471788,6295600
2021-06-28,132.31227111816406,135.80827910202797,130.98788180525872,135.6816783666225,2892100
2021-06-29,131.4650421142578,133.2276451162373,130.90022755762115,132.4388572410301,1936000
2021-06-30,132.94525146484375,133.7535198408513,131.38714124568023,131.46504824256243,2222400
2021-07-01,135.59402465820312,135.93485103968678,133.27633988345954,133.62691392620025,3448300
2021-07-02,137.56112670898438,138.0383014955796,135.44794955561767,136.09067113938093,2072900
2021-07-06,136.46072387695312,138.1746332186615,135.01946673356633,137.77536543464598,2464700
2021-07-07,135.95433044433594,137.48321246657832,133.12052485918426,135.8472101860204,1753200
2021-07-08,134.035888671875,135.45766503214728,131.35789756840092,133.28604700231594,2304400
2021-07-09,138.74917602539062,138.97316420469156,134.38648838900147,134.6396749743211,2119800
2021-07-12,138.05776977539062,138.99262394268547,136.67495412763932,137.33714125786992,2143200
2021-07-13,134.7176055908203,138.00910607333887,134.54232596853444,137.25926412866167,1859100
2021-07-14,135.97381591796875,136.9865771490754,133.61718500742657,135.1265866221663,1844700
2021-07-15,135.87643432617188,136.54836919490884,134.5130989832569,135.74983359460091,1383500
2021-07-16,131.5137481689453,137.50270581623113,131.35793416784014,136.9768521365524,1984800
2021-07-19,127.42372131347656,129.42003053046378,123.89850771303108,127.42372131347656,4067600
2021-07-20,131.49429321289062,132.3609883307141,126.92709657677541,127.84248543679558,2227300
2021-07-21,136.68470764160156,137.37612299986964,131.8837907829718,131.8837907829718,2798400
2021-07-22,134.87339782714844,136.24648075030666,133.6853421593542,135.80826690610976,1755400
2021-07-23,135.5355987548828,136.32440158560902,134.5910116371201,135.1363457971964,1731600
2021-07-26,138.75894165039062,138.85631426077805,134.53257213190122,136.071202024742,1781600
2021-07-27,139.6937713623047,139.73273228698753,136.84050028770514,137.55138114115746,1668700
2021-07-28,140.78448486328125,141.50509867439288,137.52219766899066,140.35600375438125,1649200
2021-07-29,144.00779724121094,145.8775206513236,139.5866678902309,141.58299203192502,2612500
2021-07-30,142.1575469970703,144.08571190378126,140.90133185412978,142.54708201525304,2115900
2021-08-02,141.07662963867188,144.77713106220685,140.37548137487605,143.20928770278056,2409800
2021-08-03,138.895263671875,141.90434900738398,135.69140341326323,141.83617481244994,2849100
2021-08-04,134.35731506347656,137.30797460562383,133.22768560688547,137.30797460562383,3217700
2021-08-05,138.0091094970703,139.1971653861778,134.83447687656167,135.39927669076704,2250400
2021-08-06,137.88247680664062,138.47650461357776,135.70114048679739,137.94090333531653,2099800
2021-08-09,133.51980590820312,137.4442800707493,132.18568380676794,137.32742699886916,3074900
2021-08-10,134.37673950195312,135.52583408920947,132.79914907063852,133.3639635634255,1938900
2021-08-11,134.50335693359375,135.25319883310536,132.5849397115034,133.78274316194492,1131600
2021-08-12,131.24107360839844,134.41570568876602,130.72495276102177,133.9482785713615,2238600
2021-08-13,130.86129760742188,131.90327219459263,130.09197524134828,131.57217857693027,1728000
2021-08-16,129.6439971923828,130.78335897234638,127.91060766123437,129.96535792917837,1626200
2021-08-17,126.94654846191406,128.0469643789631,125.64163967662435,127.74506918901652,2292000
2021-08-18,126.59598541259766,129.00131032417636,125.99222469866419,126.8394392306988,1915400
2021-08-19,126.8491439819336,126.96601189306173,124.23932676147561,125.61240955813255,2393700
2021-08-20,127.71585083007812,128.085905341604,125.64163466727673,126.15775550743652,1761800
2021-08-23,130.63729858398438,130.65677904789294,128.79678851449026,128.83574944230742,1983000
2021-08-24,133.30555725097656,134.13330608435444,131.44556672088567,131.55268698333174,1966200
2021-08-25,133.31532287597656,133.9775250775633,131.59168030939603,133.72433842182818,1357500
2021-08-26,130.1698455810547,132.83810395482692,129.68293809484177,132.4388362499154,1523900
2021-08-27,132.4583282470703,133.17894187951904,130.1114303928923,130.12116319413886,1221000
2021-08-30,131.5624237060547,132.88681281379812,130.53016723592904,132.7212511734961,1477500
2021-08-31,131.6013946533203,132.39993030509265,129.93616400785754,130.93920740386773,1762900
2021-09-01,131.2994842529297,132.89654033178203,130.6957236802045,132.73099355730056,1738600
2021-09-02,131.8545684814453,133.29582563614863,130.4133261859823,131.69876934678683,1072600
2021-09-03,129.5174102783203,131.75718801437975,128.21250159060583,130.87101269362643,1354800
2021-09-07,130.53990173339844,130.8807280626642,128.3877640781163,128.95257855262128,1255700
2021-09-08,130.2769775390625,131.4260870366754,128.26118809165106,130.9683927697328,2281300
2021-09-09,132.52650451660156,133.89958748907083,129.6732331665426,130.11144702647692,2072600
2021-09-10,132.08828735351562,134.11382466398805,130.96840586621735,133.13027670435426,1574500
2021-09-13,136.3146209716797,136.89891592151398,132.3804148684073,133.3737103394305,1923400
2021-09-14,138.61285400390625,138.95369527252564,135.36031475514434,136.30491670152742,2159400
2021-09-15,140.89158630371094,141.29085413111795,136.38283170237358,137.83380694653582,3068200
2021-09-16,141.00845336914062,142.18676151882661,140.06385137318185,140.61891834752572,1966800
2021-09-17,140.13198852539062,141.8166993660271,139.89828240867018,141.22267155396372,2650200
2021-09-20,139.08026123046875,139.37239383425256,136.10037493873898,138.77836610783012,2375400
2021-09-21,138.29148864746094,140.75523986919893,137.52218119174137,139.93723868253093,1707300
2021-09-22,140.61891174316406,141.97251430381337,138.62260243070878,139.02185537765524,1543100
2021-09-23,145.984619140625,146.2475385080468,140.61888865269225,140.90130334113007,2913800
2021-09-24,148.5165557861328,148.75027679130196,145.15689620524788,145.3224430116939,1881600
2021-09-27,150.27915954589844,151.70092132920612,148.53602212402367,148.6334095817252,1890900
2021-09-28,149.5682830810547,151.233513723339,148.24389372543567,149.12033638004277,2151600
2021-09-29,147.93226623535156,150.34732369953852,146.73446287602425,150.25968390034097,1535500
2021-09-30,144.21229553222656,148.1465174286446,143.7740816454463,148.1465174286446,2030900
2021-10-01,151.88595581054688,153.161651327244,146.33521221995153,146.8026393488331,4710000
2021-10-04,151.07769775390625,154.60290421475892,150.28890977646608,151.77884592479563,1860400
2021-10-05,151.3698272705078,152.42154940156095,149.33455720042562,151.1848000170022,1744900
2021-10-06,151.2432098388672,151.3892910088203,147.8446048961684,149.4903398140969,1667000
2021-10-07,153.61932373046875,155.47931403725772,151.9735739228512,152.91817570758744,1862000
2021-10-08,152.97662353515625,154.58342750269153,152.33390194814214,153.85306611542288,1193900
2021-10-11,152.7136993408203,155.58645106872194,152.47024555270593,153.28824671455263,1677800
2021-10-12,153.3271942138672,154.08676885113533,151.88595193536355,152.49946024209558,1995800
2021-10-13,150.57130432128906,154.30101839104927,150.1233576419785,154.0867778542517,1973100
2021-10-14,151.15560913085938,152.44103757518872,150.0357275012187,151.78858311991854,1978400
2021-10-15,155.849365234375,157.19323485465262,152.88897380825506,152.9960940658024,2801300
2021-10-18,155.04112243652344,156.23891095576212,154.07704005221493,154.83661470921902,1541900
2021-10-19,150.96083068847656,154.7392234156228,150.44470984096378,153.86279571285326,2619500
2021-10-20,149.25662231445312,151.12634524495743,148.65284693806785,150.6978642872766,2402900
2021-10-21,151.5743408203125,151.70094156036026,148.83792228929863,149.52933766901262,1192800
2021-10-22,150.69790649414062,151.87622945778287,150.09414580789348,151.24324064420142,996300
2021-10-25,150.73683166503906,152.08070124795788,149.4319230070032,151.21400640980102,1434300
2021-10-26,151.9541015625,153.4829984008941,151.10688718103324,152.5481293674652,1804300
2021-10-27,155.61566162109375,156.35575577473008,150.14281045542924,151.00952019087404,2100300
2021-10-28,155.7812042236328,158.0599280131799,154.11597384866266,155.38193646260194,2317600
2021-10-29,155.82989501953125,156.83292337450362,153.3271831032727,154.83659946614264,2025400
2021-11-01,157.59251403808594,157.9041271721941,155.11901513341223,156.19995058907472,2177900
2021-11-02,155.86886596679688,157.68016291953435,154.18416975105313,156.73556094175376,2615800
2021-11-03,160.22181701660156,162.45186219239412,152.95716379391314,156.5505294752681,3158400
2021-11-04,159.79331970214844,161.67279061322958,158.4494649389175,161.67279061322958,1863800
2021-11-05,163.2211456298828,167.18456526597186,161.87727606883482,164.96426807942925,2955400
2021-11-08,163.98072814941406,166.36657223156146,162.9484864953679,165.86993186760705,2476600
2021-11-09,160.45553588867188,163.6496485802999,158.13785094003367,163.6496485802999,1774500
2021-11-10,156.77452087402344,160.19260701790537,155.41117062215605,159.19931131228276,1554800
2021-11-11,152.7624053955078,156.7842674458146,152.51895156407022,156.41421286707183,1664900
2021-11-12,152.38259887695312,154.78792361824048,151.45747740551354,153.3758945450705,1914100
2021-11-15,151.60353088378906,153.65828138318327,150.82449067448889,152.9279200425347,1378600
2021-11-16,149.9578399658203,151.50620289768753,148.8087300580442,151.0679889361158,2137700
2021-11-17,152.6162872314453,152.8013144580052,148.3412399970279,149.25662846996372,1965600
2021-11-18,151.6522216796875,153.60959954469564,150.78552683324384,152.6649977069803,1126800
2021-11-19,150.86343383789062,152.0027957242666,146.3254518957769,149.9480452644161,1879800
2021-11-22,152.314453125,153.03506692992104,148.78923166976088,152.07099930242026,2268900
2021-11-23,153.31747436523438,154.3010224121704,152.05151157641401,153.2590478280835,1926300
2021-11-24,153.48300170898438,153.93096320239982,149.38323351434562,152.03201183037208,1532800
2021-11-26,143.57933044433594,143.89094361403968,136.86974361073055,142.81000803490187,4264500
2021-11-29,146.82212829589844,150.50314872440046,145.78013885382018,145.78013885382018,3155000
2021-11-30,143.69618225097656,145.09847865031065,141.88488521171038,144.66999754393166,3465900
2021-12-01,138.76864624023438,148.08806350964466,138.38885896068328,146.32544576686792,3198900
2021-12-02,147.16294860839844,148.59445814443873,139.38217465237017,139.61588079099502,3099000
2021-12-03,146.0527801513672,148.2341312591861,142.95605535879835,147.60115740689034,3104600
2021-12-06,152.59686279296875,155.30406828467724,148.23417417355435,148.23417417355435,2421800
2021-12-07,152.43130493164062,157.9333553322877,151.62303646431823,154.33998942278922,2416600
2021-12-08,153.51220703125,155.39167784304175,151.73012367014792,153.33692745109508,1618500
2021-12-09,153.03504943847656,154.33022540967508,151.2919268061059,152.16835452352302,1103100
2021-12-10,156.59922790527344,156.73556144584305,151.93465939791724,154.06731717194603,1705600
2021-12-13,149.65591430664062,155.49880556532398,149.4027277014244,154.90479255222908,2362800
2021-12-14,149.97726440429688,151.8567353518307,148.5555026206709,148.76974314027038,1548800
2021-12-15,147.22137451171875,149.89936630641,144.75762324934203,148.98399250198682,2228000
2021-12-16,146.8123779296875,149.11058245439992,146.15992351223304,147.20191293512076,2738400
2021-12-17,146.25729370117188,147.85434988668683,143.64746148040976,145.46850583980475,3592300
2021-12-20,145.76065063476562,147.27981481426178,141.97251013670868,143.14110025312732,2765600
2021-12-21,154.17442321777344,154.54446287418008,146.968182120373,146.968182120373,2269300
2021-12-22,158.32286071777344,158.9558345889845,154.21335980764002,154.40811985576346,2001000
2021-12-23,160.8645477294922,161.4488279792186,158.2839283339977,159.94915899308805,1528900
2021-12-27,162.34474182128906,162.7147815005072,159.17009469501522,160.16339037973975,1139900
2021-12-28,162.3836669921875,163.2698422943143,160.95215761467168,161.5656658791039,1297200
2021-12-29,162.1889190673828,163.19194750084955,161.166410169985,161.9941590057928,905600
2021-12-30,160.54318237304688,163.58148119172463,160.4165816358548,162.1889325195778,840900
2021-12-31,160.9132080078125,161.82858169464896,159.7738461555397,160.53342072372155,902700
2022-01-03,159.6180419921875,162.05257982432053,157.00820970933626,160.74767111251475,1836800
2022-01-04,163.61068725585938,166.67821406740015,161.45856397381144,162.40316591147655,2131600
2022-01-05,160.0659942626953,164.57476324136533,160.02704819407666,163.86388232996325,1656700
2022-01-06,160.89373779296875,162.1012739096915,159.92965545999525,160.97164478687728,1421600
2022-01-07,162.2960205078125,164.3312904049814,160.3776036621975,161.6532990057891,1508800
2022-01-10,157.80674743652344,163.48409152280445,155.9370241386561,162.87058322565238,2228400
2022-01-11,160.87423706054688,161.31245084423549,155.87857615171612,157.728818731396,2141100
2022-01-12,160.54318237304688,162.50054567211944,158.40079179938328,161.9941724418341,1606400
2022-01-13,160.20233154296875,162.91928424399578,159.80307860812798,160.62107980143568,1619700
2022-01-14,158.53712463378906,160.11470057350223,155.53777190031906,159.59857968312096,1886400
2022-01-18,155.333251953125,156.89136216416435,153.5511684142423,155.9272797994192,2087600
2022-01-19,150.16229248046875,155.79094283332742,150.07465268358186,155.74224910419917,2396300
2022-01-20,152.59686279296875,157.45620675216503,151.30168659079635,151.47698108108497,2160400
2022-01-21,152.8792266845703,156.0051646051075,150.45442191410467,152.59681200511162,4745500
2022-01-24,151.66197204589844,152.40206618732216,146.9779088397857,149.96752838880263,3537700
2022-01-25,152.918212890625,154.10626872609953,146.41313392454398,149.91886003215174,2197200
2022-01-26,154.5736846923828,159.7056950285839,152.58710819472742,153.9017498175279,2345800
2022-01-27,149.68511962890625,156.64789137436256,148.1464900487543,155.450103009403,2184100
2022-01-28,155.2066650390625,155.33325090564716,148.75026576984027,149.9675347204936,1930400
2022-01-31,156.90109252929688,157.06663932202176,153.12269984396423,154.38864765412393,1972100
2022-02-01,158.75135803222656,159.3940647710726,156.13179276728204,156.9011002370593,1755100
2022-02-02,156.65765380859375,159.35512619956015,155.91755957124633,159.06297865402462,3912500
2022-02-03,157.7677764892578,160.18284859745057,155.8104135187545,155.8104135187545,2920000
2022-02-04,158.47872924804688,159.42333140877707,154.75874715374954,156.79401784676847,2204700
2022-02-07,161.6922607421875,162.86085080794794,158.48841544122615,158.8487222912663,2003300
2022-02-08,167.05799865722656,167.53515858995812,160.97165372552377,162.6855631089647,2553000
2022-02-09,168.98614501953125,171.8978577229909,167.52542226662163,168.0415431172438,2100300
2022-02-10,170.1060333251953,171.8589036706623,165.55831808897094,166.4152802265861,2122100
2022-02-11,165.43173217773438,172.58926503613273,164.2631420415347,170.5734752837459,2819100
2022-02-14,166.84373474121094,169.83333922581983,164.9837444245707,166.08416018893956,2675200
2022-02-15,176.45530700683594,176.5916405371739,169.9696943652428,171.294083599629,4264300
2022-02-16,178.4613800048828,180.14609111095135,173.3391170634582,173.64099741794396,3263800
2022-02-17,173.50466918945312,177.02014299598505,173.05672247528395,175.45229977790868,3356300
2022-02-18,170.33975219726562,174.8387736450832,170.14499213003262,172.9301041832627,2882400
2022-02-22,168.5868682861328,171.2161809892068,165.36354262660785,170.04759096151193,2744000
2022-02-23,163.57176208496094,169.97946873618423,162.98746694356348,169.58020088487072,3494800
2022-02-24,164.33131408691406,165.1103692144335,158.68318298644903,158.79030325222345,4332700
2022-02-25,169.80413818359375,170.02812636045846,164.0196739775039,166.06469167878964,2805800
2022-02-28,165.6848907470703,167.97336204078553,163.14323289161487,165.92834450771073,2574400
2022-03-01,160.5918731689453,165.55832192712512,159.58884467063828,164.28262635311762,2886100
2022-03-02,163.82489013671875,166.5320945958815,162.53946208825948,163.19191634259494,2159600
2022-03-03,161.13717651367188,167.03849330262327,160.14388100824056,165.2953709119903,2444900
2022-03-04,155.10928344726562,159.63751817130807,152.65526498932306,158.73187717019584,2858200
2022-03-07,144.18309020996094,155.0508724691132,144.05648946664488,155.0508724691132,3769100
2022-03-08,148.78921508789062,154.9437341692497,142.2451907367515,145.02055508931363,4939400
2022-03-09,155.2943115234375,158.30339693279015,153.60961538378643,154.0575620557386,3509600
2022-03-10,158.3033905029297,159.91992723955502,151.9638591418018,152.4507667232499,2573300
2022-03-11,157.40745544433594,161.19559518645843,157.0763619117336,160.04650062299004,2316300
2022-03-14,157.52435302734375,159.83230532594513,155.91756377246537,158.02100832590898,1917600
2022-03-15,162.0428466796875,162.9485025611788,159.36485482443325,159.63752189731986,2297300
2022-03-16,167.77859497070312,167.98310267724494,162.6563329572332,163.78596202551202,2300300
2022-03-17,166.75611877441406,166.76585157700436,163.72755293388687,165.8699433837579,1582300
2022-03-18,166.7074737548828,168.8985585764212,163.26015864781857,165.8018176351729,3542300
2022-03-21,165.49990844726562,165.76284274073467,163.45490521817945,165.49990844726562,1770400
2022-03-22,166.10366821289062,168.3531789801377,165.529105943509,167.17485603292968,2004100
2022-03-23,163.26010131835938,166.5029074986208,162.82188747978128,164.97402546460575,2709100
2022-03-24,167.47671508789062,167.4864627487077,162.82188014447647,164.57475027905983,1795800
2022-03-25,167.0287628173828,169.1419397089783,166.27892106254617,167.49618988438033,1427600
2022-03-28,167.06771850585938,168.05128128047397,164.711087714139,167.59358698835894,1215600
2022-03-29,173.65072631835938,174.2837002281338,169.54122515785818,169.6775586857745,2200900
2022-03-30,171.82968139648438,174.4297660812897,170.80717251028813,172.8911363508759,2285200
2022-03-31,171.1480255126953,174.60507252761647,171.11881224473257,172.55032181187107,2368900
2022-04-01,169.1322479248047,173.70919209437952,168.09027319588094,172.28741510269901,1900400
2022-04-04,170.07681274414062,170.4566000643903,167.12615398083778,168.83033052079608,1394900
2022-04-05,169.44383239746094,171.98549047779244,167.49620214001888,169.8431001664541,1545100
2022-04-06,161.81886291503906,167.26248607845162,161.28326160664426,167.26248607845162,2180100
2022-04-07,160.348388671875,162.25705783647277,158.10861109937744,161.24429672902636,2608600
2022-04-08,159.56935119628906,160.9813801930288,158.14757453812825,159.32589740860152,1522400
2022-04-11,158.1962890625,161.22485517380917,157.4269815303471,157.71912908582308,1402500
2022-04-12,158.96559143066406,161.61436984398816,158.03072234274495,160.31919390326982,1549700
2022-04-13,170.94354248046875,171.63495792706465,159.71545252084476,159.86153374100948,3343800
2022-04-14,175.78338623046875,176.7669491473724,171.58624486129116,171.58624486129116,3631700
2022-04-18,178.35423278808594,180.107102971057,174.53687931141533,174.53687931141533,2961100
2022-04-19,183.83682250976562,184.58666433455375,177.28305072220715,177.50702404573192,2775100
2022-04-20,185.31704711914062,188.7156528697307,183.83684376200077,184.0510843081358,3500700
2022-04-21,179.34756469726562,190.7704141763302,178.88987031068848,188.47220943962634,2905600
2022-04-22,174.79006958007812,179.34751690527315,174.25446832795345,178.9482491664858,1872900
2022-04-25,177.7017822265625,177.90628994361367,172.37501223281615,174.18630898391578,2368300
2022-04-26,172.60873413085938,178.3834507975554,172.19000075172175,176.260540917831,2085100
2022-04-27,175.48147583007812,177.06879917797102,171.30381564194872,173.27091142043253,1808900
2022-04-28,179.72732543945312,181.29516845788677,175.35490483505166,176.96169392222862,2335500
2022-04-29,172.87167358398438,180.2824076411303,172.32633946485905,178.17896330229806,2605500
2022-05-02,173.47543334960938,175.59835814163193,168.7426910410389,174.26422125783108,2590000
2022-05-03,168.5089874267578,174.01105260617976,166.3179030738865,173.97209167428667,4135800
2022-05-04,176.49429321289062,176.81565405026467,167.8078623776871,171.39149560796264,4283900
2022-05-05,173.0079803466797,178.704789308913,170.59290839386,174.98482365228006,3174400
2022-05-06,168.0026092529297,173.8649662951518,164.8474425281148,173.5143922146168,2764100
2022-05-09,159.55963134765625,166.50292383189978,157.85545469549314,166.50292383189978,4058300
2022-05-10,163.68858337402344,165.78229484130458,160.61132396432225,163.65937010855234,2594500
2022-05-11,162.58819580078125,167.97339278299796,161.44881891632753,163.23090255347793,2973800
2022-05-12,159.06295776367188,162.929004969796,155.77147277003,161.13718871939173,2619600
2022-05-13,162.34100341796875,163.39466079403653,159.7556507497806,161.95076656160967,2772300
2022-05-16,158.37026977539062,162.33123140533692,157.46294761787323,161.65806026285819,2367900
2022-05-17,160.8385772705078,163.23857713990884,158.5361440597764,162.27272081077513,2302300
2022-05-18,150.2630157470703,160.37030630459475,149.2776430090698,158.76054559297273,3748400
2022-05-19,153.11175537109375,155.69710780451743,148.53615644585142,149.55078111220058,2228000
2022-05-20,151.44345092773438,155.73613010655637,147.73614182811795,155.53124611286057,2105800
2022-05-23,154.10687255859375,155.27759786191967,149.58005713557483,152.6532129176279,1832300
2022-05-24,148.91665649414062,152.8678679437637,146.10690348346077,151.88249531585012,2303600
2022-05-25,155.65811157226562,156.4386002084725,147.09228265687037,147.697154278804,3079800
2022-05-26,166.01904296875,167.50196979097305,156.43858987945288,156.43858987945288,3693100
2022-05-27,168.35076904296875,172.68246721252623,166.2922373411866,166.2922373411866,2387200
2022-05-31,167.39463806152344,168.67268075205914,164.2239155536893,166.87756758194152,2224800
2022-06-01,166.4287872314453,169.7556105277865,163.7653844069244,168.33121782038884,1729700
2022-06-02,170.16537475585938,170.32147545194343,166.2239289425183,166.58489877645366,1749800
2022-06-03,170.3897705078125,171.12147581755676,167.6580825940334,168.57514074418344,1370300
2022-06-06,173.27757263183594,174.86781692270458,171.02392267764938,172.68245172252665,1394700
2022-06-07,172.85804748535156,173.49220099067298,169.43367214831102,171.4824528784541,1336400
2022-06-08,168.96539306640625,171.39464517537266,167.58003279510194,170.99465758519335,1693500
2022-06-09,163.5605010986328,168.8580546392327,163.5507503881894,168.8580546392327,1449300
2022-06-10,155.9702911376953,162.9458903348288,155.8629737689215,161.00442698576884,2736300
2022-06-13,148.38983154296875,150.79958203832123,146.2142172016058,150.24347889943306,4029800
2022-06-14,148.50689697265625,150.95566515449437,146.6142170332119,150.10689183824962,2667200
2022-06-15,151.0239715576172,153.32640474900754,149.3849440025448,150.98493893984443,2051200
2022-06-16,141.61912536621094,147.12154862659602,141.0630221926667,146.1947248906047,2610900
2022-06-17,141.68740844726562,144.03862502289172,139.3166904488763,142.28252934635393,3277500
2022-06-21,138.12643432617188,144.38007847374996,137.72643190227433,144.2239777883391,3357100
2022-06-22,133.13133239746094,138.126435272173,132.67279593503906,136.03863697189124,4112900
2022-06-23,129.8142547607422,134.34107028689058,127.81425759176584,134.3118032701342,3285700
2022-06-24,135.98985290527344,137.62888033121712,130.00937750551395,131.7069389669234,3075900
2022-06-27,136.77035522460938,137.6483956182073,134.9654762208353,136.19475063577113,2056500
2022-06-28,135.3069610595703,142.4971811531334,135.13134402759565,139.2484074841505,2241100
2022-06-29,134.37034606933594,136.21424267817838,132.40938138583087,135.3069353263806,2621600
2022-06-30,132.6923370361328,134.7703852473954,129.82406421888672,131.82404717698392,3379200
2022-07-01,135.7849884033203,135.8532880455637,131.33622242978564,132.42891249959936,2039900
2022-07-05,135.3069610595703,135.36549510803385,130.7216103287231,132.60452502502585,2367000
2022-07-06,132.34107971191406,136.30205652041045,130.28254840685693,135.56058569475627,1880400
2022-07-07,135.2971954345703,136.3996363023697,133.62891550734219,134.11671909322382,2017100
2022-07-08,134.43865966796875,135.44353377741493,132.25329443226005,135.2971837823042,1631400
2022-07-11,134.39962768554688,135.14109860316012,131.85329257900116,133.75573831838645,2161700
2022-07-12,135.7264404296875,137.80448809349366,133.58985872801324,133.58985872801324,1691700
2022-07-13,137.365478515625,138.6435213962376,132.38987650101066,132.93621407868483,2337100
2022-07-14,137.34596252441406,137.8142497511373,134.58499272186836,134.59475832000965,2398100
2022-07-15,139.85328674316406,140.9166949322222,138.19474272827833,139.13133211448928,2072300
2022-07-18,141.06301879882812,145.38496574108342,140.18497841461007,141.64838897936153,2028500
2022-07-19,147.23863220214844,147.57033506692528,142.3801126673511,142.52644778811032,2531000
2022-07-20,148.87762451171875,149.7751811071936,146.3410405213826,147.09226203096824,1932200
2022-07-21,147.31666564941406,148.18495533493075,144.15569342465434,147.31666564941406,1777400
2022-07-22,147.22885131835938,150.96542779738422,146.62396487448333,148.7898135373811,2259700
2022-07-25,149.25811767578125,149.6581052249759,146.5361658569548,149.08250067783382,1543200
2022-07-26,147.35568237304688,149.07276030952153,146.88739515700024,148.38007275349693,2032500
2022-07-27,153.7556610107422,155.35565581053288,151.062976305952,151.29712733271916,2660100
2022-07-28,154.2337188720703,155.71664579391057,151.0825121889195,154.27275149154593,1708600
2022-07-29,154.9459228515625,155.93128063848937,152.80934097470774,153.67763067629986,1937000
2022-08-01,155.6776123046875,156.11663246656792,152.5751743800091,154.14590220682032,2051000
2022-08-02,154.38006591796875,158.26297783304233,151.7849475759372,158.2434615236771,3114000
2022-08-03,155.45323181152344,157.14104281362646,154.74104279644456,155.41421407760228,1791100
2022-08-04,155.1117401123047,155.88246298201594,153.34587919004758,155.54099462620428,1337600
2022-08-05,153.1800537109375,155.30688476749938,152.12639633703276,153.88249196020732,2146100
2022-08-08,154.40931701660156,157.24832194333047,153.55077813204807,153.72639512506163,1444800
2022-08-09,154.91665649414062,155.67764378495198,152.84837405050587,154.21423302504041,1499500
2022-08-10,157.30686950683594,158.82881396243255,156.38003099784257,157.87272332253377,1480500
2022-08-11,157.19956970214844,160.3312600155252,156.78005092703188,159.55077139338312,1324400
2022-08-12,160.06785583496094,160.35077532935753,156.96541767501765,158.04834209595322,1610200
2022-08-15,159.19956970214844,160.38981163185565,157.75567526924834,158.16542849129092,1304900
2022-08-16,162.18492126464844,162.49710777945916,158.51662923119278,158.8190650346783,1869600
2022-08-17,159.8685302734375,160.992500596982,158.21677142787723,160.27902417195358,1452000
2022-08-18,161.31504821777344,161.74509374179036,159.34075509092048,159.96627178581025,1093200
2022-08-19,157.7281036376953,160.53315304646281,157.24918657938352,159.73170183624651,1401900
2022-08-22,154.3463897705078,156.10566013421118,153.90657590795556,154.67869225212556,1417900
2022-08-23,155.05010986328125,156.9266600913298,154.766678880884,154.77644722045096,1423800
2022-08-24,156.31092834472656,156.89735687813592,154.22913836946722,154.22913836946722,1892300
2022-08-25,158.9888916015625,159.54600006472356,157.01459859164044,157.6205785729988,1274100
2022-08-26,153.14422607421875,160.1519726019355,152.71418055561506,159.37985626698378,1747700
2022-08-29,152.19615173339844,153.24193052524973,150.9646701405242,151.47289211717532,1555500
2022-08-30,149.8700408935547,153.73065272543454,149.53773838748808,153.17355910214584,1987500
2022-08-31,150.26097106933594,152.38186361801547,149.8700138561161,150.75942473851185,2241900
2022-09-01,150.4662322998047,150.68125506977387,146.50787756072936,148.98062450187993,2297000
2022-09-02,150.73989868164062,154.12160830969196,149.95799903625638,151.4924783952538,1855000
2022-09-06,148.92198181152344,152.71418523151058,147.094303214991,151.6977261765473,1680800
2022-09-07,154.0336151123047,154.36591754264748,148.85354786261001,149.24449014377893,2240900
2022-09-08,155.7928924560547,155.8417639765269,152.00070406601847,152.84124351225992,1690800
2022-09-09,158.6859130859375,159.0866386664119,156.57478871970034,156.76049154545646,1392400
2022-09-12,160.0737762451172,161.26616972342444,159.11595710981086,160.23992747884935,1602100
2022-09-13,154.3073272705078,158.08974799899948,153.48632435467889,155.39220959983834,2261000
2022-09-14,158.86183166503906,158.9986629705036,153.10511867011277,154.42457511912303,1790000
2022-09-15,158.83253479003906,162.7811214582662,158.0701867041578,159.7414974545873,1862700
2022-09-16,151.41427612304688,156.6920871672472,149.81138867558477,156.6920871672472,3370000
2022-09-19,153.79910278320312,154.63964244863305,149.20546201731787,149.4888930483765,1972600
2022-09-20,153.45700073242188,154.82532895025923,151.3361076539453,153.1735697313429,2102900
2022-09-21,144.81703186035156,152.95853253843867,144.7974802682741,152.77282969744044,3281200
2022-09-22,136.9394073486328,144.12308785280592,136.49959352283494,143.70281070300396,3542500
2022-09-23,134.36892700195312,135.1899297690665,132.82467942195836,135.02376361711327,2414600
2022-09-26,133.137451171875,137.03716602109867,132.94197999515714,134.662147229167,1946900
2022-09-27,135.54177856445312,137.916797419173,133.79229135335925,136.24548675003714,2251200
2022-09-28,140.56546020507812,141.28870497315614,135.37560929867655,135.91316616244617,2085100
2022-09-29,137.3303680419922,139.0994217469926,135.8349918859963,138.76710433516396,1871000
2022-09-30,136.96873474121094,140.72183479902793,135.14105623194206,136.73416039503715,2100800
2022-10-03,137.61380004882812,139.4317101804744,135.57109882786622,138.87460171285193,2107000
2022-10-04,144.22084045410156,145.35459422102488,140.1549741328222,141.12257664461814,2128600
2022-10-05,143.8494415283203,144.85614727311122,141.5428605272931,142.01199438229045,1489000
2022-10-06,140.80982971191406,144.91478442147854,140.3504642056525,143.44872810281294,1653300
2022-10-07,138.2979736328125,138.9528103049173,136.1575291105694,138.71823593484427,2409100
2022-10-10,137.32058715820312,140.16473955331617,136.31389650236483,138.90392296379466,1509100
2022-10-11,135.6492919921875,138.3566133881905,134.14414746418132,137.65290519202009,1873800
2022-10-12,138.65957641601562,140.00835275413246,134.1832168210636,135.36584192982443,1855500
2022-10-13,139.9790496826172,140.84890911369703,134.1539130480802,135.6199692744055,2398500
2022-10-14,140.28204345703125,144.49450963104726,139.29490422130127,142.7059191024205,2076000
2022-10-17,144.5042724609375,145.0711343764093,142.53974769373755,143.66373301295258,2060000
2022-10-18,146.59585571289062,150.39782763344053,145.21775926756013,148.0521287005065,1870900
2022-10-19,146.59585571289062,148.23783154379868,145.27639913102178,145.27639913102178,1173800
2022-10-20,144.18174743652344,149.7038866000788,143.83966168437604,147.16273141803805,1408200
2022-10-21,150.01666259765625,150.52488472044442,143.18483473854226,143.39008918645393,2339400
2022-10-24,151.47293090820312,152.9292188507816,148.96109556626752,150.77900595282028,1967900
2022-10-25,151.91273498535156,152.57735487868064,149.64524250377562,150.86695599331938,1697100
2022-10-26,151.5315704345703,155.22604597804363,150.66171097224216,153.1246896967258,2464400
2022-10-27,152.7141876220703,154.88395199288428,152.469844921875,153.24196129255444,1624700
2022-10-28,156.03724670410156,156.3891007986747,151.77590929804705,152.71419185474053,1796900
2022-10-31,156.48684692382812,158.8618509237745,154.56142516198477,155.1576219752484,2493000
2022-11-01,156.44773864746094,159.31142770478158,155.61696756826552,158.7445508963355,1573600
2022-11-02,149.52796936035156,155.6560737558244,148.85358109829107,155.36287443622885,2596000
2022-11-03,143.165283203125,147.3973009290543,140.6632161211659,146.40037844957192,2929800
2022-11-04,145.58914184570312,147.85663404945655,144.0057912160767,146.0582755924292,3342900
2022-11-07,144.9929656982422,146.64470984059633,141.71876751777828,146.1560244353626,2039600
2022-11-08,147.09429931640625,149.26406359574773,145.09068627657362,145.69666628868774,1760100
2022-11-09,146.18533325195312,149.69409025756207,144.72904563478886,144.9245167793799,2136400
2022-11-10,154.40504455566406,154.97192144506985,152.27438323563499,152.2841515753935,2421900
2022-11-11,160.0737762451172,161.15865834706906,156.2131648617097,156.37931609544188,2634300
2022-11-14,155.91995239257812,160.67974310676513,155.65605811795868,158.33405930468587,2082600
2022-11-15,158.10928344726562,159.50691657659291,155.9004158253982,157.6499179637885,2003500
2022-11-16,157.943115234375,158.86183118917418,156.7604900943718,158.09948321622767,2063500
2022-11-17,156.34999084472656,156.43795062779768,153.93588404159792,154.71778357815865,1647100
2022-11-18,158.0506591796875,159.42874085260962,156.81916226693153,158.49047311417314,1864900
2022-11-21,156.89732360839844,159.07685618155986,156.3206784513704,157.68899152118163,1322100
2022-11-22,159.6505889892578,159.96412109280683,156.33881924430747,157.65176389499027,1508800
2022-11-23,158.22006225585938,160.19928699082365,157.8379361142781,159.5820005502897,1455700
2022-11-25,159.2489013671875,160.53245316418858,157.99474274486963,158.30828987582413,918700
2022-11-28,155.68238830566406,158.5238382245439,155.47662112773807,158.47485956619286,1856400
2022-11-29,158.00453186035156,158.87656424102636,155.7901613641127,155.7901613641127,1824400
2022-11-30,162.01194763183594,162.0315331106184,156.2996409098451,157.3578398432372,2662800
2022-12-01,161.85519409179688,163.80501097456974,160.93416814983928,162.28631389022374,1874400
2022-12-02,162.28631591796875,162.41368135036882,159.21949863690736,159.70940478655936,1419300
2022-12-05,158.76876831054688,161.44366648218653,158.43563573813512,160.99294627482197,2180100
2022-12-06,157.23046875,159.46443942421487,155.67257090233005,158.67079391505274,1898200
2022-12-07,154.10487365722656,157.07370365906505,153.92851462380986,156.4662248318535,2199600
2022-12-08,157.4166259765625,158.38663045118466,154.82992245965818,155.45700164706687,1849600
2022-12-09,157.9065704345703,159.23911590050238,156.83857850362315,157.14231795639245,1264100
2022-12-12,159.87594604492188,159.91514690317427,156.24085135622144,157.7595482216978,1554500
2022-12-13,159.82699584960938,165.6372912267385,158.95496340102264,165.25516498411625,2177700
2022-12-14,156.11349487304688,160.07192996947396,154.25184254070686,157.99473268676215,2464700
2022-12-15,152.27261352539062,153.87950489246612,150.11702973308164,153.09565216324086,2517700
2022-12-16,150.68531799316406,151.67493792523754,149.36258043801635,150.95967917538366,4943500
2022-12-19,148.3141632080078,151.26340740459372,147.48133183497058,150.95966802438326,2019600
2022-12-20,147.37353515625,149.1763857538649,147.0893812871585,147.85363349594624,1675400
2022-12-21,145.7470703125,149.01963959721957,144.76725807510505,148.29458811002618,2284300
2022-12-22,144.24795532226562,145.53150693031802,142.43529674630366,144.2577480621351,1837200
2022-12-23,145.58050537109375,145.89403751556745,143.36613507639433,143.36613507639433,1067600
2022-12-27,145.35516357421875,146.36436906721667,144.95343693505467,146.01163603417615,1350000
2022-12-28,142.66067504882812,146.35455660838466,142.64107461686723,145.53151787501523,1321600
2022-12-29,144.98281860351562,145.79606455823387,143.30733309184347,143.9540127595589,1431900
2022-12-30,145.88424682617188,146.0410203759868,143.46410934736784,144.04219499271815,1541900
2023-01-03,144.7672882080078,147.6871250969911,144.13041610143728,146.82490031512268,1686200
2023-01-04,146.83468627929688,148.18683217017093,146.09003424052239,146.22720737794796,1731300
2023-01-05,145.8744659423828,147.0600305011918,144.97304038380292,146.00183138005454,1542300
2023-01-06,150.2836151123047,150.80291443439495,147.00123793237654,147.50093682228908,1589000
2023-01-09,149.45077514648438,152.2432462980703,148.58853550233857,148.6963154578568,1864500
2023-01-10,150.0680389404297,150.68531045498636,148.44154711325356,149.36257296600988,1275200
2023-01-11,155.27085876464844,155.37863871733575,150.82250248182683,151.04787007883172,1712500
2023-01-12,156.76016235351562,157.34804071466723,154.4967835682258,155.1728563916859,1627000
2023-01-13,158.51402282714844,158.8373626601037,155.96650502548468,156.36823163164865,1532600
2023-01-17,157.739990234375,159.28809548871914,157.20109047008597,158.02412922786405,2570500
2023-01-18,156.56417846679688,160.444241198694,156.47599896057687,159.023516556855,2188000
2023-01-19,157.7791748046875,158.67080759339322,155.05529778375634,155.24146451444759,2184900
2023-01-20,163.54046630859375,163.77561168021958,156.92673361814502,157.42643248359838,2330300
2023-01-23,165.60787963867188,166.3721320389492,161.73762403198572,162.64884229741278,2585400
2023-01-24,166.20553588867188,166.27411496317424,164.2067107771567,165.16693742616243,1644900
2023-01-25,168.85107421875,169.44876038620524,164.23615119453007,164.23615119453007,1881500
2023-01-26,171.0556182861328,171.14379779730194,169.10578659604386,169.9680261294698,1620100
2023-01-27,170.8106689453125,173.00545373685588,170.5069295441845,170.97723523139084,1637000
2023-01-30,167.74383544921875,170.01700679134436,167.5772691794375,168.88042112028154,2041900
2023-01-31,170.6636962890625,170.70289715280478,167.36173367935066,167.98881294248656,1329100
2023-02-01,171.81988525390625,173.13283014564703,167.5576957753569,169.52712806371727,1456300
2023-02-02,172.61354064941406,173.9950796570488,171.48676242235737,173.03486773612005,1145500
2023-02-03,170.9086456298828,172.16281907953223,169.40953406556002,170.47754079336892,1504500
2023-02-06,168.8412628173828,170.4285539601304,168.25336945671745,169.23318175732692,1485900
2023-02-07,171.878662109375,172.96625429863082,167.39112023617295,168.52770602779583,1808800
2023-02-08,170.4971160888672,171.48673598253308,169.50751114594902,170.212977128281,1520200
2023-02-09,171.36915588378906,174.00485321824385,170.73228390404464,172.01583555447468,1525300
2023-02-10,167.91043090820312,170.56572884865295,166.62687917324652,169.64470288443235,1544700
2023-02-13,170.84986877441406,171.49654849122106,168.26316485793555,168.55711154291595,1995400
2023-02-14,177.61056518554688,177.88491141090157,168.0671887869288,172.17260437807326,3366200
2023-02-15,176.9442901611328,177.6007625727689,175.56275130418678,177.26762999684883,2563000
2023-02-16,172.24119567871094,176.03307940307195,171.89827034806265,173.8186940617903,2277900
2023-02-17,169.03721618652344,171.16340700801834,167.65567730434628,171.10462066422335,1890000
2023-02-21,167.2343292236328,168.81182737031506,166.4210983024133,167.31271598908404,1817800
2023-02-22,167.1461639404297,168.32193562074335,165.78422554517297,166.60726422631774,1250500
2023-02-23,168.8648681640625,169.77822798934727,166.8122512567111,168.4621973872462,1382700
2023-02-24,167.2836456298828,167.627376879889,165.97743091373476,166.43902615124142,1642400
2023-02-27,166.5765380859375,169.0023635144627,166.23279181612574,168.68807949796204,1543000
2023-02-28,166.2131805419922,167.98097589944496,165.83997197342887,166.52744961087035,2709700
2023-03-01,166.40957641601562,167.73542274155574,165.35870611962943,166.3899299189738,1799600
2023-03-02,167.84347534179688,168.50150568850785,164.85785184043314,166.36048684076815,1254300
2023-03-03,169.9746856689453,170.4755590284173,168.02027101669202,168.77650392035227,1406500
2023-03-06,171.9879913330078,173.82455675845148,170.19071890361903,170.19071890361903,2136100
2023-03-07,170.46572875976562,173.61830990634812,169.93537820228332,172.43977475822487,1436000
2023-03-08,170.33804321289062,171.81121584447922,169.33628162736204,170.53446323325838,1184500
2023-03-09,164.7301483154297,170.59337619106395,164.4453415530618,170.35767817693494,1871000
2023-03-10,161.58738708496094,165.80066901828158,161.06686731020739,163.95428793899805,1710700
2023-03-13,157.6884002685547,159.80977251090258,156.09737857973744,159.63298399776326,2394700
2023-03-14,159.7803192138672,161.95078534487286,158.39553322921088,160.104419017886,1901300
2023-03-15,155.49827575683594,156.38217329663593,152.74835065340037,156.09736652942053,2757700
2023-03-16,158.2482147216797,158.84730554674033,154.19207446417627,154.74205653586063,1887000
2023-03-17,155.93043518066406,157.51164125900135,154.62422016065597,157.00093715672338,2480100
2023-03-20,160.12405395507812,160.46780026587186,156.35273522276805,156.80451480387794,2342700
2023-03-21,164.75961303710938,165.3194258008298,161.9900564283734,162.0195186805812,2327800
2023-03-22,160.29100036621094,164.56319174787967,160.20259862438857,164.30784723543493,2397600
2023-03-23,157.11875915527344,162.8837846030348,155.6652330990403,160.8802615388752,2423200
2023-03-24,153.75994873046875,155.4393722661939,150.81360321830323,155.12508821833657,2509800
2023-03-27,153.7795867919922,155.99916156111493,153.25906697894177,155.3214997327583,1637500
2023-03-28,156.1366729736328,156.225074732422,153.01355377737914,153.1019405502794,1825900
2023-03-29,159.23033142089844,159.7704827557187,157.28573266635001,157.3544879189345,1752200
2023-03-30,159.7606658935547,161.55793837407737,159.50532135548175,160.9883098021723,1175800
2023-03-31,163.07037353515625,163.6989265570321,161.3516722268832,161.3516722268832,1514200
2023-04-03,161.51864624023438,163.07037481746892,160.399035692905,162.47128404301017,1533000
2023-04-04,161.44009399414062,162.43202490589235,160.58564361878223,162.1963118737438,1200700
2023-04-05,159.6526336669922,160.95884859255077,159.18122259907005,160.69367331051873,1380100
2023-04-06,160.13385009765625,160.66418559178,158.50353563819928,160.08474135159832,1092400
2023-04-10,159.87850952148438,162.41236826172465,159.32852746671352,159.32852746671352,1256500
2023-04-11,160.9490203857422,161.78380919291496,160.074938584181,160.52670311844238,1203900
2023-04-12,158.58212280273438,162.33379460706809,158.13034327318042,161.98023257964357,1370600
2023-04-13,162.5400390625,162.66771881313844,158.82764541148418,160.09456721884607,1569700
2023-04-14,165.0935516357422,165.18193839670056,162.5400464226628,162.5400464226628,1736400
2023-04-17,166.7140350341797,167.0479505651758,165.2310466564827,165.71227345530448,1221100
2023-04-18,170.5541229248047,170.8192832291643,168.0791885162313,168.52113734271882,1867700
2023-04-19,170.60324096679688,171.26125636398794,169.29702592966632,169.29702592966632,1430300
2023-04-20,170.65234375,171.41839246096444,169.67022848097997,169.80772401920717,2001700
2023-04-21,171.2906951904297,171.81121498545085,170.01394258559242,170.78980690722628,1321100
2023-04-24,171.21212768554688,171.97817626693202,170.3675080976239,171.65407648467104,1146800
2023-04-25,169.76840209960938,171.58532087179157,169.31662259890024,170.69159261149068,2226300
2023-04-26,162.1668243408203,171.015690100138,161.74452208316964,169.85678660507412,3087400
2023-04-27,162.4320068359375,163.31590438286017,159.86868596679818,163.03109761334971,2105900
2023-04-28,166.3113555908203,166.87116835116998,161.41061118187426,162.1962912171996,1645900
2023-05-01,167.0970458984375,170.1907021614495,165.7613688958217,165.93815738890316,1928700
2023-05-02,175.41555786132812,175.74947335921786,170.52462943790218,170.64247844047847,3821300
2023-05-03,175.25843811035156,179.9922401264314,174.45311151406267,176.40751098896192,2378500
2023-05-04,173.32366943359375,176.73161004483362,172.75404087471844,175.25843738819,2090000
2023-05-05,173.41207885742188,176.02449376155343,171.3005222979103,175.91646049584924,1638300
2023-05-08,174.76736450195312,175.22895975940557,172.54778995560744,174.18792023779312,1244900
2023-05-09,175.7887725830078,176.53517460226257,174.4334490617879,175.34680883590678,1400100
2023-05-10,172.4888916015625,177.2717876700856,169.85681516094593,176.78073008651194,2198600
2023-05-11,171.3692626953125,172.1353112453917,169.92555235418942,172.0567402420648,1448000
2023-05-12,170.9862518310547,172.21389575578687,169.71931490863392,171.36927613613562,1053100
2023-05-15,172.3612060546875,172.42013056499837,169.72914468821807,171.50677068340474,975800
2023-05-16,171.4478302001953,173.17634728045678,170.78979993399554,171.8504859784354,1119000
2023-05-17,173.94241333007812,175.48432630974503,171.8505032829636,173.39243124851825,1073800
2023-05-18,177.80210876464844,178.16550153725782,173.0977840914981,173.0977840914981,1344300
2023-05-19,175.23880004882812,178.20479201526854,174.33525590383653,178.0574807362599,1227300
2023-05-22,171.5558624267578,175.36647389802346,171.1040978624477,175.21916262398483,1715400
2023-05-23,166.50779724121094,170.328224605195,165.59443733778417,170.328224605195,2605800
2023-05-24,165.24087524414062,166.3212079117116,164.2096513316207,165.73193282287508,1619000
2023-05-25,169.11253356933594,169.53614506453758,164.63005350749484,165.44773793905955,1619000
2023-05-26,169.2110595703125,171.5064839487631,168.9253698126032,168.9253698126032,1390000
2023-05-30,166.58067321777344,170.47205156715535,166.24572248098224,169.87110346533765,1037500
2023-05-31,165.2999725341797,167.3195533298752,162.67945863225546,166.95504897826837,2088700
2023-06-01,168.60025024414062,169.59525624627366,164.35421384398802,165.29995884887083,1791600
2023-06-02,174.5900421142578,174.7673636842186,169.2701845625708,169.2701845625708,1652900
2023-06-05,174.5900421142578,174.9447002865268,173.12214842274372,174.10730834211893,1712900
2023-06-06,178.2154083251953,178.76711046054382,174.62942712333378,174.77721011814623,1622100
2023-06-07,174.6195831298828,180.06751588897777,173.88071324357867,178.21541056362454,1791300
2023-06-08,175.83131408691406,176.1564186196036,172.78717396129198,173.30930744436586,1181800
2023-06-09,176.35345458984375,177.32876822673532,175.3880021718884,176.05791866867594,1377700
2023-06-12,178.2548370361328,178.294236818414,174.99396012977712,177.1810163388904,1324600
2023-06-13,178.71786499023438,180.60937023587778,177.90018045140175,179.2991057362313,1179200
2023-06-14,178.76708984375,180.22512202386852,176.96424574784828,179.29906947962283,1603600
2023-06-15,174.05804443359375,176.18599343167912,171.19124054066037,175.90030367406308,3526600
2023-06-16,173.7427978515625,175.63430302613696,173.02363534485247,174.63929695432319,4719200
2023-06-20,171.21090698242188,173.82158934915103,170.6789273296521,173.21079511220336,1529400
2023-06-21,173.50636291503906,174.4816766621835,170.2060861527076,170.9154025083858,1867700
2023-06-22,173.08273315429688,174.04818557984717,171.73306899586,173.6442664412791,1163200
2023-06-23,168.90567016601562,170.81688287130572,168.46235119565452,170.7577756795706,2098000
2023-06-26,168.96475219726562,170.62967466750453,167.50671989963948,168.0190072056389,1525800
2023-06-27,174.67869567871094,174.90527824174393,170.23563003763272,170.5508733819812,1442100
2023-06-28,175.0235137939453,175.3584645566835,173.99893906606144,174.85603841257623,1235300
2023-06-29,178.57992553710938,178.7178473111999,174.47181087418457,175.25008052104997,1716100
2023-06-30,180.9640350341797,182.14622397694416,179.47643387735744,179.60450948220915,1696000
2023-07-03,181.49600219726562,182.22502592699487,179.72271139005053,180.68817890485744,1154100
2023-07-05,179.4173126220703,181.01328185043843,178.3829067734472,180.79654547414583,1572900
2023-07-06,179.3385009765625,179.7030203603284,175.5949053950735,177.3977498098712,1357700
2023-07-07,182.90476989746094,184.3430947702177,178.63902621038227,178.65873361520434,1904400
2023-07-10,188.10641479492188,188.15567579143755,183.15106219882708,183.19046197663226,1912100
2023-07-11,188.4216766357422,190.3723040566156,187.7616213081183,188.16554047396707,1941700
2023-07-12,187.1902313232422,190.43141588396915,186.9143877477353,190.43141588396915,1944900
2023-07-13,188.638427734375,189.54477310715896,187.73208236159104,188.10644796230443,1347000
2023-07-14,186.57943725585938,188.16554533352488,184.81600760754247,188.16554533352488,1817300
2023-07-17,188.4512176513672,190.027479395525,185.12138764116153,185.12138764116153,1422200
2023-07-18,190.7860565185547,191.4855115805951,188.37241793857632,188.56944689834773,1422600
2023-07-19,187.38726806640625,190.66783725019977,187.17053168943505,190.3624400914713,1951900
2023-07-20,188.638427734375,190.6284550921986,187.44639258317963,187.78134336679253,1547700
2023-07-21,192.00765991210938,192.99281981936977,190.2639376995485,190.39199826549626,6637600
2023-07-24,191.3870086669922,191.57419144405728,188.98321622281247,190.88456752174451,1793700
2023-07-25,191.93870544433594,193.04207972384427,189.68268085141972,190.70725556726072,2261300
2023-07-26,190.8550262451172,193.3277872540401,189.17041120751168,191.5249428045633,3471200
2023-07-27,192.8450469970703,194.1356040379544,191.10130979600905,191.43627558063864,2481900
2023-07-28,196.64776611328125,197.01227046198758,194.3424955799792,194.88433652558786,1503300
2023-07-31,198.8151092529297,200.391371044338,196.63791437703247,196.88420434241837,2731900
2023-08-01,201.70164489746094,202.88383378013373,195.81037782661218,196.58866257174526,2935100
2023-08-02,200.4898681640625,203.46505500885533,199.45546238612363,200.97260188415422,2882100
2023-08-03,197.86936950683594,199.7805670622792,194.3917563049753,198.77571479986435,3288400
2023-08-04,199.96774291992188,202.62767151877452,196.45073005859413,199.02199787836585,2650000
2023-08-07,201.66221618652344,202.55871524844198,200.56868816312786,201.5144482235022,1540600
2023-08-08,203.3961181640625,204.12512686432757,199.93819731823254,200.06627291469943,2506800
2023-08-09,203.06112670898438,205.8983916531194,201.9281989879459,203.40593864095874,2040000
2023-08-10,205.29745483398438,207.84901516680088,204.51918518834867,205.29745483398438,3442600
2023-08-11,205.41567993164062,206.21367205681224,203.5635895903762,203.92809393343285,1702000
2023-08-14,203.7704620361328,205.89841094360017,202.4700588364671,204.3221491531029,2476900
2023-08-15,202.9429168701172,204.8935290465111,202.1153862537495,203.28772880977644,2042500
2023-08-16,203.9305877685547,205.90589377386527,201.61948335923464,201.72812579234227,1770200
2023-08-17,199.8318328857422,205.14541083729267,199.6540475095072,205.14541083729267,2775100
2023-08-18,199.5947723388672,201.55033594521143,197.7577373292146,197.90589430748224,1781400
2023-08-21,197.34292602539062,201.03675334329344,196.13798826657052,199.59477346014583,2210800
2023-08-22,201.4318084716797,201.99477786553862,197.22441249015804,197.53058248174275,3170800
2023-08-23,200.74046325683594,202.63675512343548,200.24663677895933,201.42194620756774,1509200
2023-08-24,196.33551025390625,202.84415421543065,195.98984078660726,200.49353552809467,1903200
2023-08-25,197.32318115234375,198.8836746605633,195.78244492332374,197.16516812991256,1510400
2023-08-28,200.0293426513672,200.56268366217,196.6811998893714,198.1824365322401,1062100
2023-08-29,203.60464477539062,203.91082984173966,199.02193579912074,199.17996388425811,1189400
2023-08-30,202.8145294189453,203.99970988706383,201.90587548732088,203.5552690953178,1098500
2023-08-31,200.9972381591797,203.96019688726952,200.90835301423,203.5848990295749,1321000
2023-09-01,203.2787322998047,203.87131501269604,201.21452623262832,202.1429223935845,1086000
2023-09-05,198.54788208007812,203.01207787542947,197.8367707119553,203.01207787542947,1989000
2023-09-06,199.9207000732422,200.878724600804,197.04662649055672,197.6095958825907,1487300
2023-09-07,197.4021759033203,199.55526701396136,196.3453951604616,199.50588135598397,1847300
2023-09-08,202.91329956054688,203.16021280291073,197.56022227454486,197.9059068420096,1753500
2023-09-11,201.6392364501953,205.6589762508951,200.64169729318724,204.32565376724185,1715800
2023-09-12,201.28367614746094,202.58737021731673,200.67132106474568,201.29354725171558,1399600
2023-09-13,197.7577362060547,201.31329267886198,197.08613946696178,200.56268189921923,1676200
2023-09-14,201.68862915039062,202.65652488694747,197.57010280923578,198.69602664534162,1729300
2023-09-15,200.6515655517578,202.67625699843256,199.72316942018293,201.8960027727953,3899800
2023-09-18,198.20217895507812,201.135509306518,198.0935516024349,200.09848580622884,1700800
2023-09-19,196.08860778808594,198.212070648194,194.48861485016445,198.0342852826539,2356300
2023-09-20,197.39231872558594,200.43429161287835,197.15527659280372,197.15527659280372,1499900
2023-09-21,192.76023864746094,195.6046841755909,192.68122459719189,195.26888576473922,1730800
2023-09-22,191.96023559570312,194.478753732398,191.6046799167534,192.80961776928368,1374900
2023-09-25,190.54786682128906,193.05651362747054,188.197263166436,190.83429460179323,2141400
2023-09-26,189.39231872558594,192.7799760815746,188.3947947006103,189.62936085199044,2188700
2023-09-27,191.48617553710938,193.85653679652845,189.6096257255457,191.67383202530468,2284300
2023-09-28,197.0861358642578,197.8169893528064,191.7034306646871,192.0392290280952,1786700
2023-09-29,194.13304138183594,197.323155861007,192.87871804523093,196.88860126703352,1764500
2023-10-02,191.35775756835938,193.7182474976129,189.38245168378276,193.57997668850805,1640700
2023-10-03,188.0392303466797,190.6170049543178,187.00219181342078,189.59972369827545,1650500
2023-10-04,192.41455078125,193.51083106441018,188.18738238213777,188.82936582795242,2282600
2023-10-05,192.3651580810547,193.698480443622,190.17256745419772,193.0169975365736,1582700
2023-10-06,193.56021118164062,195.37750397169216,190.4688678515561,190.93306592032943,1735800
2023-10-09,192.0293731689453,192.15777288655994,187.15037981465113,190.61703655674185,1615400
2023-10-10,196.00961303710938,198.80465765146212,193.2836812229541,193.2836812229541,1691900
2023-10-11,195.82196044921875,196.49355724143754,192.7306018011113,196.01948803102496,1379200
2023-10-12,195.35775756835938,196.7404656775954,193.95529218030907,196.58243758785753,1397600
2023-10-13,190.54786682128906,197.04662471371623,190.10342603023108,195.25897537543335,1531100
2023-10-16,194.60711669921875,196.69106487728138,192.65156821798428,193.88613431706432,1382600
2023-10-17,195.07131958007812,197.09601104669525,193.92565366530616,194.251565861579,1230900
2023-10-18,191.99972534179688,194.43922930711813,191.55528453325883,193.4515763679723,1255800
2023-10-19,189.93553161621094,193.7873870663638,189.10590677601346,192.78984796695687,1770700
2023-10-20,185.6491241455078,189.1059094319342,185.42196818925126,188.49356943229137,2367300
2023-10-23,186.31085205078125,188.41455765867522,184.54295989968062,187.0318344852134,1848300
2023-10-24,187.79232788085938,188.96763728115883,185.71825069557943,187.4170149441889,1810100
2023-10-25,186.1034393310547,188.34541576167558,184.23677584637062,185.47134204180688,1784800
2023-10-26,184.1479034423828,188.3158004122739,184.10840395236582,186.56765033883505,1528000
2023-10-27,182.98245239257812,185.73799728318346,181.8367714405499,184.40467494400806,1282300
2023-10-30,185.76763916015625,187.27874696323852,184.77998621328481,185.77752533467327,1485100
2023-10-31,186.2318572998047,186.84419737026295,183.71333900007116,185.52074589587076,1234000
2023-11-01,186.46888732910156,187.53555436562144,183.61457079383226,187.53555436562144,2313700
2023-11-02,183.40713500976562,184.24664597771715,178.51825631561454,182.0244270194315,3054300
2023-11-03,188.9380340576172,189.5108746428818,185.06643585722614,185.77754726856222,1746000
2023-11-06,188.7997283935547,190.024408321237,187.00219291592333,189.91576590148577,1543700
2023-11-07,192.09849548339844,192.79973569685345,187.1009740532929,189.4515928565393,2057200
2023-11-08,190.20220947265625,193.44170998651117,189.66886843307958,192.9873829924417,1511400
2023-11-09,191.98985290527344,192.99726311591905,189.89603351134016,190.77504401826383,1490100
2023-11-10,195.1602325439453,195.32813174009226,191.39726207598736,192.3059160686706,1165700
2023-11-13,195.26885986328125,195.98984225456667,193.81700890674495,194.8046617985173,1075600
2023-11-14,199.86143493652344,201.62932693896568,197.51081628856863,197.5305735656335,1853400
2023-11-15,198.6861572265625,201.27380332948275,198.49850074055425,200.87874814764686,1516200
2023-11-16,201.16514587402344,201.32317396311439,198.58738613886922,198.873798863757,1284200
2023-11-17,203.2293701171875,203.83183907397822,201.28369242412847,202.4688730572148,1295300
2023-11-20,204.40467834472656,204.7997335297787,202.3306009472295,202.3306009472295,1292800
2023-11-21,205.14727783203125,205.69185830183136,204.06802796992275,204.06802796992275,1109800
2023-11-22,207.88003540039062,208.66225500825973,206.19679924455366,206.9195977198514,1241200
2023-11-24,206.87010192871094,208.35531307010316,206.592863724319,207.6226185763597,710200
2023-11-27,205.46409606933594,207.22654534828237,204.74129757160696,206.11759257276958,1544500
2023-11-28,202.6422119140625,205.4641040198777,202.53329582594233,205.2066728608432,1345200
2023-11-29,200.4836883544922,203.87987887364432,200.29555920073253,202.70160900186394,1296100
2023-11-30,200.70152282714844,201.33521228962874,198.9588805824148,200.4936017346502,1385700
2023-12-01,207.21665954589844,207.44438769311012,200.7510415137057,200.7510415137057,1474500
2023-12-04,207.5434112548828,211.02871106028832,206.02849705734238,206.8404046474653,1462700
2023-12-05,200.71144104003906,206.37503231387836,200.24607367200844,205.17697044938606,1539300
2023-12-06,202.76101684570312,205.6819289683854,202.2857535271292,202.88973997487153,1196500
2023-12-07,205.97897338867188,206.0878894725314,203.29570049012577,204.30563314953395,1248700
2023-12-08,207.33546447753906,207.75133688281315,205.1373508306842,205.63242119964525,1276300
2023-12-11,214.34567260742188,215.18729831683746,209.39496868932875,209.94944511081928,2065500
2023-12-12,214.7318115234375,215.5932442171427,213.47434369634934,214.3654642944187,1546300
2023-12-13,215.9199981689453,216.7517127635599,212.23667341182505,214.86054032638847,1556600
2023-12-14,217.9200897216797,219.5637271109494,216.18734328450196,217.08837505783836,1729200
2023-12-15,218.959716796875,219.959753478586,216.96953940158343,218.2864283636474,3845000
2023-12-18,219.93006896972656,220.44494641444533,217.24679587084026,219.29637946405327,1440200
2023-12-19,219.20726013183594,222.00936026853518,218.65278372893482,221.286561751064,1525300
2023-12-20,214.58328247070312,218.5141420524342,214.2070241897438,218.35571592273058,1874600
2023-12-21,219.65281677246094,220.04888213101222,216.38534932906865,216.38534932906865,1214500
2023-12-22,220.4251251220703,220.92019548851704,218.71218588450222,220.07858493056673,995000
2023-12-26,221.2469482421875,221.54399348976534,219.44489992802,220.03897531482679,1118600
2023-12-27,222.22720336914062,222.29650536873638,220.68258613986802,221.73213296958662,1329600
2023-12-28,221.87075805664062,222.53415059691977,221.02913231137677,221.66282183555015,971000
2023-12-29,223.28662109375,224.39558893789655,222.1677723900774,222.4945206300926,2008700
2024-01-02,219.65281677246094,224.94016466524468,218.4151408551418,223.27673548437508,1524700
2024-01-03,216.88043212890625,218.7914117111373,215.86058832323948,218.17752925562706,1299900
2024-01-04,217.8507843017578,220.217220223061,216.72202438758703,217.44482294541444,1238700
2024-01-05,220.2270965576172,221.19743023036034,216.8408171170109,217.0487533153443,1005100
2024-01-08,225.97982788085938,226.03923391082083,220.22711231823624,220.3063253943013,1690700
2024-01-09,224.2470703125,225.2372110513857,223.20741951500025,223.37575673595768,1358300
2024-01-10,224.5342254638672,225.7322873285988,223.66289675617213,223.66289675617213,1225300
2024-01-11,224.7421417236328,226.68282422851738,223.16782156751114,225.11840004082492,1176000
2024-01-12,223.2767333984375,225.58376309976907,221.73211628538937,225.54414901010972,758900
2024-01-16,224.10845947265625,224.14807356434687,220.87071001518737,221.81134073012495,1108000
2024-01-17,225.45504760742188,225.65307273738063,222.80147762760697,223.01930980306628,1248700
2024-01-18,230.3859405517578,230.76219886831626,225.44514791948166,225.4550438878942,2209600
2024-01-19,231.36619567871094,231.79196407308248,229.27699801567232,230.376054892595,1885100
2024-01-22,235.03961181640625,235.95053947692028,231.7721443788644,231.9404664903166,1552200
2024-01-23,234.7623748779297,235.56438645787782,233.41578287074864,234.63365174739772,1268600
2024-01-24,235.5247802734375,236.9703924462208,234.98021493627414,236.10897481045046,1239300
2024-01-25,240.12893676757812,241.1289734771072,238.98036988187133,239.31701410784956,1594300
2024-01-26,239.21800231933594,240.8220254398264,238.66351082900817,240.12892996235203,1119000
2024-01-29,239.74278259277344,240.1289368776546,237.4159458067274,239.1982021632362,1303000
2024-01-30,240.79232788085938,241.6042354276189,237.82190567439295,237.82190567439295,1059900
2024-01-31,237.36643981933594,241.5052360464597,236.9109835310736,241.0200616357595,1181200
2024-02-01,241.267578125,241.38639017214658,236.36638477168245,238.03972494128644,1190900
2024-02-02,242.70327758789062,244.31721172391948,239.2278892552607,240.82201634743862,1222300
2024-02-05,241.8220672607422,242.8716140215604,239.45563151055916,241.75276526569593,1338200
2024-02-06,242.34683227539062,243.32707700732473,240.4358679765365,241.82205891309658,1471500
2024-02-07,245.49549865722656,247.53518617396423,242.66369552306247,243.6736433129899,1046700
2024-02-08,247.11932373046875,247.97084535751694,243.3864889703257,247.2282398144522,1030900
2024-02-09,244.58456420898438,248.27778485404298,243.0300360308721,248.16886877080998,1479800
2024-02-12,246.38662719726562,246.68367245188426,243.57463101802074,243.8518692267717,1429900
2024-02-13,232.6236572265625,239.5150280008932,229.72253713479532,239.5150280008932,3110200
2024-02-14,233.06922912597656,234.07917691519486,229.91067773527874,233.485086425455,2349600
2024-02-15,238.11895751953125,238.48530476714902,234.55444472959138,235.1881342135419,1521700
2024-02-16,239.24771118164062,240.81213535953182,235.9505407135239,236.67333922139466,2119400
2024-02-20,240.5447998046875,241.56464358370778,238.13874989001363,238.8120534663823,2162200
2024-02-21,241.4676055908203,242.12248874459215,238.70911110984352,239.41361052364147,1396500
2024-02-22,247.3815155029297,248.49284714690282,242.88655752201075,243.09493977563477,1383600
2024-02-23,249.5347137451172,250.21937878657155,246.66706946854893,246.66706946854893,1477200
2024-02-26,247.2921905517578,249.52478595347563,245.13897813676962,249.52478595347563,1476000
2024-02-27,247.10365295410156,247.88755046954972,245.7640896833139,246.96473651526668,1079300
2024-02-28,247.06398010253906,249.28664322349195,246.26023301959776,246.80598160403065,953400
2024-02-29,247.93716430664062,248.41346224201465,245.95263499818677,247.7684811323129,1698200
2024-03-01,248.066162109375,249.21719273534416,246.02209935611486,247.0540479285568,1096600
2024-03-04,245.506103515625,248.55236308037823,245.10920373515998,247.8379313629363,1156200
2024-03-05,245.9625701904297,247.26243448003723,243.78950814992243,245.61527150111533,1084000
2024-03-06,245.1885986328125,248.63175814532957,245.05959938455322,245.96256384085459,1314700
2024-03-07,245.00006103515625,247.0441237304791,244.30547882908877,246.47852562933778,1197400
2024-03-08,248.343994140625,249.16757561287008,244.31540210442526,245.25805048902873,1276400
2024-03-11,246.54800415039062,248.760750128527,245.079456675914,248.3440007833684,1176500
2024-03-12,248.75082397460938,250.37813737171325,246.76629470298235,246.76629470298235,1270900
2024-03-13,249.4652557373047,251.16201978581483,246.27016239854984,247.96692644706,1804700
2024-03-14,246.08163452148438,251.0429577981272,245.80380162925294,250.42775855686574,1711000
2024-03-15,242.1820526123047,245.0596141861886,241.47753801332547,244.245949864572,3709300
2024-03-18,246.5976104736328,247.43110913035798,244.50393149542003,244.6924641979367,1915300
2024-03-19,247.8875732421875,248.07609081590198,245.91296104950248,247.43112482079403,1164300
2024-03-20,252.0848388671875,252.71988764135247,247.33188268645847,247.50056586107573,1630400
2024-03-21,253.29541015625,254.13882605330258,251.4200305088822,252.76951108492383,1530800
2024-03-22,253.18624877929688,254.54564648892375,251.26125295819332,253.9304472581303,1282800
2024-03-25,250.1598358154297,253.69229546639593,250.09037002394962,253.3350795949074,856000
2024-03-26,250.2292938232422,252.33290519086006,249.22711197079113,251.20172408801417,1351400
2024-03-27,251.5986328125,252.98781246537635,250.78498363847547,252.98781246537635,1302300
2024-03-28,250.35829162597656,253.12671848058943,249.70339332265343,253.09695175232537,999200
2024-04-01,249.38587951660156,252.54127387671915,248.790514662623,251.5589415506389,1178500
2024-04-02,245.82363891601562,248.2348346407864,244.63290927633213,248.2348346407864,1252300
2024-04-03,248.65159606933594,248.85997830865702,244.86115296337678,245.25805276876534,1071000
2024-04-04,246.96475219726562,252.85880673778752,246.14117070732078,251.38032693428306,1607300
2024-04-05,251.96575927734375,252.3626742280524,246.34955277682042,246.9746692204561,1293200
2024-04-08,252.7099609375,253.0771091640925,251.44979569772536,252.27337719739543,1205600
2024-04-09,252.96795654296875,253.51370513778784,249.40573002341085,253.48393840904836,1152800
2024-04-10,252.38250732421875,253.21600595528903,249.31639820011068,250.33842952789462,1317500
2024-04-11,256.5500183105469,258.55441232407446,251.05287870079465,252.14437589407484,1545200
2024-04-12,249.1179656982422,255.1509518511992,247.3914348620378,254.1288901705557,1930100
2024-04-15,246.48846435546875,255.02194636767712,246.290014454413,253.09695053184706,1433300
2024-04-16,243.7200469970703,246.81592310887285,242.84686437029924,246.29002403727245,1088900
2024-04-17,236.6154327392578,243.4322859716761,235.70253594650336,242.18203797582743,2684100
2024-04-18,234.47213745117188,239.37392719510527,234.25383801911968,238.7884795505525,1841200
2024-04-19,234.17445373535156,237.44893005725996,232.73567304351877,235.54378377596484,1842300
2024-04-22,235.57354736328125,237.24054465940776,233.68823549846402,236.71464562140903,1046400
2024-04-23,237.83592224121094,238.1236723348679,235.57355999472773,235.57355999472773,1196200
2024-04-24,242.17210388183594,247.68909281821112,241.42790540716467,242.28125359708466,2301300
2024-04-25,240.06851196289062,241.23937698290945,238.37173274861385,240.197511212497,1207400
2024-04-26,238.97702026367188,242.23164718056128,238.87780288080464,238.90756960974053,1065500
2024-04-29,238.62974548339844,242.35073814472625,237.73669816022505,239.6021606594799,1209100
2024-04-30,234.303466796875,240.0486727072582,233.67833519525925,239.08617474381327,1862900
2024-05-01,232.051025390625,235.4048849511951,229.0246150008287,231.94187566703374,2157100
2024-05-02,233.73785400390625,234.86903507736463,230.8305259032854,234.52175154104583,1413200
2024-05-03,232.77536010742188,236.91310187210237,232.48761002147586,235.5437869537719,1572800
2024-05-06,234.9881134033203,235.52392963351357,233.56916713060775,233.58901666232055,1067900
2024-05-07,234.16455078125,236.42691307417903,233.83710161506846,234.98813229484153,897900
2024-05-08,233.5294952392578,234.45229411123182,232.65629748798648,233.72794514434023,1194500
2024-05-09,235.70254516601562,235.9010102144033,229.06430718235333,230.87022102477314,1229700
2024-05-10,238.59996032714844,238.80832742126694,235.66285035136272,236.1589826678919,1145300
2024-05-13,235.66285705566406,239.83036560491806,234.38284230453698,239.38384953549036,1288800
2024-05-14,234.0454559326172,236.7344997705686,233.866855564873,236.12921773417403,2105300
2024-05-15,234.17445373535156,235.6330839592857,233.73785487366288,234.91865221120543,1569000
2024-05-16,237.111572265625,237.63747132959858,233.81724629282107,233.81724629282107,1280800
2024-05-17,235.89108276367188,237.72677851397953,234.49200104440644,237.1115792453556,1217000
2024-05-20,238.47096252441406,238.6594952283583,235.593385986659,236.0101504589341,954100
2024-05-21,236.43682861328125,239.3540892181264,235.2957302785392,239.3540892181264,839700
2024-05-22,234.33322143554688,237.54814918481597,233.6783231381932,235.40486906555552,1091600
2024-05-23,230.88084411621094,235.2982858223847,230.66196077536412,235.2982858223847,1650400
2024-05-24,235.3878173828125,235.51716167499737,232.10458255575534,232.64184716848092,909200
2024-05-28,232.9502716064453,236.40264082547944,231.79616223232188,233.62682423933856,993800
2024-05-29,227.2991485595703,231.2589210079419,226.67234487733543,230.68186630038934,1161700
2024-05-30,227.79661560058594,228.4333630266574,225.54808939191483,227.6274660447295,934600
2024-05-31,229.99537658691406,230.2142599368556,226.2843337231426,228.35376664360865,1660100
2024-06-03,227.2195587158203,230.8211598870911,224.88149348066852,230.55252756233293,1644000
2024-06-04,229.33871459960938,230.52267033595993,225.2894031989769,225.4485938417857,1100600
2024-06-05,231.58724975585938,232.04490389529929,228.33386107927234,230.00531735049688,987800
2024-06-06,230.8509979248047,234.2536182512953,230.19434790181822,231.68672603701177,1028000
2024-06-07,229.9257354736328,231.71657712751195,228.96066304528944,230.34359953828832,2723400
2024-06-10,231.57728576660156,232.22399207118193,228.81141282048785,228.8313154464956,1219800
2024-06-11,231.45790100097656,232.05485833278473,228.76166446669222,230.6022702553878,1285100
2024-06-12,235.3579864501953,235.92509744729767,232.8308994042413,232.8308994042413,1477700
2024-06-13,239.24810791015625,239.5465865650237,233.4676325252852,234.02478458436843,1188700
2024-06-14,238.23330688476562,238.53178556510252,233.9452092270697,238.1139214851334,1566300
2024-06-17,243.4566192626953,243.80484690366765,236.3927051253411,237.33787491779452,1406900
2024-06-18,241.81500244140625,245.94390913389654,240.89967902368866,244.03366697762658,1320100
2024-06-20,242.7402801513672,243.15814421800442,241.42699525354382,241.44688269867714,1154400
2024-06-21,242.29257202148438,244.6903299519267,241.51653657880064,244.44160025411128,3299600
2024-06-24,244.41175842285156,245.01865950399014,241.9940978211416,241.9940978211416,1058600
2024-06-25,243.58596801757812,245.6155956597611,242.54130025680126,245.27732691627327,1283800
2024-06-26,240.28282165527344,242.02392946638236,238.45217480023732,241.43693104785262,1592600
2024-06-27,241.01907348632812,241.71551359327793,238.9794869592742,241.71551359327793,1153600
2024-06-28,240.54151916503906,245.53600054073377,239.7953300754675,241.16830767702515,6788900
2024-07-01,238.29298400878906,242.12342726335064,236.24345381570095,240.95937414925464,1475000
2024-07-02,238.76060485839844,238.89989288051433,235.47736984423165,238.59147048734744,1417300
2024-07-03,238.94964599609375,240.44202419373195,237.26823079775374,238.41239652469667,866700
2024-07-05,239.75550842285156,240.15348501882102,237.23836528070734,239.27795168894306,851900
2024-07-08,238.64120483398438,241.82494170236757,237.95470848804686,240.85986932927494,1040300
2024-07-09,236.3131103515625,239.63613539775764,236.18376605354257,239.63613539775764,1254900
2024-07-10,241.28770446777344,241.50658781177967,235.95493925074572,236.75087730338154,1376000
2024-07-11,238.56161499023438,241.70556186172362,238.03430927092668,241.70556186172362,1765400
2024-07-12,241.5563201904297,244.19286402551435,238.93969416264522,239.94455664969308,1699300
2024-07-15,245.41661071777344,245.59570399029332,240.76039816983482,241.5662799430353,1062300
2024-07-16,253.813720703125,253.8933160241805,246.43142546434726,246.68015514967502,1562300
2024-07-17,246.29214477539062,254.03261159858158,246.23245207813684,251.96317873333498,1752900
2024-07-18,242.84971618652344,247.23731155623398,242.80992611592475,243.52626883674506,1399800
2024-07-19,242.670654296875,244.47145494147736,241.41704686112485,243.75511217283628,1342500
2024-07-22,241.70558166503906,242.76019319006042,239.92466846759194,242.3721754557364,1212700
2024-07-23,241.07876586914062,244.35205713941477,240.74049712924318,241.42699351278875,730900
2024-07-24,233.845703125,240.3823267897139,233.706415103197,240.0142116995037,1762500
2024-07-25,232.56227111816406,236.30316036694092,231.14948823408469,233.80591962681734,1380100
2024-07-26,235.39779663085938,236.53200346755048,232.81100165112218,234.40287782038448,929400
2024-07-29,237.23837280273438,238.30294315179486,234.50234624137053,236.730969705697,1335700
2024-07-30,237.5567626953125,240.3126768009997,236.84041995515938,237.78558976525545,1752800
2024-07-31,226.14503479003906,235.01970821353166,221.79722953161584,228.83131237734818,4316500
2024-08-01,217.6683349609375,225.33916562785828,214.51444417058414,225.00088169637633,3067900
2024-08-02,212.58428955078125,215.539199481416,208.9528421505931,214.02691871600987,3679000
2024-08-05,210.27609252929688,211.26105241628443,203.5106417149231,208.00767890054448,4057500
2024-08-06,214.15626525878906,217.30021221572954,210.11689748128273,211.42023864108094,1911700
2024-08-07,213.6787109375,216.53412298218925,212.6937358786367,214.8427640900171,2854400
2024-08-08,214.70347595214844,216.70325723648372,213.6886545448898,214.3552483063349,1369600
2024-08-09,216.86244201660156,217.88720711868675,212.96236232280313,214.4049914798036,1214100
2024-08-12,213.5891571044922,216.84254577652288,213.32053996351465,216.84254577652288,1075200
2024-08-13,215.33026123046875,215.7481404716783,212.18632946777845,214.16620809604217,1081100
2024-08-14,215.9968719482422,216.60377300774576,214.44478590825753,215.8973739983213,847400
2024-08-15,220.77247619628906,221.8171439751371,217.8175661384433,218.56375524029818,1726700
2024-08-16,220.06405639648438,221.17156111003357,219.2359208697333,221.11169845921665,1005700
2024-08-19,224.64373779296875,225.49183263381684,220.56293792705478,220.80240376110677,1068600
2024-08-20,222.6282958984375,224.97300277644422,222.36887076613203,223.9952105744302,1069700
2024-08-21,224.0051727294922,224.63376101530474,222.55843617078483,223.56617487971974,710500
2024-08-22,223.61605834960938,225.39205477815364,222.628294121345,223.30675782461833,991200
2024-08-23,224.7534942626953,227.13811970533197,224.44419373794221,225.47187655059653,958300
2024-08-26,224.16482543945312,227.6170522937487,223.64599040178015,226.06056240520928,1104900
2024-08-27,227.10818481445312,227.66692320194528,223.29678211435774,223.89542386189396,1017700
2024-08-28,226.80886840820312,227.66692004532683,225.67141713224876,225.91088296263058,1026200
2024-08-29,230.84974670410156,233.0847154192576,228.3653553524485,229.23339423681125,1954400
2024-08-30,234.16229248046875,234.90061881687785,230.53047777664307,232.03707699976889,2218100
2024-09-03,230.2012176513672,234.172264192106,229.22342548519592,233.6733884630114,1802700
2024-09-04,228.94406127929688,230.14136001029496,227.5970906916244,229.48284037967824,1412200
2024-09-05,228.54495239257812,230.03160758392272,226.3499021736013,229.2134440596382,1808800
2024-09-06,227.08824157714844,232.37631220988044,226.64922849266216,228.95403196173578,3355300
2024-09-09,228.0760040283203,230.4306980977745,226.03061047750342,228.41523587298832,1876900
2024-09-10,225.16256713867188,228.48508128295538,221.45093053917384,227.1680420656269,1755200
2024-09-11,226.81884765625,227.26783278107737,221.3411865048135,225.1625765318402,1330900
2024-09-12,230.18125915527344,230.30099968331592,227.07825150059628,228.28553746795055,1044700
2024-09-13,231.21893310546875,232.0370814010991,229.15358023724986,231.02935788863945,1034100
2024-09-16,231.93731689453125,235.2199125813064,231.37856327438618,232.54594590934116,993100
2024-09-17,235.08023071289062,235.6988317689228,232.2366328579099,233.20445302752904,1005300
2024-09-18,238.20318603515625,241.18645311924166,236.26754579126683,238.3628146961377,1539600
2024-09-19,243.91033935546875,245.4668292657209,241.49576731835688,242.42368413376394,1676100
2024-09-20,243.84048461914062,244.1897037284088,240.35832645840603,243.35158091106103,3663400
2024-09-23,241.12660217285156,244.57882904723095,240.81730164505774,244.29945984635395,1393400
2024-09-24,246.82376098632812,246.90358293004613,242.30394809159077,242.47356401281183,1225300
2024-09-25,244.94798278808594,247.06321100590947,244.07994389199405,246.91355437709328,951400
2024-09-26,250.1462860107422,250.43562724783513,245.66637628155186,247.6119886674658,1431800
2024-09-27,252.4710235595703,253.85789748449525,251.10410892676433,252.2415449858792,1238400
2024-09-30,248.041015625,253.37897672769552,245.90582813902606,251.48325506963147,1646300
2024-10-01,245.5266876220703,248.7494206605745,242.55339245518832,248.15077890336894,1382500
2024-10-02,248.26052856445312,248.44011652165852,244.2994540027559,244.73845186186213,857600
2024-10-03,248.91903686523438,249.10861208379634,245.4568379852812,245.50672860455742,935600
2024-10-04,254.03750610351562,254.26698468211987,251.65288066429582,252.71049480205733,1129400
2024-10-07,254.58627319335938,255.2747241556213,252.50097623844968,253.4288778140344,2406700
2024-10-08,256.0030517578125,256.7713398559865,252.95992203731046,254.7459056453636,1207900
2024-10-09,261.2911682128906,262.42858909169996,255.4243845093578,255.71374097064344,1442600
2024-10-10,259.95416259765625,261.33106442434956,258.7069733269495,260.3033816832455,1038200
2024-10-11,262.03948974609375,263.5461043032254,260.46302527396494,260.642643690952,1084700
2024-10-14,260.97186279296875,262.7478591285638,259.8344419910048,260.6326309590862,1139700
2024-10-15,259.99407958984375,262.72793947997604,258.9165213378875,260.7823118221304,1252400
2024-10-16,261.9796142578125,262.69799654369194,259.0162911346796,259.8444114682134,709200
2024-10-17,263.9751281738281,264.60371650616605,261.70025591567565,263.905278259355,1163500
2024-10-18,265.0028076171875,265.9805846113926,262.4884543201807,263.9751247780178,886800
2024-10-21,264.37420654296875,265.84090241250186,262.66806006582476,263.89527487878877,869100
2024-10-22,264.90301513671875,265.29215282530095,262.7578555672112,264.2045769285263,1198100
2024-10-23,257.24029541015625,262.4086407995222,254.90554536247626,259.8943180166044,1990300
2024-10-24,260.0439758300781,261.2313025396407,256.8511588810267,259.3854561925003,1195100
2024-10-25,261.5306091308594,264.5338507841403,260.77230827380174,262.71793581011195,1162000
2024-10-28,261.9596252441406,264.00503394093306,260.0938349455972,263.7555960839308,1127500
2024-10-29,263.2966613769531,264.5138889917927,261.6902656075892,262.20908543271554,791500
2024-10-30,263.6658020019531,265.00278526106587,262.6580633164081,263.0771323135424,897800
2024-10-31,259.4353332519531,264.7733098499468,259.3355824614345,263.6658203039325,1308100
2024-11-01,259.9841003417969,262.7977667137368,257.8488976421246,257.8988034835593,1481600
2024-11-04,255.85340881347656,256.11283394610547,248.98888887359047,254.85565731746897,2222000
2024-11-05,259.0761413574219,260.48297453514334,253.50868652121926,253.50868652121926,1604300
2024-11-06,275.6388244628906,276.78623253702835,267.8862762331832,269.5026287053199,2148500
2024-11-07,277.0556335449219,277.8737970954668,273.2442154475676,275.509130875321,1472700
2024-11-08,280.1686096191406,282.16411262340506,276.58668538036113,277.18534237143234,1516600
2024-11-11,285.2671203613281,285.54648954901523,280.43800700333196,280.43800700333196,1895500
2024-11-12,285.3768615722656,286.35466896450106,283.072058136029,284.9777670781346,1143200
2024-11-13,285.82586669921875,288.39009530164833,283.7205952502841,284.0498702889555,1274000
2024-11-14,281.3858642578125,286.8635406433923,281.1264695756958,285.83585782661544,1396800
2024-11-15,278.1531677246094,281.82488601305903,277.0456781521259,281.35594158036855,1751100
2024-11-18,280.8171691894531,281.6053709437219,277.42478976248145,279.95908707413804,1733900
2024-11-19,278.64202880859375,280.07879329295486,275.65876179889244,278.6719601333114,890500
2024-11-20,279.54998779296875,280.19852013138586,277.91369128448497,278.92139952148733,938600
2024-11-21,283.44000244140625,283.8299865722656,280.2699890136719,281.9200134277344,944500
2024-11-22,284.2900085449219,284.95001220703125,282.8800048828125,283.3299865722656,990300
2024-11-25,288.0,289.6300048828125,285.79998779296875,286.0799865722656,1808400
2024-11-26,288.17999267578125,289.79998779296875,286.5299987792969,288.79998779296875,1459100
2024-11-27,285.6000061035156,287.8999938964844,284.6199951171875,287.8800048828125,1112900
2024-11-29,289.0899963378906,290.42999267578125,285.5400085449219,285.54998779296875,702400
2024-12-02,286.239990234375,289.94000244140625,284.6400146484375,288.9700012207031,1574300
2024-12-03,284.92999267578125,287.989990234375,283.7099914550781,287.2099914550781,928800
2024-12-04,289.6300048828125,290.010009765625,284.5,286.0799865722656,1115400
2024-12-05,292.4800109863281,294.6499938964844,289.8800048828125,289.9599914550781,1307400
2024-12-06,292.5899963378906,295.45001220703125,292.3399963378906,292.69000244140625,1013100
2024-12-09,286.9700012207031,293.8699951171875,286.2799987792969,292.489990234375,1064700
2024-12-10,287.6700134277344,289.75,285.5,289.010009765625,866700
2024-12-11,291.7300109863281,292.9599914550781,289.5400085449219,289.989990234375,876800
2024-12-12,289.989990234375,294.010009765625,289.75,292.67999267578125,1168000
2024-12-13,287.0799865722656,289.5899963378906,286.07000732421875,288.6099853515625,797200
2024-12-16,290.3999938964844,292.07000732421875,286.3399963378906,287.5799865722656,976900
2024-12-17,289.44000244140625,291.32000732421875,288.4599914550781,288.7699890136719,1310600
2024-12-18,277.6499938964844,291.25,277.5299987792969,289.5,1861100
2024-12-19,279.0199890136719,282.7900085449219,278.19000244140625,281.20001220703125,1489900
2024-12-20,283.9599914550781,286.92999267578125,276.80999755859375,276.8299865722656,2619100
2024-12-23,283.6300048828125,284.1600036621094,280.4800109863281,283.489990234375,907800
2024-12-24,286.3900146484375,286.54998779296875,282.760009765625,283.6300048828125,424000
2024-12-26,286.55999755859375,287.2699890136719,284.8500061035156,285.010009765625,473700
2024-12-27,283.6600036621094,286.04998779296875,280.7799987792969,284.010009765625,717600
2024-12-30,280.30999755859375,282.1000061035156,277.489990234375,281.67999267578125,1021000
