Price,Close,High,Low,Open,Volume
Ticker,NI,NI,NI,NI,NI
Date,,,,,
2015-01-02,12.021560668945312,12.112183578491212,11.911116274746982,12.047048577048562,5458771
2015-01-05,11.879964828491211,12.058376063220974,11.837484522940303,11.990409223953353,5863426
2015-01-06,11.74120044708252,12.021561967796785,11.676066813280784,11.877132764070701,7364721
2015-01-07,11.939433097839355,11.996072580799698,11.755358214913242,11.823323669916453,3468072
2015-01-08,12.157493591308594,12.174485989136805,11.94226709135114,11.993242910157528,4361621
2015-01-09,12.038553237915039,12.157493144954488,11.905451396080737,12.157493144954488,3683633
2015-01-12,11.981916427612305,12.061210633165178,11.831824904348904,12.061210633165178,4919231
2015-01-13,11.979081153869629,12.205636354659136,11.908282481788145,12.072534521223199,5430521
2015-01-14,12.228293418884277,12.25094949322357,11.874302739255453,11.894125601458754,6168571
2015-01-15,12.338739395141602,12.389715219526057,12.214134421038796,12.276437595429398,5332030
2015-01-16,12.46334457397461,12.471841461297192,12.270772747314831,12.333075922728863,3481306
2015-01-20,12.5171537399292,12.545472118810492,12.36139715736774,12.534144767257974,3888251
2015-01-21,12.627593994140625,12.684232101699962,12.372719073428648,12.460508758750713,4815395
2015-01-22,12.545470237731934,12.715385984256727,12.415201590374817,12.678572097230951,3640368
2015-01-23,12.522815704345703,12.641757003428454,12.519983866844571,12.593613016552409,4299523
2015-01-26,12.423694610595703,12.511484303711173,12.30475471163017,12.494493282338412,3853385
2015-01-27,12.44635009765625,12.548298970475422,12.369887755702852,12.369887755702852,4618921
2015-01-28,12.20280647277832,12.593612400936319,12.160327537659445,12.469007432942393,4104322
2015-01-29,12.369888305664062,12.392543000774191,12.129173922050327,12.185812034503753,4255240
2015-01-30,12.250948905944824,12.494495163694953,12.233957882013643,12.27926865384177,4789436
2015-02-02,12.435025215148926,12.480334612334783,12.13483946136612,12.293427850229872,5887858
2015-02-03,12.738039016723633,12.752199575337995,12.3953743933625,12.435022857740268,7129309
2015-02-04,12.61627197265625,12.709726755572847,12.573793025759148,12.64459172881389,6486696
2015-02-05,12.818514823913574,12.818514823913574,12.562145025224627,12.698875307975774,5536902
2015-02-06,12.288680076599121,12.770086483946828,12.1718890503123,12.770086483946828,8523969
2015-02-09,12.271592140197754,12.354201669537492,12.169044763686806,12.271592140197754,5569224
2015-02-10,12.781484603881836,12.847001981429102,12.263048037283722,12.263048037283722,10217666
2015-02-11,12.320018768310547,12.67893735213511,12.234562160173498,12.67893735213511,8318333
2015-02-12,12.354198455810547,12.411169052080261,12.200376048310051,12.35989537716273,7000277
2015-02-13,12.112072944641113,12.342805210153587,12.018069579008209,12.317169059956713,7442598
2015-02-17,12.123466491699219,12.208923089088191,11.989583290741486,12.083586654067826,7943200
2015-02-18,12.508023262023926,12.630511242829527,12.132012553191903,12.149104703274176,10320993
2015-02-19,12.382683753967285,12.602023534760658,12.337106997857124,12.536506170056564,6351302
2015-02-20,12.4254150390625,12.485235496490402,12.23741104771381,12.41686965450089,3859238
2015-02-23,12.448202133178711,12.453899055313274,12.322865697974068,12.408322295488684,3111772
2015-02-24,12.488080024719238,12.579233530163002,12.37128899091722,12.425411125509228,2495882
2015-02-25,12.268744468688965,12.52511428032651,12.214620938883474,12.47384059454864,4217574
2015-02-26,12.117769241333008,12.35419979965396,12.109223858375202,12.288682431481343,6318217
2015-02-27,12.223170280456543,12.234564127974526,12.069347807969821,12.12916689018772,5142427
2015-03-02,12.060799598693848,12.228864360499557,11.96964606394301,12.20037974510762,6060154
2015-03-03,12.109225273132324,12.143406808957081,11.969645137521713,12.049404819942573,2892393
2015-03-04,12.092130661010742,12.134858954842176,12.018067916303474,12.06649451436064,2967470
2015-03-05,12.220317840576172,12.251650911050975,12.075040801019032,12.13770970746471,3587941
2015-03-06,11.84715747833252,12.06934576379222,11.770246255115564,12.06934576379222,5530285
2015-03-09,11.861398696899414,11.929764529651862,11.838611007814013,11.887036229868613,2844292
2015-03-10,11.841461181640625,11.946857024400789,11.750307646618774,11.818672106511,4280945
2015-03-11,11.667696952819824,11.88703535791828,11.647756343584678,11.84145860034255,4396997
2015-03-12,11.98104190826416,12.02377021629516,11.724670677329769,11.75600513861874,3856439
2015-03-13,11.741761207580566,11.963948102087766,11.64775783670411,11.955402718212143,3515918
2015-03-16,11.918368339538574,11.972490473213128,11.790183465415993,11.795880386566171,3746495
2015-03-17,11.941160202026367,11.963947891961135,11.844308371559078,11.904127440386018,4571584
2015-03-18,12.468143463134766,12.542206228869354,11.889886410492764,11.952555330036901,5488293
2015-03-19,12.305777549743652,12.550753550139392,12.288685396955355,12.431114011614842,4226991
2015-03-20,12.527962684631348,12.564994063843674,12.320018098437934,12.37983716778204,6847577
2015-03-23,12.453901290893555,12.567843902282732,12.433962059843326,12.496629597320954,5895493
2015-03-24,12.274441719055176,12.476689389036753,12.268744796344178,12.414020473719315,3858475
2015-03-25,12.274441719055176,12.396929705586322,12.245955722751956,12.325715406202388,7137707
2015-03-26,12.191831588745117,12.345654007884189,12.186133284213888,12.277288180989489,5148535
2015-03-27,12.510869026184082,12.576386392911648,12.120617434985872,12.154800348811209,7574938
2015-03-30,12.58493423461914,12.633360845269998,12.462447625497036,12.53366054523691,5043936
2015-03-31,12.579236030578613,12.715967698670733,12.499476351774259,12.58493295295776,7384063
2015-04-01,12.604874610900879,12.661845222172055,12.391233090198641,12.55075246105585,6621327
2015-04-02,12.579236030578613,12.778635227589495,12.553598497124304,12.621964331170362,5950719
2015-04-06,12.724513053894043,12.801424271337494,12.584932924923281,12.639056452900908,3156309
2015-04-07,12.590633392333984,12.71596985416555,12.584935086240764,12.696029239710237,4241497
2015-04-08,12.542204856872559,12.639056687141716,12.485234249404009,12.624812998213448,3952640
2015-04-09,12.428263664245605,12.510871814925634,12.362747665662189,12.510871814925634,3183032
2015-04-10,12.49947738647461,12.52796338347655,12.365595551237544,12.468142928047302,3342858
2015-04-13,12.311470985412598,12.516567081532461,12.311470985412598,12.516567081532461,4112720
2015-04-14,12.331411361694336,12.40262565549255,12.268743834040482,12.342805206222652,6104946
2015-04-15,12.465290069580078,12.499472977374976,12.322862900307074,12.359894268522567,5737194
2015-04-16,12.342804908752441,12.442505194216718,12.234560622845967,12.431111349963002,5834158
2015-04-17,12.291529655456543,12.33995487009202,12.191830765486324,12.234559058723264,5734649
2015-04-20,12.394079208374023,12.482384261385924,12.302924311726509,12.339955686013434,6934871
2015-04-21,12.442502975463867,12.5963253764517,12.391229302717203,12.428259289938575,5783513
2015-04-22,12.58778190612793,12.658996196324123,12.40262502816744,12.50232531099172,5593401
2015-04-23,12.701723098754883,12.778632919731375,12.593477444856125,12.593477444856125,4316066
2015-04-24,12.781484603881836,12.889730285080025,12.696027996579987,12.696027996579987,3889778
2015-04-27,12.647599220275879,12.818512386908505,12.562142636959566,12.818512386908505,4496506
2015-04-28,12.693448066711426,12.753620886208846,12.55018189948169,12.578835689284896,4793508
2015-04-29,12.607487678527832,12.647602426591575,12.524392942602443,12.61608339792154,3999722
2015-04-30,12.441295623779297,12.750752584852261,12.358200905104937,12.613215539534137,5947665
2015-05-01,12.567373275756836,12.58170086603311,12.378261880326935,12.458489987765612,5235574
2015-05-04,12.647602081298828,12.782272520802929,12.573103066801046,12.573103066801046,2744783
2015-05-05,12.355338096618652,12.644737049312036,12.28943480019722,12.624680370944787,4730137
2015-05-06,12.280838966369629,12.4412979553836,12.10605377865551,12.386857009429958,5790639
2015-05-07,12.329550743103027,12.406915006091474,12.289435991586545,12.3094940627914,3492758
2015-05-08,12.627545356750488,12.72783293029549,12.481413942809898,12.49574014293352,6638887
2015-05-11,12.716371536254883,12.91694528560716,12.653333476075666,12.704910576547086,6700985
2015-05-12,12.739293098449707,12.7736773675021,12.561642664387662,12.65333312126529,7267502
2015-05-13,12.590295791625977,12.851040949313305,12.553046284685923,12.773676695737272,8151635
2015-05-14,12.65333080291748,12.84817403125304,12.621813170379495,12.64760032427421,7064157
2015-05-15,13.031559944152832,13.034425184275198,12.630412418088913,12.659064819312576,7361922
2015-05-18,13.34674072265625,13.352472591487535,12.922671446274169,12.951325226859781,9870274
2015-05-19,13.447032928466797,13.495743398751161,13.220670625936918,13.240728696579412,6663065
2015-05-20,13.527260780334473,13.693450241572263,13.418377502288225,13.455627008175282,9528480
2015-05-21,13.492877960205078,13.587433659417991,13.392590390254965,13.490012720283062,5880732
2015-05-22,13.558781623840332,13.647606845591476,13.412648820325533,13.498608802077813,5057679
2015-05-26,13.47854995727539,13.541586618019155,13.426974254686314,13.530125659864467,7754870
2015-05-27,13.42410659790039,13.527259386084866,13.38972233517223,13.487144644717493,4719957
2015-05-28,13.570240020751953,13.5845662180404,13.326686321490714,13.424107244838032,4480473
2015-05-29,13.51866340637207,13.618950963613402,13.49287625034175,13.555914302424071,4926611
2015-06-01,13.48427963256836,13.58743103159776,13.472818675096848,13.507201547511384,3281523
2015-06-02,13.329554557800293,13.418379782744907,13.220671261249304,13.412649302541158,4172019
2015-06-03,13.192014694213867,13.37539697662309,13.131843273839145,13.329551753744024,4970894
2015-06-04,13.088862419128418,13.24932138396981,13.077401461894853,13.131842399647159,3430151
2015-06-05,12.9771146774292,13.01436418152416,12.828118051942305,12.94846228265842,3693050
2015-06-08,12.896886825561523,13.048750100674132,12.888291106040384,12.985713433292661,4399033
2015-06-09,12.911214828491211,12.98857908844142,12.88256103827809,12.902619108695227,2690320
2015-06-10,13.07740306854248,13.126113533662414,12.954193590465925,13.000038815925453,3629679
2015-06-11,13.280843734741211,13.286574214793754,13.097461418593783,13.14903712995988,5998565
2015-06-12,13.169095039367676,13.27511309171783,13.131845528590226,13.200614070162933,4678983
2015-06-15,13.280843734741211,13.320958486002223,13.094596178567512,13.180556161142077,6674008
2015-06-16,13.37253189086914,13.375397130401213,13.177688648223262,13.23213098111861,5796747
2015-06-17,13.868232727050781,14.085997849938398,13.378260157384089,13.378260157384089,16656771
2015-06-18,13.959927558898926,14.02869609975743,13.825257108036443,13.871102338311049,8946693
2015-06-19,13.767951011657715,13.959927653947267,13.759353900821978,13.882564783571192,6882698
2015-06-22,13.842449188232422,14.014369140164897,13.770815411296187,13.83098683811531,6190967
2015-06-23,13.570240020751953,13.77940945562798,13.418376765922654,13.418376765922654,5500763
2015-06-24,13.46709156036377,13.564513905947722,13.415515842638964,13.532994870879579,4831683
2015-06-25,13.335289001464844,13.530132340769123,13.303769960083008,13.495748058433819,5423395
2015-06-26,13.252184867858887,13.332414339652175,13.212070131962243,13.332414339652175,7501133
2015-06-29,13.166228294372559,13.412647250798388,13.15763257538183,13.266514464383821,5545555
2015-06-30,13.063075065612793,13.186285930680045,13.020095081174937,13.068806935645103,7406205
2015-07-01,13.022958755493164,13.097457757136088,12.896884056902381,13.068805364883293,9519827
2015-07-02,12.389591217041016,13.082358801929706,12.331252996589866,12.841713468707098,16010300
2015-07-06,12.280206680297852,12.46251378494492,12.14165289131609,12.360422251428266,11163000
2015-07-07,12.484392166137695,12.498975678631659,12.178116149477397,12.367714329935396,10865400
2015-07-08,12.498979568481445,12.630240958028008,12.360427115865294,12.46251868956001,7037800
2015-07-09,12.214578628540039,12.739622701702025,12.214578628540039,12.739622701702025,6645500
2015-07-10,12.331253051757812,12.367713918118067,12.170823292522636,12.221869061784151,4268700
2015-07-13,12.331253051757812,12.484391750435254,12.170823292522636,12.396883723920588,4825600
2015-07-14,12.236455917358398,12.345839924787375,12.178117687336737,12.323962566944333,3821500
2015-07-15,12.38229751586914,12.382297515869142,12.112483795099891,12.272913537425046,4408600
2015-07-16,12.630237579345703,12.644822483370056,12.287500680131407,12.396884678528055,5929600
2015-07-17,12.323966979980469,12.593782259755844,12.316674524754799,12.564612438853159,6035200
2015-07-20,12.331253051757812,12.353130406109702,12.22916151323478,12.323960600307181,4777300
2015-07-21,12.280206680297852,12.389590664907526,12.236453364632547,12.331252447056178,3341500
2015-07-22,12.367715835571289,12.426055456221128,12.265624281220292,12.265624281220292,3500400
2015-07-23,12.061446189880371,12.39689080279769,12.024983911806517,12.338552548773214,3763000
2015-07-24,12.4187650680542,12.455225946128257,12.054150723740266,12.068734240433884,4693700
2015-07-27,12.579192161560059,12.630237936194517,12.389592576565612,12.396885028783826,4558900
2015-07-28,12.57189655303955,12.637527215633195,12.52085079122065,12.55731165226481,4858600
2015-07-29,12.538788795471191,12.627089334305913,12.487278510387219,12.538788795471191,4476200
2015-07-30,12.597654342651367,12.60501155015765,12.435767707282286,12.479917969877699,2744900
2015-07-31,12.8478422164917,12.972935817381892,12.67859834573196,12.700674182422619,6072300
2015-08-03,12.560861587524414,12.759539879215657,12.09728031042309,12.21501528249681,5230900
2015-08-04,12.376898765563965,12.575577029120963,12.28859825076844,12.509350941268629,4899100
2015-08-05,12.384259223937988,12.634446392382117,12.369542001438548,12.45048532167388,4681500
2015-08-06,12.398977279663086,12.457844770105222,12.163507317894544,12.376901444430406,4300100
2015-08-07,12.44312572479248,12.501993206615703,12.281240500656484,12.384258242969256,3678800
2015-08-10,12.421050071716309,12.531427829797376,12.347466771010923,12.479917554387514,3927400
2015-08-11,12.575577735900879,12.641803827475288,12.332749201298528,12.44312555275206,4103200
2015-08-12,13.031803131103516,13.04652035535999,12.516712913732738,12.568221795118639,5583600
2015-08-13,13.039161682128906,13.112746399554695,12.86991781450782,12.965578368214867,3453000
2015-08-14,13.11274528503418,13.20840583061054,12.958218654734623,13.017086142969449,3645500
2015-08-17,13.245192527770996,13.377644677610482,13.068590129155382,13.127457595360587,4302700
2015-08-18,13.053875923156738,13.274630024985886,12.995008443371251,13.21576114168897,3228300
2015-08-19,13.105386734008789,13.178971445519606,12.921425656987564,13.009727591502871,2811500
2015-08-20,12.906706809997559,13.098025050132305,12.906706809997559,13.090667843867458,3851000
2015-08-21,12.715388298034668,12.943499607352328,12.685953856310359,12.840481868340113,3596200
2015-08-24,12.156150817871094,12.59765777463988,12.089924704180179,12.413696659612212,5984900
2015-08-25,11.920679092407227,12.398977641652515,11.920679092407227,12.3474687614508,6058100
2015-08-26,12.28860092163086,12.310675353371813,11.950111798648853,12.126714270134894,5629600
2015-08-27,12.546144485473633,12.553503096737769,12.28860010878687,12.347467595388357,2348700
2015-08-28,12.553503036499023,12.575578870185495,12.435768063861007,12.52406999509531,1990500
2015-08-31,12.354825019836426,12.501993020447253,12.266523096660766,12.487275799332734,2694900
2015-09-01,12.126714706420898,12.318034408291854,12.06784721380766,12.134073318436519,3510700
2015-09-02,11.986907005310059,12.244451445181205,11.928038100754442,12.229735622554236,3440000
2015-09-03,12.111990928649902,12.170859792921215,11.979540194572369,12.023690439264879,2243200
2015-09-04,11.898600578308105,12.008976925826305,11.802941451395377,11.994259705220836,2303900
2015-09-08,12.237090110778809,12.325392044463362,12.075204869787354,12.075204869787354,2914800
2015-09-09,12.119356155395508,12.32539308233458,12.075205886591327,12.244449753267133,2804500
2015-09-10,12.200300216674805,12.347469659536896,12.031056339841678,12.111998270255185,3303900
2015-09-11,12.222372055053711,12.27388092214843,12.075202660344768,12.141428747612656,3573600
2015-09-14,12.318033218383789,12.332750440993365,12.185581021920804,12.22973268974953,2247200
2015-09-15,12.406333923339844,12.487275832662835,12.259164518824749,12.384258091609142,2084800
2015-09-16,12.649164199829102,12.678597242677496,12.406335631405337,12.413694242995348,2235900
2015-09-17,12.862558364868164,13.068595279541919,12.546145082998764,12.656522853706067,2828700
2015-09-18,12.818408966064453,13.03916171539323,12.752182860563469,12.766900084788523,6332000
2015-09-21,12.869916915893555,12.928784405021538,12.788973592025707,12.8625583043136,2093700
2015-09-22,12.74482250213623,12.86991608388516,12.708030850126597,12.811048598562815,2607900
2015-09-23,12.833126068115234,12.936143829686344,12.715391082459183,12.774258575287208,2567000
2015-09-24,12.943504333496094,12.943504333496094,12.73010876361068,12.788976265042528,3230300
2015-09-25,13.208407402038574,13.340858213691122,13.002370466948284,13.002370466948284,4170800
2015-09-28,13.120102882385254,13.245196460654116,13.002367915015917,13.164253144270877,3034600
2015-09-29,13.171612739562988,13.289347715731358,13.039160540495667,13.134821085827232,2790700
2015-09-30,13.649911880493164,13.664629104065778,13.193689177835632,13.237839445041784,3570900
2015-10-01,13.591041564941406,13.833870089373113,13.488023828367773,13.76028679382703,3535800
2015-10-02,13.848583221435547,13.855941829519987,13.539528699443945,13.657263621773033,3600900
2015-10-05,14.01783275604248,14.098776074715744,13.848588911099805,13.914815007557644,3733500
2015-10-06,13.775002479553223,14.01047379499539,13.738210832130807,13.98839796443511,4287900
2015-10-07,13.929532051086426,14.025191187236445,13.797079859869829,13.848588733451496,4831300
2015-10-08,14.047266960144043,14.0914172225234,13.826514244735723,13.907456158512622,2573300
2015-10-09,13.966322898864746,14.039907601251482,13.922172638837289,14.032548990661663,2522900
2015-10-12,14.01783275604248,14.091417463608032,13.936890840880778,14.01047554844633,2257200
2015-10-13,14.06198501586914,14.194437214372087,13.841230883860357,13.841230883860357,3736400
2015-10-14,14.032547950744629,14.113491257722679,14.003114914078019,14.069341000967086,1517600
2015-10-15,14.268023490905762,14.290099329754419,13.936894329247396,14.069346555315507,2204800
2015-10-16,14.319534301757812,14.363685985386557,14.194442075346005,14.326892915695938,1911000
2015-10-19,14.385757446289062,14.385757446289062,14.194439137543117,14.29009829191609,1818400
2015-10-20,14.378398895263672,14.393114715208489,14.20179502080908,14.34896444835068,3464900
2015-10-21,14.27537727355957,14.532923025601633,14.2459442352324,14.41518806527008,1543500
2015-10-22,14.532920837402344,14.569712480649507,14.268016514786861,14.304809561545248,1742700
2015-10-23,14.429902076721191,14.60650447793899,14.34160017435673,14.510843966751564,2385200
2015-10-26,14.400472640991211,14.459340128501449,14.297454888726199,14.459340128501449,1544900
2015-10-27,14.179718971252441,14.393113072976988,14.076699822322972,14.363680032933939,2805600
2015-10-28,14.168588638305664,14.302114828246447,13.983135911141696,14.235351733276056,3182000
2015-10-29,14.012810707092285,14.168591768065,13.901539329193108,14.168591768065,4103600
2015-10-30,14.213096618652344,14.354041084709905,14.035062173844263,14.035062173844263,2835500
2015-11-02,14.227941513061523,14.302122928921625,14.124088379793076,14.190850097685061,3131700
2015-11-03,14.183425903320312,14.420805179544569,14.09440796729017,14.257605865971323,2628600
2015-11-04,14.361466407775879,14.38371983998476,14.183431875641388,14.183431875641388,3315700
2015-11-05,14.509824752807617,14.613679269170477,14.279863707454837,14.368881662209803,3686800
2015-11-06,14.064736366271973,14.324370508211238,13.923793290129947,14.272443962801836,4611500
2015-11-09,14.035066604614258,14.131501428744585,13.916376937272725,13.96830348987309,2636900
2015-11-10,14.279861450195312,14.316951433459733,14.020227322667875,14.049900441193143,3071400
2015-11-11,14.405974388122559,14.51724579153584,14.309539549135756,14.331792980882817,2365200
2015-11-12,14.198266983032227,14.480156052571878,14.161176986199859,14.361466364837083,1754700
2015-11-13,14.153757095336914,14.242775058467817,14.09441225821382,14.146338813834962,1670000
2015-11-16,14.331792831420898,14.331792831420898,14.094413462643411,14.12408659118692,2094200
2015-11-17,14.227941513061523,14.450484345749002,14.190850097685061,14.272449796620455,1674100
2015-11-18,14.524663925170898,14.53950048944561,14.205684867727827,14.346629398552295,3404400
2015-11-19,14.62109661102295,14.650769735204644,14.480153515837205,14.53949834930816,1447200
2015-11-20,14.710113525390625,14.9326562814002,14.62851385457069,14.665605257167178,2877200
2015-11-23,14.650765419006348,14.84363642468917,14.576584045298796,14.724946792713897,2326200
2015-11-24,14.48015308380127,14.635932736429954,14.457898241329003,14.635932736429954,2330700
2015-11-25,14.198266983032227,14.465319487881859,14.15375870385485,14.465319487881859,3029900
2015-11-27,14.257608413696289,14.376298073017349,14.183428437789889,14.227936706312198,866100
2015-11-30,14.235355377197266,14.32437191668261,14.094410872304353,14.287281927712447,4042100
2015-12-01,14.38371753692627,14.398554099285084,14.198264752118483,14.265027867840683,2023800
2015-12-02,14.309535026550293,14.398551555189828,14.235353642755873,14.3837149954525,3364400
2015-12-03,14.042484283447266,14.383716708696687,14.020229441190502,14.331790158323285,2083000
2015-12-04,14.168588638305664,14.20567861778165,13.997972468888898,14.086988985588071,3416800
2015-12-07,14.198266983032227,14.205685265377237,13.886706199005218,14.094413859987451,4429200
2015-12-08,14.279861450195312,14.32436971309105,14.07215386519493,14.146335246615935,2757500
2015-12-09,14.287283897399902,14.413391858133412,14.153757654871175,14.309538742785548,2863300
2015-12-10,14.124089241027832,14.494994928051971,14.109252673972568,14.287287233957006,3151100
2015-12-11,13.842196464538574,14.057322385248712,13.819941619843291,14.027649258988333,2169700
2015-12-14,13.975719451904297,13.975719451904295,13.797684980433871,13.819938405060045,2007800
2015-12-15,13.879287719726562,14.012813970256769,13.85703428789997,13.975723973950673,2758800
2015-12-16,14.324373245239258,14.324373245239258,13.916377669157164,13.97572250594897,2892300
2015-12-17,14.302119255065918,14.41339064282683,14.183429586135285,14.368882370700957,1638700
2015-12-18,14.064736366271973,14.24277225752171,13.983138115582443,14.227935697435523,3578000
2015-12-21,14.012810707092285,14.138918646015973,13.93863073175439,14.116665219371539,2753900
2015-12-22,14.176012992858887,14.18343127491188,13.827360810831328,14.012813617478283,1741900
2015-12-23,14.33920669555664,14.376296679915722,14.10924567976747,14.183427063377843,2683100
2015-12-24,14.324373245239258,14.435644637362328,14.316954963778718,14.339209808160339,815400
2015-12-28,14.443058013916016,14.443058013916016,14.220515305246064,14.302114958707996,1355300
2015-12-29,14.687861442565918,14.710116288303805,14.46531864475746,14.46531864475746,1580400
2015-12-30,14.702695846557617,14.75462239742538,14.643351014866974,14.650769295689853,1780400
2015-12-31,14.472737312316895,14.732371526606823,14.457900748096296,14.673026684617065,2559200
2016-01-04,14.48015308380127,14.584006185553726,14.324372016280192,14.398553409628686,2592700
2016-01-05,14.710113525390625,14.784294915691262,14.302118001075625,14.465315927823157,3138800
2016-01-06,14.791712760925293,14.836221027838967,14.532078609959653,14.606259998077306,3525700
2016-01-07,14.465315818786621,14.717531694972234,14.391134429045147,14.628513744304001,3047600
2016-01-08,14.443058013916016,14.680438695360543,14.405968034101702,14.480149408622365,2933800
2016-01-11,14.680445671081543,14.724953950986167,14.46531972423923,14.46531972423923,2156500
2016-01-12,14.494991302490234,14.76204236822425,14.43564504911317,14.70269752973974,2405300
2016-01-13,14.443058013916016,14.584002484016072,14.34662321746358,14.480149408622365,2140100
2016-01-14,14.836221694946289,14.947493074679915,14.45047959130352,14.45047959130352,2402800
2016-01-15,14.643350601196289,14.76945854183794,14.487570952993732,14.598842332408752,1995300
2016-01-19,14.86589527130127,14.917821822435986,14.673024213592038,14.75462247327842,2419800
2016-01-20,14.43564510345459,14.851060389302502,14.131502628214996,14.762042423794359,3218100
2016-01-21,14.487571716308594,14.687859643851372,14.339208926010125,14.465316873296096,2703400
2016-01-22,15.04393196105957,15.088440237823658,14.494991831327123,14.63593494356217,2744600
2016-01-25,15.118112564086914,15.155203975305731,14.932659752670824,15.014259442459558,3481800
2016-01-26,15.066183090209961,15.333235539779896,15.051347943483492,15.132946202602445,2447500
2016-01-27,14.940074920654297,15.118109412715313,14.828803539977706,15.066182862725729,3681900
2016-01-28,15.392580032348633,15.466761423916736,14.984584501062601,15.036511050692566,3868200
2016-01-29,15.585451126098633,15.67446766430424,15.474179745895444,15.585451126098635,4958300
2016-02-01,15.800576210021973,15.815412771921016,15.46676205664801,15.592870003005041,4254200
2016-02-02,15.770898818969727,15.971188087766707,15.629954361494972,15.748643984139425,5417300
2016-02-03,15.93410587310791,16.06763212920596,15.807997899558945,15.859924462509802,4137300
2016-02-04,15.81081485748291,16.08728058566901,15.736094274850728,16.02750440459858,3624000
2016-02-05,15.676318168640137,15.795870531351902,15.452157844849724,15.743566550812577,3763500
2016-02-08,15.624011993408203,15.870588885011829,15.482043048189029,15.743564339326545,1950300
2016-02-09,15.870588302612305,15.975196245157985,15.51193127801884,15.541818650813465,2964700
2016-02-10,16.0499210357666,16.17694561019581,15.736095700422487,15.840705095654995,4691300
2016-02-11,15.765978813171387,16.0050834727737,15.646426483370231,15.952779506632714,4161700
2016-02-12,15.900477409362793,15.982668755026372,15.706204494307897,15.975196555388527,3222800
2016-02-16,15.773453712463379,16.10969416315492,15.661372137056432,16.02003061304108,2595600
2016-02-17,15.952778816223145,16.05738674397785,15.601592615601836,15.81828209472359,4240500
2016-02-18,16.341327667236328,16.513183988167768,15.803340679727262,15.87806125301201,4141100
2016-02-19,16.341327667236328,16.54307136237583,16.07980637332791,16.236718294567122,3276000
2016-02-22,16.371212005615234,16.490764330630842,16.199355716552315,16.303963644646938,2411200
2016-02-23,16.28902244567871,16.453407993730366,16.25166287121774,16.34879861992211,3131800
2016-02-24,16.251665115356445,16.371217480351834,16.154529353238917,16.214305535736614,2485200
2016-02-25,16.460880279541016,16.48329545426398,16.244190756042876,16.333855730464002,1971600
2016-02-26,16.072338104248047,16.43846743519249,16.027506319383374,16.378691246980676,2716200
2016-02-29,16.0499210357666,16.23672179668151,16.042448834308804,16.079809841597807,2250600
2016-03-01,16.06486701965332,16.229251192372153,16.020035231671244,16.117171009828546,2536300
2016-03-02,16.490774154663086,16.513190763398786,15.646435178096134,15.997620163893542,2960500
2016-03-03,16.69251251220703,16.70745691190218,16.34132767042941,16.498239591699285,2536900
2016-03-04,16.73734474182129,16.81953751720606,16.505712240945446,16.61032019130684,1997000
2016-03-07,16.70745849609375,16.849426031129752,16.55801733532513,16.61779351459727,3312600
2016-03-08,16.797122955322266,16.931619722208424,16.662626188436107,16.744818973794672,1999100
2016-03-09,16.9017333984375,17.028757972293867,16.797124003676746,16.819540607949058,1169100
2016-03-10,17.013809204101562,17.051168776459797,16.744815722558034,16.812064092943917,2101200
2016-03-11,16.991390228271484,17.178190914279536,16.93908626421741,17.06611078770993,1848700
2016-03-14,17.021286010742188,17.11094957874162,16.931621017566037,16.931621017566037,1542200
2016-03-15,16.9390869140625,17.155774977053195,16.864366351757496,16.991390880123145,2853800
2016-03-16,17.260385513305664,17.297745084421884,16.804591334771118,16.924143672554557,1985600
2016-03-17,17.4322452545166,17.499493635913375,17.267861113978142,17.335109495374912,2056400
2016-03-18,17.03622817993164,17.447190693480668,17.028757403933582,17.447190693480668,4019500
2016-03-21,17.103471755981445,17.1408327513494,16.886783683552302,17.05863998671615,2197800
2016-03-22,17.03622817993164,17.185669353072498,16.99886859923475,17.125893168851483,1285800
2016-03-23,17.20060920715332,17.290272747187245,16.983919705914833,17.06611247192616,1600100
2016-03-24,17.208086013793945,17.297749577835166,17.081061443755,17.17072500779622,2304100
2016-03-28,17.12588882446289,17.342576902854738,17.066112655405522,17.17819279424105,1850900
2016-03-29,17.31269645690918,17.31269645690918,16.834486913141117,16.961511501351616,2305000
2016-03-30,17.47707748413086,17.60410204946763,17.32763774120187,17.342580717871147,2170000
2016-03-31,17.604103088378906,17.73859986257598,17.462135537994598,17.49202291827357,2854700
2016-04-01,17.798370361328125,17.850674328986535,17.484545130201443,17.49201732917782,2962600
2016-04-04,17.633989334106445,17.8730940423368,17.49949257943275,17.790901264441437,2349000
2016-04-05,17.3649959564209,17.686293444982702,17.350051555749072,17.566741089961077,3483500
2016-04-06,17.514440536499023,17.529383514915406,17.282806556335515,17.364999350921067,3215900
2016-04-07,17.499492645263672,17.521909246185775,17.39488469131349,17.499492645263672,2289100
2016-04-08,17.596630096435547,17.70871168668198,17.53685391338654,17.551798315442948,1469700
2016-04-11,17.53685188293457,17.716180411318575,17.43971613116774,17.6265168597148,2027400
2016-04-12,17.65640640258789,17.746071390374873,17.409829467644485,17.574215041057844,1721900
2016-04-13,17.484546661376953,17.76101234700893,17.447187088399605,17.69376397550862,2494900
2016-04-14,17.506967544555664,17.574215932512928,17.35005416426315,17.41730255222041,1670500
2016-04-15,17.693767547607422,17.72365492698783,17.46213501299685,17.536854174036193,1648700
2016-04-18,17.798370361328125,17.798370361328125,17.574210092741737,17.701234624987684,1581700
2016-04-19,17.917924880981445,17.9403414806459,17.76101295885949,17.805844733011988,1991600
2016-04-20,17.23797035217285,17.932869264188376,17.20061077794302,17.90298046466339,3960800
2016-04-21,16.535606384277344,17.237977799624872,16.416053984879085,17.155784990597187,6309500
2016-04-22,16.625263214111328,16.81206392438224,16.5505426449677,16.59537441638335,3462500
2016-04-25,16.685033798217773,16.685033798217773,16.565481497684775,16.602841057160397,3293000
2016-04-26,16.655155181884766,16.8718433059505,16.595377575051085,16.752290942636318,2392800
2016-04-27,16.922271728515625,17.005040080566133,16.56110308618787,16.73416288124201,2266100
2016-04-28,16.967416763305664,17.02761153459073,16.711588626554992,16.771784832996612,1841300
2016-04-29,17.08780288696289,17.102851935562295,16.74168338011419,16.877121947196294,1937500
2016-05-02,17.275911331176758,17.388777758178392,17.005035637779052,17.072754919917536,3054100
2016-05-03,17.38877296447754,17.561832666608826,17.238285393398954,17.27590656859068,2847300
2016-05-04,17.704797744750977,17.847759374988932,17.313531163228568,17.35867686566392,2929600
2016-05-05,17.667177200317383,17.9004331330708,17.637080540219113,17.704799819385435,3040500
2016-05-06,17.61450958251953,17.697277921594715,17.396304100170937,17.65213077201386,3059100
2016-05-09,17.75746726989746,17.795088447917426,17.56183398685056,17.659649910796038,2232200
2016-05-10,17.704797744750977,17.83271176428115,17.652126084227728,17.77251701598201,2818800
2016-05-11,17.900432586669922,17.938053769433438,17.712323802540087,17.742420461719675,2282500
2016-05-12,18.02834701538086,18.058445112777164,17.74994679024639,17.87033630951907,2532900
2016-05-13,18.148738861083984,18.21645671323871,17.870337187121095,18.050921474898505,3361700
2016-05-16,18.2841739654541,18.291698489335197,18.050919465764906,18.148736841062952,3084700
2016-05-17,17.983196258544922,18.291694494514303,17.86280677305228,18.223975229530208,2692100
2016-05-18,17.644603729248047,18.028344368619653,17.55431088547139,17.8552846394668,4159300
2016-05-19,17.697275161743164,17.74994539288397,17.39630138725559,17.539263033164588,3048500
2016-05-20,17.923006057739258,17.938055106028443,17.614507743592085,17.772519880316086,4647800
2016-05-23,17.81766700744629,18.035872484373105,17.81014248270311,17.953105582510826,2193300
2016-05-24,18.111116409301758,18.111116409301758,17.86281283185775,17.87033735664773,4064000
2016-05-25,18.020824432373047,18.21645633031903,17.953105146485473,18.21645633031903,2439500
2016-05-26,18.088542938232422,18.20893245569518,17.930530799589896,17.998250082557227,2364000
2016-05-27,18.148738861083984,18.186360049520648,18.013300286461842,18.126165286928178,2582100
2016-05-31,17.953100204467773,18.231500360785933,17.87033189224328,18.118635393760844,17694400
2016-06-01,18.08101463317871,18.126160333998023,17.85528325877025,17.953100618227367,2484700
2016-06-02,18.050922393798828,18.096068109252283,17.900436197235173,18.013301203447018,2105700
2016-06-03,18.40456771850586,18.49486059073048,18.178837690679085,18.239032460443326,2723600
2016-06-06,18.381988525390625,18.472279927822477,18.291695687802807,18.404560658420607,2004100
2016-06-07,18.38951873779297,18.67544351416624,18.24655563202813,18.359420637566092,2414700
2016-06-08,18.54000473022461,18.637822119733283,18.366944961286368,18.389518536209074,2321200
2016-06-09,18.825929641723633,18.83345416617951,18.449712029867396,18.50990679035814,1530500
2016-06-10,18.73563575744629,18.916220029029738,18.637819815188838,18.788305990596935,3719500
2016-06-13,18.780776977539062,18.88611885381757,18.698010103152367,18.750680323713684,1667300
2016-06-14,18.968889236450195,18.976413760087148,18.675439990389695,18.758208315240047,1643200
2016-06-15,18.946319580078125,19.074233628333346,18.83345458106618,18.983940768029996,3512900
2016-06-16,19.074228286743164,19.1946177766626,18.856021439291734,18.946314274309273,2272400
2016-06-17,19.006511688232422,19.089280012358135,18.871073134265302,19.006511688232422,4011300
2016-06-20,18.878599166870117,19.081757014059928,18.795830836128438,19.014037731663326,3059400
2016-06-21,19.036611557006836,19.15700108412994,18.833455126959322,18.878600840841393,2666200
2016-06-22,18.99898910522461,19.11185410000657,18.968891007866077,19.059183864785407,2495700
2016-06-23,18.946319580078125,19.051660054468428,18.848502195153134,19.029087915759835,1617000
2016-06-24,19.04412841796875,19.187091462078843,18.713058069190147,18.72810567765769,5057100
2016-06-27,19.11185646057129,19.17205122756693,18.908698583777337,19.00651597711803,3159200
2016-06-28,19.25481414794922,19.29243532854318,18.923742305129355,19.156996782155236,2854700
2016-06-29,19.457977294921875,19.53321967671038,19.337587761872538,19.345110851926236,2222200
2016-06-30,19.9545841217041,19.962108646780063,19.49559813816549,19.49559813816549,3534200
2016-07-01,20.05992317199707,20.097544359537714,19.80409507828302,19.90943555152187,2988300
2016-07-05,20.142690658569336,20.270604700039925,20.052397803055168,20.090020424167843,3674600
2016-07-06,20.052398681640625,20.225458440872696,19.939533683669982,20.00725296948363,2987900
2016-07-07,19.59341049194336,20.02229826492012,19.578361445660235,20.02229826492012,2914400
2016-07-08,19.661134719848633,19.668659245435695,19.29244157702166,19.510648513576925,3961300
2016-07-11,19.615983963012695,19.67617871709134,19.397778517661173,19.600934915704002,2343300
2016-07-12,19.457977294921875,19.593415878391486,19.239770369297176,19.495598485816128,3369400
2016-07-13,19.608463287353516,19.683707103506816,19.51064733096372,19.58589114711702,2109700
2016-07-14,19.570842742919922,19.59341631905803,19.412830580266114,19.488074398903333,1935500
2016-07-15,19.63855743408203,19.683703140622338,19.51064340292105,19.600934816001665,1596600
2016-07-18,19.661134719848633,19.73637854056274,19.631038052656894,19.69123282219688,1538200
2016-07-19,19.600934982299805,19.691227831302616,19.54074022801665,19.63855760069937,2253800
2016-07-20,19.465505599975586,19.631040881273226,19.412833913276742,19.548272523046048,2112800
2016-07-21,19.51064109802246,19.51816562074962,19.299958767129855,19.39777612742698,4866800
2016-07-22,19.75895118713379,19.78152476283228,19.450452828369947,19.480549494144825,1807500
2016-07-25,19.600934982299805,19.63103307701946,19.4880699974134,19.59341189377604,2786400
2016-07-26,19.390254974365234,19.661130663836346,19.269865460121135,19.615984954783862,2037500
2016-07-27,19.280447006225586,19.439477373062264,19.053262418635338,19.3864677322515,2450400
2016-07-28,19.500062942504883,19.55307259124385,19.265305307630346,19.31831495636931,2267400
2016-07-29,19.43190574645996,19.606080705658805,19.401615140010136,19.484915391050524,7105900
2016-08-01,19.545499801635742,19.621228491160096,19.371324826812963,19.40918844937283,3031800
2016-08-02,19.643951416015625,19.659096001391713,19.235017278358388,19.46977496234408,3291100
2016-08-03,19.1895751953125,19.651518861888697,19.10627349952873,19.621226810911146,4429000
2016-08-04,19.212295532226562,19.590937528613804,19.1289938308119,19.16685745268879,4594800
2016-08-05,18.818504333496094,19.212292289939853,18.788212285583032,19.212292289939853,4532000
2016-08-08,18.78821563720703,19.12142100166941,18.757925028294782,18.87151733942378,2649300
2016-08-09,18.848800659179688,19.03812168289794,18.765500390938907,18.803364017920646,2464600
2016-08-10,18.93967056274414,18.96996116773448,18.848795858964298,18.88666092070774,1994900
2016-08-11,18.94724464416504,18.94724464416504,18.788214264678352,18.939671631389054,2678000
2016-08-12,18.93967056274414,19.121418525899408,18.9018055010007,19.000253217129227,1726700
2016-08-15,18.591320037841797,19.03054466263385,18.591320037841797,18.947244411928022,3855500
2016-08-16,18.417144775390625,18.621611781248095,18.364135131887828,18.55345611262894,2754200
2016-08-17,18.720054626464844,18.742773659977598,18.28083008938093,18.348985745515,3502800
2016-08-18,18.924530029296875,18.924530029296875,18.689772355986577,18.689772355986577,2525900
2016-08-19,18.644332885742188,18.82608087407281,18.51559454679075,18.712487117512133,10423700
2016-08-22,18.79578399658203,18.909376279584865,18.727628337899482,18.750347372261746,2944200
2016-08-23,18.704912185668945,18.932096769136844,18.704912185668945,18.856368093179427,1972400
2016-08-24,18.750354766845703,18.773073810167684,18.568606753484293,18.704918124606554,1768300
2016-08-25,18.69733428955078,18.826072571728318,18.682188269434842,18.750343915552595,4071500
2016-08-26,18.31869888305664,18.886661837127228,18.273260806759765,18.757923509761717,3141200
2016-08-29,18.364137649536133,18.462583937480137,18.288408957976703,18.364137649536133,3678300
2016-08-30,18.06879234313965,18.477724853394882,18.03850029713335,18.37170558118135,2845200
2016-08-31,18.129377365112305,18.144521945694652,17.947629398484157,18.083939290151935,2865600
2016-09-01,18.04607582092285,18.18238715811929,18.00063918999219,18.10665847696522,1699900
2016-09-02,18.27326011657715,18.311125178727714,18.030929496431263,18.07636757101194,2063800
2016-09-06,18.49287223815918,18.56102790228788,18.29597825783231,18.37170693402024,2130500
2016-09-07,18.462583541870117,18.485302582172526,18.295981579532985,18.447438959406465,1799500
2016-09-08,18.470157623291016,18.55345933147859,18.318701679064628,18.402001942847495,2439400
2016-09-09,17.697731018066406,18.333848367918407,17.690158003324672,18.318703782839812,2394000
2016-09-12,17.9476318359375,17.98549545914226,17.705299736451266,17.720445763495025,3068100
2016-09-13,17.591705322265625,17.902191617572427,17.57655929703006,17.902191617572427,2290700
2016-09-14,17.735591888427734,17.834038175946255,17.568989923240764,17.644717170068247,2354200
2016-09-15,17.90976333618164,17.93248237239351,17.652286703397948,17.728015379699805,1569900
2016-09-16,18.26569175720215,18.273263326557892,17.77345597360702,17.834038639285772,3700800
2016-09-19,18.500442504882812,18.523160093285007,18.250538921629637,18.341412164046712,1925900
2016-09-20,18.629186630249023,18.75035195431531,18.561030954911164,18.591321563725437,3301400
2016-09-21,19.219867706298828,19.25015976027789,18.598895043774483,18.598895043774483,3268600
2016-09-22,19.136566162109375,19.371323787070256,19.015400843135723,19.29559510161059,3480100
2016-09-23,19.015399932861328,19.121419220786954,18.88666160706401,19.053263551576347,3028200
2016-09-26,19.007823944091797,19.12898923829379,18.939668285552646,19.01539695552995,2295200
2016-09-27,18.69733428955078,19.19714139814499,18.659469239260932,19.091120701737385,2358400
2016-09-28,18.66704559326172,18.7806378756718,18.485297652524743,18.742774263003184,2279300
2016-09-29,18.333847045898438,18.614042793518678,18.27326437673795,18.561033138553846,2276400
2016-09-30,18.258115768432617,18.49287337913538,18.12180443176506,18.432290723328073,2937700
2016-10-03,17.887048721313477,18.220252641449747,17.811320032408105,18.220252641449747,3239700
2016-10-04,17.402389526367188,17.841614278266977,17.258506576962098,17.841614278266977,5038900
2016-10-05,17.303932189941406,17.5689817639588,17.25849557406539,17.49325310789612,3854300
2016-10-06,17.296361923217773,17.417527214374125,17.160050609565825,17.228206266391798,2147500
2016-10-07,17.122190475463867,17.606851738530096,17.114617462677895,17.409957739308314,2878900
2016-10-10,17.349376678466797,17.36452270543296,17.190347728535972,17.190347728535972,1851800
2016-10-11,16.94801139831543,17.288789697937457,16.940439831127623,17.27364367475331,1924400
2016-10-12,17.182771682739258,17.22063529906809,16.9480126394065,16.970731675846423,2106600
2016-10-13,17.341806411743164,17.523554430910206,17.26607770932235,17.455398743171955,2541800
2016-10-14,17.175199508666992,17.387238081502,17.144907458602308,17.266072770052155,3121000
2016-10-17,17.349376678466797,17.394813314960654,17.235784365029833,17.235784365029833,2257700
2016-10-18,17.462966918945312,17.515976562629692,17.182772675355174,17.417530287845054,1864400
2016-10-19,17.296361923217773,17.447819259365318,17.220633255144,17.440246248117518,2156600
2016-10-20,17.25851058959961,17.364529933685674,17.21307248978681,17.281228195100777,1909900
2016-10-21,17.122190475463867,17.250928804016397,17.054034804794618,17.190346146133116,2944700
2016-10-24,17.061607360839844,17.266072922969535,17.00102470457837,17.16762664819631,2959200
2016-10-25,17.28121566772461,17.296361690015996,16.993448466209205,17.038885088679177,2222500
2016-10-26,17.197917938232422,17.303938674210695,17.076752620889696,17.243356015539334,1991300
2016-10-27,17.14833641052246,17.201734023508365,16.93474595857885,17.13307953396197,2378600
2016-10-28,17.186473846435547,17.308525915196107,17.094934067377412,17.163588537927158,1542500
2016-10-31,17.74333953857422,17.766224850883056,17.209360557840014,17.24750274502141,3772000
2016-11-01,17.041536331176758,17.689938850576585,16.942368116752153,17.64416823393042,4578300
2016-11-02,16.850828170776367,17.140701440078587,16.728776114756982,17.041534690178565,3233500
2016-11-03,16.888975143432617,16.94237275583214,16.637242502852146,16.76692304224062,2173800
2016-11-04,16.721149444580078,17.09493408747056,16.69826413604479,16.942368273852825,2146900
2016-11-07,17.018653869628906,17.02628230701264,16.637240730296273,16.858461049497517,2895200
2016-11-08,17.22461700439453,17.369554402128397,17.026282000910193,17.041538875403365,2951100
2016-11-09,16.980518341064453,17.2856486550372,16.61436196429716,16.87372309491802,4318000
2016-11-10,16.42365074157715,16.86608993680663,16.370251678466534,16.86608993680663,4789100
2016-11-11,16.332107543945312,16.614353855985353,16.293966818928595,16.400762012955717,2470300
2016-11-14,16.446533203125,16.560956847268,16.14903143735809,16.202429040959785,5346200
2016-11-15,16.71352767944336,16.896605855873258,16.56859024415369,16.583847122600183,3116300
2016-11-16,16.591468811035156,16.835572946953167,16.416019145216012,16.7669184768543,2257800
2016-11-17,16.484670639038086,16.728774730883558,16.44652846532776,16.56095207650843,1455000
2016-11-18,16.560955047607422,16.637237953738367,16.438902979788075,16.47704516034126,2372400
2016-11-21,16.698265075683594,16.827945588063375,16.63723903779755,16.644867474405242,1975400
2016-11-22,16.652494430541992,16.91948386817286,16.60672526994039,16.70589202707309,2604500
2016-11-23,16.507558822631836,16.62961090060144,16.3549944526576,16.477046530627202,2228600
2016-11-25,16.888975143432617,16.927117334415,16.530447278053103,16.5914733286491,1779200
2016-11-28,16.942371368408203,17.0491680394374,16.835576152354705,16.95762824355176,2664700
2016-11-29,17.06442642211914,17.148336332870237,16.812693779914202,16.8584629544126,3787200
2016-11-30,16.73641014099121,17.10256643136526,16.721153265148352,16.919488286178236,3416800
2016-12-01,16.560955047607422,16.66775169818091,16.393133818099678,16.644866389849003,2732300
2016-12-02,16.54570198059082,16.89660136167098,16.446533752041645,16.68301094013545,4973000
2016-12-05,16.507558822631836,16.515187259376876,16.339737579167515,16.492303404117287,3376400
2016-12-06,16.377878189086914,16.652496090013788,16.324480587234582,16.56858474140268,4654000
2016-12-07,16.454160690307617,16.560955891346637,16.385506216789533,16.454160690307617,5540600
2016-12-08,16.560955047607422,16.599097228160606,16.25582487805906,16.29396705861224,2793900
2016-12-09,16.614355087280273,16.690636542966946,16.507558430363027,16.62198352384404,3374900
2016-12-12,16.69063949584961,16.774550857921025,16.50756135085578,16.50756135085578,2703000
2016-12-13,16.858461380004883,16.965256595519513,16.766921584581137,16.78217845964771,4269600
2016-12-14,16.522811889648438,17.16358587885712,16.51518345466081,17.05679069898074,3885200
2016-12-15,16.789804458618164,16.873715804321282,16.477045840057155,16.492302712907808,3022100
2016-12-16,16.805065155029297,16.942372676999543,16.62198700409316,16.789808278707333,4934900
2016-12-19,17.033910751342773,17.041539188729615,16.805063449640134,16.88134491355724,2647700
2016-12-20,16.942371368408203,17.041539601865622,16.79743541947151,17.01102585157851,2729200
2016-12-21,17.033910751342773,17.133077527420408,16.957627832450008,16.957627832450008,2504500
2016-12-22,17.110191345214844,17.15596050834089,16.949997091810484,17.064422182088798,1635500
2016-12-23,17.01102638244629,17.13307847745226,16.965257210562985,17.12545149461816,862000
2016-12-27,16.95762825012207,17.026282733318975,16.881345329350427,16.95762825012207,848500
2016-12-28,16.744033813476562,16.99576637333634,16.70589163472487,16.965252630334987,1020500
2016-12-29,16.965255737304688,16.972884174452076,16.72878000563808,16.82031834145552,1549400
2016-12-30,16.888975143432617,17.01865568282109,16.843205969229572,16.980514946814523,1764500
2017-01-03,16.9271183013916,16.94237372368022,16.774552438698237,16.911861424127085,1924900
2017-01-04,17.056795120239258,17.26275709839139,16.97288376860006,16.97288376860006,2235500
2017-01-05,17.300893783569336,17.346662935834434,16.98050680776342,17.102558850453757,5483500
2017-01-06,17.056795120239258,17.28564240928633,16.980512205565038,17.23987324247203,4398500
2017-01-09,16.827943801879883,17.209356861926867,16.751660898875414,17.186473009508276,3022800
2017-01-10,16.73641014099121,16.896602972413948,16.660127216752677,16.82032004817541,2181200
2017-01-11,16.873714447021484,16.927112042728062,16.621981885136652,16.744033948173218,3292400
2017-01-12,16.805065155029297,16.850834329019378,16.591473251449234,16.850834329019378,2537900
2017-01-13,16.751665115356445,16.881345646612697,16.629613021818294,16.751665115356445,1749800
2017-01-17,17.049161911010742,17.11781636950278,16.789800946701977,16.812686251191046,2960600
2017-01-18,17.178844451904297,17.18647288764819,16.988137923233,17.033907082721015,2470000
2017-01-19,17.041536331176758,17.16358839894903,16.95762498896754,17.11019080117059,1806700
2017-01-20,17.17121696472168,17.18647383705228,17.049164896027758,17.102562494209423,2533300
2017-01-23,16.934741973876953,17.21698684895546,16.85083062751419,17.19410299447506,2271400
2017-01-24,16.972883224487305,17.026280826554775,16.881343438817687,16.934742495860693,1861500
2017-01-25,16.934741973876953,16.98051113781324,16.873715936970076,16.92711353739166,1956900
2017-01-26,16.94999885559082,17.09493625137655,16.888972813414032,16.94237041844677,2297800
2017-01-27,16.805065155029297,17.003400182287397,16.759294526063407,16.995771744126415,1862900
2017-01-30,16.66012954711914,16.866093034879977,16.51519211629011,16.85846459589151,2565800
2017-01-31,17.06442642211914,17.079681843634724,16.637242610214656,16.644871048460363,2723200
2017-02-01,16.766923904418945,16.950002065621074,16.705897850684902,16.904232889064513,3088200
2017-02-02,16.904233932495117,16.91949081061435,16.72115575999231,16.744041077171154,2893000
2017-02-03,16.980518341064453,17.056801283301667,16.881350079663246,16.96526146162179,2492600
2017-02-06,16.965255737304688,17.079679384564297,16.919486569395964,17.049167090950355,2790000
2017-02-07,16.904233932495117,17.026286047496992,16.896605493435505,16.980516868115284,2851000
2017-02-08,17.054166793823242,17.115678607331102,16.915764846791234,16.946521486823823,3284000
2017-02-09,17.092615127563477,17.20026192631325,17.00034811898671,17.054170785082768,2840000
2017-02-10,17.23101234436035,17.330969953674316,17.00034342011732,17.031098592289673,2713900
2017-02-13,17.315587997436523,17.323277155503934,17.115674287354647,17.238697883319347,2640200
2017-02-14,17.107988357543945,17.277145467275915,17.031098228917696,17.254079455278095,2102100
2017-02-15,17.092615127563477,17.100304289371152,16.861946139563905,16.96959147175602,2465600
2017-02-16,17.430932998657227,17.430932998657227,17.03879449892095,17.107995496907225,3382400
2017-02-17,17.453994750976562,17.47706076501997,17.30790364028644,17.461682444619463,11286500
2017-02-21,17.676977157592773,17.715422964307614,17.323284535161694,17.415551538162163,4043900
2017-02-22,17.81537628173828,17.823065441852513,17.47706056949871,17.715420133367925,3573000
2017-02-23,18.276710510253906,18.31515483351393,17.915327418759208,17.915327418759208,4395800
2017-02-24,18.461246490478516,18.484313965104363,18.269021934934038,18.27671109314265,3693800
2017-02-27,18.299776077270508,18.438177984167545,18.276710070492264,18.438177984167545,2080300
2017-02-28,18.384357452392578,18.47662588974653,18.230577212321684,18.253644688299435,3099300
2017-03-01,18.37666130065918,18.45355139143479,18.115235871956,18.13061418342242,6108900
2017-03-02,18.522769927978516,18.676550255661482,18.276722576932087,18.307477762533942,2920300
2017-03-03,18.23826789855957,18.538139245158373,18.107555123518345,18.538139245158373,4920400
2017-03-06,18.13062286376953,18.276713959531165,18.092178533254092,18.230579003043996,3382500
2017-03-07,18.06911277770996,18.18444724680941,18.046045297267135,18.138313752481096,3056800
2017-03-08,17.700042724609375,17.953779155215962,17.700042724609375,17.92302251317521,2963400
2017-03-09,17.676977157592773,17.86151263015128,17.653909673563874,17.738488981778943,3495900
2017-03-10,17.938398361206055,17.953776680106376,17.76155209352399,17.80768558366774,2448000
2017-03-13,18.06911277770996,18.08449109800518,17.892266493986988,17.92302166802008,3154600
2017-03-14,17.96146583557129,18.0921786130806,17.93070919777747,18.04604365638987,2256700
2017-03-15,18.230573654174805,18.64577934139434,17.930703857776322,18.046038282040602,3931800
2017-03-16,17.969154357910156,18.161378937634428,17.92301940285518,18.161378937634428,2431500
2017-03-17,18.06911277770996,18.153692072776316,17.969156628905733,18.022979283381652,3826200
2017-03-20,17.853822708129883,18.12293747743758,17.823067530625938,18.030670478368233,2362500
2017-03-21,18.1229305267334,18.215198956972458,17.83074985299744,17.90763996710383,4059300
2017-03-22,18.307470321655273,18.35360528114383,18.192135856048477,18.192135856048477,3455300
2017-03-23,18.261335372924805,18.50738260435296,18.21520188367132,18.27671369152836,2432600
2017-03-24,18.353601455688477,18.407424097316202,18.21519953918462,18.29208965574865,2340100
2017-03-27,18.307470321655273,18.484318066580148,18.184446696133715,18.46125058683587,2046000
2017-03-28,18.230573654174805,18.299774602044728,18.115239229910525,18.299774602044728,1973400
2017-03-29,18.230573654174805,18.24595196849185,18.08448406783321,18.222885963573056,1588200
2017-03-30,18.138309478759766,18.18444296221817,18.053730203621853,18.130620320423866,2031500
2017-03-31,18.29209327697754,18.361292782371684,18.130623853571773,18.130623853571773,2072400
2017-04-03,18.207517623901367,18.276718609681748,18.09218313645326,18.253651125569096,2264300
2017-04-04,18.192136764526367,18.29209438185262,18.122935788395075,18.192136764526367,2694500
2017-04-05,18.284406661987305,18.307472678143277,18.122937216108042,18.184449036786454,2952300
2017-04-06,18.330541610717773,18.407431759286816,18.17676131357969,18.276718946686724,2768800
2017-04-07,18.207517623901367,18.415120581242505,18.199828462530483,18.368985613017202,5453100
2017-04-10,18.253644943237305,18.299778429280067,18.138310494851854,18.245955784470663,2275500
2017-04-11,18.338226318359375,18.36898149038281,18.099868235588072,18.230579549884233,2682700
2017-04-12,18.407428741455078,18.43049475565388,18.22289329507786,18.33822776574395,1817600
2017-04-13,18.284406661987305,18.39974114243964,18.122937216108042,18.39974114243964,2077800
2017-04-17,18.468936920166016,18.476626078903987,18.276712351387996,18.32284583725874,1915900
2017-04-18,18.615028381347656,18.645785019347652,18.41511610057655,18.468938750519325,3760900
2017-04-19,18.63040542602539,18.67654037986975,18.515070974528733,18.61502710807727,4655400
2017-04-20,18.54583168029785,18.630409514458833,18.46125237957943,18.630409514458833,2927800
2017-04-21,18.59964942932129,18.67653954908448,18.53813762682215,18.545826785454175,5713600
2017-04-24,18.65347671508789,18.71498853289419,18.407429443862704,18.453562940578074,4274500
2017-04-25,18.784189224243164,18.791878384671147,18.57658629235984,18.5919646132158,2915000
2017-04-26,18.656408309936523,18.834530574107553,18.625429754182168,18.7570856618605,2969000
2017-04-27,18.865507125854492,18.927462753643066,18.664150966256955,18.664150966256955,3862900
2017-04-28,18.780315399169922,18.842271019751745,18.710615141373054,18.834526382536705,2420900
2017-05-01,18.656408309936523,18.819041296230374,18.617686592382416,18.811298134430626,2047900
2017-05-02,18.77256965637207,18.788058929889935,18.617681352608685,18.640913785747056,2836700
2017-05-03,18.594444274902344,18.850011335859428,18.540233303962687,18.83452206498005,3091400
2017-05-04,18.803550720214844,18.834527794258353,18.555726742173658,18.58670529335579,4655100
2017-05-05,18.997161865234375,19.07460528741043,18.83452742895975,18.873250617186372,2851900
2017-05-08,18.880992889404297,19.059116592589437,18.82678190557607,19.028138043465578,1726500
2017-05-09,18.664148330688477,18.950692514820663,18.61768198569324,18.857759824830186,2015500
2017-05-10,18.69512367248535,18.77256855840668,18.61768026370236,18.67189124070579,1944400
2017-05-11,18.69512367248535,18.71835758140325,18.555723173254627,18.67189124070579,1897400
2017-05-12,18.819040298461914,18.87325276815774,18.718362951875754,18.764829305904847,1872500
2017-05-15,18.989416122436523,19.020393194076412,18.81903705843235,18.81903705843235,2689000
2017-05-16,18.74933624267578,19.06686044964804,18.74933624267578,19.01264799089968,2473800
2017-05-17,18.780315399169922,18.873249568611914,18.656404158006275,18.749336850309753,2161000
2017-05-18,18.973926544189453,19.020392889474408,18.67189308412953,18.850015305337255,4158200
2017-05-19,19.12881851196289,19.13656167277768,18.86550673010044,19.02039505775334,2546900
2017-05-22,19.3688907623291,19.399867828019822,19.090089785421515,19.10557905683599,3006900
2017-05-23,19.46957015991211,19.616715299851084,19.330169656510805,19.40761454474913,2433900
2017-05-24,19.531526565551758,19.53927120240287,19.423104603913103,19.49280485843465,2374100
2017-05-25,19.771602630615234,19.79483506021605,19.547012630219324,19.570246536958344,1444900
2017-05-26,19.79483985900879,19.81807377138032,19.70965180125695,19.70965180125695,2544100
2017-05-30,19.996192932128906,20.01942684093411,19.7483704800934,19.79483682056547,3321900
2017-05-31,20.18980598449707,20.251761602345447,20.034917678445353,20.04266083818026,3414700
2017-06-01,20.321460723876953,20.321460723876953,20.089127539185803,20.189804858648404,3262000
2017-06-02,20.40665054321289,20.47635079505761,20.282739312630806,20.391161270105535,2222400
2017-06-05,20.429880142211914,20.47634795508913,20.31371356429524,20.398903077431953,3854700
2017-06-06,20.336956024169922,20.56928927771935,20.329211385433098,20.460867289681456,3153200
2017-06-07,20.476350784301758,20.569283468620313,20.329205644135932,20.3679273497456,3433900
2017-06-08,20.00394058227539,20.476353125855205,19.895518612459128,20.476353125855205,3301400
2017-06-09,19.957473754882812,19.988450826740312,19.717394431579223,19.91875056863779,2394100
2017-06-12,19.880029678344727,19.9961962875874,19.748373793966078,19.9961962875874,1774300
2017-06-13,19.996192932128906,20.01942684093411,19.79483682056547,19.84904779730595,1627400
2017-06-14,20.073650360107422,20.244028033052754,19.996205426172544,20.158839935149715,2046500
2017-06-15,20.17431640625,20.18206104300646,19.949727848866374,20.034917376049002,2083200
2017-06-16,20.18206024169922,20.22852806039302,19.96521632968161,20.16657244593965,4571700
2017-06-19,20.26725196838379,20.32146295228048,20.135596088718167,20.213040984487098,2066700
2017-06-20,20.313722610473633,20.321467249402037,20.182066702968417,20.26725625404204,1463600
2017-06-21,20.15108299255371,20.31371592511026,20.003937855618013,20.29048349310981,1677600
2017-06-22,20.073650360107422,20.275006597482406,20.073650360107422,20.10462744739782,3069600
2017-06-23,19.98845100402832,20.143340796105175,19.957473931896068,20.050406625431354,2056200
2017-06-26,20.197551727294922,20.251762711238285,19.96521851692663,20.019429500869997,1553300
2017-06-27,20.042665481567383,20.143344307107302,19.93424349449866,20.065899397570163,3498900
2017-06-28,19.74062728881836,20.17431661162611,19.74062728881836,20.135594904588046,2109200
2017-06-29,19.663185119628906,19.717396107842134,19.508296792896626,19.562507781109858,1971200
2017-06-30,19.639949798583984,19.856793719589678,19.639949798583984,19.701905415605385,2124700
2017-07-03,19.608972549438477,19.771606978096084,19.539272291033576,19.701906719691184,976000
2017-07-05,19.6322078704834,19.694163496052862,19.5470183313984,19.601229319129352,2750800
2017-07-06,19.516036987304688,19.624458939045148,19.446336739146304,19.570247963174918,1707000
2017-07-07,19.608972549438477,19.717394517117864,19.531527653750974,19.531527653750974,1074800
2017-07-10,19.523778915405273,19.75611355366478,19.516035756887682,19.632202337448327,1080300
2017-07-11,19.49280548095703,19.57025037480297,19.33017105616671,19.531527189310754,3813400
2017-07-12,19.802581787109375,19.864537401151576,19.62445958138035,19.66318128622984,2107800
2017-07-13,19.6322078704834,19.77935303513786,19.5470183313984,19.756119121622323,1231300
2017-07-14,19.941986083984375,19.99619707194817,19.78709628082613,19.80258555656968,1707100
2017-07-17,19.98845100402832,19.98845100402832,19.872284398539943,19.941984657260676,899800
2017-07-18,19.89551544189453,20.04265909829952,19.88002616949243,20.02717130303574,2131700
2017-07-19,19.864538192749023,19.965216992791095,19.849048919336642,19.918749172553948,1534800
2017-07-20,19.996192932128906,20.065893181406185,19.856792433574352,19.957471227925232,2309000
2017-07-21,20.12010955810547,20.151088111493287,19.918753392500825,19.98845366048469,4424400
2017-07-24,20.20529556274414,20.32146216331821,20.04266114022967,20.12785066998194,1813600
2017-07-25,20.15108299255371,20.25950494759141,20.08138274227566,20.22852787921136,2334400
2017-07-26,20.530563354492188,20.56928506310347,20.081384739764196,20.151084996975307,3763600
2017-07-27,20.4954776763916,20.573435699314743,20.44090497860984,20.503272289120737,2275100
2017-07-28,20.323970794677734,20.534461070181187,20.2226244510766,20.47209374636027,1665000
2017-07-31,20.316173553466797,20.417521378335973,20.27719453587355,20.33956185619527,1727000
2017-08-01,20.456499099731445,20.62800884801015,20.339560567407144,20.394131783361544,2841700
2017-08-02,20.79172706604004,20.79172706604004,20.074502077951557,20.191440627616718,2791300
2017-08-03,20.659194946289062,20.80731789243983,20.417521761377774,20.79952179138408,3081900
2017-08-04,20.581233978271484,20.682581797929288,20.503274460139515,20.589030078780095,1360100
2017-08-07,20.550050735473633,20.557846835857916,20.42531610323331,20.54225463508935,1514100
2017-08-08,20.51887321472168,20.565648345758817,20.417526849648787,20.51887321472168,1891800
2017-08-09,20.56563949584961,20.698170215885714,20.542252683872274,20.589027794780907,1978400
2017-08-10,20.55785369873047,20.620221035670852,20.417526818875956,20.56564831476274,1328500
2017-08-11,20.542255401611328,20.58903051870831,20.386336362015847,20.53445930093614,1378400
2017-08-14,20.76834487915039,20.830712223140598,20.55785602253018,20.666998502774348,1751500
2017-08-15,20.783933639526367,20.87748538347195,20.721566305880817,20.768341434376346,1537500
2017-08-16,21.017805099487305,21.041193400903428,20.752745118208516,20.7917241336146,1737100
2017-08-17,20.80731964111328,21.064585049756978,20.776135234269507,21.033400642913204,2146900
2017-08-18,20.885278701782227,20.95544064169481,20.628011811967344,20.737155746512716,2622800
2017-08-21,20.877485275268555,20.92426040352166,20.82291255752633,20.885281377803157,1430300
2017-08-22,21.002214431762695,21.041193447254646,20.744949063435104,20.877479797843506,1663400
2017-08-23,21.07238006591797,21.09576688289166,20.908664912330707,20.986624438469676,1033600
2017-08-24,21.002214431762695,21.126949065681885,20.947643215292317,21.072377849211506,9490600
2017-08-25,21.134748458862305,21.220502603695497,21.056788928778566,21.103564052047066,1393000
2017-08-28,21.11915397644043,21.24388861633228,21.048990555631985,21.15813299379881,1073000
2017-08-29,21.033405303955078,21.204916605694343,21.025609200516506,21.142549265140435,940300
2017-08-30,20.97882843017578,21.048991855316512,20.947645511754505,20.98662453151967,810200
2017-08-31,20.94764518737793,21.03339932692424,20.91646078248526,20.963235902869997,1699800
2017-09-01,20.939842224121094,21.04118853290233,20.861882724391187,21.010005625182632,762900
2017-09-05,20.94764518737793,20.97882810531633,20.854093459654184,20.95543980164683,1204500
2017-09-06,20.885278701782227,21.033400170097412,20.807319173379625,20.98662504783758,904200
2017-09-07,21.04119110107422,21.064579399933972,20.861885270678,20.91645648106346,1015300
2017-09-08,21.134748458862305,21.173727480426997,20.924258173722514,21.010013805510063,1657100
2017-09-11,21.228300094604492,21.243892299032485,21.06458640897394,21.09576933087547,1454900
2017-09-12,20.885278701782227,21.27507485684091,20.7527479495841,21.25168655223383,1198700
2017-09-13,20.79952049255371,20.91645902717923,20.76833609027803,20.830703407875248,1189200
2017-09-14,20.98662567138672,20.98662567138672,20.721564159115033,20.783931486299288,1528800
2017-09-15,21.04119110107422,21.087966211839763,20.854089171058078,20.955435492209087,3532600
2017-09-18,20.690378189086914,21.041193795177687,20.573438166769172,21.041193795177687,2303200
2017-09-19,20.581233978271484,20.760539829107127,20.518866661156736,20.721560813518206,1410800
2017-09-20,20.417524337768555,20.713768780497542,20.339564804327953,20.651401451135943,1964200
2017-09-21,20.36295509338379,20.526668791292458,20.323974579390367,20.409730223221327,895600
2017-09-22,20.027721405029297,20.417517453855343,20.019925305618305,20.394129155622366,2014200
2017-09-25,20.19924545288086,20.246020595557404,19.926387727850226,20.043326328019074,3279100
2017-09-26,20.323970794677734,20.401930321192452,20.121276620521183,20.1992361470359,1624800
2017-09-27,19.81723403930664,20.238213059525084,19.661315002512175,20.238213059525084,2290500
2017-09-28,19.87960433959961,19.87960433959961,19.676910156133875,19.762665787934015,1591000
2017-09-29,19.949766159057617,20.019929581789224,19.801643212518197,19.856214433097396,1646900
2017-10-02,19.887401580810547,20.027728445631436,19.78605373979348,19.965361115372644,1618800
2017-10-03,19.77825355529785,19.88739598077904,19.684701842775386,19.88739598077904,2452200
2017-10-04,20.043319702148438,20.05891190687118,19.739279144827403,19.801646476763885,2984700
2017-10-05,20.051111221313477,20.113478538994304,19.887397570009103,19.99654000421202,1893500
2017-10-06,20.051111221313477,20.058907321892846,19.848417067112244,19.99654000421202,3089600
2017-10-09,20.19924545288086,20.269408910373166,20.074510747773424,20.10569516752777,1610600
2017-10-10,20.542255401611328,20.557847602961708,20.199234406673764,20.24600952377074,2027800
2017-10-11,20.596826553344727,20.807316810037495,20.526663134447137,20.542255335747527,2757600
2017-10-12,20.713769912719727,20.807321655352908,20.651402579949107,20.659198682414747,2388300
2017-10-13,20.737154006958008,20.854092546275254,20.674786686858532,20.737154006958008,1541900
2017-10-16,20.55785369873047,20.79173084051826,20.526669286782976,20.776138634544512,2088400
2017-10-17,20.620220184326172,20.64360700536662,20.44870889960533,20.526668439300753,1720400
2017-10-18,20.6046199798584,20.651395090734777,20.542252669705242,20.58123168094323,1241200
2017-10-19,20.86188316345215,20.869679262284595,20.54225054609092,20.66698515350243,1522500
2017-10-20,20.783933639526367,20.869689280896942,20.63581066451024,20.846300973171914,1847700
2017-10-23,20.908666610717773,20.932054916545557,20.72156462495874,20.838503180188837,1225300
2017-10-24,20.79172706604004,20.939850021991553,20.65140021166011,20.854094391658414,1408300
2017-10-25,20.690378189086914,20.705968903369016,20.30058207990551,20.67478598785066,2197700
2017-10-26,20.63581085205078,20.869689470562996,20.581239620484293,20.752750904784158,1881200
2017-10-27,20.61241912841797,20.729357666383056,20.4487039857035,20.59682692683484,2724700
2017-10-30,20.600648880004883,20.69482393350405,20.537866009959338,20.592800834141478,1867300
2017-10-31,20.694826126098633,20.82823992618818,20.584954969231923,20.584954969231923,2200300
2017-11-01,20.859628677368164,21.181391077644413,20.726214889678374,21.181391077644413,3384100
2017-11-02,21.14215087890625,21.18138960915156,20.710517361899836,20.91456205227097,3368200
2017-11-03,21.448217391967773,21.511000259138584,21.02443341278021,21.07152018894291,3699400
2017-11-06,21.354040145874023,21.47175931946225,21.306953374555615,21.463911274765604,2241600
2017-11-07,21.55809211730957,21.667963283405246,21.346200826196295,21.37759151875079,1757800
2017-11-08,21.597326278686523,21.667957188142918,21.45606445977373,21.52669536923013,1462000
2017-11-09,21.597326278686523,21.66010914299648,21.440368369480854,21.51099927893725,1940700
2017-11-10,21.346193313598633,21.542389937816043,21.25986631994731,21.47175903334886,1700100
2017-11-13,21.440372467041016,21.558090173012015,21.30695866777739,21.385437637378672,2072000
2017-11-14,21.644412994384766,21.667957129760644,21.299106493179625,21.36188935732042,4529500
2017-11-15,21.37758445739746,21.785673803841384,21.354040323112105,21.691498763561448,2422300
2017-11-16,21.440372467041016,21.558090173012015,21.204937055099016,21.33050280771633,3621300
2017-11-17,21.252016067504883,21.54238769979927,21.204929301705707,21.36973373043347,6277700
2017-11-20,21.259868621826172,21.377586309730024,21.126454843038708,21.299107352173582,3164300
2017-11-21,21.361892700195312,21.44037166686769,21.29126177987635,21.330502011643432,2381700
2017-11-22,21.220630645751953,21.463914075648812,21.165694325706642,21.39328316102365,2272100
2017-11-24,21.220630645751953,21.346196383560763,21.204934554310437,21.2755654689356,611300
2017-11-27,21.267717361450195,21.306956093078366,21.095063349818247,21.25202127005426,2737000
2017-11-28,21.346193313598633,21.448214899572648,21.25201827535524,21.346193313598633,2397400
2017-11-29,21.32265281677246,21.393283733286978,21.165694891882044,21.267717992119326,2689200
2017-11-30,21.605175018310547,21.644413748442474,21.354042056136738,21.393282283130276,3769000
2017-12-01,21.448217391967773,21.72289299716318,21.252020744951288,21.66011012999237,2808800
2017-12-04,21.212779998779297,21.53454234956544,21.18923586450416,21.42467121980961,2093100
2017-12-05,21.03228187561035,21.27556681779299,20.969499002725556,21.259870725356347,1817900
2017-12-06,21.189237594604492,21.24417241553709,21.047975771142603,21.047975771142603,1946100
2017-12-07,21.212779998779297,21.25201872570971,21.063670142093052,21.204931954020918,2488100
2017-12-08,21.299104690551758,21.30695273501284,21.087213477548246,21.165690928436216,3964600
2017-12-11,21.330493927001953,21.33834197038082,21.142145376492813,21.23631890331677,3491400
2017-12-12,20.71051597595215,21.346194140790114,20.65558115854031,21.322650006101536,6007300
2017-12-13,20.74190902709961,20.922409576712024,20.671278116927525,20.74190902709961,3886500
2017-12-14,20.781150817871094,20.914564612643982,20.561411506618192,20.71051989729358,3304200
2017-12-15,20.80469512939453,20.945956971719987,20.757608347573314,20.8125431758417,6153700
2017-12-18,20.388757705688477,20.82039128031497,20.34167092373603,20.781151047969757,2537700
2017-12-19,19.855100631713867,20.459386680583318,19.839406037130743,20.427995994555406,1967500
2017-12-20,19.588268280029297,19.941422766968337,19.501942791891878,19.862943825775073,3390700
2017-12-21,19.35283660888672,19.643208297091995,19.329292473023074,19.525489114635356,2784100
2017-12-22,19.839405059814453,19.86294769896023,19.454859819530302,19.454859819530302,3610200
2017-12-26,19.666751861572266,19.91788333515588,19.643209221462335,19.823709780992854,1694000
2017-12-27,19.808013916015625,19.855100693635176,19.698144269282775,19.729534955408585,1765400
2017-12-28,20.059144973754883,20.066993019337936,19.77662281707325,19.87079637034658,2652600
2017-12-29,20.145475387573242,20.176866078356127,19.964974799201446,20.09838860296797,2798300
2018-01-02,19.90218734741211,20.16116684852256,19.862947121873223,20.121926622983672,2695100
2018-01-03,19.776620864868164,20.027752311289355,19.68244582402947,19.83940372647346,2130400
2018-01-04,19.690298080444336,19.902190845007542,19.619667158923267,19.753080955478417,3428800
2018-01-05,19.454858779907227,19.784467685227302,19.274356740552857,19.72168482275755,3340100
2018-01-08,19.619665145874023,19.627513191555774,19.45486067714228,19.51764354573461,2803700
2018-01-09,19.384231567382812,19.68244984674267,19.344991335321122,19.603970879481086,2335600
2018-01-10,18.93690299987793,19.3763846432529,18.897664262405325,19.305753718312705,3862400
2018-01-11,18.93690299987793,19.235122793372508,18.850577478065823,19.133099680964722,3112600
2018-01-12,18.889812469482422,19.04677038197014,18.803485467928017,18.897660514792967,2661400
2018-01-16,18.858423233032227,19.015379660709314,18.65437852987648,18.96044483617925,2401800
2018-01-17,18.952594757080078,19.038921756001642,18.8819638483009,18.92905211872805,2103700
2018-01-18,18.819183349609375,19.00753196440321,18.772096570126347,18.944749092805264,4002700
2018-01-19,18.78779411315918,18.96044664917147,18.717163190049188,18.88196767939794,2586100
2018-01-22,18.79564094543457,18.91335864405819,18.73285807304452,18.84272772551167,3642200
2018-01-23,18.968286514282227,19.05461349348405,18.819176685713945,18.850568858827774,2313900
2018-01-24,18.97614097595215,18.991837067818025,18.73285753947786,18.85842328068147,3679400
2018-01-25,19.164487838745117,19.188031974395223,18.87411615317344,18.913356379256946,2761600
2018-01-26,19.22726821899414,19.297899119955684,19.054615737122248,19.219420174791594,4492600
2018-01-29,19.007526397705078,19.219419088614682,18.952591588253245,19.16448427916285,3026400
2018-01-30,19.188032150268555,19.266509609431736,18.960443327482892,19.01537814764175,2758900
2018-01-31,19.368534088134766,19.37638213398533,19.07816237911061,19.22727225654797,4422000
2018-02-01,19.023223876953125,19.439161245443096,18.921202294344628,19.38422643197226,3907700
2018-02-02,18.81133460998535,19.007531263602953,18.787791969542713,18.95259644008789,2915600
2018-02-05,18.45818328857422,18.991838476709127,18.45818328857422,18.795641804416107,3939100
2018-02-06,18.269834518432617,18.379704175052765,17.81465830218397,18.214898193260737,4925100
2018-02-07,18.12071990966797,18.56019991853961,18.112871865259013,18.26198171530635,4045600
2018-02-08,17.816003799438477,18.362118948767186,17.760601097694046,18.116761970169847,6438700
2018-02-09,18.275056838989258,18.41752179292535,17.800174162405753,17.8714066393738,5275000
2018-02-12,18.29088592529297,18.385861551268423,18.053443841133625,18.314629076981657,3695400
2018-02-13,18.306718826293945,18.37795131862126,18.03762014480389,18.23548784357737,2653800
2018-02-14,17.9980411529541,18.235483237270543,17.9980411529541,18.18799391464104,3187900
2018-02-15,18.49666976928711,18.49666976928711,18.02178707699124,18.06927489333769,6189200
2018-02-16,18.5837345123291,18.702454833541328,18.409611475191888,18.45709930175462,3911500
2018-02-20,18.21965789794922,18.813260988815074,18.053448247509202,18.647051338375057,4071900
2018-02-21,18.045530319213867,18.425437380687466,18.045530319213867,18.164252125080257,2851900
2018-02-22,18.26714324951172,18.433352877450186,18.077190467303843,18.116763397493205,4442000
2018-02-23,18.6787109375,18.70245409503843,18.290890431728155,18.290890431728155,3767900
2018-02-26,18.67078971862793,18.797424881269773,18.544154555986086,18.73410729994885,4486300
2018-02-27,18.457096099853516,18.75785580500079,18.370033841582906,18.726196253044012,3909600
2018-02-28,18.306718826293945,18.567904128290515,18.29089055769623,18.472928478261256,5825000
2018-03-01,18.338376998901367,18.623306946709874,18.26714451194924,18.330462110394397,5428400
2018-03-02,18.338376998901367,18.520414905729858,18.195912024997114,18.354206775915312,4702500
2018-03-05,18.623308181762695,18.68662578440692,18.251315945318492,18.34629310409019,3926300
2018-03-06,18.37003517150879,18.63122196522962,18.362121792557218,18.583732633856396,5323500
2018-03-07,18.164255142211914,18.433355330215846,18.053448205638652,18.40169577416328,4216200
2018-03-08,18.26714324951172,18.346290619500966,18.100935131183775,18.164252725253064,2453400
2018-03-09,18.172164916992188,18.29880160647214,17.99804192207419,18.275056944142694,4872500
2018-03-12,18.31463050842285,18.354204947014328,18.17216554871449,18.195910211869375,5725200
2018-03-13,18.31463050842285,18.53624283570369,18.267142691723556,18.362119834732624,3771800
2018-03-14,18.449180603027344,18.583730675182338,18.282972489570838,18.36211985724033,3605400
2018-03-15,18.512496948242188,18.654961898528764,18.33045907159173,18.465009134683452,4420200
2018-03-16,18.544153213500977,18.639128823801588,18.306711168529237,18.504578784533965,13341100
2018-03-19,18.393783569335938,18.607481075043257,18.306721287097194,18.512503902636357,2249000
2018-03-20,18.346290588378906,18.48084066424922,18.282972994417026,18.40960818234079,3244200
2018-03-21,18.4333553314209,18.710368898845363,18.314633505826734,18.36212283990869,3172200
2018-03-22,18.512496948242188,18.852829549568924,18.362118620371135,18.41752132112472,5266900
2018-03-23,18.251319885253906,18.7895203787172,18.235491613384024,18.68662981831324,3829000
2018-03-26,18.512496948242188,18.583729423385474,18.306714410007174,18.314629297202025,3653400
2018-03-27,18.829090118408203,18.98738336475441,18.409610071849944,18.504585717735534,6568200
2018-03-28,18.773685455322266,18.86074772001091,18.615392212700943,18.78951523246759,3655400
2018-03-29,18.924060821533203,19.00320817883921,18.781595880304454,18.829085200454223,2800800
2018-04-02,18.876575469970703,19.09027290965135,18.702450959292925,18.963636215699115,3460700
2018-04-03,19.011125564575195,19.129845861335045,18.718280756931122,18.837001053690972,2808400
2018-04-04,19.145675659179688,19.20107836375835,18.860745738934597,18.94780799447848,5150600
2018-04-05,19.33563232421875,19.42269459726943,18.93989691524042,19.129849730396725,3648300
2018-04-06,19.193166732788086,19.50183985902347,19.058616637575863,19.391034431064252,5764300
2018-04-09,19.114015579223633,19.335627901015517,19.074442651222785,19.193162944835766,3818500
2018-04-10,19.082361221313477,19.21691131593683,19.050701665114698,19.098189489802138,4190000
2018-04-11,18.979467391967773,19.201079735727703,18.955724236657822,19.05861476542565,3608300
2018-04-12,18.615392684936523,19.042786111427926,18.607477796163074,18.987383399624473,2120100
2018-04-13,18.63913345336914,18.749940372388764,18.56790097314598,18.66287811664702,2739400
2018-04-16,18.90823745727539,18.955726793522118,18.623308987848976,18.678711703859367,2436000
2018-04-17,19.106103897094727,19.177336387135135,18.89240793658419,18.987383583564274,1321200
2018-04-18,18.955724716186523,19.280227596923325,18.93989493917238,19.13776262301729,2504100
2018-04-19,18.99530029296875,19.01113007218616,18.765773023148846,18.844920409625047,2962500
2018-04-20,18.79743003845215,19.06653021029779,18.734112439759684,19.019042388681097,3177700
2018-04-23,18.892404556274414,19.026954623430836,18.78159764180944,18.82908696641318,1838000
2018-04-24,18.939889907836914,19.050695298279482,18.74202227655506,18.90823036221891,3261800
2018-04-25,18.924060821533203,19.019037952222465,18.773680993612825,18.860743237610457,2172800
2018-04-26,19.21691131591797,19.21691131591797,18.797431253948933,18.900321792373404,2361500
2018-04-27,19.556007385253906,19.619837621247616,19.157068029835017,19.196961356643758,2565600
2018-04-30,19.460262298583984,19.643775568366088,19.460262298583984,19.59590174746661,2150600
2018-05-01,19.56398582458496,19.60387915031216,19.436325356058536,19.436325356058536,3922600
2018-05-02,20.250160217285156,20.313990450775567,19.74749731877726,19.74749731877726,7217300
2018-05-03,20.401756286621094,20.449628578216455,20.03473284800214,20.178351244620934,4622200
2018-05-04,20.27410125732422,20.449634054737636,20.17835664849258,20.409740721363306,2840500
2018-05-07,20.3299503326416,20.545377961948542,20.194310883281634,20.433675423122555,3288900
2018-05-08,20.02676010131836,20.24218776317892,19.96292985208188,20.23420879179521,3650000
2018-05-09,19.667707443237305,20.066646748462535,19.619835152723425,20.05866777973811,3009000
2018-05-10,19.875152587890625,19.90706845720541,19.683661937499156,19.78738546910738,2152000
2018-05-11,19.891115188598633,19.97090335876986,19.795369080026607,19.907073126999432,2161600
2018-05-14,19.827287673950195,19.954948154985583,19.70760616320864,19.883138944174057,2270400
2018-05-15,19.69962501525879,19.835264451594018,19.54802764009993,19.80334857394676,2622600
2018-05-16,19.468238830566406,19.747496663507818,19.42834550664596,19.739517694357176,3740000
2018-05-17,19.43632698059082,19.931010957019318,19.428348010411916,19.643775639743495,3053700
2018-05-18,19.4921817779541,19.619842280256307,19.37250024727494,19.508139721200187,3273500
2018-05-21,19.468238830566406,19.54004803108942,19.292706074750576,19.50015470716897,2141100
2018-05-22,19.468238830566406,19.579942876842626,19.396429630043393,19.42036653749532,2229300
2018-05-23,19.683671951293945,19.69962989406972,19.476223260708444,19.532074538590468,2300200
2018-05-24,19.827287673950195,19.875159973880223,19.63579695239711,19.675690282033305,1962500
2018-05-25,20.02676010131836,20.08261137917113,19.803353468074093,19.86718371731057,2592200
2018-05-29,20.0028133392334,20.23419882994395,19.88313187106662,20.23419882994395,2625300
2018-05-30,20.194311141967773,20.242184963648988,19.89909685076516,19.970906061454006,2464900
2018-05-31,20.186328887939453,20.329947285954468,19.994838197863672,20.122498657914193,2408500
2018-06-01,19.739519119262695,20.162395383775632,19.739519119262695,20.154416414049024,2873500
2018-06-04,19.540048599243164,19.899094612297983,19.44430401031708,19.795369532156457,3544100
2018-06-05,19.34855842590332,19.556007069996866,19.34855842590332,19.540049130797474,2787700
2018-06-06,18.782068252563477,19.508137860854895,18.742173398252742,19.356540458140277,2984600
2018-06-07,18.79802894592285,18.973563301129182,18.63845405790206,18.806007918598905,3157700
2018-06-08,18.7661075592041,18.92568238754966,18.66238247503827,18.84589573429331,2628600
2018-06-11,18.566635131835938,18.901744200099458,18.5347192577953,18.79004016278986,1958500
2018-06-12,18.93366050720215,18.957597415204106,18.542700140833606,18.558658079501576,2510700
2018-06-13,18.989513397216797,19.204941022188063,18.925683158910452,18.981535949032313,3398200
2018-06-14,19.14110565185547,19.196956905169824,18.98950830583614,19.013445209470515,2632300
2018-06-15,19.356536865234375,19.388451220926022,18.869830385816105,19.15706719620496,4875000
2018-06-18,19.460262298583984,19.492178179183636,19.292708490934658,19.340580790001187,2101400
2018-06-19,19.683671951293945,19.69165092268183,19.42037198282642,19.42037198282642,2272700
2018-06-20,19.787391662597656,19.81930754190217,19.579944534449872,19.72356142582152,1593000
2018-06-21,19.77143669128418,19.891118203766393,19.532072144486747,19.77941566169406,2853800
2018-06-22,19.994842529296875,20.042716353561154,19.73154258317557,19.77941640743985,2702000
2018-06-25,20.481550216674805,20.577296348638075,19.938992353160273,19.978887208908777,2991100
2018-06-26,20.401756286621094,20.64112078826332,20.353883995025733,20.43367216223981,2382300
2018-06-27,20.609210968017578,20.649104302429674,20.329953061633457,20.369847917878708,1645600
2018-06-28,20.840593338012695,20.94431690450471,20.641123653207888,20.641123653207888,4218600
2018-06-29,20.9682559967041,20.99219138739856,20.633146830483955,20.800700652677488,4136100
2018-07-02,21.15974235534668,21.191656710283397,20.94431475265098,20.984208076780064,4149900
2018-07-03,21.327302932739258,21.415070099964495,21.016130644334506,21.135812176656852,1450200
2018-07-05,21.383150100708008,21.43900289209474,21.15974502249291,21.31931986095613,4200400
2018-07-06,21.44698143005371,21.55070652606577,21.383151187058996,21.431025010679807,2350400
2018-07-09,20.79271697998047,21.44697722278795,20.736865718545594,21.44697722278795,3372200
2018-07-10,20.93634033203125,21.040065432234332,20.55335885858855,20.665061407884394,3181800
2018-07-11,21.04804229736328,21.071979209476748,20.896446419477158,20.936339751166546,1898500
2018-07-12,20.984214782714844,21.071981950045945,20.9283635023526,21.06400297830373,2239000
2018-07-13,20.984214782714844,21.087939893530372,20.872512221990355,21.000172726199274,1627800
2018-07-16,20.95229721069336,21.024106423549163,20.80867878498175,20.99219054146524,1404800
2018-07-17,20.840593338012695,21.024105082793216,20.784740547927694,21.024105082793216,2075400
2018-07-18,20.665058135986328,20.872506781714062,20.585269961193685,20.824634485571618,2323000
2018-07-19,20.86452865600586,20.968253743981755,20.673037941857572,20.768784059848176,2410400
2018-07-20,20.704954147338867,20.87250795416569,20.553356758900595,20.73686850594891,2721400
2018-07-23,20.537397384643555,20.752824997092493,20.433673824112308,20.720909118878055,2356500
2018-07-24,20.577295303344727,20.657081967122423,20.19431231677971,20.49750711773397,3561600
2018-07-25,20.577295303344727,20.704955791588713,20.521442508134054,20.609209664489192,1826300
2018-07-26,20.840593338012695,20.864528726216204,20.657080071399253,20.688995951447826,1844500
2018-07-27,20.8804874420166,20.960275623269492,20.752826960745168,20.840594112306643,2209300
2018-07-30,20.675498962402344,20.908621582470534,20.64334501706119,20.860389897830004,3356800
2018-07-31,21.0452823638916,21.077436313913907,20.64334802243686,20.77196688904175,3114700
2018-08-01,20.820194244384766,20.924698010021896,20.442376594079978,20.627265984659502,3274800
2018-08-02,21.133708953857422,21.23821121069319,20.796084037011116,20.87646968076577,3762300
2018-08-03,21.37486457824707,21.43917400004753,21.01312312233352,21.133704629809742,2646600
2018-08-06,21.5356388092041,21.632102174872102,21.326632805913363,21.36682561939877,3528500
2018-08-07,21.334674835205078,21.479369905138306,21.173900490935566,21.479369905138306,1778800
2018-08-08,21.278404235839844,21.431139720296912,21.23017254247473,21.302520849151346,1819300
2018-08-09,21.310556411743164,21.390943577043323,21.181937560565967,21.27840093232004,1693700
2018-08-10,21.39094352722168,21.57583293370107,21.286439752597573,21.358788047873446,2979300
2018-08-13,21.567794799804688,21.591911410138774,21.32663482949463,21.390944257127824,3024500
2018-08-14,21.67229652404785,21.78483916964532,21.543677671871603,21.543677671871603,2679500
2018-08-15,21.85718536376953,22.066191361771427,21.664257104057977,21.696411047381147,3563500
2018-08-16,22.122465133666992,22.178735692618936,21.792879117013264,21.865227416596543,2062900
2018-08-17,22.1867733001709,22.315392151385762,22.03403783938163,22.090308395130926,2372700
2018-08-20,22.05011558532715,22.25108273206435,22.00188389942236,22.218927252622727,1987400
2018-08-21,21.841108322143555,22.066192065615272,21.768760030786844,22.025997718607343,1913400
2018-08-22,21.70445442199707,21.86522877175944,21.624067247115885,21.86522877175944,1346100
2018-08-23,21.736610412597656,21.86522928210646,21.672299444585388,21.712493799593055,1412600
2018-08-24,21.752687454223633,21.776804068151627,21.591914627810795,21.696416888316243,1866800
2018-08-27,21.664260864257812,21.81699480475308,21.503486519964312,21.784840855849048,1867500
2018-08-28,21.664260864257812,21.696414813161844,21.55171820994925,21.616027641015094,1744200
2018-08-29,21.90542221069336,21.929538823815584,21.70445503444847,21.712493905489207,2389000
2018-08-30,21.82503318786621,21.96169091748632,21.74464601751478,21.929536969300393,1669100
2018-08-31,21.760725021362305,21.961692192277376,21.720532200482427,21.849151067207444,2246200
2018-09-04,21.800918579101562,21.99384687214132,21.784840838033805,21.808955916377663,1884100
2018-09-05,22.1385440826416,22.15462029089266,21.752685952717677,21.79288030648987,1990800
2018-09-06,22.251083374023438,22.307353931412074,22.001884534191888,22.13050338915383,1135200
2018-09-07,21.985807418823242,22.226967395415997,21.94561306721929,22.10638740711962,1913700
2018-09-10,22.202850341796875,22.31539144975701,21.897379429822795,21.897379429822795,2423600
2018-09-11,22.291275024414062,22.339508242443344,22.13050223075597,22.218926730627754,1872400
2018-09-12,22.419889450073242,22.516354333845428,22.23500008387197,22.275192891043616,3913800
2018-09-13,22.572628021240234,22.596744628856715,22.24304205010262,22.45204804967288,1968400
2018-09-14,19.92790412902832,20.828236138505332,19.839478088840178,20.514727862576805,33151100
2018-09-17,20.68354034423828,20.900585251368984,19.927904904480556,19.935942241848835,15104500
2018-09-18,20.836273193359375,20.86842713855312,20.458455521101648,20.53080381435958,6549200
2018-09-19,20.530805587768555,20.812158382232518,20.30572181893965,20.812158382232518,6470400
2018-09-20,20.281604766845703,20.570997958579643,20.201217598779863,20.570997958579643,5165300
2018-09-21,20.53883934020996,20.603148758186162,19.871628553735338,20.080634545472353,11601900
2018-09-24,20.329835891723633,20.755885232010684,20.329835891723633,20.434338126155115,3352300
2018-09-25,20.00828742980957,20.321797202395633,19.943978008068914,20.19317835891432,2846900
2018-09-26,19.74300765991211,20.088671320476212,19.74300765991211,20.000245305004285,2394800
2018-09-27,19.919862747192383,20.056520458772376,19.75104955841355,19.76712729701297,2457700
2018-09-28,20.032405853271484,20.048483593478004,19.855555310772864,19.919864738341243,5195000
2018-10-01,19.92790412902832,20.01632863595873,19.863593166522225,19.984174687963417,1603100
2018-10-02,20.144947052001953,20.241411960384653,19.943979898357558,20.032405936603556,2126300
2018-10-03,19.94397735595703,20.24944824918028,19.791243442602916,20.177099960430432,1776200
2018-10-04,20.136905670166016,20.15298340843402,19.71889520800045,19.887706860041973,2149100
2018-10-05,20.072595596313477,20.17709935839289,20.016325047466466,20.06455672744141,3706600
2018-10-08,20.136905670166016,20.30571885546505,20.00024796140299,20.136905670166016,3009600
2018-10-09,20.088672637939453,20.337871431308386,20.04044095963585,20.201213731733667,2543200
2018-10-10,20.161022186279297,20.43433760256778,20.000247870842248,20.024364478135055,4296900
2018-10-11,19.815357208251953,20.313756327479133,19.67066064030673,20.233369174925407,4468700
2018-10-12,19.542043685913086,19.85555345764948,19.445580320192313,19.807320241531542,2937800
2018-10-15,19.8957462310791,20.064557887379177,19.525967441131762,19.525967441131762,4902500
2018-10-16,20.225332260131836,20.297680551093368,19.67870140987029,19.807320253078,3510300
2018-10-17,20.120830535888672,20.297681066475327,20.024365634404756,20.225332773676787,1441200
2018-10-18,20.289644241333008,20.37003141179329,20.088677081811177,20.161025381899655,2707800
2018-10-19,20.41826057434082,20.506686604231632,20.04044291316132,20.17710062605732,2537200
2018-10-22,20.241409301757812,20.506685848395108,20.15298327512621,20.450415298086817,2000400
2018-10-23,20.33786964416504,20.418256789778816,20.161019150420543,20.329832309535206,3143600
2018-10-24,21.05331802368164,21.141742522699946,20.217293985001525,20.426299994671552,4193100
2018-10-25,20.836273193359375,21.093510887939754,20.707654346069187,20.85235093258505,5957400
2018-10-26,20.450414657592773,21.029199413967657,20.28964034752658,20.9327360545339,3315600
2018-10-29,20.747846603393555,20.828233764104368,20.466492307534487,20.466492307534487,2793200
2018-10-30,20.96249008178711,21.043489195879506,20.71139421853732,20.840992183113315,4449400
2018-10-31,20.541303634643555,20.800499641590594,20.46030449624009,20.784299504923887,4492700
2018-11-01,20.54939842224121,20.978691119079848,20.25780221689446,20.403600319567836,5346600
2018-11-02,20.59800148010254,20.68710068213332,20.298305147318086,20.63040020679465,5558900
2018-11-05,21.002992630004883,21.075891685895964,20.60609862844775,20.703296339682684,3495400
2018-11-06,21.14069175720215,21.18119054813484,20.92199457833399,21.01919383947423,3016800
2018-11-07,21.189289093017578,21.31078700201679,21.03539091765605,21.26218814740305,3132300
2018-11-08,21.02729606628418,21.270293489480892,20.897698058551313,21.20549448561446,2657900
2018-11-09,21.189289093017578,21.27028821399363,20.994892129632888,21.019192329404625,3057800
2018-11-12,21.14069175720215,21.343188801725294,20.96249336926668,21.11639155568463,3963700
2018-11-13,21.02729606628418,21.148795550347593,20.79240025661715,21.10019513875018,5580300
2018-11-14,20.727598190307617,21.07589336397888,20.711398055502002,20.978694100075085,4773900
2018-11-15,20.50080108642578,20.768097132936447,20.355002961978162,20.654699278334924,6423900
2018-11-16,20.808597564697266,20.946295622308394,20.436002184425433,20.711398299647687,10117200
2018-11-19,21.002992630004883,21.148790741787046,20.808595662605253,20.816695729363122,3224000
2018-11-20,20.857196807861328,21.213592059682835,20.784297743967613,20.97059466506047,3597900
2018-11-21,20.703296661376953,20.873394976075772,20.589898814864267,20.79239585216823,2192800
2018-11-23,20.79239845275879,20.94629665293882,20.60610152592137,20.719499386617194,1122100
2018-11-26,20.889598846435547,20.92199757483596,20.662801567912396,20.83289836810721,2751600
2018-11-27,21.04349708557129,21.092097499205902,20.81670133499715,20.913899072406014,2169700
2018-11-28,20.86529541015625,21.16499016740094,20.82479507476519,21.019193594782614,3131700
2018-11-29,21.100191116333008,21.100191116333008,20.6546982427937,20.881495485555973,3097000
2018-11-30,21.399885177612305,21.42418537623492,20.96249087198323,21.132589172482202,4024700
2018-12-03,21.82108497619629,21.829185044491986,21.270292691529423,21.440389490948867,2689800
2018-12-04,21.94257926940918,22.298974490625866,21.837279943969573,21.853480077872558,3881400
2018-12-06,21.71578598022461,22.023582400658338,21.407991104720967,21.94258326133735,3829100
2018-12-07,21.983078002929688,22.07217719423809,21.561885337039495,21.740082174726506,3112800
2018-12-10,22.080278396606445,22.17747611491401,21.545686311125202,21.999279268063557,2680200
2018-12-11,22.274673461914062,22.37997123851039,21.950678520544898,22.120775285415057,2334100
2018-12-12,22.023576736450195,22.388070452255953,21.983076404740878,22.307072878696687,2547800
2018-12-13,22.37187385559082,22.46097150342161,22.031678763603725,22.031678763603725,1666000
2018-12-14,22.26657485961914,22.42857311342237,22.11267667299906,22.420473046239223,2768200
2018-12-17,21.578083038330078,22.39617122552475,21.480885329019074,22.371872570661864,3773200
2018-12-18,21.448484420776367,21.804879615754192,21.383685434864915,21.602382591664696,2722000
2018-12-19,21.359392166137695,21.578087833148192,21.148795022594555,21.578087833148192,3538600
2018-12-20,21.28649139404297,21.569986040642913,20.962494863763112,21.391789184932954,4650700
2018-12-21,21.100191116333008,21.731982442287315,20.938194410014088,20.994893334472202,4960500
2018-12-24,20.16060447692871,21.286489051390795,19.933808784608413,21.16498959344231,2130200
2018-12-26,20.298303604125977,20.33070387328482,19.739412865504715,20.201105886509175,2903600
2018-12-27,20.51700210571289,20.52510217352356,19.901410856471802,20.298304909614746,2842500
2018-12-28,20.638500213623047,20.800498481394143,20.476503490781926,20.56560114761905,2023900
2018-12-31,20.533201217651367,20.69519793099849,20.3793030267812,20.63039893667366,3537500
2019-01-02,20.306398391723633,20.484596735905722,19.998603639391014,20.484596735905722,2717400
2019-01-03,20.33070182800293,20.606097908428612,20.23350257523457,20.355000482497736,2372200
2019-01-04,20.687101364135742,20.695199887378273,20.19300802011963,20.19300802011963,2047100
2019-01-07,20.800498962402344,20.978695825127343,20.59800189547075,20.792398894333477,2536500
2019-01-08,21.189289093017578,21.245988014221894,20.735696178453306,20.784295033067043,2638800
2019-01-09,21.173095703125,21.23789471155733,20.95440001524727,21.164995633954682,2183100
2019-01-10,21.602386474609375,21.650985336545997,21.108293152642155,21.294591622437476,2400200
2019-01-11,21.37558937072754,21.594286568474676,21.181192376595636,21.58618650060293,3032900
2019-01-14,20.994895935058594,21.2540919332187,20.727599868839736,21.245991865159944,3024900
2019-01-15,21.335092544555664,21.43229027812355,20.94629852042388,20.97059718135079,2823800
2019-01-16,21.4241886138916,21.4970876758464,21.18929129316394,21.27029042255037,2747000
2019-01-17,21.650983810424805,21.707682736175965,21.351289047188704,21.35938911442885,3284700
2019-01-18,21.5861873626709,21.78058436456626,21.464689429602554,21.62668770364704,2669700
2019-01-22,21.50518798828125,21.74008532856003,21.294592397249957,21.66718626053765,2453000
2019-01-23,21.731985092163086,21.756285296292372,21.375589822916915,21.48898923059025,1913300
2019-01-24,21.748184204101562,21.829183335788166,21.529487012026713,21.772482862156586,1851500
2019-01-25,21.351285934448242,21.76438003389276,21.32698573627046,21.659080720052,2402800
2019-01-28,21.213590621948242,21.416087664611165,21.140691562995205,21.38368739621878,2702900
2019-01-29,21.343189239501953,21.38368803126533,21.205491184604657,21.28649031306128,3499800
2019-01-30,21.66718292236328,21.707681711722888,21.270288915905958,21.270288915905958,2361300
2019-01-31,22.096477508544922,22.11267609755983,21.48898638998636,21.642883027671733,3486200
2019-02-01,21.699583053588867,22.03977658990569,21.53758480730772,22.03977658990569,3630200
2019-02-04,21.245990753173828,21.561887211211626,21.07589396763265,21.561887211211626,4125800
2019-02-05,21.383686065673828,21.42418639864428,21.07589125974705,21.197389168798942,3513600
2019-02-06,21.310792922973633,21.45659107225291,21.229793779492905,21.310792922973633,3017500
2019-02-07,21.55378532409668,21.56998391306895,21.237888892725532,21.335088151208147,2453700
2019-02-08,21.692523956298828,21.708846770836853,21.49665485173033,21.578267367791188,2721400
2019-02-11,21.635395050048828,21.757813042362667,21.496654243658686,21.643556457086984,2725600
2019-02-12,21.85575294494629,22.002653632494,21.570109865338235,21.700689292022563,3561200
2019-02-13,21.84758949279785,21.904717792050352,21.717010078326595,21.774138377579096,4232700
2019-02-14,21.85575294494629,22.010815041240463,21.725173518261958,21.953686736644762,2397200
2019-02-15,22.1005859375,22.116908752745225,21.912878232067925,21.961845121174264,7074600
2019-02-19,21.986331939697266,22.174039667289676,21.545625215823403,22.05162165175678,6140500
2019-02-20,21.447690963745117,21.87207330466966,21.341594211041865,21.87207330466966,4932800
2019-02-21,21.578271865844727,21.64356158097739,21.153887939167618,21.32527285765476,4648200
2019-02-22,21.74149513244629,21.814946255728575,21.504820501470824,21.578271624753107,3718500
2019-02-25,21.59459114074707,21.749654783659498,21.44769046268364,21.70068789097169,3286800
2019-02-26,21.823104858398438,21.92920160355424,21.578268850027072,21.651719963864355,3233700
2019-02-27,21.986331939697266,22.092427138057904,21.70068886570082,21.725173091459208,4135300
2019-02-28,22.018978118896484,22.223008683133767,21.929205729140257,21.986334038065948,3346500
2019-03-01,21.96184730529785,22.010814199273984,21.627237342640193,21.95368589686358,2451400
2019-03-04,22.002656936645508,22.10875370965261,21.814949177177297,22.002656936645508,2405900
2019-03-05,21.96184730529785,22.05978264987961,21.896557594453174,22.002652790839715,2328500
2019-03-06,22.092426300048828,22.165877417908327,21.90471857957654,22.002652365636227,2664800
2019-03-07,22.24748992919922,22.369907940006875,22.149554586575416,22.149554586575416,2217100
2019-03-08,22.378067016601562,22.39438983144302,22.100585390813947,22.304615906444294,2183400
2019-03-11,22.671878814697266,22.680040224766532,22.37807427872289,22.37807427872289,3099000
2019-03-12,22.851415634155273,22.900382517515155,22.655546544086583,22.696352020781625,2079500
2019-03-13,22.835092544555664,22.957510529788877,22.810609881486503,22.859576764253962,1705700
2019-03-14,22.74532127380371,22.916706150004043,22.71267564597743,22.818770823154416,2864900
2019-03-15,22.761648178100586,22.835099302303238,22.64739156562073,22.671875792564812,6268100
2019-03-18,22.892229080200195,22.933036127730336,22.7779724603752,22.794295279387256,2177300
2019-03-19,22.688196182250977,22.973839259106235,22.631067878205833,22.86774405968376,1882100
2019-03-20,22.81061363220215,22.924870229656307,22.59842169648057,22.745323925567,2038700
2019-03-21,23.1860294342041,23.194190842245224,22.72084007226591,22.794291188006618,2472200
2019-03-22,23.349252700805664,23.50431477187144,23.11257655555375,23.234994553574364,2586900
2019-03-25,23.373737335205078,23.471672675848257,23.26764214308528,23.332931851304256,1775600
2019-03-26,23.52064323425293,23.52064323425293,23.27580717942409,23.365579569325504,1751700
2019-03-27,23.406387329101562,23.545128179498093,23.18603393906653,23.52064395061763,1744500
2019-03-28,23.29212760925293,23.512479413346913,23.153386777311784,23.406384215570515,3207700
2019-03-29,23.39006233215332,23.48799768192735,23.210516006968774,23.292128539008868,3744700
2019-04-01,22.998321533203125,23.39822118420851,22.957514493327427,23.112578131596262,2947800
2019-04-02,23.030963897705078,23.14522204424038,22.900384493061267,23.112576414764785,2115300
2019-04-03,22.90854835510254,23.04728918198146,22.77796893646702,22.965676656176896,2109900
2019-04-04,22.777971267700195,23.006486052014647,22.67187606293647,22.99832464293596,1684300
2019-04-05,23.063613891601562,23.079936709428193,22.761647988327212,22.810616441807106,2469700
2019-04-08,22.859582901000977,23.153387389737,22.818775857215662,23.088097676310056,2687600
2019-04-09,22.818775177001953,22.98200023401845,22.794292508090134,22.884066445112158,1776100
2019-04-10,22.74532127380371,23.0064800698971,22.67187016782379,22.900383336090904,2176300
2019-04-11,22.884065628051758,22.90038688786706,22.69635635219597,22.76164606134554,2040600
2019-04-12,22.90854835510254,22.91670976334594,22.720840635392662,22.90854835510254,2056000
2019-04-15,22.835092544555664,23.022800225688535,22.794287068354304,22.965671936354976,2041300
2019-04-16,22.52497100830078,22.892225031339024,22.451519892367248,22.810614063972363,2511500
2019-04-17,22.51680564880371,22.63106222836989,22.402549069237534,22.5739339385868,2158600
2019-04-18,22.492326736450195,22.655551794314675,22.48416532789402,22.5249723706749,1878800
2019-04-22,22.288297653198242,22.41887708539613,22.12507414126569,22.345425960206114,2067300
2019-04-23,22.280134201049805,22.418875029616423,22.10058788739926,22.337264059448568,3440900
2019-04-24,22.451520919799805,22.533133447530663,22.255651787223442,22.312780089646193,2248500
2019-04-25,22.720840454101562,22.745324678636408,22.271973900702186,22.34542346104783,2643400
2019-04-26,22.753482818603516,22.933030671760722,22.688193114717983,22.818772522489045,1893800
2019-04-29,22.572643280029297,22.69594739685424,22.465781489041586,22.671286259913856,2332000
2019-04-30,22.8356876373291,22.909669470338812,22.531539927413988,22.613742138299973,7675300
2019-05-01,22.5233211517334,22.82746888328405,22.326036772299275,22.53976190865546,5158800
2019-05-02,22.671281814575195,22.87678654515252,22.523318157699258,22.56442004454072,5019900
2019-05-03,22.901447296142578,23.024749818861697,22.621960741778366,22.63018111900986,2807900
2019-05-06,22.917888641357422,23.1644952779001,22.83568799705332,22.92610901936319,2968400
2019-05-07,22.802806854248047,22.95899090313296,22.712384262597283,22.94255014685522,2674000
2019-05-08,22.580862045288086,22.794587179866806,22.539761721201618,22.76992761256567,3413700
2019-05-09,22.613740921020508,22.737043446773825,22.506877582258067,22.630181675888064,2568100
2019-05-10,23.082290649414062,23.098731403704544,22.531537923695915,22.60551975012646,2047200
2019-05-13,23.263137817382812,23.304239709424362,23.01653273664098,23.032973493457597,2798700
2019-05-14,23.049415588378906,23.3371210099878,23.008313693951237,23.238479599115312,2260400
2019-05-15,23.065853118896484,23.24669830561416,23.00831203871426,23.106955010367248,1732700
2019-05-16,23.172718048095703,23.28780021630316,22.950772522658223,23.0329747433251,2178600
2019-05-17,23.254915237426758,23.369997380735526,23.115171962890418,23.123390772089664,8279400
2019-05-20,23.148052215576172,23.419318391232277,23.09873152033233,23.320677000744585,2863800
2019-05-21,23.115175247192383,23.296018864926417,23.065852977729325,23.131614435803233,1653100
2019-05-22,23.32889747619629,23.36177898729166,23.090512792261823,23.18915418979445,1462800
2019-05-23,23.39466094970703,23.411101706673723,23.148055866714202,23.345340246683843,1973600
2019-05-24,23.435762405395508,23.60838564669826,23.411101270405037,23.46042354038598,1705800
2019-05-28,22.90966796875,23.49330064882108,22.90144759141252,23.435759575335386,2744000
2019-05-29,22.55620002746582,22.99186905980768,22.408236368226436,22.99186905980768,2757300
2019-05-30,22.646623611450195,22.71238507102507,22.490441124882917,22.547982206026322,2436400
2019-05-31,22.89322853088379,22.926108474248284,22.547980502234445,22.695944167066557,4042400
2019-06-03,23.12339210510254,23.131612482652283,22.778144087396832,22.97543001283727,2800900
2019-06-04,23.082290649414062,23.106951780849784,22.56441943227688,23.082290649414062,2103900
2019-06-05,23.435762405395508,23.542624187933853,23.008312139488435,23.1973761374515,2877000
2019-06-06,23.526182174682617,23.60838281236178,23.40287808241055,23.485080287966372,2108800
2019-06-07,23.460424423217773,23.748129836215575,23.402881772741303,23.69880913225551,3615900
2019-06-10,23.361778259277344,23.41109895650669,23.180934657518595,23.402878578989018,1558100
2019-06-11,23.15627670288086,23.427542926685298,23.090515241591206,23.361781465395644,2084100
2019-06-12,23.452205657958984,23.526187502927076,23.27958083040777,23.27958083040777,2116200
2019-06-13,23.41109848022461,23.6083828330051,23.337116651947344,23.509741440553185,2594000
2019-06-14,23.633047103881836,23.69880856354278,23.271358291808205,23.443983103341232,2390500
2019-06-17,23.970075607299805,24.12625966733479,23.46042466932005,23.674148244681287,6361300
2019-06-18,23.8303279876709,24.257778196711357,23.723466219349106,24.175575992222555,2962000
2019-06-19,24.200237274169922,24.331760175017855,23.74812593061307,23.74812593061307,3563500
2019-06-20,24.183805465698242,24.455071745028853,23.98652104144664,24.331769175856255,2652200
2019-06-21,24.134477615356445,24.241339392274476,23.96185281525591,24.12625723745863,3722100
2019-06-24,24.109817504882812,24.27422193406285,24.068717181526218,24.216679286336053,1575900
2019-06-25,24.118040084838867,24.274224150030093,24.052278620738928,24.167360790944578,2175600
2019-06-26,23.58372688293457,24.04405710996599,23.55084536849387,24.04405710996599,2871000
2019-06-27,23.517961502075195,23.70702547496626,23.460420429271537,23.633043647682516,1933700
2019-06-28,23.674144744873047,23.772787707122227,23.476860388251385,23.476860388251385,3556900
2019-07-01,23.501527786254883,23.657711864839232,23.28780261763343,23.633050725733142,2465600
2019-07-02,23.904314041137695,23.92075479851746,23.534404839477514,23.534404839477514,2648200
2019-07-03,24.257780075073242,24.348202663800315,23.937193177407092,23.986513876768786,1344300
2019-07-05,24.208459854125977,24.21667866428471,23.789229981574735,24.019394295062384,1476100
2019-07-08,24.167356491088867,24.34820166109547,24.019392831220447,24.21667718841944,1758300
2019-07-09,24.298877716064453,24.30709809303071,23.98651123072966,24.1920159512563,2066800
2019-07-10,24.249561309814453,24.37286385035678,24.192020228753158,24.29888201245601,1977500
2019-07-11,24.26599884033203,24.33176029106965,24.052273733465597,24.29887878176251,1219000
2019-07-12,24.118040084838867,24.307104098141576,23.937196450533275,24.307104098141576,1161200
2019-07-15,24.183805465698242,24.216685419134894,23.953639520132757,24.044062135868703,1070400
2019-07-16,23.953632354736328,24.175577853581434,23.805668688839596,24.093375642763604,1646600
2019-07-17,24.052270889282227,24.224894089102026,23.978289069966177,24.027609760218052,1327100
2019-07-18,24.323537826538086,24.348198956402268,23.90430802610615,24.05227166953819,1764100
2019-07-19,24.002954483032227,24.331761756523747,24.002954483032227,24.290659867414334,2245400
2019-07-22,23.953632354736328,24.126257154241443,23.854990956056348,24.118036776371984,1649300
2019-07-23,24.01939582824707,24.093377667412383,23.846772582112603,23.937195178398408,2159200
2019-07-24,24.21668243408203,24.339986555932864,23.920756618120336,24.339986555932864,2921500
2019-07-25,24.159137725830078,24.389303608527523,24.09337626904178,24.30710139557295,2025000
2019-07-26,24.249561309814453,24.37286385035678,24.10159763401291,24.18379985033342,2028600
2019-07-29,24.50438690185547,24.537268415712266,24.249561440972805,24.372863982182036,2258500
2019-07-30,24.47956085205078,24.66162598364514,24.31404594807983,24.47956085205078,2972500
2019-07-31,24.57059097290039,24.79403401184254,24.27266481635499,24.413351992671775,3349100
2019-08-01,24.860240936279297,25.108511678180978,24.496109146818867,24.60369271405176,3812100
2019-08-02,24.587142944335938,24.97610247155045,24.520937302454087,24.7940357725251,3979400
2019-08-05,23.263031005859375,24.289219283925714,23.213375588678453,24.1319802864536,7003800
2019-08-06,23.2547550201416,23.39544221138549,22.989932443321834,23.312684761512543,11314600
2019-08-07,22.86579132080078,23.180269257432148,22.667174424307337,23.180269257432148,5242000
2019-08-08,23.834054946899414,23.86715855953348,22.70855895128243,22.849246148042948,8534000
2019-08-09,23.643712997436523,23.95819099145847,23.62716119175809,23.86715763869416,3227000
2019-08-12,23.709922790527344,23.925091566596738,23.594063287438956,23.635441230408425,4147600
2019-08-13,23.759571075439453,23.850604422821313,23.552678252093028,23.627159794775096,4201700
2019-08-14,23.743024826049805,24.065777179420277,23.734748922313738,23.83405661021208,4260600
2019-08-15,24.024394989013672,24.131978561615302,23.668539083653958,23.776122656255588,3283200
2019-08-16,24.347150802612305,24.438184162288156,23.966467135440983,24.040948688181736,9031900
2019-08-19,24.52094078063965,24.628525950500013,24.189912524275513,24.330599730538676,2716000
2019-08-20,24.264387130737305,24.603691193653336,24.22300920246629,24.603691193653336,2547300
2019-08-21,24.54576301574707,24.554038917618264,24.107149687375156,24.26438866599405,1809200
2019-08-22,24.52921485900879,24.620248214659867,24.3388738230721,24.570594374517057,1563500
2019-08-23,24.016115188598633,24.645069452977513,23.949909559635948,24.61196584926282,2023300
2019-08-26,24.347150802612305,24.355426706079854,23.99957074931118,24.040948688181736,1535400
2019-08-27,24.19818878173828,24.512666813731883,24.1816369740613,24.47956319837792,1968000
2019-08-28,24.08232307434082,24.289215881545694,24.0740471726366,24.181630737857724,3895700
2019-08-29,24.363698959350586,24.438180500932432,24.074048695250845,24.181632267276317,2327000
2019-08-30,24.454729080200195,24.5623142234481,24.272663978852687,24.46300498187056,1596500
2019-09-03,24.876794815063477,24.885070718137893,24.396803486017202,24.562318390571274,3485000
2019-09-04,25.000926971435547,25.100236217019972,24.744380323170567,24.926447010330865,1713000
2019-09-05,24.554040908813477,24.951274760042867,24.53748910372883,24.736106029343528,2553700
2019-09-06,24.272668838500977,24.59542117592948,24.098879604029367,24.554043237760194,3532900
2019-09-09,23.92508316040039,24.26438722462937,23.834049823691757,24.156803663628363,1719700
2019-09-10,23.9747371673584,23.9747371673584,23.635433100622325,23.900255632858595,3402000
2019-09-11,24.11542320251465,24.223008337725442,23.79267095381572,23.908530411611903,2775500
2019-09-12,24.090600967407227,24.421629170604902,24.04094555307734,24.297493791714146,2434000
2019-09-13,24.032672882080078,24.2312898176592,23.883709785778965,23.949915430972005,2494500
2019-09-16,24.032672882080078,24.256115948064657,23.991293367292496,24.148532366551127,1561500
2019-09-17,24.35542106628418,24.51266003882263,24.057494924309605,24.057494924309605,1881100
2019-09-18,24.388526916503906,24.496112075064325,24.239565400636288,24.479560269367788,2610000
2019-09-19,24.363698959350586,24.554039975185546,24.27266561331345,24.49611023805899,2200100
2019-09-20,24.396806716918945,24.51266779683728,24.28922311963834,24.438186237770967,3290900
2019-09-23,24.51266098022461,24.55403891110271,24.371973805385434,24.44645534373952,1372900
2019-09-24,24.794034957885742,24.959549846385677,24.5457642036028,24.61196984330938,2380100
2019-09-25,24.885066986083984,24.96782442594975,24.71127778298606,24.760931615518768,1886900
2019-09-26,25.29057502746582,25.38160836312617,24.95954686842833,24.992650473565465,2661600
2019-09-27,24.851966857910156,25.331958151681366,24.620246324257263,25.298854541816528,2915500
2019-09-30,24.76093101501465,24.918169989099546,24.678173577155917,24.85196435450593,3700600
2019-10-01,24.60369110107422,24.810583898584362,24.562313172958902,24.74437826651979,2278900
2019-10-02,24.338871002197266,24.62024536117375,24.305768972094295,24.50438588811294,2394900
2019-10-03,24.305768966674805,24.405076635428518,24.11542637437414,24.405076635428518,3211200
2019-10-04,24.52094078063965,24.537492588074663,24.15681048787272,24.30577359785339,2633400
2019-10-07,24.272668838500977,24.52093962445103,24.247841128519106,24.487837589609033,1874700
2019-10-08,23.8588809967041,24.264390752460553,23.850605094121274,24.264390752460553,2730900
2019-10-09,24.032672882080078,24.09887852727312,23.776124625798342,23.900260013226905,2243100
2019-10-10,24.007841110229492,24.10714877197913,23.817500109820333,23.99956520867255,1790700
2019-10-11,24.11542320251465,24.322315993417394,23.91680631266402,23.966460140509994,2205000
2019-10-14,23.618885040283203,24.198183988011493,23.511299890163,24.198183988011493,2205400
2019-10-15,23.287857055664062,23.726470435113697,23.171997572908978,23.610610952358613,3517300
2019-10-16,23.147167205810547,23.38716362505767,23.006480030709415,23.254752351840942,9406900
2019-10-17,23.130619049072266,23.337511879284122,22.96510415351597,23.147169275854274,3537100
2019-10-18,23.155445098876953,23.271306156754875,22.989931782356674,23.147169196280885,2692900
2019-10-21,23.213376998901367,23.304410357462974,23.105793412074426,23.13889544707227,3250500
2019-10-22,23.395437240600586,23.453366969663303,23.22992237602133,23.354057735222405,2613300
2019-10-23,23.29612922668457,23.552675859603283,23.229923593077586,23.469920001444663,3460500
2019-10-24,23.33751106262207,23.51957617858927,23.238201813070066,23.329235160287155,3454900
2019-10-25,23.205093383789062,23.43681227140625,23.13888618336525,23.362330749396,3274100
2019-10-28,22.716833114624023,23.180272606737518,22.708557212099336,23.072687452383576,2759700
2019-10-29,22.60097312927246,22.75821212776233,22.59269722635541,22.75821212776233,4104800
2019-10-30,22.9344425201416,22.942779476614543,22.367542200876628,22.500930324219933,4642600
2019-10-31,23.37628746032715,23.518010924494167,23.042815621945827,23.109509671599778,5216900
2019-11-01,23.051156997680664,23.40963817961221,23.042820041111106,23.37629194344586,3134900
2019-11-04,22.767709732055664,23.192885030537234,22.659332463083693,23.07617080393479,3942700
2019-11-05,22.459251403808594,22.709353785119823,22.392557329451456,22.650996668821346,4674300
2019-11-06,22.584299087524414,22.751035042582213,22.425900089230698,22.55928821723217,3547300
2019-11-07,22.24249267578125,22.59263692293043,22.117441499680538,22.550952137488874,3861700
2019-11-08,22.017398834228516,22.26750117767755,21.909021576097114,22.15078696274959,3580900
2019-11-11,21.750619888305664,22.100764079915525,21.717272065242,22.042406979665834,2841400
2019-11-12,21.750619888305664,21.900681911868705,21.633905687806287,21.717272065242,4460100
2019-11-13,22.00905990600586,22.184132802827843,21.75895758495934,21.80897773114629,4929700
2019-11-14,21.942367553710938,22.150786700824625,21.86733653354106,22.025735530578793,4103500
2019-11-15,22.092426300048828,22.100763255503754,21.817313130482876,21.925690371173605,4840500
2019-11-18,21.88401222229004,22.21748256670253,21.808981196033226,22.10910530106048,3920800
2019-11-19,21.708942413330078,21.98405566556757,21.700605455369892,21.875676802197326,4883800
2019-11-20,21.72561264038086,21.842328450436202,21.625572334747122,21.775634383309715,5496900
2019-11-21,21.858999252319336,21.909020991764557,21.658917064874093,21.733948083930045,4694600
2019-11-22,21.97571563720703,22.06741898173217,21.817316638318996,21.92569389643486,4076500
2019-11-25,22.134109497070312,22.159120363446235,21.95070124731521,22.017395300872668,10140800
2019-11-26,22.059083938598633,22.259167738821077,22.000726826080445,22.075757853635846,3808000
2019-11-27,22.117443084716797,22.15078932534781,21.984054941968576,22.04241205565691,5700200
2019-11-29,22.050745010375977,22.31752124744338,21.992386317169657,22.159122260392685,2098200
2019-12-02,21.82564926147461,21.984048228911387,21.79230144091461,21.95903736349139,4214500
2019-12-03,22.017398834228516,22.075755941692496,21.900684619300556,21.934030856374864,3179500
2019-12-04,22.092426300048828,22.184131219941367,21.900681094920486,21.9840490593581,3239100
2019-12-05,22.217479705810547,22.22581666211133,21.992386656024802,22.050745350130303,3241200
2019-12-06,22.342533111572266,22.35087006870944,22.134113953478824,22.134113953478824,3314900
2019-12-09,22.275836944580078,22.500929995727706,22.22581679658455,22.384215787034197,2489800
2019-12-10,22.509265899658203,22.5342767675425,22.29250981499623,22.325857638841963,4389000
2019-12-11,22.417558670043945,22.600968502120484,22.37587548463288,22.550946771493283,3743800
2019-12-12,22.23415756225586,22.500933850753874,22.1507895745722,22.392556579843596,3279400
2019-12-13,22.40922737121582,22.425901285633522,22.10910486225718,22.15912501539829,3408100
2019-12-16,22.650997161865234,22.650997161865234,22.450914934438632,22.450914934438632,2896100
2019-12-17,22.72601890563965,22.876080912393107,22.609304718214315,22.709344995975588,2421000
2019-12-18,22.967788696289062,22.99279956564294,22.67600317105307,22.80939129405005,3915400
2019-12-19,23.017812728881836,23.067832882462596,22.892759959761914,22.959455618018946,2629800
2019-12-20,23.14286231994629,23.259576533663743,22.917769259109566,23.05949434295729,6049900
2019-12-23,22.884422302246094,23.20955565314868,22.692675484171783,23.18454478380546,3109500
2019-12-24,22.867746353149414,22.934440408680874,22.751032153497288,22.88442026456021,711800
2019-12-26,22.801054000854492,22.951116034537822,22.684338202371993,22.884421974024324,1472200
2019-12-27,22.751033782958984,22.826063209457843,22.57596088083011,22.792716974359664,2893500
2019-12-30,22.942785263061523,22.959459180212765,22.65099807336385,22.67600894909071,5741300
2019-12-31,23.209558486938477,23.217895444404125,22.884425096338465,22.967791490770843,5308200
2020-01-02,22.659326553344727,23.34294099963032,22.57595858889514,23.28458390154911,4254200
2020-01-03,22.842737197875977,22.86774806686649,22.600971824748342,22.609308781078514,3440400
2020-01-06,22.834400177001953,22.96778829768399,22.817727854500568,22.867748002228375,4365600
2020-01-07,23.034481048583984,23.04281800441666,22.826061923102323,23.04281800441666,2937000
2020-01-08,23.05949592590332,23.25957813034465,23.009475772320993,23.0761698404681,4566500
2020-01-09,23.134525299072266,23.22623023251701,22.976126302243685,23.05115732231449,3230100
2020-01-10,23.042821884155273,23.226231763131516,23.026149559794526,23.142863780879768,2632900
2020-01-13,23.226226806640625,23.38462418999364,22.99279682417224,23.01780769054403,3127400
2020-01-14,23.493005752563477,23.493005752563477,23.13452457677572,23.234566463783967,2902900
2020-01-15,23.918182373046875,24.0849167408885,23.609721327866364,23.63473219859298,3251400
2020-01-16,24.043231964111328,24.109926024881066,23.893169929851464,23.94319007790081,2507400
2020-01-17,24.20997428894043,24.2850037357242,24.026564380922476,24.143278620488623,2226400
2020-01-21,24.335020065307617,24.360029345292812,24.00988511449299,24.193294981647885,2562200
2020-01-22,24.226642608642578,24.385041614790524,24.193296370044692,24.360030743258115,2107100
2020-01-23,24.335020065307617,24.34335702200665,24.084916134672376,24.209968895045947,3374700
2020-01-24,24.243314743041992,24.35169199816801,24.126600531350608,24.301671848887686,3224700
2020-01-27,24.08492088317871,24.460076058040023,24.00988984820645,24.32668790478094,2547200
2020-01-28,24.27666664123535,24.37670695657579,24.043236588587423,24.10159370422137,2205400
2020-01-29,24.335020065307617,24.376703258690874,24.134937874866566,24.268326001827266,2303400
2020-01-30,24.259986877441406,24.401711948437672,24.06824166083227,24.29333311114607,3215900
2020-01-31,24.435056686401367,24.460067552732696,24.14326960631587,24.17661742809097,3712400
2020-02-03,24.83523178100586,24.87691498352718,24.435065722284868,24.51009675891304,3292500
2020-02-04,24.576786041259766,24.943604194295386,24.51842893307245,24.826889977920754,3964900
2020-02-05,24.81855583190918,24.860239031017645,24.485085468705105,24.51843170996945,3080400
2020-02-06,24.88524627685547,25.01863440269219,24.751858151018748,24.843561493711565,2680600
2020-02-07,24.84356117248535,25.10200205430027,24.810214936513283,24.968613930188255,2802200
2020-02-10,25.07025146484375,25.07025146484375,24.759601301006555,24.944311213771194,2213700
2020-02-11,25.1290225982666,25.313732510078136,25.053459088571703,25.120626474811967,2265500
2020-02-12,25.045066833496094,25.061859082999035,24.835168518900453,24.952711062626953,2272400
2020-02-13,25.347322463989258,25.347322463989258,25.00308933518168,25.04506836010079,1825300
2020-02-14,25.364110946655273,25.431279943024084,25.238172281257786,25.40609156938578,3826200
2020-02-18,25.364110946655273,25.574009256116756,25.28854902853439,25.481655088903675,2741000
2020-02-19,25.204587936401367,25.389297861612484,25.196191812337645,25.305338222372185,1511700
2020-02-20,25.229780197143555,25.27176082659706,25.078654735302738,25.17100891730591,1998700
2020-02-21,25.08704376220703,25.380901698396308,25.01987637119779,25.204587897520895,3735200
2020-02-24,24.5580997467041,25.036667588108685,24.44055721762841,24.96950019986588,3224700
2020-02-25,23.827651977539062,24.59168318798971,23.827651977539062,24.566494817953934,4048300
2020-02-26,23.2987117767334,24.52451710514504,22.257616379598353,23.223148259075476,10578000
2020-02-27,22.920894622802734,24.121513202345195,22.920894622802734,23.256733197156407,6725600
2020-02-28,22.685808181762695,23.139187667711756,22.005736550743734,22.710994952350642,12727800
2020-03-02,23.97878074645996,23.97878074645996,22.576660073321406,22.685808083385556,7194600
2020-03-03,23.827651977539062,24.432160047223373,23.62614982144322,23.995571241650655,4823100
2020-03-04,25.07025146484375,25.08704211044285,24.10471808073714,24.138302574728975,3591600
2020-03-05,24.87714385986328,25.27175365780161,24.50772403384873,24.667245576329044,4713400
2020-03-06,24.73441505432129,24.87714596324847,23.945198594509296,24.22226428814477,6804000
2020-03-09,23.248334884643555,23.920008767342374,22.543076507111362,23.525400561431425,7440100
2020-03-10,23.945194244384766,24.02915386992374,22.752972045642,23.433041969854024,7176100
2020-03-11,22.752979278564453,23.550591971245368,22.46751742182475,23.416257168238115,4040000
2020-03-12,20.16702651977539,21.84621270923752,20.099859136252775,21.38443554629739,5799200
2020-03-13,21.140958786010742,21.14935491087489,19.66327443925908,21.124166536282445,3373600
2020-03-16,17.581077575683594,19.931937295985495,16.42243835819171,17.42995058197626,5235900
2020-03-17,20.628807067871094,20.88908054176192,17.152891327906623,18.076444275638394,6849400
2020-03-18,19.81439971923828,20.091465409489878,18.6053850702327,19.570916924055123,5782400
2020-03-19,19.612895965576172,20.17542342490587,17.83295783113992,19.797605877073682,4183300
2020-03-20,17.631458282470703,20.326551851263503,17.455144468316576,19.722045286653156,3988100
2020-03-23,17.513914108276367,18.126816740477807,17.00176176009322,17.480329612672342,5597600
2020-03-24,18.42067527770996,18.588592957066133,17.11930485536568,18.017669324181874,4950800
2020-03-25,19.167911529541016,19.73043900348344,17.0101573926176,18.311526133139683,4885500
2020-03-26,20.612016677856445,20.830311147123425,19.092353120287118,19.092353120287118,3938700
2020-03-27,20.7883243560791,21.47679040899971,19.86477166987478,19.973919664448054,4955100
2020-03-30,21.896589279174805,22.039320178673517,20.75474208318511,21.107371270099758,3376600
2020-03-31,20.964643478393555,21.737069354644262,20.84710093246315,21.53556716102196,3855400
2020-04-01,19.36101722717285,20.603616282908963,18.874053273369785,20.14183909823912,3460600
2020-04-02,19.722042083740234,20.108255749455815,19.083951124025155,19.09234724734471,4229400
2020-04-03,18.8824520111084,19.62129496831239,18.756513343815936,19.478564051675054,4165000
2020-04-06,20.612016677856445,20.897478552944243,19.503753681114294,19.61290171644642,2894600
2020-04-07,20.242595672607422,21.224919931494814,20.083072491722206,21.08218900152324,3168700
2020-04-08,21.384435653686523,21.527166544563446,20.099859237190977,20.351736526316486,1920200
2020-04-09,22.316383361816406,22.710991521587495,21.62791731220032,21.62791731220032,2784600
2020-04-13,21.5859375,22.198841670625473,21.434812089499946,21.9721511527803,1527700
2020-04-14,22.3499698638916,22.391948879905524,21.837817541258335,22.056111947603714,2106800
2020-04-15,21.36764907836914,21.888196002075684,21.275293307448248,21.888196002075684,2286700
2020-04-16,21.770648956298828,21.997339473646782,21.182933156077482,21.543958438950877,4369600
2020-04-17,22.14846420288086,22.559866211225653,21.737063795932738,22.291195087038098,2435400
2020-04-20,21.392837524414062,22.131680546773385,21.233315945761383,21.946968990484965,2644300
2020-04-21,21.30887794494629,21.569153029448085,20.956248683379936,20.956248683379936,2636300
2020-04-22,21.837820053100586,21.972154841472843,21.334063796006127,21.69508914028044,2917600
2020-04-23,21.703481674194336,21.955358960373538,21.3760392804853,21.75385681115083,3341700
2020-04-24,21.8546142578125,21.921781658009582,21.250106054641616,21.39283698023506,3993100
2020-04-27,22.03931999206543,22.18205089035563,21.7874426898577,21.98054872831008,2151300
2020-04-28,22.543075561523438,22.7025987024969,22.324781158453646,22.5094910680988,3014700
2020-04-29,21.942270278930664,23.050807186322256,21.874573405517914,23.050807186322256,3219700
2020-04-30,21.248374938964844,21.756100635143284,21.138366521177723,21.730715318746736,2955700
2020-05-01,20.706796646118164,21.053743262527295,20.452933819386775,21.045282567120672,2207300
2020-05-04,20.647560119628906,20.867575301632353,20.39369731717434,20.664484736864633,2369500
2020-05-05,20.757570266723633,21.02835770923113,20.672948787434922,20.71525872006904,3466600
2020-05-06,19.39516830444336,20.850651552915995,19.34439606464163,20.84218924394564,4410100
2020-05-07,19.37824058532715,19.987513821525123,19.335930661266797,19.750574050334784,4612800
2020-05-08,19.69134521484375,19.792889707610062,19.43748075488675,19.57287448792224,3748900
2020-05-11,19.87750816345215,20.080598732039277,19.23438722258272,19.564410808804624,5410300
2020-05-12,19.268234252929688,19.945202737424903,19.200537404480166,19.902892812401518,3727600
2020-05-13,18.96360206604004,19.19207958828644,18.608193124996937,19.19207958828644,4270700
2020-05-14,19.03129768371582,19.10745685280926,18.25278298833213,18.84513172260989,3434700
2020-05-15,18.92975425720215,19.124382538403047,18.151239518378006,18.92129194749508,9315600
2020-05-18,19.606721878051758,19.95366848796902,19.39516898839389,19.412093606931432,3931800
2020-05-19,19.50517463684082,19.775963675497913,19.386705542067343,19.522099254385708,2670300
2020-05-20,19.530561447143555,19.869045725928814,19.4290153564978,19.555948373310084,1895200
2020-05-21,19.454404830932617,19.852123708848637,19.40363258596943,19.44594252110199,2284900
2020-05-22,19.539026260375977,19.57287388558291,19.327473357265816,19.40363253150712,1899200
2020-05-26,19.792888641357422,20.165222194157533,19.716729468875116,19.83520018941455,1890700
2020-05-27,19.733654022216797,20.19060905558509,19.47979119080365,20.09752526419069,4091800
2020-05-28,20.326000213623047,20.36831014217449,19.936742092064424,20.046750488730687,3594600
2020-05-29,20.16522216796875,20.38523737551851,19.99597920400108,20.18214678716962,5885800
2020-06-01,20.486780166625977,20.672947734382102,20.04675140197602,20.139833571833694,2402400
2020-06-02,20.918350219726562,20.96066176823754,20.537555967251013,20.7067973192333,3544600
2020-06-03,21.42607879638672,21.67994326070704,20.994510659660747,21.07066983755478,3984000
2020-06-04,20.833728790283203,21.29068218183181,20.588326669361965,21.206060705168607,3247100
2020-06-05,21.22298812866211,21.730715441734727,21.163753571374087,21.18914050193494,2665600
2020-06-08,21.671478271484375,21.72225051246376,20.969122750857835,21.25683480644176,1945200
2020-06-09,21.011428833007812,21.43453452969667,20.867572831572797,21.43453452969667,2028600
2020-06-10,20.656024932861328,21.172214522998434,20.630638003929484,21.019896177448434,2504300
2020-06-11,19.564407348632812,20.29214802052299,19.445936660727835,20.199065868479178,2414900
2020-06-12,19.682878494262695,20.063672677839417,19.225923537146333,20.004438134662166,2521700
2020-06-15,19.869043350219727,19.979051736434133,19.022831947426514,19.327468568918523,3139300
2020-06-16,20.004436492919922,20.664481949912044,19.90289203124121,20.41061918169514,2606400
2020-06-17,19.928279876708984,20.105985128300468,19.70826631038859,20.055212890997325,2036900
2020-06-18,20.08060073852539,20.1144499770157,19.759041042970093,19.77596566221525,1997300
2020-06-19,19.437477111816406,20.444469224800336,19.41209180039298,20.444469224800336,5833700
2020-06-22,19.657493591308594,19.716728140577473,19.175153274095816,19.36978153998511,2114200
2020-06-23,19.3359317779541,19.928278819108918,19.259772619031015,19.928278819108918,2729900
2020-06-24,18.955137252807617,19.25131160023062,18.69281214007083,19.141304815541112,2590000
2020-06-25,18.89590072631836,18.92974995745804,18.20200762815671,18.90436303410328,3687100
2020-06-26,18.912830352783203,19.031299465119748,18.616655957921246,18.90436804275622,7111300
2020-06-29,19.200538635253906,19.251310871340554,18.912826607395765,19.098992549060327,1892500
2020-06-30,19.24285125732422,19.429017225055265,19.056685289593176,19.209003633200624,3340300
2020-07-01,19.852123260498047,19.979056291070147,19.22592687335917,19.23438918299868,3927700
2020-07-02,19.767499923706055,20.12290879610215,19.716726074777863,19.970590477358073,2353900
2020-07-06,19.708269119262695,20.12291261337847,19.420557043505536,19.877510472400665,2576400
2020-07-07,19.742116928100586,19.801351482951436,19.38670798497492,19.479791779180864,3190900
2020-07-08,19.784423828125,19.843659987908936,19.530561027989407,19.71672697382082,3755600
2020-07-09,19.420557022094727,19.70826909753469,19.149767952135516,19.62364761404872,2886100
2020-07-10,19.945209503173828,19.987521056570177,19.369785289149277,19.369785289149277,3070800
2020-07-13,20.326000213623047,20.41908237924029,19.894432163512977,19.953666709093127,5628500
2020-07-14,20.097524642944336,20.52909273422265,19.979055540483003,20.376774394474957,5504800
2020-07-15,20.072134017944336,20.512164337496177,20.046748708675686,20.283686869957315,3111200
2020-07-16,20.182147979736328,20.444473136768583,20.021367315868538,20.089064182651722,1749500
2020-07-17,20.596790313720703,20.656024867018992,20.215994451059508,20.30061593320872,1867300
2020-07-20,20.097524642944336,20.503705806257877,20.072137714979565,20.495243496936286,2535900
2020-07-21,20.148292541503906,20.478316077821187,20.046748079575604,20.055210387072982,3085200
2020-07-22,20.850656509399414,21.00297487903314,19.91136258669274,20.114453208197446,3395300
2020-07-23,20.93527603149414,21.00297289894682,20.69833618839944,20.85065454367313,3559200
2020-07-24,20.76603126525879,21.417612902405565,20.656022864921287,21.05374169424676,2722200
2020-07-27,20.546016693115234,20.73218265015087,20.43600828948749,20.73218265015087,1422700
2020-07-28,20.876039505004883,21.002970917752737,20.436009101059874,20.444471410445797,1802500
2020-07-29,20.952198028564453,20.99450796016727,20.740645142509507,20.952198028564453,1764500
2020-07-30,20.90099334716797,20.909528043749546,20.551078926457905,20.764441457516575,1880900
2020-07-31,20.86685562133789,20.969268721878553,20.516941210141344,20.858320924988355,2575700
2020-08-03,20.46573257446289,20.815646977835907,20.28650883861045,20.790044517186615,2249500
2020-08-04,20.610820770263672,20.781511451173586,20.363321073553973,20.363321073553973,3290600
2020-08-05,20.7900447845459,21.44720011894936,20.465732837651537,20.994872611508562,3774900
2020-08-06,20.77297592163086,20.84125186569249,20.405992111864503,20.644958729993665,2846400
2020-08-07,21.12289047241211,21.404528946931194,20.636424164408865,20.636424164408865,3434000
2020-08-10,21.174095153808594,21.285044571205695,20.935130183095037,21.191164545381497,2771900
2020-08-11,20.730304718017578,21.293581681171247,20.627889984795566,21.293581681171247,2918400
2020-08-12,21.12289047241211,21.148494562032727,20.755906660317898,20.892458549307335,2890300
2020-08-13,20.781509399414062,21.08021724760148,20.67909467541413,20.960733131630423,2311100
2020-08-14,20.58521270751953,20.772971103180286,20.534004540481256,20.764436408673905,1504100
2020-08-17,20.44866371154785,20.73030380859633,20.44013064299507,20.59375029434848,1886800
2020-08-18,20.124351501464844,20.49986996782861,20.004869019005493,20.44012872659893,2159900
2020-08-19,20.004867553710938,20.15848880723596,19.91952223199408,20.15848880723596,1960100
2020-08-20,19.60374641418457,19.953660792886723,19.53547047755553,19.86831709297048,3243300
2020-08-21,19.39038848876953,19.69763109008457,19.279440675976385,19.69763109008457,2795100
2020-08-24,19.65495491027832,19.6720226738458,19.194091109594478,19.407453618542164,3208400
2020-08-25,19.407453536987305,19.663489523344655,19.339177599524028,19.663489523344655,2197000
2020-08-26,18.938058853149414,19.296507973102074,18.852713514526982,19.279438579812197,2776800
2020-08-27,18.929523468017578,19.134351296565445,18.733230335804237,19.02340349987043,3324600
2020-08-28,19.074607849121094,19.10874500269337,18.65641754394386,18.98926252345036,2719900
2020-08-31,18.912450790405273,19.13434797308039,18.775898928424677,18.989261416247682,3110200
2020-09-01,18.255298614501953,18.818575596448227,18.187022666018375,18.818575596448227,3275200
2020-09-02,19.00633430480957,19.100212709811593,18.246762601408758,18.26383199425527,4552200
2020-09-03,19.13435173034668,19.51840493497232,18.912454504099298,19.16848888863178,3209300
2020-09-04,19.014867782592773,19.43305811356962,18.903918364027955,19.16848742488539,2861300
2020-09-08,18.75029945373535,19.057542032642317,18.588145095158453,19.040472638741488,3052000
2020-09-09,18.869783401489258,19.14288718996444,18.76736866689757,18.88685116739872,2647400
2020-09-10,18.67348861694336,18.86978338912994,18.656420851045077,18.767368654605335,2584700
2020-09-11,18.810043334960938,18.88685235595459,18.579611388498723,18.699093896518942,2269100
2020-09-14,19.10021209716797,19.253833372205346,18.90391896920992,18.92952305765843,3856400
2020-09-15,18.869783401489258,19.305043174806702,18.775903363765792,19.14288718996444,3245200
2020-09-16,18.99779510498047,19.21969227590396,18.86124325023163,18.878312639031865,4725900
2020-09-17,19.13435173034668,19.151421123402688,18.767367918777047,18.92952389715531,2979100
2020-09-18,18.75882911682129,19.330640636439576,18.699087882026724,19.049002223960514,5579600
2020-09-21,18.94659423828125,19.06607673999828,18.323574383176883,18.622282265296455,3942800
2020-09-22,18.84417724609375,19.074609152805962,18.682021279019214,18.972194429436044,2580300
2020-09-23,18.443056106567383,19.219695522058647,18.425986714884175,19.108746103944586,3731500
2020-09-24,18.47719383239746,18.613745714424155,18.169952911750812,18.43452197969918,2134500
2020-09-25,18.8953857421875,18.94659392306599,18.32357407832683,18.357712865579153,2787700
2020-09-28,18.647884368896484,19.01486815972097,18.639349672850933,18.929522827092303,3639900
2020-09-29,18.741762161254883,18.88684873366504,18.44305594849289,18.750296857023336,2867600
2020-09-30,18.775897979736328,19.023399234462307,18.74175920205281,18.88684575155474,3854500
2020-10-01,18.775897979736328,18.852708601697735,18.468655491890704,18.80150206299897,6901400
2020-10-02,18.8953857421875,19.04900702916902,18.49426475893451,18.596679492864514,4624900
2020-10-05,18.767370223999023,18.98926747750235,18.647887713584584,18.920991524718797,4582500
2020-10-06,19.125816345214844,19.45866135868874,18.733230086022747,18.810040724182393,2544900
2020-10-07,18.818571090698242,19.219693616346717,18.758829853557394,19.142882989215163,4345500
2020-10-08,19.08314323425293,19.19409102215653,18.83564194364425,18.903917881083412,4468200
2020-10-09,19.194091796875,19.287971825078095,18.96365988828203,19.125815856680063,2800300
2020-10-12,19.697628021240234,19.765903963358888,19.151420484291013,19.194092337680097,3341400
2020-10-13,19.72323226928711,19.74030003408449,19.415989713357945,19.501335048652365,3345700
2020-10-14,19.88538932800293,19.910993420431588,19.654959007453407,19.7403027265614,3167500
2020-10-15,19.962196350097656,20.064611073375236,19.57814480041704,19.723231375494642,2257900
2020-10-16,20.05607795715332,20.21823393685376,19.834180729096648,19.94513015703845,2100200
2020-10-19,20.030471801757812,20.35478372771467,19.936593404519154,20.329179640562252,2896900
2020-10-20,20.141422271728516,20.21823290937647,19.80004256430807,20.13288757556465,2354800
2020-10-21,20.124351501464844,20.30357685298061,19.91098899545787,20.03900617349671,2310700
2020-10-22,20.516939163208008,20.58521509936566,19.996334132614223,20.132886004929524,3059900
2020-10-23,20.74736976623535,20.79857794005266,20.48280071281959,20.65349136989045,2483700
2020-10-26,20.696170806884766,20.73030960194397,20.440136355250118,20.5937560495345,2611700
2020-10-27,20.704700469970703,20.926597700404916,20.602285737529165,20.704700469970703,3312400
2020-10-28,19.78297233581543,20.73883547619131,19.731765788823417,20.44012926221558,4575900
2020-10-29,19.77435874938965,20.00689734378049,19.360957898945234,19.671009358133023,3324200
2020-10-30,19.78297233581543,19.91216154458773,19.50737175682471,19.72268491449984,3603900
2020-11-02,20.196372985839844,20.325560539998,19.765746710173396,19.998283650574532,3082900
2020-11-03,20.69590187072754,20.893989586933085,20.360012218564798,20.489201430855353,2863700
2020-11-04,20.368629455566406,20.97150710414599,20.291116568100193,20.627006294690272,4166500
2020-11-05,20.368629455566406,20.859543314379483,20.360016729991333,20.532267956073913,3431500
2020-11-06,19.998289108276367,20.540879283610494,19.97245257601905,20.342791536994245,3809400
2020-11-09,20.764801025390625,21.52270260204939,20.747575578880223,20.87676314229025,4572600
2020-11-10,21.591604232788086,21.634667852030667,20.764802455839845,20.87676458045234,4389600
2020-11-11,21.221263885498047,21.712177612695616,21.126527214990322,21.677728362340712,3018000
2020-11-12,20.558101654052734,21.109302829098308,20.403075912893897,21.109302829098308,2842600
2020-11-13,21.074853897094727,21.10069207059731,20.575327375009362,20.66145297730875,2518000
2020-11-16,21.204038619995117,21.462413729327526,21.031787451967592,21.462413729327526,3528000
2020-11-17,21.316001892089844,21.574377015516433,20.962888456809313,20.997337706668674,3132400
2020-11-18,20.6356143951416,21.634669062236433,20.60977786485991,21.56576891030326,2450000
2020-11-19,20.3255615234375,20.60977481342048,20.20498504337484,20.54948739474363,1795500
2020-11-20,20.583938598632812,20.670064194652355,20.239437857263763,20.299725281664706,2645100
2020-11-23,20.937049865722656,21.074850147802813,20.558099911356692,20.60116188349089,3207400
2020-11-24,21.479637145996094,21.78107584022,20.96288533342778,21.117911041469146,3415100
2020-11-25,21.4451904296875,21.514090575250556,21.152364400367244,21.488254047357565,2049100
2020-11-27,21.109298706054688,21.34183727237378,20.971498439208283,21.333224550357286,880100
2020-11-30,20.842315673828125,21.10069082273717,20.695902651390565,20.98011597227417,3601200
2020-12-01,21.092077255249023,21.26432844277262,20.919827710434497,20.954276962313774,2108500
2020-12-02,21.204038619995117,21.272938758664353,20.937049145281563,21.023174729295327,1954100
2020-12-03,20.98011589050293,21.367678612355952,20.95427771862908,21.12652891236984,2566200
2020-12-04,20.670063018798828,21.074851161541726,20.644224848650083,20.99733829380451,2529700
2020-12-07,20.601163864135742,20.721738711870998,20.463363568807136,20.58393841654239,3224200
2020-12-08,19.989669799804688,20.58393448664511,19.972445998208812,20.48058510623473,4285100
2020-12-09,19.981060028076172,20.20498424785692,19.87770899819292,20.032734721663353,3286700
2020-12-10,19.4384708404541,19.972448173083805,19.343732529170858,19.920771834542602,4347200
2020-12-11,19.714069366455078,19.748520255247342,19.37818141427447,19.37818141427447,3952500
2020-12-14,19.507369995117188,20.144696687153605,19.507369995117188,19.9207708262691,2694800
2020-12-15,19.981060028076172,20.02412199894734,19.42985727321364,19.602108442116098,2032900
2020-12-16,19.636558532714844,20.21359783777254,19.610722006167265,20.07579755382225,1719000
2020-12-17,19.645174026489258,19.903550827368363,19.645174026489258,19.72268690248207,1731600
2020-12-18,19.29205894470215,19.7485234385247,19.205933351547642,19.645172398197477,4378800
2020-12-21,18.542768478393555,19.19732063065722,18.448030169746115,19.025069459063495,4110800
2020-12-22,18.69779396057129,18.72363213105627,18.241331114299918,18.55138258928352,2859300
2020-12-23,18.870044708251953,19.08535786251563,18.715018974348663,18.7580825908268,3564200
2020-12-24,19.025070190429688,19.05951944044739,18.628893137617762,18.861431735395914,1097800
2020-12-28,19.205930709838867,19.360956427651924,19.03368118993123,19.102581326436052,2392400
2020-12-29,19.240381240844727,19.43846892426554,19.180093827865246,19.22315579636236,2639200
2020-12-30,19.421245574951172,19.472921913973124,19.085357584853366,19.214545146990293,2217400
2020-12-31,19.757137298583984,19.77436110403839,19.360960204367917,19.455698526558333,1812600
2021-01-04,19.447084426879883,19.765748624528264,19.352346111390816,19.748523177583156,3363300
2021-01-05,19.395410537719727,19.541823557441848,19.22315934650225,19.447085238001325,2731200
2021-01-06,19.826040267944336,19.94661513681761,19.46431401861513,19.50737600243862,2350500
2021-01-07,19.05951690673828,19.929382119942204,19.007842217226703,19.86048198635718,3047900
2021-01-08,18.783918380737305,19.05951894454407,18.6547308217915,18.99061880359238,3282000
2021-01-11,18.844209671020508,18.92172255085787,18.646121930418044,18.697796636073193,3242000
2021-01-12,18.835594177246094,18.99923098061121,18.4910918396779,18.80114328640572,3365200
2021-01-13,18.95616912841797,19.1111948527522,18.63750495698551,18.826981572375743,2756100
2021-01-14,18.826982498168945,18.956170060563803,18.61166934660785,18.956170060563803,2586200
2021-01-15,19.748525619506836,19.85187502853867,18.715021672933037,18.818372724674113,6053200
2021-01-19,19.34372901916504,19.826031568446556,19.205928760144225,19.826031568446556,3899800
2021-01-20,19.27483367919922,19.438472143464207,19.16287155693943,19.197322451609562,3170400
2021-01-21,18.878660202026367,19.248999144541266,18.74085989449188,19.12842264341666,2791900
2021-01-22,18.887271881103516,18.94755930697406,18.62889508674656,18.783920834818904,2175800
2021-01-25,19.04229736328125,19.162872213338705,18.66334572247465,18.88727161737359,3189200
2021-01-26,18.69779396057129,19.059520133815813,18.654731985805363,19.025070882544878,2439100
2021-01-27,18.310232162475586,18.775307755176026,18.163819141258774,18.5944454809895,3933900
2021-01-28,19.09397315979004,19.50737407745499,18.31884602849095,18.43080816100925,4151100
2021-01-29,19.076745986938477,19.188709752047995,18.49970664216141,18.68918327766703,5158900
2021-02-01,19.13702964782715,19.214542502984994,18.956167414264684,19.093967680610014,2693600
2021-02-02,19.35234832763672,19.576274235440202,19.016460287286105,19.18009876658658,3318800
2021-02-03,19.17148208618164,19.36956977973398,19.04229453137398,19.317895086352692,2117200
2021-02-04,19.60210609436035,19.610718816044812,18.956166752404002,19.111192457306917,3188100
2021-02-05,19.636558532714844,19.76574773628858,19.498758248764553,19.67962214814241,2870800
2021-02-08,19.41044807434082,19.723520352544316,19.30609175408219,19.66264555594115,2065100
2021-02-09,19.44523811340332,19.514809558978243,19.166952331103627,19.480023006833733,1884200
2021-02-10,19.540897369384766,19.653952002565838,19.38436286444139,19.59307719641329,2112800
2021-02-11,19.784400939941406,19.80179421798004,19.480025209122527,19.480025209122527,2797600
2021-02-12,19.593076705932617,19.906147366696224,19.488718713202065,19.758307844577793,1977500
2021-02-16,19.462631225585938,19.723525410565415,19.419149690779804,19.51481105781037,3022400
2021-02-17,19.714826583862305,19.81918457801504,19.19303993052672,19.671345053881858,1996200
2021-02-18,19.862668991088867,20.036598453684842,19.584383177906737,19.73222272349903,2582000
2021-02-19,19.862668991088867,20.201829618565306,19.714829445496576,19.89745388837949,3396900
2021-02-22,19.462631225585938,19.914846485912317,19.158257164514556,19.827881757585825,2662700
2021-02-23,19.66265296936035,19.836580788272087,19.358277212871773,19.619169770596596,2359900
2021-02-24,19.288700103759766,19.688735462926402,19.280003466554323,19.65395057281858,3223200
2021-02-25,19.227828979492188,19.50611478843464,19.158257527256577,19.2974004317278,3503000
2021-02-26,18.78430938720703,19.358274253426856,18.73213121538182,19.358274253426856,5016300
2021-03-01,19.132164001464844,19.340878318798786,18.9234496841309,18.9234496841309,4104600
2021-03-02,18.932147979736328,19.158255591332672,18.82778998257106,19.149558953342723,3950200
2021-03-03,18.758222579956055,18.88866886048959,18.35818709849128,18.84518731988323,5395800
2021-03-04,18.697343826293945,19.088684244283414,18.566897573202155,18.819093441351068,5467100
2021-03-05,19.010414123535156,19.114770451340153,18.706038459795057,18.784306535005765,4956800
2021-03-08,19.166954040527344,19.271310388839805,18.94954304637643,19.114774207656865,6788200
2021-03-09,19.158254623413086,19.227826065103656,19.010415102481367,19.175646239800223,5633300
2021-03-10,19.245214462280273,19.39305395848239,19.079983352600173,19.158251418749163,5152800
2021-03-11,19.30609703063965,19.549596283603204,19.140864209904194,19.17564910659288,3592000
2021-03-12,19.61046600341797,19.775698781237516,19.375663450290414,19.419144974536376,3924200
2021-03-15,20.027896881103516,20.254004463294265,19.636556516020704,19.706127952178328,4056700
2021-03-16,20.393150329589844,20.427935223418594,19.95832837508869,19.98441663078172,5562300
2021-03-17,20.393150329589844,20.714917647040792,20.254007436846603,20.393150329589844,8248600
2021-03-18,20.497507095336914,20.706221438784873,20.236614580705506,20.375757476337476,6476500
2021-03-19,20.601863861083984,20.87145299786649,20.384452892356208,20.514899141850066,10311000
2021-03-22,20.367061614990234,20.90624160016855,20.12356070898806,20.90624160016855,4649800
2021-03-23,20.45402717590332,20.619258340803537,20.158348084683386,20.349669166590402,5810500
2021-03-24,20.767093658447266,20.941023085653793,20.323576770627117,20.375754935303497,6746600
2021-03-25,21.184524536132812,21.27148759342001,20.749702614840853,20.871452222014124,3944900
2021-03-26,20.697525024414062,21.193223461519803,20.48011404029747,21.193223461519803,4625500
2021-03-29,21.001901626586914,21.114956272012765,20.627954452617818,20.732312459263664,3437800
2021-03-30,20.86275291442871,20.949717619299747,20.63664534524953,20.949717619299747,2282600
2021-03-31,20.967113494873047,21.027988298225633,20.7323092601868,20.801880700977467,2941500
2021-04-01,20.932329177856445,20.96711573131926,20.714918194856335,20.92363253949074,2022100
2021-04-05,21.245405197143555,21.323673297251986,20.96711935618667,20.96711935618667,2421900
2021-04-06,21.32366943359375,21.341062710180662,21.062775260932522,21.123651728986715,2043000
2021-04-07,21.419326782226562,21.462809968912637,21.28888053959627,21.34106036361956,2015800
2021-04-08,21.436721801757812,21.549776437629802,21.314972186554844,21.480204991983236,3381300
2021-04-09,21.4888973236084,21.6889166565722,21.358451086432982,21.49759396058195,2135200
2021-04-12,21.52368927001953,21.628047281163017,21.428027898030866,21.54977918748398,1922600
2021-04-13,21.314973831176758,21.59325963523503,20.419239947989247,20.61925766231685,16849900
2021-04-14,21.967201232910156,22.08895082661663,21.349753310440583,21.39323649298847,14761200
2021-04-15,22.24549102783203,22.358544005669575,21.828062351443094,22.010686775345462,4182000
2021-04-16,22.2802791595459,22.532475047389845,22.262885882118255,22.30636741697314,3938000
2021-04-19,22.384634017944336,22.480295378719994,22.184616316971713,22.34984912411672,3587400
2021-04-20,22.767276763916016,22.85424148258977,22.384632996979917,22.462901077914893,4203800
2021-04-21,22.6368350982666,22.87163772989511,22.375940889425262,22.810762912113113,5606700
2021-04-22,22.523775100708008,22.81945413869599,22.515078463271422,22.68900789457517,3253300
2021-04-23,22.367237091064453,22.697702651418414,22.262880767899723,22.306362292766053,3216800
2021-04-26,22.323759078979492,22.471598608987865,22.245490994933053,22.471598608987865,2779100
2021-04-27,22.22810173034668,22.33245974748049,22.08895881331121,22.28028156827079,3974300
2021-04-28,22.271581649780273,22.419421184704735,22.08895556136104,22.28027828815397,4469700
2021-04-29,22.596134185791016,22.74525470214978,22.341751439555203,22.341751439555203,6294600
2021-04-30,22.82420539855957,22.82420539855957,22.552278615571428,22.710171154574425,5760000
2021-05-03,22.71894073486328,22.97332350358765,22.613680168767118,22.789115003289567,3916800
2021-05-04,22.754032135009766,22.90315268702625,22.490877333934733,22.81543442000124,5108700
2021-05-05,22.613677978515625,23.017179564613922,22.411925512380105,23.017179564613922,4453900
2021-05-06,22.596134185791016,22.806656972458732,22.55227422622292,22.74525470214978,3907200
2021-05-07,22.78911590576172,22.929464448172233,22.473332521881357,22.51719081397717,3537300
2021-05-10,23.218935012817383,23.332969256507056,22.806661352223028,22.876835627921785,4859200
2021-05-11,22.639995574951172,23.218933735899057,22.482103045040546,23.166303450291053,4929400
2021-05-12,22.280349731445312,22.710167307539926,22.245263435991887,22.701395315404966,2221700
2021-05-13,22.596134185791016,22.718938726408922,22.13122865288749,22.262805185419012,2647000
2021-05-14,22.587364196777344,22.797887002112844,22.57859220408588,22.61368017485173,2205300
2021-05-17,22.32421112060547,22.64876648493466,22.306667135212937,22.552276238362264,3678700
2021-05-18,22.148778915405273,22.315443462837,22.096148622090414,22.280355485235855,2527700
2021-05-19,22.087371826171875,22.20140438241263,21.78913077374344,22.20140438241263,3579700
2021-05-20,22.210174560546875,22.31543678878184,22.061054046514382,22.078598030067933,3108400
2021-05-21,22.297897338867188,22.33298364002173,22.06105853199889,22.24526705059202,2522500
2021-05-24,22.420703887939453,22.525966146897684,22.297899313393888,22.35052960632958,3622700
2021-05-25,22.218952178955078,22.41193102765423,22.11368992406395,22.385616718746537,3121200
2021-05-26,22.33298110961914,22.39438505758404,22.210176559862358,22.254036522694427,3109000
2021-05-27,22.376842498779297,22.596137307658253,22.306668226861493,22.473332750073755,4494600
2021-05-28,22.368070602416992,22.57859341908111,22.324212309686118,22.517191140023236,3960200
2021-06-01,22.306669235229492,22.490876079933273,22.22772296661739,22.41192981132117,2582200
2021-06-02,22.41192626953125,22.525960494210707,22.236491446073785,22.385611966210167,4964400
2021-06-03,22.350526809692383,22.438245069000576,22.210178264033924,22.306668516581603,4438200
2021-06-04,22.359296798706055,22.482101346877684,22.280350539713865,22.359296798706055,2944000
2021-06-07,22.376842498779297,22.420700791320442,22.29789623373594,22.38561449190485,2379100
2021-06-08,22.297897338867188,22.48210418437362,22.104918499800444,22.429473896098454,2929200
2021-06-09,22.47333335876465,22.543507632583122,22.289124844311992,22.38561509821989,2430400
2021-06-10,22.587364196777344,22.692626435988362,22.42069968181262,22.482101957566325,2961300
2021-06-11,22.815431594848633,22.832975580698584,22.543506506520707,22.596136790983984,7275200
2021-06-14,22.83298110961914,22.94701369908323,22.657544554811487,22.8066651244719,3274900
2021-06-15,22.94700813293457,23.13998695794343,22.868061869729452,22.89437784849335,6423200
2021-06-16,22.639995574951172,23.09612917845151,22.613681268690478,23.017182913496196,2485500
2021-06-17,22.701398849487305,22.80666109840733,22.543507985737303,22.639996568070078,2640400
2021-06-18,21.947023391723633,22.561047811258142,21.89439143652537,22.473331232100715,5017300
2021-06-21,22.271581649780273,22.315441618156072,21.85053599189294,21.982112550846892,4548000
2021-06-22,22.06105613708496,22.350525200804118,22.03474183234737,22.2715789404183,2903200
2021-06-23,21.806673049926758,22.10491407898458,21.79790105812078,22.069826111760666,2848100
2021-06-24,21.789133071899414,21.88562332641701,21.6312405365385,21.806677058736554,2687600
2021-06-25,22.017202377319336,22.034746366145203,21.754047564191897,21.7803635474307,4057500
2021-06-28,22.0698299407959,22.183864180971785,21.97333968727579,22.087373927451676,1890500
2021-06-29,21.613697052001953,22.131232964118368,21.51720846832864,22.078602675470496,2556800
2021-06-30,21.490888595581055,21.683867401067,21.350540069211927,21.631237121950182,3683400
2021-07-01,21.754043579101562,21.91193610343656,21.43826020351812,21.525978458491625,3129900
2021-07-02,21.78036117553711,21.806677155910087,21.56106635835567,21.78913316899477,2097100
2021-07-06,21.815446853637695,21.85930514322392,21.4119435624811,21.736500593913284,2583000
2021-07-07,21.95579719543457,21.99965548863124,21.63124013728461,21.736502383277923,2359100
2021-07-08,21.885622024536133,21.99088259312413,21.78035978286156,21.859306045845845,3150200
2021-07-09,22.052288055419922,22.078604037911138,21.780362928691293,22.02597374601552,2711600
2021-07-12,22.140005111694336,22.183865080111474,21.859308006171542,21.911938295185386,1945600
2021-07-13,21.903165817260742,22.148776615706517,21.88562350336844,22.09614632785624,2391400
2021-07-14,22.087371826171875,22.1575460930323,21.701412521896284,21.89439133749083,1979100
2021-07-15,22.420703887939453,22.45579186528781,21.955799899681622,22.008430192617315,3191500
2021-07-16,22.587364196777344,22.7452567190506,22.394385376824765,22.49087395025779,3135600
2021-07-19,21.894392013549805,22.604908369673375,21.596152624998776,22.43824385332613,3461700
2021-07-20,22.07859992980957,22.32421070143371,21.92070741041452,21.938251395477636,4098900
2021-07-21,21.745275497436523,22.18386514435776,21.73650350372769,22.096146880356166,2303300
2021-07-22,21.824216842651367,21.903163101180475,21.701412295200083,21.701412295200083,2649600
2021-07-23,22.11368751525879,22.175091466557276,21.84176242328331,21.894392708452557,2402600
2021-07-26,22.140005111694336,22.201407394391605,21.999656558932937,22.06105884163021,2560700
2021-07-27,22.455785751342773,22.525960013846586,22.017196192422354,22.1136847576861,2528600
2021-07-28,22.368070602416992,22.508419146859737,22.15754778575287,22.464560854128862,2098200
2021-07-29,22.29728889465332,22.518492150800093,22.24419889807232,22.465402154219092,2123700
2021-07-30,21.91681480407715,22.44770285413877,21.78409321347339,22.29728460141542,10273800
2021-08-02,22.235347747802734,22.350374371505964,21.93451291019795,21.961056217478156,3218200
2021-08-03,22.39461326599121,22.545031521389234,22.155715073715097,22.350373297552164,2861300
2021-08-04,22.34152603149414,22.394614333681368,21.97875287252914,22.30613270493819,2709100
2021-08-05,22.5096378326416,22.545029466637924,22.235344652849385,22.261889644081478,1979800
2021-08-06,22.474246978759766,22.74853850102381,22.465398647377487,22.562728604935902,1570000
2021-08-09,22.332679748535156,22.580427994213807,22.191109804617884,22.51849135470586,1870500
2021-08-10,22.182260513305664,22.332678783171563,22.138020540611425,22.306133786966953,2406800
2021-08-11,22.43885612487793,22.491944427379828,22.173411237075026,22.18225956876646,2277900
2021-08-12,22.37691879272461,22.536183695262658,22.306132141401047,22.474247063001197,1719600
2021-08-13,22.53618812561035,22.606973103202748,22.35037819229793,22.385769837270637,1301200
2021-08-16,22.686601638793945,22.79277992665725,22.456550088128978,22.571576707284777,2320000
2021-08-17,22.73084259033203,22.801627550830187,22.571576007299534,22.59812100035381,3190200
2021-08-18,22.53618812561035,22.783936391007227,22.4830998143278,22.783936391007227,2999400
2021-08-19,22.562728881835938,22.872413733429685,22.491943917555652,22.527335555872458,4638300
2021-08-20,22.7485408782959,22.792782539830643,22.412312688865978,22.545034298176557,2212900
2021-08-23,22.421159744262695,22.775084578150096,22.421159744262695,22.748539582741017,2526600
2021-08-24,22.279590606689453,22.376920572353317,22.03184237029362,22.368072240234167,3778800
2021-08-25,22.146867752075195,22.253044356227672,22.014144465414557,22.208804385771924,2960200
2021-08-26,21.91681480407715,22.208802978464053,21.82833318112578,22.102624693393093,4043400
2021-08-27,21.961055755615234,22.058385713986915,21.899119123068406,21.961055755615234,2510500
2021-08-30,21.90796661376953,22.0229915429927,21.810636659133053,21.95220658170615,2734200
2021-08-31,21.810638427734375,22.01414499697951,21.713310152852248,21.86372673109251,4701200
2021-09-01,22.306135177612305,22.306135177612305,21.8283370296691,21.916818668220625,3221300
2021-09-02,22.4565486907959,22.48309368302165,22.332675435702107,22.350372097185943,2320400
2021-09-03,22.173410415649414,22.4034619681642,22.173410415649414,22.394613636800557,2177700
2021-09-07,21.87257194519043,22.138016799437832,21.819483649399547,22.084926816000454,3552300
2021-09-08,22.208805084228516,22.323830023618964,21.766398615170765,21.784095278968294,2686700
2021-09-09,22.155715942382812,22.270740877422128,22.138019279254706,22.22650090724855,3525200
2021-09-10,21.775245666503906,22.22650044092289,21.757549003747087,22.155715477542262,3289100
2021-09-13,21.863725662231445,22.191107173503042,21.766397392107447,21.890270656436165,3986100
2021-09-14,21.509801864624023,22.014144964908407,21.41247358988369,21.934513353810583,3594000
2021-09-15,21.403623580932617,21.69561175756769,21.38592691867677,21.509800179174498,4415000
2021-09-16,21.279748916625977,21.65137039072259,21.25320561053476,21.49210549123543,3151600
2021-09-17,21.262052536010742,21.40362245129254,21.208962552045183,21.332837493651642,6367500
2021-09-20,21.173574447631836,21.43016932899852,20.943522875027377,21.164726115495498,3180600
2021-09-21,21.235511779785156,21.430170030213652,21.155878475599213,21.24436011221102,3588600
2021-09-22,21.350536346435547,21.500954619707272,21.18242309627354,21.32399303727671,3760300
2021-09-23,21.15587615966797,21.492106004456428,21.12933116529625,21.385927714616212,3088100
2021-09-24,21.24435806274414,21.350534666317856,21.076243138164624,21.182421429385027,3415800
2021-09-27,21.129331588745117,21.60713137113158,21.076243286584408,21.34168817268134,4850900
2021-09-28,21.09393882751465,21.270902075496974,20.9258239106961,21.138178795686926,4064500
2021-09-29,21.439016342163086,21.527497970436123,21.03200321481248,21.1293314870308,3378300
2021-09-30,21.439016342163086,21.571737940749294,21.2974464119849,21.509801307252175,4207300
2021-10-01,21.50095558166504,21.66022219433094,21.3947789649857,21.60713388599127,4756900
2021-10-04,21.757551193237305,21.881424469707262,21.474411311222074,21.536347949457053,5050700
2021-10-05,21.58058738708496,21.792942293321413,21.46556244574109,21.739853988673996,4760400
2021-10-06,21.810638427734375,21.8548800869051,21.253207023357106,21.465561924436386,3325000
2021-10-07,21.731002807617188,21.96990267868016,21.677914509929824,21.828332759749486,3426600
2021-10-08,21.615982055664062,21.792943644677575,21.598285390468646,21.686767028798844,2681700
2021-10-11,21.536344528198242,21.704459439305644,21.4744078998025,21.615977818320353,2184000
2021-10-12,21.554044723510742,21.686766332923888,21.447866423392128,21.50095472962802,3914800
2021-10-13,21.84603500366211,21.952211626167262,21.677920049107467,21.766401692959754,4792100
2021-10-14,22.03183937072754,22.173409290066058,21.872572789560063,21.907966113217974,4533300
2021-10-15,22.014144897460938,22.129171523138094,21.89911995943051,22.031841561049227,2991600
2021-10-18,21.68675994873047,21.934508117643393,21.624823328413818,21.9079631285164,3059500
2021-10-19,21.801790237426758,21.819486901209928,21.651371970563318,21.77524692939875,2061200
2021-10-20,22.040695190429688,22.155721843754048,21.846036907111635,21.881428555148037,2976000
2021-10-21,22.03183937072754,22.129169323140232,21.961054411058278,22.03183937072754,3952700
2021-10-22,22.164562225341797,22.24419552047473,22.00529732272259,22.04068896075575,3149900
2021-10-25,22.093778610229492,22.19995690610339,21.969905338082242,22.120323606109658,2233600
2021-10-26,22.084930419921875,22.24419702093088,22.031842115467796,22.120323747989108,3200300
2021-10-27,21.97875213623047,22.15571538778847,21.91681550447916,22.120322062418214,2931000
2021-10-28,22.032318115234375,22.050172914361227,21.916263623637207,22.02339071567095,3112300
2021-10-29,22.023391723632812,22.1394445178141,21.90733892945153,21.951974226584152,3494400
2021-11-01,22.166221618652344,22.228711701353884,21.96089657471098,22.00553186157578,3017500
2021-11-02,22.085878372192383,22.264422938299578,21.978752994709804,22.2554955397215,4268600
2021-11-03,22.576873779296875,22.86254370645865,22.166221981956514,22.23763946374696,6673200
2021-11-04,22.380477905273438,22.648294780651884,22.112662732622336,22.639367381199868,5797300
2021-11-05,22.594730377197266,22.728637963482857,22.425114895841606,22.523312884329794,4811800
2021-11-08,22.380477905273438,22.65722047737656,22.193007624963133,22.639367381199868,3434500
2021-11-09,22.344764709472656,22.505452753307814,22.300127722801555,22.425109582753702,6084500
2021-11-10,22.594730377197266,22.666147870064737,22.407260096942903,22.442967992012967,3497600
2021-11-11,22.398330688476562,22.58580095191579,22.264423114201804,22.58580095191579,2749000
2021-11-12,22.389404296875,22.50545707907245,22.300132009100743,22.362622099724543,4483700
2021-11-15,22.800052642822266,22.826833133138276,22.47867313721412,22.559018013616157,3636000
2021-11-16,22.567947387695312,22.925034812572562,22.550092590769662,22.898252617184088,2327300
2021-11-17,22.576873779296875,22.612581668828557,22.416184019586606,22.45189190911829,4132700
2021-11-18,22.425111770629883,22.683999507672564,22.36261998319341,22.594727228347566,2404000
2021-11-19,22.51438331604004,22.532238113218767,22.273350365035935,22.389403141243303,10134400
2021-11-22,22.737567901611328,22.844695004237085,22.3983351982969,22.541170199979554,5689700
2021-11-23,22.800052642822266,23.085722557706394,22.683998175696214,22.826833133138276,2697200
2021-11-24,22.737567901611328,22.87147720557541,22.684005201662213,22.835767603790977,2289100
2021-11-26,22.309057235717773,22.621509361137775,22.264421947540818,22.523309683875947,1713200
2021-11-29,22.541162490844727,22.612579967261095,22.148365519191213,22.434035424856695,4959500
2021-11-30,21.880552291870117,22.416184262465546,21.86269749554728,22.380474669819872,6013800
2021-12-01,21.782358169555664,22.442970477419955,21.764503368679662,22.103737774413574,5812600
2021-12-02,22.15729522705078,22.353694584720685,21.809135206057228,21.86269789327305,5562600
2021-12-03,22.407257080078125,22.46081976683533,22.121587147070223,22.29120260558922,4730000
2021-12-06,22.925033569335938,23.050013735583445,22.54116396988766,22.594726655032726,3604500
2021-12-07,23.058944702148438,23.21070708581865,22.782202132888866,22.88932751975765,4674300
2021-12-08,23.041086196899414,23.21963074992873,23.00537830792978,23.11250367756573,5971800
2021-12-09,23.076799392700195,23.21070697702217,22.933964409059783,23.085726792018637,4060200
2021-12-10,23.14821434020996,23.255339714802044,23.032159864553552,23.201777027506004,3904200
2021-12-13,23.45174217224121,23.549940161474336,23.130362600535904,23.183925294911003,3354800
2021-12-14,23.398174285888672,23.63028153053761,23.335684201315324,23.47851916683358,4438000
2021-12-15,23.746337890625,23.764192688414937,23.37139565067255,23.487448430852655,3728100
2021-12-16,24.023080825805664,24.210552800113657,23.74633826658909,23.76419306466171,5271700
2021-12-17,23.99629783630371,24.156987608196562,23.871317659376917,23.898099855601462,7150000
2021-12-20,24.130210876464844,24.16591877427036,23.674923686034095,23.782049082178112,4300400
2021-12-21,23.94273567199707,24.371240604629932,23.8981003800372,24.281970020710187,3642900
2021-12-22,24.032005310058594,24.085567995052706,23.844533358488615,23.898097746209782,1871400
2021-12-23,23.987375259399414,24.183772949068967,23.960593059692343,24.094500652772833,2113200
2021-12-27,24.165916442871094,24.201626039959006,23.924881770709593,23.978446166341463,3176600
2021-12-28,24.424802780151367,24.424802780151367,24.174840740785182,24.174840740785182,1666600
2021-12-29,24.72833251953125,24.72833251953125,24.362317635758092,24.496225229355783,3222000
2021-12-30,24.59442138671875,24.862238256643444,24.4783686016605,24.80867556374943,2503800
2021-12-31,24.647985458374023,24.77296564105979,24.52300357296097,24.58549536703114,2686700
2022-01-03,24.567636489868164,24.66583445879191,24.28196657531363,24.639053968506797,2972300
2022-01-04,24.656909942626953,24.889015482253587,24.55871026628155,24.621200350236958,3840400
2022-01-05,24.79081916809082,24.969362033810903,24.65691159311896,24.772964370700652,3742700
2022-01-06,24.68369483947754,24.89794732387378,24.647986943441857,24.871166827528864,2562200
2022-01-07,24.880090713500977,24.969361292346534,24.47836629778739,24.683691353495604,3838100
2022-01-10,24.79081916809082,25.01399902728632,24.674764687781927,24.88009145231446,6248700
2022-01-11,24.826528549194336,24.862238146116468,24.424805800184146,24.78189325576897,5969600
2022-01-12,24.951509475708008,25.01399956519019,24.65691212334398,24.72832961171322,4115100
2022-01-13,25.290740966796875,25.388940647350456,24.91579874426984,24.960434033943017,5476400
2022-01-14,25.290740966796875,25.35323105343019,25.112196402649847,25.246105677123694,5641900
2022-01-18,25.138980865478516,25.26396105001762,24.83545610068871,25.183616159177536,4624400
2022-01-19,24.942583084106445,25.219325649872374,24.790820702352104,25.13898075937141,5016100
2022-01-20,24.853307723999023,25.183612941717502,24.80867243600261,24.969360494425953,4786400
2022-01-21,24.576566696166992,25.058634306387063,24.505149209366714,24.987216819586784,5027000
2022-01-24,24.13913345336914,24.576565756130254,23.576719276442617,24.371238999546765,9006700
2022-01-25,24.22840690612793,24.37124189121262,23.88917424223362,24.112354119269366,8125100
2022-01-26,24.398019790649414,24.674762312649662,24.139132064320677,24.237330035059905,5749800
2022-01-27,24.9693603515625,25.112195315606293,24.60334554335939,24.701545219662155,7021200
2022-01-28,26.129898071289062,26.129898071289062,25.2193238458977,25.2193238458977,16433600
2022-01-31,26.0495548248291,26.085262718783625,25.621049881011118,25.90671984355644,13156300
2022-02-01,25.737104415893555,26.20131898797794,25.50499712985136,26.031701797653376,7493800
2022-02-02,26.424495697021484,26.478058386520996,25.790664010823,25.790664010823,8064500
2022-02-03,26.549474716186523,26.951199126740427,26.272732179320016,26.397712350280283,9597300
2022-02-04,26.201313018798828,26.52269082394859,25.853151317689985,26.299510988529054,7231100
2022-02-07,25.90884017944336,26.322804833257056,25.800848430008564,26.052828034376002,5789300
2022-02-08,26.007831573486328,26.32280565971725,25.908840992906256,26.061826591663703,4470700
2022-02-09,26.115821838378906,26.223811868580988,25.863842240456414,26.169816853479947,4381500
2022-02-10,25.647863388061523,26.09782590364155,25.51287497668167,25.854845733275347,4793400
2022-02-11,25.8818416595459,26.034828969063792,25.530871479786867,25.69285652827292,5717900
2022-02-14,25.56686782836914,26.016830305765954,25.287891572994894,25.962835289090112,4439300
2022-02-15,25.4318790435791,25.87284205877833,25.323887295391046,25.33288675077927,4413500
2022-02-16,25.55786895751953,25.7018568162628,25.233897133582513,25.44087946596713,4802300
2022-02-17,25.71085548400879,25.746853305826683,25.27889192101777,25.467875336149856,3773300
2022-02-18,25.60286521911621,25.917837574810896,25.413880089228794,25.58486630837063,5024700
2022-02-22,25.521873474121094,25.75585417940862,25.30589168073354,25.674860792329447,5228200
2022-02-23,25.38688087463379,26.286805784188545,25.107904633283567,25.476873708883375,7648700
2022-02-24,25.494874954223633,25.57586834081977,25.098907477139253,25.233897599113288,9223200
2022-02-25,26.079830169677734,26.160823569671287,25.602870943572363,25.80985331401322,5719900
2022-02-28,26.034826278686523,26.142816299851123,25.791846156360513,25.791846156360513,5890600
2022-03-01,25.782848358154297,26.268808634024634,25.557867130392967,26.088822965227347,6395000
2022-03-02,26.268808364868164,26.331802833360594,25.710854170489956,25.719853625484667,5793600
2022-03-03,26.700775146484375,26.83576355484759,26.32280657318494,26.35880439753286,6779900
2022-03-04,27.429712295532227,27.44771120663707,26.529787337937567,26.61978017699116,4230600
2022-03-07,27.09674072265625,27.48370872477597,26.97974951823974,27.447710902964545,3602300
2022-03-08,26.646778106689453,27.25872734245426,26.592781374260365,27.204730610025173,5677900
2022-03-09,26.68277359008789,27.123736595826674,26.68277359008789,26.970749290450314,4063100
2022-03-10,26.92575454711914,27.024746840795846,26.457793161610063,26.502790438949756,4482700
2022-03-11,26.808765411376953,27.22273006951994,26.79076650020448,26.898756534298023,3941700
2022-03-14,26.646778106689453,27.132736683256997,26.475791886938556,27.078741667298516,3270100
2022-03-15,26.862762451171875,26.95275529733999,26.56578726034663,26.934756384812214,3237200
2022-03-16,27.0787410736084,27.132736088383062,26.646777522469957,26.85375984283164,3921900
2022-03-17,27.123741149902344,27.36672133155597,27.033750015782502,27.060746669430113,3782300
2022-03-18,27.0787410736084,27.267724483555003,26.889755947191222,27.132736088383062,8149400
2022-03-21,27.321720123291016,27.58269744800125,27.07873999180629,27.14173445927185,3384800
2022-03-22,27.19573402404785,27.501708674213706,27.132739546037964,27.45671310891258,4033900
2022-03-23,27.222728729248047,27.37571603374066,26.889755754833338,27.26772428849329,4058900
2022-03-24,27.48370933532715,27.555703264078726,27.141736886404168,27.222730270808523,2892000
2022-03-25,28.023662567138672,28.05966038926732,27.546703439228466,27.582699544886484,3925800
2022-03-28,27.942670822143555,28.122656510398397,27.816681870247603,27.98766810244263,4595400
2022-03-29,28.28464126586914,28.311637915649204,27.798680972180676,27.90667272071276,2836000
2022-03-30,28.446626663208008,28.45562611819236,28.140652059622134,28.320636009897598,2541800
2022-03-31,28.617612838745117,28.788599060545994,28.34763603924532,28.356635494758063,3599800
2022-04-01,28.869598388671875,28.878596129031884,28.29364516679118,28.545623092172534,3716500
2022-04-04,28.545616149902344,28.73460126444822,28.19464600120775,28.698603445879304,4721200
2022-04-05,28.671611785888672,28.97758643106729,28.53662165924399,28.60861730890556,3551600
2022-04-06,29.211565017700195,29.328556230291916,28.734605860663795,28.761602512438238,4529500
2022-04-07,28.89659309387207,29.18456882715554,28.6086173605886,29.18456882715554,4588700
2022-04-08,28.842592239379883,29.103571283208687,28.761598861396497,29.058575724982592,3057200
2022-04-11,28.698604583740234,29.031575836352232,28.61761120521936,28.896589160778156,2962900
2022-04-12,28.89659309387207,29.004583135617988,28.45563003772291,28.617615100341787,4134100
2022-04-13,28.509624481201172,28.896592508640257,28.482626113076098,28.85159694490253,3207000
2022-04-14,28.57261848449707,28.75260416941289,28.45562899083128,28.59061739628279,3756500
2022-04-18,28.563615798950195,28.83359429579778,28.39262958926044,28.65360863123272,4006100
2022-04-19,28.590621948242188,28.806602058174594,28.455633521298946,28.689612545882714,3379500
2022-04-20,28.887590408325195,29.06757609043684,28.707606442684227,28.86059375753792,4920400
2022-04-21,28.248641967773438,29.067573486731998,28.203646409511304,28.842592262480295,7613200
2022-04-22,27.780683517456055,28.257642634786944,27.753685151458413,28.2126470745948,4329500
2022-04-25,27.51970672607422,27.753687434556614,27.0607447651823,27.726689066338004,6174300
2022-04-26,27.177738189697266,27.82568363144452,27.168738732891917,27.39372000361302,4320500
2022-04-27,27.09674072265625,27.420712536605976,26.826762208482425,27.258727487866423,5370100
2022-04-28,27.264537811279297,27.445939290332067,27.028716580499783,27.210118059552553,5422900
2022-04-29,26.411954879760742,27.1284870761115,26.366603645831777,27.083137572155223,6170000
2022-05-02,26.0582218170166,26.575213766895523,25.731701587077243,26.502653523578704,6427300
2022-05-03,26.266830444335938,26.629633365257654,26.130780213976564,26.185201690098342,7759600
2022-05-04,26.910804748535156,27.028714489818192,26.357531837195527,26.55707379471347,6482100
2022-05-05,26.58428382873535,26.92894627957355,26.430093096512508,26.792896040546957,4686100
2022-05-06,26.747543334960938,26.86545480427227,26.27590091766071,26.411952879169565,6726600
2022-05-09,26.702192306518555,27.055923234266675,26.366600139957484,26.61149158069347,6386900
2022-05-10,26.593351364135742,27.14662424040661,26.366600412217842,26.747542080638812,5875600
2022-05-11,26.910804748535156,27.355236434867493,26.602423295982504,26.62963403472747,4772400
2022-05-12,26.85638427734375,26.99243450745741,26.35753112696361,26.97429401544958,4588700
2022-05-13,27.50035858154297,27.50942882834099,26.90173613265505,27.01964761105664,4029300
2022-05-16,27.600128173828125,27.708967669967688,27.491286947715967,27.600128173828125,3198000
2022-05-17,27.890369415283203,27.9447891638963,27.391517971389135,27.72710843947129,5350300
2022-05-18,27.71803855895996,28.144331496979348,27.636408069976362,28.01734977524228,4586700
2022-05-19,27.491287231445312,27.65454820731222,27.22825700474955,27.6091987051148,4617100
2022-05-20,27.464080810546875,27.6726913082723,27.155699322616776,27.572920318067624,5197600
2022-05-23,27.890369415283203,28.026419651802254,27.518497961477234,27.772459671626052,5239600
2022-05-24,28.334800720214844,28.334800720214844,27.727108057493734,27.944788778919904,4684600
2022-05-25,28.516204833984375,28.634114586964525,28.28945384519945,28.34387359811546,2745200
2022-05-26,28.606901168823242,28.779230648173392,28.56154994006861,28.670391159107243,2385600
2022-05-27,28.806442260742188,28.824582752795262,28.507131061756645,28.507131061756645,3507800
2022-05-31,28.525272369384766,28.715742351470197,28.325730411040876,28.54341113198391,3596300
2022-06-01,28.425498962402344,28.615968928219814,28.135258025934327,28.615968928219814,2907200
2022-06-02,28.488988876342773,28.54340861929479,27.89036651395328,28.54340861929479,1840400
2022-06-03,28.49806022644043,28.688530199141493,28.352939752961763,28.407359498023137,2176500
2022-06-06,28.806442260742188,29.096684943673736,28.679462276315757,28.742952268528974,3560200
2022-06-07,28.81551742553711,28.906218171312425,28.47085493758548,28.77923643523785,2633900
2022-06-08,28.144329071044922,28.670391215832094,28.108048087969433,28.670391215832094,4519100
2022-06-09,27.418725967407227,28.225960570203203,27.40965572131148,28.135259839218286,2431500
2022-06-10,27.25546646118164,27.591058664854568,26.99243623017109,27.11034597580217,3257300
2022-06-13,25.885892868041992,26.9924370345279,25.731702131484944,26.928947036529003,7239400
2022-06-14,25.03330421447754,25.98565747400696,24.75213353223105,25.91309724213779,6890200
2022-06-15,25.142148971557617,25.55937168980867,24.85190798319484,25.214709218648313,5268300
2022-06-16,24.643295288085938,24.788415769306162,24.398403827287087,24.72492577501889,4397900
2022-06-17,24.18072509765625,24.851907811090282,23.917694852513804,24.661437812536036,8691900
2022-06-21,24.47096061706543,24.661432303040023,24.180719695554007,24.316769911265943,6848000
2022-06-22,24.842838287353516,24.933539030722827,24.28956703974902,24.28956703974902,3737500
2022-06-23,25.223777770996094,25.260058757090096,24.888187299489733,24.9335368021346,3542900
2022-06-24,25.95844841003418,26.08542838302717,25.26005509862796,25.377964826411112,5318500
2022-06-27,26.44822883605957,26.46636932599536,25.74076529831491,25.867746997893082,5465700
2022-06-28,26.62056541442871,27.00150713026279,26.520794429575858,26.62056541442871,3799000
2022-06-29,26.720333099365234,26.856385063433688,26.584282865269362,26.674983597990806,3362900
2022-06-30,26.747543334960938,27.037784290231063,26.448232133592054,26.538932864607105,3913300
2022-07-01,27.25546646118164,27.318958187261224,26.629635016722418,26.847315744791622,4079200
2022-07-05,25.894956588745117,27.173831748625265,25.64099664378714,27.119412007558893,4769300
2022-07-06,26.366600036621094,26.638702213029916,25.94937912142233,26.021939355803525,3135800
2022-07-07,25.849613189697266,26.584285922275228,25.822402447760012,26.430095177909703,5754800
2022-07-08,25.822399139404297,25.97658986401497,25.67727866094397,25.885890862456684,4666300
2022-07-11,26.1217098236084,26.13985031554875,25.72262938075588,25.72262938075588,2532800
2022-07-12,26.012868881225586,26.38474029540158,25.867748413740923,25.922168156554566,2643700
2022-07-13,25.949378967285156,26.14891917815508,25.63192729501339,25.76797751742345,2505100
2022-07-14,26.04007911682129,26.094500592176228,25.43238821177709,25.523087210756962,4172800
2022-07-15,26.10357093811035,26.27590042081057,25.767978758692127,26.230550921146833,3497500
2022-07-18,25.749835968017578,26.16705859356094,25.722626962637435,26.049147137005754,6041000
2022-07-19,25.849613189697266,26.058223687964514,25.822402447760012,25.904032943598985,4079200
2022-07-20,25.659135818481445,26.031007201650255,25.41424440128083,25.840535522725677,5086000
2022-07-21,25.477739334106445,25.622859817684905,25.27819910167922,25.57751031530637,4391000
2022-07-22,25.795188903808594,25.894958146771042,25.568437950754653,25.604717203657593,3959400
2022-07-25,26.330324172973633,26.330324172973633,25.686350496239022,25.795191726804266,4331500
2022-07-26,26.484514236450195,26.62056447373201,26.33032350620477,26.40288374808658,3752200
2022-07-27,26.58428382873535,26.693125057940218,26.36660310029827,26.529864079119246,3618100
2022-07-28,27.366039276123047,27.40261175917228,26.71686069843664,26.881441232046015,2637600
2022-07-29,27.795774459838867,27.850634053390593,27.31117818621437,27.31117818621437,8404500
2022-08-01,27.74091339111328,27.9512099418412,27.457470138221094,27.768344058407987,3536000
2022-08-02,27.521474838256836,27.951211519736972,27.49404416941362,27.914639038567724,5415000
2022-08-03,27.676912307739258,27.759202571802316,26.49741968547217,27.24717387453106,4397900
2022-08-04,27.292892456054688,27.76834694146412,27.238032859724406,27.76834694146412,4727100
2022-08-05,26.945444107055664,27.256318057561522,26.65285726986312,27.21974557489001,3041100
2022-08-08,27.33860969543457,27.484903121372206,27.12831311364362,27.12831311364362,4670200
2022-08-09,27.74091339111328,27.905493906971632,27.475755505795956,27.484899061560856,3103800
2022-08-10,27.823205947875977,28.070076742060678,27.66776897493988,27.859778430002365,3042000
2022-08-11,27.814062118530273,28.106648948491777,27.713484741747855,27.85977815672861,3838100
2022-08-12,28.472383499145508,28.490670612657624,27.969500085248235,27.99693075551641,2600600
2022-08-15,28.673538208007812,28.700967134271245,28.262086874505037,28.5089576746067,2188900
2022-08-16,28.874691009521484,28.92040704892373,28.55467350184041,28.68268155128591,2841300
2022-08-17,28.975269317626953,29.030128915458956,28.664395356653657,28.847261264078718,2882300
2022-08-18,28.993555068969727,29.130706681286522,28.801545602054524,29.048416411478524,2479500
2022-08-19,28.838115692138672,29.13984605681812,28.764967245957042,29.020981575727912,2458500
2022-08-22,28.536386489868164,28.792400845713495,28.426667297330965,28.700967022629083,2222400
2022-08-23,28.134082794189453,28.636966246968154,28.024361848588594,28.636966246968154,1975300
2022-08-24,28.289512634277344,28.38094644184649,27.98778229006753,28.079214353681852,1919200
2022-08-25,28.097505569458008,28.399235957755202,28.088362012969597,28.390092401266795,3130100
2022-08-26,27.594623565673828,28.17065370193143,27.521476854022783,28.09750699028038,4565700
2022-08-29,27.74091339111328,27.9603534976061,27.265458955068038,27.457470138221094,3256600
2022-08-30,27.19231605529785,27.795776868525813,27.119169342905224,27.74091727022014,2921500
2022-08-31,26.98201560974121,27.27460241739596,26.963728498274055,27.192312159748695,2190000
2022-09-01,27.183168411254883,27.302032890993576,26.8357220156174,26.954584751401168,2433700
2022-09-02,27.018587112426758,27.567188228933645,26.927155046304673,27.26545787644809,2171800
2022-09-06,26.991159439086914,27.420896099191744,26.945441659955577,27.08259325339463,2658600
2022-09-07,27.83234977722168,27.841493333831675,27.155742283677746,27.21060187938263,2165400
2022-09-08,27.649478912353516,27.83234653534307,27.503185511543833,27.70433850166842,2358400
2022-09-09,27.850631713867188,28.09750248004475,27.67690939155399,27.83234634685599,2338400
2022-09-12,27.96035385131836,28.188937516467774,27.786629777497414,27.90549425998989,2979200
2022-09-13,27.183168411254883,27.814059800758525,27.04601856413364,27.695197064974757,2394000
2022-09-14,27.30203628540039,27.47575863284022,27.15574286442204,27.18317179088352,2766800
2022-09-15,26.479129791259766,27.119164723643195,26.38769772430918,27.119164723643195,6340600
2022-09-16,26.360271453857422,26.616285818296355,26.277981184714736,26.341984339835676,5489600
2022-09-19,26.780864715576172,26.7991500845223,26.15911682857597,26.296266687424822,3543600
2022-09-20,26.3877010345459,26.698574984249532,26.12254312405246,26.607141161874033,2585800
2022-09-21,25.97624969482422,26.91801510016903,25.97624969482422,26.671144303046344,3278100
2022-09-22,26.16826057434082,26.31455399069863,25.7476656943458,25.985392931916017,3528300
2022-09-23,25.6379451751709,25.976248028980027,25.263066353235523,25.92138843667814,3089200
2022-09-26,25.02534294128418,25.647089108012644,24.879047776457032,25.48251031749799,5408900
2022-09-27,24.559030532836914,25.244781555959715,24.440166045547475,25.189920218462266,4167700
2022-09-28,24.88819122314453,25.18992162035251,24.64132216648719,24.90647833666141,6595200
2022-09-29,23.745269775390625,24.80589780944869,23.55326033968671,24.732751108615545,4764300
2022-09-30,23.032089233398438,23.982996317605615,22.949798979270767,23.928136729505454,4781800
2022-10-03,23.781848907470703,24.202442088102668,23.25153478096003,23.53497808721006,7976800
2022-10-04,24.59560203552246,24.61388914729419,23.781844745185115,23.918994595563156,5288300
2022-10-05,23.91899871826172,24.27558873949777,23.699558571042974,24.27558873949777,4350400
2022-10-06,22.949798583984375,23.809273587872674,22.904080808059298,23.809273587872674,4007500
2022-10-07,22.410343170166016,23.04123458638101,22.254906205126236,22.931513657665576,2711100
2022-10-10,22.41948699951172,22.721217377213456,22.34634029412812,22.492633704895322,2944400
2022-10-11,22.7395076751709,23.18753152640439,22.25490959414434,22.346343424671744,5663200
2022-10-12,22.117755889892578,22.730360181191166,22.090325222298326,22.730360181191166,4083200
2022-10-13,23.077810287475586,23.086953844807564,21.74288230820107,21.85260150827433,7062000
2022-10-14,22.392059326171875,23.315537695136214,22.218335223665353,23.224103865187768,5675700
2022-10-17,22.757787704467773,23.169238973288767,22.657212084054194,22.712071671912042,6351100
2022-10-18,23.10523796081543,23.342965188728307,22.995517031026786,23.032091255608005,4795300
2022-10-19,22.748647689819336,23.10523942628327,22.602354270125716,22.81265258689603,6125100
2022-10-20,22.0811824798584,22.702930349925637,22.017179330402364,22.675499681320897,6303200
2022-10-21,22.392059326171875,22.54749631389766,22.01718219294297,22.190906295449494,6783100
2022-10-24,22.556638717651367,22.776078851931445,22.382914624029787,22.584069388419564,3048000
2022-10-25,22.97722816467285,23.03208949735661,22.456057711861327,22.538347966932083,5149600
2022-10-26,23.013803482055664,23.196671111797343,22.803506928621207,23.114380852809084,5953700
2022-10-27,23.196674346923828,23.571551470617077,23.141813003977102,23.2789628734335,4798200
2022-10-28,23.893449783325195,23.92113691799992,23.284346902563883,23.36740654632773,5972400
2022-10-31,23.708871841430664,23.967278032014658,23.524294482219105,23.810387804762883,7803100
2022-11-01,23.83807945251465,23.976511618017284,23.579671452718703,23.86576658971937,5704300
2022-11-02,23.644271850585938,24.142627936853977,23.478152568409836,23.81038937250177,5698100
2022-11-03,23.681182861328125,23.85653116286844,23.210512216305187,23.459691103716157,3754900
2022-11-04,23.893449783325195,24.234917403272153,23.635043567402413,23.69964512138311,5975700
2022-11-07,22.49066925048828,23.810391034924223,21.955396948470927,23.671958876865673,9661500
2022-11-08,23.00748062133789,23.29357394737021,22.53680993384333,22.54603897794246,8816400
2022-11-09,22.970563888549805,23.588895746132895,22.970563888549805,23.09976874254785,7767300
2022-11-10,24.078027725219727,24.12417119049925,23.339721719185157,23.570442566103505,4966300
2022-11-11,23.819618225097656,24.10571332443277,23.588897392881748,24.013424639494353,4527400
2022-11-14,23.773473739624023,24.133397659107583,23.653497926289383,23.90267683682116,5185100
2022-11-15,23.699642181396484,24.225685353137276,23.376632691302632,24.142625719677138,4736600
2022-11-16,23.99496841430664,24.198002128733958,23.681187917298722,23.681187917298722,4103100
2022-11-17,23.58890151977539,24.004199794524833,23.376638739463704,23.71810640539775,5515500
2022-11-18,24.290287017822266,24.391804739271954,23.838074433584737,23.838074433584737,3519100
2022-11-21,24.502552032470703,24.65944227106257,24.25337486786267,24.37334892783985,4256300
2022-11-22,24.73326873779297,24.779413953355487,24.419488313007808,24.567151242547872,3297600
2022-11-23,25.083969116210938,25.13011257846918,24.631756497091214,24.70558709286055,3555000
2022-11-25,25.18548583984375,25.240858344394685,25.02859561006595,25.148569663303004,923800
2022-11-28,25.12088394165039,25.22240167257835,24.779418090773177,24.963993703061856,5751800
2022-11-29,25.13011360168457,25.18548787096142,24.816333116823717,25.00091049389257,6266700
2022-11-30,25.785362243652344,25.933023444281933,24.973223879929236,25.074741615459715,6166700
2022-12-01,25.610010147094727,26.062222727650052,25.545408601338266,25.923790592420477,6617900
2022-12-02,25.44389533996582,25.58232749945676,25.185489111652174,25.397751873555645,4353500
2022-12-05,25.388519287109375,25.453120835177362,25.08396787460303,25.176256554811655,3504200
2022-12-06,25.693073272705078,25.711531362647364,25.268546005334258,25.44389433926527,3290200
2022-12-07,25.53618049621582,25.73921418466445,25.388519311842238,25.63769822057022,5748800
2022-12-08,25.628469467163086,25.693071016026643,25.38851959976974,25.50849365333632,4607700
2022-12-09,25.277774810791016,25.656156849720848,25.222402301749177,25.517724696986086,4220800
2022-12-12,25.914562225341797,25.914562225341797,25.240857858776486,25.4438915450638,4715100
2022-12-13,25.77613067626953,26.376004465159426,25.5823242692453,26.265257695394123,4109800
2022-12-14,25.67461585998535,26.172973740010214,25.55464179271662,25.84996419854155,3473800
2022-12-15,25.32391929626465,25.628470727498527,25.167029058340514,25.54541108622926,4250500
2022-12-16,25.093196868896484,25.130111284750644,24.539466549002814,25.074738780839326,6488300
2022-12-19,24.9639949798584,25.240861052842302,24.890164379114765,25.111656181345666,3204700
2022-12-20,24.982454299926758,25.185489782161905,24.834793091170535,24.91785274112847,4109600
2022-12-21,25.42543601989746,25.42543601989746,25.083970160348123,25.083970160348123,2790200
2022-12-22,25.305458068847656,25.36083056940687,24.84401645691408,25.36083056940687,2005500
2022-12-23,25.573095321655273,25.573095321655273,25.22240044321774,25.22240044321774,1588400
2022-12-27,25.65615463256836,25.729985224997296,25.425433811195408,25.6007821283117,1994900
2022-12-28,25.42543601989746,25.85919232832544,25.397750645494195,25.637700531797684,1944100
2022-12-29,25.693073272705078,25.766903872213874,25.508495893802923,25.508495893802923,1431600
2022-12-30,25.305458068847656,25.720756223691897,25.130109763440082,25.674611006342506,2526900
2023-01-03,25.32391929626465,25.453122400345602,24.908621089918327,25.379291803690734,2385500
2023-01-04,25.637699127197266,25.840732822825785,25.443892715690755,25.462350804455227,2655000
2023-01-05,25.037824630737305,25.47158093387848,25.000910211896105,25.370063201609643,2678400
2023-01-06,25.480810165405273,25.65615673664165,25.259318369953817,25.305461833908584,3376400
2023-01-09,25.729984283447266,25.914561637895364,25.40697655355325,25.462349055783637,6113400
2023-01-10,25.43466567993164,25.711531752482685,25.130114232307747,25.683844617149468,5888600
2023-01-11,25.77613067626953,25.95147899495618,25.48080830390898,25.48080830390898,3715400
2023-01-12,25.748445510864258,26.016082531425262,25.683843957007554,25.785361690359704,3170200
2023-01-13,25.646926879882812,25.81304438961595,25.45312047813728,25.573094528543454,2977200
2023-01-17,25.490034103393555,25.896101433569985,25.471576017405543,25.79458548115586,3625500
2023-01-18,24.95476722717285,25.591555486551346,24.927080092315393,25.591555486551346,2557900
2023-01-19,24.76095962524414,24.945536994988604,24.7055871184249,24.89939177242236,2191300
2023-01-20,25.111652374267578,25.13011046172022,24.493322286944952,24.733270382788906,8867400
2023-01-23,25.000905990600586,25.259313919899146,24.84401577643003,25.04704944642604,4749700
2023-01-24,25.213172912597656,25.305461599914135,24.788647415306272,24.853248968349718,3562500
2023-01-25,25.453121185302734,25.50849369008553,24.954765121737196,24.991679538172328,4197500
2023-01-26,25.41620635986328,25.545409455697364,25.25008708792794,25.397748271812652,7287700
2023-01-27,25.397748947143555,25.545410134954604,25.287002176155163,25.44389240823693,2040300
2023-01-30,25.42543601989746,25.683843995976677,25.296232911988017,25.314691001763745,2884500
2023-01-31,25.610010147094727,25.619239190811378,25.22239911229586,25.56386668877157,4564400
2023-02-01,25.711528778076172,25.914562466250942,25.406977365683936,25.49003700181456,3763400
2023-02-02,25.628469467163086,25.942249927580523,25.50849365333632,25.859190290395897,2949200
2023-02-03,25.20394515991211,25.54541279241022,24.61330034722391,25.4900402812858,3499100
2023-02-06,25.399539947509766,25.446109716404024,24.971090612286794,25.148058931826032,1876900
2023-02-07,25.362281799316406,25.464737419027518,25.026975566982962,25.25982795612804,3001400
2023-02-08,24.952465057373047,25.380912638167075,24.784811038271766,25.380912638167075,1810800
2023-02-09,24.524015426635742,25.08286155856842,24.4867599653191,24.961777312112854,3353000
2023-02-10,25.03628921508789,25.082860760906268,24.505386028418148,24.607841652695754,2763000
2023-02-13,25.278453826904297,25.28776813529534,24.999031681263645,24.999031681263645,3194600
2023-02-14,25.08285903930664,25.39953842304455,25.017660656158725,25.25051303969997,2086300
2023-02-15,25.14805793762207,25.194627704675238,24.794123089058875,24.961775316363923,4386600
2023-02-16,25.03628921508789,25.222571845315755,24.570584416041054,24.92452105816943,3271600
2023-02-17,25.278453826904297,25.371595134292072,24.85932060844332,25.082858680260376,4028000
2023-02-21,25.101491928100586,25.259831646915625,24.97109336309096,25.176004632453367,4805900
2023-02-22,25.716218948364258,25.986326801470792,25.334341164526297,25.334341164526297,6279800
2023-02-23,25.986330032348633,26.088785666880504,25.781420539807893,25.96770141215684,6508700
2023-02-24,25.911815643310547,26.03289989016128,25.38091243802488,25.790733172982698,4552500
2023-02-27,25.604448318481445,26.17260871251674,25.529935625536055,26.051524476153777,5610100
2023-02-28,25.548564910888672,25.865244308317067,25.278455281572718,25.48336652492214,6308100
2023-03-01,24.98971939086914,25.37159718312642,24.831379688480308,25.343654255696805,5771400
2023-03-02,25.399539947509766,25.43679540732061,24.868636765414866,24.961776303203383,3269600
2023-03-03,25.800045013427734,25.809357545503925,25.13874331508714,25.539249702226517,4132700
2023-03-06,25.669645309448242,25.986324681408128,25.47405016727912,25.809356379072277,3366400
2023-03-07,25.436796188354492,25.91181530705713,25.343654871183276,25.688277211759925,3017300
2023-03-08,25.800045013427734,25.911813163569175,25.408852934887264,25.511306776429798,3666600
2023-03-09,25.501995086669922,26.079469843444848,25.436796696304974,25.874560362794597,3358800
2023-03-10,24.877948760986328,25.688275868524336,24.71961083955444,25.61376317398819,3850800
2023-03-13,25.45542335510254,26.042210599721695,24.66372486909038,24.80343594861658,4847100
2023-03-14,25.855928421020508,26.079466492055403,25.595133116551793,25.716217348689028,4810500
2023-03-15,25.93975830078125,26.181925015429844,25.539251879497915,25.790732903539478,5493600
2023-03-16,26.042211532592773,26.321635478177324,25.75347505435928,25.84661636955413,3723500
2023-03-17,25.5858211517334,26.042211643964855,25.5765068425218,25.930443486471308,7542600
2023-03-20,25.911815643310547,26.088783970580064,25.604450536222902,25.660334616641688,3413200
2023-03-21,25.12942886352539,26.042209782752717,24.803435170509147,25.967697090908093,4211100
2023-03-22,24.56127166748047,25.18531616377813,24.551957358398678,25.00834784426968,3620600
2023-03-23,24.198017120361328,24.69166476913828,24.14213305070513,24.50538216825423,3592500
2023-03-24,24.915206909179688,24.924521218403243,24.198021087671464,24.216649706118574,2651400
2023-03-27,25.194631576538086,25.278458591334353,24.952466618818878,25.12943318203499,2945200
2023-03-28,25.352968215942383,25.604449229779654,25.07354605158283,25.138744438165208,2797300
2023-03-29,25.7069034576416,25.83730022373141,25.54856376602282,25.55787807453248,2681800
2023-03-30,25.930442810058594,26.107411127417013,25.77210311063744,25.78141741960607,2893400
2023-03-31,26.042211532592773,26.107411696795147,25.75347505435928,26.023584690772065,4281000
2023-04-03,25.855928421020508,26.13535056568346,25.725531657047483,25.98632518499353,3917300
2023-04-04,25.855928421020508,25.958384036440837,25.688274423613667,25.893183877931655,2604700
2023-04-05,26.722143173217773,26.731457482836838,25.90250169196911,25.93975893044537,2992300
2023-04-06,26.84322166442871,26.964305894997125,26.554485215148308,26.815280516238037,3068000
2023-04-10,26.722143173217773,26.768712944790188,26.386835133023055,26.722143173217773,2131800
2023-04-11,26.675569534301758,26.75939653778011,26.526544145123083,26.68488384319077,2094000
2023-04-12,26.694198608398438,26.871166927269304,26.535858907624043,26.6569431487283,3280500
2023-04-13,26.396146774291992,26.62899916166117,25.93975630823113,26.535857851408952,4210200
2023-04-14,25.93975830078125,26.191239324822813,25.837302673981455,26.172610706036874,2217000
2023-04-17,26.358888626098633,26.405460167872143,26.070152173193556,26.08878078990296,2494500
2023-04-18,26.25643539428711,26.433401927549877,26.01426870103401,26.330948086324774,5274300
2023-04-19,26.59174346923828,26.638315015326846,26.303006989580517,26.46134669323597,3325700
2023-04-20,26.62900161743164,26.64763023650459,26.303007889746564,26.582431846272154,3486300
2023-04-21,26.675569534301758,26.908421926958788,26.46134575942276,26.852537850147474,5092100
2023-04-24,26.573116302490234,26.805968700518118,26.470660678870665,26.78734008231041,3192500
2023-04-25,26.68488311767578,26.833908502802718,26.52654342391307,26.545172041184617,2858100
2023-04-26,26.349576950073242,26.666254561805115,26.1726086386315,26.47065940957166,4619700
2023-04-27,26.828828811645508,26.83822616491758,26.358971902213103,26.358971902213103,2940800
2023-04-28,26.744253158569336,26.98857895499199,26.5657088319373,26.83822489447986,3016100
2023-05-01,26.791242599487305,27.148333080790987,26.640888523952913,26.716065561720107,3592700
2023-05-02,26.227413177490234,26.838226816100313,26.05826439921257,26.800639194461894,4714400
2023-05-03,26.424755096435547,26.81943499776283,26.077060172167375,26.227414249590915,4425500
2023-05-04,26.659683227539062,26.885214340807266,26.4341503219089,26.537519420959228,4759700
2023-05-05,26.819435119628906,26.866420096901518,26.518725171053436,26.612696917960648,3462300
2023-05-08,26.7348575592041,27.026168326977263,26.612693764989633,26.716062853576986,3460300
2023-05-09,26.7348575592041,26.81943194216434,26.528119382029395,26.63148847061675,3047900
2023-05-10,27.148330688476562,27.204714806104857,26.91340224211076,26.960389006801,3103200
2023-05-11,26.462345123291016,27.176527952105893,26.44355041381538,27.026173861025093,4283700
2023-05-12,26.772449493408203,26.875818598657084,26.490536033008436,26.64089011753659,4563800
2023-05-15,26.349576950073242,26.828829431488312,26.19922108660819,26.81943387036104,2473700
2023-05-16,25.87972068786621,26.48113698757185,25.86092598040992,26.368370535196068,4460000
2023-05-17,25.776351928710938,25.964293628663295,25.55082081335092,25.9173086517657,3666500
2023-05-18,25.710573196411133,25.738763466649043,25.428657947497683,25.588409384173357,3551200
2023-05-19,25.710573196411133,25.992486652962533,25.616601446773316,25.83273521628686,5145100
2023-05-22,25.73876190185547,26.05826475578257,25.64479195029262,25.83273364578025,7264600
2023-05-23,25.710573196411133,25.936104320124663,25.57901202997337,25.69177848801116,5623600
2023-05-24,25.60720443725586,25.776353230408326,25.46624770708283,25.682381479505615,4372300
2023-05-25,25.381671905517578,25.644792435007858,25.024579630326347,25.625997727395273,4057500
2023-05-26,25.231319427490234,25.334686741182786,25.005788298940004,25.27830440713575,2923900
2023-05-30,24.996389389038086,25.315892249359084,24.96819732758789,25.203125795920275,3406700
2023-05-31,25.268905639648438,25.35348003217047,24.855432823276253,25.052771877586345,5231900
2023-06-01,25.062171936035156,25.41926246004857,24.9118178425177,25.409866897520637,6363600
2023-06-02,25.146743774414062,25.31589256046999,24.827240910166644,24.90241794926239,5885200
2023-06-05,25.15614128112793,25.494437062932377,25.08096424157561,25.240715674669545,4049900
2023-06-06,25.334688186645508,25.766957551968,25.22192351211768,25.748162842092636,4737600
2023-06-07,25.748157501220703,25.832731885754626,25.15613860184506,25.438052022050258,4659400
2023-06-08,25.6823787689209,25.776350509905587,25.466245019309426,25.644791147944147,2924200
2023-06-09,25.45684814453125,25.70117395873971,25.409863169336585,25.70117395873971,2975600
2023-06-12,25.48503875732422,25.654185733833337,25.30649263547581,25.579008702375347,2938500
2023-06-13,25.419260025024414,25.485041502953703,25.16553863674517,25.28770065388984,3079500
2023-06-14,25.522626876831055,25.766952681946037,25.485039256546667,25.485039256546667,2986500
2023-06-15,25.691776275634766,25.766953310398947,25.47564252473298,25.607201887479825,3046600
2023-06-16,25.7293643951416,25.973690210947566,25.68237941963973,25.776351163005398,5456200
2023-06-20,25.579011917114258,26.020678600754664,25.56961456295573,25.67298366633745,6088000
2023-06-21,25.842130661010742,25.851528014516358,25.137345279346814,25.485040189606927,4091900
2023-06-22,25.51323127746582,25.973690859863403,25.466246300790097,25.898513821765064,2173900
2023-06-23,25.109155654907227,25.644794102523182,25.099758300489885,25.56961526718445,3303500
2023-06-26,25.60720443725586,25.663586770852657,25.146744829430855,25.221921871680607,3695000
2023-06-27,25.785749435424805,25.860926474323804,25.513231549189687,25.616600649811556,2969000
2023-06-28,25.49443817138672,25.748161363043003,25.34408408574494,25.72936665424726,3615700
2023-06-29,25.532024383544922,25.691775803528486,25.25950651730631,25.31589063661476,3593000
2023-06-30,25.701171875,25.748156846385324,25.45684608060042,25.550817815732838,3740000
2023-07-03,25.76695442199707,25.7857491295894,25.503833892790354,25.579010930797704,1472300
2023-07-05,26.199220657348633,26.302589751674113,25.616599089460365,25.701173477115415,4780000
2023-07-06,26.05826759338379,26.077062302687775,25.691779723766764,25.992487903181978,3417700
2023-07-07,25.86092758178711,26.048869290901994,25.70117614324032,25.87972229040722,5406700
2023-07-10,25.569612503051758,25.804540961002747,25.372273458706637,25.804540961002747,3227000
2023-07-11,25.898515701293945,25.898515701293945,25.541425192502246,25.635396945035463,2012200
2023-07-12,26.37776756286621,26.396562270090175,25.9642929657486,26.04886735589452,2707800
2023-07-13,26.462345123291016,26.48113983276665,26.218019277194177,26.293196322734577,3336500
2023-07-14,26.25560760498047,26.4247563985072,26.077061457106467,26.4247563985072,4771800
2023-07-17,25.813940048217773,26.227414663844186,25.785749778481843,26.16163497797767,5060100
2023-07-18,25.644792556762695,26.124045056625185,25.466246418319386,25.879721025949475,3576600
2023-07-19,26.03007698059082,26.16163635926998,25.701176741530816,25.766956430870394,4262700
2023-07-20,26.330781936645508,26.405958971322136,25.80454090154723,26.07705877247618,6020300
2023-07-21,26.387165069580078,26.716065278460093,26.236810995639832,26.349577447275987,6760800
2023-07-24,26.358972549438477,26.537518681268182,26.133441442456594,26.434149585099103,4732000
2023-07-25,26.424755096435547,26.471740073494658,26.25560631124357,26.387165680898672,2960200
2023-07-26,26.716066360473633,26.932200126471013,26.405960846367215,26.434151116146516,5014200
2023-07-27,26.293193817138672,26.706668424390106,26.17103180191269,26.612696678329055,3939500
2023-07-28,26.312156677246094,26.59661170169984,26.2173377329212,26.56816728436703,4105500
2023-07-31,26.39749526977539,26.710396540512168,26.27423009154878,26.47335006848367,5821200
2023-08-01,26.056148529052734,26.492314990700052,26.046666452873325,26.31215916033348,5048700
2023-08-02,26.27423095703125,26.587134046596223,25.81910214978948,26.008740057067442,5550800
2023-08-03,25.553613662719727,26.3690524005619,25.52516743138567,26.28371551508101,4177700
2023-08-04,25.13640785217285,25.743246235592338,25.03210682682724,25.638947018767762,3095100
2023-08-07,25.28812026977539,25.43034780569451,25.231229617111993,25.231229617111993,3231100
2023-08-08,25.354490280151367,25.525164028358837,25.11744380953456,25.27863548189483,4775900
2023-08-09,25.582054138183594,25.70531931308989,25.145889509489944,25.164853660786452,5118900
2023-08-10,25.345008850097656,25.76221115539949,25.30708235426354,25.601019478932038,2684300
2023-08-11,25.43982696533203,25.515681763025253,25.25967114261525,25.42086281377847,2340200
2023-08-14,25.13640785217285,25.468273271300774,25.05107097843936,25.420862892270478,2151500
2023-08-15,24.73817253112793,25.013145526767,24.71920837735386,25.013145526767,2704000
2023-08-16,24.861433029174805,24.956251978522957,24.728687585200014,24.814024458761246,2367500
2023-08-17,24.842472076416016,25.06055440615689,24.804543771145706,24.832990000098437,2636200
2023-08-18,25.070035934448242,25.12692658258895,24.842471533364307,24.85195180095351,3305900
2023-08-21,24.975215911865234,25.088997203271976,24.814024241938167,25.013142406160476,2387500
2023-08-22,25.003662109375,25.060552755011017,24.85195070681059,24.927807312353305,1728200
2023-08-23,25.145889282226562,25.1838157759558,24.937287236892285,25.174333700393245,1782700
2023-08-24,24.96573257446289,25.50619820263384,24.95625049923802,25.107960085794048,2220000
2023-08-25,25.202781677246094,25.269154402272147,24.99418142594691,25.041589998530913,1784500
2023-08-28,25.221744537353516,25.496717499589433,25.21226246161834,25.354489980603887,2336400
2023-08-29,25.363971710205078,25.373453785810852,25.03210629808698,25.269152762668334,1739800
2023-08-30,25.363971710205078,25.496717151643917,25.240708344372013,25.363971710205078,3548500
2023-08-31,25.373455047607422,25.51568257172487,25.363972971530114,25.439827771627492,3472000
2023-09-01,25.183815002441406,25.563088970689435,24.92780620419957,25.506198327582464,4290900
2023-09-05,24.832988739013672,25.231226881522655,24.662314991006816,25.117443780011072,4423700
2023-09-06,24.94676971435547,24.984698017216736,24.64335052554942,24.823506347098395,3505400
2023-09-07,25.420862197875977,25.582053865133805,25.136407165548505,25.145889241095553,4670000
2023-09-08,25.572572708129883,25.66739165848518,25.35449038827744,25.506199985437494,4419100
2023-09-11,25.67687225341797,25.847545992509406,25.51568058966727,25.51568058966727,3147200
2023-09-12,25.72428321838379,25.752729447056403,25.468274394414724,25.686356722008085,4746100
2023-09-13,25.989776611328125,26.084595567545346,25.70532155119763,25.752730125045655,4564600
2023-09-14,26.302677154541016,26.33112338315537,26.037184446370397,26.132003399897126,3139000
2023-09-15,26.236303329467773,26.454385647469678,26.198375026239074,26.236303329467773,5585500
2023-09-18,26.122522354125977,26.245787541129403,25.99925897564374,26.22682338797177,3195100
2023-09-19,26.122522354125977,26.302678192081114,26.065631703174265,26.16993273702006,4436200
2023-09-20,26.16044807434082,26.444903109500657,26.103557429013055,26.245784946592973,3628500
2023-09-21,25.657907485961914,26.16044661581526,25.638945144257203,26.08459182343371,8283800
2023-09-22,25.307083129882812,25.601020263559988,25.212264174609842,25.572574034421752,8520100
2023-09-25,25.316564559936523,25.411381704267686,25.12692665423199,25.164854958781337,5752700
2023-09-26,24.40630340576172,25.212261734807274,24.39682133029989,25.18381550842179,6653200
2023-09-27,23.87531852722168,24.482156855255496,23.780499586336177,24.453712438954458,8436800
2023-09-28,23.32537078857422,24.008063906098023,23.306406638735005,23.903762890503227,8997000
2023-09-29,23.401229858398438,23.752057651969473,23.277964670425003,23.562421544464403,6384300
2023-10-02,21.978952407836914,23.31589456199247,21.941024098644913,23.287448330098467,13046000
2023-10-03,22.718530654907227,22.889204386429977,21.675527732971965,21.76086459873334,14559200
2023-10-04,22.765941619873047,22.898687055157144,22.244438336860966,22.870242638179647,7414900
2023-10-05,22.59527015686035,22.851280786536314,22.291850955105627,22.746979757737716,6294200
2023-10-06,23.315889358520508,23.39174415145446,21.874646484254463,22.320294975197246,10498300
2023-10-09,23.837392807006836,23.837392807006836,23.296927136550472,23.296927136550472,6696500
2023-10-10,24.140811920166016,24.197704375769185,23.856356876234425,23.89428517996987,6446900
2023-10-11,24.700241088867188,24.776095885815486,24.01754791633251,24.169257510229105,6509200
2023-10-12,24.074438095092773,24.6907603429329,23.7994651396825,24.558013094456683,6905400
2023-10-13,24.44423484802246,24.539051997780184,24.15977797318567,24.330451736383502,3964900
2023-10-16,24.75713539123535,24.861434614500176,24.34941514900415,24.529570983401435,3757500
2023-10-17,24.77609634399414,24.956252168273306,24.520087529884957,24.624386747292014,3259600
2023-10-18,24.633869171142578,24.776096693994873,24.425268924860614,24.68127955110739,6018900
2023-10-19,24.302001953125,24.757132524614555,24.28303961105868,24.567494635783827,5411100
2023-10-20,23.913249969482422,24.43475334806474,23.865841393484594,24.35889854135547,6237700
2023-10-23,23.401229858398438,23.97014179795604,23.344339206999035,23.600348042556938,9108500
2023-10-24,23.922731399536133,24.027032434136636,23.61931218090325,23.723613215503754,5271800
2023-10-25,23.998584747314453,24.027030975529854,23.590864518832504,23.771020347154526,3775700
2023-10-26,24.387338638305664,24.482157582005858,23.989100521581594,24.06495531483756,6128400
2023-10-27,23.846874237060547,24.339931322849434,23.752055288482527,24.292522752820933,4646300
2023-10-30,24.057571411132812,24.210804198803554,23.703219447969893,23.942645907040294,5433900
2023-10-31,24.09587860107422,24.23953411062243,23.83729758788009,24.210804104720136,5358900
2023-11-01,24.325729370117188,24.536425836113015,23.85645370072135,24.201228407493407,6445400
2023-11-02,24.689659118652344,24.83331464040564,24.20122888334789,24.28742256173568,6932600
2023-11-03,24.6321964263916,25.1302039598054,24.584311859466062,25.0918966716008,7180700
2023-11-06,24.220382690429688,24.660926520395883,24.19165085629663,24.632194686262824,5096200
2023-11-07,24.00010871887207,24.268267021508265,23.990531440919458,24.249112465603037,5105800
2023-11-08,23.923494338989258,23.990533463630822,23.540412321980938,23.885187050627998,5748900
2023-11-09,23.770259857177734,24.27784463562048,23.74152984960108,23.942647209353723,5798700
2023-11-10,23.94264793395996,24.028841612656542,23.73195328974558,23.94264793395996,5785200
2023-11-13,23.76068115234375,23.92349121665832,23.569141082177666,23.80856753989445,7709500
2023-11-14,24.871618270874023,24.919504655538365,24.325726272452115,24.373612657116457,11983600
2023-11-15,24.660924911499023,25.12062326756287,24.555576686563143,24.82373497427316,8515900
2023-11-16,24.68008041381836,25.0535851141244,24.670503136031158,24.919506878461505,6235300
2023-11-17,24.97696876525879,25.005700598674174,24.699235015625923,24.84289052934492,11175500
2023-11-20,24.957813262939453,25.00569965014865,24.536424015571885,24.871619592641792,5482500
2023-11-21,24.909931182861328,25.01527941853291,24.66092742461518,24.96739302655534,5089000
2023-11-22,25.082317352294922,25.111047359441244,24.756697208990673,25.034430962586068,4515000
2023-11-24,24.996124267578125,25.120625230402243,24.890776034410695,25.091895222577694,2349700
2023-11-27,25.091894149780273,25.11104687861809,24.785426741548775,24.986545921116978,6925700
2023-11-28,25.072738647460938,25.350472385250477,25.024852260477303,25.130200485162412,4604600
2023-11-29,24.7183895111084,25.13020335276523,24.67050494533955,25.13020335276523,6136200
2023-11-30,24.55557632446289,24.804580053662015,24.40234354136787,24.79500277638372,11197900
2023-12-01,25.091894149780273,25.101469600859705,24.4023447646081,24.51727027102978,8937100
2023-12-04,25.32174301147461,25.494130355558703,24.823735534493665,24.900351928900047,7242700
2023-12-05,25.03443145751953,25.35047432913021,24.976969615411868,25.340897050999097,3965000
2023-12-06,25.293010711669922,25.312165266587666,25.07273881015256,25.206817041218972,4465900
2023-12-07,25.312166213989258,25.618631797428176,25.264279824902573,25.379205332031653,4085900
2023-12-08,25.18766212463379,25.360049463060392,24.986544780922,25.321742180453853,4011700
2023-12-11,25.225971221923828,25.32174216841294,25.0440066062624,25.082315715529592,3337100
2023-12-12,25.072738647460938,25.302587824945725,24.996122254966007,25.273855992755546,3048300
2023-12-13,25.886789321899414,25.982558443850017,24.948236217344895,25.13977811460392,5804100
2023-12-14,25.551593780517578,26.2028340867296,25.474977381356105,26.087908574647873,5716700
2023-12-15,25.36005210876465,25.513284908534658,25.13020290910963,25.36005210876465,9785800
2023-12-18,25.27385711669922,25.580322700307647,25.23554983208765,25.360050790423962,4262600
2023-12-19,25.41751480102539,25.522861205140803,25.283434736374605,25.398360245121136,5211600
2023-12-20,24.97696876525879,25.522860813398353,24.948236931843404,25.369628021874227,5029400
2023-12-21,24.938661575317383,25.225972603845236,24.79500423437449,25.063162533898396,3082800
2023-12-22,25.13977813720703,25.331320034638267,25.06316174357032,25.06316174357032,3440000
2023-12-26,25.312166213989258,25.398359887666324,25.044007915140725,25.063162470775396,1946800
2023-12-27,25.16851043701172,25.31216594941227,25.11104677070834,25.26427956082612,1928200
2023-12-28,25.42708969116211,25.465398802125193,25.07273954814833,25.101469554691693,2735800
2023-12-29,25.42708969116211,25.44624424664365,25.254704171865082,25.293011456149216,2197900
2024-01-02,25.867633819580078,25.925095655982002,25.23554813912239,25.23554813912239,3317600
2024-01-03,25.752708435058594,25.896365766722962,25.61863020729596,25.88678848950008,3725400
2024-01-04,25.723979949951172,25.877212741213217,25.599477165376413,25.810173623370943,2720000
2024-01-05,25.8963680267334,25.982559875903704,25.57074787945354,25.666517006682547,3669300
2024-01-08,26.13579559326172,26.164525601962612,25.714404474417424,25.829328162579177,4061300
2024-01-09,25.992136001586914,26.202832456179017,25.858057768067525,25.992136001586914,3779600
2024-01-10,26.183677673339844,26.346487738346465,25.934673937054487,25.982558498129823,4248400
2024-01-11,25.37920570373535,26.116639666360054,25.293012028795893,26.078330554529632,3223100
2024-01-12,25.609054565429688,25.647363676767576,25.37920537743926,25.54201544726735,2731100
2024-01-16,25.16851043701172,25.542015134588947,25.149355881577257,25.446244184095598,3178700
2024-01-17,24.8428897857666,25.254703585666203,24.641770611236584,24.99612257270428,2746500
2024-01-18,24.565156936645508,24.78542886391331,24.354462287956192,24.699237010065175,4348000
2024-01-19,24.517271041870117,24.680081115523638,24.392768253775596,24.680081115523638,3988500
2024-01-22,24.507694244384766,24.929085353870928,24.392768732096158,24.603465200178764,5487500
2024-01-23,24.593887329101562,24.641771892504792,24.411922700147084,24.4981163756161,3724800
2024-01-24,24.115034103393555,24.795004394415233,24.05757226265289,24.785427116511958,3202300
2024-01-25,24.478961944580078,24.488539222645432,24.143764519008847,24.421500102866986,4560800
2024-01-26,24.727964401245117,24.747118956374248,24.53642432999055,24.603463446263593,5181900
2024-01-29,24.986543655395508,25.13019915538705,24.545998051852163,24.727962659403467,5595800
2024-01-30,25.015277862548828,25.197240660708044,24.74711956419146,24.900352355630254,4324900
2024-01-31,24.871618270874023,25.360048434377518,24.699232766118786,25.264277491727633,6598200
2024-02-01,25.235549926757812,25.245127204616377,24.641771486279723,24.775851549620633,3333400
2024-02-02,24.766342163085938,25.008200969668348,24.476110488045293,24.911457077988132,3419400
2024-02-05,24.4277400970459,24.74699365618794,24.2729506044459,24.485785695461825,4274600
2024-02-06,24.263277053833008,24.495461302525623,24.23425333078279,24.360020952097358,4647400
2024-02-07,24.272951126098633,24.427740622025233,24.156858081535514,24.360020448211888,2875800
2024-02-08,24.243928909301758,24.31164908732082,24.021419225743003,24.22458160503664,4098300
2024-02-09,24.4277400970459,24.437414670987938,24.137510259729975,24.166532136319784,2515200
2024-02-12,24.79536247253418,24.843735337936568,24.3890396293348,24.44708706781767,3312300
2024-02-13,24.456764221191406,24.717970340978116,23.9923938905161,24.621228290438914,3786300
2024-02-14,24.553504943847656,24.640574260813192,24.311646140106998,24.495459347616045,3206900
2024-02-15,25.12429428100586,25.133968855512894,24.659925776086716,24.688949499607816,5377100
2024-02-16,25.05657196044922,25.230710596200897,24.892107898376665,25.046897386770098,3425400
2024-02-20,25.172666549682617,25.453221822710802,25.017877051756095,25.05657350361954,6302900
2024-02-21,25.395174026489258,25.501592489075847,24.62122660377645,25.162989799675415,6491900
2024-02-22,25.1920166015625,25.375827983668586,25.046899827470995,25.230713054813517,9624800
2024-02-23,25.2694091796875,25.57898816001213,25.211361736949428,25.25006003210814,6535800
2024-02-26,24.872758865356445,25.19201426252628,24.756667671145838,25.13396682018471,3487400
2024-02-27,25.172666549682617,25.18234112395757,24.83406383100471,25.017877051756095,3016200
2024-02-28,25.008201599121094,25.2403858378559,24.97917787731563,25.162991091610966,4432500
2024-02-29,25.211362838745117,25.34680503248349,24.95982944492969,25.153317238706588,9693700
2024-03-01,25.279083251953125,25.356478001148208,24.87276035736985,25.153317476474754,8293000
2024-03-04,25.743452072143555,25.82084681676828,25.133966843642106,25.133966843642106,3933600
2024-03-05,25.724102020263672,26.14009944995943,25.617683558182563,25.869216930678512,5034700
2024-03-06,25.994985580444336,26.082053053990666,25.849868818982486,25.89824168788186,4282200
2024-03-07,26.09172821044922,26.22717040115588,25.994986160962576,26.14977565442478,3389300
2024-03-08,26.13042640686035,26.24651760389647,25.89824216755181,26.18847200537841,4424900
2024-03-11,26.198148727416992,26.38196195723804,25.985313618575464,26.12075397463494,3433200
2024-03-12,25.94661521911621,26.15945217237022,25.724105536383792,26.033684546313495,4192100
2024-03-13,25.782150268554688,26.188473166671564,25.782150268554688,26.0530328157114,4579600
2024-03-14,25.50159454345703,25.79182438904589,25.192015549432554,25.67573318890489,5978300
2024-03-15,25.637033462524414,25.7821483772273,25.501593121499887,25.501593121499887,8671300
2024-03-18,25.782150268554688,25.936939768290983,25.57898974211444,25.627360768818388,3648000
2024-03-19,25.96596336364746,26.043358113134662,25.71442996650496,25.869219465479365,3952400
2024-03-20,25.985309600830078,26.140099082461248,25.8014963994295,25.888565713501553,3702800
2024-03-21,26.217496871948242,26.304566196145053,25.98531262250221,26.07238194669902,3607500
2024-03-22,26.217496871948242,26.420657398249876,26.07238194669902,26.362611797197467,3377800
2024-03-25,26.265865325927734,26.352934641596274,26.0820521211568,26.333585494728553,3586300
2024-03-26,26.09172821044922,26.304565147886983,26.00465888972219,26.275541425899203,4876300
2024-03-27,26.565771102905273,26.594794824716146,26.227170241293276,26.256192117867844,3767700
2024-03-28,26.759258270263672,26.817303867302254,26.498050315735664,26.604468781336614,4883300
2024-04-01,26.585119247436523,26.797956175544353,26.440004334331515,26.797956175544353,2170300
2024-04-02,26.604469299316406,26.846328111128376,26.498050831643525,26.52707455334603,2579500
2024-04-03,26.44968032836914,26.67218999676233,26.401309303148476,26.56577152699327,2334500
2024-04-04,26.285215377807617,26.662514528537724,26.082053019173987,26.652839954770766,3972600
2024-04-05,26.3045654296875,26.40130932544687,26.033682890608524,26.101403064069185,2747400
2024-04-08,26.55609893798828,26.672190137223772,26.314240120138614,26.372285719756356,2423600
2024-04-09,26.739910125732422,26.778608422033713,26.59479520507523,26.643168075451847,3359800
2024-04-10,26.410982131958008,26.440005854342047,26.072381263659224,26.246518062254452,4740500
2024-04-11,26.362613677978516,26.55610148893902,26.149778562111177,26.55610148893902,6434400
2024-04-12,26.188472747802734,26.594795639420724,26.120752573405795,26.44000614216019,3484200
2024-04-15,25.94661521911621,26.43033288344048,25.811174863581076,26.343263556243198,3328000
2024-04-16,25.695079803466797,25.927264042762534,25.404849965656204,25.927264042762534,3210800
2024-04-17,26.265865325927734,26.34326006816241,25.830520592821255,25.91758990848979,3319600
2024-04-18,26.507726669311523,26.56577227024758,26.16912394758448,26.440006494013392,3492500
2024-04-19,26.681865692138672,26.90437536988266,26.56577264339949,26.61414551588932,5768000
2024-04-22,27.001117706298828,27.107536174378563,26.575445679216188,26.6721895733581,3159000
2024-04-23,27.020465850830078,27.17525533761486,26.80762892257383,26.952745681016268,2637100
2024-04-24,27.262325286865234,27.301021736840777,26.64316732536634,26.817304118110695,5601100
2024-04-25,27.1849308013916,27.33004571934974,26.914048268029795,27.2429763995276,4203900
2024-04-26,27.030141830444336,27.29134794970825,27.010792682280687,27.18493132528085,4606900
2024-04-29,27.249897003173828,27.376868894388114,27.093625339298686,27.21083001865763,2797500
2024-04-30,27.210830688476562,27.37686956829424,26.82014965626657,27.025257384467338,4056900
2024-05-01,27.44523811340332,27.757781447974185,27.13269477883246,27.152227340064222,4141300
2024-05-02,27.835918426513672,27.85545285145411,27.425704817290942,27.533142291558057,3522700
2024-05-03,27.874984741210938,28.070323384133708,27.64057538905541,28.001954765965483,3485800
2024-05-06,28.089860916137695,28.12892790388393,27.71871428656913,27.953123664667874,4716000
2024-05-07,28.37310028076172,28.490304960099582,28.08009137677484,28.22659582876828,5500100
2024-05-08,28.050790786743164,28.343801564556532,27.816383282235616,28.01172380077786,6180500
2024-05-09,28.22659683227539,28.294965454775948,27.66011156496403,28.119161223876763,7911800
2024-05-10,28.011722564697266,28.373100086276995,27.84568369013477,28.343800313822253,4425600
2024-05-13,28.128925323486328,28.23636279001707,28.01172250809385,28.031256931627652,4221400
2024-05-14,28.197298049926758,28.35356972482366,28.070326149757204,28.35356972482366,3552000
2024-05-15,28.451236724853516,28.597743042904423,28.363335542090276,28.48053836104474,3909700
2024-05-16,28.47077178955078,28.71494650792241,28.42193759103856,28.431704803322056,3237900
2024-05-17,28.548908233642578,28.56844265862609,28.24613209801934,28.451237971630317,9362400
2024-05-20,28.44147300720215,28.617277245718622,28.31450110599515,28.597744683375897,4729200
2024-05-21,28.529373168945312,28.754015325407956,28.35356893675166,28.421937559755623,2952300
2024-05-22,28.197298049926758,28.519608612264786,28.167996412294094,28.421938349727892,3087200
2024-05-23,27.425703048706055,28.05078970324813,27.40616862502532,28.05078970324813,3145600
2024-05-24,27.38663673400879,27.53314118938681,27.181529006155387,27.52337397730758,3715800
2024-05-28,27.249897003173828,27.611276390200825,27.23036257946314,27.41593587890431,4117600
2024-05-29,27.122926712036133,27.288965586157655,26.95688783791461,27.044790880855718,3582900
2024-05-30,27.328033447265625,27.34756787141389,27.142462006572792,27.26943203772606,2516200
2024-05-31,28.38286781311035,28.42193666096586,27.396401759621224,27.445237819440607,9429800
2024-06-03,27.943355560302734,28.48053919928236,27.904286710897892,28.38286893867554,5819700
2024-06-04,28.431705474853516,28.548908299213178,27.728481077074328,27.835918551825106,4962200
2024-06-05,28.060558319091797,28.412170511317136,28.041023894433664,28.353569100248002,3010800
2024-06-06,27.874984741210938,28.148459213883843,27.796847048555676,27.923818936215348,3112700
2024-06-07,27.621044158935547,27.806615599212922,27.484305053109058,27.591742522778752,3730100
2024-06-10,27.767547607421875,27.85545064980083,27.455004284699,27.591741522663973,3314400
2024-06-11,27.660110473632812,27.75778072888227,27.40616855514629,27.55267300656789,4177800
2024-06-12,27.513607025146484,28.07032507858535,27.406169554165217,28.07032507858535,4830500
2024-06-13,27.630809783935547,27.65034234401295,27.269430410379453,27.464770914394386,3970100
2024-06-14,27.513607025146484,27.63081170829925,27.367102568384453,27.494072600803484,1806800
2024-06-17,27.34756851196289,27.542909032210446,27.21083126553276,27.34756851196289,2914500
2024-06-18,27.415935516357422,27.513605770714094,27.181528023644503,27.259663854548812,4220400
2024-06-20,27.67964744567871,27.884753323971644,27.425705503812214,27.49407412990986,3610500
2024-06-21,27.660110473632812,27.865218195947193,27.611276277460668,27.650343261817348,13442100
2024-06-24,28.207061767578125,28.294964812484956,27.630811164051977,27.630811164051977,2998400
2024-06-25,28.158226013183594,28.207060207472995,27.8359154873203,28.158226013183594,4371700
2024-06-26,28.343801498413086,28.373101272092374,27.855452066102337,28.001956523214513,4590200
2024-06-27,28.32426643371582,28.490305311464155,28.29496479779369,28.402402266602966,5492000
2024-06-28,28.13869285583496,28.421936411586547,27.914052571352435,28.373100352195664,5331900
2024-07-01,28.03125762939453,28.353568174104687,27.97265435733435,28.246130704899567,4268600
2024-07-02,27.90428352355957,28.070322388753972,27.87498375275795,28.070322388753972,2529600
2024-07-03,27.972654342651367,28.294964887192343,27.87498594841275,27.884751297512445,2031700
2024-07-05,27.874984741210938,28.119159442043248,27.835915894883307,27.962885919637852,6199600
2024-07-08,27.90428352355957,28.070322388753972,27.75777908083629,27.97265213930343,3434700
2024-07-09,28.23636245727539,28.50007158315862,27.85545051738082,27.85545051738082,4870900
2024-07-10,28.529373168945312,28.539140381218058,28.109394218648788,28.38286871066464,3627100
2024-07-11,29.00795555114746,29.222828619805203,28.685645016708275,28.812615042982134,3455500
2024-07-12,29.369333267211914,29.535372141398792,29.066557154131786,29.173994620636577,3596500
2024-07-15,29.03725814819336,29.398637564584035,28.978656735204854,29.27166566305272,3056400
2024-07-16,29.33026695251465,29.408402785509246,29.095859453530856,29.242363907532575,3627900
2024-07-17,29.97488784790039,30.160459285754776,29.359566536978445,29.418169808526855,2892000
2024-07-18,29.955352783203125,30.40463334469812,29.80884833327672,29.82838275670828,3257600
2024-07-19,29.77954864501953,29.99442172809895,29.51583950016846,29.99442172809895,2920400
2024-07-22,30.082324981689453,30.160460818152078,29.779548848259946,29.818617697943903,2322000
2024-07-23,29.847915649414062,30.09209035631056,29.808848665021316,30.09209035631056,5755700
2024-07-24,30.287431716918945,30.39486918709798,29.89675254750231,30.140927261250862,3496000
2024-07-25,30.35580062866211,30.814848424248325,30.31673364279989,30.463238099867386,5480800
2024-07-26,30.5999755859375,30.726945619622064,30.433936703177523,30.52183975069194,2162300
2024-07-29,30.5999755859375,30.726945619622064,30.287432244955255,30.707413057989616,3514400
2024-07-30,30.68787956237793,30.756248187424163,30.443704836981194,30.541375099720952,3809000
2024-07-31,30.78145408630371,30.889805405887774,30.55490303512872,30.77160379554599,2910900
2024-08-01,31.2838077545166,31.34290762052379,30.682953167399116,30.94890538255776,3325000
2024-08-02,31.333057403564453,31.894512707583793,30.988304740000224,31.5202091715709,5209800
2024-08-05,30.111648559570312,31.421707136171232,30.072249276317695,31.362607271916907,5987800
2024-08-06,30.476102828979492,30.85040448698047,30.091949001391974,30.14120045557031,5925200
2024-08-07,30.633703231811523,31.04740604649679,30.387451601135787,30.88980515316439,5596500
2024-08-08,30.58445167541504,30.692802993747694,30.27910018045581,30.426850782613446,3719100
2024-08-09,30.879953384399414,30.929202956676864,30.200298390216254,30.604150894893742,4434600
2024-08-12,31.08680534362793,31.126206506353146,30.820855010236077,30.850404003529146,2800600
2024-08-13,31.165605545043945,31.224707288666625,30.998154362281348,31.205006707459066,2997600
2024-08-14,31.362607955932617,31.49065797773489,31.047406168033934,31.165605899120514,2755700
2024-08-15,31.254257202148438,31.293658365723903,30.929205117654412,31.205007626429996,3266200
2024-08-16,31.421709060668945,31.52021009295963,31.224708874838505,31.402008478460623,8375800
2024-08-19,31.64826011657715,31.687657521149145,31.421707192155424,31.421707192155424,2376800
2024-08-20,31.66796112060547,31.776308681502705,31.539909220906594,31.6088593767056,3384900
2024-08-21,31.83540916442871,31.963461059055557,31.61870653621429,31.61870653621429,4591200
2024-08-22,32.081661224365234,32.10136180515487,31.786160027523838,31.786160027523838,2171300
2024-08-23,32.13091278076172,32.249116272795256,32.02256145848188,32.13091278076172,3158300
2024-08-26,32.31806564331055,32.51506394356098,32.19986215415822,32.24911548672255,5225600
2024-08-27,32.22941207885742,32.46581152142772,32.150609759666395,32.24911265865518,5433700
2024-08-28,32.36731719970703,32.603716677479206,32.27866645616698,32.31806762162966,5831300
2024-08-29,32.327911376953125,32.3870131166327,32.04225860475393,32.347611956846315,3213500
2024-08-30,32.56431579589844,32.63326594935227,32.31806417427716,32.45596448118483,9601700
2024-09-03,32.69236373901367,32.84011621410699,32.426411538346606,32.623413585970525,2869900
2024-09-04,32.72191619873047,33.056818549474606,32.5840158938655,32.810566931501015,2565500
2024-09-05,32.89921951293945,32.99771866266314,32.74161861888053,32.98787025069145,2650600
2024-09-06,32.70221710205078,32.9878698936602,32.66281593958706,32.94846873119649,3197100
2024-09-09,32.94847106933594,33.027269642353524,32.69236725264943,32.72192000534522,4744700
2024-09-10,33.007568359375,33.332622329618175,32.7416198932693,32.99771994701999,6661600
2024-09-11,33.056819915771484,33.08636890874915,32.53476390898897,32.93861642885753,5306600
2024-09-12,33.12576675415039,33.253814882566495,32.84996240313593,33.15531574416929,4370800
2024-09-13,33.54932403564453,33.628122604780486,33.15531991745952,33.2144216624378,3956200
2024-09-16,33.864524841308594,33.97287615853018,33.62812162577954,33.66752278795133,3613600
2024-09-17,33.66752243041992,33.903921885936896,33.61827285697902,33.82512331993177,2387900
2024-09-18,33.559173583984375,33.854674803877465,33.342470935895236,33.677373320441234,2452800
2024-09-19,33.32277297973633,33.3818709672074,32.82041754122175,33.27351964684144,4097800
2024-09-20,33.56902313232422,33.62812111718645,33.224268604787675,33.37202108194642,6689000
2024-09-23,33.75617218017578,33.834970743880554,33.519768974058486,33.667521447569484,3316400
2024-09-24,33.736473083496094,34.05167486717972,33.43111971164561,33.53947102931841,3322700
2024-09-25,33.66752243041992,33.94332304769026,33.411418636524665,33.94332304769026,4066800
2024-09-26,33.608421325683594,33.8743735363142,33.44097202130599,33.608421325683594,2262400
2024-09-27,33.864524841308594,33.992572982114424,33.63797379507331,33.81527526734469,2830100
2024-09-30,34.13047790527344,34.1797274804719,33.76602278230102,34.051675578954516,2720400
2024-10-01,34.307777404785156,34.57372584703021,34.012272455621286,34.13047593828744,2663400
2024-10-02,34.16002655029297,34.24867728774622,33.923623331250404,34.03197465008234,1983900
2024-10-03,34.16987609863281,34.3471775794359,34.041827951665326,34.25852683903435,2389700
2024-10-04,34.12062454223633,34.160025704017585,33.834971755574614,33.94332307172227,2435600
2024-10-07,33.50992202758789,34.00242528415296,33.450820284099485,33.96302412182736,3501000
2024-10-08,33.608421325683594,33.894074117564806,33.608421325683594,33.65767090005926,1832500
2024-10-09,33.48037338256836,33.79557516944588,33.372022063797644,33.55917195053689,2020400
2024-10-10,33.23412322998047,33.70692593132702,33.14547248863412,33.54932503087817,1786600
2024-10-11,33.42127227783203,33.49022243518669,33.23412238751251,33.23412238751251,1706100
2024-10-14,33.70692443847656,33.77587459452533,33.35232148879624,33.46067280758764,1695700
2024-10-15,33.972877502441406,34.29792770946296,33.844825599068415,33.88422676279884,1728100
2024-10-16,34.573726654052734,34.60327940415985,34.061526580549646,34.10092398485647,2589500
2024-10-17,34.43582534790039,34.55402882990227,34.29792504306636,34.544176660984704,3125900
2024-10-18,34.613128662109375,34.642677655437325,34.24867730022509,34.42597877519619,2192700
2024-10-21,34.40627670288086,34.66237673479613,34.32747438075214,34.57372600115209,2194600
2024-10-22,34.24867630004883,34.366876027410505,34.051674249444986,34.07137483025553,3212200
2024-10-23,34.78057861328125,34.790427024342186,34.19942466565062,34.24867423595802,3259700
2024-10-24,34.731327056884766,34.94802968629153,34.66237690343744,34.81012937939688,1895100
2024-10-25,34.29792785644531,34.93818361855228,34.24867828032212,34.90863086687692,2653300
2024-10-28,34.613128662109375,34.672230406266976,34.26837788161095,34.26837788161095,2866100
2024-10-29,33.90392303466797,34.45552804539969,33.86452562908134,34.45552804539969,4162400
2024-10-30,34.6032829284668,34.908632569827596,34.20927878525688,34.20927878525688,6105100
2024-10-31,34.89606475830078,35.183888727928974,34.578467200801235,34.59831752140265,3307400
2024-11-01,34.23109436035156,35.183886985669155,34.17154340149621,35.00523789516444,3137000
2024-11-04,34.479217529296875,34.77696475017986,33.97304384634061,34.13184261654895,5722200
2024-11-05,34.965538024902344,34.98538834495735,34.250941647167814,34.34026619438463,3594900
2024-11-06,34.89606475830078,35.223589369131794,34.80674020862519,35.04494026978061,5017400
2024-11-07,34.73726272583008,35.13426152854975,34.55861364321235,35.04493698724088,2945700
2024-11-08,35.69998550415039,35.89848113692259,34.82659033291896,34.9556155230701,4630900
2024-11-11,35.9481086730957,36.12675777065429,35.61066079838076,35.680135026757824,4163100
2024-11-12,35.68013381958008,36.02750494971266,35.68013381958008,35.858782911094366,4073900
2024-11-13,35.977882385253906,36.13668116296015,35.63051124216571,35.928258477107235,3670300
2024-11-14,35.74960708618164,36.196229802981186,35.66028254282173,36.007653663631785,2933500
2024-11-15,36.29547882080078,36.464204646567374,35.749608275906766,35.78930891562377,9191600
2024-11-18,36.5336799621582,36.543603229352584,36.057283629536265,36.22600567427129,5888300
2024-11-19,36.831424713134766,36.89097188440863,36.28555418877734,36.424502636498005,3356500
2024-11-20,37.019996643066406,37.03984696195154,36.63292488995929,36.871124930519706,3055000
2024-11-21,37.56586837768555,37.65519292253064,36.94060034983123,37.02992489467632,3023000
2024-11-22,37.42692184448242,37.78422004216766,37.337597295061116,37.70482254604956,2678600
2024-11-25,37.66511917114258,37.94301606647783,37.416995861432895,37.58571789472608,4209600
2024-11-26,37.962867736816406,37.992641323501715,37.575795965661825,37.69489409846445,1858300
2024-11-27,37.962867736816406,38.27054201478969,37.913243830320425,38.12166650924037,2431500
2024-11-29,37.80406951904297,38.02241925410251,37.61549715716701,37.94301797369488,2276800
2024-12-02,37.06962203979492,37.92316685591624,37.05969877298341,37.873542949735985,3361000
2024-12-03,36.781803131103516,37.35744727744896,36.732175437159725,37.317746636718525,3655900
2024-12-04,36.970375061035156,37.029926021431024,36.64285045795005,36.74210205860983,5806100
2024-12-05,37.00014877319336,37.21849850932104,36.920751278458766,36.920751278458766,2712600
2024-12-06,36.781803131103516,37.09940068482407,36.702401849642634,36.97037549548088,3823400
2024-12-09,36.33517837524414,36.8314249987005,36.245853831579545,36.642848858707865,5285600
2024-12-10,36.33517837524414,36.493977143307724,35.848855018389955,36.25577709818171,5217400
2024-12-11,36.48405075073242,36.58330234885617,36.16645320885912,36.46420421716902,4186800
2024-12-12,36.25577926635742,36.78180329320022,36.15653145015542,36.69247874419382,5437100
2024-12-13,36.27562713623047,36.53367749862162,36.146601955034896,36.27562713623047,2556900
2024-12-16,36.06720733642578,36.53368040754011,36.05728406911042,36.3054073986714,3104600
2024-12-17,35.93817901611328,36.216079695548885,35.69998276066701,35.81908088839015,3019000
2024-12-18,35.16403579711914,36.24585358019341,35.15410874452455,35.83893150322389,3642000
2024-12-19,35.600730895996094,35.977879381332016,35.09456101746358,35.09456101746358,4303400
2024-12-20,35.89847946166992,36.08705560448946,35.441933469900796,35.53125801490444,10404000
2024-12-23,36.16645431518555,36.20615495564948,35.5610365853871,35.749608948498604,2261800
2024-12-24,36.58330154418945,36.58330154418945,36.03743101773022,36.09697818923336,1038500
2024-12-26,36.5733757019043,36.61307634159439,36.32525238293327,36.374880075576584,1236900
2024-12-27,36.48405075073242,36.67262689413687,36.22600416773337,36.28555512660762,1929300
2024-12-30,36.424503326416016,36.503900818305446,36.06720514776028,36.28555487606352,2061000
