Price,Close,High,Low,Open,Volume
Ticker,NRG,NRG,NRG,NRG,NRG
Date,,,,,
2015-01-02,21.705835342407227,21.768979530457,21.192788626318293,21.334863425799334,4712900
2015-01-05,20.8770751953125,22.021564203558654,20.711320701139243,22.021564203558654,4980200
2015-01-06,20.608707427978516,21.042823594092216,20.411381624203848,20.955999758678914,4623400
2015-01-07,20.703420639038086,21.090178990221297,20.616598318879397,20.82181580687356,3567800
2015-01-08,21.161218643188477,21.232256052542105,20.695529628748652,20.719209267025327,3245400
2015-01-09,21.421688079833984,21.56376289481063,21.216469069920652,21.461154142592143,3492100
2015-01-12,21.066505432128906,21.390119663670703,20.924430597700493,21.390119663670703,3448900
2015-01-13,21.21647071838379,21.334867410381005,20.78235453264892,20.81392738530857,5944900
2015-01-14,21.28750991821289,21.31908277352269,20.742891713408277,20.869180123694267,4112000
2015-01-15,20.971782684326172,21.642690606287868,20.916531709366296,21.398007071975776,4819700
2015-01-16,20.75867462158203,21.271722932254153,20.569242024531775,20.948108724108742,5447800
2015-01-20,19.480009078979492,20.91654109439768,19.416864864196608,20.91654109439768,6382000
2015-01-21,20.103551864624023,20.19037569795579,19.393179289161154,19.70100705391724,8804100
2015-01-22,19.803621292114258,20.22984432085288,19.511578388432294,20.127235547139943,4536300
2015-01-23,19.76416015625,19.969377739287385,19.732587293950747,19.850982516619066,3082100
2015-01-26,20.158803939819336,20.16669564680015,19.629970749000524,19.677328518267128,2051300
2015-01-27,20.000946044921875,20.206165086682688,19.914122198856294,20.087769890987456,2478700
2015-01-28,19.424753189086914,20.18248357572441,19.408966762996187,20.02462383124649,3536200
2015-01-29,19.396961212158203,19.484299629908897,18.864993740620214,19.460479648413532,6014600
2015-01-30,19.57957649230957,20.055965520577722,19.158765906366224,19.214345863090003,5081100
2015-02-02,20.02421760559082,20.143316070188295,19.325514387205047,19.61134827919917,4732700
2015-02-03,20.67527198791504,20.937285733642117,20.01626611217828,20.01626611217828,6356500
2015-02-04,20.67527198791504,20.794368869718436,20.294159845985547,20.55617359171263,5277600
2015-02-05,20.91346549987793,21.04844236813739,20.667331745192676,20.786428625563026,3833400
2015-02-06,20.07185173034668,20.873773181734997,19.976573289397813,20.83407320033987,3337300
2015-02-09,20.667333602905273,21.016684281473644,20.055967643811925,20.119486086678823,4397200
2015-02-10,21.0802059173584,21.167544357429207,20.365622948268165,20.707035198291113,3870500
2015-02-11,20.476776123046875,20.897585194930862,20.42913616010233,20.88170520728268,3923600
2015-02-12,20.214767456054688,20.572059722550332,20.103610535100252,20.532361254895022,2969300
2015-02-13,20.143310546875,20.34180591424334,19.99245364364321,20.08773057191631,2776700
2015-02-17,19.833654403686523,20.02420975214733,19.56370061476723,20.02420975214733,4148100
2015-02-18,20.580001831054688,20.746737229598136,19.6748633489054,20.15919106448372,3628200
2015-02-19,20.119489669799805,20.579998841197614,19.786017406760052,20.564118849053006,5299800
2015-02-20,20.15918731689453,20.222705768493437,19.82571506740044,20.16712731264431,3259100
2015-02-23,20.119489669799805,20.190948120051136,19.786017406760052,20.135369661944413,2538800
2015-02-24,20.548233032226562,20.778488309856115,20.103603979009637,20.11154397283124,3262500
2015-02-25,20.151247024536133,20.579997702317417,20.07979009263857,20.540299238552183,2414500
2015-02-26,19.66691780090332,20.167125369755077,19.65103781093363,20.143306899199732,4176900
2015-02-27,19.039670944213867,20.524416620780602,18.75383871000356,20.484716647696445,5528800
2015-03-02,18.57122230529785,19.039671398063476,18.428305427586416,19.039671398063476,5423000
2015-03-03,19.166711807250977,19.293748718687976,18.57122571699024,18.58710570951973,4761300
2015-03-04,19.365201950073242,19.40490192069438,18.912632885785527,19.095248207445653,4188700
2015-03-05,19.905109405517578,20.000387820466575,19.36520192107099,19.484300318356993,4996700
2015-03-06,19.444604873657227,19.82571559336123,19.381086420373226,19.809837115839766,5034800
2015-03-09,18.83323860168457,19.57164155927462,18.76972014911765,19.500183110836915,5089400
2015-03-10,18.57122230529785,18.864996055526817,18.523583850860426,18.69825919339709,5690800
2015-03-11,18.356855392456055,18.761784678742828,18.3409753968841,18.595049268436476,4633800
2015-03-12,18.483884811401367,18.59504170640149,18.34890793273017,18.460064827730292,3797400
2015-03-13,18.634746551513672,18.78560347100243,18.08690036890649,18.364792701649424,5190300
2015-03-16,18.880876541137695,19.04761189324838,18.77765812034605,18.880876541137695,4158200
2015-03-17,19.31756591796875,19.373144369396815,18.841176811672266,18.849116806790448,2971100
2015-03-18,20.119489669799805,20.31004503233689,19.19847132700418,19.22228980082169,5036100
2015-03-19,19.547821044921875,20.206825489391665,19.396964167927813,19.913051730445254,3506500
2015-03-20,20.20682716369629,20.246525627794977,19.611341115819968,19.69867803971695,5664300
2015-03-23,20.429134368896484,20.707028070778325,20.143302188285567,20.159180660142567,3895400
2015-03-24,20.079790115356445,20.57999772560122,20.016270150221292,20.42914083720387,6032200
2015-03-25,19.65898323059082,20.214769403300163,19.603404764759848,20.190950926172384,2813100
2015-03-26,19.57957649230957,20.000387078252917,19.563696504674205,19.714553358412232,3815100
2015-03-27,19.21434783935547,19.73043537539454,19.111129423508178,19.579578506140336,4548400
2015-03-30,19.786020278930664,20.04009413252855,19.21435410833542,19.333451037909477,5634600
2015-03-31,20.000391006469727,20.05596945971053,19.682798763379942,19.77013568373009,4283900
2015-04-01,18.737958908081055,19.84159242606781,18.682380459606776,19.84159242606781,9702700
2015-04-02,19.047611236572266,19.293745015944967,18.785597467717675,18.785597467717675,5972000
2015-04-06,19.452537536621094,19.5557544163983,18.730014834984214,18.999968538276985,4588500
2015-04-07,19.762197494506836,19.897174399456034,19.25404985912134,19.468425210699376,4397500
2015-04-08,19.786020278930664,20.095672598703135,19.722501815531192,19.92893720017938,4759600
2015-04-09,19.539886474609375,19.88129878419087,19.357269566749757,19.793960328884083,3750700
2015-04-10,19.50812339782715,19.666920288813856,19.36520649881899,19.571641851341955,2280200
2015-04-13,19.524002075195312,19.817774335020935,19.39696517671948,19.547822061559263,3138100
2015-04-14,19.333444595336914,19.69073526499747,19.174647732555034,19.50811993287769,3883600
2015-04-15,19.968637466430664,20.087734406707636,19.42078972387689,19.460489713569054,5177500
2015-04-16,19.928926467895508,20.12742174842355,19.611334321930396,19.928926467895508,2909900
2015-04-17,19.817771911621094,19.984508766980895,19.65103657066039,19.80983343153648,3858600
2015-04-20,20.57205581665039,20.635574261478677,19.889231398946936,19.928931373464103,5317200
2015-04-21,20.22270393371582,20.778491470579926,20.119487027132077,20.61969459879041,4260600
2015-04-22,19.905109405517578,20.206823124190215,19.80983250496761,20.206823124190215,3802900
2015-04-23,19.619277954101562,20.119487040491233,19.53194103751862,19.897171722718134,4254100
2015-04-24,20.270343780517578,21.381917333081038,19.53194090566923,19.635157811624747,6397600
2015-04-27,20.095670700073242,20.373564519090507,19.94481531025201,20.214767618395076,5984200
2015-04-28,20.333860397338867,20.365618860007906,19.944809764649015,20.01626668425412,4163200
2015-04-29,20.489572525024414,20.545467452240285,20.02644116992106,20.17017185306047,3924700
2015-04-30,20.154199600219727,20.385766018158943,19.866738260163427,20.33785477946796,5388900
2015-05-01,20.154199600219727,20.329869573019465,20.018454136640074,20.186140426013715,4253800
2015-05-04,20.377779006958008,20.697179621498268,20.11427330958451,20.19412384397514,4236000
2015-05-05,20.050397872924805,20.697184458915814,19.946591697048365,20.377783769724118,5289600
2015-05-06,19.63517189025879,20.26598792207937,19.523382054422246,20.13024246869687,4594400
2015-05-07,19.938602447509766,20.130242822175664,19.475471161311606,19.627187029055477,5990500
2015-05-08,21.080461502075195,21.38389324460931,20.36979490580807,20.385765318156675,7024700
2015-05-11,20.76106071472168,21.13635626396899,20.729119890263693,21.08844655030435,4665900
2015-05-12,21.104421615600586,21.152331339828283,20.417708968572015,20.66524432060823,3960700
2015-05-13,20.808975219726562,21.256137726965093,20.737109871171178,21.20024127129326,3488900
2015-05-14,20.593381881713867,21.032557683240103,20.441665967922553,20.864871352623855,2847200
2015-05-15,20.840913772583008,20.960688832737002,20.385767630184322,20.59337844519509,2795500
2015-05-18,20.800987243652344,20.8488984849952,20.505542203817154,20.75307752533197,1866400
2015-05-19,20.60135841369629,20.68919415271145,20.425688458688207,20.66523853579216,2362900
2015-05-20,20.54545783996582,20.71314406618331,20.401727224071355,20.593369060611863,1563600
2015-05-21,20.840913772583008,20.888823492040103,20.457632970881225,20.489572276178446,2304300
2015-05-22,20.73710823059082,20.80098836613932,20.60136275217244,20.729123023269437,1704700
2015-05-26,20.194122314453125,20.6652372333284,20.10628658097397,20.6652372333284,3218900
2015-05-27,20.242036819458008,20.40173639096879,20.09032093195363,20.20211078431343,5283200
2015-05-28,20.297929763793945,20.55345027168076,20.16218430360128,20.250020049320756,3586600
2015-05-29,20.122255325317383,20.313895663660535,19.842779260767024,20.226059937453332,3508800
2015-06-01,20.0743465423584,20.202106783474303,19.970541917585056,20.09830215870096,2175700
2015-06-02,19.738977432250977,20.010468351559727,19.595248289401365,19.962558637276523,3958400
2015-06-03,19.730995178222656,19.762936007872078,19.331743945740392,19.730995178222656,4027700
2015-06-04,19.475473403930664,19.786890381267227,19.41957847859455,19.62718928914476,3912000
2015-06-05,19.46748924255371,19.62719034325317,19.092193635839322,19.31577487221405,3226600
2015-06-08,19.188007354736328,19.47546709520794,19.092186425897793,19.44352780094309,3029500
2015-06-09,19.052265167236328,19.315770862575157,19.044279961556697,19.2119647117622,4445600
2015-06-10,19.659130096435547,20.14621553316232,19.539353515956392,19.611218855034892,6116400
2015-06-11,19.587265014648438,19.802859511693416,19.283833240548457,19.802859511693416,3134300
2015-06-12,19.307785034179688,19.619200430530263,19.164054382626436,19.523381011509564,2781000
2015-06-15,19.116151809692383,19.32376265910691,19.06025687389285,19.24391209809782,2533700
2015-06-16,19.331743240356445,19.347713654598422,18.956447643805173,19.108163533058892,2483100
2015-06-17,19.49144172668457,19.53935143997251,19.172041099727767,19.331740651695007,3435500
2015-06-18,19.938602447509766,20.018452984376136,19.491441573289343,19.51539719125595,4863000
2015-06-19,19.898681640625,20.106292465872585,19.810845881437245,20.066366428504242,4770800
2015-06-22,20.034420013427734,20.273970060555133,19.94658428540406,19.970539899325622,3007000
2015-06-23,19.954570770263672,20.186137150629136,19.9146462675217,20.14621112486501,3579600
2015-06-24,19.874723434448242,20.00248369137264,19.842784131728344,19.882708640883816,4418300
2015-06-25,19.451515197753906,19.930615326882645,19.411589171645065,19.914646439461276,3624700
2015-06-26,19.32375717163086,19.443532217619914,19.211965808755043,19.42756180534875,4166900
2015-06-29,18.71689224243164,19.29979849062943,18.700921832694746,19.227933169835502,4313700
2015-06-30,18.269737243652344,18.828689624699177,18.22981272630159,18.772794691199035,6531000
2015-07-01,17.926380157470703,18.365555884633363,17.822573988708427,18.357570677572994,5229000
2015-07-02,18.046154022216797,18.189884693739774,17.7507074726393,18.09406373838365,4344800
2015-07-06,18.173912048339844,18.221821758621854,17.93436045088533,18.189882459441257,4338200
2015-07-07,18.445402145385742,18.541221561796092,18.070105115882413,18.165926055314927,4839400
2015-07-08,17.646902084350586,18.413463602555797,17.60697605338843,18.30965896809889,3674000
2015-07-09,17.479219436645508,17.854516590653017,17.335488741325413,17.814590551384843,4033700
2015-07-10,17.375408172607422,17.646899044290514,17.28757244264463,17.646899044290514,4933400
2015-07-13,17.750707626342773,17.758692832943463,17.279591098059136,17.471231487408378,3034800
2015-07-14,17.630929946899414,18.229806645534616,17.567049826632548,18.229806645534616,2920600
2015-07-15,17.479219436645508,17.71877110318656,17.375414780593587,17.66287617123378,2500100
2015-07-16,17.766672134399414,17.934356848212886,17.383391483092687,17.51115170019493,2902900
2015-07-17,17.758695602416992,17.89444108975339,17.583025598873338,17.75071039457101,2888100
2015-07-20,17.22369956970215,17.8066060592426,17.071983660430412,17.79862237409074,6682600
2015-07-21,16.81645965576172,17.223696051341413,16.736609113349978,17.20772563825458,3878200
2015-07-22,17.551084518432617,17.591010557095974,16.72862792126189,16.78452285236794,5515900
2015-07-23,17.287574768066406,17.59100649983256,17.15182931396519,17.519141169836487,4074000
2015-07-24,17.087953567504883,17.279593988915348,17.06399946671775,17.223699056381797,5251100
2015-07-27,17.20772361755371,17.45526042226413,16.99212915828839,17.087948579512478,5097300
2015-07-28,17.69481658935547,17.718772214418752,17.15183460543653,17.22369995760361,4874600
2015-07-29,17.56705093383789,17.69481118242402,17.39138097278754,17.622945852216535,3431400
2015-07-30,17.97297477722168,18.14981028714988,17.434428527522883,17.506770675477,3143500
2015-07-31,18.045312881469727,18.54366808555983,17.997083771556216,18.093540458256218,3948900
2015-08-03,17.900630950927734,18.165884957513846,17.65145178328076,17.997086117071472,5873900
2015-08-04,16.108152389526367,17.603219314851614,16.003657533222302,17.426383870579777,15806400
2015-08-05,16.100120544433594,16.847653534840834,16.03581658182456,16.124233572207356,7234600
2015-08-06,15.617830276489258,16.067957732827125,15.424918509487314,16.067957732827125,8551700
2015-08-07,15.754485130310059,16.236765584599333,15.593724467837866,15.609800840710546,5782100
2015-08-10,15.955430030822754,16.180493045731186,15.561568221606198,15.601757607660758,5558300
2015-08-11,15.457076072692871,16.003660404297804,15.34454454552494,15.891128877129873,5165700
2015-08-12,16.50201988220215,16.510058068773763,15.232015533306269,15.43296559821465,7055600
2015-08-13,16.341259002685547,16.654740609230117,16.22872745841361,16.502019665754577,3776100
2015-08-14,16.71100425720215,16.74315546290311,16.260875112372922,16.260875112372922,3873000
2015-08-17,17.072717666625977,17.10487041354519,16.65474115544035,16.662779342170154,4660800
2015-08-18,16.87176513671875,17.05663880515507,16.694929653839722,16.984296668266573,2813100
2015-08-19,16.847654342651367,17.072718989138075,16.654742445574534,16.74316097332422,5524000
2015-08-20,16.317142486572266,16.903917763220353,16.309105834197126,16.743157119429373,4372500
2015-08-21,15.73840618133545,16.2447995789187,15.666064048376835,16.140306238604616,5598300
2015-08-24,15.44903564453125,16.36536869871,15.256123826053315,15.2963147464405,10988800
2015-08-25,15.191819190979004,16.38948096739694,15.175742823560212,15.955429778977024,6926200
2015-08-26,15.328468322753906,15.561571097707647,14.910491884777803,15.561571097707647,5600100
2015-08-27,15.931320190429688,16.23676513402522,15.376697606731566,15.408850351584679,6723500
2015-08-28,16.252838134765625,16.43771333050299,15.923280202937876,15.939356573545835,3367100
2015-08-31,16.01169204711914,16.325173477927297,15.666057888470945,16.100110515552803,5375500
2015-09-01,15.465116500854492,15.915244207935642,15.320432211725157,15.778598105216524,4611700
2015-09-02,15.01498794555664,15.842901168384348,14.926569433166417,15.810749957687035,5740100
2015-09-03,15.191819190979004,15.6580231142365,14.91048889365727,15.031060116171428,5498600
2015-09-04,14.412135124206543,15.014985160970609,14.404096939741125,14.99890879203977,5763800
2015-09-08,14.797959327697754,14.814035697223838,14.58093293847656,14.701504176795211,5226300
2015-09-09,14.468400955200195,15.079289179506103,14.4442864016825,14.910490371136095,4310600
2015-09-10,14.749733924865723,14.773846949579688,14.219225917377557,14.428214152619441,6888100
2015-09-11,14.830116271972656,14.830116271972656,14.580937073042124,14.653279223295836,3488200
2015-09-14,14.805997848510742,14.87833997989308,14.629162379091145,14.846187240111146,4808500
2015-09-15,15.31239128112793,15.465113729297562,14.958720341224705,14.990871547976353,6023300
2015-09-16,15.248086929321289,15.38473300392059,15.13555540899021,15.304354222613808,6446200
2015-09-17,15.408848762512207,15.698217303839398,15.01498687744303,15.256126306464289,7428100
2015-09-18,14.452325820922852,15.48119052867495,14.2674521608733,15.384733839490323,15523100
2015-09-21,13.182324409484863,14.765811957194762,13.126058634655505,14.669355248110591,14325600
2015-09-22,12.346369743347168,13.222512775858268,12.008773626806576,13.222512775858268,19685900
2015-09-23,12.40263557434082,12.852763193300042,12.137381607241831,12.153457210351483,11341500
2015-09-24,12.442826271057129,12.58751054704361,12.040926185817865,12.24991441411754,10102900
2015-09-25,12.11326789855957,12.643775869801075,12.048963948503845,12.579471919745352,10803700
2015-09-28,11.968583106994629,12.193646907984052,11.904279163854795,12.113266595777523,9496600
2015-09-29,11.630988121032715,12.02485000161403,11.598836146425333,12.00877363102857,9956500
2015-09-30,11.936430931091309,12.016810475358392,11.727442736182669,11.727442736182669,10736900
2015-10-01,11.848014831542969,12.089155046229875,11.791749062522682,11.95250895012608,11130300
2015-10-02,11.952505111694336,12.040922829840806,11.69528937413125,11.69528937413125,14113000
2015-10-05,12.692002296447754,12.788458206946096,12.057000310744417,12.057000310744417,12920200
2015-10-06,12.683967590332031,12.804538086439134,12.394599779489548,12.724157755701064,5083800
2015-10-07,12.378520965576172,12.949219821455655,12.338331574696442,12.764345403842224,7447900
2015-10-08,12.418712615966797,12.547320521995244,12.073079060156235,12.338333057980808,13124400
2015-10-09,12.426746368408203,12.53927862931824,12.169530648114762,12.442821967644887,5324100
2015-10-12,11.984661102294922,12.523207308537062,11.888205168327264,12.466941538696833,4810400
2015-10-13,12.08111572265625,12.362446074394967,11.695292028737079,12.000736169704858,7284600
2015-10-14,12.217761993408203,12.442825818315267,12.03288832887543,12.137382439223169,4839600
2015-10-15,12.362445831298828,12.40263599026599,12.0730780665496,12.257951724609615,3516300
2015-10-16,12.073080062866211,12.442827440124974,11.880167421237907,12.37852348177009,4651900
2015-10-19,11.896242141723633,12.024850040569799,11.703330293454382,11.960546091146716,4159700
2015-10-20,12.257954597473145,12.362448728652362,11.888206428132717,11.888206428132717,5477300
2015-10-21,11.896242141723633,12.314217812973675,11.86409016701209,12.257952048869363,4224000
2015-10-22,11.992697715759277,12.09719182216221,11.783709502953409,11.976621345591047,5609400
2015-10-23,11.269279479980469,12.00877497895502,11.221051129374226,12.000737559323671,7593600
2015-10-26,10.569968223571777,11.293388582914886,10.513702476696082,11.27731221719994,9598700
2015-10-27,10.168070793151855,10.594085391155199,10.143957005181468,10.569970836621312,15136500
2015-10-28,10.473518371582031,10.72269681798199,10.168074145844301,10.17611233333934,8364600
2015-10-29,10.477583885192871,10.583253944763117,10.420684145307199,10.44507008033974,4403200
2015-10-30,10.477583885192871,10.542611494899138,10.282500280883822,10.420684145307199,4596400
2015-11-02,10.859617233276367,10.924644821035688,10.363781682814054,10.45319442218562,7998800
2015-11-03,10.957158088684082,11.225397844296218,10.802717768970385,10.810846410847411,7984600
2015-11-04,11.444865226745605,11.818774208948513,11.11159867688452,11.32293870491006,10410700
2015-11-05,11.038442611694336,11.436736748926931,10.94090123779186,11.339195375024454,7089400
2015-11-06,10.981545448303223,10.981545448303223,10.59137911434698,10.8758754156732,6664900
2015-11-09,10.8108491897583,11.217272085800417,10.664536699122289,10.957160905204157,6140600
2015-11-10,11.038442611694336,11.176626418520327,10.697047415440702,10.697047415440702,4705400
2015-11-11,10.591377258300781,11.168497627566344,10.453193453322411,11.095341404320159,6904100
2015-11-12,10.168700218200684,10.664535831987134,10.152442931589608,10.477581687100308,7222600
2015-11-13,10.249985694885254,10.445069284327099,10.022389078258332,10.193086734526073,8722100
2015-11-16,10.339396476745605,10.428809215646247,10.168698865978934,10.193084017462747,7307400
2015-11-17,9.770404815673828,10.355653109398885,9.721633736935075,10.339396599945966,4630100
2015-11-18,9.859816551208496,10.022385505126584,9.615962732736406,9.851687909715112,11028600
2015-11-19,9.697247505187988,9.900458889453018,9.453393689031971,9.900458889453018,5685000
2015-11-20,9.754150390625,9.83543528728963,9.567196213562662,9.827306642585123,4181000
2015-11-23,9.876073837280273,9.941101423971947,9.615963490513577,9.827303534856508,6477200
2015-11-24,10.258105278015137,10.306876326092363,9.794783809634291,9.794783809634291,6917800
2015-11-25,9.900460243225098,10.201213040038978,9.819175368328365,10.201213040038978,6371000
2015-11-27,9.445266723632812,9.94110231015475,9.388367774002932,9.900460646242006,3425900
2015-11-30,10.046770095825195,10.095541166883951,9.355851886290292,9.485907042193809,8749800
2015-12-01,10.038643836975098,10.282496905735627,9.786661350681886,9.900460017909465,6499100
2015-12-02,8.770602226257324,9.924842807764279,8.55113436156534,9.924842807764279,14984800
2015-12-03,8.91691780090332,9.469652365571513,8.705577726817497,8.94943159882498,17098200
2015-12-04,7.315610885620117,8.900659755799806,7.161170552451748,8.892531113214622,28919500
2015-12-07,7.762675762176514,7.892730936276186,7.153041552191813,7.242454290587842,14567100
2015-12-08,8.20161247253418,8.437337672553943,7.478179587899046,7.681390993957118,17914200
2015-12-09,8.575519561767578,8.664932281252822,8.087811986853946,8.201610627717747,11716200
2015-12-10,8.510493278503418,8.819374686077412,8.412951903773198,8.534878428388488,7126900
2015-12-11,8.242254257202148,8.461722155296293,8.201611824165473,8.396694572513589,8512800
2015-12-14,7.47817850112915,8.347923719790751,7.413150922655931,8.225996428761054,10894500
2015-12-15,7.543207168579102,7.868345883073801,7.494436865278393,7.526950659208864,9406800
2015-12-16,7.835832118988037,7.908987574217731,7.510693403254967,7.60010691829681,9996500
2015-12-17,7.738289833068848,7.900858784353927,7.494436018546275,7.827702562478165,6540600
2015-12-18,8.42920970916748,8.461723505747884,7.665135101932989,7.665135101932989,21494300
2015-12-21,8.998200416564941,9.103870436091924,8.169098319400105,8.307282131459237,12196100
2015-12-22,8.860015869140625,9.14451211157675,8.721832068550496,8.925043448807758,6320100
2015-12-23,9.38023853302002,9.559064788555549,8.908788129945444,8.941301924116448,6631500
2015-12-24,9.347723007202148,9.518420588776042,9.242053001924036,9.363980288871023,4220000
2015-12-28,9.24205493927002,9.412752556626035,8.990073222100197,9.347724966698983,4710900
2015-12-29,9.38836669921875,9.518421869306877,8.957558754504337,9.298953188390692,5219100
2015-12-30,9.014455795288086,9.477777434749163,9.006327155075486,9.233923654699725,3956200
2015-12-31,9.567191123962402,9.705374134476655,9.022584621526336,9.03071248671672,4772000
2016-01-04,9.372110366821289,9.65660666166366,9.136385153308197,9.404624162644128,6279800
2016-01-05,9.72976303100586,9.786661980687455,9.038843891200537,9.40462429307804,6550300
2016-01-06,8.965686798095703,9.583449643389997,8.892530569680593,9.526550699151567,8211400
2016-01-07,9.152639389038086,9.477777238926384,8.721830768948864,8.803115619015829,6546400
2016-01-08,9.217669486999512,9.542807426058227,8.99007292965841,9.233925996357451,6937800
2016-01-11,8.315411567687988,9.242055992538278,8.274769900744378,9.209542193869325,10061300
2016-01-12,8.047170639038086,8.664933443399494,7.9577579075607465,8.380437965868003,9426800
2016-01-13,7.982143878936768,8.347925034439983,7.7870611127950555,8.160970135495006,8335300
2016-01-14,8.518623352050781,8.61616552724263,7.835833552038808,8.022787708244552,8482300
2016-01-15,8.21786880493164,8.323538826828822,7.7382905481228725,8.242254731270206,6972900
2016-01-19,8.152840614318848,8.45359337350021,8.014656809399044,8.307281702259768,7006900
2016-01-20,7.7870612144470215,7.9577588308468,7.25058321295915,7.892731241284029,9379500
2016-01-21,8.039043426513672,8.51862168910461,7.7789323020960595,7.80331822872864,9008100
2016-01-22,8.071554183959961,8.323535796190969,7.908984501655147,8.160966889075851,8052800
2016-01-25,7.299352645874023,7.93337273118369,7.258710988643081,7.827702716965412,7453200
2016-01-26,7.860215187072754,7.908985477630736,7.283094914204678,7.461921121693463,5084100
2016-01-27,8.039043426513672,8.364181363048203,7.689519563346559,7.868345816035546,7390400
2016-01-28,8.33189868927002,8.373145081546754,7.960674864983377,8.100914801552886,6482800
2016-01-29,8.777365684509277,8.901106423409098,8.496885837163624,8.496885837163624,7807900
2016-02-01,8.802111625671387,8.876356366415683,8.340144786998122,8.76911405053217,6163000
2016-02-02,8.835108757019043,8.868106330500776,8.414389105083801,8.719616856470877,5154100
2016-02-03,9.38782024383545,9.635302478933266,8.925853352537903,8.942352535349114,8692500
2016-02-04,9.635302543640137,10.014775096878687,9.231081216018566,9.27232838659926,11622800
2016-02-05,9.54455852508545,9.742544784745377,9.206333145472728,9.56930729924565,11192500
2016-02-08,9.189834594726562,9.83328776429784,9.033095507914433,9.420817642596502,9316300
2016-02-09,8.942351341247559,9.082591229518817,8.744365894296688,8.99184730962316,5342900
2016-02-10,8.826858520507812,9.049592715240097,8.389640507214695,8.884604859914784,5083900
2016-02-11,7.911177635192871,8.719618754867632,7.861680870831952,8.612376421022626,5993100
2016-02-12,7.902928829193115,8.026669572313317,7.449211459878277,8.001921581034168,6319600
2016-02-16,8.001919746398926,8.084414080714861,7.836931864491332,7.89467742647792,4103200
2016-02-17,8.414392471313477,8.868109878242901,8.067917417783699,8.092666197839057,6843000
2016-02-18,8.60412883758545,8.686622407600932,8.298900976406728,8.414392131773303,7247200
2016-02-19,8.257652282714844,8.488635337785901,8.051417215434599,8.480385746280847,5761600
2016-02-22,8.719616889953613,8.727866480036777,8.348393990177604,8.37314197370288,6488700
2016-02-23,8.513385772705078,8.703122498238397,8.36489701655354,8.620628132923985,4410900
2016-02-24,8.934103965759277,9.033096713775583,8.224655544946865,8.397893050656508,6341400
2016-02-25,8.991848945617676,9.379571106482565,8.793863462644941,8.95885136512222,3836800
2016-02-26,9.140337944030762,9.338323416017689,9.016597220720016,9.049594799384503,5193400
2016-02-29,8.89285659790039,9.057844507683212,8.34014651008463,8.538132788548426,10349500
2016-03-01,9.288826942443848,9.305325337527732,8.793862502338678,8.967099977703059,6735600
2016-03-02,10.031270980834961,10.05601896229573,9.115587799545043,9.181582941256526,5908300
2016-03-03,10.328252792358398,10.534487864537526,9.957029033056477,9.990026613136163,7250600
2016-03-04,10.781970024108887,10.971706711969775,10.262257513956568,10.303504688424102,8034300
2016-03-07,11.25218391418457,11.681152382514743,10.748969919853499,10.773718690761875,9337800
2016-03-08,10.3200044631958,11.260436003880427,10.270507693658706,11.210940021067794,9361400
2016-03-09,10.19626235961914,10.59223413348632,9.899284119262068,10.369499863175204,15573300
2016-03-10,10.6334810256958,10.73247376985342,10.105518936797438,10.262257251699236,7738800
2016-03-11,11.334680557250977,11.441922900347025,10.823217619448288,10.831467212007473,8501900
2016-03-14,11.276935577392578,11.499669081163638,11.144945236383878,11.326431561908596,6334900
2016-03-15,10.971704483032227,11.194437921148815,10.592231971125948,11.169689936185696,5352200
2016-03-16,11.425426483154297,11.466672879653563,10.930461857917265,11.012956224364967,5218900
2016-03-17,11.516168594360352,11.854394049486254,11.210940725424184,11.598662953196943,5091800
2016-03-18,11.30168342590332,11.936887917334072,11.252187442016846,11.524417713565889,8065700
2016-03-21,11.18619155883789,11.549164968842772,11.128445199021066,11.276934714658005,4556800
2016-03-22,11.359427452087402,11.483168173067172,11.03770047612596,11.136693210254638,3819100
2016-03-23,10.715977668762207,11.318184685713558,10.707728074361249,11.293435902510684,4170300
2016-03-24,10.839712142944336,10.872709712266007,10.188009558798255,10.608728370968532,5809700
2016-03-28,10.6334810256958,10.930459258168657,10.451993934711302,10.889212084755217,3114900
2016-03-29,10.905709266662598,10.913958070451395,9.98177637075594,10.542735151330971,7167000
2016-03-30,10.674725532531738,11.186189134028997,10.666476728681207,11.012951665579735,5551600
2016-03-31,10.732476234436035,10.889214585330887,10.575737096816605,10.674729863706707,5116800
2016-04-01,10.534490585327148,10.71597692927652,10.171516323979267,10.707727335444849,7085200
2016-04-04,10.567485809326172,10.946958386701239,10.410746708494951,10.53448822810766,6554300
2016-04-05,10.072519302368164,10.517986953641666,10.06426971202208,10.476739788635477,12557900
2016-04-06,9.924028396606445,10.188009742668171,9.64354865894818,10.13851299443031,10375700
2016-04-07,10.097268104553223,10.303503159564805,9.874534654237351,9.915781822584528,8468700
2016-04-08,10.451992988586426,10.724223207058424,10.287005096591932,10.287005096591932,5634600
2016-04-11,10.814967155456543,11.021202232471747,10.476741755027508,10.534488111564347,5292800
2016-04-12,10.955207824707031,11.037702175880163,10.59223441033901,10.839716677133971,4739300
2016-04-13,11.078949928283691,11.260436251554427,10.78197087797798,10.979957173756613,4157500
2016-04-14,10.97995376586914,11.177939213473845,10.922207420274592,11.078946489671493,3609000
2016-04-15,11.260436058044434,11.384177589120148,10.847965861240981,10.905712223766102,4331300
2016-04-18,11.367677688598633,11.483169619660018,10.823217188940303,10.963457109970408,5437400
2016-04-19,11.804896354675293,11.821394752019579,11.326430244100614,11.474919753821183,7431300
2016-04-20,11.615159034729004,11.79664611591287,11.466669533149082,11.79664611591287,6106800
2016-04-21,11.540912628173828,11.854389982799129,11.425421509491619,11.639905352783254,6258100
2016-04-22,11.714150428771973,12.019378201749795,11.557412140327678,11.615157701324376,5664500
2016-04-25,11.697650909423828,11.813142020312034,11.524413456367334,11.631655764137944,5069200
2016-04-26,12.00288200378418,12.011131595928925,11.714152572513402,11.722402164658147,5349500
2016-04-27,12.357603073120117,12.588586881631617,12.060624902250774,12.077124082883412,8405500
2016-04-28,12.398932456970215,12.671708907959328,12.126156005981102,12.27494344772167,6280500
2016-04-29,12.481595993041992,12.605585038757702,12.274947057980391,12.481595993041992,5496800
2016-05-02,12.316274642944336,12.465062109462231,12.200551758588665,12.407200667284394,7783500
2016-05-03,11.597137451171875,12.217084226219812,11.506212207953956,12.19228657594276,5892400
2016-05-04,12.084830284118652,12.142691736821286,11.6632662445056,11.679798538593879,7506400
2016-05-05,12.283212661743164,12.961021718336845,12.208819705808928,12.332808754002466,7549500
2016-05-06,12.828764915466309,12.886626358930704,12.266679619058884,12.299743413653259,6041800
2016-05-09,12.9362211227417,13.035413290733816,12.605583190444683,12.944487268124877,5664100
2016-05-10,13.184200286865234,13.200732578033794,12.861828492108637,13.018881316694797,4599100
2016-05-11,13.035415649414062,13.349521347780264,12.894894305685584,13.184202351718275,5384400
2016-05-12,12.919689178466797,13.25032788776005,12.828763947270218,13.134604221261963,4776800
2016-05-13,12.770899772644043,13.06020850062581,12.713038342368835,12.878357277657189,4175200
2016-05-16,13.027149200439453,13.192468192667743,12.762638024571052,12.812234116391107,5913900
2016-05-17,13.051944732666016,13.35778501569811,12.870093476594523,13.002348648899968,4640000
2016-05-18,12.655179977416992,13.109806962503484,12.547722446375603,12.927956483790108,4154000
2016-05-19,12.803967475891113,12.977552608111916,12.465063357817908,12.539457098527267,3255100
2016-05-20,13.00234603881836,13.076739755382183,12.803963320183396,12.870090893061718,3024600
2016-05-23,13.14287281036377,13.34952175888083,12.944490008980154,12.969287662077312,3280200
2016-05-24,13.242063522338867,13.399115570537669,12.977552361694446,13.233797376127429,3819500
2016-05-25,13.101540565490723,13.184199652446905,12.754370350686974,12.911423167715817,6265700
2016-05-26,12.9362211227417,13.29992363657143,12.86182817920213,13.167668463652623,7175600
2016-05-27,13.382583618164062,13.440445059691532,12.944487369075166,12.944487369075166,3843500
2016-05-31,13.53963851928711,13.845479659197071,13.382586452339371,13.423915611724277,5780300
2016-06-01,13.928138732910156,13.994266329988761,13.47351012346426,13.506574710306701,6392200
2016-06-02,14.17611312866211,14.34143286652292,13.845475229546356,13.845475229546356,4419400
2016-06-03,14.37449836730957,14.523285841931603,14.101721856037889,14.300104629998554,6667200
2016-06-06,14.771265983581543,14.796062845773292,14.415829577175355,14.465424878165043,6683400
2016-06-07,14.796062469482422,14.87872235343384,14.523285956067047,14.72166873158676,6320100
2016-06-08,14.696870803833008,15.143231622219332,14.663806222008668,14.936582715635321,4577600
2016-06-09,13.713223457336426,13.985999988563833,13.266861000815437,13.977733841968305,10766900
2016-06-10,12.316274642944336,13.523105089562552,12.28321084908514,13.523105089562552,9009700
2016-06-13,12.299742698669434,12.547721537863765,12.117891444819858,12.2749450512409,5681300
2016-06-14,11.762455940246582,12.308009741584689,11.646733051604636,12.233616005570262,7032800
2016-06-15,11.531007766723633,11.85338031506537,11.373954959051266,11.67152907331083,6757400
2016-06-16,11.547539710998535,11.745922447909319,11.25823096177645,11.440082198096128,8548500
2016-06-17,11.894709587097168,12.167486040370093,11.588869345194281,11.588869345194281,6458200
2016-06-20,11.778989791870117,12.167490026783,11.770723644928678,11.936042642241663,3950400
2016-06-21,11.845117568969727,11.952575115915334,11.630202475078512,11.78725611611562,3314300
2016-06-22,11.68806266784668,11.86991314160461,11.47314761162036,11.820317844508095,4075800
2016-06-23,12.010435104370117,12.026967396485938,11.745924736941596,11.795520824985982,3186600
2016-06-24,11.564072608947754,11.861647538574665,11.464881228506457,11.71286007376121,7257900
2016-06-27,11.010252952575684,11.555805913173149,10.927593866962633,11.415285388800664,5504900
2016-06-28,11.729391098022461,11.795519470589612,11.233434216041218,11.233434216041218,6337900
2016-06-29,12.159223556518555,12.266681098990407,11.869914727686405,11.878180874408041,5609900
2016-06-30,12.390670776367188,12.407203070650725,11.828586171880943,12.192287974783808,5480100
2016-07-01,12.415465354919434,12.737837110115827,12.365869275803023,12.423730711186389,4415500
2016-07-05,11.985636711120605,12.341073086534944,11.73765786288509,12.27494549877921,3326900
2016-07-06,12.093096733093262,12.159224334491054,11.836851686449425,11.902979287847216,2517200
2016-07-07,12.035233497619629,12.349339163616989,11.86991373029082,12.109626446953904,3597900
2016-07-08,12.45679759979248,12.45679759979248,12.134425764406066,12.14269112272903,3921300
2016-07-11,12.696508407592773,12.70477455296478,12.341072827929564,12.357604330370567,3267700
2016-07-12,13.043680191040039,13.200733818689736,12.803967464688018,12.803967464688018,4065800
2016-07-13,13.118071556091309,13.12633770095553,12.812231290841764,13.068476263511903,4365900
2016-07-14,12.655179977416992,13.242062931071922,12.638647685732291,12.903158046263059,5740000
2016-07-15,12.787434577941895,12.853562165076578,12.589051028234826,12.68824319723987,3465000
2016-07-18,12.837030410766602,12.84529655657974,12.688243727645357,12.78743511249387,3310900
2016-07-19,12.101361274719238,12.837030939735852,12.076562836257963,12.795700997270146,4485200
2016-07-20,12.12615966796875,12.217084916322737,11.721127941251263,12.010435979633838,5182100
2016-07-21,12.043498039245605,12.283210739665149,11.985636597583206,12.109625626374926,4363300
2016-07-22,12.225351333618164,12.308011225444837,12.002170886971193,12.084829990494713,3523400
2016-07-25,12.225351333618164,12.423734128038395,12.117893789564752,12.241883627304759,2850600
2016-07-26,12.208820343017578,12.440266946266753,12.126160447705566,12.266681796754076,2584700
2016-07-27,11.555808067321777,12.390669953951177,11.473148966300025,12.291478559743197,5553900
2016-07-28,11.671781539916992,11.746335273642261,11.431553281245815,11.572376824949448,3548900
2016-07-29,11.464686393737793,11.704914614849423,11.406700516572396,11.622076970328864,4590400
2016-08-01,11.315580368041992,11.514389791814699,11.149905848231404,11.414985079928346,4738000
2016-08-02,11.406700134277344,11.489536986023303,11.216173874264866,11.33214641470717,3456900
2016-08-03,11.713199615478516,12.044548644064138,11.315579991177371,11.431552546181537,3950900
2016-08-04,11.431551933288574,11.804319767961367,11.232742526796198,11.68006408640322,4995500
2016-08-05,11.28244400024414,11.53924006513148,11.26587694541178,11.299011845074824,3833300
2016-08-08,11.199609756469727,11.49782392294433,11.18304190777744,11.348716444707774,4528000
2016-08-09,10.628029823303223,11.448119235234248,10.561760019712738,11.191323943820715,5769100
2016-08-10,10.561758995056152,10.859973082281881,10.387800580008237,10.644596636506893,5298800
2016-08-11,10.74400520324707,10.810275024284948,10.512060039615918,10.611465561171316,3624700
2016-08-12,10.536908149719238,10.893108116393305,10.495489328478541,10.78542028716512,3449000
2016-08-15,10.445785522460938,10.661162739006086,10.39608357402635,10.578325894949032,4669100
2016-08-16,10.188992500305176,10.545192508406377,10.172424653882684,10.470639569500356,4576600
2016-08-17,10.255264282226562,10.31325017588259,10.006752067988725,10.172426614147767,5199200
2016-08-18,10.412652969360352,10.412652969360352,10.230411397437232,10.263546300514017,3166300
2016-08-19,10.246977806091309,10.36295035452667,10.172424081382745,10.36295035452667,2549400
2016-08-22,10.346382141113281,10.35466606356373,10.097869997588086,10.180707642095927,3361900
2016-08-23,10.404369354248047,10.6031787635016,10.338098761165162,10.396085431362891,4414300
2016-08-24,10.106156349182129,10.454073275744008,10.056454382529584,10.396087384649867,3306900
2016-08-25,10.230409622192383,10.321530392342096,10.106153164717394,10.114437086548714,1913500
2016-08-26,10.155858039855957,10.50377492989985,10.114439211993888,10.280113733443734,3124300
2016-08-29,10.371232032775879,10.379515163729957,10.155854828006191,10.180705800864791,2509500
2016-08-30,10.097868919372559,10.462353568290654,10.073017944673039,10.387799854193851,2537100
2016-08-31,10.031599044799805,10.147571575779507,9.733384980849731,10.07301786229243,4021800
2016-09-01,9.609131813049316,10.081304401053131,9.575996908452531,10.023318515508366,4334300
2016-09-02,9.923910140991211,10.006747773519631,9.700249797161618,9.700249797161618,2527700
2016-09-06,10.064733505249023,10.139287215509835,9.807938269904232,9.923910005867093,2441100
2016-09-07,10.188992500305176,10.338099168115614,10.06473602213168,10.06473602213168,3561500
2016-09-08,10.288396835327148,10.362950561524912,10.122722327108992,10.180708207485754,5409300
2016-09-09,9.609131813049316,10.147574210246704,9.60084788940051,10.147574210246704,3863000
2016-09-12,9.923910140991211,9.98189679976039,9.584277269621472,9.766519587185067,4535100
2016-09-13,9.095538139343262,9.766520836671061,8.929863643088964,9.708534960481636,6640100
2016-09-14,9.020984649658203,9.236361086446601,8.913296036264871,9.095537575855188,6349800
2016-09-15,9.236358642578125,9.368898986299575,8.863590950231565,8.962995615524111,6636300
2016-09-16,9.327483177185059,9.360618076269265,8.996133396344671,9.095538093597295,9279500
2016-09-19,9.294347763061523,9.385468532994128,9.170091305882591,9.335766582121169,3089900
2016-09-20,9.46830940246582,9.55114627885748,9.244648177211415,9.335769768240336,5937700
2016-09-21,9.841073989868164,9.923910838218264,9.526292070141944,9.559426967481636,6697600
2016-09-22,9.741668701171875,10.015031784980424,9.534575407983688,9.92391023037876,5600400
2016-09-23,9.55114459991455,9.816224611767103,9.534577543547863,9.6588332312924,5562700
2016-09-26,9.360618591308594,9.559427996752719,9.319199767674814,9.518009173118937,4892900
2016-09-27,9.269499778747559,9.368905301038508,9.136960135691076,9.32748646508371,3556100
2016-09-28,9.460021018981934,9.518006884125144,9.277778712819922,9.310913605758635,5283600
2016-09-29,9.194942474365234,9.44345379259277,9.136955815447024,9.418602818769658,4856400
2016-09-30,9.286064147949219,9.32748296837684,9.145240632494282,9.261213171691962,4397900
2016-10-03,9.3440523147583,9.625699414759625,9.145242875933302,9.377187221229134,5168000
2016-10-04,9.153526306152344,9.360619657920504,8.979567859067153,9.327484753237536,5934000
2016-10-05,9.087257385253906,9.244648000386583,9.012703644928447,9.228080941424547,4074400
2016-10-06,9.087257385253906,9.211513092463992,9.004419720448169,9.03755462837076,4210400
2016-10-07,9.095538139343262,9.261213425595873,9.087255007029283,9.178375782469567,5827400
2016-10-10,9.460021018981934,9.47658807045221,9.194941875472216,9.194941875472216,3755200
2016-10-11,9.21979808807373,9.426891484149065,9.078974515542614,9.393756572376956,5548800
2016-10-12,9.228078842163086,9.360618443702506,9.112106295816924,9.236361974760545,3423200
2016-10-13,9.33576774597168,9.393753625885076,9.004417942184817,9.170092449079068,4231700
2016-10-14,9.203227996826172,9.493158996752538,9.128675055986472,9.335768401648615,5277000
2016-10-17,9.087257385253906,9.319201740712042,9.045838552851038,9.21979701694427,3838800
2016-10-18,9.691965103149414,9.74166783670321,9.112104091678589,9.219792689380021,9783300
2016-10-19,10.023319244384766,10.039886302888663,9.51801092504068,9.733388215580831,5508900
2016-10-20,9.642264366149902,10.064734099229995,9.426887143796444,10.015032149455042,6933600
2016-10-21,9.542862892150879,9.841077061281151,9.385471488166573,9.542862892150879,6072000
2016-10-24,9.203227996826172,9.716819399268473,9.153526036266372,9.58427978444445,5960000
2016-10-25,9.070688247680664,9.261214533667642,8.954716481426198,9.203227860542002,7115000
2016-10-26,8.722770690917969,9.054120487314602,8.615082066338939,9.004417741355686,7669400
2016-10-27,8.67306900024414,8.880162333077106,8.590231351111607,8.697919978984553,5371200
2016-10-28,8.556760787963867,8.781063809961836,8.473685125138998,8.648143383256635,5802500
2016-10-31,8.830909729003906,8.97213788624881,8.614913630597787,8.614913630597787,8552900
2016-11-01,8.830909729003906,8.938907778206966,8.722911679800847,8.847524386890694,5105100
2016-11-02,8.216156959533691,8.706301131019579,8.207849229779173,8.689686463779255,8691100
2016-11-03,8.415534973144531,8.614915668561538,8.174616434781868,8.265999055447548,6046800
2016-11-04,9.163214683532715,9.694897429260335,8.913988371714499,8.955526222395637,11248600
2016-11-07,9.453977584838867,9.570283392776734,9.337671776901,9.354287231864339,6461400
2016-11-08,9.5287446975708,9.68658754429874,9.404131173268127,9.5287446975708,6675800
2016-11-09,9.993967056274414,10.093657407866631,9.495515298313332,9.611820312370009,7199900
2016-11-10,9.196441650390625,10.052118387132225,9.18813471691933,10.052118387132225,8540700
2016-11-11,9.196441650390625,9.345977544630582,8.95552314981977,9.204749376130252,5899100
2016-11-14,9.703205108642578,9.827817867785436,9.229674880908792,9.279520459927097,5602700
2016-11-15,9.537054061889648,9.761357987421468,9.370903446089391,9.628437494781261,6342400
2016-11-16,9.296135902404785,9.495517442888286,9.154908466620778,9.495517442888286,4729900
2016-11-17,9.345978736877441,9.570282606851348,9.254596118889054,9.2795185070189,4539500
2016-11-18,9.312747955322266,9.528744083035292,9.304440229117523,9.36259352028234,2820400
2016-11-21,9.570283889770508,9.64505106418276,9.395825564938175,9.412440228495829,3108400
2016-11-22,9.063523292541504,9.512130286187556,9.046908629508657,9.478900167853348,4404000
2016-11-23,9.163214683532715,9.237982656305041,8.930603828894396,8.938911557484344,2868000
2016-11-25,9.096753120422363,9.229673589515128,9.071830730534591,9.163213354968745,1755900
2016-11-28,9.59520435333252,9.611819013551886,9.171519822115535,9.179827548359409,5696800
2016-11-29,9.395824432373047,9.669973082311264,9.321056474704724,9.570282736176317,5020600
2016-11-30,9.420745849609375,9.561974023474432,9.379208011601706,9.437360509451425,19546800
2016-12-01,9.2296724319458,9.50382106313351,9.188135384765182,9.395823789741835,9253700
2016-12-02,9.33767032623291,9.512128614902226,9.121674198876926,9.121674198876926,4807300
2016-12-05,9.728128433227539,9.76135855833111,9.18813870222733,9.404134119266208,6788500
2016-12-06,9.819509506225586,9.852739626006084,9.545360819969337,9.71151141887183,6877200
2016-12-07,9.927507400512695,10.002275366631892,9.802894651826389,9.877662617945585,7441300
2016-12-08,10.351188659667969,10.376111042876135,9.852736241894979,9.88596635026196,5565600
2016-12-09,10.683490753173828,10.708413931006087,10.276421689133839,10.3844197496019,8596000
2016-12-12,10.467496871948242,10.849643603267456,10.326268680443198,10.741645527865455,10262100
2016-12-13,10.625341415405273,10.700109386596601,10.401038294099878,10.542265715799667,7563200
2016-12-14,10.367805480957031,10.808105499023348,10.3179607041406,10.617031741844515,7381100
2016-12-15,10.450881004333496,10.467496457861953,10.052119626871692,10.317960545179561,5194000
2016-12-16,10.218271255493164,10.48411220123981,10.151811019056503,10.243193646089784,20156300
2016-12-19,10.67518424987793,10.683491183888565,10.226577330299863,10.251499716868537,6513500
2016-12-20,10.384420394897461,10.700106869974551,10.351190281324525,10.67518448286195,3681600
2016-12-21,10.276420593261719,10.550569182034678,10.243190485297369,10.42595647523543,6076000
2016-12-22,10.077040672302246,10.35118928084872,10.060425220987515,10.251498949765304,5885800
2016-12-23,10.25150203704834,10.326270005944671,10.085351435205693,10.14350394778348,3600500
2016-12-27,10.467496871948242,10.475803806772655,10.218270605041196,10.218270605041196,3651800
2016-12-28,10.326268196105957,10.550571271213796,10.317960469402742,10.517341156669358,2749100
2016-12-29,10.29304027557373,10.43426849055818,10.243194696998033,10.32627039720133,2640500
2016-12-30,10.185040473937988,10.351191054208497,10.151810357883885,10.342883327127856,3448500
2017-01-03,10.218271255493164,10.342884000744776,10.126887836191369,10.234885918468073,3228300
2017-01-04,10.824718475341797,10.857948585468952,10.21826876745414,10.234883426383558,8040900
2017-01-05,11.032408714294434,11.057331895276205,10.733337672929249,10.808105631337659,8121200
2017-01-06,11.098871231079102,11.173639204882996,10.766570005582482,11.057334172093487,8693200
2017-01-09,11.190251350402832,11.223481463117643,10.907794996192749,11.0905610122584,8444500
2017-01-10,11.314866065979004,11.389634030810587,10.999179543505939,11.157023200876731,8770600
2017-01-11,11.71362590789795,11.71362590789795,11.364709337550803,11.364709337550803,14526800
2017-01-12,11.946236610412598,11.996081381688107,11.589012316441913,11.672087991592235,7591100
2017-01-13,12.129002571105957,12.15392495664246,11.879776338935876,11.904698724472379,6953100
2017-01-17,12.743762016296387,13.225599103888142,12.502843472500508,12.835144639022934,10918000
2017-01-18,12.677301406860352,12.926527670491943,12.569303332877713,12.785299480842989,6565500
2017-01-19,12.926530838012695,12.934837774763471,12.552690954825252,12.602536536673126,13204100
2017-01-20,13.383444786071777,13.632670302704199,13.009604926585956,13.026220383571367,8393900
2017-01-23,13.46651840209961,13.707437765834525,13.200678230617326,13.46651840209961,5812700
2017-01-24,13.599437713623047,13.80712612254832,13.45820953217239,13.557899081115906,6634400
2017-01-25,13.65758991241455,13.75727945915238,13.549591054822328,13.616051280826474,5031100
2017-01-26,13.674203872680664,13.823739778332097,13.56620659889729,13.674203872680664,4412700
2017-01-27,13.665898323059082,13.790511054989805,13.549591733325133,13.632667416124567,3317600
2017-01-30,13.532734870910645,13.66589818480582,13.33298990006788,13.649252373710944,4848300
2017-01-31,13.765771865844727,13.799061901574488,13.46615360711705,13.46615360711705,3836500
2017-02-01,13.599315643310547,13.815706411173366,13.466152338076784,13.724156043538224,3379100
2017-02-02,13.907256126403809,13.973839370929099,13.38292577522252,13.549380711671901,6049700
2017-02-03,14.215197563171387,14.614687513616344,13.790738895536634,13.932225118081552,11968900
2017-02-06,13.89893627166748,14.323393388183186,13.640930934262762,14.24849040506966,6966300
2017-02-07,13.541059494018555,13.898936540792267,13.507767867606061,13.848999101173526,5060100
2017-02-08,13.61596393585205,13.740804358841245,13.33299146377942,13.482800606339296,4443500
2017-02-09,13.665901184082031,13.7324828556424,13.491123304090895,13.507769118839054,4257500
2017-02-10,13.865645408630371,13.865645408630371,13.5826729237659,13.732482073097934,3186500
2017-02-13,13.940546989440918,14.098679011712505,13.765770744376402,13.815706587618859,5708900
2017-02-14,13.973837852478027,13.990482074368803,13.582669270557439,13.840672965329578,6752800
2017-02-15,14.556427955627441,14.772818730338306,13.92390144203381,13.932224347303288,8390700
2017-02-16,14.240167617797852,14.556430128078834,14.223521804774615,14.556430128078834,4478900
2017-02-17,14.23184585571289,14.256812989823327,13.92390463974892,14.240168762893779,3987000
2017-02-21,14.248485565185547,14.398293067958512,13.749122460314341,13.973836095621117,3779100
2017-02-22,14.007129669189453,14.19022883278175,13.882289258220524,14.19022883278175,4705800
2017-02-23,14.18190860748291,14.381653597913814,14.098681131278681,14.156939888392019,6036000
2017-02-24,14.531460762023926,14.623011142146451,14.256811209088383,14.306748645936322,6467900
2017-02-27,13.957189559936523,14.739523409723839,13.865639212382733,14.48984266403537,9383100
2017-02-28,13.782418251037598,14.048744928362812,13.174860319960423,13.674223633661308,9653000
2017-03-01,14.023775100708008,14.23184297582999,13.8989346931212,14.032098006204716,14262200
2017-03-02,14.173583984375,14.53978229542732,13.923901586004545,13.923901586004545,8078900
2017-03-03,14.398298263549805,14.406621170167973,14.057067029365514,14.17358613458775,4584500
2017-03-06,14.448236465454102,14.506495227422512,14.107005213268662,14.38165479642846,10790000
2017-03-07,14.23184585571289,14.69791754581706,14.107005422864017,14.556431298606407,5974700
2017-03-08,14.2901029586792,14.373330433388567,13.807385510283325,14.198552577755692,7587500
2017-03-09,14.86436653137207,14.872689435202826,14.18190429156588,14.223517223288075,7437100
2017-03-10,14.86436653137207,15.030819845692443,14.623007082574881,14.94759239481646,5923900
2017-03-13,14.42326831817627,15.030826270638672,14.37333246127817,14.872695792555977,9000200
2017-03-14,14.156937599182129,14.439910020059962,13.973838451086046,14.439910020059962,6336200
2017-03-15,14.531460762023926,14.656302766711745,14.215198265813797,14.265134115229705,8199800
2017-03-16,14.889338493347168,14.964243064730741,14.33171645495396,14.539784356034529,9434900
2017-03-17,15.030824661254883,15.446960461524426,14.980888809703526,14.980888809703526,12065100
2017-03-20,15.255535125732422,15.313793871374878,14.922626873895705,15.089080206098183,6020600
2017-03-21,15.180628776550293,15.405342415269692,15.122370037793022,15.247210419048828,3805800
2017-03-22,14.989212036132812,15.255538700000702,14.889338743466288,15.213925754058394,4262300
2017-03-23,15.097408294677734,15.205604505819831,14.980890763385299,15.005859486133238,3395400
2017-03-24,15.11405086517334,15.197278335700306,15.064115017829947,15.105727959377447,3133000
2017-03-27,15.130693435668945,15.139016339682017,14.955915626257704,15.080757599022146,2915800
2017-03-28,15.072436332702637,15.114049269857816,14.914304314135723,15.072436332702637,4216700
2017-03-29,15.588445663452148,15.771546419385981,15.35541064671017,15.546832721157365,7569700
2017-03-30,15.288827896118164,15.588444551621118,15.172308808625795,15.563477422997803,3167200
2017-03-31,15.563481330871582,15.771549254613543,15.22225006292935,15.297153055038757,4979700
2017-04-03,15.588445663452148,15.60509147534286,15.238891550907189,15.463605249135805,4489900
2017-04-04,15.713284492492676,15.871416514636879,15.505216627146241,15.596766995876859,4466300
2017-04-05,15.555153846740723,15.863093394313747,15.480249289237705,15.71328427930771,3784500
2017-04-06,15.729931831359863,15.796513491243944,15.48025100365256,15.563478475365658,5780200
2017-04-07,15.40534496307373,15.788189073898867,15.37205334260276,15.746576135741991,3658500
2017-04-10,15.61341381072998,15.713285503560664,15.405345931995464,15.405345931995464,2997600
2017-04-11,15.571797370910645,15.621734798627541,15.388698231577244,15.55515314910342,2695500
2017-04-12,15.588445663452148,15.646704417637643,15.35541064671017,15.530186909266654,3962900
2017-04-13,15.305468559265137,15.638378346170503,15.272178533033507,15.605086732507363,2724000
2017-04-17,15.355408668518066,15.380375795705698,15.255535397472174,15.297148334406085,2724700
2017-04-18,15.347092628479004,15.438641448170227,15.24721931275926,15.305478085498901,3685500
2017-04-19,14.881012916564941,15.521862317882858,14.864368693913535,15.372053201997442,4801100
2017-04-20,14.348362922668457,14.997535375133895,14.315072882441404,14.989212468219087,6910400
2017-04-21,14.206873893737793,14.439910479352898,13.94887017970698,14.365005919242037,6418700
2017-04-24,14.398298263549805,14.54810740781259,14.198553267010132,14.273457839141525,4138800
2017-04-25,14.156937599182129,14.290100904603248,14.015451388743214,14.206873441857095,4951200
2017-04-26,14.381651878356934,14.489846473283581,14.090356540187193,14.173584006440246,8660700
2017-04-27,14.039827346801758,14.43167468366763,13.99814203507722,14.323291919068206,3956300
2017-04-28,14.089848518371582,14.356638301079903,14.006476313727097,14.106523277338987,4055200
2017-05-01,13.898097038269043,14.10652680693523,13.864747511989844,13.923109182978443,5518200
2017-05-02,13.147747039794922,13.989803294329517,12.964328664676351,13.564606477275857,10205700
2017-05-03,12.489109992980957,13.139411372673932,12.455761265440014,13.139411372673932,8193600
2017-05-04,12.172296524047852,12.530795118216876,12.105599074197972,12.48910901328662,11847800
2017-05-05,12.530794143676758,12.605828967696374,12.113934716986682,12.230655642694556,7759800
2017-05-08,12.330703735351562,12.480773406826893,12.113936608797504,12.472436026167957,6579700
2017-05-09,12.27234172821045,12.564142849451216,12.163958182002304,12.464096682588988,6700300
2017-05-10,12.614165306091309,12.780908903987863,12.155619815553639,12.297352072539757,7121400
2017-05-11,12.730887413024902,13.064374640012687,12.39739939094085,12.52245769738347,5532000
2017-05-12,12.5641450881958,12.747563491007124,12.505785012567998,12.747563491007124,3264100
2017-05-15,12.572482109069824,12.772574472719015,12.489109893334474,12.572482109069824,4169900
2017-05-16,12.439085006713867,12.639177335082827,12.38072494304698,12.547468550021113,4205700
2017-05-17,12.547471046447754,12.67252857778556,12.255669079864347,12.43908748157667,3762000
2017-05-18,12.705879211425781,12.764240090553184,12.305694415048519,12.505786813237151,3992000
2017-05-19,13.097723007202148,13.422873641011929,12.97266549925021,13.272803995392607,5644200
2017-05-22,13.306153297424316,13.356176779844201,12.947653926187943,13.11439754242709,5800900
2017-05-23,13.239457130432129,13.998142049060469,13.231119750040351,13.831397621610328,7323300
2017-05-24,13.973129272460938,14.00647720231885,13.206107803417265,13.239456528371498,6612700
2017-05-25,13.714675903320312,14.081511057323153,13.631303699158748,13.948116166741661,4819100
2017-05-26,13.731351852416992,13.806386692336718,13.564609000523154,13.739689233540613,4007300
2017-05-30,13.5145845413208,13.731351677190176,13.48123660744473,13.706341124331331,3232800
2017-05-31,13.3895263671875,13.572945560423761,13.197771383524824,13.51458389608956,4360000
2017-06-01,13.973129272460938,13.981466652473575,13.539595052959593,13.764699542722903,4620400
2017-06-02,14.106524467468262,14.32329158175496,13.898094733368668,13.931442663924411,5383800
2017-06-05,13.92310905456543,14.181561520073767,13.848074211322215,14.05650397806605,3633100
2017-06-06,13.989801406860352,14.089846767850075,13.789709094688567,13.931439757725283,5652700
2017-06-07,13.672989845275879,13.96479178265343,13.556269706401908,13.948117022759256,4679600
2017-06-08,13.672989845275879,13.714676745011316,13.464560117176573,13.672989845275879,3135600
2017-06-09,13.91476821899414,13.931441387648228,13.581280993024492,13.639641058795114,2969000
2017-06-12,13.931443214416504,14.023152809905827,13.78971251621335,13.898095282543037,4641100
2017-06-13,14.123199462890625,14.16488477432723,13.914769725322197,13.956455036758802,3589800
2017-06-14,13.731351852416992,14.148211367440867,13.606294315948402,14.073176527521142,6925300
2017-06-15,13.848072052001953,13.964792194316676,13.547932725829611,13.731350319494556,3483100
2017-06-16,14.098185539245605,14.114860297788862,13.55626860812978,13.856407901138391,5700000
2017-06-19,14.131535530090332,14.248255663421155,13.981465878554957,14.139871319448917,3212000
2017-06-20,13.973129272460938,14.09818679226523,13.748024782697627,14.056501482394678,3131100
2017-06-21,13.989801406860352,14.28993908002186,13.948114514621016,14.056498844250948,3899400
2017-06-22,14.364974021911621,14.5483931689895,14.031486832032327,14.031486832032327,4316400
2017-06-23,14.498373031616211,14.523385174310713,14.273270108136924,14.364978117631148,5152000
2017-06-26,14.706799507141113,14.798509086397273,14.523381938821247,14.523381938821247,8019300
2017-06-27,14.348302841186523,14.790174471783393,14.348302841186523,14.71513963658406,2920500
2017-06-28,14.440007209777832,14.656774256299176,14.423332454616459,14.440007209777832,2814900
2017-06-29,14.189892768859863,14.456682500557683,14.048160525121368,14.389985067633228,3308400
2017-06-30,14.356637001037598,14.506706637769847,14.214904743034074,14.214904743034074,3403600
2017-07-03,14.31495475769043,14.698464720040203,14.26493206481714,14.456687045992027,1807000
2017-07-05,14.006475448608398,14.490032297448172,14.006475448608398,14.28160259380702,3659000
2017-07-06,13.639644622802734,14.131539005961029,13.614632477997198,14.07317733474811,4213600
2017-07-07,13.539593696594238,13.672988583047976,13.297815266122779,13.622965898175945,4773500
2017-07-10,13.43954849243164,13.647978203857617,13.372851048383028,13.514581725567892,5976400
2017-07-11,13.589615821838379,13.773034975803327,13.456220940877916,13.622965337174701,7656000
2017-07-12,17.5831298828125,17.624815187360458,15.757285238186514,16.265854222672285,53494000
2017-07-13,18.50855827331543,19.47567196858637,17.87493178500129,17.949966605340624,36824800
2017-07-14,19.375625610351562,19.40897512717438,18.50855884546071,18.541906772091036,17236700
2017-07-17,19.108837127685547,19.392301679062665,18.683640300619864,19.375626919524578,11527800
2017-07-18,19.52570343017578,19.567388753463526,18.900414039700717,19.1421917771173,8665100
2017-07-19,20.009254455566406,20.10930142752901,19.258907731521198,19.525697536497923,10103400
2017-07-20,20.1009578704834,20.142643168379198,19.734121206270085,20.009248306882025,8014400
2017-07-21,20.417776107788086,20.501148317613513,19.87585912921178,20.134311548497223,8096700
2017-07-24,21.076414108276367,21.084751487998137,20.234357838688815,20.359415354130164,9173800
2017-07-25,20.8513126373291,21.201474685244392,20.767940418264928,21.15145198988301,8829900
2017-07-26,20.567846298217773,21.051403219452947,20.467799325806883,20.892996175715982,8624600
2017-07-27,20.5178279876709,20.926350164365676,20.40110622990595,20.63454815524283,9561600
2017-07-28,21.01031494140625,21.068746233802006,20.44269394304751,20.567904082771747,4679800
2017-07-31,20.551218032836914,21.043711215760815,20.501132685040815,21.01867013399665,5065500
2017-08-01,20.47608757019043,20.75989811659852,20.23401321325794,20.584602618107137,5016300
2017-08-02,20.426002502441406,20.651381749711398,20.183929734440504,20.367571199549243,5252300
2017-08-03,20.016979217529297,20.8016319078497,19.88342151604498,20.325832397295148,4122200
2017-08-04,20.40930938720703,20.617993525758706,20.03367730096057,20.083761048415557,4126100
2017-08-07,20.45104217529297,20.57625231916401,20.217315405835897,20.36756821533449,5418400
2017-08-08,20.24236488342285,20.70146942949229,20.033680709366948,20.400965301502833,4799000
2017-08-09,20.309139251708984,20.384265665079894,20.142191312632843,20.309139251708984,2899700
2017-08-10,20.359220504760742,21.43603123652776,20.150536402523723,20.2340103618452,6914700
2017-08-11,20.59294891357422,20.709811510657556,20.15888556421686,20.15888556421686,3422000
2017-08-14,21.26073455810547,21.377598731387348,20.684767614901617,20.718156241458395,5262300
2017-08-15,21.26073455810547,21.352556067369818,20.910145222526346,21.177262195646886,3567100
2017-08-16,21.427682876586914,21.653062080649953,21.31082029320606,21.46107150378146,3725800
2017-08-17,21.077096939086914,21.527855420028125,21.01031808177713,21.385950149228137,3477600
2017-08-18,21.51115608215332,21.694797505648495,20.985271291023356,21.110483017000266,5441100
2017-08-21,21.469425201416016,21.56124673870613,21.127183316050342,21.502815430297417,4640400
2017-08-22,21.586292266845703,21.911839080849745,21.46108048410511,21.561249591870794,6389900
2017-08-23,21.377599716186523,21.70314640274503,21.193956689197964,21.70314640274503,8988300
2017-08-24,21.227346420288086,21.410987850911695,20.918493258827205,21.385946778450876,4948600
2017-08-25,20.517822265625,21.185610801409872,20.334180816317527,21.13552705925937,7480300
2017-08-28,20.509471893310547,20.718155981101063,20.392609313630494,20.534514557013374,5501500
2017-08-29,20.82667350769043,20.976924720068016,20.300788691902294,20.43434638654902,4618300
2017-08-30,20.74320411682129,20.843371613790115,20.559561052155676,20.818330535614738,2929900
2017-08-31,20.793283462524414,20.918493603290216,20.58459936387031,20.726504614640433,6573500
2017-09-01,20.70981216430664,20.835022321152632,20.534518263148957,20.793286132915146,2568500
2017-09-05,20.367570877075195,20.868413110145397,20.08376033140653,20.80998180817836,4004900
2017-09-06,19.98359489440918,20.467742064650096,19.73317295606363,20.467742064650096,11715900
2017-09-07,20.142192840576172,20.259057043647953,19.983594037769773,20.11715176230867,5267400
2017-09-08,19.966896057128906,20.200622837578056,19.850033462971048,20.125496429295595,2427500
2017-09-11,19.933504104614258,20.158883309900087,19.866725257729563,20.01697806125345,3382600
2017-09-12,19.933504104614258,20.133842237401637,19.85837929498561,19.983589433877754,2929700
2017-09-13,19.66638946533203,19.983590194202993,19.616305726296275,19.93350486303388,6402300
2017-09-14,19.282413482666016,19.783255701462572,19.182244402053293,19.616307764485878,7055100
2017-09-15,19.1405086517334,19.582917988215186,19.115465982973962,19.29910903627604,12235100
2017-09-18,19.900117874145508,20.016980472236135,19.157202914054835,19.21563421310015,6512600
2017-09-19,20.551218032836914,20.584606672567094,19.850039085030367,19.941859038388777,8214200
2017-09-20,20.150543212890625,20.609649348258174,20.125502131124282,20.592954232324686,5866700
2017-09-21,20.192277908325195,20.2423616563166,19.966898654163412,19.983593767538427,3491400
2017-09-22,19.98359489440918,20.183931489805378,19.866730686327763,20.13384773898976,3382600
2017-09-25,19.524484634399414,20.07541055213187,19.474400894278297,20.016979256635004,3497000
2017-09-26,20.11714744567871,20.16723118360068,19.34918989829745,19.524483777091003,7919300
2017-09-27,20.78493881225586,20.835022557134813,20.067066495212412,20.067066495212412,9426800
2017-09-28,20.78493881225586,20.826676593099606,20.300791699403216,20.643033541654212,7020200
2017-09-29,21.360904693603516,21.46107217043198,20.718157280776417,20.76824101919065,7162400
2017-10-02,21.35256004333496,21.436034013470117,21.077097056382435,21.369255155788704,5043400
2017-10-03,21.611328125,21.7281923211629,21.20230741876377,21.452729331569785,8176800
2017-10-04,21.51115608215332,21.753228795299997,21.45272479250182,21.703145060189172,6803900
2017-10-05,21.344213485717773,21.577940294604634,21.027014294923973,21.544550068134956,4479900
2017-10-06,21.27742576599121,21.377594811560932,21.043699054417175,21.269078212849323,4376400
2017-10-09,21.486120223999023,21.644720626240154,21.227352319809402,21.294131185152974,2407000
2017-10-10,21.44438362121582,21.66141532747657,21.352562086069508,21.636372656400198,3354800
2017-10-11,21.26073455810547,21.444377576634167,21.093788241055048,21.244041040893705,4273400
2017-10-12,21.43603515625,21.56124532206106,21.052055510011304,21.319172547110835,4492100
2017-10-13,21.753231048583984,21.82000989969337,21.26073642460222,21.561242050661168,7584000
2017-10-16,22.22068977355957,22.27077352552249,21.577942186855957,21.694804805480697,5441600
2017-10-17,21.703149795532227,22.203992032317377,21.62802338040777,22.203992032317377,6414200
2017-10-18,21.661413192749023,21.84505465281012,21.569591666651704,21.619675411734992,4471300
2017-10-19,21.319169998168945,21.703148006365197,21.110485882723125,21.569590299850546,4846700
2017-10-20,21.202308654785156,21.436035468602853,21.11883467898357,21.38595171997537,3744100
2017-10-23,20.776588439941406,21.319168372431744,20.74319981192559,21.24404196922949,7504100
2017-10-24,20.960235595703125,21.07709820498065,20.826677873062057,20.893456734382593,3752800
2017-10-25,20.8016300201416,20.910145045700055,20.49277686840358,20.8016300201416,7443700
2017-10-26,20.676424026489258,20.951887014989804,20.517823641554532,20.901803269480677,3408500
2017-10-27,21.152223587036133,21.160571143309074,20.609645166363297,20.701465101098552,2922400
2017-10-30,20.876760482788086,21.569591728264584,20.79328651265513,21.110487280733654,4083900
2017-10-31,20.893474578857422,21.018835107521443,20.667824670834815,20.901832159974436,4420500
2017-11-01,20.75975799560547,21.160912354446705,20.600967130797002,21.06062456175926,7077700
2017-11-02,21.70414161682129,22.932678987426236,21.38656149292385,21.603853827820274,17476800
2017-11-03,23.083112716674805,23.475909487032276,21.81278900813541,21.81278900813541,11615000
2017-11-06,23.6096248626709,23.81020201535149,23.18339781545757,23.18339781545757,6282800
2017-11-07,23.751699447631836,23.960634171276013,23.60126619156076,23.65141007890264,4122100
2017-11-08,23.417404174804688,23.776772154001154,23.05803619560822,23.676482785416734,4859400
2017-11-09,23.250259399414062,23.84363493553089,23.1081837015308,23.459194155475004,3664600
2017-11-10,23.693201065063477,23.768417702892698,23.03296648723935,23.19175734421722,6410000
2017-11-13,24.052570343017578,24.119429403006023,23.42576605785876,23.617985656069823,5968300
2017-11-14,24.16956901550293,24.28657195123286,23.793485873448947,23.918847983497237,3970500
2017-11-15,24.545658111572266,24.620873164182456,23.868708291668064,24.127788560836958,3483600
2017-11-16,24.604156494140625,24.88830788036858,24.278217201675837,24.554011006656424,3628300
2017-11-17,24.64594078063965,24.779658881515736,24.38686215944791,24.57072414964116,3061300
2017-11-20,24.503868103027344,24.771304337563386,24.403580312099177,24.687731709805146,5796300
2017-11-21,24.629230499267578,24.77130620885334,24.47879880151132,24.75459263846652,3474800
2017-11-22,24.42029571533203,24.788021362460306,24.228076106578133,24.63758807072393,6876400
2017-11-24,24.261503219604492,24.629227223945712,24.102712366702928,24.595798493571785,1931500
2017-11-27,24.044208526611328,24.4370052356086,23.99406304491729,24.244785671251133,5932600
2017-11-28,24.11942481994629,24.286571641134085,23.75169926286046,24.21135501368368,4728500
2017-11-29,23.567842483520508,24.10271497985768,23.442480347401425,23.576198471485718,6191400
2017-11-30,23.108177185058594,23.785125157464908,22.999531843924835,23.60126319783653,6950300
2017-12-01,23.35890769958496,23.760062071566534,23.20011682957509,23.20011682957509,5373100
2017-12-04,22.907604217529297,23.517693261149127,22.84910274677747,23.28368737814181,9520300
2017-12-05,22.8323917388916,23.208474967918143,22.707031193898025,22.865822067714323,3109300
2017-12-06,22.807315826416016,23.141611074646484,22.606737083432254,22.84910213467777,3730700
2017-12-07,23.1750431060791,23.275332491867363,22.6150978877051,22.6986721101877,4023100
2017-12-08,23.6096248626709,23.68484149418181,23.175040234840193,23.216828137927095,3357700
2017-12-11,24.345073699951172,24.411932748860362,23.584551420842082,23.584551420842082,3959800
2017-12-12,23.985713958740234,24.345080449988448,23.968998793367042,24.303294130601373,4409400
2017-12-13,23.52605438232422,24.07764203820191,23.45919532082528,24.07764203820191,3664100
2017-12-14,23.133258819580078,23.51769804503363,23.09147090765305,23.51769804503363,3441200
2017-12-15,22.98282241821289,23.342190441981337,22.91596336221264,23.19175716746937,6005100
2017-12-18,23.058040618896484,23.467552563920265,22.949393649250858,23.07475578254131,4655800
2017-12-19,22.77388572692871,23.18339760926509,22.73209941825897,23.016250780540616,7813700
2017-12-20,22.56495475769043,22.907607646857624,22.305876093842354,22.88253490104816,7280000
2017-12-21,22.94939422607422,23.208474486943665,22.531524688725053,22.61509891500404,5046400
2017-12-22,23.534412384033203,23.818563798983334,22.84074901084219,23.02461103473224,8527900
2017-12-26,23.76006317138672,23.78513432451747,23.325478451267475,23.392337516359216,2622600
2017-12-27,23.149972915649414,23.843636281157107,23.11654258765108,23.785133207160023,4329000
2017-12-28,23.4090518951416,23.50098370432316,22.765532418962284,23.233545858890064,3265100
2017-12-29,23.80184555053711,24.044210617666394,23.325474591333293,23.325474591333293,4888400
2018-01-02,24.15285873413086,24.23643295969759,23.76006194622672,23.877064905592682,6522600
2018-01-03,24.13614273071289,24.746233440298017,23.910494401790643,24.194645802406807,7780700
2018-01-04,23.860342025756836,24.47879013853058,23.810198144250542,24.136135765109344,4346700
2018-01-05,24.01077651977539,24.111065882077074,23.71826760661125,23.93555989656046,4539200
2018-01-08,24.378503799438477,24.57072336404637,24.019135817056924,24.02749339735015,12297800
2018-01-09,24.002424240112305,24.55401186945562,23.968995507993824,24.50386797425505,3402100
2018-01-10,23.60127067565918,23.826920602637916,23.425766239595102,23.810205438999695,3241100
2018-01-11,23.91049575805664,24.077642618811698,23.576198848454922,23.709918568723094,6183600
2018-01-12,23.985713958740234,24.152860830334447,23.760064008339846,23.851995823846504,4825500
2018-01-16,23.317123413085938,24.13614744833773,23.275337090611345,24.06928837595077,4521300
2018-01-17,22.92432403564453,23.534413203195147,22.798963487990356,23.484269302942646,6914000
2018-01-18,22.406160354614258,22.924319194621184,22.11365140916094,22.598381520740762,10096100
2018-01-19,22.48137664794922,22.56495085882805,21.996648137706583,22.33930096766885,8706000
2018-01-22,22.498096466064453,22.790605467667298,22.322590427484418,22.556597947575856,10257900
2018-01-23,22.68195915222168,22.949395414931942,22.439595636907704,22.564956185797406,3161500
2018-01-24,22.77388572692871,22.99953561945452,22.564950995489,22.581666156575096,4660000
2018-01-25,23.108177185058594,23.292040738732204,22.723738107459653,22.849098606935602,4606300
2018-01-26,22.899255752563477,23.44248596099484,22.765537596458717,23.44248596099484,5814000
2018-01-29,22.44795036315918,22.899248600549363,22.439592781757145,22.807318393218317,4122800
2018-01-30,21.804431915283203,22.33930439653261,21.486850184007068,22.322589232982136,7600100
2018-01-31,21.762596130371094,22.005238623168673,21.578522460114975,21.846266560807774,5764800
2018-02-01,22.114013671875,22.323188978501314,21.503222159537586,21.662194243539307,5319100
2018-02-02,21.9132022857666,22.07217434594956,21.528318949383124,21.87973347569817,4394200
2018-02-05,21.051403045654297,21.871369876866165,20.976099806473517,21.7709666218791,7126700
2018-02-06,21.344249725341797,21.49485621024335,20.206335480202124,20.607951709352232,8603100
2018-02-07,21.21874237060547,22.6244006040486,21.185273557484994,22.365022090007436,12115800
2018-02-08,20.080827713012695,21.15180576555713,20.080827713012695,21.101602547240418,8448500
2018-02-09,20.574481964111328,20.741822837001614,19.871652851381477,20.206333001281205,8992300
2018-02-12,20.683250427246094,20.82548967677306,20.290001488380103,20.666517618269328,8545300
2018-02-13,20.591224670410156,20.7167295777255,20.457352556489592,20.649793520765215,4256700
2018-02-14,20.750185012817383,20.976094675095485,20.24816566892903,20.323468889688396,4243900
2018-02-15,21.13507080078125,21.17690521905855,20.73345464014844,20.917528314801622,3629600
2018-02-16,21.101600646972656,21.38607914162592,20.959361399646024,20.984463006543898,2938500
2018-02-20,21.49485206604004,21.712394547191124,20.942629458456793,21.051399901091973,5603900
2018-02-21,20.917526245117188,21.49485041632899,20.917526245117188,21.461381608314113,4785100
2018-02-22,21.13507080078125,21.427916516364625,20.967729935910533,21.009565950068595,3206800
2018-02-23,22.10564613342285,22.155847759406445,21.369349767433427,21.411184189772936,7695300
2018-02-26,21.996875762939453,22.21441667500389,21.570157950725203,22.206051067208342,3706100
2018-02-27,21.74586296081543,22.08891030880682,21.74586296081543,21.97177265706756,6401400
2018-02-28,21.637096405029297,21.913207773720526,21.57852756862223,21.754234077843424,5007700
2018-03-01,22.52399253845215,23.00927908811164,22.164210828278957,22.50725813428581,7636500
2018-03-02,23.335594177246094,23.452733421509553,22.515627446805723,22.599297879599405,5427400
2018-03-05,24.22249984741211,24.281068674787377,23.176623370336987,23.218457791067653,7935400
2018-03-06,24.440040588378906,24.674317492209003,24.163929264095255,24.222499686963413,6318400
2018-03-07,24.582279205322266,24.724518465354798,24.189030237411526,24.264333468951147,6169000
2018-03-08,24.766355514526367,25.008998029487625,24.682685076446983,24.699419483239033,6822500
2018-03-09,24.891857147216797,24.958793169827867,24.615745854461046,24.716150686317985,7617100
2018-03-12,25.009000778198242,25.20144328569622,24.766358236568422,24.850028683843927,6867700
2018-03-13,25.101030349731445,25.301838401023634,24.983892718781135,25.201435173317805,4602700
2018-03-14,25.268375396728516,25.44408187240305,25.059200108993615,25.101034528188276,5060200
2018-03-15,25.74529266357422,25.8038614839447,25.393878145470666,25.444079763519554,6782000
2018-03-16,25.3520450592041,25.803864461420982,25.343679451797875,25.762030040866463,6816500
2018-03-19,25.2432804107666,25.628162275157553,25.084306703531496,25.352050886739327,5618600
2018-03-20,25.3520450592041,25.544487543045097,25.268376218095064,25.36877946577825,3498500
2018-03-21,25.2600040435791,25.711821760996333,25.218168035377158,25.402243279704635,4293200
2018-03-22,25.3520450592041,25.812231664708058,25.092668140828213,25.43571549619399,5722700
2018-03-23,24.925329208374023,25.577955115007377,24.883493191358507,25.42734864551326,5135100
2018-03-26,25.41061019897461,25.43571020773632,24.925323680388473,25.075928520600296,4510200
2018-03-27,25.101030349731445,26.06323619396171,25.06756154324248,25.47754644332963,8099300
2018-03-28,25.326946258544922,25.75366407134307,25.151238172860545,25.586323189346608,6223000
2018-03-29,25.54448890686035,25.812233042818118,25.44408405793572,25.48591848072377,4356600
2018-04-02,25.385517120361328,25.753666132692,25.075936942653044,25.56959082858614,6324400
2018-04-03,25.494281768798828,25.628153816216347,25.084298424097593,25.444080149987432,4499400
2018-04-04,25.43571662902832,25.494285458765475,24.975531598909882,25.34368058053318,4905900
2018-04-05,25.36041259765625,25.686727146641324,25.176338910550445,25.51938627044996,4198600
2018-04-06,25.067564010620117,25.47754895106171,24.950426368140054,25.268373677558348,5531100
2018-04-09,25.54448890686035,25.695093786425893,25.101036684254716,25.268377567168784,5067800
2018-04-10,25.569589614868164,25.79549933415784,25.234909435854373,25.79549933415784,3734900
2018-04-11,25.636520385742188,25.770392429854628,25.452446724057744,25.502648341629747,3198300
2018-04-12,25.117767333984375,25.644888323306294,24.975528083551364,25.636521120824273,5539600
2018-04-13,25.209802627563477,25.41897789581564,25.09266498802407,25.176335414501064,3775900
2018-04-16,25.70345687866211,25.854063330017738,25.293473536572158,25.310207941362936,4989700
2018-04-17,26.14691162109375,26.22221485423297,25.577954568877818,25.586321772102266,5779300
2018-04-18,26.255680084228516,26.59036180435458,26.238947274926787,26.33098331166881,4056800
2018-04-19,26.34772300720215,26.54016391779828,26.09671326258815,26.32262139438833,4359800
2018-04-20,26.079975128173828,26.41465527180599,26.013039099447397,26.34771924307956,2824200
2018-04-23,26.113441467285156,26.197111899352393,25.8791661725538,26.138543075669553,2842100
2018-04-24,25.929372787475586,26.62383479439073,25.820602321955363,26.280787393136325,4184700
2018-04-25,26.01304054260254,26.054874964422154,25.661625973322742,25.837332460022193,3098300
2018-04-26,26.222213745117188,26.381187407895993,25.97120404252393,26.105076096691104,3542600
2018-04-27,26.364450454711914,26.448120879452006,26.205476807293802,26.238945615542086,3110000
2018-04-30,25.962451934814453,26.35607563101967,25.9373264062646,26.297450995138206,5178300
2018-05-01,25.669326782226562,26.205326868299466,25.40132753789086,26.0378265418889,4959500
2018-05-02,25.52695655822754,25.89545638392214,25.334332266519684,25.619081914001637,5846300
2018-05-03,27.093069076538086,27.461570377964772,25.669322906614685,26.02107226104776,16097700
2018-05-04,27.888696670532227,28.26557159745893,27.14332358994548,27.17682429340628,9657600
2018-05-07,28.608943939208984,28.793194601321623,28.05619514767379,28.123196550188464,6825500
2018-05-08,28.391197204589844,28.692693946725363,28.290695095741796,28.366070079976396,7494500
2018-05-09,28.66756248474121,28.72618710209798,28.30743800966273,28.474938285597236,6262400
2018-05-10,29.027700424194336,29.237075067529496,28.784825071172705,28.893700780251976,5916000
2018-05-11,29.237071990966797,29.454820191408576,29.08632200804434,29.08632200804434,4338600
2018-05-14,29.128192901611328,29.362694622631164,29.044444340763192,29.26219251585003,4079200
2018-05-15,28.265579223632812,28.868579269407526,28.15670350541154,28.868579269407526,5588100
2018-05-16,28.265579223632812,28.50845459704805,28.03108062574433,28.50845459704805,4584800
2018-05-17,28.098072052001953,28.416322354074836,27.930571724868695,28.307446662217767,3485900
2018-05-18,28.23206901550293,28.307443995872998,28.005944074392726,28.098069405378666,2493300
2018-05-21,28.056198120117188,28.541948755403784,27.679323178050524,28.541948755403784,5111600
2018-05-22,28.014326095581055,28.232074304777054,27.83007539908984,28.10645144382666,10724200
2018-05-23,27.76307487487793,28.131573042476163,27.50344920544094,28.0059469971479,5345000
2018-05-24,28.835073471069336,28.93557239603818,28.031075681712156,28.05619961425356,7094800
2018-05-25,28.458192825317383,28.70944168496217,28.148319338248903,28.60894278006477,4896300
2018-05-29,28.240446090698242,28.458194261431473,27.997570796370706,28.21531896710394,4308600
2018-05-30,28.818321228027344,29.111444404466404,28.148323114164477,28.29069631563402,5040700
2018-05-31,28.66756248474121,28.977435918598726,28.53356290295401,28.82668598973787,3900400
2018-06-01,28.39957046508789,28.684320047364793,28.081320180236567,28.61731864221595,3552400
2018-06-04,28.349319458007812,28.726194375584864,28.03107236743416,28.650819392069454,5117800
2018-06-05,28.181825637817383,28.65082275039568,28.04782600639455,28.29069814192122,4586400
2018-06-06,28.424692153930664,28.48331678141317,27.96406871165274,28.22369434393425,4097800
2018-06-07,28.056198120117188,28.71782266343388,28.056198120117188,28.525198403000484,4355100
2018-06-08,27.76307487487793,28.20694803071251,27.428074217204593,28.056198054239815,5622100
2018-06-11,27.35269546508789,28.07294454361322,27.35269546508789,27.788194982214897,6026600
2018-06-12,28.064571380615234,28.449823091915636,27.444824322737357,27.444824322737357,6485700
2018-06-13,28.458192825317383,28.508443875167373,28.081317938448915,28.089694710825206,5840200
2018-06-14,28.064571380615234,28.910446595971464,28.022697097483434,28.55032201039256,4383000
2018-06-15,27.955699920654297,28.106449901364364,27.578824968879136,28.056198842859963,5280100
2018-06-18,27.620695114135742,28.215318174042704,27.453194805693634,27.922195030371007,5494800
2018-06-19,26.76645278930664,27.428077408039652,26.67432903539066,27.310828122654748,10248300
2018-06-20,26.674325942993164,27.126574275192,26.598950954726437,26.799950390970533,5970700
2018-06-21,26.699447631835938,26.833448842146307,26.540324089882393,26.691074053755344,4974100
2018-06-22,25.979202270507812,27.000951400591415,25.92895121344036,26.992574627011983,7075000
2018-06-25,26.01270294189453,26.12995381803373,25.41807977412353,25.96245347920723,7500000
2018-06-26,26.238828659057617,26.52357828464114,26.07970349243114,26.1550784872857,7610700
2018-06-27,25.903825759887695,26.5151992083297,25.89545058420201,26.171824992223836,5245200
2018-06-28,25.719581604003906,26.230456268417743,25.694457667984757,25.970832146008245,4995800
2018-06-29,25.711198806762695,26.021072287530263,25.57719920469003,25.75307308338493,5336700
2018-07-02,25.937326431274414,25.987577488422573,25.041203345018726,25.3762024056655,4387300
2018-07-03,25.610700607299805,26.029449800746434,25.5437008002444,26.029449800746434,2385700
2018-07-05,25.736328125,25.769828831236495,25.392953873083883,25.476704041273532,5436400
2018-07-06,26.07132339477539,26.14669837540357,25.677699738362623,25.820074524282365,3124000
2018-07-09,25.60232925415039,26.314203308772182,25.459954443226035,26.05457921734599,4595800
2018-07-10,25.937326431274414,26.088076407915842,25.48507809875165,25.48507809875165,4322800
2018-07-11,25.686080932617188,26.00432968297575,25.577206822531867,25.878705218292154,3329100
2018-07-12,26.364450454711914,26.414701511139764,25.568827896755614,25.83682714143148,4599900
2018-07-13,26.43982696533203,26.573826595390603,26.171827705214884,26.372827150302744,2924600
2018-07-16,26.92557716369629,26.992575380185972,26.247202250970652,26.406327407987952,4147300
2018-07-17,27.026073455810547,27.545321563587084,26.841822787488656,26.992572753424234,3276100
2018-07-18,27.19357681274414,27.52857428964612,26.933951132432483,27.042826829957136,5089600
2018-07-19,27.051204681396484,27.26895611083617,26.682706440164907,27.1433300404053,4024400
2018-07-20,26.917198181152344,27.076324922513827,26.732949107420637,27.017697095041843,1979900
2018-07-23,26.464956283569336,27.034453994143593,26.431455572558118,27.000956477936022,2644000
2018-07-24,26.12994956970215,26.624073731761488,25.845199998434012,26.624073731761488,5234900
2018-07-25,26.263954162597656,26.657577892895674,26.096453819227367,26.104828996136046,5052200
2018-07-26,26.531951904296875,26.791575983889995,26.247202295426394,26.247202295426394,3548400
2018-07-27,26.448198318481445,26.791572520542875,26.27232442847985,26.691073611228067,2461000
2018-07-30,26.02107810974121,26.21370238114515,25.727953315595165,26.21370238114515,5416800
2018-07-31,26.549209594726562,26.708488533458915,25.928861979439635,26.04622456642909,4067100
2018-08-01,26.742021560668945,26.80908612838626,26.10490736788176,26.46538001896685,4341500
2018-08-02,26.46537971496582,27.17794013917274,25.95401139265438,26.03784250107443,5625900
2018-08-03,27.337215423583984,27.62224017799617,26.524055907018894,26.574355521758758,5892000
2018-08-06,27.924039840698242,28.09169887763875,27.563567155072093,27.563567155072093,6176100
2018-08-07,28.670127868652344,28.779108779844723,28.12522651058098,28.141993050602157,5507300
2018-08-08,28.670127868652344,28.8210235309524,28.468932586288766,28.804256990931222,3940200
2018-08-09,28.6114501953125,28.879708473790306,28.502469270339972,28.8377937173827,2496300
2018-08-10,28.3264217376709,29.080896849808425,28.250973906668094,28.510847281762906,2627900
2018-08-13,27.24500846862793,28.4270225542743,27.21147538301884,28.301275082185747,4018600
2018-08-14,27.521652221679688,27.672544714393066,27.228242513108214,27.345605117380355,4348300
2018-08-15,27.337215423583984,27.479726201844983,27.17793490918618,27.379130170255443,4490500
2018-08-16,28.3264217376709,28.485699070725477,27.345599934634436,27.446199174565187,4806000
2018-08-17,28.460552215576172,28.653362637793343,27.999483536544616,28.175527417974557,4135800
2018-08-20,28.653362274169922,28.653362274169922,28.225823484247815,28.527614818806803,2248800
2018-08-21,28.284513473510742,28.854559974402132,28.225828971146978,28.72043082162335,3324100
2018-08-22,28.259353637695312,28.33480146351858,27.89888104741641,28.2845050448966,3157500
2018-08-23,28.02462387084961,28.21743423886635,27.898876449239236,28.21743423886635,2546500
2018-08-24,28.57791519165039,28.67012956828829,28.133613047366755,28.133613047366755,1662100
2018-08-27,28.62821388244629,29.022216390854215,28.427018594707082,28.686895175143015,1929500
2018-08-28,28.644977569580078,28.82940631906853,28.4018707245797,28.68689552020247,1721100
2018-08-29,28.804264068603516,28.913245006574268,28.502472669848395,28.770730980321545,2620800
2018-08-30,29.047367095947266,29.139578269455065,28.61982831908056,28.80425706187722,2430000
2018-08-31,29.66771697998047,29.97789001709171,29.089285662466374,29.13958209136006,4434800
2018-09-04,29.86052703857422,30.103637101431744,29.583887089511894,29.60903530363822,4289600
2018-09-05,29.56712532043457,29.92759803792666,29.215034276373988,29.92759803792666,6255000
2018-09-06,29.324005126953125,29.70124425937896,29.248557300467958,29.52520039687701,3779200
2018-09-07,29.173112869262695,29.240179033006186,28.93000282252859,29.07251682153816,3099600
2018-09-10,29.558740615844727,29.667721558417668,29.181504549361723,29.399463236616157,2605700
2018-09-11,29.68448257446289,29.776696955011662,29.324009922076332,29.38269121917267,2280300
2018-09-12,29.98626708984375,30.044948373554803,29.65094272758905,29.718008879196038,2746200
2018-09-13,30.321598052978516,30.48926028828783,29.73478502623265,30.078491169565723,3606700
2018-09-14,30.380279541015625,30.7407489940332,30.229383863989273,30.229383863989273,2671200
2018-09-17,29.759929656982422,30.464108402133693,29.751547985277742,30.388660565228527,3479600
2018-09-18,30.078487396240234,30.288064364612804,29.77669605012122,29.85214388665097,2354100
2018-09-19,29.826993942260742,30.32997735799951,29.625798657230895,30.26291119702604,2720100
2018-09-20,30.036577224731445,30.254535898020265,29.768315722227243,30.02819235389847,4341300
2018-09-21,30.313213348388672,30.50602378044791,29.977888911308618,29.977888911308618,5110300
2018-09-24,30.254535675048828,30.556327064987066,30.170706154684304,30.30483530600227,3241900
2018-09-25,30.003042221069336,30.313215266364594,29.634184677364775,30.313215266364594,3099400
2018-09-26,29.810232162475586,30.153938297625363,29.768314206227917,30.053339040100248,3530200
2018-09-27,30.556325912475586,30.598240671076923,29.826998879560794,29.852147095143376,3864000
2018-09-28,31.352718353271484,31.36948169799055,30.472492454642605,30.472492454642605,4129200
2018-10-01,31.53714370727539,31.595825007057826,31.092841523810954,31.41978110771052,5975500
2018-10-02,31.587446212768555,31.897619282435077,31.159907334952674,31.679660605940267,4080500
2018-10-03,31.017396926879883,32.06528195819339,31.000630382631904,31.704809251590238,4272800
2018-10-04,30.698827743530273,31.059300318169353,30.47248427588084,30.900023002959824,3768000
2018-10-05,31.185062408447266,31.520383734538814,30.74075693448576,30.74914180642575,3982900
2018-10-08,31.260498046875,31.637737189422285,31.21858329723428,31.285646257081346,2904400
2018-10-09,31.36948585510254,31.52038156069912,31.08446418663282,31.268889784001967,2832700
2018-10-10,30.547948837280273,31.69643334295329,30.514418940577663,31.22697961230573,4167700
2018-10-11,30.162311553955078,30.556317207928075,29.9024350080318,30.41380323181202,4969200
2018-10-12,30.489255905151367,30.83296199907324,30.06172030457175,30.615003363028684,3925900
2018-10-15,30.682079315185547,30.933574337387235,30.506035357958,30.615016321052597,2989300
2018-10-16,31.579057693481445,31.880849055216963,30.92517854164843,30.958711625817024,3419600
2018-10-17,31.45331573486328,31.604211426814,30.92518081303576,31.48684882149481,2950600
2018-10-18,30.9000244140625,31.713183961134767,30.665299265584036,31.361093040526764,5583500
2018-10-19,30.86650276184082,31.377871194219917,30.849736216758874,30.883269306922763,2918200
2018-10-22,31.009008407592773,31.15990087672815,30.39704087027032,30.9587087859539,2174500
2018-10-23,30.329978942871094,30.75751454880056,30.00303938576784,30.690451582213328,4139700
2018-10-24,30.036577224731445,30.791052507246192,30.036577224731445,30.42219813787618,3417000
2018-10-25,30.078487396240234,30.279679495059078,29.986273018493787,30.044954313806844,3123700
2018-10-26,29.810232162475586,30.2545343572594,29.40784472604837,29.75993253371303,6141900
2018-10-29,29.68448257446289,30.363513123865882,29.458139057995226,30.003040471479327,4501900
2018-10-30,29.95273780822754,30.120400010593073,29.642564812480142,29.676097892531352,3507400
2018-10-31,30.363866806030273,30.88405695609831,30.02826366466755,30.02826366466755,4774600
2018-11-01,31.102191925048828,31.102191925048828,30.4058132410813,30.456151940778614,4288700
2018-11-02,31.395845413208008,31.655940433784576,31.001511724656023,31.18609229355618,3695900
2018-11-05,32.134185791015625,32.2013083433379,31.5720488179241,31.5720488179241,4023400
2018-11-06,31.84052276611328,32.40265956512991,31.781792151307915,32.13417584014011,3600100
2018-11-07,32.218074798583984,32.40265533505647,31.97476045439519,32.176121621561194,5014800
2018-11-08,31.03506851196289,32.67953196451266,30.26317547876764,31.61398588642572,8490800
2018-11-09,32.117393493652344,32.645972199277104,30.892436163670897,30.9259974276486,8064800
2018-11-12,33.39268493652344,33.87931354904314,32.18450852012934,32.26001974619007,10335400
2018-11-13,33.05707931518555,33.63599653465586,32.83054565524222,33.58565465447602,6258600
2018-11-14,32.755027770996094,33.51013661659714,32.511713533830324,33.06546130083508,6474300
2018-11-15,32.88927459716797,33.13258887162141,32.4613766385668,32.56206039387126,4699800
2018-11-16,32.94801712036133,33.30040078981949,32.61241088228645,33.06547834351405,3546100
2018-11-19,32.788597106933594,33.02351949011278,32.629182746424206,32.864105129603395,3924400
2018-11-20,31.790172576904297,32.59562354182022,31.320327780992162,32.51172359985809,6436200
2018-11-21,32.01671600341797,32.47817222578371,31.85730478495085,31.916035402311294,4179800
2018-11-23,32.25162887573242,32.520112532509856,31.714661562177557,31.72305347677678,2539000
2018-11-26,32.771820068359375,32.83893938494198,32.352313937840286,32.41943325442289,3567500
2018-11-27,32.26841354370117,32.83894218591619,32.209682936465335,32.78021157868035,3338300
2018-11-28,33.03192138671875,33.09065200595317,32.30198140439193,32.51173453039448,4750700
2018-11-29,32.5452880859375,33.199716659790276,32.31875437947048,33.015132928466485,5203000
2018-11-30,32.24323272705078,32.98995292532002,32.159332803870136,32.452985735579304,19793100
2018-12-03,33.40947341918945,33.57727653883919,32.46138851365997,32.60402228556465,6551700
2018-12-04,33.41786575317383,33.82898004084693,32.95640636822477,33.34235450841656,6754100
2018-12-06,34.03034210205078,34.03034210205078,32.83055418431136,33.14098785795821,5501800
2018-12-07,34.00517654418945,34.6428278542033,33.84576531697538,34.063907164772466,4018000
2018-12-10,34.055519104003906,34.298833508581225,33.56050157770954,33.88771595599959,3267400
2018-12-11,34.961639404296875,35.33919556212921,34.05550782607704,34.38272209600581,6910500
2018-12-12,35.414710998535156,35.75031722325042,35.20495790823266,35.29724978005826,5587900
2018-12-13,35.809043884277344,36.144650071989545,35.44826835268896,35.47343769656514,5763500
2018-12-14,35.50699996948242,36.052359239945,35.40631939052459,35.54894994400003,4831300
2018-12-17,34.41628646850586,35.89294677425951,34.3072139684684,35.60768245148484,6241200
2018-12-18,34.307220458984375,35.47344731665938,34.10585925221187,34.58409611901991,6617200
2018-12-19,33.627620697021484,34.36594935222208,33.350745050887376,34.13941560554286,7320600
2018-12-20,32.06705856323242,33.60244976383095,31.395846007185032,33.60244976383095,10360900
2018-12-21,31.21965217590332,32.40265959023706,30.89243783585461,31.88247277273856,10863000
2018-12-24,30.40580940246582,31.127357345189377,30.355467508545413,31.043457389233524,2480000
2018-12-26,31.96636199951172,31.974753913430792,30.187657117377995,30.50648263417752,4738600
2018-12-27,32.40266036987305,32.41105228681278,31.2028722937742,31.62237852456181,3578600
2018-12-28,32.40266036987305,32.771827901336415,32.11739600491433,32.595632851965924,3267500
2018-12-31,33.224891662597656,33.31718354397585,32.595632326559226,32.74665482325473,2776800
2019-01-02,31.974761962890625,32.8892855750746,31.790178217131853,32.80538241764871,5156700
2019-01-03,31.672727584838867,32.30198707327937,31.50492441447221,31.924430740099215,3969900
2019-01-04,32.755027770996094,32.89765826828708,31.806943357590036,31.857285227527427,4092800
2019-01-07,33.05707931518555,33.55209660160009,32.68791192835466,32.99834872193105,3123800
2019-01-08,33.56049346923828,33.745077207504075,33.258448515922645,33.46820160010538,2727700
2019-01-09,33.18293762207031,33.82897751212915,33.040307059622855,33.3675213622523,3319400
2019-01-10,33.90447998046875,33.95482186038034,32.9815679194638,33.07385656510248,3462500
2019-01-11,33.812198638916016,34.047124284245434,33.52693429861321,33.77863737521492,2006200
2019-01-14,33.283607482910156,33.71989414603101,33.149365678917356,33.50175241475912,2272000
2019-01-15,33.92966079711914,34.16458644892814,33.20811281111382,33.308793404415766,3043600
2019-01-16,34.139427185058594,34.2988416537805,33.83738528761731,33.83738528761731,2647000
2019-01-17,34.449851989746094,35.08750003683811,33.99678450333472,33.99678450333472,3308100
2019-01-18,33.84575653076172,34.69315755103409,33.60244219403614,34.5589157101817,4360200
2019-01-22,33.980003356933594,34.29882897595073,33.66117773791646,33.896103394308334,4355900
2019-01-23,34.68476486206055,34.80222605927547,34.18974753052796,34.23169750087935,2754000
2019-01-24,35.011985778808594,35.03715512569681,34.4330683963322,34.65121020404589,2986900
2019-01-25,34.34077835083008,35.23852137749621,34.28204773791386,35.12106015166376,4320600
2019-01-28,33.677955627441406,34.09746180755518,33.627616934197775,33.778636214506825,3093700
2019-01-29,33.501766204833984,34.12263360364715,33.38430497806276,33.66117741251231,4479500
2019-01-30,33.71151351928711,33.887705329179305,33.535321709394914,33.71990223379623,3306600
2019-01-31,34.34965133666992,34.45880536697568,33.66114721253291,33.7199217204736,4433700
2019-02-01,34.257286071777344,34.41681960391716,34.02218807027031,34.257286071777344,3419500
2019-02-04,34.45878982543945,34.62671828794713,33.98859077101176,34.240481863288764,2319300
2019-02-05,34.164939880371094,34.63513928801753,33.929841778033584,34.509192045781624,2654600
2019-02-06,34.30766677856445,34.40002762606831,33.87105390134542,34.03058423605289,2382600
2019-02-07,34.90380859375,34.92060176562143,34.156530061806414,34.19011640554928,2743600
2019-02-08,35.12211608886719,35.256458258817496,34.542762878543385,34.702296407401235,2702600
2019-02-11,35.47476577758789,35.58391979988905,35.13890872572441,35.15570189861461,2452600
2019-02-12,35.60910415649414,36.03731880908677,35.39079933816591,35.68467182494812,4096200
2019-02-13,35.72665786743164,35.93656772940594,35.44118032702778,35.600713872029246,2800600
2019-02-14,35.77702713012695,36.070899571449836,35.592305479598636,35.73504581036217,2409000
2019-02-15,35.65107727050781,36.18005082783632,35.62588912114855,35.97853602405479,2609200
2019-02-19,35.6427001953125,35.76024922200468,35.457978465955776,35.61750883032792,2341500
2019-02-20,35.31523132324219,35.76863412654795,35.25645682646237,35.58391565222703,2926900
2019-02-21,35.65107727050781,35.66787043773704,34.95417844682537,35.189276382096196,3722000
2019-02-22,35.44956588745117,35.978536245059836,35.357205068607676,35.810610977674386,2192000
2019-02-25,35.13050842285156,35.69306521614958,34.95418493865096,35.56712124299333,2742500
2019-02-26,34.735870361328125,35.22286260046306,34.44199794320817,35.147294949665195,3333700
2019-02-27,34.44200897216797,34.702298342258715,34.13973827218391,34.56795296184789,4805400
2019-02-28,34.99617385864258,35.726659310997334,33.7535078099002,35.68467797750024,5384500
2019-03-01,35.43278121948242,35.533537044676116,34.8618262051016,35.054942871293655,4953900
2019-03-04,35.021366119384766,35.93657338986817,34.047384334528445,35.558734938206065,5895700
2019-03-05,35.04654312133789,35.214468406168955,34.65191165545198,34.99616361410687,4989900
2019-03-06,34.744285583496094,35.24806803386892,34.71069923267905,35.080139482754404,3635600
2019-03-07,34.62672805786133,35.21447303801663,34.51757404598823,34.76946520933621,4227400
2019-03-08,34.81145095825195,34.83664231986582,34.2237027004636,34.57635293632474,3672900
2019-03-11,35.088531494140625,35.10532466659249,34.37483607830222,34.91220798785131,3246800
2019-03-12,36.05410385131836,36.21363733929113,34.96257359983712,35.16408840460357,6952800
2019-03-13,36.15487289428711,36.50751989683621,35.81901586074221,36.04571887793951,5465800
2019-03-14,35.14729690551758,36.12967321758728,35.12210875483968,36.11288004947891,5956800
2019-03-15,35.23966979980469,35.42438830633253,34.73588419289229,35.206083452083114,6119400
2019-03-18,35.16409683227539,35.51674382142305,35.029754664556776,35.18089000361146,4431400
2019-03-19,35.20608139038086,35.49155892335558,35.09692736816311,35.21447637533443,4339400
2019-03-20,35.69307327270508,35.82741546284366,35.08853501856671,35.290046702289345,3014800
2019-03-21,36.4151496887207,36.524303677000596,35.583908709044834,35.76862714732324,2961700
2019-03-22,35.6762809753418,36.65865757611944,35.6762809753418,36.448747717528974,3263600
2019-03-25,36.21364212036133,36.4571350710992,35.47475867595956,35.642687168274,3354800
2019-03-26,36.40675735473633,36.5746858405436,36.15486622751015,36.373171016980976,2525700
2019-03-27,35.95335388183594,36.381571710305536,35.79382357095748,36.27241770656254,2110800
2019-03-28,35.902976989746094,36.09609685774648,35.60910450012797,35.96175469063964,3314700
2019-03-29,35.66788101196289,36.05411436383168,35.66788101196289,35.93656536134727,3658900
2019-04-01,35.08013916015625,36.0373277288447,34.93740197495249,35.82741784262458,3437100
2019-04-02,35.5671272277832,35.73505575655152,35.12211934907191,35.197683823898856,3050500
2019-04-03,35.55033493041992,36.12129002051595,35.4159927446897,35.55872991572853,2513300
2019-04-04,35.46636199951172,35.735046293199964,35.31522668394091,35.735046293199964,2195600
2019-04-05,35.32362747192383,35.65108630848555,34.99616863536211,35.541935498278285,2432200
2019-04-08,35.22287368774414,35.340422691993616,34.87862165974062,35.264855017408934,2143000
2019-04-09,35.39918899536133,35.42437714673238,35.09691836703108,35.09691836703108,2458700
2019-04-10,35.483158111572266,35.93656413682256,35.40759044069722,35.50834947051061,2410800
2019-04-11,35.60910415649414,35.64269049868922,35.30683348267822,35.457968819586185,2309700
2019-04-12,35.491554260253906,35.71825725985732,35.44117474824099,35.66787774784441,1960400
2019-04-15,35.50835418701172,35.73505722974936,35.38240698450067,35.5671286940581,1863800
2019-04-16,35.2900390625,35.64268923712658,35.256455924463474,35.46636575129818,2100400
2019-04-17,34.57636260986328,35.34043459786389,34.248903644001764,35.264866897821136,6153200
2019-04-18,34.42520523071289,34.819836657088274,34.29086309451668,34.66030316831396,3146400
2019-04-22,34.33285903930664,34.47559942150094,34.07257284119966,34.44201307239987,2345500
2019-04-23,34.71068572998047,34.870216029846965,34.332847437697225,34.46718958573466,3154800
2019-04-24,34.719078063964844,34.9373860397253,34.52596144108088,34.761062584435926,1756600
2019-04-25,34.33285903930664,34.71069745926739,34.257291355314486,34.53437393094255,2306200
2019-04-26,34.3580436706543,34.71908887898073,34.29926916724955,34.48399086536173,1475800
2019-04-29,34.3244514465332,34.50916989280304,34.080955309439595,34.3412446149158,1868600
2019-04-30,34.59333801269531,34.60174236768338,34.07238018971494,34.29084854489276,2890900
2019-05-01,34.0723876953125,34.593345633051506,34.02197437556797,34.45050362001137,2646700
2019-05-02,33.24892807006836,34.450494348907235,33.19851155856863,33.88752439444312,3789900
2019-05-03,33.13969802856445,33.61024257858069,32.65235117794274,33.18171339604569,3541200
2019-05-06,32.223819732666016,33.22372653003353,31.795290537596088,33.05567467116043,4050900
2019-05-07,32.475887298583984,32.677546891545745,32.00534290613748,32.064160554528115,4499000
2019-05-08,31.055864334106445,32.38347049558734,30.4088667598139,32.36666498913944,8454400
2019-05-09,30.82059097290039,31.274329991547877,30.45087947918151,31.047460482224135,5629900
2019-05-10,31.34994888305664,31.425572042511078,30.417264318225875,30.795380115498066,4107800
2019-05-13,30.92982292175293,31.39196305689906,30.77017223856496,31.131482556391703,3380300
2019-05-14,30.450878143310547,31.139887790886824,30.308032959859656,31.06426462442981,4120300
2019-05-15,30.240808486938477,30.459273590626296,29.904704875533966,30.29122178492404,3575100
2019-05-16,30.081157684326172,30.501285593898665,29.913105879432862,30.29122163911242,3048500
2019-05-17,29.896299362182617,30.139971079282244,29.770259724979848,29.82907736758884,2688900
2019-05-20,30.17359161376953,30.224008125650382,29.518192985929137,29.72825697744948,5142700
2019-05-21,30.837390899658203,31.055856014309395,30.097964840654146,30.181989145061124,4515500
2019-05-22,30.66933250427246,30.921408568722814,30.526490576368314,30.68613800261196,3300400
2019-05-23,29.854293823242188,30.492890160446034,29.77867065713442,30.425668143762607,4361500
2019-05-24,29.854293823242188,30.29122731571793,29.795476161305277,29.921515839925615,2618600
2019-05-28,29.425758361816406,30.00553370716545,29.257706561544925,29.829080759275065,5998600
2019-05-29,28.803972244262695,29.49298185018734,28.77036444311959,29.42576304257913,3490600
2019-05-30,28.35024070739746,28.980432748677593,28.30822534038747,28.845991908084063,3092300
2019-05-31,28.602304458618164,28.85438052456929,28.08974797483559,28.22418875703093,4530900
2019-06-03,28.803972244262695,29.030841729919153,28.518285099953307,28.694741281234105,3674300
2019-06-04,29.308137893676758,29.358551215543223,28.593918182445094,28.9636329711891,6226100
2019-06-05,29.534996032714844,29.585409335079408,29.064451576940417,29.509786176210696,4168700
2019-06-06,29.64422607421875,29.787071238916532,29.20729263708696,29.677837078303142,3340500
2019-06-07,29.18208885192871,29.87109847670033,29.10646568797465,29.652633339345314,3156300
2019-06-10,28.736751556396484,29.324931309762963,28.585505242521627,29.14007399162218,3057900
2019-06-11,29.030847549438477,29.2241060673704,28.694747033378768,28.72835484125889,3441400
2019-06-12,28.98882484436035,29.501381390691783,28.871189546249166,28.9804236967759,2622900
2019-06-13,28.92160987854004,29.358543381624067,28.70314472965915,29.047649560220485,2827300
2019-06-14,29.224103927612305,29.308131454466803,28.753562598516726,28.938416746951816,2717300
2019-06-17,28.938417434692383,29.299727795447495,28.854393111163393,29.232508977688802,3077900
2019-06-18,29.1148681640625,29.42576194900572,28.79557002515434,29.106463810097562,3387100
2019-06-19,29.240907669067383,29.41736065683395,28.888001693534246,29.11487119437221,4387500
2019-06-20,29.44256591796875,29.61901887817856,29.19889095082851,29.593812228240505,3878700
2019-06-21,29.55179786682129,29.73665518678593,29.30812609679368,29.459372412160786,6029500
2019-06-24,29.560199737548828,30.181987243763505,29.41735458266932,29.9635221428744,4526400
2019-06-25,29.526599884033203,29.89631463249809,29.43417119691698,29.627429722104193,3782600
2019-06-26,28.31662940979004,29.4341682849335,28.308225054343975,29.3921561236705,4327200
2019-06-27,28.59390640258789,28.59390640258789,27.736845025388103,28.350234634865057,6333800
2019-06-28,29.509790420532227,29.51819477568301,28.476275904226497,28.602315588909626,5632200
2019-07-01,29.7702693939209,29.88790471734509,29.34173705250745,29.610621912891236,4052600
2019-07-02,29.610620498657227,29.929915445466694,29.24931019092682,29.787073475365933,2741600
2019-07-03,30.08956527709961,30.299629254502456,29.694643973879245,29.719850625464574,1850900
2019-07-05,30.3248348236084,30.33323597206298,29.829083726421203,29.879500233114104,2102800
2019-07-08,30.00554084777832,30.476085359452693,29.770270194602258,30.257617005512994,3541900
2019-07-09,29.904706954956055,30.181989729122268,29.61061867851889,29.929913605701582,2676000
2019-07-10,30.21560287475586,30.341642548058342,29.95512558440306,30.18199186783226,2649600
2019-07-11,30.240808486938477,30.32483278712881,29.963522526731516,30.148379833536158,1991600
2019-07-12,30.240808486938477,30.38365043832636,30.07275668123622,30.26601513593126,2029800
2019-07-15,29.94672393798828,30.450879471465182,29.845894113421835,30.181994597084103,2700400
2019-07-16,28.644323348999023,29.92991383188515,28.501478181277324,29.745059716151317,4879000
2019-07-17,29.240907669067383,29.434166161191083,28.610715679624885,28.610715679624885,6674700
2019-07-18,29.49298095703125,29.49298095703125,28.87119338286683,29.182087169949043,2420100
2019-07-19,29.526599884033203,29.871104768988275,29.257718178962065,29.450976704149273,4132300
2019-07-22,29.358545303344727,29.60222032770528,28.98043264419779,29.54340266049031,2471700
2019-07-23,28.980426788330078,29.417357026404606,28.787165114734808,29.408955877923944,2684000
2019-07-24,29.207290649414062,29.45936995757023,29.01403219706347,29.01403219706347,2226600
2019-07-25,29.29973030090332,29.560210854633162,28.96362977272452,29.02244744528888,1897400
2019-07-26,28.95521354675293,29.51818658878822,28.84598260266667,29.392146939062297,2070600
2019-07-29,28.980426788330078,29.005633439093888,28.661128655593938,28.946815783763785,1995800
2019-07-30,29.23250389099121,29.24930939383721,28.820777084569087,28.820777084569087,2227600
2019-07-31,28.71109390258789,29.23250128018278,28.61017707004107,29.224092880840654,3579100
2019-08-01,28.862470626831055,29.41751801549749,28.67745376124616,28.685865368639064,4325300
2019-08-02,29.215688705444336,29.434342408923012,28.86247492833112,28.954983374910505,2797500
2019-08-05,28.357891082763672,29.15682076876468,28.189694177467466,29.15682076876468,2976200
2019-08-06,28.53449058532715,28.63540742474117,27.886934716917576,28.35788531433049,3232700
2019-08-07,28.00466537475586,29.224088410479766,27.441209670464712,28.57653268519069,4928200
2019-08-08,29.535259246826172,29.543670855470065,28.029905316530755,28.114002154437323,4843800
2019-08-09,28.719505310058594,29.55207478692757,28.542896844220962,29.510026374333176,3310400
2019-08-12,28.54290199279785,28.97180421965558,28.231739833765943,28.627002041244868,2287900
2019-08-13,29.08953094482422,29.106350948653663,28.39992682825555,28.601760458033468,2383700
2019-08-14,28.576541900634766,28.954984096947122,28.50085346137229,28.84565563843715,2153000
2019-08-15,28.862470626831055,29.039075885023045,28.48402849635661,28.568128529844405,2338900
2019-08-16,29.82960319519043,29.92211163739766,28.971802014844155,28.98021041500455,3132200
2019-08-19,29.821195602416992,30.056672543766936,29.493213414492402,30.031440923711113,3602800
2019-08-20,29.686634063720703,29.76232249582556,29.375471935328964,29.76232249582556,2058700
2019-08-21,30.090301513671875,30.123941526251674,29.669810980688922,29.82118782920984,2260300
2019-08-22,30.149173736572266,30.342602229273357,30.014616877359707,30.098716919422916,2306700
2019-08-23,29.451156616210938,30.132352418390063,29.291371372380915,30.12394081140064,4258900
2019-08-26,29.98938751220703,30.006207520083162,29.535256923816934,29.65299377086137,2000700
2019-08-27,29.745498657226562,30.409874452580148,29.71186185358048,30.123940769015828,2678300
2019-08-28,29.72868537902832,29.947342296694934,29.627768529076167,29.745505388701815,1469300
2019-08-29,29.98938751220703,30.115535967233775,29.829602249516505,29.930519088684814,1554100
2019-08-30,30.61170768737793,30.721032900426714,30.048248785909248,30.123937199297945,2009700
2019-09-03,30.94810676574707,30.981746782870253,30.393059315568962,30.493976158849907,2386400
2019-09-04,31.292909622192383,31.351778049432667,30.964927468114034,31.20881278558874,2287200
2019-09-05,31.620891571044922,31.864776886936767,31.116304138520594,31.250861001066326,2918600
2019-09-06,31.738630294799805,32.403002971060594,31.67135026231903,32.03297241668189,2230700
2019-09-09,31.82272720336914,32.00774408504494,31.595661905336616,31.856367219689925,1855600
2019-09-10,31.948875427246094,32.15912071558307,31.696578514770916,31.78067855495881,2088100
2019-09-11,32.470279693603516,32.739393379916805,31.805903876978988,32.04137755048107,2100800
2019-09-12,32.201168060302734,32.596427007725836,32.175936445041565,32.39459333416689,2339800
2019-09-13,32.37778091430664,32.55438622207964,31.73022491104981,32.07502712493055,2929100
2019-09-16,32.823490142822266,32.831901750053525,32.251622758447844,32.40299960772861,2435200
2019-09-17,32.823490142822266,33.10942383500948,32.630064881649766,32.882358561088324,2801000
2019-09-18,32.75621795654297,32.90759482722566,32.43664420642522,32.865546409389054,3035100
2019-09-19,32.630069732666016,32.941231876630184,32.545972896380135,32.8571350403443,2081000
2019-09-20,32.85712814331055,33.0169133819487,32.56278607000658,32.815079733993976,4399900
2019-09-23,33.03373336791992,33.31966704242808,32.67211127345113,32.789851310791654,2497100
2019-09-24,33.075782775878906,33.51309005300876,33.04214276745729,33.20192799532828,2831400
2019-09-25,33.43741226196289,33.496283899449516,33.0001048458901,33.0001048458901,2605600
2019-09-26,33.21875762939453,33.65606824138506,33.16829760213415,33.58878820503788,2256800
2019-09-27,33.16829299926758,33.49627831881146,32.94122772023947,33.25239303303072,1520300
2019-09-30,33.30284881591797,33.46263727108528,33.058966745763094,33.058966745763094,1899600
2019-10-01,32.9160041809082,33.31967477839073,32.82349573413516,33.25239794952134,1859400
2019-10-02,32.13389205932617,32.798268001607745,32.12548365857714,32.739399572098115,3188300
2019-10-03,32.512325286865234,32.52073368529496,31.789081114568003,32.15911480723426,2272800
2019-10-04,32.93282699584961,32.958055407813866,32.41982789864971,32.59643319857751,1756400
2019-10-07,32.73097610473633,32.97486134325237,32.6552909011496,32.8066645164107,1596300
2019-10-08,32.798255920410156,33.18510637414576,32.512322278934356,32.65529070371607,2484900
2019-10-09,32.59642028808594,33.058962378157894,32.310486636081336,32.88235394009054,2102700
2019-10-10,32.630069732666016,32.76462659557663,32.3777760157197,32.545972896380135,1518800
2019-10-11,32.94964599609375,33.344908214554074,32.781449102615596,32.84872914324242,1646900
2019-10-14,32.89917755126953,33.23557125218917,32.82348912896702,33.050554395874556,1615900
2019-10-15,33.117835998535156,33.378538081495904,32.89077072079989,32.924410734113614,1206000
2019-10-16,33.23557662963867,33.33649347300747,33.000102925748614,33.11783977769364,2136500
2019-10-17,33.42900848388672,33.5551569689484,33.23558315939091,33.31968001070587,1453500
2019-10-18,33.76539611816406,33.82426454491535,33.21875706051506,33.31967390521889,3082400
2019-10-21,33.93358612060547,34.017686155505146,33.68970403961717,33.88312930775397,1529500
2019-10-22,34.269981384277344,34.33726141522096,33.87471922270474,34.06814449953495,2127200
2019-10-23,34.16065216064453,34.3708974404261,33.98404689556922,34.185883775718416,1447300
2019-10-24,34.345672607421875,34.37090101703263,34.05133046833404,34.24475576089015,1793700
2019-10-25,34.32044219970703,34.412947432257134,33.98404845340085,34.1101969102878,1791400
2019-10-28,33.958824157714844,34.64001692474979,33.94200414755375,34.4129515997085,1963500
2019-10-29,34.068145751953125,34.219522619052746,33.78221202610813,33.85790045965794,1771100
2019-10-30,34.269981384277344,34.354078214868416,33.933587645736175,34.1606529380382,1232400
2019-10-31,33.76502227783203,34.48879945979981,33.689278079476054,34.26156686473186,1892000
2019-11-01,34.24473190307617,34.35414089484246,33.874428744612054,33.91650813822926,2129900
2019-11-04,34.34572219848633,34.581369342961544,34.059577861430036,34.33730439449704,1878200
2019-11-05,33.3358039855957,34.4382988394705,33.32738618080705,34.34572545995843,4309200
2019-11-06,33.31056213378906,33.832353745411126,33.27689733034187,33.4536327327611,3781000
2019-11-07,33.697689056396484,35.16207231392438,33.57144768123477,33.6135270694715,6602400
2019-11-08,32.35112380981445,33.52095126471404,32.309044424634195,33.462036272920116,6554200
2019-11-11,32.4352912902832,32.620441258560234,32.31746770762004,32.51945007491351,3451800
2019-11-12,32.603607177734375,32.889751497173236,32.34270984780585,32.46053341278926,2292400
2019-11-13,32.64567947387695,32.91499133833706,32.595182295371686,32.637261672234075,2466700
2019-11-14,33.167476654052734,33.23480623725653,32.69617920297987,32.73826179770786,3120200
2019-11-15,33.49570846557617,33.58828505969682,32.85609332235027,33.20114949378503,2907900
2019-11-18,33.49570846557617,33.72294104829449,33.32738767721609,33.56303806510101,1808100
2019-11-19,33.15064239501953,33.571442635038466,33.13381000016465,33.478866068562134,2409700
2019-11-20,33.36105728149414,33.45363388894727,33.06649826728188,33.13382466605077,2947900
2019-11-21,32.990745544433594,33.51253703937073,32.84767176700388,33.51253703937073,4088900
2019-11-22,33.133819580078125,33.21798157868613,32.85609301080166,33.091740186000116,3505500
2019-11-25,32.98233413696289,33.15907274458899,32.8140165456272,33.041245936020836,2886300
2019-11-26,32.75509262084961,33.0496547464178,32.645686858349876,33.024407756679615,3600300
2019-11-27,32.8813362121582,33.02440998806166,32.74668024037051,32.92341560138218,3246300
2019-11-29,33.43679428100586,33.57986806454258,32.72143499467761,32.83084077040664,1678000
2019-12-02,33.54619598388672,33.8239224756456,33.37787524410351,33.38628983638968,2500100
2019-12-03,34.00908279418945,34.11849177972666,33.35263530186973,33.47045888147053,3465600
2019-12-04,33.26006317138672,33.891263755637716,33.23481617536138,33.82393415230056,4480600
2019-12-05,32.46895217895508,33.29372036874444,32.292213615788356,33.25163777104432,3718500
2019-12-06,32.376380920410156,33.041243053264196,32.35954852065471,32.45212511408366,3952500
2019-12-09,32.45212173461914,32.8476718510987,32.35112734660373,32.52786592040487,3056800
2019-12-10,32.30064010620117,32.61203150812631,32.258560707635986,32.49420790796287,2829600
2019-12-11,32.75509262084961,32.9065809801815,32.22488657363937,32.30904534640091,1915700
2019-12-12,33.100154876708984,33.12540186868992,32.687769148460895,32.70460154659874,2391800
2019-12-13,33.133819580078125,33.37788456036337,33.0159959924789,33.14223738516492,2480600
2019-12-16,33.76502227783203,33.77344008345613,33.07490989745629,33.11698929422024,2452300
2019-12-17,33.31897735595703,33.849186783637165,33.31897735595703,33.823936575350785,2893900
2019-12-18,33.4620361328125,33.58827749827601,33.23480681170025,33.251635997340856,2078600
2019-12-19,33.924922943115234,34.1942348909914,33.445210835307584,33.47887242095336,2793300
2019-12-20,34.18582534790039,34.4972199713741,33.790275134749834,34.00908994135743,4070600
2019-12-23,33.73135757446289,34.253149109187476,33.63878098385249,34.24473130434004,1699900
2019-12-24,33.57145309448242,33.75660628512099,33.48729430443874,33.75660628512099,701900
2019-12-26,33.01599884033203,33.70611123618463,32.889760647209094,33.63878484194285,1420000
2019-12-27,33.01599884033203,33.18431964161487,32.94867244609025,33.03283124150554,1714500
2019-12-30,33.01599884033203,33.074910639213186,32.83084563787569,32.92342223910386,1431000
2019-12-31,33.45363235473633,33.462046950276864,32.9150083474771,32.95708774608441,1644500
2020-01-02,32.654109954833984,33.655616947934234,32.47737455974061,33.52096095017944,2581100
2020-01-03,32.149139404296875,32.645683822497695,31.9892332562883,32.460530687098746,2751300
2020-01-06,31.459026336669922,32.13230606777916,31.35803196916529,32.09864127861095,2605600
2020-01-07,31.029813766479492,31.627352642886965,30.987734377832883,31.32437590790888,2446000
2020-01-08,31.021390914916992,31.139214455943044,30.49959957160847,31.038223307985103,3594200
2020-01-09,31.257049560546875,31.400123349330737,30.937240394840504,31.046649385033824,2329200
2020-01-10,31.40011978149414,31.677846312179724,31.19813422335337,31.332790191963372,1859300
2020-01-13,31.0718936920166,31.501111810802524,31.055064504628415,31.324376449162024,2447800
2020-01-14,31.56002426147461,31.568438855345594,31.05506515747169,31.088726743407314,2728000
2020-01-15,32.09022903442383,32.31746156225821,31.459028638367624,31.459028638367624,2736500
2020-01-16,32.50261688232422,32.65410525932155,32.17439313564726,32.20805793285817,2059100
2020-01-17,32.4352912902832,32.56152946722866,32.19964091450504,32.50261767589708,2209200
2020-01-21,32.41845703125,32.50261581105167,32.056568499289824,32.41003922699883,1958500
2020-01-22,32.55310821533203,33.0244056600489,32.502611028610204,32.55310821533203,2445600
2020-01-23,32.7130126953125,32.746677488042835,32.258550835258376,32.49419796346802,1912200
2020-01-24,31.947153091430664,32.72984178587484,31.81249714456129,32.64568302300061,2912600
2020-01-27,30.987735748291016,31.795671603663163,30.97090334999763,31.70309501827541,2094100
2020-01-28,31.14763641357422,31.383286761807625,30.996151261036875,31.13922182027549,1822900
2020-01-29,31.27387809753418,31.358036873165076,30.600598261132504,31.105557335820887,2315200
2020-01-30,31.27387809753418,31.324375289183617,30.78575142006228,31.307542891967138,2352800
2020-01-31,31.29933738708496,31.51145000503656,31.095711086337175,31.138132962611156,3231300
2020-02-03,31.8508358001709,32.029009646590765,31.367219224698616,31.41812418848593,2428800
2020-02-04,31.61326026916504,32.34292812615398,31.61326026916504,31.961124801382862,3247900
2020-02-05,32.24111557006836,32.588980108597944,31.613260842765925,31.613260842765925,2897100
2020-02-06,32.09687042236328,32.419279145954675,32.0120234662231,32.334435426394926,2283400
2020-02-07,32.139305114746094,32.28354014290401,31.90173677927757,32.079913840024396,1302300
2020-02-10,32.4871711730957,32.51262365297815,31.935677040708825,32.122337190731805,1810800
2020-02-11,32.95381546020508,33.40349316098952,32.58898150940885,32.656859098664704,1978100
2020-02-12,33.29319381713867,33.52227256798184,32.90290418861111,32.96229545536026,1822200
2020-02-13,33.56470489501953,33.68348745406679,33.17441518254454,33.27623157879819,1749300
2020-02-14,33.988922119140625,33.988922119140625,33.52227183829591,33.64105760578989,1825500
2020-02-18,33.89558792114258,34.15012234722185,33.73438030324707,33.94649286440994,1828100
2020-02-19,33.42894744873047,34.065285256232336,33.42046113214483,34.031346463052685,1888200
2020-02-20,33.12350082397461,33.411974058357075,32.478676776963894,33.411974058357075,2425700
2020-02-21,33.40349197387695,33.428947687234036,32.928361812297815,32.99623616255991,1854600
2020-02-24,32.359901428222656,33.11502185247779,32.300510152376646,32.911395545743396,2629700
2020-02-25,30.654516220092773,32.30899527488232,30.57815554874613,32.30899527488232,3499700
2020-02-26,29.73818588256836,30.798748882920876,29.721216486172946,30.671483264827426,3559400
2020-02-27,29.271533966064453,30.052106651600678,28.431566784681795,29.56849026239217,3885300
2020-02-28,28.177040100097656,28.55036038848759,27.06557040721762,28.55036038848759,6020200
2020-03-02,28.99155044555664,29.008519843018203,27.88008242276807,28.26188577419918,3885200
2020-03-03,28.25339126586914,29.670304795588375,28.04127871396835,29.033967139886006,3208800
2020-03-04,30.07756233215332,30.11998419779178,28.60974377231261,28.652165637951068,4961200
2020-03-05,29.144268035888672,29.780605794196994,28.720042863683123,29.31395875208713,3471000
2020-03-06,29.11882209777832,29.220635255719664,27.854632613309363,27.981898251590554,3078700
2020-03-09,25.56380844116211,27.04011348047808,24.885048805618485,26.751640230799385,4954700
2020-03-10,27.44736671447754,27.464336109364407,25.843796118351605,26.573463915581236,4503900
2020-03-11,25.453516006469727,26.700737708201995,24.78323930818636,26.54801797152759,5745400
2020-03-12,22.56877899169922,24.98686274407602,22.44999484564036,23.739639729346734,6385500
2020-03-13,24.477792739868164,24.511729912105697,21.94092640635184,24.079020042615603,5398200
2020-03-16,21.117929458618164,24.240227118646075,20.999146923168407,21.771236640173164,3893800
2020-03-17,19.997976303100586,22.509390408235042,19.7179877269553,21.660939981335293,4547800
2020-03-18,18.657421112060547,18.89498776857651,16.578718936135058,18.343495420608132,5335200
2020-03-19,20.32038688659668,20.617343219678073,17.435654351314753,18.6489386320438,3611600
2020-03-20,19.777381896972656,21.788210415529623,19.446486699830636,20.693708427612172,6080800
2020-03-23,18.801660537719727,19.599204358492386,17.792004119167476,19.599204358492386,5404600
2020-03-24,21.8560848236084,22.076682145274095,19.811319271515515,19.93010182230055,4211500
2020-03-25,22.30575942993164,23.306929436513556,20.6427959805781,21.915471445763654,4666500
2020-03-26,23.960237503051758,24.367493279487736,22.229399644053554,22.56029476012146,3597500
2020-03-27,25.071704864501953,25.784403221712303,22.687560055754957,22.763920709619672,3399400
2020-03-30,24.138418197631836,25.453515870279915,23.340874247241597,25.156557861468457,3588900
2020-03-31,23.128761291503906,24.291137593746434,22.882709864752886,24.291137593746434,2981400
2020-04-01,22.772411346435547,22.88270919840419,21.465796811305054,22.33970140109847,3880500
2020-04-02,23.57843780517578,23.78206571054243,22.119102055945365,22.628172628507354,6675100
2020-04-03,22.237886428833008,23.858428343556074,21.847599982622096,23.332388330955634,6458700
2020-04-06,23.111787796020508,23.59540424614036,22.407574056351297,23.434199841627507,2995900
2020-04-07,23.213603973388672,24.706876904489363,23.13724330624273,24.299619473614086,3158500
2020-04-08,24.98686408996582,25.31775921702396,23.077850753939963,23.289963346831726,2547400
2020-04-09,26.09833526611328,26.980722866565518,25.580779989031686,25.640171259852707,4052900
2020-04-13,25.436548233032227,26.089855574006975,24.791725592130135,25.852288826845864,2122100
2020-04-14,25.801380157470703,26.10682286221286,25.029290314519972,25.843802036111143,2359200
2020-04-15,25.029285430908203,25.343212773784416,24.65596682220718,24.952924769621845,2733900
2020-04-16,25.190488815307617,25.36017789729519,24.274162594045258,25.029282811872534,4127300
2020-04-17,26.615886688232422,26.802545172104978,25.589260981207058,25.767436386154493,3055900
2020-04-20,26.327415466308594,27.040113903935822,25.886220887150664,26.055909989548653,3348500
2020-04-21,25.716527938842773,26.284989700130513,25.241396227678404,25.37714814515394,2488600
2020-04-22,26.37832260131836,26.5819504995405,25.648654752304346,26.234085971124674,3442200
2020-04-23,26.497106552124023,26.853455797611844,26.157726703633426,26.514075949121246,2170300
2020-04-24,27.659481048583984,27.837658087897317,26.683765055112573,26.955268917346473,2481200
2020-04-27,28.5758113861084,28.7030802481127,27.761299731709407,28.202494353654263,2376900
2020-04-28,28.60125732421875,30.238766575578516,28.39763107546881,29.534554546828737,3463200
2020-04-29,29.390323638916016,29.806065791557472,28.88973773426528,29.458201229788774,3530400
2020-04-30,28.697071075439453,29.296175530502502,28.19211202593931,29.23626541148186,2636600
2020-05-01,28.217784881591797,28.269134537009947,27.601562897725852,28.174989148935314,1812500
2020-05-04,28.20067596435547,28.337613862587332,27.43895870138717,28.020945585086842,2200700
2020-05-05,28.149316787719727,29.19347007079293,28.140759599352243,28.517337919791224,2798200
2020-05-06,28.05517578125,28.29481953616902,27.54165951258618,28.286259081605763,2553500
2020-05-07,27.49030303955078,28.269137796810714,26.874082617054583,27.926794750074357,4350100
2020-05-08,28.04661750793457,28.57725140036652,27.635803855904346,27.81553421650694,2407600
2020-05-11,27.815532684326172,28.03805550926392,27.293456010027935,27.755622567425377,2625300
2020-05-12,27.447511672973633,28.115083416141168,27.430394030218498,27.884003401088194,3764000
2020-05-13,27.17363739013672,27.43039551565486,26.63444467357728,27.336251740259993,3145300
2020-05-14,27.94391632080078,27.995265989359517,26.266424708412067,26.779942615568956,2665700
2020-05-15,27.901124954223633,28.183561235031704,27.39616579008645,27.72139455635888,2708200
2020-05-18,30.408790588378906,30.665551925001687,28.45742532512431,28.688508569171198,3769600
2020-05-19,30.25473976135254,30.836726555094405,29.980864007221843,30.186272455248126,2427600
2020-05-20,30.38312530517578,31.47862849677716,30.297540342653313,30.751146520765065,2650700
2020-05-21,30.211946487426758,30.776815623480168,30.15203637184961,30.383119645442793,1905300
2020-05-22,30.5714054107666,30.579962598072676,30.02365400721275,30.203384324343375,1524100
2020-05-26,30.588531494140625,31.74394472590817,30.460150795118988,31.30745622597684,2330400
2020-05-27,30.785377502441406,31.45294925827101,30.53717657506906,30.905197739143482,2344900
2020-05-28,31.187631607055664,31.564213236197798,30.656997715367826,31.213309704860517,2298100
2020-05-29,30.853845596313477,31.20474912625199,30.34032935025695,31.13628181704423,3471600
2020-06-01,30.888084411621094,31.16196020944967,30.51150600582106,30.86240957584249,1692900
2020-06-02,30.72547149658203,31.24754498853918,30.6484437248413,31.170517216798448,2319100
2020-06-03,31.136280059814453,31.341685240702,30.87952195127678,31.059252300767504,3021000
2020-06-04,30.33176612854004,31.21330673247434,29.980862630618656,30.9822234633764,3377300
2020-06-05,31.427268981933594,31.709701881683117,30.52005364500017,30.888074745322296,4298200
2020-06-08,32.65971755981445,32.75386297071211,31.495743870273948,31.521421969064004,2784800
2020-06-09,31.15340232849121,32.30881562091217,31.076374558006016,32.15476007994178,1985100
2020-06-10,30.973661422729492,31.444388390208342,30.57996547252555,31.1020420983794,2744900
2020-06-11,28.902481079101562,30.28042042015153,28.834010502346803,30.220510297919514,3303500
2020-06-12,28.825454711914062,29.784019979013397,28.277703130714446,29.604289603592953,3070800
2020-06-15,28.50878143310547,28.679951323518512,27.430392840307537,28.209227595169875,2684600
2020-06-16,28.8939208984375,29.784018815545007,28.722750984641834,29.415997624142033,2237500
2020-06-17,28.748430252075195,29.17636163226991,28.40608384197649,28.99663123615389,2601600
2020-06-18,28.782655715942383,28.962386050675267,28.37184212304313,28.577247287064647,1886300
2020-06-19,29.16779327392578,29.35608078902009,28.628599027158074,29.261935399044894,4540100
2020-06-22,29.227706909179688,29.36464478433998,28.397519204538646,29.090769034019395,2443500
2020-06-23,28.24346351623535,29.493022027630516,28.20067104266689,29.45022955406206,2368800
2020-06-24,27.875444412231445,28.234908399267226,27.447513115433473,27.995264652957808,2928700
2020-06-25,27.92679214477539,28.038051910535646,27.35336261608141,27.712826536204936,2935200
2020-06-26,27.01958465576172,27.892564984677577,26.737150035515825,27.892564984677577,4581900
2020-06-29,28.19211196899414,28.209229612230697,26.75426421811809,27.26778208821655,2523500
2020-06-30,27.86688804626465,28.11508572445032,27.627244292874053,28.10652853479845,2012600
2020-07-01,28.371849060058594,28.508786957840137,27.738509242283328,27.89256478539469,1748200
2020-07-02,28.063737869262695,28.97951066942503,27.969592452728005,28.67139958435041,1847200
2020-07-06,28.26913833618164,28.628602296698187,28.046615514800127,28.423193852852098,1443100
2020-07-07,28.029502868652344,28.183558412783118,27.74706661612691,28.00382803291623,2782600
2020-07-08,28.40608024597168,28.568696239368354,27.901121150671802,28.09797243371587,2200500
2020-07-09,27.652921676635742,28.294818624205085,27.096609682799627,28.294818624205085,2339200
2020-07-10,28.209228515625,28.226346158196122,27.55877442220479,27.601566896204353,1677700
2020-07-13,28.4403133392334,28.782659679554836,28.05517452258595,28.294818266753623,2440000
2020-07-14,28.962390899658203,29.150681718915738,28.346168774711188,28.346168774711188,2430800
2020-07-15,29.116443634033203,29.595727825714864,29.05653351818005,29.321848812713593,1737900
2020-07-16,28.962390899658203,29.45878951653248,28.876805944463012,29.12500362047177,1597300
2020-07-17,28.85969352722168,29.244829160208578,28.602932085420605,29.167804645497082,1590400
2020-07-20,28.602924346923828,28.93671347798739,28.346166239445797,28.70563020180022,2225900
2020-07-21,28.697071075439453,28.96238964885703,28.423195312814624,28.5943684806693,1937100
2020-07-22,28.748430252075195,28.893925354209877,28.192118151879132,28.5087897239205,2689500
2020-07-23,28.4403133392334,28.919597562712074,28.294818266753623,28.739867203228822,3177500
2020-07-24,29.261938095092773,29.296173379120944,27.6871509432171,28.243462881677548,5891100
2020-07-27,28.87680435180664,30.425913503455458,28.791216136475175,29.587168582346596,3406000
2020-07-28,28.87680435180664,29.279057536866485,28.577250495431386,28.756980850342586,1830900
2020-07-29,28.791217803955078,29.0308582910491,28.483106740630326,28.893920403444405,1795900
2020-07-30,28.970949172973633,29.030859296822722,28.003826736634384,28.483107727427104,2329800
2020-07-31,29.195465087890625,29.221369503095207,28.530557647216632,28.737799556954823,1914100
2020-08-03,28.901870727539062,29.17819548031322,28.642813389518764,29.109112645094235,1532900
2020-08-04,29.38543128967285,29.44587711089946,28.970944246668864,28.970944246668864,1988900
2020-08-05,28.97958755493164,29.713574569066704,28.875963301084802,29.51496635693664,1817100
2020-08-06,29.342260360717773,29.463152020421887,28.85869042785064,28.875961135529895,1432600
2020-08-07,29.6013126373291,29.85173294279367,29.195462560043932,29.195462560043932,1958500
2020-08-10,30.20577621459961,30.44755953588269,29.704938864220278,29.739476985795932,2984400
2020-08-11,30.136690139770508,30.79296042405139,29.98125709722109,30.37847340860294,2224800
2020-08-12,30.44755744934082,30.646168928556353,30.128057611818814,30.29212767777508,2108200
2020-08-13,30.47346305847168,30.559813291624884,30.102151126622445,30.369838825827536,1328600
2020-08-14,30.171239852905273,30.413026508740316,30.119431014838035,30.378485087327988,1226900
2020-08-17,30.482097625732422,30.810234450279722,30.058976859652006,30.14532709524587,2016400
2020-08-18,31.16427993774414,31.388792557343653,30.482101783727067,30.482101783727067,2927400
2020-08-19,30.57708168029785,31.32833919277018,30.542540272033605,31.29380107855593,2342500
2020-08-20,29.92081069946289,30.577080971010236,29.825823475964608,30.395743522904382,1621100
2020-08-21,29.81719207763672,30.1798703360202,29.799921370661263,29.96399143990282,1767100
2020-08-24,29.9639892578125,30.076247197952643,29.376798439610617,29.94671855209476,1390800
2020-08-25,29.843101501464844,30.24031790259345,29.58404417598462,30.162601363759528,1176000
2020-08-26,29.30771827697754,29.66175954120145,28.988218427324398,29.66175954120145,1405600
2020-08-27,29.126384735107422,29.57541330317163,28.936410223297283,29.31635924691756,2530700
2020-08-28,29.609943389892578,29.644484795920135,29.031386368105245,29.126373587656133,1569100
2020-08-31,29.713571548461914,29.972625568642417,29.514963356521843,29.64449201363739,2085600
2020-09-01,29.506328582763672,29.765385916546116,29.221370127274156,29.64449425094142,2185400
2020-09-02,30.57708168029785,30.663431906908464,29.36815874344928,29.575403898984746,1431200
2020-09-03,29.558130264282227,31.086552840913082,29.316347018504356,30.741145380616402,3417000
2020-09-04,28.824146270751953,29.77401193585394,28.685983932299845,29.644486596458208,2125600
2020-09-08,27.597959518432617,28.77234133522563,27.537513686160988,28.685991087423535,3110900
2020-09-09,27.9433650970459,28.392393600378902,27.79656573343195,27.86564856196806,2236200
2020-09-10,27.097118377685547,28.021081438673807,27.028037196651642,27.848377662576404,2186000
2020-09-11,27.295724868774414,27.356170688892316,26.898506891245955,27.200737638860527,1788100
2020-09-14,27.23527717590332,27.54614160756615,27.088479488414638,27.373439511536787,1676000
2020-09-15,26.4235782623291,27.45979601658151,26.311320309560923,27.347539710838664,2376700
2020-09-16,26.69990348815918,27.14893201344477,26.354497563718482,26.423578748606623,1841500
2020-09-17,26.37176513671875,26.389034195618876,25.845020135173332,26.389034195618876,2359000
2020-09-18,25.84502410888672,26.397673607265652,25.758672213008655,26.259511232670917,3561800
2020-09-21,25.17147445678711,25.56005705912322,24.826068614168886,25.44779913088169,2592100
2020-09-22,24.903791427612305,25.473711623702602,24.713818577924002,25.223291295134693,2220900
2020-09-23,24.627466201782227,25.231926155521684,24.610195493868865,25.01604724768073,1885100
2020-09-24,25.067855834960938,25.13693700984337,24.368407086373058,24.601556669235684,2441900
2020-09-25,25.49098014831543,25.57733203514944,24.81743740744044,24.895153940888527,1659100
2020-09-28,25.49098014831543,25.98318376213647,25.456438734771726,25.77594022194999,2087700
2020-09-29,25.646411895751953,25.965911719467307,25.413262307402807,25.698222366376708,2255500
2020-09-30,26.544469833374023,26.699902907749838,25.741400047115885,25.86229335331114,3045700
2020-10-01,26.449481964111328,26.708537630963157,26.11271140893177,26.58764597464748,2224900
2020-10-02,26.82079315185547,26.915780391634794,25.862291988817343,26.12134600109246,1826800
2020-10-05,27.00213623046875,27.278460989882262,26.665363988786233,26.89851362217594,2018200
2020-10-06,26.85533332824707,27.243914328761196,26.682629563335126,27.03667079908196,1408200
2020-10-07,27.10575294494629,27.226646243517873,26.80352381608039,26.881238701342173,1945000
2020-10-08,27.93472671508789,27.986538833927874,27.148929343650554,27.183469109185342,1828800
2020-10-09,27.865646362304688,28.211050595567947,27.684308892787705,28.09015894922329,2999600
2020-10-12,28.28877067565918,28.513286584812043,27.667041660118254,27.934729398041874,2345900
2020-10-13,28.677350997924805,28.806879649729705,28.081526446533257,28.236959511078954,2817200
2020-10-14,29.10910415649414,29.419970236225122,28.651442035806816,28.72052155683041,2568300
2020-10-15,29.394065856933594,29.70493193697483,28.582359249259266,28.66871276818735,1921300
2020-10-16,29.091838836669922,29.54950433610603,29.074568129705302,29.41997568089664,2199400
2020-10-19,28.84142303466797,29.480422749000045,28.746435789390063,29.221368721728915,1822600
2020-10-20,28.651447296142578,29.11774650135045,28.547826348557674,28.98821784633142,1931500
2020-10-21,28.09016990661621,28.59101068718346,28.046994772372866,28.530564840432458,2015400
2020-10-22,28.651447296142578,28.77233895066672,27.71021517928248,28.090160849794152,1667000
2020-10-23,29.074562072753906,29.152278590879156,28.634170666077395,28.84141581242801,1343500
2020-10-26,29.169565200805664,29.316364612449448,28.64281999005431,28.780985692331587,1643800
2020-10-27,28.530553817749023,29.342257227700422,28.530553817749023,29.212731875012075,2305000
2020-10-28,26.881240844726562,28.297407598299856,26.84670107597009,27.960637029553787,2605700
2020-10-29,27.148929595947266,27.407983604453783,26.41494104247851,26.777617642602763,2472100
2020-10-30,27.567415237426758,27.65459738119776,26.965848800628596,27.096623679177902,2947500
2020-11-02,28.046920776367188,28.186417521487996,27.5848494484036,27.93358465963471,2103100
2020-11-03,28.53514862060547,29.049531213814788,28.36078101979487,28.465403575752447,2004300
2020-11-04,28.517711639404297,28.718233217095328,28.186416854933228,28.70951633362414,3138500
2020-11-05,28.003326416015625,29.032091509903395,27.83767903932643,28.604894418415714,2563900
2020-11-06,27.22739601135254,28.203849898566865,27.10533969117391,28.01204853505129,2506600
2020-11-09,27.828962326049805,29.258772294712664,27.802806687690847,28.700795320410737,3362200
2020-11-10,28.430526733398438,28.639765174188046,27.889988551716858,28.00332631762665,2377300
2020-11-11,28.09051513671875,28.80541932563491,27.90742732187109,28.69207988325978,2934100
2020-11-12,27.192522048950195,28.099229181895115,27.07918261802423,27.968455985397572,2119700
2020-11-13,28.02076530456543,28.142821624248647,27.297142606785755,27.305861152890646,2289000
2020-11-16,28.465404510498047,28.700796954668995,28.064358017728512,28.48283827794477,2091600
2020-11-17,27.802810668945312,28.465406965779003,27.767938142365733,28.33463041815016,2295500
2020-11-18,27.32329750061035,28.299751357255477,27.314578954743016,27.898708224713662,2508100
2020-11-19,27.000715255737305,27.427913983172633,26.66070031536667,27.401760011077926,2704900
2020-11-20,26.625825881958008,27.02686894554226,26.56479607138047,26.98327788659347,2729200
2020-11-23,26.861223220825195,27.018153712904173,26.669420209891175,26.695575846201844,2340800
2020-11-24,27.706905364990234,27.741777885769213,26.904817432362478,27.17508570424683,2570100
2020-11-25,28.11666488647461,28.168976157964586,27.53253565797634,27.66331051091633,2483700
2020-11-27,28.343345642089844,28.439247994627653,27.95102267375964,28.107953191405947,1419800
2020-11-30,28.552583694458008,28.822853622894304,28.012047163370546,28.474118445930383,4917300
2020-12-01,29.084402084350586,29.415700155553758,28.683358976243312,28.71822983180287,4304100
2020-12-02,29.29364585876465,29.328520046464,28.596178733705603,29.023379218558663,2151800
2020-12-03,28.857723236083984,29.18030442489592,28.63976459132267,29.01465372637493,1724200
2020-12-04,30.095735549926758,30.113172643778174,28.831574514876618,28.831574514876618,2814300
2020-12-07,29.537763595581055,30.252667856813822,29.450578121171088,30.095737328661674,1555500
2020-12-08,29.651090621948242,29.703401890536774,29.32851278011421,29.459289288693157,1356600
2020-12-09,29.47673225402832,30.043422810668407,29.3808299053915,29.729561788142608,1676900
2020-12-10,29.563907623291016,29.590061593917234,28.901314869744347,29.267483761650084,1847600
2020-12-11,28.927474975585938,29.555197010025825,28.88388390670214,29.555197010025825,2279600
2020-12-14,28.44796371459961,29.50288277445256,28.360778259786326,29.311078099648373,2240900
2020-12-15,29.267486572265625,29.415700180211672,28.50899141920345,28.709512973425173,1653100
2020-12-16,29.101837158203125,29.511597120356793,29.005934829044364,29.441852088286176,1626900
2020-12-17,29.241334915161133,29.328517049715767,28.875162633304132,29.110558387543936,2500000
2020-12-18,29.459293365478516,29.71212620996807,29.31107974685921,29.459293365478516,4427900
2020-12-21,29.380830764770508,29.389547648635443,28.84901105280019,29.032095546033585,2291900
2020-12-22,30.121885299682617,30.121885299682617,29.337236141221545,29.389544089647874,1676100
2020-12-23,30.801921844482422,30.993723218798372,30.32241009422885,30.32241009422885,1803000
2020-12-24,30.583959579467773,30.767044048566955,30.217787315484323,30.767044048566955,732700
2020-12-28,30.714733123779297,31.168087523211128,30.636267875304842,30.871663620728203,1107100
2020-12-29,30.99372100830078,31.098340234628452,30.653706028396925,30.880381573071084,1365300
2020-12-30,31.69991111755371,31.9701777536682,31.002444003053437,31.063472167710614,1764300
2020-12-31,32.737388610839844,32.815853857981494,31.699906632664778,31.699906632664778,2630000
2021-01-04,31.64759635925293,32.92919432779847,31.53425692629277,32.894320144459165,2887700
2021-01-05,32.09223175048828,32.379935429462556,31.150648817587133,31.29886242404081,2240000
2021-01-06,32.44969177246094,32.920480028916224,32.284041034754395,32.484562636275044,2506600
2021-01-07,32.606624603271484,33.103570199924796,32.223015142145414,32.69380675764413,2715500
2021-01-08,34.01026916503906,34.23694804268983,32.868167870747946,32.9291960318573,3321200
2021-01-11,34.6292724609375,34.725174802067045,33.56563315137011,33.64409840085926,3490300
2021-01-12,35.588294982910156,35.71907152849504,34.53337571124921,34.71646021443948,3898500
2021-01-13,36.093955993652344,36.381659699966264,35.274429290668174,35.39648561006107,2401500
2021-01-14,35.0826301574707,36.12882914776056,35.07390994793985,36.067800984186505,1837300
2021-01-15,35.588294982910156,35.91087291602431,34.68158602551208,34.873390738827055,2238500
2021-01-19,35.94573974609375,36.31191200329675,35.03031409176379,35.701627125148434,3636800
2021-01-20,35.40520095825195,36.0503566509795,35.28314465561619,35.867272197025855,2768500
2021-01-21,35.63188171386719,35.875997680823865,35.0739080621696,35.69290987416003,2071000
2021-01-22,36.20729446411133,36.36422497806979,35.27443158990574,35.45751608092878,1501600
2021-01-25,36.5560302734375,37.44530209174288,35.95446551066571,36.268323217903905,2165100
2021-01-26,35.81496810913086,36.77398486946989,35.719065767939924,36.51243514626699,1710400
2021-01-27,34.69901657104492,35.51854322723656,34.481057920063755,35.379049823640024,3206900
2021-01-28,35.93701934814453,36.494992899029455,34.50721129255574,34.74260368213525,2169700
2021-01-29,36.389591217041016,37.391380927976634,35.669005517869216,35.7480943556913,3815800
2021-02-01,37.11016845703125,37.46167506771898,35.906263846581325,36.61805987251153,2361700
2021-02-02,37.56713104248047,38.26135485341135,37.136535550878186,37.25956522863309,2677400
2021-02-03,37.312286376953125,37.655003504300424,36.95199358253472,37.514401519947285,2039800
2021-02-04,36.86412048339844,37.575916598969386,36.00293286619602,37.329863951830376,3114800
2021-02-05,36.767452239990234,37.365011481207944,36.60927459659639,37.08380752677791,1984600
2021-02-08,36.96957015991211,37.04865898757165,36.5477641964665,37.02229716242374,1694300
2021-02-09,37.51439666748047,37.57590981816479,37.00471579720817,37.04865328309479,924900
2021-02-10,37.85711669921875,37.9889291554737,37.25955751132691,37.75166271155648,1365600
2021-02-11,37.68136215209961,38.0065035560397,37.25955627212499,37.96256607208269,2032100
2021-02-12,37.82197189331055,37.91863638923213,37.25077442770985,37.39137641662783,2259900
2021-02-16,35.66899490356445,36.380794232147494,34.76386996955838,35.721721897160876,6737600
2021-02-17,34.94841003417969,36.19625206799584,34.39478832442273,35.809597498126465,4729000
2021-02-18,33.30512619018555,34.97477423726437,33.30512619018555,34.834172261171254,4648600
2021-02-19,34.781455993652344,35.23840999872949,33.27876807462776,33.97299194545135,5459400
2021-02-22,32.42637252807617,34.561767971995245,32.233043497069275,34.48267912769393,5257700
2021-02-23,33.63906478881836,33.91148267317835,31.97820235552079,32.55818611559639,4828100
2021-02-24,33.762081146240234,34.35964040123702,33.31391338110046,33.753294989056,3443400
2021-02-25,33.015140533447266,34.139956608091765,32.79544968435474,33.639061740338114,2330500
2021-02-26,32.08364486694336,32.426365351206364,31.477299429645623,32.07485870939518,7710600
2021-03-01,35.46687698364258,37.821962209171915,35.44051516503773,36.890472175959125,11537800
2021-03-02,34.517818450927734,35.704150817575616,33.902686874386994,35.510821835110995,4541800
2021-03-03,34.01692199707031,34.605695072619,33.243612809905734,34.491454920250064,3713500
2021-03-04,34.05207443237305,34.76387384020866,33.31391320091169,34.025712608747305,3487400
2021-03-05,35.01871109008789,35.21204006078465,33.84116830461897,34.298125556674194,3409300
2021-03-08,36.58291244506836,37.10138285993537,34.97477420240414,35.12416568747541,3222800
2021-03-09,37.63742446899414,37.87468755154964,36.61805607418025,37.17167775531173,3652800
2021-03-10,35.80081558227539,37.75166767974974,35.51960826371715,37.58470387230127,4520000
2021-03-11,37.382591247558594,38.20862753527062,35.93263047481999,36.08202197761765,3850000
2021-03-12,36.46866989135742,37.62863695466434,36.275340930067834,37.42652183705036,3166600
2021-03-15,38.604068756103516,38.73588458078648,36.49503567447008,36.67078898997548,4394600
2021-03-16,38.1734733581543,38.533766146985336,37.672578587150554,38.41952934111829,2400400
2021-03-17,31.793657302856445,33.92905244649725,31.653055305227323,33.52482212234054,17004800
2021-03-18,31.986984252929688,32.87453367743724,31.41578678861401,31.855168422021197,8475400
2021-03-19,32.54939270019531,32.9272611788244,31.925471575841566,32.338488037991404,11378100
2021-03-22,31.442148208618164,32.4527272933146,31.363059381535695,32.400000291187695,6012800
2021-03-23,31.477304458618164,31.512455798858394,30.721567404534795,31.37185379011379,3832800
2021-03-24,31.573963165283203,32.426364572258656,31.477298673496417,31.486088183049233,3874800
2021-03-25,32.31212615966797,32.40000114665054,31.1345832321358,31.547603045828808,2747800
2021-03-26,32.86575698852539,32.90969449408155,32.13638165786935,32.558187745198694,2107100
2021-03-29,33.25239944458008,33.48087640038557,32.42636324778725,32.584540891120106,2362400
2021-03-30,32.593326568603516,33.419362753244165,32.303333109354305,32.98877067111811,3770100
2021-03-31,33.155738830566406,33.26118948770369,32.540603851536346,32.80423552270348,3391700
2021-04-01,32.91847229003906,33.182100608607385,32.5230281360786,33.1469526244233,2548500
2021-04-05,32.971195220947266,33.551178791025215,32.953619554918774,33.21724784091502,2056800
2021-04-06,33.735721588134766,33.84996175249586,32.93604714203884,33.190889296299794,2299700
2021-04-07,33.524818420410156,34.03449934845391,33.29633810435742,33.64784473572362,2215700
2021-04-08,33.7005729675293,34.27177048313466,33.2611912946686,33.57754663548288,3671100
2021-04-09,34.03450012207031,34.25419093361393,33.58633234149628,33.612694166172474,1720800
2021-04-12,33.89390182495117,34.38601050315556,33.84996432830452,34.078441322196774,1948000
2021-04-13,33.99056625366211,34.157530081436235,33.59512208028538,33.77087541869905,2614200
2021-04-14,33.63906478881836,34.236624220680085,33.559975941889114,33.9026965133936,1557500
2021-04-15,33.770870208740234,33.9641991863913,33.164524804583166,33.57754123108917,2812100
2021-04-16,33.99056625366211,34.289345923300516,33.630273418411335,34.05207941927448,2156000
2021-04-19,33.71814727783203,34.21025593840132,33.340278786223045,34.21025593840132,2270100
2021-04-20,33.26118469238281,33.69178012128897,33.15573405044852,33.64784263316764,1887800
2021-04-21,33.208465576171875,33.331491900574925,32.725146436495926,33.00635042147888,1271600
2021-04-22,32.55817794799805,33.393003711221745,32.55817794799805,33.393003711221745,2930700
2021-04-23,32.619686126708984,32.78665326518745,32.24181771634179,32.584538149537714,1914200
2021-04-26,32.74271774291992,32.86574741574593,32.24182295059799,32.63726708985631,2121500
2021-04-27,31.793657302856445,32.61090746164322,31.688206642688616,32.61090746164322,2256500
2021-04-28,31.820018768310547,32.03970959662346,31.503663439185388,31.828808278684026,2472300
2021-04-29,31.92546844482422,32.08364273569472,31.688201980195142,31.802438781811862,1826100
2021-04-30,31.761430740356445,31.92103619191399,31.406751207456406,31.92103619191399,2659300
2021-05-03,31.513154983520508,32.169307678166476,31.48655182172847,31.84123133084349,2260200
2021-05-04,31.167346954345703,31.477689014171574,30.857001512045066,31.40675175336865,3627600
2021-05-05,30.981142044067383,31.158481834825487,30.590997210379687,31.096413415431424,3665100
2021-05-06,30.8215274810791,31.23827535908657,30.13877506909443,30.7328593030867,3413100
2021-05-07,30.8215274810791,31.273743983273196,30.0589723559116,30.81266201626953,3888300
2021-05-10,31.442224502563477,32.133849356092725,30.72400324646127,30.75946849903376,3775500
2021-05-11,30.75946617126465,31.15847982916725,30.360455895837,31.05207731455154,3389300
2021-05-12,29.819564819335938,30.741725389515842,29.722027792087523,30.65305720973051,4275500
2021-05-13,29.85503387451172,30.165379308342672,29.58016045258892,30.09444204947571,2957300
2021-05-14,30.44025421142578,30.484588304211165,30.014637449757597,30.050106076975688,2111100
2021-05-17,30.298381805419922,31.060940431162162,30.07670794363321,30.41365316064193,3427700
2021-05-18,30.351585388183594,30.48459106104239,30.14764583694827,30.23631403053762,2551400
2021-05-19,30.449113845825195,30.617584719136367,29.94369784341786,30.147637337154695,3668400
2021-05-20,30.1831111907959,30.688527280833412,30.174242342914877,30.39591618529885,2719300
2021-05-21,29.988039016723633,30.378183786212592,29.801833789181718,30.262915816291184,2528400
2021-05-24,29.93483543395996,30.262915169733578,29.713161582343783,30.165378133826533,2101000
2021-05-25,29.039278030395508,30.050110373310993,29.012678247416137,29.970307641897932,2442100
2021-05-26,29.119083404541016,29.340757302753882,28.791006982279047,28.99494656273785,2939100
2021-05-27,28.675731658935547,29.52695849904918,28.533860518916608,29.287550316053196,5624100
2021-05-28,28.507261276245117,29.012677433524438,28.321054344425804,28.817603343881594,3925400
2021-06-01,28.61366081237793,28.994940102956885,28.48065515009243,28.773266254130725,3789600
2021-06-02,29.27867889404297,29.38508138179509,28.533854714829932,28.631391737966915,3375200
2021-06-03,30.404783248901367,30.59098845378276,28.44518740901808,28.782129194287013,4478700
2021-06-04,30.05897331237793,30.528920759144736,29.81956516521155,30.351581015042868,3124900
2021-06-07,30.599849700927734,30.670786940137766,30.103302556352446,30.103302556352446,2246200
2021-06-08,31.965364456176758,32.054036014461964,30.68852445913658,30.759458323290655,4390000
2021-06-09,32.51512145996094,32.73679532881524,31.761431658846238,31.947636896889897,3398400
2021-06-10,32.30231857299805,32.568326556692995,31.566359656217827,32.55946108964234,2153200
2021-06-11,33.07373809814453,33.118072192125005,32.12497428056919,32.284579724878554,2134700
2021-06-14,32.878665924072266,33.313144760933994,32.54172073657533,33.171273637115455,2603100
2021-06-15,33.259944915771484,33.49048762747414,32.58605786054967,32.85206581965105,2390600
2021-06-16,32.73678970336914,33.463882980145335,32.44418200564968,33.41068004307169,3094700
2021-06-17,34.04023361206055,34.16437041864939,32.72792491280457,32.86979603211672,3889400
2021-06-18,32.621524810791016,33.854030884398185,32.612655962541936,33.64122249858943,5737700
2021-06-21,33.6146240234375,33.65895811897994,32.56832313275751,32.89639949874117,2368400
2021-06-22,33.100341796875,33.73876020198291,33.09147294845046,33.6323576982107,1967600
2021-06-23,32.63926315307617,33.00280817924167,32.532857255802156,32.99393932989802,2598400
2021-06-24,33.27767562866211,33.40181243730761,32.39098027265215,32.75452523331726,2169000
2021-06-25,34.128902435302734,34.16436767542738,33.1535356086836,33.2776724053049,3800300
2021-06-28,36.212650299072266,36.33678714825152,34.77620430039378,35.42349171573949,7288900
2021-06-29,35.24614715576172,36.469787928639654,35.219547372375786,36.212645414325635,3858700
2021-06-30,35.733829498291016,35.98210654896809,34.96240532746681,35.38801877973103,4691800
2021-07-01,35.92890167236328,36.1594410115492,35.22841142324186,35.54762234094149,3329500
2021-07-02,36.71805191040039,37.33873929136248,35.84022208293665,36.16830177639356,3056600
2021-07-06,36.34565353393555,36.531858795076005,35.716097097618636,36.4343217394857,2939900
2021-07-07,36.71805191040039,36.87765733357561,36.23923564087471,36.47864377563755,2595300
2021-07-08,36.452049255371094,36.57618607296826,35.79589315631872,36.14170382890357,2799100
2021-07-09,37.2146110534668,37.30327925008627,36.6293921613436,36.79786308791055,2785300
2021-07-12,36.61165237426758,37.31214252329452,36.42544715970833,37.179136865766836,3227200
2021-07-13,36.01755905151367,36.647115231229016,35.84021933022025,36.53184390501721,2959000
2021-07-14,36.00870132446289,36.540717220179296,35.875695659296504,36.07076973288065,1748600
2021-07-15,35.68062973022461,35.99983728077205,35.503289947159345,35.857966130814845,1735500
2021-07-16,35.94662857055664,36.319038976043544,35.58308362985431,35.81362292146894,1770600
2021-07-19,34.598854064941406,35.485549443184475,34.12003774889629,35.46781512972268,3538700
2021-07-20,34.98013687133789,35.175207574116016,34.51905482231498,34.598857549693456,2555300
2021-07-21,35.58308792114258,35.813627240560045,35.21067408826873,35.237277250779094,2646500
2021-07-22,36.035301208496094,36.08850415121109,35.29934577121544,35.75155894563191,2043400
2021-07-23,36.35450744628906,36.40771038219384,35.93775957122036,36.04416544302992,1267100
2021-07-26,36.09736633300781,36.709188279906634,35.760424540557686,36.38110857005754,1552300
2021-07-27,36.487518310546875,36.49638377656121,35.272743135630435,35.84909651832653,1764300
2021-07-28,36.98406219482422,37.054999446331564,36.469780651293256,36.61165177183363,2346500
2021-07-29,37.001800537109375,37.276677342922284,36.55845281433192,37.037269166725494,2058200
2021-07-30,36.854347229003906,37.301174893031956,36.73817108182975,36.78285316642764,1790000
2021-08-02,36.72924041748047,37.02414837468267,36.505826538033446,37.015209910450636,2027700
2021-08-03,37.21181106567383,37.37266931366002,36.675619178403124,36.756048302396216,1787200
2021-08-04,37.30117416381836,37.435220414991534,36.47007445225169,36.916902107544544,2134500
2021-08-05,37.5067138671875,38.686338585285554,36.961583591137384,37.61395154818976,2869000
2021-08-06,39.222530364990234,39.71404009559681,37.61395151526672,37.765871279134906,3919000
2021-08-09,39.222530364990234,39.66042295965482,38.94549940522486,39.276150909956634,3500800
2021-08-10,38.56122970581055,39.4101995608641,38.534417727180966,39.338708905576,1627000
2021-08-11,38.58803939819336,38.784644671749255,38.36462555425246,38.65059500177483,1917300
2021-08-12,38.48080062866211,38.72208798243577,37.88204977099608,38.60591183231705,1649600
2021-08-13,39.00806427001953,39.070619882828986,38.15909085600168,38.51655101362352,1531300
2021-08-16,38.49867630004883,39.21359993883285,38.41824717762157,38.775707292501174,2063300
2021-08-17,38.65952682495117,38.6684652870157,37.703315925512555,38.3199402650366,2241100
2021-08-18,38.4539909362793,38.85613654981155,38.16802147977299,38.641661161944235,1512200
2021-08-19,38.13227462768555,38.722090469701435,38.007163415994235,38.44505606593865,1470300
2021-08-20,38.793575286865234,38.99911559069045,37.92672858066924,38.0160961534352,1560400
2021-08-23,39.10635757446289,39.2940277934211,38.79357955790706,38.92762922730225,1952300
2021-08-24,39.27614974975586,39.41913445641814,38.757828057464884,39.27614974975586,2992600
2021-08-25,40.75067901611328,40.86685515593316,39.09741812747547,39.32083194534676,2893000
2021-08-26,40.35748291015625,41.197517866780636,40.232371683534026,40.59877030822422,1691600
2021-08-27,40.27704620361328,40.53620707232583,40.05363236693514,40.3842838906919,1460000
2021-08-30,40.0000114440918,40.4468391132614,39.946394305567175,40.411095490586504,1266800
2021-08-31,40.81324005126953,40.92941620657133,39.86596751903493,40.03576081599543,2311500
2021-09-01,40.563018798828125,40.96516441795239,40.375351979578426,40.90260881153582,2481900
2021-09-02,40.81324005126953,40.822178514229165,40.42897136962468,40.68812884203287,1236500
2021-09-03,40.598758697509766,40.857919540839326,40.28598072040462,40.5004560735555,1318500
2021-09-07,40.09832000732422,40.67025896300757,40.04470286086958,40.50046565085941,1676600
2021-09-08,40.49152755737305,40.70600294514611,39.946397215827204,40.00895282134642,1091500
2021-09-09,39.97319793701172,40.5540751987873,39.910642343777326,40.4289640123185,980200
2021-09-10,38.847198486328125,40.11618742514069,38.722087284926836,40.11618742514069,1935500
2021-09-13,39.401268005371094,39.60680834498106,38.847202593856196,39.222536237746155,1512000
2021-09-14,39.222530364990234,39.80340767054081,39.097419169093044,39.63361098265941,1602800
2021-09-15,39.3476448059082,39.77659897394226,39.016993273907424,39.1421044801226,1621500
2021-09-16,38.427181243896484,39.401265742021366,38.39143421061995,39.34764519210656,2178700
2021-09-17,37.60501480102539,38.3020648096733,37.41734460644581,38.212697238677244,4344100
2021-09-20,36.782859802246094,37.47097493807176,36.21092083455337,37.04202071230222,2428300
2021-09-21,37.38160705566406,37.587147388786356,36.961587926356664,36.99733496055832,1464100
2021-09-22,37.69438552856445,38.0697191650503,37.50671871032153,37.62289145931485,1298600
2021-09-23,38.17695999145508,38.4361174680392,37.74800580614966,37.91779910584613,1376600
2021-09-24,38.39142990112305,38.65059074974964,37.998222806293434,37.998222806293434,1133000
2021-09-27,37.80162048339844,38.963371752297164,37.78374696738158,38.40930639187308,1572100
2021-09-28,36.98839569091797,37.96248019301065,36.95264865749582,37.765874918213584,1437700
2021-09-29,37.068824768066406,37.56927300831444,36.845410922977514,37.04201619754365,2444900
2021-09-30,36.487953186035156,37.31904960744035,36.47901472259722,37.31904960744035,1815000
2021-10-01,36.336029052734375,36.720301154067066,35.60323188484992,36.720301154067066,2327700
2021-10-04,36.0411262512207,36.73817641745179,35.665789186232786,36.31815726137663,2336300
2021-10-05,36.550506591796875,36.8990316463283,36.17516955759206,36.17516955759206,2448200
2021-10-06,36.586238861083984,36.60411237231062,35.79088636112924,36.30920795963045,1429000
2021-10-07,36.872222900390625,37.53352944292751,36.738176626366624,36.78285871770796,1825500
2021-10-08,36.98839569091797,37.32798569037888,36.8632844829652,36.9794606370748,1556100
2021-10-11,36.53262710571289,37.363726750269535,36.52368864427402,36.97051626353999,1269700
2021-10-12,36.604122161865234,36.961585663951944,36.30921767031462,36.62199567787203,1832700
2021-10-13,37.497779846191406,37.81056128227658,36.773921152416065,36.85435027494941,2024500
2021-10-14,37.1581916809082,37.89098880685272,37.06882409907065,37.774812654976245,1662500
2021-10-15,36.83647155761719,37.649697722195654,36.720295417241886,37.30117271009407,1441400
2021-10-18,36.46113586425781,36.7381702368321,36.246660499511144,36.595185523992825,2453400
2021-10-19,36.30921936035156,36.69349144982236,36.13048760098902,36.639870899306175,1967200
2021-10-20,37.01519775390625,37.363726154961,36.41645038996117,36.67561122317209,1871200
2021-10-21,36.63986587524414,37.113502074938786,36.53262819794096,36.836471124486884,1787800
2021-10-22,36.84540557861328,37.09562795793059,36.389642900710435,36.74710295558884,1284600
2021-10-25,37.10457229614258,37.506717904469134,36.87221998509845,37.11350735009438,1297000
2021-10-26,36.63093948364258,37.11351085011901,36.57731892780071,37.11351085011901,1313500
2021-10-27,36.2645378112793,37.13138123216901,36.246664294175154,36.863285293656475,1643200
2021-10-28,36.5147590637207,37.00626883676286,36.0053757741466,36.130486980845546,2719400
2021-10-29,35.93372344970703,36.56429838615533,35.72653518019745,36.49223110822663,1863300
2021-11-01,36.44719696044922,36.84356018358054,35.83463873957129,35.94273967480212,4888000
2021-11-02,35.61845016479492,36.672408700671305,35.12299948289513,36.510260704942915,3133800
2021-11-03,36.03282165527344,36.15893598124967,35.41125671880873,35.474313881796846,3213700
2021-11-04,32.03317642211914,33.74473321439806,31.33954426362371,32.87994640758193,8236000
2021-11-05,32.6817626953125,32.9880417657955,32.0692045543465,32.24036262795461,3383400
2021-11-08,32.09623336791992,32.68176459445051,31.555739039940974,32.63672425954159,3397100
2021-11-09,31.42963409423828,32.564670115804724,31.29451304924305,32.25839093624724,3255300
2021-11-10,31.501693725585938,31.898053505237847,31.267478473151765,31.34855245493937,1716700
2021-11-11,31.6278076171875,31.898053074040515,31.258471357671652,31.47466634861109,2299600
2021-11-12,32.15929412841797,32.25838493813789,31.5467358832018,31.645826692921723,2474200
2021-11-15,33.042091369628906,33.10514852047363,32.32143576257707,32.483583703708355,2294900
2021-11-16,32.988040924072266,33.285313295054564,32.90696695347318,33.186222504727134,2110100
2021-11-17,32.82589340209961,33.17721623675377,32.60068830715458,32.82589340209961,1665600
2021-11-18,32.474571228027344,33.00605534412312,31.78994930990983,32.825890596295324,2011700
2021-11-19,32.69077682495117,32.961022288136206,32.21333962242153,32.4025145393728,1618400
2021-11-22,32.915977478027344,33.20423972443943,32.27639583357284,32.726806023136355,1938800
2021-11-23,33.21324920654297,33.39341398477577,32.8258961360675,33.078128200136355,2487000
2021-11-24,33.56456756591797,33.87985677688072,33.240275099048226,33.33936245938338,2837600
2021-11-26,32.65474319458008,33.06911980073722,32.249373281444825,32.672760016981364,1069800
2021-11-29,32.99705505371094,33.27630720247317,32.65474231007354,33.12316937074645,1576700
2021-11-30,32.44755554199219,32.80788168816908,32.13226629818513,32.65474384922435,4286400
2021-12-01,32.069210052490234,33.384410660848715,32.069210052490234,32.825899448335214,2549300
2021-12-02,32.92498779296875,33.24027702217264,32.1502816318518,32.2403657414918,2269300
2021-12-03,32.933998107910156,33.38440834957894,32.58267523286826,33.29432423943072,1996500
2021-12-06,34.31224822998047,34.56447683541074,33.08713196984999,33.28531355203493,2812100
2021-12-07,35.00588607788086,35.29414837036752,34.31225386272307,34.429361492907525,2401900
2021-12-08,34.96084213256836,35.59141368461207,34.933815182939895,35.21307075338584,2094900
2021-12-09,34.654571533203125,35.240102894362536,34.63655470782557,34.80770939437529,1620500
2021-12-10,35.00588607788086,35.33018201601776,34.84373810881241,35.14100709453284,1587800
2021-12-13,36.00579833984375,36.4291816599356,34.90679617358294,34.90679617358294,3741600
2021-12-14,35.969764709472656,36.51025566302221,35.69951923269788,36.00579835607134,2728900
2021-12-15,36.08686828613281,36.330090218796286,35.095963734204894,35.8796799960174,2621600
2021-12-16,35.8976936340332,36.699426722772415,35.74455580666017,36.25802318933975,2303000
2021-12-17,36.474220275878906,36.699425380620085,35.1319963396243,35.95174278342791,8279700
2021-12-20,36.32108688354492,36.34811040233185,35.24911158991553,35.98778421852703,2391800
2021-12-21,37.402069091796875,37.73537172815697,36.57331241122329,36.57331241122329,3055300
2021-12-22,37.897525787353516,37.96058296013581,37.293977580334904,37.293977580334904,1593000
2021-12-23,38.014617919921875,38.65419951783088,37.88850362583917,37.93354395424631,1463700
2021-12-27,38.167762756347656,38.34792753952911,37.69933569461884,37.91553412170807,1454200
2021-12-28,38.447021484375,38.72627709294771,38.14074235884153,38.14074235884153,1081800
2021-12-29,38.63618850708008,38.70825579245026,38.39296657349169,38.600154864394995,853000
2021-12-30,38.654205322265625,39.00552474749602,38.51007418790554,38.73527930011551,954400
2021-12-31,38.807350158691406,38.94247117664438,38.46503739443349,38.54611137974832,944500
2022-01-03,38.69924545288086,39.05957500505512,37.78040818755805,38.93346069270132,2216800
2022-01-04,38.39296340942383,39.00552153915854,38.23982559516866,38.744282805756995,2186000
2022-01-05,37.31198501586914,38.02363406525947,37.10479670459556,37.80743906060775,3454700
2022-01-06,36.60934066772461,37.40206358540256,36.52826669391258,37.30297279114817,1855100
2022-01-07,36.53727722167969,36.80752265855464,36.230998143526165,36.63636458066001,1934600
2022-01-10,36.37512969970703,36.672398652855364,36.10488425965658,36.44719354675379,2241000
2022-01-11,36.82554244995117,37.04173744234895,36.37513220670544,36.37513220670544,2331100
2022-01-12,37.23091506958008,37.375046220468874,36.77149466362612,36.77149466362612,1908700
2022-01-13,36.84356689453125,37.56422274554789,36.75348276543032,37.357034403152994,1644900
2022-01-14,36.83455276489258,36.84356289500366,35.969765837548955,36.69042161033531,1848100
2022-01-18,36.26702880859375,36.71743902121907,36.16794144835624,36.510250735774285,2181800
2022-01-19,35.91571044921875,36.53727876019712,35.86166342138224,36.35711398257502,2263400
2022-01-20,34.7086181640625,36.104892905329834,34.64556099416297,35.96075830400745,3520600
2022-01-21,35.303157806396484,35.40224862145445,34.1591152407999,34.7536601311477,3309000
2022-01-24,35.87066650390625,35.924716962660476,34.59150324060227,34.8167083308761,2478600
2022-01-25,35.771583557128906,36.113896331575624,34.92481346913726,35.39324057197021,2454900
2022-01-26,35.78959655761719,36.31207407524361,35.4292704344834,36.221989967192144,2667700
2022-01-27,35.09596252441406,36.3751292999178,34.97885834470549,36.30306201730591,3101600
2022-01-28,35.9427375793457,36.005794736375364,34.87075903712675,35.07794732970384,3264400
2022-01-31,36.28807830810547,36.451661206171586,35.81550587666642,35.82459227466225,2368000
2022-02-01,35.21570587158203,36.34260998485054,35.01577043210667,36.024530561433565,3660900
2022-02-02,36.242637634277344,36.30625281747884,34.14332618832542,34.98850329859389,4249300
2022-02-03,35.81550979614258,36.23355348505238,35.33385091399728,35.71554207341023,2876500
2022-02-04,35.77006912231445,36.206289054688064,35.124827355684815,35.57922355191997,2025100
2022-02-07,36.26081085205078,36.478919042783524,35.61556574311238,35.724623305245935,3205800
2022-02-08,36.188106536865234,36.71520769745395,36.00634739642888,36.41530459571887,2368300
2022-02-09,37.151424407958984,37.39679870675138,36.37894899321988,36.54253185908148,2068000
2022-02-10,36.46984100341797,37.42407235677155,36.33352075289547,36.751564436571435,1814800
2022-02-11,36.06997299194336,37.260492412173775,35.92456633095682,36.5243692408723,2624400
2022-02-14,35.15208435058594,36.315337316033045,34.68859836376309,36.269898397089136,2661700
2022-02-15,35.397464752197266,35.64283911675595,35.08847519683831,35.37019862273437,2233600
2022-02-16,35.52469253540039,35.77006688201156,35.24296566334291,35.54286879812355,1033400
2022-02-17,34.82492446899414,35.433817179334646,34.71587035175699,35.27932066871146,2153700
2022-02-18,34.924896240234375,35.17935703223751,34.64316931568214,34.715874380122045,2180300
2022-02-22,33.8797721862793,34.715862814963685,33.6071352189918,34.62498151468977,4057700
2022-02-23,33.47990798950195,34.24329364920138,33.352677624013296,33.988832918224055,2767600
2022-02-24,34.69769287109375,34.734045397820736,33.30724165808015,33.81616316518695,3555000
2022-02-25,34.525028228759766,35.270237793397065,33.907049058070065,34.92489567641912,2549200
2022-02-28,34.38869857788086,34.68859821503871,33.625312955887324,34.27055461571939,2724200
2022-03-01,33.207275390625,34.2705608429848,32.68017413040814,34.25238457882892,3868400
2022-03-02,34.28873825073242,34.47958383058237,33.17092396862384,33.34359328371169,2893300
2022-03-03,33.970664978027344,34.78857615656987,33.95248871182396,34.28874096966583,2516700
2022-03-04,34.134246826171875,34.206948421914895,33.33450847238948,33.579882858212535,3015000
2022-03-07,34.54319381713867,35.2884066929858,33.988833425910165,34.06153500723214,3822500
2022-03-08,34.02519226074219,34.91580855516275,33.934314391282975,34.45232587409117,4305100
2022-03-09,34.44322967529297,34.79765811883044,34.016096183456774,34.379614491415346,3462800
2022-03-10,34.21603012084961,34.234202915371434,33.461730877801585,34.197853859560425,2309700
2022-03-11,34.97032165527344,35.19751969367836,34.29781740298436,34.37960883548081,2701700
2022-03-14,35.16117477416992,35.84276903668361,34.77948365121075,35.5246931008843,2922500
2022-03-15,35.37019729614258,35.69736310328351,34.63407769684325,35.279319446055766,2669000
2022-03-16,35.624664306640625,36.13358585381318,35.124829158481276,35.47925765505303,2618900
2022-03-17,35.15208435058594,35.7791497522534,35.06120651269812,35.50651277182265,2516300
2022-03-18,34.45231246948242,35.25205058328392,34.425049812605636,34.997586407621036,10766500
2022-03-21,33.7979850769043,34.60681315245228,33.707107231761526,34.17058978881778,3151600
2022-03-22,34.14332580566406,34.588635549851226,33.925217599065505,33.925217599065505,2383500
2022-03-23,32.989158630371094,33.97065594372033,32.980072233070025,33.95247968235082,3503900
2022-03-24,33.12548828125,33.25271868026543,32.843761350024145,33.11639841459555,2385000
2022-03-25,33.65257263183594,33.93429944994422,32.934629458975564,33.134561377109115,2807600
2022-03-28,34.1796760559082,34.452313029408465,33.698017287165506,33.7798052591251,1849300
2022-03-29,34.6704216003418,34.80673834156725,34.179673011689616,34.3977811843571,1802000
2022-03-30,34.552284240722656,34.99759053379122,34.39778774441592,34.67042821239633,1944500
2022-03-31,34.86128234863281,35.41564635207252,34.56137914673196,34.56137914673196,2509200
2022-04-01,34.89762878417969,35.13391327763891,34.55228670903055,35.04303542633178,2153600
2022-04-04,34.23420715332031,34.89762863881659,34.161505565931,34.81583718627375,1910600
2022-04-05,34.18877029418945,34.4614073302209,33.75255034318555,34.243299088102944,2241900
2022-04-06,35.63375473022461,35.760985131387486,33.77981711301814,34.02519151530444,3148300
2022-04-07,35.479251861572266,35.760975252963014,35.12482342287587,35.62465848941611,2190600
2022-04-08,35.94273376464844,36.06087773103333,35.44289870700569,35.66101037827261,2081900
2022-04-11,35.02486038208008,36.14267463255907,34.99759425232445,35.9609154568492,1948200
2022-04-12,35.32475280761719,35.64283216636054,34.94306173724582,35.052115833528035,1980900
2022-04-13,35.23387908935547,35.45198730740853,34.752220263284634,35.19752656409075,1618200
2022-04-14,35.61557388305664,35.68827894109576,35.24296912752608,35.30658431992632,2020400
2022-04-18,36.19719696044922,36.3062510596908,35.66100939459106,35.67009579170815,1883600
2022-04-19,36.08814239501953,36.42439805135426,35.48833959916873,36.36077939917579,2075300
2022-04-20,37.505863189697266,37.73306129227593,36.24264229404279,36.342610013860266,3098100
2022-04-21,36.11540985107422,37.58765250110468,36.097233587892646,37.260486697371746,2928500
2022-04-22,34.45231246948242,35.93364473934076,34.3159922515642,35.85185330194325,2654400
2022-04-25,34.1796760559082,34.39778424800153,33.26179396944445,34.3432589333618,2442000
2022-04-26,33.87069320678711,34.53411124361279,33.87069320678711,34.025186250933636,2558500
2022-04-27,33.22545623779297,34.25238930349283,33.19819010441419,33.77981677055849,2774500
2022-04-28,33.76163864135742,33.98883673862963,32.916461442163374,33.50717441501042,2869400
2022-04-29,32.935943603515625,34.02769084562354,32.862547066362396,33.71576256220135,2875300
2022-05-02,33.79833221435547,33.84420330061055,32.94511671100062,33.22952304536542,4117600
2022-05-03,34.036869049072266,34.8533899052847,33.76163899067283,33.853384676632686,2978800
2022-05-04,35.0919189453125,35.24788134963879,34.055215523340834,34.09191379485518,2411500
2022-05-05,34.596500396728516,35.027696307979916,34.293748426932524,34.99099803899266,2411200
2022-05-06,37.98184585571289,38.02771694858592,35.09192150809167,35.44972093213734,7897800
2022-05-09,38.009368896484375,38.32129723656116,36.86257404322269,37.642393143544574,6928700
2022-05-10,38.247894287109375,38.66991738230668,37.04605572179541,38.257070604254736,3865200
2022-05-11,38.33964538574219,39.16533555895926,38.1928557882987,38.36716734159407,3439000
2022-05-12,37.97267150878906,38.587355384369395,37.073584742786096,38.403867503610776,3998900
2022-05-13,38.79835510253906,39.16532726859854,37.75247900467362,38.33046095365864,4249400
2022-05-16,40.431396484375,40.642406303929725,38.87175488360101,38.899280338144614,4438100
2022-05-17,41.46809768676758,41.53231791097153,40.44057059976466,40.669929543275835,6800400
2022-05-18,41.98185729980469,42.1286468760378,41.11946897690261,41.49561748473368,5384500
2022-05-19,42.39470672607422,42.85342461793758,41.761677295209104,41.835070338042556,5579300
2022-05-20,41.945167541503906,42.99104383457721,41.238741527820714,42.95434556119991,6683900
2022-05-23,42.3671875,42.917647605777724,41.89012044178064,42.15617767612721,4061100
2022-05-24,42.02773666381836,42.72498635525723,41.74333029639806,42.21122103016441,5191300
2022-05-25,42.98186111450195,43.330487660180786,42.07360173200271,42.18369303599728,4184300
2022-05-26,42.853424072265625,43.87177833919348,42.825902119021,43.16535237475038,2888200
2022-05-27,42.61489486694336,42.991043416048875,42.12865149877773,42.58736941230836,3274400
2022-05-31,42.23875045776367,42.92682739549976,42.055262574419324,42.61489904373646,15530000
2022-06-01,41.73415756225586,42.284617661885534,41.25709050936483,42.202048296967085,3182500
2022-06-02,42.12864685058594,42.17452143666946,41.321305931661364,41.80754574643861,2193700
2022-06-03,41.72498321533203,42.32131793455406,41.69746125897229,41.871772815484206,2248300
2022-06-06,42.41305160522461,42.743329014178585,41.5873615825791,41.89011354096063,2463100
2022-06-07,42.33048629760742,42.33966261525483,40.92681067517313,41.91763949696799,3247100
2022-06-08,41.871768951416016,42.40388339019991,41.569016960177436,42.009385719995244,2027400
2022-06-09,41.76168441772461,42.376364817781045,41.6515930848283,41.972694264001014,3210000
2022-06-10,40.376346588134766,41.669930880331236,40.23873332285242,41.16534190814987,2631600
2022-06-13,37.20201110839844,39.77082996611698,37.01852329718878,39.77082996611698,3744900
2022-06-14,36.165313720703125,37.367155751151124,35.73412132025524,37.202017044685306,3848000
2022-06-15,35.880916595458984,36.697433940680725,35.24788362014863,36.47724779715104,3597400
2022-06-16,33.816680908203125,35.33044773333511,33.6515422000448,35.31210209886375,3926500
2022-06-17,33.3304443359375,34.69742171980829,32.715760529297064,34.146961639009554,9985100
2022-06-21,33.945125579833984,34.39467067469574,33.33044525596622,33.42218743871844,3901700
2022-06-22,33.46805953979492,33.97264855963502,33.339619080170905,33.56897804371095,3454400
2022-06-23,34.642372131347656,34.835036297266264,33.477231816985416,33.55980117388207,3472900
2022-06-24,35.1561393737793,35.2295359172322,34.44971339187435,34.68824865835644,5475500
2022-06-27,35.42219543457031,35.75247286981642,35.17448735813573,35.2845786699712,2122200
2022-06-28,34.697418212890625,35.697423275070264,34.50475755405754,35.49558629929875,3164900
2022-06-29,34.697418212890625,34.844207786250045,33.99099229742983,34.72494016422692,2340100
2022-06-30,35.01852035522461,35.440543453490044,34.30292160122517,34.3671418227513,3783900
2022-07-01,35.63319778442383,35.95429883498014,35.0093413149953,35.19282912948704,2284700
2022-07-05,34.486412048339844,35.32127849086152,33.532277971246536,35.22953631026172,2898000
2022-07-06,34.220359802246094,34.8533928395736,33.67907245860247,34.495589883817004,2338300
2022-07-07,34.596500396728516,35.055218259850584,34.39466691677771,34.64237148309281,2393900
2022-07-08,34.70660400390625,35.07357628760976,34.53228893188717,34.99100691132189,1646300
2022-07-11,34.403839111328125,34.75246566091664,34.00016865899476,34.57815063625264,1703400
2022-07-12,34.578147888183594,35.11943505383973,34.312094213335726,34.422185509815506,2344800
2022-07-13,34.055213928222656,34.7983381427518,34.0276919757459,34.16530873760895,2337700
2022-07-14,33.2662239074707,33.69741989667211,33.055214072257726,33.495582880494396,3196600
2022-07-15,33.00933837890625,33.67906606686352,32.74328116732687,33.4221851727812,4743900
2022-07-18,32.651546478271484,33.21118298277484,32.59649905988508,33.04604422735613,3768800
2022-07-19,32.789154052734375,33.000163847593704,32.54144598927181,32.76162860141219,4138000
2022-07-20,32.880897521972656,32.926768609667,32.02768199184716,32.7799790292013,4039700
2022-07-21,33.06438064575195,33.72493191354826,32.74327607831592,33.27539041877264,2562100
2022-07-22,32.68824005126953,33.30292038592701,32.468053909163274,33.101086880381274,2512700
2022-07-25,32.981815338134766,33.50475342654966,32.6698870485768,32.752456404628596,3983700
2022-07-26,33.357967376708984,33.56897719788025,32.92677141620164,33.00016796256031,2333300
2022-07-27,33.46805953979492,33.770815051543,32.935948564246836,33.3854901729309,2692000
2022-07-28,34.41301345825195,34.44971172820614,33.66071642288928,34.00017017035607,2978600
2022-07-29,34.95940017700195,35.19091938347216,34.42227392229375,34.56118685925697,8042900
2022-08-01,34.839012145996094,34.90383724667227,34.20927956853923,34.727883906651655,3023700
2022-08-02,34.524139404296875,35.255740869700745,34.45931431573728,34.89457150981089,3379400
2022-08-03,34.60749053955078,34.829750535655016,34.10741173054614,34.829750535655016,3357200
2022-08-04,36.24665069580078,36.700429948654815,34.90383843257905,35.644702807255285,4187100
2022-08-05,35.61692428588867,36.36704800587647,35.40392697760409,36.11700676588054,3853700
2022-08-08,35.876220703125,36.34851836829827,35.672482654417344,35.82991403190742,2650400
2022-08-09,35.49652862548828,36.07995451830448,35.163140382334475,35.98734824307419,2798700
2022-08-10,36.33926010131836,36.35777853104468,35.616917697382874,35.876221638691845,1715100
2022-08-11,37.441287994384766,37.617241327242844,36.237388774501916,36.478167205397334,2362500
2022-08-12,38.589622497558594,38.61740720663123,37.69133031214464,37.75615541214246,1777800
2022-08-15,39.12675094604492,39.22861997527897,38.42293402187825,38.497018340510074,2591100
2022-08-16,39.450870513916016,39.94169362322679,39.09896387125867,39.09896387125867,2977400
2022-08-17,39.46013641357422,39.94169681499535,39.00635718808219,39.10822621009283,2330900
2022-08-18,40.3028678894043,40.58995300571552,39.58052902393467,39.6268321632873,2407500
2022-08-19,39.77499771118164,40.65477134331956,39.756475751981604,40.247295306323785,2358100
2022-08-22,38.98783874511719,39.45087722680601,38.867451283424444,39.31196780192131,2229500
2022-08-23,38.793365478515625,39.42309812947157,38.7841062627825,39.14527573233299,1520400
2022-08-24,38.84892654418945,38.90448889709168,38.395147310170856,38.728535558396274,1232100
2022-08-25,39.69165802001953,39.710179982653564,38.89523129027194,38.9785783557735,1455600
2022-08-26,38.635929107666016,39.73795933859834,38.635929107666016,39.71943737681338,1484800
2022-08-29,38.422935485839844,38.858189264555584,38.18215349253015,38.33958841626392,1597200
2022-08-30,38.03398132324219,38.66371395287535,37.91359032656732,38.413672744106,1696300
2022-08-31,38.22845458984375,38.41367068262618,37.86728515190473,37.95063221702167,2780800
2022-09-01,38.11732864379883,38.3210667114049,37.50611797368396,38.18215375027288,1993900
2022-09-02,38.4044075012207,39.321221590113524,38.302538484076436,38.4044075012207,1931500
2022-09-06,37.7746696472168,38.56183343343628,37.69132260245337,38.44144247262194,2439000
2022-09-07,38.6081428527832,38.66370873591323,37.67280678266294,37.82097893830683,1999400
2022-09-08,39.19157409667969,39.40457135959932,38.34884425960502,38.45997249836679,1458000
2022-09-09,40.08986282348633,40.24729417320055,39.44160840054607,39.56199936560556,1484600
2022-09-12,41.080772399902344,41.11781632424763,40.126914310581256,40.23804255091404,2393800
2022-09-13,40.15468978881836,40.969638345243425,40.025039604712624,40.432512116573875,2277500
2022-09-14,41.03446960449219,41.052991566819955,40.44177740811298,40.44177740811298,2685500
2022-09-15,41.543819427490234,41.58086335947848,40.65478625599525,40.91408671450534,3061700
2022-09-16,40.62699508666992,41.590115969140534,40.49734487801104,41.386377908274724,6025600
2022-09-19,40.765907287597656,40.89555749385343,40.210259004454535,40.30286881799664,1613300
2022-09-20,39.63608932495117,40.55290698053617,39.49717991408871,40.413994036970806,2002200
2022-09-21,39.05266189575195,40.34917099268496,39.034143466189924,40.00652352253814,2380000
2022-09-22,38.32106018066406,39.01561780254977,38.31179743405872,38.97857388153387,2191500
2022-09-23,37.626502990722656,37.96915043229635,37.10789868865487,37.70058730090217,2046900
2022-09-26,36.478172302246094,37.85802858048791,36.39482523130929,37.50611833289882,2077400
2022-09-27,36.478172302246094,37.25607712008843,36.27443423268872,36.92268883634123,2774600
2022-09-28,37.27459716796875,37.45981326416389,36.61708338254403,36.894905760485145,1887900
2022-09-29,36.283695220947266,37.07085921617587,35.90400381236474,37.06160000105575,1996400
2022-09-30,35.44096755981445,36.63560774932249,35.357620487692884,36.46891360507935,2667700
2022-10-03,36.43186569213867,36.76525394416066,35.32057269629973,36.18182450312218,3401200
2022-10-04,37.97842025756836,37.99694222346402,36.6541332567146,36.66339247331054,2317600
2022-10-05,38.43218994140625,38.71001229468307,37.052333856590586,37.256071897588264,2163300
2022-10-06,38.061767578125,38.6544598924179,37.92285813208594,38.330330786252496,2221200
2022-10-07,38.08027648925781,38.302536472509296,37.64502280164015,37.92284513117756,1915000
2022-10-10,37.97842025756836,38.876716173637064,37.9321171091811,38.200680315612495,2320600
2022-10-11,38.024723052978516,38.66371491391429,37.83024419729944,38.00620108897558,1924400
2022-10-12,36.81155776977539,37.950631963632745,36.8022985549145,37.950631963632745,1684000
2022-10-13,38.13584518432617,38.54331772889002,36.15404127919293,36.18182245438735,2204400
2022-10-14,38.006195068359375,38.81188094498826,37.70058800977778,38.39514565269647,1517600
2022-10-17,38.811885833740234,39.25640235727523,38.61741051707554,38.70075758603231,1777500
2022-10-18,39.78425979614258,39.9602166548926,39.28417745975213,39.31196216690899,2511500
2022-10-19,38.85818099975586,39.45086957614563,38.459967700112244,39.293438218599476,1861200
2022-10-20,37.7098503112793,38.93227146576216,37.61724050702889,38.93227146576216,2249400
2022-10-21,39.22861862182617,39.41383471107025,37.71911226363608,38.089544442124236,2753300
2022-10-24,39.81204605102539,40.11764958000942,38.867447223133404,39.617567224177854,2030800
2022-10-25,40.413997650146484,40.51586668017487,39.67313679453536,39.784265039701225,2046100
2022-10-26,39.96022033691406,40.71960312538803,39.92317641242678,40.469561934153475,2060200
2022-10-27,40.46956253051758,41.08077316275235,40.17321819565848,40.36769350302792,2393700
2022-10-28,41.36785888671875,41.423424779825,40.5066105061445,40.6825638685924,1653900
2022-10-31,41.44253158569336,41.759884436560974,41.11584283769938,41.18117987517788,2284000
2022-11-01,41.097171783447266,41.68520864099679,40.807823083215936,41.55453457500828,2459700
2022-11-02,40.48112869262695,41.82521275036041,40.38779110444024,40.83581793681781,2312500
2022-11-03,40.723812103271484,41.20917539497809,39.7157490603576,39.96776482108607,1572700
2022-11-04,41.395851135253906,41.5918657700026,40.546466253345585,40.90115550223282,2151800
2022-11-07,42.19856643676758,42.4412498617091,40.13577512776831,40.94782353454798,4695900
2022-11-08,41.302513122558594,42.65592951892078,41.22784020330515,42.28257204385508,4580400
2022-11-09,39.8090934753418,41.51719569073466,39.743756446155245,41.0691688217693,3864100
2022-11-10,42.08656311035156,42.5159217360745,40.6678096178488,41.143840600777196,3296100
2022-11-11,42.37592315673828,42.47859310395132,41.41452867860248,41.899892086070686,2916300
2022-11-14,40.929161071777344,42.74927277288812,40.919828735934246,42.19857238251309,3137500
2022-11-15,40.56513595581055,41.47985789563801,40.369124874547715,41.395852637868096,2901000
2022-11-16,40.09844207763672,40.71447946629367,39.977103915450485,40.44379901475427,2006400
2022-11-17,38.58635711669922,39.5477480354466,38.409014232451156,39.5477480354466,2502400
2022-11-18,39.4264030456543,39.45440361185785,38.465008732320634,38.95037205658789,2716100
2022-11-21,38.41834259033203,39.342400505524964,38.100989762554796,39.2117228794745,2479900
2022-11-22,39.51974105834961,39.61307865375002,38.59568319724099,38.670356122042136,1684300
2022-11-23,39.61307907104492,39.753089026221474,39.20238866211534,39.43573621367555,1527900
2022-11-25,39.35172653198242,39.73441633112639,39.21171659253435,39.603742286628545,916200
2022-11-28,38.67035675048828,39.11838362477317,38.35300393612802,38.94104076638991,2007200
2022-11-29,39.118385314941406,39.13705354725167,38.09165746208569,38.539684355728255,2429000
2022-11-30,39.622413635253906,39.65975009679284,38.268997169575556,39.18371911367378,6252200
2022-12-01,39.32373046875,40.33179004210153,39.02504588697169,40.08911015463206,2811400
2022-12-02,38.502349853515625,38.941044433663286,38.12899230948339,38.77303389490892,1748400
2022-12-05,38.119651794433594,38.334331089981355,37.75563022543519,38.10098356517718,1771800
2022-12-06,32.369972229003906,34.582105992925165,31.595256658506845,33.219357163545894,16832700
2022-12-07,30.93255043029785,32.16462520036806,30.755207575421434,31.828604161148725,7768200
2022-12-08,30.036497116088867,31.74459934167919,30.017828884695398,30.801876800215844,7225500
2022-12-09,30.129837036132812,30.708541572158147,29.13110972346506,29.635141328157573,4281900
2022-12-12,30.493858337402344,30.5031942340163,29.569803966293893,30.24184609844644,4547200
2022-12-13,31.1845645904541,31.40857979183534,30.437853186851356,31.1845645904541,5181300
2022-12-14,30.307180404663086,31.25923881932591,29.980491704001764,31.184565895540125,4239500
2022-12-15,29.728479385375977,30.381851482675092,29.42046067857625,30.139171587875808,5235600
2022-12-16,28.98176383972168,29.47646126686096,28.599074015438624,29.29911663746379,19349100
2022-12-19,29.439128875732422,30.428520246359824,29.21511365259723,29.513800023343958,4932000
2022-12-20,29.551132202148438,29.849816767277094,29.224445291426303,29.467126945668447,4547800
2022-12-21,30.260509490966797,30.391187113827588,29.55113448415684,29.868487304187884,5618200
2022-12-22,29.765811920166016,30.017827693071954,29.308450950985122,29.952490666089034,2928800
2022-12-23,29.784482955932617,29.943161151121885,29.467130126155347,29.77514883972733,3090300
2022-12-27,30.092504501342773,30.111169173804296,29.607139343210587,29.831152799063425,3349500
2022-12-28,29.737812042236328,30.241843599704982,29.59780208940581,30.1485024442843,2512500
2022-12-29,30.241846084594727,30.400520720946233,29.868488553436254,29.98983028515295,2211500
2022-12-30,29.700477600097656,30.232509760077306,29.485798268930537,30.157840391263257,2329200
2023-01-03,29.803146362304688,30.04582622314238,29.327117194722423,29.756475788835637,4230400
2023-01-04,29.952489852905273,30.148500928532503,29.532463576132052,29.887152827696198,3929900
2023-01-05,29.63513946533203,30.045829880043065,29.58847066648323,29.81248410549849,2494800
2023-01-06,30.055166244506836,30.325850266889383,29.71914519059763,29.971160981029534,3177400
2023-01-09,30.465858459472656,30.643204893145473,30.073836247230105,30.223178551027466,3557300
2023-01-10,30.67120361328125,30.6898718452056,29.980493274484875,30.335182559845236,2812300
2023-01-11,30.139169692993164,30.811208199740015,29.915154483676908,30.708538271096064,6663100
2023-01-12,30.447185516357422,30.689868947861783,29.96182221394954,30.297843235662754,2810800
2023-01-13,29.756479263305664,30.391186674493003,29.19644655868843,30.08316619453275,3723800
2023-01-17,30.008499145507812,30.232510820407875,29.784483910006376,29.82182037602351,3147900
2023-01-18,29.52313232421875,30.307182043666206,29.467129408651285,30.17650798057526,2212500
2023-01-19,28.963098526000977,29.579135915132245,28.7670856583862,29.44846007662222,2648600
2023-01-20,30.064498901367188,30.129835933591856,28.627078851522644,28.916429328646437,3682300
2023-01-23,30.260509490966797,30.68053580580217,30.213840691674235,30.353850650153074,5232600
2023-01-24,30.708539962768555,30.773876993959885,29.849819100452127,30.409855374293578,2931300
2023-01-25,30.94188690185547,30.988555700259557,30.120502519659375,30.48452413205279,4950700
2023-01-26,31.259239196777344,31.26857153206276,30.652534145795418,31.09122867683161,5119800
2023-01-27,31.501920700073242,31.548589500101254,30.960552650064884,31.26857313933196,2937000
2023-01-30,31.31523895263672,31.753933464381777,31.21256546600695,31.36190774821365,3267900
2023-01-31,32.30458450317383,32.38010474242914,31.34167714473787,31.502159903889737,8191500
2023-02-01,32.66331100463867,32.804916400795484,31.70984595419722,32.09689662236105,3155800
2023-02-02,32.99372100830078,33.48461513285359,32.682190590321724,32.88043885684234,3840900
2023-02-03,32.50282669067383,33.05980236703339,32.28570106784547,32.79547614814229,2910300
2023-02-06,32.73883056640625,32.804912115667605,32.002491245394395,32.295137077502005,3641400
2023-02-07,33.050357818603516,33.21084415561096,32.29513752991248,32.61610660275297,3162800
2023-02-08,32.842674255371094,32.99371831203048,32.606667691767406,32.861555212600315,2957300
2023-02-09,32.465065002441406,33.16364607309335,32.37066380964978,32.852115654766564,5367300
2023-02-10,32.90876007080078,32.99372258875813,32.32346472552503,32.531148079618134,3164900
2023-02-13,33.569580078125,33.62621935736917,32.757716797992586,32.76715547747497,2831400
2023-02-14,33.13532257080078,33.616778013263364,32.86155767341236,33.56013513733405,3506800
2023-02-15,33.824462890625,33.86222120442969,32.823793750725095,32.83323242888266,4299800
2023-02-16,32.17241668701172,33.333568555307735,31.7004035567528,33.239163768551315,9220700
2023-02-17,32.30458450317383,32.550029782222246,31.79480938379451,32.12521718273948,5295900
2023-02-21,32.15353775024414,32.75771401875513,32.10633355331234,32.10633355331234,3539300
2023-02-22,31.29447364807129,32.115775530258645,31.20951113603987,32.002493381274945,4113600
2023-02-23,31.634323120117188,31.88921068058558,31.237833760171863,31.247272439667018,5426500
2023-02-24,31.71928596496582,31.860891367067218,31.13399059855165,31.303915640603343,3798700
2023-02-27,31.1717472076416,32.21961692134633,31.152866250500377,31.98361035884254,4286600
2023-02-28,30.954626083374023,31.473839875810615,30.81302068490274,31.143432080944116,4249000
2023-03-01,31.1717472076416,31.181185885625037,30.614771576085683,30.709172760617456,3057200
2023-03-02,30.9168643951416,31.209513873625447,30.74693935617355,31.152870993577796,3355400
2023-03-03,31.757043838500977,32.03081232704742,30.794136589981242,31.162306267114623,3127600
2023-03-06,32.455623626708984,32.66330695382791,31.926967627950756,31.955287263200074,4683100
2023-03-07,32.3612174987793,32.9181931096927,32.27625499537982,32.45562228098662,3823100
2023-03-08,32.03081130981445,32.54058635481334,31.738161872609666,32.455623847313525,2870000
2023-03-09,31.162307739257812,32.12521503326639,31.096226183890284,32.04025251905462,3221700
2023-03-10,29.859554290771484,31.209514133760024,29.793472730752548,31.03958909337563,3963200
2023-03-13,29.151533126831055,30.397649431202634,29.104332529191833,29.3403391185627,4084600
2023-03-14,29.812353134155273,30.284368126734137,29.444183420589937,29.70850965572918,8759000
2023-03-15,29.09488868713379,29.51970121914194,28.85888212503752,29.51970121914194,7202200
2023-03-16,29.840675354003906,30.189964116879974,28.55679886203516,28.773924503886494,7914500
2023-03-17,29.71794891357422,30.15220196865439,29.340338735626695,30.095559091521743,11156100
2023-03-20,31.747604370117188,32.02136925067686,30.26548341890077,30.746935230593127,8578500
2023-03-21,31.33223533630371,32.106336706505466,31.209514495517443,31.87977238415006,5179200
2023-03-22,30.171079635620117,31.313350592517246,30.12387904093027,31.2095107246694,3367000
2023-03-23,29.274259567260742,30.42597115408478,29.038252961720673,30.23716514941772,3830600
2023-03-24,29.727386474609375,29.746267431799954,28.792800700721976,28.934404278476944,3571000
2023-03-27,30.454288482666016,30.539250998258154,29.80291159724279,29.953955669276063,3991900
2023-03-28,30.813020706176758,31.10567018267119,30.47317063055093,30.47317063055093,2163100
2023-03-29,31.322797775268555,31.417198979425322,30.96406671735766,31.067910202635165,2311200
2023-03-30,31.577680587768555,31.766486568795898,31.360554969998212,31.596561545988745,3919200
2023-03-31,32.370662689208984,32.408424605488456,31.530479858450715,31.700404880533796,3529200
2023-04-03,31.974166870117188,32.4650609336957,31.77592222939535,32.42729902084177,2539100
2023-04-04,31.67207908630371,31.955286233191412,31.190627296712048,31.86088505128693,2338500
2023-04-05,32.48394775390625,32.521709673576716,31.502159449523397,31.62488388786497,1992300
2023-04-06,32.87099838256836,32.937079941313726,32.55002926815878,32.682192385649515,2270500
2023-04-10,33.210845947265625,33.324128096387014,32.597227403940146,32.71995183284016,1875700
2023-04-11,33.682857513427734,33.93774503780073,33.34300748093041,33.437408667213255,2385400
2023-04-12,33.75838088989258,34.28703694542258,33.645098735555706,33.83390472690033,2973100
2023-04-13,33.899986267089844,34.117111896618646,33.51293560555159,33.673418357352325,2896900
2023-04-14,33.23916244506836,33.96606306886504,32.98427493273647,33.579012461510885,3442200
2023-04-17,33.1447639465332,33.52237230557038,32.852114497310396,33.50349494861688,6666000
2023-04-18,32.71995544433594,33.24861153387764,32.427305958865084,33.1825299728318,5163500
2023-04-19,32.8898811340332,33.05036389939276,32.27626251091419,32.55947332230762,3597700
2023-04-20,32.634986877441406,32.955955943567695,32.59722496350318,32.899313072660355,2127400
2023-04-21,32.474510192871094,32.75771739780239,32.25738094787628,32.682193555860714,1826500
2023-04-24,33.040924072265625,33.069243711951586,32.172421510930036,32.45562871131447,2497400
2023-04-25,32.15353775024414,33.01260155725345,32.096894874630756,32.92763904442068,2199800
2023-04-26,31.53048324584961,32.06857800653006,31.436078445008782,31.889210685519956,3409800
2023-04-27,32.1629753112793,32.23849914280607,31.587118699998403,31.587118699998403,2494000
2023-04-28,32.61928176879883,32.65746734692339,31.979689722309672,31.979689722309672,1901000
2023-05-01,32.45700454711914,32.88658327679364,32.33290321597366,32.514282924935024,2398800
2023-05-02,31.817411422729492,32.43791077659479,31.50238581660612,32.43791077659479,3600100
2023-05-03,31.922409057617188,32.58109748733895,31.807855973065234,32.07514771754543,3842000
2023-05-04,29.955902099609375,31.779223549765117,29.134932130140534,31.511928122179125,11045700
2023-05-05,29.86043930053711,30.185009431472512,29.449953439601828,30.089547306940585,5937400
2023-05-08,29.889076232910156,30.194553570382258,29.65996822980608,30.041814901646205,5725700
2023-05-09,29.879531860351562,30.204102008575255,29.6504238417446,29.726793181280254,5847900
2023-05-10,30.690959930419922,30.824605823236595,29.917718297095302,30.165919112889643,5739300
2023-05-11,29.63133430480957,30.61458937126236,29.45950282735097,30.605044796549116,5276700
2023-05-12,31.30191421508789,31.559661422498024,29.230393802207328,29.650424265258618,7645900
2023-05-15,32.246986389160156,33.57390447733977,31.378284383415238,33.516629743021504,12745400
2023-05-16,31.98923683166504,32.72429288172949,31.865139155289413,32.542916833626876,8308300
2023-05-17,31.893775939941406,32.32335461613243,31.244635638492166,32.32335461613243,6236700
2023-05-18,31.941503524780273,31.99878189085638,31.15871739629227,31.588296037920344,3605100
2023-05-19,31.97014808654785,32.64792577344773,31.769675603759545,32.09424576449121,2766700
2023-05-22,32.485633850097656,32.67655808717238,31.788763480115282,32.05605886865068,4913900
2023-05-23,32.2756233215332,32.52382230257985,32.008327909355366,32.52382230257985,5510900
2023-05-24,32.44745635986328,32.62883240705775,31.71240031347922,32.1801609347198,3633200
2023-05-25,31.941503524780273,32.40926774379242,31.445101943518623,32.40926774379242,5126300
2023-05-26,32.39971923828125,32.39971923828125,31.42600887317668,31.960596027031265,6586600
2023-05-30,32.50472640991211,32.82929651818891,32.26607202563731,32.60973492164533,4478800
2023-05-31,32.25653076171875,32.55245989796929,31.406921649192398,32.35199106859106,16179500
2023-06-01,30.92961311340332,32.86748576486549,30.633680332879948,32.86748576486549,7721000
2023-06-02,31.78876495361328,31.846043319863792,30.2422854806205,30.70050148589328,6747200
2023-06-05,31.616931915283203,32.63837239208414,31.559657193474088,31.893771875950314,3632400
2023-06-06,31.44510269165039,32.036968230453695,31.44510269165039,31.7505800348366,3761800
2023-06-07,32.52382278442383,32.56200836409742,31.387829100964233,31.65512087552477,5652000
2023-06-08,32.40926742553711,32.657466392942105,32.02741893860029,32.60973624246927,3307300
2023-06-09,32.53336715698242,32.63837202631467,32.09424032576452,32.54291172998467,2145400
2023-06-12,32.72428894042969,33.134774784424046,32.33289588471146,32.45699718771783,3115100
2023-06-13,32.791114807128906,32.810207597110185,32.25653125396241,32.714747288781126,3256300
2023-06-14,32.78157043457031,33.1825081019114,32.428362921687345,32.982039268240854,2583800
2023-06-15,32.81020736694336,32.99158704970446,32.51427822825283,32.7338398491313,4066400
2023-06-16,32.57155227661133,33.12523224589978,32.53337033929062,33.06795387755287,11338600
2023-06-20,31.9987850189209,32.82930137953818,31.96059943780397,32.54291680431609,4591200
2023-06-21,32.34244918823242,32.58110361686724,31.445106205955845,31.836499323253847,3333400
2023-06-22,33.335243225097656,33.97483887965544,33.039314114079,33.63117597769328,9328100
2023-06-23,33.115684509277344,34.29941198119096,32.84839273628088,33.592993327672346,10853000
2023-06-26,34.28031921386719,34.45215067992786,33.32570157645337,33.53571862198914,10177800
2023-06-27,34.92945098876953,35.22538369523753,34.02256372585597,34.61442549721556,9541700
2023-06-28,34.900821685791016,35.254029187448204,34.29941156231627,34.76717215934766,8213300
2023-06-29,35.48313522338867,35.607236533756016,34.757627433747686,34.91036610743932,4659100
2023-06-30,35.69315719604492,35.81725852355592,35.17766273553252,35.58814866058005,5011600
2023-07-03,35.91271209716797,36.00817603946882,35.43540331039485,35.5308672526957,1704900
2023-07-05,36.609580993652344,36.82914623118826,35.616781525310905,35.645418886043025,5700000
2023-07-06,36.08454895019531,36.428211910738305,35.85544273755171,36.25638043046681,3784500
2023-07-07,36.3900260925293,36.83869758162007,35.8745352966295,35.8745352966295,3979800
2023-07-10,36.113182067871094,36.46638952611403,35.95089519792588,36.370925590388374,2909600
2023-07-11,36.265926361083984,36.437754188947636,35.94135621231511,36.14182504613717,2921400
2023-07-12,36.18000793457031,36.72413966679099,36.14182235718501,36.39956954217014,3086600
2023-07-13,35.57859802246094,36.485485461433676,35.37812920250467,36.11318518392143,3779200
2023-07-14,34.79581832885742,35.502233437019704,34.614438622552086,35.502233437019704,3320800
2023-07-17,34.700347900390625,35.0535590302243,34.499879080697205,34.75762626669322,5771200
2023-07-18,35.28266906738281,35.578601863248494,34.652621535521604,34.652621535521604,4179300
2023-07-19,36.275474548339844,36.323204707587905,35.244485629008665,35.32085679706774,4415900
2023-07-20,36.953250885009766,37.14417515638386,36.456849236068145,36.61913614128828,4545400
2023-07-21,36.46639633178711,37.20145238696156,36.409117959661934,37.20145238696156,2665900
2023-07-24,36.160919189453125,36.542764081273376,36.11318903317278,36.475941134165396,5099000
2023-07-25,36.609580993652344,36.77186786814712,36.036811929548556,36.170457801734315,4699300
2023-07-26,36.752777099609375,37.201448530805386,36.600038431352004,36.647768582386725,3720200
2023-07-27,35.62632751464844,36.93415256934195,35.56904914933026,36.61913066403458,5118000
2023-07-28,35.998626708984375,36.227736521830096,35.588140873752785,36.06544964573585,5868800
2023-07-31,36.63313293457031,36.63313293457031,36.035274497301224,36.13170505740095,6862600
2023-08-01,36.469200134277344,36.825983984231236,36.23777416399084,36.57527190334594,3205500
2023-08-02,36.035274505615234,36.24741805943384,35.78456240619759,36.170273611336256,3017200
2023-08-03,36.314918518066406,36.62348896125365,35.524206297592855,35.78456329874144,3156500
2023-08-04,36.17991638183594,36.96098731993016,36.07384461115591,36.38241502852534,4367800
2023-08-07,36.17991638183594,36.72955766767833,36.17027148716528,36.469200688313585,3245900
2023-08-08,35.466346740722656,36.411344150300266,34.87813320410452,36.04491906064447,5218100
2023-08-09,35.89063262939453,36.816343895792826,35.47599043494433,35.67848908475966,4057700
2023-08-10,35.61098861694336,36.23777433987295,35.52420295805233,35.90027292043029,2102300
2023-08-11,35.35063171386719,35.987058654243214,35.19634650645632,35.64956091254741,2383000
2023-08-14,35.678489685058594,35.726703124618744,34.69492006854302,35.128848381483664,2694800
2023-08-15,35.63027572631836,35.707416492800625,35.06134831951946,35.29277429741585,2973400
2023-08-16,35.82313537597656,36.03527525576154,35.52420615105024,35.77491825568696,2267600
2023-08-17,35.456703186035156,36.33420098552773,35.23491843214687,35.871345367180496,2494200
2023-08-18,35.14813995361328,35.717067457090785,35.051709381061876,35.3506386382959,2340600
2023-08-21,35.553131103515625,35.620630653268506,35.00348981069953,35.148133804998324,2579000
2023-08-22,35.63991928100586,35.88099016955993,35.504920171967555,35.63991928100586,1692600
2023-08-23,35.929203033447266,36.044919706575115,35.726704373148195,35.98706137001119,1660700
2023-08-24,35.678489685058594,36.39206109727761,35.678489685058594,36.01598744042929,2246700
2023-08-25,35.83277130126953,36.14134169761497,35.73634443183006,35.73634443183006,1842000
2023-08-28,36.257057189941406,36.42098729349114,35.89063211791172,36.08348587015912,2098600
2023-08-29,35.79420471191406,36.63313405747328,35.697777827308336,36.18956082431731,2207600
2023-08-30,36.112422943115234,36.37277996653205,35.553136667971664,35.6495672387465,1688900
2023-08-31,36.20884704589844,36.49813137903607,36.01598959765673,36.29563271368472,3908500
2023-09-01,37.07670211791992,37.09598822975377,36.42098902936783,36.42098902936783,3226400
2023-09-05,36.61384963989258,37.182777113684395,36.12206294166659,37.06706043266061,4100100
2023-09-06,36.66205978393555,36.92241677512544,36.31491712901569,36.48848845647562,1625500
2023-09-07,36.98026657104492,37.25026842185268,36.63312764020503,36.87419848793922,3315700
2023-09-08,38.098838806152344,38.1759832504711,36.951342785282634,37.04776966223151,3782000
2023-09-11,37.4624137878418,38.0988407725207,37.26956002399042,38.0988407725207,2427300
2023-09-12,37.30812454223633,37.693839385200235,37.288838432243196,37.47205463795326,1543200
2023-09-13,37.37562561035156,37.452770053466296,37.115272310963114,37.30812606185093,2513500
2023-09-14,37.74205780029297,37.77098512987438,37.25027480515962,37.48170079871066,2130300
2023-09-15,37.703487396240234,37.95420319288788,37.58777439387595,37.780631850116436,3518400
2023-09-18,38.33026885986328,38.34955497114383,37.60705623986586,37.742055340380105,1781700
2023-09-19,37.7902717590332,38.68705577281534,37.76134442905632,38.36884410772001,1591300
2023-09-20,37.500980377197266,38.33990589493531,37.46240815884285,37.97348085591592,2080300
2023-09-21,36.53670120239258,37.3949129282756,36.45956043523718,37.3949129282756,2221700
2023-09-22,37.25027084350586,37.37562504399352,36.420986484836305,36.555985579791916,1743200
2023-09-25,37.7902717590332,37.80955787183442,36.90313264087662,37.03813175203524,1451900
2023-09-26,36.93205642700195,37.70348247277819,36.74884389064558,37.58776948552414,2541900
2023-09-27,37.20206069946289,37.59741680330626,36.66206059339277,37.124916250688685,2752100
2023-09-28,36.91276931762695,37.37562493257328,36.80669754949248,37.279198058878,2606100
2023-09-29,37.144203186035156,37.43348751844971,36.7488470734303,37.095989743707705,1731800
2023-10-02,36.22813034057617,37.17312771715943,35.69777515800235,37.09598695093303,3298700
2023-10-03,36.498130798339844,36.681347026556885,35.504919921604646,35.852062587226605,3245600
2023-10-04,36.12206268310547,36.777775823746516,35.302423096529154,36.5367049243476,3235100
2023-10-05,37.30812454223633,37.693839385200235,36.112415150257064,36.131701260250196,4142300
2023-10-06,37.578125,37.91562271614953,36.66205504101656,36.748840693519185,3731800
2023-10-09,38.28205490112305,38.29169611740762,37.59741451298223,37.59741451298223,2904700
2023-10-10,38.436344146728516,38.532771033497504,38.069915355796475,38.22420058169681,2902700
2023-10-11,39.795982360839844,39.80562357777612,38.55205570442189,38.57134181674424,3097200
2023-10-12,39.89240646362305,39.94061990184369,39.34276517531874,39.67062170504846,2969300
2023-10-13,39.54526901245117,40.1720548269214,39.352415234260356,40.104555268864615,2302200
2023-10-16,40.056339263916016,40.27812403741899,39.44883960178624,39.75741004130776,2290100
2023-10-17,40.51919174194336,40.51919174194336,39.757406919862305,39.805620357542864,3206100
2023-10-18,39.98883819580078,40.490266060646675,39.93097986116291,40.35526327982498,2447100
2023-10-19,39.304195404052734,40.21062428429632,39.29455418718727,39.89240895098959,2159200
2023-10-20,39.08241271972656,39.52598596668193,38.92812749248773,39.32348361719036,2044000
2023-10-23,39.1884765625,39.41990619568922,38.66776264666116,38.754548299300964,3559900
2023-10-24,40.567405700683594,40.586691811693434,39.55490878258916,39.70919399221831,3373200
2023-10-25,40.33598327636719,41.117050609552905,40.09491238519631,40.53848194212275,3055500
2023-10-26,40.6927604675293,40.91454520948797,40.31669052775376,40.36490396236229,2979500
2023-10-27,40.17205047607422,40.79883622266021,40.01776526316146,40.62526489832716,3215800
2023-10-30,40.74098205566406,40.90490850182967,40.008128138979586,40.008128138979586,2435400
2023-10-31,41.23525619506836,41.27417291659315,40.44713412559675,40.807138853384465,2533600
2023-11-01,42.67527389526367,42.95744143579685,41.69255348489815,41.838503236665346,6356500
2023-11-02,43.910972595214844,45.01044694161722,40.6028101690447,41.60498714888892,9339700
2023-11-03,43.78448486328125,44.51422627766927,43.10339213418774,44.17368176895091,8358000
2023-11-06,44.5045051574707,45.55533103253106,44.173688848132606,44.40720405963164,9752400
2023-11-07,44.19313430786133,45.19531495094535,43.833129615000544,44.86449872431055,6836000
2023-11-08,44.44611358642578,44.543410948719185,43.81366959654931,43.969347603212626,6638200
2023-11-09,43.852596282958984,44.5823377392474,43.803947594871154,44.31963036958473,3557200
2023-11-10,44.31962966918945,44.40719879102646,43.87205580720337,44.27098098187043,4161400
2023-11-13,44.84504318237305,45.01044945709724,44.20287087689316,44.426657801808915,4433800
2023-11-14,46.04181671142578,46.061276927326844,44.96179885468502,45.51640201706704,3864600
2023-11-15,46.2266845703125,46.567232791227944,45.81803115920211,45.827759411613734,3541600
2023-11-16,46.28506088256836,47.26778130861111,46.158571343129346,46.69371796704195,3818200
2023-11-17,46.781288146972656,46.95642265957329,46.323982371228276,46.53804102568846,3297100
2023-11-20,46.012630462646484,46.73263992742946,45.30234925045492,46.56723365177767,4736200
2023-11-21,43.97908020019531,45.96397759749824,43.68718439745229,45.82775609200542,5221200
2023-11-22,44.592063903808594,44.61152040718745,43.82340211236629,44.14448638130841,2967600
2023-11-24,44.650447845458984,44.650447845458984,44.06665614939411,44.494769812397884,1164200
2023-11-27,45.20505142211914,45.41911011111592,44.23206277999868,44.66018015799224,3304200
2023-11-28,45.51640701293945,45.96398460447664,44.98126400772131,44.98126400772131,4800100
2023-11-29,45.58451461791992,46.01263197918906,45.26343030862504,45.39964811933541,2005400
2023-11-30,46.54777145385742,46.683989254280704,45.477485554825904,45.63316357126061,4998700
2023-12-01,47.063453674316406,47.08291389011569,46.42128139956657,46.43101336329453,3010200
2023-12-04,46.781288146972656,47.228861959338026,46.30452215612676,46.65479860464105,2762800
2023-12-05,46.956424713134766,47.36508182482555,46.52831109714808,46.74236976096976,3773000
2023-12-06,46.24614334106445,47.41373031176846,46.23641508895694,47.08291406526327,3025500
2023-12-07,46.18777084350586,46.57696406336883,45.94452368922012,46.22668756733224,2156800
2023-12-08,46.518585205078125,46.538045422018,46.061279386133236,46.061279386133236,3289600
2023-12-11,46.586692810058594,46.67426192801884,46.32398545617786,46.43101479053558,2127600
2023-12-12,47.384544372558594,47.49157370973632,46.3142547124382,46.42128404961592,3459700
2023-12-13,47.43319320678711,47.84184662820413,47.15102562819524,47.38454452018845,3431600
2023-12-14,46.90777587890625,47.84184397169952,46.586691595858355,47.647249236110085,3478500
2023-12-15,47.44291687011719,47.783465066679106,46.70344725504123,46.849397012375846,6301700
2023-12-18,47.95861053466797,48.124016820418035,47.3261664395666,47.3261664395666,4394800
2023-12-19,48.688350677490234,48.84402870579995,48.04617834675553,48.0753668171708,3534600
2023-12-20,48.04617691040039,48.98024505233444,48.016984729200864,48.52293923399602,2517700
2023-12-21,48.73699951171875,48.77591994682727,48.192124555170444,48.28942564294174,3504000
2023-12-22,48.64942932128906,48.873216250768166,48.40618217468262,48.8440277809056,2251700
2023-12-26,49.43755340576172,49.632148161567216,48.64943128278408,48.64943128278408,1786500
2023-12-27,49.83647155761719,49.87538827628957,49.33051709831092,49.33051709831092,1735400
2023-12-28,50.459190368652344,50.51756731032427,49.73917715755676,49.85593846421465,1753700
2023-12-29,50.303504943847656,50.75107875194173,50.11863475797575,50.313233195477316,2387700
2024-01-02,49.865665435791016,50.48837754200213,49.564037635495104,50.10891258425829,4995800
2024-01-03,50.27431869506836,50.36188781668927,49.62241812095699,49.962962643006676,3400800
2024-01-04,49.904579162597656,50.70242940539757,49.89484719943918,50.46891054112754,2048900
2024-01-05,50.33269500732422,50.449452588867,49.91430965250128,50.00187876657252,2502500
2024-01-08,50.828922271728516,51.00405679182344,50.11863738092666,50.48837406036411,2855200
2024-01-09,50.32297134399414,50.68297608504376,50.12837288257434,50.53702631106468,3163300
2024-01-10,49.56403732299805,50.6148667793466,49.53484885309622,50.43000028387354,3257200
2024-01-11,49.145652770996094,49.50566122698694,48.87321714951715,49.50566122698694,2933800
2024-01-12,49.349979400634766,49.622415001146216,49.08727205228872,49.50565741687798,2655800
2024-01-16,49.56403732299805,49.88512533854574,48.88294828090943,49.08727499353602,3341700
2024-01-17,49.8462028503418,50.624592946124686,49.14564990830882,49.281871422770486,3126700
2024-01-18,49.583492279052734,49.80727918508774,49.06780957000062,49.671061391123516,2982700
2024-01-19,51.10136032104492,51.120820537912,49.56403659345723,49.70998636413191,3050900
2024-01-22,51.26676559448242,51.64623424848525,50.79000328136033,51.286225810968986,2904100
2024-01-23,51.169471740722656,51.37379846039034,50.87757589667496,51.276501082926785,2159800
2024-01-24,50.62459182739258,51.48082276966064,50.42999709148969,51.47109451752816,4963600
2024-01-25,52.23975372314453,52.2592139394725,51.1694678067032,51.32514582567025,3403400
2024-01-26,52.78463363647461,52.804093854642666,52.08408062905288,52.288411063988946,2463000
2024-01-29,52.97922897338867,53.21274415428146,52.006240392469344,52.84301116592507,2840900
2024-01-30,52.57057189941406,53.16409552831818,52.249487597405356,52.920848382810384,2397300
2024-01-31,51.99998474121094,53.05880599689993,51.58821821851657,52.72547261753711,7182200
2024-02-01,53.186256408691406,53.5391980634277,51.83331464550164,52.03919977069648,2907600
2024-02-02,53.65684509277344,54.274493000737586,52.647042691736914,52.8725323667306,2890900
2024-02-05,52.62743377685547,53.411746493520624,52.3921380919069,53.21566737937982,3277000
2024-02-06,52.4705696105957,52.88233237164723,52.08821740679131,52.627432149076945,2250900
2024-02-07,51.95096969604492,52.78430133544914,51.26469460129523,52.58822220267803,3920300
2024-02-08,51.32351303100586,52.1470423535273,50.92155251286433,51.88233609915631,2834700
2024-02-09,51.34312438964844,51.53920352386765,50.96077213486511,51.254888966244714,1875300
2024-02-12,50.74508285522461,51.56861219687338,50.25488690757411,51.39214135652734,2521600
2024-02-13,50.901947021484375,51.31371357530294,50.30391108791915,50.539203055902554,2265300
2024-02-14,51.03920364379883,51.6862621479929,50.872535076105805,51.46077245985388,2055500
2024-02-15,50.9999885559082,51.460773958949176,50.77449886120048,51.18626167591065,2125200
2024-02-16,50.88233947753906,51.647043938298275,50.78429804673777,50.82351461905829,1862200
2024-02-20,50.686256408691406,51.274489988098345,50.41174416372333,50.53919614389073,2388200
2024-02-21,50.85292434692383,51.137238881751884,50.480378135664424,50.784297216434034,1994100
2024-02-22,50.86273193359375,51.14704273732087,50.69606336874852,51.02939675854074,2815400
2024-02-23,50.53919982910156,51.303908025968944,50.48037871081049,51.303908025968944,3043800
2024-02-26,51.73527908325195,52.0293958943085,50.56861411210511,50.588218658263806,3759900
2024-02-27,52.980377197265625,53.009787756401074,51.53919996125794,51.784297927115134,3572200
2024-02-28,53.62743377685547,54.990177820339014,51.92155034939459,52.44116056172643,4724900
2024-02-29,54.23527526855469,54.313708409429154,53.05880433472375,53.62743338636961,4440800
2024-03-01,55.5980224609375,55.647041306820064,54.411749187047704,54.686257715908624,4522700
2024-03-04,56.558807373046875,56.87253248190166,54.86272983458247,55.33331749786464,5358800
2024-03-05,58.833316802978516,59.17645621500595,56.51959503966825,56.59802444762705,7916000
2024-03-06,60.2548828125,60.294099384471956,58.48037593959751,59.32350979760576,4651200
2024-03-07,59.43135070800781,60.67644876037652,59.07840905664056,60.6568404753119,3659300
2024-03-08,59.5391960144043,59.784293974486594,58.85292097819425,59.46076661192496,3058700
2024-03-11,59.26469039916992,59.60782606413563,58.33331735725097,59.470571798149344,2574800
2024-03-12,61.07841491699219,61.107829217265085,59.04900397338322,59.21567254193524,2915400
2024-03-13,61.215667724609375,62.42154928987182,60.921550908186525,61.26469031059504,5874800
2024-03-14,62.147037506103516,63.22546702315796,61.17645168873412,61.36272479007319,4970000
2024-03-15,62.67645263671875,63.539194790809255,61.333316820095284,61.80390446957143,17145800
2024-03-18,63.7254753112793,64.85292752428437,62.58822082455086,63.28430193565839,6886700
2024-03-19,65.3529281616211,65.6372352326506,62.58821954102986,63.44115945361001,5480100
2024-03-20,65.8235092163086,66.62743024639956,65.0293941992104,65.28429069865159,3537900
2024-03-21,65.72547149658203,66.61762420382266,65.2450815772986,66.31370511934895,3171300
2024-03-22,65.85291290283203,66.38232535224479,65.66664355418729,65.95095058313908,2196700
2024-03-25,66.79409790039062,67.2254727328067,66.14704313156318,66.42155166862916,3696800
2024-03-26,64.58821105957031,67.15684034657464,64.56860651408304,66.71566701504841,3471900
2024-03-27,65.31370544433594,65.58821395592119,64.70585982597147,65.12742860584768,2595400
2024-03-28,66.36272430419922,66.51958310499498,65.08821195367744,65.09801796616341,2571800
2024-04-01,68.77449798583984,68.81371456209826,65.58822409286606,66.27449547789541,3718100
2024-04-02,67.2548828125,68.19605813848302,66.57841748807893,68.13723701804552,3194800
2024-04-03,70.59803009033203,71.58822062594373,67.81371291784049,67.81371291784049,5367400
2024-04-04,69.3136978149414,71.69605020692913,69.09801790026827,71.00977893343304,4514700
2024-04-05,71.3431167602539,71.64704334185613,69.35292235850181,69.60782635216268,3256300
2024-04-08,72.36272430419922,72.39213486465884,70.71566560028992,70.88233790922227,3315500
2024-04-09,71.3431167602539,73.2744900403138,69.9901786027556,72.7352789719427,3186900
2024-04-10,71.74507904052734,73.25488345356695,70.22546861421313,70.5293951873539,5151200
2024-04-11,73.12742614746094,73.37252411547864,71.29409813375817,72.23527343337061,3657200
2024-04-12,72.4803695678711,74.61762409411179,72.09801734581944,72.86272178992274,4281300
2024-04-15,71.51958465576172,75.03919539453857,71.21566556648945,73.13723275375901,3903000
2024-04-16,73.05879974365234,73.44115945898292,71.09801597997111,71.64704052006344,3125800
2024-04-17,71.9803695678711,73.09801570544278,68.97056681497253,72.87252976319039,4217000
2024-04-18,69.1372299194336,72.61762397626177,69.06860278917652,72.20586119471932,4119400
2024-04-19,68.59801483154297,70.04899049392877,67.75487729267185,68.90193389330031,3986800
2024-04-22,69.00978088378906,70.17644956463431,68.67645124914534,69.1274305970848,2871600
2024-04-23,70.08821105957031,70.76468382764979,69.22546892679067,69.46076087576762,2800300
2024-04-24,71.1862564086914,71.94115488006454,69.96076653452965,70.41174591064559,3193300
2024-04-25,71.43135070800781,71.55879895563598,69.81370266139142,70.16664432537304,1809400
2024-04-26,71.38232421875,71.76467642051455,70.37252186640796,71.5686010533825,1681800
2024-04-29,72.49996948242188,72.65683575826668,71.24506919484632,71.56860027892944,2151600
2024-04-30,71.64032745361328,72.95148431464897,71.51217214829344,72.2515453001311,2963400
2024-05-01,72.6163101196289,73.6514280862839,70.48691169457896,71.90651064461225,2253300
2024-05-02,74.06547546386719,74.67669335143889,72.1825422884545,73.24724150372398,2097900
2024-05-03,75.56394958496094,76.57935433749813,73.88803232936411,74.43024240173534,4253100
2024-05-06,76.78636932373047,77.27928478094856,75.27804922805,76.66806690633265,4249100
2024-05-07,72.35999298095703,81.85354228855857,71.94594578851682,76.7469376845829,8170300
2024-05-08,74.74569702148438,77.04268477701724,72.82332981398254,73.03035339622944,5877400
2024-05-09,80.60153198242188,81.28175015090237,74.87384965925621,74.89357048807736,5891300
2024-05-10,82.46475982666016,83.2632804830997,81.42963432874035,81.64651833945064,5319900
2024-05-13,81.29161834716797,83.24356691623198,80.28607409851226,82.89852007046348,3775500
2024-05-14,80.91699981689453,82.06055971787973,80.28606866022146,80.73954995899945,4112800
2024-05-15,83.29285430908203,84.78146113970642,81.8338287246485,81.8338287246485,3448100
2024-05-16,81.75495910644531,84.35755215296045,81.60708296308337,83.79562882521952,3194100
2024-05-17,81.1338882446289,83.10555009726832,80.84799637344102,81.77467232970226,2913500
2024-05-20,80.32550811767578,82.11972012353881,79.51712704956812,81.56764968391646,3271200
2024-05-21,81.85354614257812,81.87326697436185,80.13820232077911,80.13820232077911,2508600
2024-05-22,79.92131042480469,81.33104890670597,79.01434780574323,81.10430449129419,3748000
2024-05-23,79.94103240966797,81.6465233539417,79.08336425082948,81.21275530588034,3333800
2024-05-24,84.78146362304688,85.23494496777772,78.31441485117254,80.30579010597268,3639500
2024-05-28,82.66192626953125,86.33907913878394,82.22816575228194,85.23494573217202,3167100
2024-05-29,82.3464584350586,83.09569206652334,81.06488270684325,82.28731098459593,2596700
2024-05-30,83.44072723388672,83.54916923518745,81.39019714548213,82.33659391213973,2085100
2024-05-31,79.85231018066406,83.62804467703307,76.56949117923742,83.48016852429166,7793300
2024-06-03,77.22999572753906,79.65514656852513,75.52451233601278,79.48754958495094,4984900
2024-06-04,76.72722625732422,78.64959364173781,74.83443259862568,76.88495530156905,4322700
2024-06-05,80.39452362060547,80.82828415994928,77.17085193594603,77.17085193594603,4141400
2024-06-06,76.72722625732422,81.47893123540953,76.09629503775804,80.21706879627718,4747600
2024-06-07,76.78636932373047,78.12709996906712,76.23430641845997,76.41175628391021,2966400
2024-06-10,78.83690643310547,79.07350376762253,76.40190265476595,76.59906584664787,3880000
2024-06-11,79.90159606933594,79.92130937762556,77.69332947626013,78.04822919581544,2851700
2024-06-12,79.16222381591797,81.24232760446593,77.81163278314496,80.54238105081846,2910200
2024-06-13,78.25525665283203,79.88187919444037,76.66806825104794,79.85230546989546,2802500
2024-06-14,77.52574920654297,77.85107524152019,76.9145312791276,77.71305950328022,2393100
2024-06-17,77.43702697753906,77.75249259228359,75.97799380853716,77.09198011532082,3680300
2024-06-18,78.78760528564453,79.12279170936526,76.66806730434485,77.02296703708772,3623400
2024-06-20,79.5762710571289,80.54238112241809,78.24540085298156,78.99462691793849,2806300
2024-06-21,78.88618469238281,79.46782882991138,77.76233807686557,78.97491338376197,9244900
2024-06-24,80.40436553955078,81.48878554311032,78.31440885187496,78.63972733164996,4374900
2024-06-25,81.10430145263672,82.55347401863193,80.04946273446149,80.7691225708299,2999500
2024-06-26,78.39327239990234,81.14374160261933,78.2256829465799,80.81842311125608,3751300
2024-06-27,77.54546356201172,78.90590752016713,77.2201375542051,78.39327123126705,2733200
2024-06-28,76.75679779052734,78.24540461977641,76.52020047027165,77.5060314128458,6940800
2024-07-01,76.74694061279297,78.14681880519329,76.17515683686827,77.71305828664138,2607600
2024-07-02,76.78636932373047,77.56517664869021,76.22444600335358,76.38218255988399,2016300
2024-07-03,78.29469299316406,78.52143742320303,76.34275190540835,76.80609365974942,1289800
2024-07-05,76.06671905517578,78.85661490339449,75.81040090442768,78.73832000404398,2091600
2024-07-08,77.45674133300781,77.66376494035599,76.08643684535068,76.55963903449909,1884900
2024-07-09,78.136962890625,79.73400420961346,77.1116978041681,77.51588458097996,2541600
2024-07-10,78.03838348388672,78.84676458142313,76.66807151093147,78.62002014811587,1726300
2024-07-11,78.50171661376953,78.73832145943031,77.63418807689334,78.03838238059383,2276700
2024-07-12,78.79747009277344,79.36925386309485,77.51588681740384,78.54115193344083,1870700
2024-07-15,74.32179260253906,78.51157402073817,73.5922798262735,78.51157402073817,3501800
2024-07-16,75.34705352783203,76.30331067301788,74.52881210243666,74.77526981939002,2484100
2024-07-17,71.51217651367188,74.27249860292423,71.30515292107494,74.21335115398027,4824800
2024-07-18,72.58673095703125,73.34582500899106,70.81223973985405,72.29098618148173,2779300
2024-07-19,73.84860229492188,74.30208364300026,72.56701901287477,72.96135290898876,3455900
2024-07-22,75.76110076904297,76.027279315564,74.16405957508732,74.29221488037616,1704100
2024-07-23,75.52450561523438,76.36246037336323,74.98229561340771,75.45549775330124,3089300
2024-07-24,73.13880157470703,75.67238684955937,72.99092542595201,75.04145563474509,2495900
2024-07-25,72.05437469482422,73.93731526718227,71.51217222897381,73.4246865240319,2921300
2024-07-26,72.66560363769531,74.0654818820646,72.05438569715808,73.39511648709576,2006100
2024-07-29,73.27681732177734,73.89788812111429,72.64588610684329,73.28667021608108,1418200
2024-07-30,72.29097747802734,74.18377089031796,71.92621735867544,73.68099505473398,1632400
2024-07-31,74.10491180419922,77.35815699591095,73.57256218075766,76.01742628234555,4500200
2024-08-01,72.85400390625,75.92675630003214,72.44760379195213,74.3408203125,2337700
2024-08-02,69.384765625,72.68549986183643,68.57197295874357,71.99164766818285,4472200
2024-08-05,68.2845230102539,69.32529755204273,64.53774675955744,65.85605916253273,3751700
2024-08-06,70.56431579589844,71.86279982801445,68.77021868538714,68.83960315514128,3804900
2024-08-07,71.43656921386719,72.7846166419742,71.27797940238702,71.93217466354362,4235200
2024-08-08,77.28472137451172,77.95874514387572,72.30883801652884,73.16128006491093,4501700
2024-08-09,79.5843276977539,79.7528317434768,75.64921903532743,77.00718075269643,3767100
2024-08-12,79.16802215576172,79.92133704103033,77.29463404497358,79.66362763612557,3414200
2024-08-13,81.14053344726562,82.1515653445994,79.29688037359242,79.90151969142825,3057400
2024-08-14,81.65595245361328,82.00288232372759,80.06010227550829,81.46762752215768,2534500
2024-08-15,82.022705078125,82.60751590132713,80.88281098753214,81.48745026439428,2973200
2024-08-16,82.05243682861328,83.1130321857149,81.05131170537227,81.96323147782239,2529000
2024-08-19,81.6163101196289,82.15156496717232,79.9411686718239,82.05244537962868,1564200
2024-08-20,81.19999694824219,82.03261805547658,80.81342529349239,81.54691925861519,1344700
2024-08-21,82.022705078125,82.82558351755142,80.81342652440071,81.19999818503857,3486000
2024-08-22,81.130615234375,82.47866273949296,80.96211118682012,82.12182619035353,2093200
2024-08-23,82.76612091064453,82.93462497059083,81.28921859508344,81.63614094271993,3005500
2024-08-26,83.01392364501953,84.62959489919065,82.54805325160443,82.80577023649491,3480500
2024-08-27,82.865234375,83.3509256257849,82.03262080222588,82.46874848029542,1812100
2024-08-28,79.56449890136719,83.26171903848144,79.23740503823676,82.85531892277551,2885300
2024-08-29,81.89385223388672,82.25068878445751,79.33652614224252,79.81230316811059,1883800
2024-08-30,84.2628402709961,84.42143008172259,82.23085491204381,82.27050425531017,2503800
2024-09-03,79.049072265625,84.05469052493572,78.80126953125,84.05469052493572,2872900
2024-09-04,78.43452453613281,80.63501418935294,78.27593470687417,78.95987272404795,1993900
2024-09-05,77.83979797363281,78.87065831255318,77.3739275975271,78.55347109768074,1526700
2024-09-06,75.83755493164062,78.9003932595771,75.6888717707329,77.84971203055133,3207500
2024-09-09,77.23515319824219,77.38383634895412,75.46088474104852,76.6998983930827,2483600
2024-09-10,77.25498962402344,77.76050180133623,76.69990630823887,77.61182619762069,1239200
2024-09-11,79.36626434326172,79.41582791812004,76.63051987008927,77.50279038862124,2340800
2024-09-12,79.0986328125,80.36738155400549,78.86073675171346,79.36625642796109,1794600
2024-09-13,80.3277359008789,80.6746582192068,76.80893402072891,78.05786192904871,2250700
2024-09-16,80.07002258300781,81.29912209347171,79.56450286052149,80.17905639692329,2381700
2024-09-17,80.60527038574219,82.10200096777209,80.06010136377594,80.62509127638684,2140300
2024-09-18,81.22972869873047,83.33109848955772,80.52596988047833,80.5854476757476,2735300
2024-09-19,81.11079406738281,82.72646519770178,80.5358898999051,82.27050906697998,1968400
2024-09-20,86.3245620727539,86.39395410236914,81.74517210789342,82.76611822452094,6334000
2024-09-23,87.2265625,89.77397430688143,85.7595669850707,87.05805845558643,4285300
2024-09-24,87.14726257324219,88.1384734966749,86.51288818723239,87.78163695925198,2103700
2024-09-25,88.4556655883789,88.92153595816659,86.56245655219239,87.33559990531252,2437500
2024-09-26,89.78388977050781,92.35112250407424,89.15942203138344,90.3191445916118,4386100
2024-09-27,90.41826629638672,91.18149541925919,89.4270553219687,89.6748580655732,2077200
2024-09-30,90.29931640625,91.31035581434442,88.79267908344389,90.39843598919235,2715600
2024-10-01,91.83570098876953,92.09341796714037,89.10987072908438,90.01186880987258,3493900
2024-10-02,91.67709350585938,92.63856928340432,91.06254759122659,91.19140228505692,2229200
2024-10-03,93.22339630126953,93.76855780641738,91.99428923317758,92.35112579328948,3029500
2024-10-04,94.511962890625,95.35449068851504,93.08462426017414,93.65952086574629,2488400
2024-10-07,93.46128845214844,95.55274431982785,92.01412126316922,94.73995158184391,2307700
2024-10-08,92.7376937866211,93.98662169736681,92.35112212225636,93.64961360529064,2039500
2024-10-09,87.7816390991211,92.52954044558493,86.61200987846468,92.44033509022422,3062700
2024-10-10,86.830078125,88.0096215811197,86.73095854199133,87.04814574502275,1831800
2024-10-11,88.961181640625,89.05038699507713,84.87738985568285,86.27500090748072,2596200
2024-10-14,89.28828430175781,90.26958102602045,88.68364501652037,89.46670257547278,1989000
2024-10-15,88.3565444946289,89.4468750397062,88.22768979208851,89.05038914267641,1925200
2024-10-16,90.4876480102539,91.08237306435043,88.81249909448225,89.20898498465972,2048100
2024-10-17,85.24414825439453,92.00420715067966,85.21441313358251,91.26079888101924,2428600
2024-10-18,85.57124328613281,86.38403596413687,84.74853638115546,85.28379120262244,2102800
2024-10-21,85.69017791748047,86.30473138815033,84.4809069910742,85.69017791748047,1713900
2024-10-22,84.55030059814453,85.22432437484423,83.35092864359528,84.71880465173453,1819700
2024-10-23,86.95893859863281,87.22656222348012,84.153809839439,84.153809839439,4910300
2024-10-24,88.49530792236328,88.77284576432737,86.6516550437858,87.30585786756316,2869700
2024-10-25,86.76069641113281,89.3576719173898,86.5128936645856,89.22880964928785,3079000
2024-10-28,87.95015716552734,88.10874699637098,86.92920346217295,87.3356036104509,2017900
2024-10-29,87.32568359375,88.29707365675362,85.40273948408563,87.1670937734197,2715600
2024-10-30,87.67259979248047,89.17924457326332,86.8499005049405,88.0789998854347,2137500
2024-10-31,89.60547637939453,90.21011569753243,87.32568804257883,87.5734907938701,2187500
2024-11-01,86.34752655029297,89.8723226612112,85.62065866102479,89.51386830439748,2685000
2024-11-04,87.67181396484375,88.64760045130919,84.8838373816924,85.33190151983725,3032900
2024-11-05,90.85806274414062,91.12689969686868,87.75146104210401,87.75146104210401,2211800
2024-11-06,91.99317169189453,92.60055226610113,90.44982611547609,91.12690572623302,2474000
2024-11-07,95.98594665527344,96.93186320043208,92.56071962614118,93.34732734953492,4031900
2024-11-08,95.72705841064453,102.39827750038147,94.33307017792534,99.32155332934114,4780800
2024-11-11,93.87505340576172,98.93323594040497,93.41703007970548,98.12671743111302,3411200
2024-11-12,92.26201629638672,95.28895239633407,89.98185124742373,93.09840473532935,2968700
2024-11-13,92.0827865600586,94.3729031244922,91.66458475557504,92.5806389779735,2726400
2024-11-14,91.24639129638672,93.79539326610548,90.8978961203119,92.20226703503126,2878500
2024-11-15,91.79402923583984,92.52088949596782,90.8381535259713,91.22647779571086,1995100
2024-11-18,92.8295669555664,94.09410877864798,90.7883689645753,91.84381367974377,2707900
2024-11-19,94.45256042480469,94.81101476998089,91.26630801948842,91.60484401402985,2787400
2024-11-20,94.114013671875,95.79675720260785,93.44689328389649,95.0201086796926,1856900
2024-11-21,96.47383880615234,97.05134942137505,93.99453594672194,94.54216903636427,2477800
2024-11-22,95.06990051269531,97.34010630967782,94.13393554155779,96.81238396522794,1800900
2024-11-25,91.47540283203125,97.11108805725621,91.12690007426951,96.13530160607272,4385200
2024-11-26,100.72550201416016,101.01424972342308,92.01308494498184,93.10835871435359,4662500
2024-11-27,98.46524810791016,101.10386737520201,97.80808688318973,100.825071243707,2037200
2024-11-29,101.17356872558594,102.69699590516895,99.09254167361553,99.46095519674427,1647400
2024-12-02,98.97306060791016,102.05974402997968,98.69426447382483,101.44240430691582,2114700
2024-12-03,98.6843032836914,101.83072649978736,98.63451500506777,100.24755951500208,1731700
2024-12-04,100.49649047851562,102.44807106639863,99.65014287816906,100.1679060559237,2401500
2024-12-05,100.84498596191406,101.8606091627157,99.31159958178472,100.07829657016197,1858700
2024-12-06,98.83366394042969,101.52206395332222,98.24619413818094,100.90472422151633,1433500
2024-12-09,95.65736389160156,98.9332337342165,94.14389587388854,98.79383566403077,2370500
2024-12-10,93.3274154663086,95.5378737700346,92.9590019507085,95.11967957175872,2235600
2024-12-11,95.06990051269531,95.73702092561781,93.22784049986083,94.4226908538582,1835200
2024-12-12,94.73135375976562,97.369972990609,94.73135375976562,94.84088189514354,1793500
2024-12-13,94.5720443725586,96.72276277043856,94.55212602263279,95.08980752125896,1432000
2024-12-16,93.77548217773438,96.48380055922672,93.75557142344034,94.70148798322073,1636200
2024-12-17,91.02733612060547,93.23780211658647,90.28055747853759,92.95900597234115,2122000
2024-12-18,88.42854309082031,91.62475466796292,88.39867316152575,91.36587688299339,2281200
2024-12-19,88.86665344238281,90.56930773959988,87.62202244178921,89.10562046744185,3260700
2024-12-20,90.0615005493164,91.23643257494814,87.34323056577972,87.55232767246522,6489600
2024-12-23,91.84381103515625,92.11265559232127,88.55798966690294,90.16107504470189,2496000
2024-12-24,92.63041687011719,93.2377974093983,91.70441109683817,92.37153149354864,727900
2024-12-26,92.44123077392578,93.32741504237762,91.91350844088551,92.4810598778604,1672900
2024-12-27,91.5550537109375,92.1524826707795,90.32038188073862,91.71437012599532,6117900
2024-12-30,91.75420379638672,92.18235718738289,89.92210291516179,90.52948348370577,1751000
