Price,Close,High,Low,Open,Volume
Ticker,NUE,NUE,NUE,NUE,NUE
Date,,,,,
2015-01-02,38.31698226928711,38.64534809486249,37.918255533665736,38.48898355803638,1359600
2015-01-05,36.854976654052734,37.957342206267874,36.722068749325715,37.92606870548322,2794900
2015-01-06,36.32334518432617,36.94098350796152,35.82298101717044,36.901893116603546,3926900
2015-01-07,36.65951919555664,36.948791601662904,36.51097455077882,36.69079269416407,1906100
2015-01-08,37.5507926940918,37.6211565741284,36.526610974276224,36.82370026118191,2660400
2015-01-09,37.355350494384766,37.61335246964178,36.99571408863798,37.55080545173488,1527100
2015-01-12,35.96370315551758,37.13643260624097,35.705701244803926,37.13643260624097,3323500
2015-01-13,35.69789505004883,36.33898710315285,35.38516590991735,35.869896375361755,2126700
2015-01-14,34.72061538696289,35.142798772710535,34.102977061414194,35.142798772710535,3226000
2015-01-15,34.56425094604492,35.35389057544207,34.50952380132303,35.0567982309477,2190200
2015-01-16,34.728431701660156,34.837888971371,34.251524161602624,34.618977414354966,2555700
2015-01-20,34.470436096191406,34.8378923671669,34.20461723722303,34.618980788812635,2443300
2015-01-21,34.40788269042969,34.7284286388704,34.22806452251469,34.32970191565113,2637300
2015-01-22,35.06462097167969,35.1818951484704,34.30625770429332,34.61116698506174,2495700
2015-01-23,34.24369812011719,35.35388351063838,34.23588123632142,35.3460636444375,2612800
2015-01-26,34.65807342529297,34.94734591838723,34.05607181689268,34.22807014614571,2584100
2015-01-27,35.04115295410156,35.4476994891477,33.66515182059578,34.470425024826696,4369600
2015-01-28,34.43133544921875,35.36169968737844,34.400061949850766,35.26788217167953,3137200
2015-01-29,34.18897247314453,34.37661049885923,33.56351735810428,34.321883362693534,3108800
2015-01-30,34.126426696777344,34.59551726331792,33.758970530797335,33.8371512977524,5037700
2015-02-02,34.56425094604492,34.68152510325225,34.01697651642024,34.29843210779326,3551000
2015-02-03,35.75260925292969,35.838609884437474,34.57206299220877,34.87697215307818,4619100
2015-02-04,35.572792053222656,35.82297408841116,35.29133651803432,35.29133651803432,3462600
2015-02-05,37.23807907104492,37.32407972891341,35.68225630823869,35.73698345735392,3850200
2015-02-06,37.738441467285156,38.19971526080024,36.83153063387992,36.85498427311441,5792000
2015-02-09,37.56644058227539,38.27007959128103,37.496076681374824,37.67589487647497,3335700
2015-02-10,37.3787956237793,37.46479327334911,36.68297368434862,37.38661250741108,1966400
2015-02-11,37.30061340332031,37.44916104005435,36.8237029573103,37.21461276782275,2294200
2015-02-12,37.800994873046875,37.97299622316717,37.49608555776566,37.74626771299161,2191300
2015-02-13,38.23098373413086,38.44207242425858,37.99643544304598,38.13716322473474,1902600
2015-02-17,38.05897521972656,38.270066852161285,37.69933894923993,38.246610238065315,1427400
2015-02-18,37.72279739379883,38.08243371016971,37.628979872659734,37.87134205080283,1394600
2015-02-19,37.63679885864258,37.84789052979823,37.23807213472995,37.480434326408165,1189500
2015-02-20,37.902618408203125,37.965165415279344,37.44134466943508,37.597709204720175,1308900
2015-02-23,37.527339935302734,37.7227948307991,37.25370427456983,37.53515681886438,1526100
2015-02-24,38.0355339050293,38.144988198238806,37.503896210235276,37.52734984952137,1883100
2015-02-25,37.30061340332031,38.051159523726966,37.081704863803,38.02770588946588,1732300
2015-02-26,36.94881057739258,37.527358669133925,36.83935625845931,37.433541107534914,1330700
2015-02-27,36.768985748291016,37.19116917339094,36.55007714967889,36.92535031118795,2135900
2015-03-02,36.84716796875,36.87062160835446,36.503165348386716,36.81589446100682,1680600
2015-03-03,36.862796783447266,37.15988609580553,36.60479487374091,36.76897628042393,1880600
2015-03-04,37.06607437133789,37.206802165473775,36.44061916540377,36.495346309522645,2660800
2015-03-05,37.24589538574219,37.26934902574442,36.60480337816337,37.05044043264118,1989000
2015-03-06,36.768985748291016,37.37098737688032,36.729895353168274,37.08171487408488,3017100
2015-03-09,36.894073486328125,36.94880063106264,36.651711268905494,36.72989205212459,2085500
2015-03-10,36.096614837646484,36.62043559794862,35.9167966609474,36.4249806690489,3252200
2015-03-11,36.3389778137207,36.46406884131471,35.91679447718892,36.002795117860806,1886500
2015-03-12,36.88625717163086,36.909710810478295,36.448437024575604,36.66734858930611,1944200
2015-03-13,36.581336975097656,36.878426252825825,36.23733446892104,36.878426252825825,2147300
2015-03-16,36.980072021484375,37.011345525944975,36.19825230440265,36.62043566740412,1731600
2015-03-17,37.06607437133789,37.19116541252471,36.64389098893023,36.84716579486236,1450100
2015-03-18,38.5202522277832,38.684433628764204,36.62824723619488,36.75333825347637,3547300
2015-03-19,36.04188537597656,37.66025184449266,35.53370438299439,37.41788965699843,7759300
2015-03-20,36.854976654052734,37.0895219451273,35.893338872963376,35.893338872963376,7469300
2015-03-23,37.24589538574219,37.48044073298221,36.9644397760918,36.98007653022859,1944000
2015-03-24,36.76115798950195,37.324069056478166,36.71424773978557,37.1911581734843,2194600
2015-03-25,36.55788803100586,37.230253453340595,36.550071146227644,37.230253453340595,2955200
2015-03-26,36.83152389526367,37.097342693442215,36.58915873202859,36.737706373084556,2408500
2015-03-27,36.64397048950195,36.722773524656546,36.163264159086886,36.52576293062697,1840600
2015-03-30,37.29804611206055,37.49505670084732,36.84885920397513,36.99858917538461,1719400
2015-03-31,37.455650329589844,37.58961908654732,36.683369220398006,37.179836721358065,2508100
2015-04-01,36.49424362182617,36.99859026296276,35.926852147475955,36.911905120365574,3773100
2015-04-02,37.24288558959961,37.32169163982038,36.17902946383843,36.58092979846233,2166900
2015-04-06,36.83309555053711,37.40048391808547,36.78581193401534,37.27439728016999,2335700
2015-04-07,37.045875549316406,37.219245856354526,36.7621827825406,36.95919340194083,1527900
2015-04-08,37.5029411315918,37.67631143632921,37.061636267779946,37.38473355906293,2269900
2015-04-09,37.66054916381836,37.739352205852214,37.03011580911744,37.29016825274385,2173600
2015-04-10,37.99940872192383,38.14125660647985,37.471418705822316,37.5817441702229,1845500
2015-04-13,37.32167434692383,37.91270592208125,37.25862953595885,37.84178201281668,1971000
2015-04-14,37.67630386352539,37.826030819976374,37.140434853084294,37.52657390093157,2117900
2015-04-15,38.23582077026367,38.54315685069283,37.80239801565478,37.96788621186379,2541500
2015-04-16,37.33746337890625,38.22794945143931,37.31382005410096,38.22794945143931,2240400
2015-04-17,36.57304382324219,37.037988910664325,36.289348108049985,37.02222770358222,2603800
2015-04-20,37.33746337890625,37.47142919284432,36.73854925291033,36.73854925291033,1916200
2015-04-21,36.888267517089844,37.64478753429272,36.83310478705276,37.26652752569128,1610500
2015-04-22,36.89615249633789,37.06164071281157,36.56517606339054,37.045879500841146,1894000
2015-04-23,38.15700912475586,38.32250030284085,36.43907956827615,36.777935012953236,3339200
2015-04-24,37.912723541259766,38.60620175344435,37.723592026611804,38.34614629657134,2596000
2015-04-27,38.29887390136719,38.83474317623324,38.18066930041235,38.18066930041235,2607300
2015-04-28,39.055389404296875,39.08690882125968,38.36191112667198,38.38555144093001,2931900
2015-04-29,38.763797760009766,39.05537556118023,38.38553783523629,38.57466930069436,2005800
2015-04-30,38.503761291503906,38.921422900753086,38.33827306966675,38.53528371646639,3100400
2015-05-01,38.61407470703125,38.92929284587236,38.16489081317559,38.8504868080906,2214400
2015-05-04,38.78744888305664,38.960816171318065,38.56679496122978,38.81896829519482,2376500
2015-05-05,38.53527069091797,39.25238908262521,38.42494224084211,38.92140974468339,1763400
2015-05-06,38.29097366333008,38.9529292842177,38.14912581555825,38.74015751255997,1847800
2015-05-07,38.34614181518555,38.40130454089797,37.692068207676954,38.030923662991924,1235200
2015-05-08,38.53527069091797,38.92140974468339,38.487987069456885,38.8583679222115,1719100
2015-05-11,38.55891036987305,38.71651943269729,38.33825948560481,38.6140730909401,1600600
2015-05-12,38.086082458496094,38.58254689949029,38.07820035274807,38.52738418382427,1890600
2015-05-13,38.42494583129883,38.669240055793814,38.180654612947016,38.23581734006795,1448700
2015-05-14,39.0869026184082,39.126307144109965,38.65347989097806,38.79532776630331,2588300
2015-05-15,38.86625671386719,39.228755550361186,38.81109397814608,39.118430078918976,1237500
2015-05-18,38.653472900390625,38.87412678107028,38.45646233208471,38.692874412823265,1177900
2015-05-19,37.78662872314453,38.558909813074294,37.62114056233304,38.45646347279646,1955800
2015-05-20,37.87331008911133,38.04667733293938,37.58961440957497,37.67629953456024,1278200
2015-05-21,37.644771575927734,37.99150901862101,37.44776105041386,37.93634631196849,1355600
2015-05-22,37.904842376708984,38.09397389606494,37.195605942947076,37.60538839643204,1752100
2015-05-26,37.187721252441406,37.78663518369552,37.04587337430982,37.73147245399361,1337400
2015-05-27,37.67630386352539,37.74722779155856,37.0931512323479,37.156196059996425,1337600
2015-05-28,37.49505615234375,37.534457668296106,37.203478320781755,37.41625011429606,961000
2015-05-29,37.2744140625,37.62115472749006,37.266534959270196,37.40838286655814,1451600
2015-06-01,37.5029411315918,37.82603842287478,37.03799595573155,37.495062029623476,1721400
2015-06-02,38.93717575073242,39.07902362645513,37.52657910112505,37.62902545717884,3087700
2015-06-03,39.22087097167969,39.953750650953076,38.82684976803349,38.88989159742241,3568000
2015-06-04,38.66136169433594,39.24451139395672,38.44070777548682,38.88201260704183,1668100
2015-06-05,38.55104064941406,38.811096137548695,38.354030009121935,38.67713034509907,1155000
2015-06-08,38.23582077026367,38.74016746698264,38.141256516164724,38.511634430612034,1590900
2015-06-09,38.070335388183594,38.480117861094406,38.05457417697814,38.290986332772626,1335900
2015-06-10,38.53527069091797,38.70863795732284,38.35401831172192,38.511627377115985,1252600
2015-06-11,38.53527069091797,38.77168278593762,38.29097648925003,38.40130193318301,1159300
2015-06-12,38.29097366333008,38.4485827170924,37.83390770803361,38.385537893130405,1159700
2015-06-15,37.4320182800293,37.92060378217475,37.36897343787193,37.92060378217475,1420000
2015-06-16,37.8969612121582,37.960003044417036,37.1956039187223,37.29805027805418,1174100
2015-06-17,37.920597076416016,38.12548977105134,37.43201166067046,38.01516432292909,860900
2015-06-18,37.69994354248047,37.87331380948152,37.14831333432122,37.171953641223986,2501600
2015-06-19,37.4320182800293,37.7708767912663,37.298052499660194,37.51082132658247,2100800
2015-06-22,37.171958923339844,37.826035564593006,37.05375436588642,37.432014360795165,1820100
2015-06-23,37.904842376708984,37.97576632069953,37.08528047588257,37.290170199553295,1547200
2015-06-24,37.37685775756836,38.03881360866683,37.33745623196063,37.84968207714853,1445800
2015-06-25,37.2744140625,37.86544600748513,37.24289163729292,37.43202318239149,1435000
2015-06-26,36.736656188964844,37.642164635086885,36.696941490984216,37.28472629318681,2456500
2015-06-29,35.7517204284668,36.79226263253975,35.688177508620164,36.46659721447686,1996100
2015-06-30,35.005069732666016,36.109154731530246,34.87798087732993,36.06944003236972,2663900
2015-07-01,35.33867645263672,35.65639704521842,35.10832697773999,35.227471063694246,2210800
2015-07-02,35.1480598449707,35.47372536301069,34.687360656990975,35.338694723109555,1968100
2015-07-06,34.66352462768555,35.21953961450761,34.40140513806414,34.63175165014419,1721700
2015-07-07,35.036834716796875,35.14803706111091,33.551483490534196,34.361672864832656,3237100
2015-07-08,33.996307373046875,34.79061363423973,33.95659266599482,34.774727145411326,1922200
2015-07-09,34.12337875366211,34.70322166335932,34.12337875366211,34.52847643593974,1588500
2015-07-10,34.433170318603516,34.79060869136484,34.36962740235567,34.520544479727114,1264900
2015-07-13,35.06861877441406,35.25925055924592,34.3934567088708,34.766781580053106,1590700
2015-07-14,35.09244918823242,35.19570984567328,34.70323780559397,34.90975912047569,1060300
2015-07-15,34.56820297241211,35.0924448944508,34.32991174058314,35.0924448944508,1435100
2015-07-16,34.36168670654297,34.901815193676384,34.23459782898439,34.901815193676384,1591800
2015-07-17,33.908935546875,34.40934937447855,33.75801843761468,34.23460101530693,1898200
2015-07-20,33.50383758544922,33.916877195577804,33.432349902349316,33.885104218636094,1876000
2015-07-21,33.82155227661133,34.36167759041199,33.48000044065404,33.48000044065404,2949000
2015-07-22,33.50383758544922,33.74212885243629,32.93193612064997,33.41646341387846,3162200
2015-07-23,34.54437255859375,34.92563911125006,33.75800821058952,33.789781180820185,3993200
2015-07-24,33.86921310424805,34.59997632390902,33.718296029444254,34.512602164271975,3379400
2015-07-27,34.79060745239258,35.179818784435874,33.55943357231512,33.71829540233355,4301200
2015-07-28,35.34662628173828,35.608748784987256,34.95741490631827,35.275138601764716,3862200
2015-07-29,36.09328079223633,36.14888199639606,35.33074739515575,35.44989456409138,3012900
2015-07-30,35.624637603759766,36.347456241139184,35.291030400371504,36.06150850825132,2509400
2015-07-31,35.060672760009766,35.99795425363349,34.95741211273597,35.88675187812516,3127000
2015-08-03,35.370445251464844,35.38633173508772,34.592025734165276,34.95740576738074,1796600
2015-08-04,35.73583984375,35.80732752809773,35.38634315136649,35.55314673816522,1878700
2015-08-05,36.13299560546875,36.665179382143194,35.98207546638223,35.98207546638223,2220700
2015-08-06,36.29978942871094,36.52219416742191,35.9741240484396,36.0932681455902,2016800
2015-08-07,35.854976654052734,36.60162632279648,35.7278878000168,36.09326787661545,2321900
2015-08-10,37.086143493652344,37.102029976162065,35.68022160692727,35.982058714538596,2237400
2015-08-11,35.96617889404297,36.466592580662386,35.8152618273013,36.22830135895128,2386600
2015-08-12,35.537261962890625,35.71995203166931,34.82238514589771,35.656406079030916,2084500
2015-08-13,36.109161376953125,36.14093435414388,35.24336744375124,35.40222929966714,2025400
2015-08-14,36.78430938720703,36.92728469964562,36.029718133789316,36.125033998736136,2140600
2015-08-17,37.30061721801758,37.33239019219869,36.40305342268327,36.585743479168244,2082000
2015-08-18,36.90346145629883,37.27678630077624,36.776372598822725,37.094096257531675,1252300
2015-08-19,36.57779312133789,36.911403239095854,36.33950191153199,36.657225544631274,1742700
2015-08-20,35.592857360839844,36.641341168346145,35.5213696907809,36.593681711627745,2091800
2015-08-21,34.42522430419922,35.34661920035531,34.42522430419922,35.34661920035531,2745600
2015-08-24,32.916053771972656,34.37757756468787,32.40769819712184,32.68570723526967,3463200
2015-08-25,32.20116424560547,34.07572679018974,32.17733300645447,33.89303375352475,2862900
2015-08-26,33.02724838256836,33.074904808320206,32.272656997779215,32.96370244151623,3003600
2015-08-27,34.25843048095703,34.32991816689143,33.51178064341153,33.54355362161303,3527300
2015-08-28,34.401397705078125,34.647630652726185,33.5514904347297,34.131333514404226,2247100
2015-08-31,34.38551712036133,34.48877474772257,33.79772918213356,34.163109317498986,2322600
2015-09-01,33.384681701660156,34.04395716552728,33.09873104408102,33.40056818597422,2086800
2015-09-02,33.996307373046875,34.03602208009893,33.44823714363745,33.98042088421847,1547900
2015-09-03,34.059844970703125,35.37839291953443,34.04395848577297,34.41728330653873,4095200
2015-09-04,33.09873580932617,33.81361255619526,33.04313462124052,33.75006963982773,3412800
2015-09-08,33.80567169189453,34.178993531433925,33.17816909027635,34.178993531433925,5456400
2015-09-09,33.003421783447266,34.44111708665344,32.963707079720194,34.40140238292637,4897200
2015-09-10,33.22582244873047,33.6229754608547,32.93192703813189,32.97164173333691,3109300
2015-09-11,33.4561653137207,33.4561653137207,33.01929765312852,33.20198765555664,1506000
2015-09-14,32.35210037231445,33.36086989709308,32.16941025791119,33.32115518179473,2430500
2015-09-15,32.48712921142578,32.59038684984537,32.12969076679384,32.41564152249939,2518300
2015-09-16,33.07490539550781,33.51177314286665,32.781012988017295,32.88427362904159,2401200
2015-09-17,32.844547271728516,33.51970909485759,32.66980203671383,33.03518201815131,2127100
2015-09-18,31.9708194732666,32.45534666313324,31.78812943988097,32.37591423772392,2948100
2015-09-21,32.00259017944336,32.24088137873927,31.66103834943899,32.08996432619382,2433300
2015-09-22,31.081195831298828,31.597492933258135,30.76347220698768,31.36714648717145,2466500
2015-09-23,30.54901695251465,31.295666749745617,30.469587541337564,31.2321207967737,1917800
2015-09-24,30.68404769897461,30.85879299312129,30.16774748481446,30.31866456385876,4602900
2015-09-25,30.58873176574707,31.17651971265452,30.406041695366625,31.025602618871847,2732600
2015-09-28,29.676776885986328,30.29437504239605,29.484277527496562,30.262291306035507,3336400
2015-09-29,29.805097579956055,30.13394810498468,29.492288917083997,29.80509757995606,3106500
2015-09-30,30.1179141998291,30.382600405832594,29.69281544922452,30.24624607131387,2384400
2015-10-01,30.166048049926758,30.54302436412954,29.86928108963627,30.326463698077347,2791100
2015-10-02,30.47884750366211,30.55103437013665,29.652711300421384,29.909375034625747,3756800
2015-10-05,31.93861961364746,31.994764607198345,31.024254793335714,31.056338520985555,3402400
2015-10-06,32.01882553100586,32.11507671292702,31.2568568953355,32.002786727024976,4242300
2015-10-07,32.54820251464844,32.965278790690164,31.537586377427502,32.60434751564148,3091600
2015-10-08,33.093605041503906,33.26204307556638,32.395800819265276,32.45194581072858,2037200
2015-10-09,33.262046813964844,33.639019933348415,32.98934122777625,33.28610808167554,1751500
2015-10-12,33.10964584350586,33.37433198878281,32.84496275790137,33.37433198878281,1586200
2015-10-13,33.31017303466797,33.68714925543133,32.58028492318722,32.716639261203575,1786500
2015-10-14,33.31017303466797,33.751316722656256,33.05350928511473,33.48663050986328,1680700
2015-10-15,33.83152389526367,33.847565762495826,33.22996764258782,33.494650802735066,1559800
2015-10-16,33.81549072265625,34.00799011926415,33.382369375044064,34.00799011926415,2052200
2015-10-19,32.99736022949219,33.566832662660204,32.74871897370853,33.510687665568874,1748100
2015-10-20,32.788814544677734,33.24599687823426,32.60433773110862,32.74871142167091,1914200
2015-10-21,32.32362747192383,33.10966074054911,32.25144058706672,32.86903881091669,2257000
2015-10-22,34.16838455200195,34.32880012063068,32.395800014852114,32.51611245624178,2563100
2015-10-23,34.8902587890625,35.05869378682611,34.28870260304418,34.49724073460775,2757700
2015-10-26,33.991943359375,34.84214100129773,33.91173401412609,34.649644692047694,1720700
2015-10-27,33.99995040893555,34.2004691096815,33.558809879228974,33.927763554280105,2084800
2015-10-28,34.208492279052734,34.457133514932764,33.71922614955994,33.99995111254468,2166100
2015-10-29,33.935794830322266,34.26464546257547,33.80746295089842,33.92777236679201,1930100
2015-10-30,33.927764892578125,34.280679778002344,33.85557803507523,34.1202641991434,2865600
2015-11-02,34.922340393066406,35.235149101196996,33.77537309013904,33.91172434868918,2152600
2015-11-03,34.80202865600586,35.22712736456077,34.4571362118177,34.88223798004547,2974700
2015-11-04,34.2646484375,34.85016287943643,33.63902779377691,34.834121010656496,2379000
2015-11-05,33.91173553466797,34.280692420008975,33.69517488229623,34.19246366611599,1717600
2015-11-06,33.7673454284668,33.831512876496376,33.149750569379904,33.574849203722714,2032800
2015-11-09,33.51068878173828,33.8555812380286,33.12569319185739,33.759333105476614,2049300
2015-11-10,33.46257019042969,33.51069273254269,33.09361336274781,33.286112710219804,1631400
2015-11-11,33.061519622802734,33.671095039507165,32.80485596738275,33.655053178584396,1672600
2015-11-12,32.17122268676758,32.52413451888741,31.545605283568378,32.51611511665246,3717800
2015-11-13,32.58831024169922,33.04549277687721,32.17123084721388,32.179250251483005,1619700
2015-11-16,32.96527099609375,33.2139152700378,32.443924244476825,32.55621421991209,1620500
2015-11-17,32.51612091064453,33.06955155365309,32.39580843797284,32.55622404831067,1871300
2015-11-18,33.8234977722168,33.83953963771327,32.8289265888192,32.89309099113211,1700000
2015-11-19,33.53476333618164,33.983923464845915,33.43049270931005,33.743301530250925,1610500
2015-11-20,33.14174270629883,33.92777593284687,32.9893495396133,33.69517342079501,1878000
2015-11-23,32.612369537353516,33.406425137499184,32.540182664613006,33.08559391205838,1493600
2015-11-24,33.81549072265625,33.89569701976631,32.604358502119325,32.71664854194305,3136400
2015-11-25,33.398399353027344,33.75131427785431,33.26204808456094,33.63902121834472,1512100
2015-11-27,33.48662567138672,33.582873798643995,33.1016301026848,33.2540232258149,624100
2015-11-30,33.24600601196289,33.51068914426247,32.82892668682832,33.25402541489858,2900300
2015-12-01,33.81549072265625,33.855593871211276,33.24601805802214,33.4465368604714,1689800
2015-12-02,33.08558654785156,33.67912326490535,33.0294415548472,33.49464336255085,1818200
2015-12-03,32.788814544677734,33.334225584652565,32.43589971900451,33.31016126311074,1807600
2015-12-04,32.96527099609375,33.03745784596961,32.54819481866915,32.820897296342025,1751700
2015-12-07,32.32362747192383,32.61237501135226,31.898528627584096,32.61237501135226,1572300
2015-12-08,31.649871826171875,32.30757293719139,31.409249990864943,31.48945624940971,2304200
2015-12-09,32.0830078125,32.644461061153564,31.930614626873286,32.018840328231455,1818100
2015-12-10,32.90912628173828,33.24599927051469,31.96267782424737,32.02684527341331,2437100
2015-12-11,32.07498550415039,32.660499976581,32.01883743065955,32.419874992023566,2512800
2015-12-14,32.19527816772461,32.76475047392803,31.98674009068962,32.315590597338144,2434600
2015-12-15,32.219337463378906,32.54819100962914,31.99475753879045,32.41183672707758,2219300
2015-12-16,31.00821876525879,31.4894625318858,30.214163184683642,30.83978375290666,5216900
2015-12-17,30.855819702148438,31.104460941362316,30.270305443163362,30.647278532844204,3197100
2015-12-18,31.176631927490234,31.433295497765258,30.575076110969817,30.727472209344498,5750600
2015-12-21,31.866430282592773,32.0589295738761,31.321019193574518,31.44935103453926,3213700
2015-12-22,32.981319427490234,33.08559002245124,31.882477657998468,31.906538926192173,3209400
2015-12-23,32.91716384887695,33.847570871053456,32.62039384980107,33.414449569434964,3393400
2015-12-24,32.94120788574219,33.10162343865795,32.62839924037614,32.8930823019658,624400
2015-12-28,32.58028030395508,32.69257029600499,32.0990366066918,32.684550893575484,1760100
2015-12-29,32.7705192565918,32.948620894957756,32.41431906804199,32.85147595047728,1539100
2015-12-30,32.65719223022461,32.79481401656655,32.46289919800795,32.5681413857996,1965100
2015-12-31,32.62481689453125,32.997208611322435,32.487195077180296,32.66529371797661,1910800
2016-01-04,32.01765060424805,32.43052217239579,31.758595266195165,32.09051011108687,4029900
2016-01-05,32.349552154541016,32.406220293439894,31.944777969159325,32.300981228731665,3514500
2016-01-06,31.863828659057617,32.14716939171485,31.653344324927353,31.750492365994724,1631000
2016-01-07,30.236637115478516,31.25667001813916,29.9452022314724,31.240478676552826,5617100
2016-01-08,29.499942779541016,30.560452302307024,29.43518051296697,30.325682523589176,3400900
2016-01-11,29.257089614868164,29.807582979634628,28.98184293248493,29.742820689288514,3334300
2016-01-12,29.378522872924805,29.831868165536502,28.690404629494175,29.50805054055432,4248900
2016-01-13,28.836118698120117,30.009964721878948,28.77945054625848,29.637573127307437,3481100
2016-01-14,29.321853637695312,29.621385779086502,28.738977610613578,29.04660696803817,3819000
2016-01-15,28.455642700195312,28.771366250789175,28.107536455134458,28.560881824937454,3362300
2016-01-19,28.55277442932129,29.062790821571323,28.123714735624905,28.973739997253446,3265500
2016-01-20,28.318010330200195,28.658022356133305,27.4436994272833,28.01847820577507,3579000
2016-01-21,28.342296600341797,28.80374216745447,28.091338497734807,28.293725658254246,2826100
2016-01-22,28.625635147094727,29.030409392753455,28.35038853651949,28.85230773644524,2836000
2016-01-25,28.220863342285156,28.803739294665597,28.188480658667867,28.552778128905643,2326500
2016-01-26,29.58091163635254,29.856158330880533,28.5365930228625,28.601358404249492,3707000
2016-01-27,28.90088653564453,29.65376700409265,28.795644349683254,29.1032736919331,3327200
2016-01-28,29.661861419677734,29.95329942167356,28.253248527608513,29.95329942167356,3970000
2016-01-29,31.62906265258789,31.66144533682791,29.66185936365635,29.718527516985016,6027800
2016-02-01,31.718120574951172,31.75859739520103,30.762852793774037,31.33763167059895,3355800
2016-02-02,31.159523010253906,31.378098386856852,30.908561864422733,31.305238898595057,2949000
2016-02-03,32.309078216552734,32.390031825529604,31.143329571101766,31.55619791797537,2839600
2016-02-04,32.762428283691406,33.321015628428974,32.46289311976704,32.64909198952863,2907700
2016-02-05,32.317176818847656,33.38578375209873,32.11478968018799,32.49527848908661,2782700
2016-02-08,31.888132095336914,32.35767196055127,31.66145938147294,32.276715214039776,2598000
2016-02-09,31.499521255493164,31.880009908788043,30.99760222157196,31.507615378929028,2720300
2016-02-10,31.531911849975586,32.33336306334109,31.37000154693561,31.564294528220014,1624300
2016-02-11,31.046188354492188,31.321435008932678,30.52807773158842,31.17571601021813,2095000
2016-02-12,32.40624237060547,32.430530938239,31.28096986274725,31.72622115236383,2540800
2016-02-16,32.52766418457031,32.78671949898917,32.09860439909838,32.56814099841396,2450500
2016-02-17,32.99720001220703,33.25625840875045,32.746241919335624,32.82719554512971,2614200
2016-02-18,32.40624237060547,33.05388397897584,32.24433505669694,32.964833103415714,2544100
2016-02-19,31.888132095336914,32.276715214039776,31.66145938147294,32.26862108348068,2708700
2016-02-22,32.18765640258789,32.46290309650939,32.02574912584389,32.26051591239603,2662400
2016-02-23,31.49144744873047,32.0257494974623,31.47525610323152,31.871933259313963,2096400
2016-02-24,31.58858871459961,31.62097140178508,30.57665290142631,30.97333001080775,2957700
2016-02-25,32.1795539855957,32.1795539855957,31.402388139937585,31.523818566218978,2162100
2016-02-26,32.349552154541016,32.7219436639285,32.139070936942595,32.31716947854681,1851300
2016-02-29,31.84764289855957,32.300991238419755,31.637161615735536,31.82335742812912,2816900
2016-03-01,33.159114837646484,33.353407889291724,32.07431942907018,32.34956611746068,2172400
2016-03-02,34.19533157348633,34.25199972404128,33.361494480124286,33.474830781234196,2974300
2016-03-03,34.60819625854492,34.98058780460763,34.11437120963547,34.235804712482214,3967300
2016-03-04,34.7781982421875,35.49060169312962,34.16294282195253,34.77010411705293,3442800
2016-03-07,36.235389709472656,36.243486923901365,34.81058570008348,34.94011333730067,3646300
2016-03-08,35.87919235229492,36.38920881575842,35.65251974105902,35.733473362733925,3750100
2016-03-09,35.247745513916016,36.25158401232912,35.03726115612498,36.000625931817204,2827700
2016-03-10,36.421600341796875,36.48636263722264,35.18298862982981,35.296324962962494,2733700
2016-03-11,36.7373161315918,36.78588707088891,35.84681082355671,36.72112478909849,2944200
2016-03-14,36.55111312866211,36.955887346750586,36.17871850100224,36.46206230657349,2380300
2016-03-15,36.47016143798828,36.826364775234815,35.93585952030111,36.211106149908595,2126300
2016-03-16,36.82637405395508,36.923519039415815,36.01682530268767,36.203021144897164,3249400
2016-03-17,37.76543426513672,37.854481995464305,36.63206526476615,37.12589028509644,3108100
2016-03-18,37.80593490600586,38.34023706578307,37.51449680282119,37.85450586441395,3119200
2016-03-21,37.57114791870117,37.797820523497684,37.125896835772615,37.70067556261098,1804800
2016-03-22,37.71686935424805,37.93544784657917,37.1663760598251,37.18256740238846,1970300
2016-03-23,37.27970886230469,37.78162808181691,37.14208709573784,37.31209154438484,2518500
2016-03-24,37.6278190612793,37.67639308967556,36.850653136036414,36.88303582163392,1995700
2016-03-28,37.93544006347656,38.20258944050469,37.40923234676773,37.692576151219484,2637000
2016-03-29,38.55158615112305,38.5760675330748,37.50700256681468,37.7599882616658,2679600
2016-03-30,39.42478942871094,39.59616532294003,38.55974430869057,38.82088941792402,4989200
2016-03-31,38.60055923461914,39.326869482251915,38.56791530789277,39.318710057118416,3988300
2016-04-01,38.78009033203125,38.82905621279423,38.127227487336235,38.216996712187225,2414800
2016-04-04,38.09458923339844,38.992275389247965,38.029301382669566,38.690326862367094,2356200
2016-04-05,38.176185607910156,38.412849333145985,37.94768441835569,37.94768441835569,2049000
2016-04-06,38.53527069091797,38.55975207699839,37.833441901050804,38.22515964381706,1715100
2016-04-07,37.99665069580078,38.34756501953241,37.72734305117617,38.17618601245527,2165000
2016-04-08,38.592384338378906,38.96778000595315,38.372042590951864,38.46181179691417,2074000
2016-04-11,38.90250778198242,39.424801270421696,38.82090107824614,38.85354500497913,2827400
2016-04-12,39.245262145996094,39.49824790440371,38.804578481581345,39.20445879479387,2640600
2016-04-13,40.06133270263672,40.395925088950676,39.5798457942244,39.775706194720705,2846600
2016-04-14,40.24087905883789,40.2898418337711,39.849161293891896,40.142947282779346,2066900
2016-04-15,40.40407943725586,40.44488588734311,39.930755124575285,40.15925630220762,2167600
2016-04-18,40.68971252441406,40.75499724660139,40.17558171739677,40.273510357225426,2279700
2016-04-19,41.17937088012695,41.440516071442445,40.80397505674797,40.91822568881147,2894800
2016-04-20,41.03246307373047,41.39153993068511,40.632585990606735,41.301770716446455,2870600
2016-04-21,40.395931243896484,40.918221574005045,39.65329909706788,40.771327029525025,2591700
2016-04-22,40.43672180175781,40.92637116617635,40.110292005240396,40.110292005240396,2315900
2016-04-25,40.085811614990234,40.526495154128106,39.84915100005642,40.19190278843348,2533600
2016-04-26,40.40407943725586,40.47752668907983,39.70225394694294,40.33879472068736,3139900
2016-04-27,41.3017692565918,41.34257259441389,39.92259340130123,40.485690047769495,2255600
2016-04-28,40.75499725341797,41.70164907350756,40.640746654749535,41.05694882200778,2601000
2016-04-29,40.624427795410156,41.1385586417396,40.29799793332294,40.77132232293286,5645600
2016-05-02,41.048789978027344,41.13039977948441,40.33063929068326,40.591787542250245,2266000
2016-05-03,39.76755142211914,40.420414362737205,39.41663700783142,40.346967087349164,3838300
2016-05-04,39.57984161376953,40.02868455584274,39.02490750292062,39.408465727120785,3936600
2016-05-05,39.547218322753906,40.02054600483524,39.26159169604742,39.767560197540384,2480200
2016-05-06,39.865474700927734,39.955243926844496,39.07387985431627,39.50640091035633,2085000
2016-05-09,37.93136978149414,39.27790202406161,37.90688839591519,39.08204160014248,3288400
2016-05-10,39.10651779174805,39.13916171024824,38.004812003677664,38.15986594691044,2705100
2016-05-11,38.85353469848633,39.62881063071203,38.78824686233894,39.155483157929574,1917400
2016-05-12,38.71479797363281,39.31869798019524,38.53526265797526,39.15548150979227,2086500
2016-05-13,38.404701232910156,38.837222358679945,38.24148471521148,38.58423660059218,2309300
2016-05-16,39.01674270629883,39.4166197200655,38.592381202744114,38.592381202744114,2028600
2016-05-17,37.99665069580078,39.01674975011475,37.81711226605104,38.87801465991851,3935900
2016-05-18,37.4254035949707,38.33941169557814,37.25402765981231,37.75183350292536,1903900
2016-05-19,37.98033142089844,38.07826006536515,36.984713677351166,37.09080485816247,2335000
2016-05-20,37.97216796875,38.33940426801261,37.841595408245006,38.25779758510776,1701200
2016-05-23,38.21697998046875,38.486284424022344,37.564114308508266,37.72733072649839,1794700
2016-05-24,38.486305236816406,38.657681167491056,38.20067868569199,38.43733935101111,1911800
2016-05-25,39.49007797241211,39.60432857962517,38.469978817873276,38.665839225306776,2372900
2016-05-26,39.5880126953125,40.436736069288735,39.44112125856281,40.17559089469544,1939200
2016-05-27,39.49007797241211,39.710419763363966,38.91882182325125,39.51455935593046,2704000
2016-05-31,39.5880126953125,40.012374382300614,39.277904746167984,39.669622508057934,2357000
2016-06-01,39.824668884277344,39.88995672201709,39.09835881144766,39.2289313738317,1866900
2016-06-02,40.11846160888672,40.11846160888672,39.4900801219156,39.59617131142909,1868700
2016-06-03,40.70603942871094,40.73052081336857,39.889960067102194,40.24903386549558,2626000
2016-06-06,41.14672088623047,41.21200873098137,40.64075254179415,40.71419981059102,2112400
2016-06-07,41.10591506958008,41.334419399380636,40.91005777328885,41.0161458449901,2119400
2016-06-08,42.24026870727539,42.42796971027965,41.571083843046964,41.60372776644735,3064200
2016-06-09,41.2528190612793,41.79959395779881,41.097765073389795,41.766950029896925,2969300
2016-06-10,41.211997985839844,41.49762444941461,40.820280358753756,40.95085290111578,2523700
2016-06-13,40.78765106201172,41.49763932097621,40.77949163716904,41.399710657383615,2977800
2016-06-14,40.4122428894043,41.01613976201845,40.15109779101518,40.88556721282389,1895600
2016-06-15,41.17121124267578,41.34258718988773,40.510185729448835,40.92638801621639,3197400
2016-06-16,41.334415435791016,41.367056239979206,40.648908738314304,40.88556935588133,2178400
2016-06-17,41.089603424072266,41.73430700515294,40.98351532573978,41.465002376875226,3038400
2016-06-20,41.86487579345703,42.31371887510374,41.67717789069918,41.74246574196943,2320000
2016-06-21,40.795799255371094,41.84037960132072,40.53465105578869,41.832217066252056,3880700
2016-06-22,40.45305633544922,41.19568847826232,40.3224837536281,41.08143785830583,3564800
2016-06-23,41.211997985839844,41.211997985839844,40.40407823972199,41.040622107694986,3166000
2016-06-24,39.065711975097656,40.2571900201032,38.93513942246495,39.75121865469316,4073900
2016-06-27,37.792625427246094,38.763758465995856,37.62124644491806,38.69031122016808,3236000
2016-06-28,38.940364837646484,39.07200337961052,38.21635128758907,38.40558149550547,3246900
2016-06-29,39.4257698059082,39.68904996420447,39.343496914165996,39.4257698059082,2676400
2016-06-30,40.65165328979492,40.65165328979492,39.55740883717308,39.70549940480937,2364000
2016-07-01,41.112403869628906,41.408591384628494,40.55293926096536,40.594075718379635,2516500
2016-07-05,40.28143310546875,41.02190189504044,40.059292468597235,40.89848938394165,3385500
2016-07-06,42.025638580322266,42.05031982173551,40.44597322116778,40.50356487680525,4712300
2016-07-07,42.379425048828125,42.58511048092759,41.918691689572135,41.992738570668365,3398900
2016-07-08,43.76161575317383,43.86857301839745,42.683826483068664,42.78255457638535,3674100
2016-07-11,44.806514739990234,44.839425163077266,44.016683416965755,44.016683416965755,3465200
2016-07-12,46.3532600402832,46.59185584810984,45.39065077424577,45.45647160613312,5238200
2016-07-13,46.4190788269043,46.764631925431196,45.71974973343593,46.5754017370634,3009700
2016-07-14,46.723506927490234,46.962102799425075,46.221633934286224,46.59186836685565,2563200
2016-07-15,46.62477493286133,46.88805518857415,46.32859052989216,46.66591453246417,3015200
2016-07-18,46.813987731933594,46.82221376513295,46.24629414738588,46.44375346777409,2133100
2016-07-19,45.834930419921875,46.44376054019744,45.17673781591444,46.18048349859447,4326600
2016-07-20,44.50209426879883,44.872328624814166,44.02490262359901,44.822962997842055,5542300
2016-07-21,43.04582977294922,44.82295107041926,42.840144423063755,44.57612927825857,4505500
2016-07-22,43.37494659423828,43.57240285908462,42.88129965510094,42.93889132722368,2618200
2016-07-25,43.10343551635742,43.53948759639781,42.83193239774127,43.292665723516656,2213300
2016-07-26,44.189453125,44.205908334567894,43.111663575640684,43.111663575640684,2614800
2016-07-27,43.98375701904297,44.70777037144351,43.60529670653047,44.51854021518726,2748500
2016-07-28,44.27172088623047,44.36221981414917,43.646435593730274,44.016669893433054,3221400
2016-07-29,44.13185501098633,44.42804246290058,43.77807590325652,44.18122063247532,2392200
2016-08-01,43.835670471191406,44.22236001893602,43.572393416112966,44.13185794278217,2156700
2016-08-02,43.605316162109375,43.84391204152204,43.21040046782856,43.75340993977855,2170400
2016-08-03,44.02489471435547,44.04134992038993,43.35847613176275,43.47365943549435,1836200
2016-08-04,43.852115631103516,44.11539262585425,43.5312469899079,43.94261768651958,1723700
2016-08-05,44.05781173706055,44.07426694556403,43.720487809014536,43.8850367555392,1194000
2016-08-08,44.02489471435547,44.189443636190454,43.62997918505729,44.189443636190454,1848400
2016-08-09,43.43252944946289,43.81098982901572,43.358482580549506,43.78630858554796,1507800
2016-08-10,43.07052993774414,43.60531333785802,43.02939347739171,43.53949249048553,2846400
2016-08-11,43.07052993774414,43.44076435793754,42.78257157676636,43.251534129507746,2516500
2016-08-12,41.70476531982422,42.93887756434052,41.62249242559369,42.864830704129155,3193900
2016-08-15,42.42878341674805,42.68383443873941,41.64717828091267,41.94336575457746,2446400
2016-08-16,41.7376823425293,42.67560729473059,41.7376823425293,42.535742724687694,1722400
2016-08-17,41.56490707397461,41.75413727020357,41.367447703969056,41.58958831828397,2378500
2016-08-18,41.91045379638672,41.95981941968523,41.37567366728102,41.754134030373045,1789400
2016-08-19,41.17820739746094,41.63071455025534,41.07125013419735,41.48262084373943,3070800
2016-08-22,41.392127990722656,41.408583198137265,40.816208285250816,40.84088952711779,1594700
2016-08-23,41.16175079345703,41.94335574272378,41.104159147159315,41.671852715678725,2108300
2016-08-24,40.25674057006836,41.038345597995885,40.20737495176959,41.0054351857967,2446900
2016-08-25,40.223838806152344,40.676346086398176,40.06751902236133,40.24852005135347,2315100
2016-08-26,40.05928421020508,41.0465746799297,39.977011312107145,40.503565392357636,1819000
2016-08-29,40.676334381103516,40.79152081541938,40.00991584436356,40.00991584436356,1847000
2016-08-30,39.985252380371094,40.676355655171854,39.87006902432281,40.676355655171854,2824300
2016-08-31,39.911197662353516,40.09220183694125,39.63969453898236,39.771333082725135,3143700
2016-09-01,40.56114959716797,40.70101726445098,39.91118315066717,39.98523000075599,2700600
2016-09-02,40.339012145996094,41.41680457153398,40.125100750699566,40.95606823130589,2427600
2016-09-06,40.79153060913086,40.873803514885815,40.10042752985462,40.4130670825316,2263800
2016-09-07,41.112403869628906,41.112403869628906,40.42130071413338,40.561165297044006,2853700
2016-09-08,40.35548400878906,40.93140388716491,40.32257358407939,40.93140388716491,1933000
2016-09-09,38.52897262573242,39.993450984900186,38.52897262573242,39.97699578397027,3693100
2016-09-12,39.25299072265625,39.40108442302775,37.895469320596625,37.895469320596625,4360500
2016-09-13,37.862579345703125,38.77582327801875,37.64043867526059,38.660639924125064,3451400
2016-09-14,37.31132888793945,37.648652805591354,36.86705082607574,37.43474137865771,4593600
2016-09-15,37.53346633911133,37.72269650742912,36.974001868211,37.24550806960811,3029300
2016-09-16,37.63218688964844,37.94482631101755,37.17145065080242,37.45118280679664,3482500
2016-09-19,37.846107482910156,38.22456780449695,37.69801376776582,38.076474089352615,2460300
2016-09-20,37.9859733581543,38.14229625101715,37.76383591615609,37.99420253067852,3010100
2016-09-21,39.37641143798828,39.409321853525555,38.25748241780069,38.25748241780069,3562500
2016-09-22,39.38463592529297,40.248513898892014,39.33527344243635,40.02637644901756,2252300
2016-09-23,40.158016204833984,40.32256200410581,39.1213600937658,39.17895175121293,5321500
2016-09-26,40.248512268066406,40.47065284744981,39.84537069469297,40.03460086116556,3697700
2016-09-27,40.371917724609375,40.462419775116594,39.77954294929608,39.98522828644551,2447500
2016-09-28,41.230018615722656,41.254889925600885,40.56675732997588,40.682827659646655,2125300
2016-09-29,40.50873565673828,41.42901238088599,40.309755623403504,41.18028654854744,2100200
2016-09-30,40.99788284301758,41.23002353002854,40.39265664996782,40.6662505792765,2745700
2016-10-03,40.47555923461914,40.96471503703176,40.243418569975645,40.832062776852716,3005300
2016-10-04,39.48066329956055,40.35119390168171,39.42262813693108,40.251705503271076,2642600
2016-10-05,39.8371696472168,39.96153252606509,39.52211934009932,39.828880264543955,2297300
2016-10-06,39.7625617980957,39.96983120258454,39.571874325487585,39.65478398489119,2068100
2016-10-07,39.289981842041016,40.119059334087225,38.81740792458905,39.96982513250453,2361200
2016-10-10,39.571868896484375,40.069317296618976,39.49725179459817,39.54699758341553,1434100
2016-10-11,39.298274993896484,39.845466020575465,39.16562271963127,39.32314630698381,2065500
2016-10-12,39.17390441894531,39.55527923731429,38.98321700976082,39.348009901764314,3907200
2016-10-13,38.585269927978516,38.76766483831808,38.05466080211819,38.59355931189764,3182700
2016-10-14,38.8505744934082,39.18220361575231,38.73450414245377,38.86715642392738,2096900
2016-10-17,38.80082702636719,39.25681902657476,38.79253764280548,38.93347930211266,1912200
2016-10-18,39.091007232666016,39.34801924566555,38.726211091355985,39.2816946871327,3142400
2016-10-19,39.820587158203125,39.98640327343839,39.20707164331578,39.273396191802284,3102200
2016-10-20,40.094181060791016,40.53359104323379,37.55720323699965,39.5304082110596,5786600
2016-10-21,39.68793869018555,39.96982516421206,39.21536477235869,39.72939193228481,3547600
2016-10-24,39.53041458129883,40.06102366356921,39.44750809819893,40.05273428033106,1812100
2016-10-25,38.96664810180664,39.77085440447603,38.85057774114923,39.77085440447603,2818200
2016-10-26,39.248512268066406,39.348000640163015,38.568669260495994,38.93346206663577,1857800
2016-10-27,38.751075744628906,39.231938950801094,38.643294806321045,39.231938950801094,2674100
2016-10-28,39.47237777709961,40.04444007724617,38.66817164105691,38.75937066630045,2717400
2016-10-31,40.50044250488281,40.58335216865261,39.530423158878314,39.6879467760205,3179000
2016-11-01,39.6547737121582,40.86522596175714,39.406047961060935,40.7408630862085,3503600
2016-11-02,39.92008972167969,40.61651506736759,39.455805103661014,39.455805103661014,2752600
2016-11-03,40.44240188598633,40.64967127353268,39.98640986592033,40.00299179644562,2057100
2016-11-04,41.41242218017578,41.802086458530376,40.318040122021294,40.409239153980785,3393300
2016-11-07,42.55654525756836,42.730650755787956,42.108842694135674,42.15858531495307,3516600
2016-11-08,42.5897102355957,43.06228415698377,41.943030798470915,42.20833534512107,1893500
2016-11-09,47.771446228027344,48.52590665121394,44.960873917064994,44.960873917064994,9065600
2016-11-10,49.031646728515625,49.595419726195054,47.59734291940411,47.688541957658124,7220700
2016-11-11,48.708309173583984,49.39644510212275,47.796325075405925,49.12284797506129,4541100
2016-11-14,49.41301727294922,49.819266635730116,48.98189976013799,49.26378307133009,4010700
2016-11-15,50.018245697021484,50.034824463400646,48.42641529685781,48.58393887889647,4270100
2016-11-16,49.62028884887695,49.79439753361516,49.12284359651579,49.6119994651655,3335500
2016-11-17,49.288658142089844,49.76952144880913,49.12284200910124,49.62028724538736,2944100
2016-11-18,48.782920837402344,49.38814704045986,48.6419760160439,49.147713803405864,3053400
2016-11-21,49.4627571105957,49.56224551214662,48.88240230330336,49.247198380122164,2120900
2016-11-22,51.659820556640625,51.74272704219959,49.91875589578518,49.91875589578518,4699300
2016-11-23,51.825626373291016,51.95827862948068,51.01313090879441,51.28672796619268,2801500
2016-11-25,52.10750961303711,52.14896601022739,51.69297094256687,52.02460314401469,855100
2016-11-28,51.3779411315918,52.02462066323653,51.07947268231572,51.958292935539575,2721500
2016-11-29,51.09605026245117,51.419390000735085,49.22233322943586,49.985086219587544,3220700
2016-11-30,51.560333251953125,52.45573855106152,51.30332122781198,51.79247712358121,3445500
2016-12-01,51.36135482788086,52.23188562238463,51.12921096338129,51.89196395357154,2943400
2016-12-02,52.25675964355469,52.2733415749264,51.12921361171861,51.33648300984495,2059900
2016-12-05,53.97294235229492,54.04756261422458,53.01121260789357,53.08582970714366,3630900
2016-12-06,54.37089920043945,54.42064182196266,53.409166348598895,53.85686891838411,2844700
2016-12-07,55.34092330932617,55.64768426247728,54.4372318674887,54.64450124317906,3006900
2016-12-08,55.05903244018555,56.377262452536,54.934669566762665,55.622798992366754,3824900
2016-12-09,54.19678497314453,55.02586226694927,53.62471961630477,54.9263707145639,2949000
2016-12-12,53.14387512207031,54.66938125918816,52.96976957781715,54.63621739475512,3319400
2016-12-13,52.58837890625,53.76566727761052,52.27332861366482,53.40087752860324,3699200
2016-12-14,52.265037536621094,53.326255545428296,52.148967212242695,52.480596258655375,2942500
2016-12-15,52.12409973144531,52.513767154986596,50.582015128906136,51.23698709023055,5294400
2016-12-16,50.2835578918457,52.04949090927546,50.25039402867931,51.79247887643605,7583700
2016-12-19,50.184059143066406,50.57372657298128,49.4378913043515,49.852430046752986,2448700
2016-12-20,51.50228500366211,51.717846889559524,50.192344412180645,50.24208702994224,2629300
2016-12-21,51.51887130737305,52.19042516832025,50.86389937464818,51.51887130737305,2254500
2016-12-22,51.09605026245117,51.659823249138974,50.95510543443929,51.31160903374716,1930800
2016-12-23,50.9799690246582,51.087746805950076,50.63175488362832,51.02971164289163,1266800
2016-12-27,51.29502487182617,51.717856174788174,51.2121183855527,51.32818873140745,1439600
2016-12-28,50.81787872314453,52.177583238702134,50.7761706594288,51.7438123753917,1340700
2016-12-29,50.82622528076172,51.285020373278925,50.409138254451264,50.809541417854724,1217700
2016-12-30,49.650028228759766,51.09314861597695,49.54158473662184,50.92631320856186,2203400
2017-01-03,49.72510528564453,50.77616296986629,49.232942571241125,49.83354878057973,3698200
2017-01-04,51.0931510925293,51.12651881205384,49.324703325300085,49.85023058826764,3568600
2017-01-05,50.80120086669922,52.21929420457423,50.5676299690918,50.984716993671846,3884600
2017-01-06,50.29234313964844,51.60199585456335,50.28399961900167,50.78450584782237,3057700
2017-01-09,49.75013732910156,51.3350692171858,49.65003733913327,50.78451449917824,3589700
2017-01-10,51.06813430786133,51.276677811984094,49.758481356540074,50.38411186890837,3987400
2017-01-11,51.04309844970703,51.54360468578393,50.50088733827473,51.259985439976596,2085800
2017-01-12,50.55928421020508,50.99305505113492,50.02541338509793,50.68440839489643,2469500
2017-01-13,50.35908126831055,51.12652296917157,50.19224583924327,50.459184435023595,1475000
2017-01-17,50.16722106933594,50.63435962899907,49.81686953617941,50.350740357439506,1534000
2017-01-18,52.035770416259766,52.0858188152829,50.092143640462886,50.2923467829184,3744100
2017-01-19,50.175559997558594,51.92732386721886,49.88359723120134,51.73546425727479,2892000
2017-01-20,50.87627029418945,51.001394476638545,50.22561245339413,50.45083980034777,2802400
2017-01-23,50.10047912597656,51.15988022436656,49.63334065658649,51.03475288263622,3026300
2017-01-24,50.81787872314453,52.00240746182329,50.70109487189197,50.901298032697284,4368700
2017-01-25,49.808528900146484,50.751146413484385,49.23294998427889,50.70109482779627,6208900
2017-01-26,50.64270782470703,50.71778361947596,49.558282153028216,49.75014181029957,3238900
2017-01-27,50.892948150634766,51.07646742659529,50.20058546953797,50.71777239564748,2585200
2017-01-30,50.13386154174805,50.70944370047014,49.24129551991813,50.50090017794686,4340000
2017-01-31,48.4571647644043,49.92530951268435,47.65635853806972,49.891944973177885,9225900
2017-02-01,47.48952102661133,49.458171966490504,46.87223093209359,48.85756573205389,4771600
2017-02-02,47.9566650390625,48.081789230778405,47.30600715007886,47.57294257761835,3051900
2017-02-03,47.83987808227539,48.45716824828133,47.26429916236329,47.87324580630194,2570000
2017-02-06,48.25697326660156,48.54893612814446,47.9650135871805,47.9650135871805,2644000
2017-02-07,48.09012985229492,49.00771993135266,47.990026686414325,48.77415224187348,2218000
2017-02-08,48.615657806396484,48.64902552880472,47.71475157622218,48.02339505319548,2408000
2017-02-09,50.85958480834961,50.86792514739796,48.615654931948164,48.615654931948164,5505500
2017-02-10,50.87627029418945,51.63536845668312,50.600991364983535,51.41014110972947,5096300
2017-02-13,53.04512405395508,53.37045140031814,51.91899044237198,52.01909042999417,4343100
2017-02-14,52.62803268432617,52.97004386387897,52.05245382569954,52.7948681045736,2665100
2017-02-15,53.278690338134766,53.95437239642101,52.64471952386165,52.703111446934656,2963600
2017-02-16,53.061805725097656,53.65406846875112,52.61969454773959,53.29537341394779,2174800
2017-02-17,53.30371856689453,53.36211049089421,52.30270915499525,52.953363840775246,2225000
2017-02-21,53.795875549316406,54.554976888715906,53.60401910730345,53.804219070695,2908300
2017-02-22,52.7531623840332,53.42884443403954,52.61135115679286,53.38713319053755,3090400
2017-02-23,50.7928581237793,53.25367224299404,50.55929040470858,53.14522872394485,3009600
2017-02-24,50.76782989501953,51.16823303116075,50.19224780134301,50.359083236932165,2228700
2017-02-27,52.252655029296875,52.653058138158336,50.90963447838097,50.90963447838097,2652000
2017-02-28,52.19426727294922,52.644721999657534,51.88562378188817,52.23597533680266,2325100
2017-03-01,53.395477294921875,53.954372324192775,53.153566081302614,53.59567726458384,3239000
2017-03-02,52.252655029296875,53.3454240349395,52.2109469687715,53.26200473176771,2578200
2017-03-03,52.252655029296875,52.51959043520451,51.79385999927568,52.24431469004022,2353700
2017-03-06,52.39447021484375,52.5863298534626,51.426828499741006,51.602004276464136,2358100
2017-03-07,50.82622528076172,52.64472497004502,50.78451721455497,52.369446005261814,2637300
2017-03-08,50.85958480834961,51.25164438604144,50.56762202772186,50.85958480834961,2339500
2017-03-09,50.50088882446289,51.07646767166316,50.058774492265876,50.50088882446289,2305200
2017-03-10,50.567626953125,51.23496551622722,50.434159240504556,50.93466554942218,2553900
2017-03-13,50.64270782470703,51.16823838808951,50.425823963219905,50.89295941322959,1950300
2017-03-14,50.65938186645508,50.78450922751763,50.05877562474836,50.31737068595452,1581300
2017-03-15,52.92833709716797,53.04512093955743,51.09315379386218,51.09315379386218,3792800
2017-03-16,53.88763427734375,55.05547904508796,53.795874636462585,54.78020012244444,5324600
2017-03-17,53.98774337768555,54.91367704533765,53.720807946918264,54.07115950650482,6201500
2017-03-20,53.94603729248047,54.00442922466492,53.245334106267066,53.8709646786333,1794600
2017-03-21,51.15989685058594,54.12121095796943,51.059793671821396,53.94603516831376,4247100
2017-03-22,51.8355598449707,52.077471012649575,51.043094092093355,51.41847294157426,2563700
2017-03-23,51.10149383544922,52.11918705397951,50.776166510081936,51.85225164946681,2182100
2017-03-24,49.8502311706543,51.5352628408788,49.57495543666307,51.234959725891336,2830700
2017-03-27,49.63334274291992,49.81686200327319,48.357057804952014,48.74911734008768,2824700
2017-03-28,50.225608825683594,50.69274734660102,49.23294304862,49.44982685847258,2887500
2017-03-29,50.17356491088867,50.576497619691466,49.92173236816498,50.33305810742795,1482400
2017-03-30,50.450592041015625,50.93747118418535,50.207155671656054,50.207155671656054,2005800
2017-03-31,50.131591796875,50.49255293771522,49.85457376692694,50.30787425108318,2609700
2017-04-03,50.54291915893555,51.11374129770243,49.68668595078522,50.48415833896465,2746200
2017-04-04,50.77798080444336,50.912291747659914,50.02247974745931,50.324680170252925,1624100
2017-04-05,50.131591796875,52.045522904790985,50.005673928312355,51.28162906766448,2730200
2017-04-06,50.458984375,50.895495682716934,49.829401312331846,50.2155448222343,2099700
2017-04-07,51.01301193237305,51.35718384204485,49.99728546751536,50.030860793606124,1713300
2017-04-10,50.43379592895508,51.290025971845,50.08962082251791,51.206082854612546,1441900
2017-04-11,50.78636169433594,50.8367294868337,49.50201340677786,50.2826965782572,1913300
2017-04-12,48.58701705932617,50.358244318456535,48.50307074240971,50.358244318456535,2908900
2017-04-13,47.81472396850586,49.057100561254714,47.76435938372611,48.553435500111036,2822100
2017-04-17,48.02458953857422,48.209268239698694,47.630053043751026,47.99101101069256,2249500
2017-04-18,48.12532424926758,48.40233909370482,47.361427163827194,47.52931659796547,2183600
2017-04-19,48.36876678466797,48.95637827858232,48.226062828750564,48.47789541122099,2456400
2017-04-20,50.660438537597656,51.02139967400675,48.71292892834245,49.43485120116064,5916200
2017-04-21,50.36664581298828,50.66044996600734,49.485230151706006,50.65205693401755,3711400
2017-04-24,51.35717010498047,51.70973495131441,50.40859774825405,51.30680232597969,3325900
2017-04-25,51.15571594238281,51.902823788384055,50.86191182479363,51.89442755518167,3204000
2017-04-26,52.0455322265625,52.30576104049631,49.66151094486967,49.89655425924537,4377200
2017-04-27,51.7181510925293,52.10429460685325,51.4075576746796,52.06232304263979,4399700
2017-04-28,51.48309326171875,52.12106918374834,51.34038614094191,52.0119405857689,3233400
2017-05-01,51.802085876464844,52.305754172568655,51.20608143485534,51.751721288411666,2071800
2017-05-02,51.793701171875,52.01195522704786,51.37397912542905,51.600629414776876,2107100
2017-05-03,50.6016845703125,51.79369674550481,50.274301914419304,51.79369674550481,3007700
2017-05-04,51.281639099121094,51.45792158781276,50.38343418753016,50.53453437847303,2727600
2017-05-05,50.761173248291016,51.54185632517226,50.56810153711518,51.399149198166626,2207300
2017-05-08,50.25751495361328,50.65205468635284,50.089625501241656,50.57650459289686,1983900
2017-05-09,49.35930252075195,50.383425141665484,49.224991619830874,50.37502890910665,2679400
2017-05-10,48.86404037475586,49.59435904858784,48.41073979145845,49.58596281432764,4348700
2017-05-11,48.293216705322266,49.48522895933116,48.01620182518271,49.48522895933116,2652300
2017-05-12,48.116920471191406,48.47788157720829,47.8482986995822,48.07494891979449,1832200
2017-05-15,48.36037063598633,48.64578173165099,47.99101321675864,48.42752449261193,3364600
2017-05-16,48.50307083129883,48.98994986363291,48.09174508544031,48.91439977938192,2639000
2017-05-17,47.109596252441406,48.50307316047941,47.06762469300301,48.50307316047941,2940600
2017-05-18,46.908145904541016,47.311078763004794,46.27016647697076,46.83259579343995,2997000
2017-05-19,47.56290054321289,47.999411840806346,47.08441768285997,47.302671730544205,2480800
2017-05-22,47.646827697753906,48.049763531412694,47.403391434457596,47.79792783481997,3304400
2017-05-23,49.22500228881836,49.69509214504128,47.537721030158266,47.705610493253964,3550300
2017-05-24,49.2333869934082,50.36663500001886,48.91439740845191,49.77063058771917,3757900
2017-05-25,48.998348236083984,49.527198883496844,48.93119437733112,49.367705667011975,2281300
2017-05-26,48.813663482666016,49.25856771963853,48.65416709414809,48.98154969888064,1455300
2017-05-30,48.96476745605469,49.16623221210701,48.51146695160012,48.72972097102756,2027600
2017-05-31,48.77168655395508,49.05709759192093,47.74756723132103,48.57861485212879,2511800
2017-06-01,49.5859489440918,49.60273820569078,48.41912248186878,48.830448183258945,2194300
2017-06-02,49.275352478027344,49.61112808199162,49.20819543590008,49.51879195240266,1452100
2017-06-05,49.50201416015625,49.80421451529261,48.97316353866763,49.01513509860884,2137400
2017-06-06,48.528255462646484,49.19141374344778,48.49467693641681,49.19141374344778,2245600
2017-06-07,48.02458953857422,48.989951400711675,47.411795814744885,48.864033522267775,2799200
2017-06-08,49.644718170166016,49.86297540570907,47.672026030292876,48.02459097693583,2934100
2017-06-09,50.19035720825195,50.21553950337934,49.317334685289076,49.644717330843974,2010700
2017-06-12,50.282691955566406,50.870300136228835,49.627923522189896,50.156774087010504,2411000
2017-06-13,50.77798080444336,50.81155613857839,50.089633617954846,50.28270860091503,1952500
2017-06-14,49.61953353881836,50.77796711310185,49.073893677870984,50.70241702777413,1702600
2017-06-15,45.833641052246094,48.83045587169624,45.800065725985874,48.78009128119354,8170400
2017-06-16,46.10225296020508,46.555553390583846,45.3383592137034,45.82523816534519,4724000
2017-06-19,46.84096908569336,47.92385248768094,46.69826515943769,47.00046547647835,4028800
2017-06-20,47.11800003051758,47.5461151289015,46.3205274645924,46.53038849761349,2371000
2017-06-21,46.98368453979492,47.80633932516847,46.924923712427166,47.755971529328285,3569300
2017-06-22,47.59648132324219,47.84831391392307,46.740247953147076,47.17675927136567,2397000
2017-06-23,48.268035888671875,48.9060119975257,47.705609877124104,48.61220784257166,4209800
2017-06-26,48.19248580932617,48.67096869170114,47.78955302428541,48.351979036042785,2604900
2017-06-27,47.73078155517578,49.03191898396007,47.73078155517578,48.54504317805036,2143200
2017-06-28,49.157249450683594,49.44457062723738,48.29528914467755,48.29528914467755,2050400
2017-06-29,49.157249450683594,49.68963935328584,48.82767582362445,49.410770601026314,1793300
2017-06-30,48.90373229980469,49.96005969747248,48.88683067460335,49.47837466202839,2605000
2017-07-03,49.7487907409668,49.96005620573489,49.10654514648007,49.1403483945202,1794300
2017-07-05,49.993865966796875,50.22203308530983,49.055846665239926,49.79950210072782,2776800
2017-07-06,50.019203186035156,50.619199470884354,49.55441987417541,49.77413773162856,2290400
2017-07-07,49.18259811401367,50.19667293336905,48.53190013179109,50.137518864408364,2530700
2017-07-10,49.613582611083984,50.26428065089939,48.6417633752469,48.95443537080707,1958800
2017-07-11,49.520626068115234,50.07836679336699,49.1910524427831,49.74879316803486,2219400
2017-07-12,49.80794143676758,49.97695444185582,49.36005971339043,49.72343654605093,1751400
2017-07-13,51.12624740600586,51.43891942140253,49.62203818331626,50.03611672896082,3822100
2017-07-14,50.46710205078125,51.16005261063417,50.399495545597745,51.14315098433829,2001800
2017-07-17,50.80512237548828,50.931882954566504,50.30653570738561,50.585407691895526,1691500
2017-07-18,50.1544303894043,50.70372200053913,49.57133874691419,50.61076466108655,3079600
2017-07-19,51.261451721191406,51.37131066437729,50.162871960297984,50.331884975125085,4081900
2017-07-20,50.636112213134766,51.49807581819272,49.64739124547323,50.38259426427198,4061600
2017-07-21,50.898075103759766,51.176947063066706,50.433291728570005,50.50089500062145,3382800
2017-07-24,51.13469696044922,51.23610671505352,50.50090050062202,50.88117902124944,2596800
2017-07-25,51.48116683959961,52.6135498582129,51.40511436709212,51.78538962425022,3223600
2017-07-26,49.11499786376953,51.78539340071805,49.022040536830104,51.5910295460517,4601300
2017-07-27,49.579776763916016,49.91780279045848,48.81077061600427,49.21640313731726,2939800
2017-07-28,48.557254791259766,49.25865769814957,48.21077954983312,49.25020527411305,2966100
2017-07-31,48.734718322753906,49.07274437288958,48.345990621656604,48.9797870479195,2392700
2017-08-01,48.2952995300293,48.97134855445738,47.96572260844307,48.90374204018656,1862800
2017-08-02,48.06712341308594,48.17697914279876,47.32346801311349,47.92346120888816,2400800
2017-08-03,48.261478424072266,48.52344551084683,47.872750781748515,47.97415729199496,1333500
2017-08-04,48.57416915893555,48.62487404549117,48.08403481685556,48.55726753008368,1259300
2017-08-07,48.89528274536133,49.12344984844583,48.48120099006233,48.979787647101354,1907200
2017-08-08,48.63331985473633,49.07275250325571,48.050228206483844,48.776982078125286,1763900
2017-08-09,48.28683853149414,48.57415971882459,47.94881569111773,48.51500564116733,1807900
2017-08-10,47.77980422973633,48.41360070288886,47.576987939919064,47.75445017872444,2246100
2017-08-11,46.791080474853516,47.86430956585321,46.73192639472134,47.50938508506016,2179900
2017-08-14,47.08685302734375,47.32346934248642,46.72347612985722,47.01079732266854,2381300
2017-08-15,46.96009063720703,47.51783137546912,46.79953003292058,47.16290691641843,1359600
2017-08-16,47.94036102294922,48.05021997216661,47.179807249953804,47.24741052540314,2521100
2017-08-17,45.92911911010742,47.374177602096175,45.92066990838724,47.32347272080781,2840500
2017-08-18,45.726295471191406,46.16572800323074,45.650239778652775,45.912210102653624,2279500
2017-08-21,45.40516662597656,46.03051372816432,45.295307697824384,45.87840235800121,1487300
2017-08-22,46.18264389038086,46.19954229513757,45.3798342708853,45.709407965793076,1724200
2017-08-23,46.40236282348633,46.64743162222677,45.73476294705119,45.86152355982211,1350900
2017-08-24,46.131927490234375,46.63896332143126,45.8868587749053,46.45305190260851,1423600
2017-08-25,46.233333587646484,46.47840230072756,45.70094693686987,46.427697428610905,1671800
2017-08-28,46.12349319458008,46.42771285741241,45.658706438191295,46.40236202475711,1675500
2017-08-29,46.419254302978516,46.875588540780136,45.50658582737528,45.861513531328406,1884000
2017-08-30,47.05303955078125,47.2896558145064,46.16572533815709,46.41924322409901,1504100
2017-08-31,46.57136154174805,47.53473158610833,46.520656667540294,47.40797101241659,1714400
2017-09-01,46.90093231201172,47.17980426770786,46.62206035631558,46.9938896305771,1935000
2017-09-05,46.300941467285156,47.48402617246143,45.87841052465321,47.02769520439693,2489600
2017-09-06,46.74037170410156,46.94318474120619,46.33474240623721,46.419247301088284,1615600
2017-09-07,45.853057861328125,46.799529522450385,45.59109073212111,46.689670571423534,1944100
2017-09-08,46.09813690185547,46.44461223384599,45.2530748020097,45.59110093141044,2552700
2017-09-11,45.60799789428711,46.52911561782963,45.43053242149661,46.4784107365101,2706900
2017-09-12,45.19390869140625,45.23616114042824,43.66434553703055,45.14320381838672,4157100
2017-09-13,45.295310974121094,45.40516991021958,44.92348494441342,44.97418981268694,2267400
2017-09-14,45.599544525146484,45.82771165087846,45.06715778876087,45.76855756905784,2520300
2017-09-15,45.210811614990234,45.85305724008456,44.94039206509206,45.168559164754015,3595300
2017-09-18,45.86150360107422,46.10657229316172,45.07559588069354,45.27841212813093,2479300
2017-09-19,46.57136154174805,46.75727619018786,45.46432929896011,45.861509421115954,2685900
2017-09-20,47.30656051635742,47.585432465606345,46.69811497156342,46.72346901836653,2800600
2017-09-21,46.06432342529297,47.3572703433163,45.90376282245716,47.019244288903124,2340000
2017-09-22,46.08121871948242,46.30938579131613,45.45587479548328,45.48122561780205,2397800
2017-09-25,45.886863708496094,46.250240608596414,45.14320828228433,45.996722665740634,2156300
2017-09-26,45.70939636230469,46.36009438455995,45.69249473818252,45.92911102858255,1506200
2017-09-27,46.993892669677734,47.0276959192794,45.79390309806088,45.98826694778752,2124100
2017-09-28,47.213409423828125,47.28998563438513,46.26046030451481,46.626324060985255,3139900
2017-09-29,47.68138122558594,47.73242987685604,46.92412927171225,47.102806042593436,1906200
2017-10-02,47.689884185791016,47.928123105702944,47.16236094476752,47.20490256577113,2796200
2017-10-03,47.61330795288086,47.87707119615826,47.02622579351614,47.817512277630726,3030500
2017-10-04,47.74093246459961,48.081268652583795,47.41761032715486,47.64733895804581,2131500
2017-10-05,48.21739959716797,48.41309686429854,47.860046143904356,48.11529907419509,2700700
2017-10-06,47.774959564208984,48.04722977018111,47.42611315994989,47.99617788941751,1433500
2017-10-09,47.13683319091797,47.76645692567267,46.73693484200796,47.698390986163936,2116200
2017-10-10,47.1113166809082,47.570774051869776,46.941146923620416,47.272979410904775,1270900
2017-10-11,48.78746795654297,48.78746795654297,47.196388208979,47.28998170807991,3523900
2017-10-12,48.85554122924805,49.06825257889622,48.16635853364724,48.4896806939134,2213100
2017-10-13,49.612796783447266,49.91059137720696,49.24693299927527,49.519203269489175,2268300
2017-10-16,48.67687225341797,49.99568218284811,48.49819547013194,49.970157855440995,1759000
2017-10-17,48.591773986816406,49.042720942194556,48.421604283330474,48.625808576657015,2107700
2017-10-18,48.736419677734375,49.042724517193896,48.60879482510448,48.761947244834246,2048000
2017-10-19,49.876548767089844,49.90207633225113,47.65584209536851,48.242927408321165,3268000
2017-10-20,51.05071258544922,51.28044118156977,50.21688466937291,50.24240898703623,3982200
2017-10-23,50.582759857177734,51.51018147627065,50.574249585545914,51.05072417968129,2968900
2017-10-24,50.8635368347168,51.016689265956714,50.5061833256354,50.74441899835633,3123000
2017-10-25,50.19137191772461,50.812488674490645,50.106285429711534,50.7359124581377,2926000
2017-10-26,50.82099914550781,50.88906834053257,50.0637472023056,50.463645608781405,2461500
2017-10-27,50.61678695678711,50.94010582513039,50.05522920379644,50.31048213775272,2455700
2017-10-30,49.74893569946289,50.34452493224694,49.69788380277373,50.233917357997264,2581800
2017-10-31,49.20438766479492,49.76594546044645,49.1107941579001,49.38306440756646,3763700
2017-11-01,50.02969741821289,51.0166777264477,49.740409918606986,49.927596902386355,2238100
2017-11-02,49.73190689086914,50.293464641614264,49.527702597090396,50.08075332321509,1471200
2017-11-03,49.34903335571289,49.79147335459505,49.06825281488248,49.79147335459505,1955700
2017-11-06,49.33201217651367,50.004180770717646,49.23841867026788,49.60428242429195,1486000
2017-11-07,49.085262298583984,49.31499091022468,48.83851963782956,49.22139741151361,1163000
2017-11-08,49.093780517578125,49.22140538089737,48.56625727527977,48.932117813369054,1284800
2017-11-09,48.08978271484375,48.64283028106289,47.94513730811603,48.57476433638687,1954400
2017-11-10,47.50269317626953,48.37906276932328,47.11981215406061,48.26845197497023,2551600
2017-11-13,47.39208984375,47.6728671404332,46.88158065185327,47.11130930134915,1836600
2017-11-14,46.67738342285156,47.21341698256815,46.285995282107734,47.11982346071247,1815300
2017-11-15,46.74543380737305,46.94112781258017,45.698894607847926,46.183876108951836,2428700
2017-11-16,46.617820739746094,47.0942920915438,46.28599154953908,47.05175047023581,1650500
2017-11-17,46.62632751464844,46.87307346091081,46.21792210999915,46.371074542457336,1405800
2017-11-20,47.27296447753906,47.332523386917615,46.45615054973001,46.57527161420424,1517800
2017-11-21,47.63031768798828,47.843029004875895,47.375064756866564,47.41760637110067,1434800
2017-11-22,47.774959564208984,48.16634757957931,47.64733148515842,47.80899090566784,995200
2017-11-24,47.58778762817383,48.157852537901434,47.51121140567273,48.02171739186813,421200
2017-11-27,47.519710540771484,47.64733863898428,46.94113545478357,47.596286750555684,1763000
2017-11-28,47.885581970214844,48.013210088888044,47.230430569413656,47.55375275652599,1830900
2017-11-29,48.80448532104492,49.10227986795691,47.877063844739844,47.89408113966583,2208600
2017-11-30,48.92361068725586,49.71489717194193,48.668357715422395,48.80449285011475,6640900
2017-12-01,48.753440856933594,49.57876193502038,48.04724086145992,49.13632193675311,3614900
2017-12-04,50.046722412109375,50.76143262429584,49.29797760750513,49.314994903714016,3643700
2017-12-05,49.04271697998047,49.75742708030546,48.82149865532322,49.75742708030546,2425200
2017-12-06,49.2979736328125,50.28495401333028,49.280956337975645,49.51068494969751,2899100
2017-12-07,49.85102844238281,49.91909438159398,49.3320122673135,49.442623069963695,2227300
2017-12-08,51.19536209106445,51.859023657404826,50.242416227605226,50.96563670755446,5874700
2017-12-11,52.13130187988281,52.38655486950403,51.13581100092682,51.48465751074333,5465400
2017-12-12,52.70988464355469,52.85452683506993,51.8164974283863,52.59927380869587,4733000
2017-12-13,52.62478256225586,52.75241066052796,51.93559991959518,52.497157709701135,2951100
2017-12-14,50.65932083129883,52.905551500061804,50.62528624644686,52.31846951709041,3914300
2017-12-15,51.144317626953125,51.38255330085283,50.39557276448855,51.2804527614269,6442200
2017-12-18,52.76091766357422,52.811969552005074,51.15282050375186,51.15282050375186,3147400
2017-12-19,53.11826705932617,53.416061586442005,52.50565746558285,52.69284445160818,2900800
2017-12-20,54.326473236083984,54.81996508737108,53.832984630514254,54.581729432662755,3960400
2017-12-21,54.90504837036133,55.07522133204068,54.36901814679954,54.76891649245259,2827400
2017-12-22,54.930580139160156,54.964614736110384,54.096755233904204,54.89654554220993,2247600
2017-12-26,55.07522201538086,55.185829573268734,54.743386358847594,54.96460796605817,2502700
2017-12-27,54.973121643066406,55.083729207807174,54.573223267675225,55.083729207807174,2065500
2017-12-28,55.067264556884766,55.178533031908074,54.71635748063606,54.98167794290996,1138200
2017-12-29,54.41679382324219,55.4181707861156,54.40823320403221,55.4181707861156,1519400
2018-01-02,56.93307113647461,56.95875299286051,54.861845417056855,54.95599263428847,3755900
2018-01-03,57.67770004272461,57.96870237268489,56.864617396657195,57.16417381732202,3772500
2018-01-04,57.53219223022461,57.90022049215819,57.00154485515972,57.797512652837504,2529300
2018-01-05,58.07997512817383,58.122771709021244,57.07859782282222,57.66059606120324,2660800
2018-01-08,58.40518569946289,58.482218211003584,57.78895172649361,58.02860335030094,3118200
2018-01-09,58.0114860534668,58.39663557765863,57.94301415629854,58.39663557765863,3289300
2018-01-10,59.00432205200195,59.107023390679984,57.609234589776406,58.00293829100443,2539300
2018-01-11,60.06560516357422,60.06560516357422,58.97008078408183,59.35522382911449,2027400
2018-01-12,59.07277297973633,60.32236221984,58.88448506161927,60.03992054790536,2637300
2018-01-16,59.012855529785156,60.082704299577046,58.43085753782482,59.1155633624271,4299700
2018-01-17,59.27819061279297,59.526396345081295,58.704746630687026,59.38945254940239,1952200
2018-01-18,58.901588439941406,59.42367511617461,58.62770744010088,59.08988285167641,2798200
2018-01-19,58.8160285949707,59.25252888157126,58.37952830837015,59.21829292479464,3272800
2018-01-22,59.04710388183594,59.141251115748304,58.35384382288128,58.944402557451575,2432300
2018-01-23,59.03855514526367,59.63766802463639,57.94302419037538,58.79034937242621,2786800
2018-01-24,59.06421661376953,59.8345090848855,58.93583344694369,59.45792020348678,1872900
2018-01-25,58.40518569946289,59.706125537917835,58.191215932728504,59.66332897263533,3857400
2018-01-26,59.51783752441406,59.52639814436265,58.27680882546032,58.54213580514824,2778200
2018-01-29,59.08989715576172,59.894425644352275,59.029985876601124,59.44936483072528,2448400
2018-01-30,57.18982696533203,59.9371974088863,56.48800653922007,59.57772984352504,4430800
2018-01-31,57.30966567993164,58.191220137806916,56.77901826934207,58.13986947962841,4875700
2018-02-01,56.813255310058594,57.42948933940324,56.402436977055274,57.044346335982674,3209400
2018-02-02,54.9816780090332,56.385319375396264,54.84474073247686,56.316854002038134,3814100
2018-02-05,53.52667999267578,55.46952268725746,52.936121320871415,54.43390975412879,4241500
2018-02-06,54.43391036987305,54.630765439314395,51.61807056483598,52.24286192655762,5682400
2018-02-07,53.851898193359375,54.93886804040322,53.851898193359375,54.27128028603707,3153200
2018-02-08,51.67799377441406,53.98886856987312,51.67799377441406,53.95463261381109,3362300
2018-02-09,52.86764907836914,53.29558860149184,50.92480325160173,52.79061983361027,3291700
2018-02-12,54.29698181152344,54.8019507309328,53.013162856915265,53.27848661623898,2800300
2018-02-13,54.84474182128906,55.22988485720499,53.6807455631713,54.100124551366015,3192100
2018-02-14,55.79475784301758,55.95737042363762,54.202822273821866,54.202822273821866,3077100
2018-02-15,56.128562927246094,56.48803064601355,55.28123776607074,56.36820807309106,2524100
2018-02-16,58.661949157714844,59.48359223814308,55.546550029068264,55.95736830436301,5312800
2018-02-20,57.82319259643555,59.158368494839806,57.42092835594758,58.22545683692351,3453400
2018-02-21,57.21552276611328,58.379518991388004,57.21552276611328,57.823196209775226,1633300
2018-02-22,57.30110549926758,58.13130930532447,57.17272885283782,57.669133788658584,2606500
2018-02-23,57.29254150390625,57.71192037936139,56.60783570207713,57.54074719382334,1313100
2018-02-26,58.09706115722656,58.57635781266774,57.30109346729982,58.23400492444925,1703900
2018-02-27,57.592098236083984,58.584914472681255,57.57497699951039,57.874539871001595,1717200
2018-02-28,55.97450256347656,58.00293214554538,55.96594194288008,57.883109576555675,2602600
2018-03-01,57.797515869140625,58.43086458893154,56.48802186166721,56.907400801679074,5096300
2018-03-02,58.09706115722656,58.32815213195529,56.45377512958368,57.497948500222876,3877000
2018-03-05,58.07997512817383,59.1583849730825,57.55788818507432,57.609238858218056,3345100
2018-03-06,58.0114860534668,58.53357284215563,57.08713503121384,58.28536711230033,3095100
2018-03-07,59.46648406982422,59.73180450720385,57.95157437226567,57.95157437226567,3745100
2018-03-08,57.883094787597656,59.42367960933661,57.343893364908325,59.42367960933661,3220000
2018-03-09,57.48085021972656,58.82458030284629,57.01867466803798,58.43087012449521,3154400
2018-03-12,57.934452056884766,58.13986119015147,57.3267787456684,57.3267787456684,1625900
2018-03-13,57.797515869140625,59.02998389021654,57.58354608936158,58.02004626846588,2146200
2018-03-14,56.4880256652832,58.30249187072861,56.368203102925854,58.19122339865399,2287200
2018-03-15,56.64207077026367,57.31821594342066,56.488012293723614,56.59927420962096,1627500
2018-03-16,56.992977142333984,57.652007602062284,56.22269129774102,56.6506307802208,3052300
2018-03-19,55.91458511352539,56.96731278640391,55.37537708268754,56.890286799049676,2141500
2018-03-20,54.94743728637695,56.556494222621104,54.921761957367025,56.08575809130723,2923700
2018-03-21,55.93170166015625,56.265494009334304,55.110058452191815,55.20420568194355,2549000
2018-03-22,52.285648345947266,55.298342823807864,52.242855048844895,55.298342823807864,3619400
2018-03-23,50.87345886230469,52.67080715502388,50.753636295774086,52.516748636650235,3206600
2018-03-26,51.866268157958984,52.15726716013555,50.74506871289117,51.737888261801906,2106400
2018-03-27,51.54960250854492,52.90189317719297,51.16445622539074,52.431157017271204,2684100
2018-03-28,51.09310531616211,51.87690029729349,50.593545304608355,51.584053640296624,2174300
2018-03-29,52.61762237548828,52.87601567274084,51.73047085018319,51.8941191717917,2692200
2018-04-02,51.54960632324219,52.81573808855372,51.05865794192749,52.36785472064999,1887300
2018-04-03,52.35923767089844,52.591792662284995,51.78215603620225,52.01471102758881,1569700
2018-04-04,52.65208435058594,52.746829341811974,50.77442104375038,50.90361607079987,2346300
2018-04-05,54.3488655090332,54.52974379111706,53.10857559479023,53.13441394123821,3859000
2018-04-06,52.273101806640625,53.823468339939424,51.75631515264063,53.797626707284834,1899100
2018-04-09,52.14390563964844,52.97937726906001,52.07499900161691,52.66069228228754,1401600
2018-04-10,53.53921890258789,53.944037086331114,52.8501691216994,53.15162737407295,2734800
2018-04-11,52.522884368896484,53.410036011914194,52.2214260297107,53.20332266094379,1658800
2018-04-12,53.332515716552734,53.72010734238656,52.72959906042162,52.78127575343323,1421500
2018-04-13,53.08274459838867,53.98712299143439,52.58318126022735,53.68566462230242,1490100
2018-04-16,53.79762649536133,53.952663148080475,53.07412321122177,53.53062148229455,1777500
2018-04-17,55.236019134521484,55.425509110458265,54.27996413888915,54.409159161496476,2575100
2018-04-18,56.34711837768555,56.98449499478314,55.8906233487504,56.166243360822534,3854900
2018-04-19,56.09733200073242,56.93280694029329,54.48667707448107,55.39105536844469,4019200
2018-04-20,54.73645782470703,56.17485269869975,54.26273618183675,56.15762275331789,2854900
2018-04-23,54.15938186645508,54.81397853653455,53.85792023648926,54.4350018628727,2339000
2018-04-24,53.625370025634766,55.27047846327756,52.41091828146548,54.69340007113498,4538300
2018-04-25,54.41777801513672,54.68478633793908,53.168872993638104,53.392816305833556,1995600
2018-04-26,54.38332748413086,54.925955845452634,53.37559238446885,54.882890832635006,1962500
2018-04-27,53.42725372314453,54.348858532173494,52.652073858372404,54.09046524391612,2363400
2018-04-30,53.074119567871094,53.83207611961707,52.57455961001862,53.590909470008924,2289700
2018-05-01,51.988868713378906,53.18609361479344,51.51514707920292,52.85879365718213,3294100
2018-05-02,52.531497955322266,53.08273792422678,52.25587468522062,52.264489657912534,2184700
2018-05-03,52.72960662841797,53.143036660094985,52.09223327605143,52.41091830940979,2277900
2018-05-04,54.21106719970703,54.452237199235235,52.24727359092767,52.36785694786675,2398600
2018-05-07,54.12492752075195,54.52974582029764,53.866534189708744,54.34025584422954,1588200
2018-05-08,53.935428619384766,54.39192682385702,53.461707043255984,53.95265527669022,1847800
2018-05-09,54.012962341308594,54.39194233883253,53.78902230375797,54.27997067723229,1372500
2018-05-10,54.99485778808594,55.47719774752209,54.11632103522294,54.26274273215017,2077700
2018-05-11,54.36609649658203,55.382449774987684,54.21967480752122,55.029308155288916,3020600
2018-05-14,54.05601119995117,54.60725436928449,53.80623288654026,54.59002771221324,2836500
2018-05-15,54.26274108886719,54.29719441144779,53.41865439954055,53.62536776372479,2478800
2018-05-16,55.968143463134766,56.03704353582547,54.22828684453434,54.26274016652932,3516800
2018-05-17,56.63996124267578,57.062002895828485,55.99397630423244,56.157621353488366,2824300
2018-05-18,56.450469970703125,56.93280327743908,55.933683346157686,56.527985007300636,1783400
2018-05-21,56.14040756225586,56.53661093690526,55.40829248798415,56.50215761241839,1472800
2018-05-22,56.028438568115234,56.96726700765249,55.985370270156785,56.41602696454261,1548100
2018-05-23,55.31353759765625,55.55470425464072,54.75368267462884,55.528865908720746,1257800
2018-05-24,55.64945602416992,55.75281599175405,54.83120768520215,55.408289337772985,3727500
2018-05-25,55.098209381103516,55.52886600397124,54.831201092091796,55.33076106608072,1269300
2018-05-29,54.02157211303711,54.986242104870044,53.83208213252277,54.546973760354454,1777200
2018-05-30,55.21017074584961,55.6322123428512,54.52973586497884,54.58141255036336,1942300
2018-05-31,55.287696838378906,57.04477656852294,55.253243521556676,56.071488439365226,2994000
2018-06-01,56.67442321777344,57.04478823523605,56.43324995069345,56.8725216158932,2666200
2018-06-04,56.52798843383789,57.50988505138305,56.1920767789566,56.93280672851506,1982600
2018-06-05,57.08784484863281,57.449594859903925,56.55383480474661,56.579673152508974,2667800
2018-06-06,57.94053649902344,57.983604787859676,57.010323230364484,57.51849486788106,2898200
2018-06-07,57.19981384277344,57.974990480324365,56.803603980573996,57.69937051398888,2415500
2018-06-08,57.57879638671875,57.6390880586322,57.062009688703576,57.20843138173632,1814000
2018-06-11,57.776893615722656,58.30229521691182,57.34623699647243,57.630471942289226,2150000
2018-06-12,57.768280029296875,58.51762493043733,57.440983356481965,58.15586836740133,1499800
2018-06-13,57.5098876953125,57.94054435688719,57.31178931091567,57.79412266906359,1200600
2018-06-14,59.025814056396484,59.19808070195755,57.59603704039305,58.612387249651164,3845900
2018-06-15,57.57879638671875,59.29280812080051,57.18259303253047,59.223908046684706,3888900
2018-06-18,57.49266052246094,57.81134879664249,56.88974386460256,57.02755057012788,2435400
2018-06-19,56.39018630981445,56.648576373106636,55.1757313270532,56.24376461681894,3107300
2018-06-20,56.743324279785156,56.90697592817842,55.813110804375356,56.90697592817842,2227400
2018-06-21,55.87340545654297,56.54522889119758,55.692530421928275,56.47632223859196,2318600
2018-06-22,57.018943786621094,57.14814210937455,56.13179204637352,56.519387014633885,2483400
2018-06-25,54.6589469909668,56.50215712155306,53.86654024855207,56.37295879867465,3126900
2018-06-26,55.22740936279297,55.46857602752982,54.59864778290152,54.874267767072034,1845000
2018-06-27,54.254119873046875,55.69251462450699,54.23689321478189,55.40827969160833,1748500
2018-06-28,54.33210372924805,54.52274043958029,53.456895752139516,54.20212129919335,1894200
2018-06-29,54.1588020324707,54.808707656860356,54.141470819149404,54.5054196877149,1763800
2018-07-02,54.46208572387695,54.61806332592644,53.7255273963249,53.751522561469585,1505300
2018-07-03,53.448246002197266,54.973356618074924,53.2836044118896,54.878039890375575,1100200
2018-07-05,54.59208297729492,54.84338066053239,53.81219475538265,54.02016604975645,1876900
2018-07-06,54.88669967651367,55.10333489732316,53.933506027188415,54.332114040135984,1031800
2018-07-09,55.60593032836914,55.63192549868419,54.826045468595574,55.22465350618593,1257300
2018-07-10,56.09120178222656,56.50713775954358,55.692587104788274,55.78790714358659,1449700
2018-07-11,55.38930130004883,56.01321190224443,55.18999725892339,55.31997973624471,2719100
2018-07-12,55.34596633911133,56.21251054441565,55.31130721537212,55.89188803149613,1854200
2018-07-13,55.56260681152344,55.761907523160794,55.26797945750901,55.34596827343252,1272200
2018-07-16,55.46728515625,56.01320354613878,55.26797783926571,55.69258103140144,1359400
2018-07-17,55.99586868286133,56.12584451346765,55.29396944726991,55.423948583467045,1861500
2018-07-18,56.85374069213867,57.10503830985693,56.10851509785184,56.2125023707226,2634400
2018-07-19,56.03919982910156,56.66311035061994,54.88670212195375,56.32515991999458,3770700
2018-07-20,57.4083366394043,57.59897670188286,56.247174966027785,56.40314598676555,3219800
2018-07-23,57.815616607666016,58.396197491282074,57.07905807952202,57.616309268642425,3013900
2018-07-24,58.768802642822266,59.65267143790405,58.430852226069035,59.254063423558755,4795600
2018-07-25,58.90745162963867,59.01143230354952,58.28354114144473,58.890117109865386,3102600
2018-07-26,58.543487548828125,58.66480271787647,57.512308611917156,58.49149722243051,2866500
2018-07-27,58.586830139160156,58.96811024658167,58.35286039644883,58.76013567279776,1672600
2018-07-30,58.24020767211914,58.97676604629167,58.12755974563498,58.829455693693525,2654900
2018-07-31,57.997589111328125,58.716819724501114,57.451670664019005,58.2402195323544,3188500
2018-08-01,56.92306900024414,58.396185760611296,56.71509444186288,57.93692018042089,3227900
2018-08-02,55.926551818847656,56.60245267924709,55.64059172831481,56.195177388703186,3081900
2018-08-03,55.86589431762695,56.394484809116584,55.588601486942444,56.19517748807026,1589600
2018-08-06,55.46728515625,55.92655077791266,55.259313884679585,55.683920382406534,2436800
2018-08-07,55.926551818847656,56.628447849080516,55.857226958503475,56.16918221886976,1502500
2018-08-08,55.83989334106445,56.29049166487646,55.56260053921508,56.047861289656005,1196600
2018-08-09,54.94736099243164,55.98721078380676,54.90403460645588,55.822565889270955,2159000
2018-08-10,54.982017517089844,55.39795672783998,54.21079669055785,54.496753451752504,2980300
2018-08-13,54.730712890625,55.614584840229774,54.67005530340031,55.21597689401309,2836300
2018-08-14,55.07733917236328,55.20731832018157,54.800046356974946,54.87803516790236,1345700
2018-08-15,52.954315185546875,54.323448095301046,52.824332727677955,54.1848016828501,3765600
2018-08-16,53.5175666809082,53.98549957906066,53.08429621349104,53.27493627694381,3865100
2018-08-17,54.05481719970703,54.24545393203204,52.79833235138934,53.448237965458055,2155200
2018-08-20,54.20213317871094,54.64407089328429,54.063486765540944,54.28878925293671,2766100
2018-08-21,55.285301208496094,55.683912480306546,54.323440411964086,54.323440411964086,2835300
2018-08-22,55.27664566040039,55.65792577788357,55.10333681659815,55.41529207432393,1454400
2018-08-23,53.74286651611328,55.01668268508563,53.63021527459278,55.01668268508563,2074700
2018-08-24,54.17613983154297,54.704730332530865,53.82952213416329,54.392775066007424,3158000
2018-08-27,55.20731735229492,55.389290139404864,54.43609651641761,54.55741170782423,1587300
2018-08-28,55.311302185058594,55.88321568904145,54.912690895193144,55.588594983300965,1225900
2018-08-29,55.536598205566406,55.89188311657392,54.67006068764454,55.311302351504,1571100
2018-08-30,54.41010665893555,55.250649126687264,54.20213537794656,55.16399635453681,2276200
2018-08-31,54.1588020324707,54.60073640259565,53.94216682434082,54.11547565196292,2203100
2018-09-04,53.907508850097656,54.16747046020642,53.084294330093904,53.517564782138905,2841400
2018-09-05,55.13799285888672,55.285303210418796,53.58688401021496,53.760192833939826,3208100
2018-09-06,54.86070251464844,55.57992970269811,54.4794224242978,54.566078492827955,1750200
2018-09-07,54.80004119873047,55.19864917013195,54.1934619825682,55.19864917013195,2100500
2018-09-10,54.106815338134766,55.12066996123723,54.06348895206522,54.947361111367684,1300100
2018-09-11,54.33210372924805,54.46208285371224,53.11894540070591,53.50022543255142,2107200
2018-09-12,55.07733917236328,55.28530713110898,54.28878710880438,54.600739046922925,1536600
2018-09-13,55.02533721923828,55.78789069358989,54.852028409398145,55.60591793077352,1430800
2018-09-14,54.22813034057617,54.98201998733226,53.604219843624286,54.938693604064184,2479300
2018-09-17,54.635398864746094,55.276640535687314,54.33211089540353,54.3494421087361,1310100
2018-09-18,55.692569732666016,56.15184187233541,54.930016271325165,55.02533628039041,1997000
2018-09-19,56.18650817871094,56.64578040416766,55.943877787108036,56.10852267191672,1666400
2018-09-20,55.813899993896484,57.10504402481158,55.69257819114825,57.02705190955786,1730000
2018-09-21,55.78790283203125,56.212512648838086,55.1293331780546,55.92655255454352,3230200
2018-09-24,55.18999099731445,56.38581841398557,55.1293333962709,55.805237573828315,1368700
2018-09-25,56.03053665161133,56.17784701499411,55.458616495632626,55.47594440436731,1817300
2018-09-26,54.8433723449707,55.9525435985433,54.774047488826874,55.84855631432756,1934800
2018-09-27,54.98285675048828,55.322848516424145,54.66030088608222,55.02644484153372,1522200
2018-09-28,55.314125061035156,55.488480728182715,54.83464947054768,54.895673455215665,1825200
2018-10-01,56.055145263671875,56.517185032770186,55.28797886868604,55.60181845734086,3059200
2018-10-02,56.926918029785156,57.031526787531966,55.863351318583675,55.97667968984817,2318200
2018-10-03,57.005374908447266,57.21459907619629,56.70025494483069,57.17101431060328,2066900
2018-10-04,56.66538619995117,57.56331356324865,56.28180299577876,57.15357816808571,1632000
2018-10-05,56.04642868041992,56.708979697975124,55.39259727722013,56.39514009234987,1790100
2018-10-08,56.42127990722656,56.49102350453637,55.593092979740234,55.994112013156126,1567200
2018-10-09,55.532073974609375,56.40384574025222,55.46233037104543,56.29923698602243,1747500
2018-10-10,53.21316146850586,55.689003284094646,53.187005949915786,55.4449039554195,3776900
2018-10-11,52.70751953125,53.875698249144534,52.48085947802775,53.178278863586144,2474700
2018-10-12,53.01264572143555,53.86698493154058,52.44599056880229,53.86698493154058,3151900
2018-10-15,51.23421859741211,52.8993087614604,51.21678269785229,52.35880917733712,3280000
2018-10-16,51.391143798828125,52.01881962152451,51.07730422470086,51.4347318895551,3462700
2018-10-17,51.513187408447266,51.5480592082907,50.57166876602178,51.46959932142191,2446200
2018-10-18,50.82447814941406,51.51318114760746,49.61271151937306,51.25164933168366,3846100
2018-10-19,50.9029541015625,51.34756132203869,50.56296230093865,50.92039000487122,3484000
2018-10-22,51.591651916503906,51.88805559060694,50.7373126971618,51.024996757744,2767900
2018-10-23,51.10346221923828,51.417301829016864,49.81323529891629,50.24912290681798,3619000
2018-10-24,48.52300262451172,51.44344792090972,48.46197863268667,50.73731220820328,4707600
2018-10-25,50.31885528564453,50.728587284211336,48.880425170504246,48.99375685441148,3944300
2018-10-26,48.9327278137207,49.99629096828194,48.42709675741594,49.04605616036216,4610100
2018-10-29,49.5604133605957,50.37116447382525,48.976325636848664,49.72605275880787,3574600
2018-10-30,50.484493255615234,50.69372073186837,49.51682241336559,49.6214344887132,3865200
2018-10-31,51.539344787597656,52.062411861269055,51.051152842840864,51.173200829030066,3923000
2018-11-01,52.31521987915039,52.43727118099992,51.2429369545855,52.02753583868564,3035600
2018-11-02,52.75982666015625,53.06494659879265,51.84446351868912,52.812134360590164,2868200
2018-11-05,53.492122650146484,54.22441389430258,52.96033928735289,52.995211090778945,3617300
2018-11-06,54.42491912841797,54.477226831012786,53.43109605802279,53.43109605802279,2166800
2018-11-07,55.9766731262207,56.01154492508614,54.494654930017376,55.052593735191046,4019600
2018-11-08,55.898223876953125,56.21206345666749,55.4536166971717,55.7238648598249,2922300
2018-11-09,54.730045318603516,55.366440807708386,53.76237432641719,55.18336881609434,3217000
2018-11-12,54.18952941894531,55.18335230528024,54.02389337974197,54.494649313677115,2603600
2018-11-13,54.9915771484375,55.889504473902726,54.28543809141952,54.28543809141952,1990400
2018-11-14,54.13722229003906,55.7325720219762,53.67518263732955,55.2269409619445,1903900
2018-11-15,54.79106140136719,54.982852979482885,53.72749808545876,53.9105700506285,2041700
2018-11-16,55.122337341308594,55.627968478766014,54.573118115411944,54.573118115411944,2989500
2018-11-19,54.1721076965332,55.078754657489334,53.76237230877147,55.078754657489334,1785800
2018-11-20,52.463436126708984,53.54443560150516,51.966524487792256,53.3787994970525,2426800
2018-11-21,52.88187026977539,53.55313740491475,52.00137900128937,52.934177965890875,1981200
2018-11-23,51.800872802734375,52.16702005958394,50.76346167185021,51.8531805038723,1019100
2018-11-26,51.78343963623047,52.94289873096375,51.70497974819905,52.053687775126974,1936800
2018-11-27,50.80706024169922,51.44345577182386,49.804520704746146,51.17320757408629,3437700
2018-11-28,52.00138473510742,52.01010102264227,49.73476753687741,50.78089829563295,2360600
2018-11-29,52.289066314697266,52.73367344583293,51.434727177594,52.03625075585995,1658700
2018-11-30,52.663936614990234,52.73368022317413,51.931645356850694,51.931645356850694,2403200
2018-12-03,53.34391403198242,54.73003649241773,52.751106732830344,54.11979661878286,2519600
2018-12-04,52.010093688964844,53.85825566264636,51.9490697081516,53.34390830610793,3068300
2018-12-06,51.591651916503906,51.60036820446657,49.99630184912513,50.807052977537595,2284600
2018-12-07,50.13577651977539,52.82956128099338,49.943988289826684,51.97522221869078,2205700
2018-12-10,49.67374801635742,50.30142719319149,48.88043275699582,50.0398953113634,1887000
2018-12-11,49.22041702270508,50.79833101224946,49.01119287940283,50.66756342851721,1578100
2018-12-12,49.080928802490234,50.31885095529691,48.99375263809938,50.00501144259783,3010800
2018-12-13,48.55788040161133,49.68247123314008,48.400960596023204,49.490679620630466,3120500
2018-12-14,49.159400939941406,50.07476419654693,48.20916587866028,48.20916587866028,3614800
2018-12-17,47.790706634521484,49.86553212648298,47.18918306409386,49.2378530439096,3694700
2018-12-18,47.921478271484375,48.636333586847606,47.49430700959265,48.11326653194602,2841700
2018-12-19,46.744571685791016,49.04605701175367,46.4394517848329,47.94762204274694,2614100
2018-12-20,45.55896759033203,47.093293707032274,44.992315741717015,46.81432592682464,3036300
2018-12-21,45.271278381347656,46.43945707540418,44.974874732839055,45.558962417088374,5453100
2018-12-24,43.61491012573242,45.08821227229781,43.60619383739105,44.84411296648132,994100
2018-12-26,45.60255813598633,45.619994037610674,43.40568441469149,44.050796147001364,1776600
2018-12-27,45.73331832885742,45.7420379416706,44.04207592891066,44.97487496644744,2062600
2018-12-28,45.592769622802734,46.3921802621099,45.29408854047313,45.891450705132335,1860400
2018-12-31,45.513702392578125,45.88265956609905,44.81970768873487,45.6366881170851,1681700
2019-01-02,45.86509704589844,46.07593214390808,44.47711076696146,44.687942513860904,2707300
2019-01-03,45.065677642822266,46.014430373734726,44.723073607029285,45.46977453882889,3321900
2019-01-04,47.2882194519043,47.56054403079515,45.72453469569844,46.26040394605872,2662400
2019-01-07,46.928043365478516,47.964642156018314,46.822627504895934,47.674747701638765,3021800
2019-01-08,48.544437408447266,48.66742649633679,47.595687902498035,47.595687902498035,2835600
2019-01-09,49.12422561645508,49.528325883675684,48.184259448014224,49.185721830837764,2145100
2019-01-10,49.62495803833008,49.642524555299325,48.684988527210194,49.001239450411695,2042400
2019-01-11,49.712799072265625,49.76550867124836,48.97488144205398,49.3614084479327,1619900
2019-01-14,49.42290496826172,49.74794249275308,48.98366833083948,49.378981974741414,1696100
2019-01-15,49.08909225463867,49.747947274095466,48.772841309121816,49.53711219338093,1689300
2019-01-16,49.95878601074219,50.15205124924472,49.05395939613559,49.19451501928914,2633200
2019-01-17,50.723052978515625,51.10079343804269,49.49318894140318,49.73916040838171,1926400
2019-01-18,51.592742919921875,51.73329853134876,50.51222102874455,51.10958321508634,3000500
2019-01-22,50.68791198730469,51.12714865383053,50.21353558319041,51.056869178653685,3052100
2019-01-23,50.31895065307617,50.9514525152761,49.61617266791501,50.82846678676162,2165100
2019-01-24,49.95878601074219,50.187190992810706,49.624968500196495,50.081771762112744,1884000
2019-01-25,51.03929901123047,51.460969157604744,50.46829335875369,50.81968067925252,3417000
2019-01-28,51.39068603515625,51.39946929332362,49.98513015070691,50.652768358042955,2963200
2019-01-29,52.822593688964844,53.83283584366187,52.17252205589563,52.89286980136977,3435000
2019-01-30,53.00707244873047,53.455092301396675,52.27793809208417,52.94557959348431,3529200
2019-01-31,53.797698974609375,54.078810123895536,51.742071601011055,52.47998920566454,4474900
2019-02-01,54.008541107177734,54.44777778178176,53.74499977263729,53.8152758979968,2904000
2019-02-04,54.55318832397461,54.737670256156484,53.701071537117414,53.99975258075765,2545400
2019-02-05,53.92068862915039,54.40384824289659,53.718640185260504,54.40384824289659,2355100
2019-02-06,53.09492492675781,53.894335493924096,52.9543693331168,53.69228703750951,3132500
2019-02-07,52.128604888916016,53.04221790998493,51.69815150458808,52.690827255386225,2769300
2019-02-08,52.55027770996094,52.594200709061944,51.69815745273933,52.11104101673084,2795600
2019-02-11,52.62055587768555,52.74354161254658,51.85628163771777,52.400937536545136,2602200
2019-02-12,54.09640121459961,54.22817023252876,52.88410681321019,53.06858544897734,2430900
2019-02-13,53.806495666503906,54.57076658500711,53.42875183700128,54.474133974979445,2166400
2019-02-14,52.47121047973633,53.36725365935998,51.94412783342111,53.32333066401867,4712200
2019-02-15,52.269161224365234,53.48145531376207,51.86506431160286,53.25305037968963,3952500
2019-02-19,52.61176681518555,52.769892281525216,51.979264949826884,52.049544424248865,2712800
2019-02-20,54.008541107177734,54.22815944447974,52.699617693479276,52.85773981331563,2469900
2019-02-21,53.63957214355469,54.20179442755049,53.35846100155679,53.97338953023397,2252100
2019-02-22,53.753780364990234,54.500484685440036,53.56051851650663,54.07881790087166,1852500
2019-02-25,53.99097442626953,54.10517690672109,53.5693075958831,53.903128426605306,1766200
2019-02-26,53.63957214355469,54.210577684627665,53.52536969489643,53.7274181187631,1278000
2019-02-27,53.4990234375,53.9646131978451,53.12127966363563,53.4990234375,2706700
2019-02-28,53.209129333496094,53.569303264775286,52.96315787343512,53.569303264775286,2428000
2019-03-01,53.03343200683594,53.683503721168634,52.602981967884695,53.39360592459725,2004800
2019-03-04,53.45510482788086,53.81527878634284,52.71718704089656,53.14764047959993,2076500
2019-03-05,53.03343200683594,53.50780839152928,52.9280161494962,53.39360592459725,1821100
2019-03-06,52.40093231201172,53.19155625062359,52.37457583494793,53.1300633893241,1807300
2019-03-07,51.83871841430664,52.35701789989129,51.7420891467488,52.269171892616754,2631200
2019-03-08,50.7669792175293,51.364341404998946,50.60006712475653,51.364341404998946,2013800
2019-03-11,51.80356979370117,51.821139661230745,50.371657425582214,50.582492484827476,2691100
2019-03-12,51.88263702392578,52.36579669402957,51.794787678655176,51.99683614611276,1753400
2019-03-13,52.269161224365234,52.576625538182334,52.040759641402495,52.29551435094679,2048200
2019-03-14,51.67179489135742,52.01439891336054,51.54880917588035,51.99682904670532,2536300
2019-03-15,51.41703796386719,52.10224937380656,51.100787059450475,51.645442884216806,4344000
2019-03-18,51.75086975097656,52.26038595012756,51.43461877924287,51.71573000942611,2606400
2019-03-19,51.80356979370117,52.44485487853738,51.50488874791764,52.07589436263556,2448800
2019-03-20,51.083229064941406,51.838713366828706,50.35409454133837,51.838713366828706,1622300
2019-03-21,51.67179489135742,51.84749020680014,50.626412958692875,50.740612065287635,1612400
2019-03-22,50.07298278808594,51.25892051367555,49.79187157385566,51.153504646116694,2190600
2019-03-25,49.96756362915039,50.50343289320088,49.59860309033292,50.02905649376834,1504000
2019-03-26,50.020267486572266,50.5473534666055,49.67766344266096,50.45950412771181,1926900
2019-03-27,50.582496643066406,50.6527727678523,49.9148550264962,50.07298049615178,2306100
2019-03-28,50.97172927856445,51.13096091680736,50.379036360867836,50.97172927856445,1587800
2019-03-29,51.61750030517578,52.01557939901944,51.34327066517993,51.405193704827546,2882400
2019-04-01,52.82057571411133,52.85596126794891,51.971342669322155,52.37826641479795,2350100
2019-04-02,52.6259651184082,53.00634803436888,52.21019327190505,53.00634803436888,1675300
2019-04-03,53.5902099609375,53.837902151723036,53.10366690824733,53.1567452525098,2380000
2019-04-04,53.69635009765625,53.89096389642047,53.41327241349722,53.71404287473521,1773900
2019-04-05,53.68750762939453,54.11212419998344,53.439815473522465,53.864432044111375,1843600
2019-04-08,53.501747131347656,53.696364356343274,53.15674632307584,53.696364356343274,1728900
2019-04-09,52.050968170166016,53.14789692151628,51.980197049313134,53.14789692151628,1930500
2019-04-10,51.51134490966797,52.25442472976557,51.18403694562272,52.148271433909464,2069400
2019-04-11,51.01596450805664,51.670583903985346,50.69750457510656,51.52020032797166,2387200
2019-04-12,51.785579681396484,52.077502098607226,51.29904006967688,51.661733602909955,2208300
2019-04-15,51.219417572021484,51.750187374762305,51.12210898745684,51.750187374762305,1993800
2019-04-16,51.50251007080078,51.652893654183636,51.15750926228427,51.41404616185227,1754900
2019-04-17,51.30788040161133,52.45788394259906,51.25480206911568,52.05096018378917,2260900
2019-04-18,50.865577697753906,51.47596341528798,50.72403883392487,51.32557984883644,3601400
2019-04-22,50.405574798583984,50.99827110207662,50.219805675294076,50.89211442486583,2421900
2019-04-23,51.856346130371094,52.16596469342287,50.23749569906366,51.024805785149745,4806300
2019-04-24,51.59096145629883,52.360578767628674,51.378654861578,51.635191715652965,2805900
2019-04-25,50.77711868286133,51.92712240747955,50.600194254177104,51.55558076978741,2598400
2019-04-26,49.8836555480957,50.89212047971088,49.81288779608829,50.759429679239595,2260300
2019-04-29,50.317108154296875,50.370183111892956,49.52979812080073,49.7155672214915,2300000
2019-04-30,50.48517990112305,50.73287201292412,49.865946247068436,50.237487789321975,2729500
2019-05-01,49.40595626831055,50.61788639605192,49.3174957423606,50.38788362929765,2237600
2019-05-02,49.4501953125,49.87481195768038,48.928270053403736,49.18480695652828,2404700
2019-05-03,50.99826431274414,51.237108368289796,49.87479827097372,49.89249104815344,2104800
2019-05-06,50.14018630981445,50.379033754823546,49.662491419796275,49.83941582808661,1680200
2019-05-07,49.697872161865234,49.99864261445583,49.05210100253438,49.71556493843551,2182400
2019-05-08,49.910179138183594,50.58249115512271,49.38825741059301,49.43248766510298,2770100
2019-05-09,50.03403091430664,50.19326253762839,48.6451799355409,49.08748925042304,2146400
2019-05-10,50.246337890625,50.36133925827287,49.34402647622721,49.874799682988886,1950900
2019-05-13,48.379791259765625,49.361718470873555,47.80479117975217,49.00787304653118,3261900
2019-05-14,48.81325912475586,49.11402961150724,48.32671952474545,48.57441167575748,1837600
2019-05-15,48.53903579711914,48.75134580785798,47.663265017385136,47.9021125140089,1409600
2019-05-16,48.63633346557617,49.04325723881274,48.32671828475538,48.81325787228192,1173000
2019-05-17,47.141326904296875,47.964022487974624,46.451322088422245,47.73401975783234,2709800
2019-05-20,46.54863357543945,47.10594428367023,46.48671053836408,46.82286657859641,1939900
2019-05-21,47.48633575439453,47.689797666166136,46.83171638102054,46.97325524897265,1771000
2019-05-22,46.77864456176758,47.3271072901619,46.442488462308404,47.097107879723325,2003400
2019-05-23,45.46054458618164,45.920546615287755,45.11554390799,45.911701915010546,2553000
2019-05-24,45.25709915161133,46.30979434316485,45.221713588562544,46.00017910287059,1836700
2019-05-28,45.12440490722656,45.53133213254817,44.72632913448291,45.257099081176456,3851400
2019-05-29,44.90324020385742,45.115550160001604,44.38131507682825,44.62016251203335,2870800
2019-05-30,43.59400177001953,44.89439213943214,43.45246293470981,44.328236798193245,2921300
2019-05-31,42.46169662475586,42.93939152167695,41.692079318306845,42.22284917629531,3610000
2019-06-03,44.036312103271484,44.07169765658153,42.45284739999618,42.46169210104764,3432400
2019-06-04,44.36363220214844,44.61132437530554,43.859399778477034,44.452092728403755,3760100
2019-06-05,44.752864837646484,44.761709540766255,43.84170856143019,44.496324577985604,2824200
2019-06-06,44.602481842041016,45.08902492058092,44.257481022387765,44.850177420539474,3471400
2019-06-07,44.97401428222656,45.159783397017705,44.098240295342976,44.63785823554319,2243900
2019-06-10,45.06247329711914,45.6993998117739,44.929782522934325,45.21286022399146,4174400
2019-06-11,45.77017593383789,46.256715574871855,45.52248038738845,46.10632863153975,2211700
2019-06-12,45.230552673339844,45.84093832907875,45.159781561313814,45.62863174210538,1674700
2019-06-13,46.1240119934082,46.38939689118672,45.42516250876818,45.478240838144714,1973500
2019-06-14,45.73477554321289,46.132854529356024,45.59323672308996,45.9205446118958,1553600
2019-06-17,44.89439392089844,45.610936201272736,44.496314876246046,45.11554857075508,2588500
2019-06-18,46.54863357543945,47.04402124659486,45.380937198371825,45.380937198371825,2863200
2019-06-19,47.990562438964844,48.468257326590894,47.35363592213011,47.5394084059085,5546800
2019-06-20,47.6013298034668,49.01671826486694,47.25632570235775,48.6451800592065,3689600
2019-06-21,47.716331481933594,48.10556586980035,47.47748402789332,47.75171703984012,4127000
2019-06-24,47.53941345214844,47.96403005025989,47.00864017359454,47.57479563774316,2439600
2019-06-25,48.025943756103516,48.83979123395185,47.58363446391148,47.79594103441448,3280500
2019-06-26,48.76018142700195,49.034414436748,48.01710158969082,48.50364457061969,3326900
2019-06-27,48.62651824951172,49.107705064987066,48.43939117656693,49.00077579462151,1593900
2019-06-28,49.098793029785156,49.143350009042926,48.483945467139,48.92057870963515,2259300
2019-07-01,49.60671615600586,49.749293064776246,49.170086270168646,49.535431100841265,1697200
2019-07-02,49.13444137573242,49.36612545011744,49.00968998147305,49.33939058047575,1831000
2019-07-03,49.268096923828125,49.43740187230143,49.063147754869924,49.27700627933937,910600
2019-07-05,49.285926818847656,49.4641411509814,48.52850231039728,48.7869178508999,1822700
2019-07-08,48.608699798583984,49.34830218909332,48.32355278998823,49.054242424417424,2001400
2019-07-09,48.581966400146484,48.67107356208755,47.74434752055132,48.22553095394155,3120900
2019-07-10,48.270084381103516,49.178991706731644,48.23444355597286,48.98295527124189,1529300
2019-07-11,48.20769500732422,48.341359111097944,47.54829404006286,48.100765763836854,2035600
2019-07-12,49.161170959472656,49.25919087954913,48.34137417196105,48.47503831737814,1906600
2019-07-15,49.21463394165039,49.64235441891122,48.76018199681707,49.49087157037351,1478100
2019-07-16,49.50870132446289,50.239391010815545,49.09879949616059,49.33939293911388,2215800
2019-07-17,48.74236297607422,49.49087470854822,48.53741378017568,49.312656981917186,2043900
2019-07-18,48.73345184326172,49.25028292778296,48.24335562811881,49.08097795141593,2432000
2019-07-19,50.533447265625,50.71166500800287,48.947316496825465,49.428503381479494,4016600
2019-07-22,50.14136505126953,50.94333969876466,49.3750312286793,50.83641042560937,2922100
2019-07-23,50.4175910949707,50.79184516455786,49.588881770348245,50.43540980371526,1914900
2019-07-24,50.4175910949707,50.53342969790795,49.8918508072986,49.945313731971325,1497400
2019-07-25,50.07898712158203,50.577992640162506,49.936413630670444,50.51561695033995,1723900
2019-07-26,50.0433349609375,50.159176966184056,49.70472169902737,49.94531506413039,1916300
2019-07-29,49.66017150878906,49.99878479375462,49.40175601765167,49.811657741228856,1552400
2019-07-30,50.1235466003418,50.132455957413704,49.10770993311683,49.33939060841247,1693200
2019-07-31,48.457210540771484,50.248290164531184,48.29681494470703,50.15027025591179,2888500
2019-08-01,47.280975341796875,48.77799854095592,46.79978858509151,47.9849299682142,2882200
2019-08-02,46.84434509277344,47.46810536469083,46.18494399900193,47.13840481780507,1805600
2019-08-05,45.22256088256836,46.08691436551245,44.86612554548108,45.90869669696881,2128100
2019-08-06,45.7483024597168,45.828500242922374,44.73246613859243,45.382957758273484,1470500
2019-08-07,45.668113708496094,45.82850930662939,44.9552462719148,45.22257113573028,1920800
2019-08-08,46.48790740966797,46.68394721677973,45.82850634810636,46.12256265955414,1374500
2019-08-09,45.49880599975586,46.25622696791028,45.08890427422231,46.07800926975045,1500800
2019-08-12,43.98396301269531,45.28494650005263,43.734460261481594,45.28494650005263,1983100
2019-08-13,44.70574188232422,45.60573981835892,43.61862027338297,43.841391568549156,2508000
2019-08-14,43.20872497558594,44.27802454896922,43.19090286280016,43.912679734911826,2185400
2019-08-15,42.513675689697266,43.53842506827741,42.19288446164712,43.39585156683517,1651300
2019-08-16,43.44930648803711,43.832473339814484,42.691885538739385,42.78099268599096,1381200
2019-08-19,44.47406005859375,44.88395841508104,44.21564454720041,44.269110880350105,1962900
2019-08-20,43.689903259277344,44.420592801016326,43.60970546083185,43.87703372179687,1506400
2019-08-21,43.83247375488281,44.420589770283755,43.796832935176546,44.26019418433624,1673200
2019-08-22,43.600791931152344,44.06415656678795,43.351289203971525,44.04633445781507,1352100
2019-08-23,41.83644485473633,43.31564593986064,41.6671365153756,43.0483210978203,2143300
2019-08-26,42.2374382019043,42.53149453890753,41.87209342003958,42.25525691389952,1330700
2019-08-27,41.53347396850586,42.629508152152724,41.49782975134182,42.52257889988025,1274800
2019-08-28,42.14833068847656,42.21961913848429,41.07902773290342,41.36417473449354,1309600
2019-08-29,43.49386978149414,43.56515482981072,42.69189174280588,42.73644532290628,2092800
2019-08-30,43.645347595214844,44.22455426731661,43.42257632120953,43.89485033435044,2361400
2019-09-03,43.27109909057617,43.28892120271113,42.55822820205894,43.09288136844686,1645400
2019-09-04,43.93050003051758,44.09089563973441,43.35129668543039,43.80574864539789,2005500
2019-09-05,44.86613082885742,45.15127777241805,44.402769594986175,44.55425242159414,1871500
2019-09-06,44.69683074951172,45.062175523093295,44.13544615622586,44.981977724052456,1676600
2019-09-09,45.65029525756836,45.74831517531053,44.96415923259349,44.9730719883266,1731900
2019-09-10,46.89781188964844,46.89781188964844,45.58791564554871,45.899794084991484,1984000
2019-09-11,47.45920181274414,47.53939962610231,46.03346668551086,46.90672987584383,1968200
2019-09-12,47.84236526489258,47.984938767183735,46.56811310100644,47.60177184242242,2763400
2019-09-13,47.762168884277344,48.61761332280074,47.69979318761279,48.466127060029315,1960800
2019-09-16,47.370086669921875,48.08295411356755,46.52355509343383,46.60375289329523,2167000
2019-09-17,47.307716369628906,47.39682353552681,46.01564206878637,46.53247314881158,1829300
2019-09-18,47.129493713378906,47.4324628046789,46.60375333139422,47.04929591276361,2869900
2019-09-19,46.9780158996582,47.36118283261861,46.38098700907458,46.4166312352152,2835700
2019-09-20,46.88890075683594,47.58394950184274,46.630488640594855,47.03147424825936,3932900
2019-09-23,47.102760314941406,47.28988737563114,45.78395473606805,46.06018894969004,3037600
2019-09-24,45.11564254760742,46.9601885546222,44.69683143516731,46.81761506516474,3657300
2019-09-25,46.0512809753418,46.24732079673675,44.80376040155225,44.99980022294721,3538800
2019-09-26,44.30910110473633,45.719017501113214,44.039690961137815,45.47654734415379,2939000
2019-09-27,44.9107666015625,45.198141194846826,44.4348087476334,44.74912331733347,1809300
2019-09-30,45.71900177001953,45.925549589900164,44.61441816331806,44.77606487900458,1829200
2019-10-01,45.26999282836914,47.021163644096,45.18916945454374,46.266813296970675,2079000
2019-10-02,44.2911376953125,44.89282362996915,43.9319219051531,44.72219458806238,2278500
2019-10-03,44.51564025878906,44.52462253639641,43.37513422985302,44.03968231765475,1600000
2019-10-04,44.97364044189453,45.018541552671564,44.551562463973085,44.64136468552715,1601000
2019-10-07,44.61444091796875,45.39573149177789,44.42585412872799,44.91977337824557,1435100
2019-10-08,43.6894416809082,44.42583073993687,43.62657945092292,44.237240624246425,1400000
2019-10-09,43.82414627075195,44.1204997285359,43.47391285754163,44.1204997285359,1756300
2019-10-10,45.09038543701172,45.18916994227956,44.22827172405934,44.26419398519953,1696000
2019-10-11,47.30852127075195,47.58691357290347,45.8896232107811,45.9614677116206,2948100
2019-10-14,46.45539093017578,46.87746884702549,46.28476536361733,46.43742980331679,2606900
2019-10-15,47.42527770996094,48.01798127440132,46.30273282081361,46.31171167260333,2066900
2019-10-16,46.266807556152344,47.68570242246432,46.060259721057214,47.0301366608837,2006400
2019-10-17,46.47336196899414,47.11096669267244,45.93454175124199,46.83257773131917,1563900
2019-10-18,46.410491943359375,46.98523432613097,46.35660856032398,46.61703977305949,1489700
2019-10-21,46.50928497314453,47.658769949765706,46.42846159661739,47.34445872201318,2525000
2019-10-22,47.72163009643555,48.03594473609942,46.248851678481174,46.81461528928789,3726600
2019-10-23,47.568965911865234,48.00900161398694,47.36241805209082,47.7306126587731,2625100
2019-10-24,47.335472106933594,48.206568037948514,46.90441528019269,47.883274561459054,2057100
2019-10-25,48.332298278808594,48.66457064670337,47.43426225961745,47.46120224395781,2171600
2019-10-28,49.14950180053711,49.45483412744322,48.49393603924294,48.49393603924294,2078800
2019-10-29,49.05970764160156,49.45484224835609,48.8262163631783,49.01480652674646,1946100
2019-10-30,48.817237854003906,48.96990233073256,48.224534226833825,48.58374657393768,1783100
2019-10-31,48.3592414855957,48.718457287502936,47.86532232727509,48.27841810145336,2952500
2019-11-01,49.706275939941406,50.25407827955383,48.862123592869374,48.87110244278385,2254400
2019-11-04,50.20918273925781,50.550437311287546,49.562595850303545,50.2900061003771,1467900
2019-11-05,49.81405258178711,50.65820509642979,49.76914804609758,50.57738172821777,1836800
2019-11-06,49.517704010009766,49.858958645894845,49.338096126610495,49.858958645894845,1577500
2019-11-07,49.85895538330078,50.281033367809464,49.697308641392574,50.11938662590126,1217500
2019-11-08,49.89488220214844,49.89488220214844,49.11358840295275,49.56260641023212,1627100
2019-11-11,49.805076599121094,49.95774450314369,48.996846240585356,49.50872649537865,1315600
2019-11-12,49.66138458251953,50.32593265581174,49.46381901402867,49.84099244765811,1839800
2019-11-13,49.09562301635742,49.65240776365577,49.08664416431368,49.490761020986604,1372000
2019-11-14,48.93397903442383,49.391975848605604,48.73641003479415,48.862134516109336,1098600
2019-11-15,49.34708023071289,49.55362810525666,49.06868782985709,49.257274572822844,1244500
2019-11-18,49.805076599121094,49.83202000908716,48.81723835233223,49.25727408153007,1357500
2019-11-19,49.212364196777344,50.23612452394066,49.140523109718735,50.17326228811378,1104900
2019-11-20,48.583740234375,49.41891388537174,48.41311464869531,48.84417146441378,2282400
2019-11-21,48.709476470947266,49.095628817691534,48.395161800512,48.73641645599705,1410600
2019-11-22,49.607505798339844,49.849972482436094,49.032759931108785,49.032759931108785,1265600
2019-11-25,50.21815872192383,50.51451217101305,49.56259301950372,49.823024215539476,1480800
2019-11-26,50.29899597167969,50.577388371137864,49.993663587857526,50.13735263976024,1691400
2019-11-27,50.64922332763672,50.748004393553224,50.1193820389259,50.29898646839948,1456900
2019-11-29,50.613311767578125,50.80189851382043,50.34390164069831,50.6312728994682,1608100
2019-12-02,50.86475372314453,51.268870570404346,50.54146024533668,50.78393035369257,1626100
2019-12-03,49.643428802490234,50.200213586986656,49.01480634537405,49.91284234209484,2085900
2019-12-04,50.13734817504883,50.71209062853688,49.9397791720116,50.08346478538361,1831800
2019-12-05,50.73006057739258,50.76597941767832,50.02061123927768,50.290021382967836,1322200
2019-12-06,51.7358512878418,51.942399143897056,51.06232432976519,51.45745891190544,1906500
2019-12-09,51.861568450927734,52.526116463076775,51.861568450927734,52.08607740526075,1986600
2019-12-10,51.852603912353516,52.2387562687155,51.52931038076142,51.70891827894989,1681000
2019-12-11,52.193843841552734,52.60694294559909,51.82564927162564,52.03219711078133,1511800
2019-12-12,52.184871673583984,52.71471304214025,50.9276199233956,51.18805118140733,3511800
2019-12-13,50.71208572387695,52.15792399557348,50.71208572387695,51.90647162719045,2126900
2019-12-16,50.73006057739258,51.52931215482558,50.61331492569037,51.29582085142116,2360900
2019-12-17,51.34071731567383,51.36766072561479,50.65821145183041,50.685151436035845,1363600
2019-12-18,51.223968505859375,51.36765411268322,50.74800714984563,51.36765411268322,1341700
2019-12-19,50.76597213745117,51.41255913017073,50.69413104144641,51.33173575608078,1410900
2019-12-20,51.08926010131836,51.49337692800598,50.60431990929322,50.945574499133315,5240400
2019-12-23,50.98149871826172,51.18804656524379,50.69412750283144,51.03538210580556,1205200
2019-12-24,50.88271713256836,51.38561850121914,50.76597149907642,51.044363878715565,725700
2019-12-26,51.00843811035156,51.107222606840736,50.38879457655819,51.04436036829946,1274700
2019-12-27,50.90067672729492,51.17906909853601,50.74800883799007,51.125185709533966,1370200
2019-12-30,50.722496032714844,51.06619090699465,50.51446564793132,50.98478876303011,1262500
2019-12-31,50.90339660644531,51.0571577753319,50.48734265578093,50.56874481571678,1445400
2020-01-02,49.854209899902344,51.427983676851504,49.79994409914805,51.40085077647436,2466800
2020-01-03,49.193946838378906,49.68235971996066,49.04923229386582,49.2934387346567,2837400
2020-01-06,48.777896881103516,49.41102435816896,48.624135724404525,49.031146491822824,2239000
2020-01-07,48.66935729980469,49.374840264201225,48.488463258858516,48.615088052440775,2559000
2020-01-08,48.551780700683594,49.166818433649276,48.506558048314666,48.70553840879141,2130200
2020-01-09,48.38897705078125,48.67840617020379,48.000056024632094,48.615093765971814,2672800
2020-01-10,47.72871017456055,48.65126666128044,47.61112853255504,48.388970479216916,1646000
2020-01-13,48.271392822265625,48.82311812999296,47.828206016242305,47.927697917670784,1951100
2020-01-14,48.841209411621094,48.93165471560982,48.226171683749676,48.28044093630322,1845200
2020-01-15,48.32566452026367,48.84121035352955,48.14477045853048,48.55178123486335,1196100
2020-01-16,48.253299713134766,48.66031044052569,48.0904954221784,48.66031044052569,1782500
2020-01-17,48.66935729980469,48.841204741056785,48.171897824636,48.51559615740704,2341300
2020-01-21,47.357887268066406,48.461337986238085,47.09559103993258,48.461337986238085,2282500
2020-01-22,47.0051383972168,47.57494996910842,46.82424435602572,47.52972732137736,1612300
2020-01-23,46.806156158447266,46.84233565793816,45.85646672354666,46.661441610750664,1652400
2020-01-24,45.521812438964844,46.66143900720499,45.07862222059731,46.66143900720499,2009700
2020-01-27,44.48168182373047,45.09671958353474,44.38218991401693,44.70779854570947,3016400
2020-01-28,44.74397659301758,47.647314380669464,44.65352783700938,47.647314380669464,4406700
2020-01-29,43.46867752075195,44.9248662331941,43.45058776994142,44.57212471805675,2860800
2020-01-30,44.1922492980957,44.21938219856163,43.11593157605241,43.36918463138047,2845700
2020-01-31,42.953128814697266,43.66765494727009,42.75414501940848,43.4324951030563,3214800
2020-02-03,43.36013412475586,43.60434055775012,42.99834950015705,43.1159276917616,2270000
2020-02-04,44.17415237426758,44.55402672017133,43.640516900069535,44.23746476525154,2984400
2020-02-05,44.78919219970703,44.89772723957502,44.32791224230132,44.879637491219235,2513100
2020-02-06,44.36410140991211,45.223345667650975,44.16512103515632,45.223345667650975,2033400
2020-02-07,43.342044830322266,44.020394890106026,43.197330288912404,43.920906446228535,1988400
2020-02-10,43.10688781738281,43.50485196975527,42.962173266495824,43.097844667444214,1850700
2020-02-11,43.721923828125,44.30078200925716,43.29682334186429,43.32395969116337,1994200
2020-02-12,43.74905776977539,44.327915964702775,43.40536287295413,44.29173991522006,1770000
2020-02-13,43.36918640136719,43.694795021315535,43.170202589117146,43.36918640136719,2108600
2020-02-14,42.64561080932617,43.495808355426576,42.32904536058215,43.38727330598689,1995600
2020-02-18,42.86267852783203,43.04357256703025,42.45566780220273,42.50993704904224,1822800
2020-02-19,43.1521110534668,43.66765686364272,42.880771698153225,42.95313069971263,1736700
2020-02-20,43.27873611450195,43.54103232132127,43.03453310844768,43.34204851611115,1329500
2020-02-21,43.92994689941406,44.002305890811435,42.96216781620715,42.97121096499851,2348800
2020-02-24,42.77222442626953,43.29681323663442,42.51897144343183,42.72700178834834,2793400
2020-02-25,40.67386245727539,42.96216175842864,40.62863636889573,42.90789252253271,3336500
2020-02-26,39.49806213378906,41.12610507769508,39.48901898421932,41.07183582947591,2878600
2020-02-27,37.815765380859375,39.525207407679545,37.70722685991343,38.9644388505296,3649800
2020-02-28,37.39970397949219,37.68913310407713,36.11536267042992,36.51332685416738,4665900
2020-03-02,38.620731353759766,38.63882110299727,36.558544794153214,37.68008509501059,4039800
2020-03-03,37.87002944946289,39.86890398994514,37.2549916601249,38.67500446631974,3277600
2020-03-04,39.06391906738281,39.11818831639184,37.96047193966844,38.63882202607986,2302600
2020-03-05,36.87510681152344,37.89715512194846,36.36860423063436,37.66199185393096,2899900
2020-03-06,35.82593536376953,37.01983142583143,35.14758517167675,35.898290923453665,2975000
2020-03-09,31.403087615966797,34.0079494507325,31.384997866386442,33.29342331877678,3939600
2020-03-10,33.582855224609375,33.763749285298616,31.22219618576955,33.03112989212746,3648300
2020-03-11,32.04525375366211,32.940673806916905,31.27645847963393,32.51557682669418,3356500
2020-03-12,28.734909057617188,31.27646186686699,28.5811496411328,29.44943861808388,4495200
2020-03-13,32.41609191894531,32.41609191894531,29.476574667604982,30.751872783252715,4387700
2020-03-16,27.712860107421875,30.471482949071095,27.405341280631244,28.716818731657952,3168400
2020-03-17,28.02942657470703,29.422304581924564,26.90788792372575,28.33694543184601,3875600
2020-03-18,26.54609489440918,26.88074656830981,24.899965968390404,26.40138037729543,4376500
2020-03-19,27.875669479370117,30.634292824162326,26.338076790110115,26.627505921023353,3166600
2020-03-20,27.703815460205078,29.13287283901028,27.179224820520467,28.798221111610363,4139900
2020-03-23,25.704946517944336,28.400257167171908,25.677811892903726,27.459612592499724,3721800
2020-03-24,28.92484474182129,29.53083922684243,27.296805366817214,27.495787420387344,3644400
2020-03-25,28.2193660736084,30.362951516476706,27.495791567155038,29.19618846582329,3323900
2020-03-26,30.335813522338867,30.55288359515755,27.821395510411804,28.454521156488426,4184100
2020-03-27,30.173015594482422,30.697604589450574,29.006252494093708,29.60320049541186,3114400
2020-03-30,31.970184326171875,32.1716012776801,29.443332673647674,30.029269086264502,5136000
2020-03-31,32.97727584838867,34.02097584454812,31.512430868770032,31.997662449013923,4390100
2020-04-01,32.86741256713867,33.087137037012546,31.17368594061159,31.283548175548532,5412700
2020-04-02,32.90402603149414,33.93857210777718,32.107518836281436,32.92233698330393,4188200
2020-04-03,32.638526916503906,33.334325643352564,32.42795271075769,32.62021596415828,3504600
2020-04-06,34.341400146484375,34.85409628360277,33.7554636997529,34.24069515732348,5256500
2020-04-07,34.16745376586914,36.08090457423316,34.00265869204205,36.00766425945275,4768400
2020-04-08,35.75131607055664,36.22739036212025,34.16745533701505,34.51535645247636,3152100
2020-04-09,36.099220275878906,37.45419945594186,35.53159466493059,36.51120801465487,3478600
2020-04-13,35.513275146484375,36.383026053608845,35.037200928979864,36.23654194764258,3278100
2020-04-14,35.137916564941406,36.59360419248271,34.643531296918184,36.19992742266317,3349400
2020-04-15,32.528663635253906,33.233619637227676,32.07090026974813,32.89487572464145,3675800
2020-04-16,32.51034927368164,32.8216284692944,31.78708588626527,32.8216284692944,2652600
2020-04-17,34.17661666870117,34.45127400657978,33.618144769288726,33.801247332902776,2111700
2020-04-20,33.444190979003906,34.13999326309673,32.821632511113435,33.17869087641383,2033800
2020-04-21,33.00474166870117,33.32517815609029,32.33640749894587,32.36387218638065,2043700
2020-04-22,33.32516860961914,33.9843453664271,33.01388943551712,33.920258785799334,1603200
2020-04-23,34.53367614746094,35.11961281080763,33.40757846775565,33.480818804444986,2363600
2020-04-24,34.670989990234375,35.623138454694036,34.487883978998795,35.08297764240025,2393500
2020-04-27,37.07883071899414,37.85702700376795,34.799167738108174,34.85410059645792,3438000
2020-04-28,37.069671630859375,37.71969464465464,35.7513111606756,36.00766097013168,4238400
2020-04-29,38.909881591796875,39.358491175065694,37.99435496610754,37.99435496610754,4256700
2020-04-30,37.710540771484375,38.66268930838537,37.50912728701232,38.10421750323273,4537600
2020-05-01,37.536590576171875,38.09506236061045,36.67599683000263,36.7583943636486,2802800
2020-05-04,37.591522216796875,37.73800632828034,36.538665264445484,36.84994443790494,2115100
2020-05-05,37.30771255493164,38.58945131576492,37.1978503302039,38.22323924339622,2726500
2020-05-06,37.07883071899414,37.948581767684196,36.81332714232274,37.628145332663046,1563700
2020-05-07,37.454193115234375,38.24154655105612,37.37179558142845,37.75631857000837,1803000
2020-05-08,38.63522720336914,38.69931379258255,37.97604686579441,38.003511549040965,1614100
2020-05-11,37.19784164428711,38.12252184703687,36.968960025616184,37.618982984452096,2326800
2020-05-12,35.714691162109375,37.40841746913851,35.696383703454565,37.40841746913851,1924900
2020-05-13,34.16745376586914,35.440035230734104,33.828709888538754,35.32101928265883,2895100
2020-05-14,34.323097229003906,34.34140468948653,32.73007924781378,33.29770481911862,2669600
2020-05-15,34.85409927368164,34.9273430820349,33.69138000950119,34.0301238919925,3585600
2020-05-18,37.40841293334961,37.86617617826587,36.630213321518134,36.67599243997488,2172800
2020-05-19,36.996429443359375,37.765471920344666,36.83163437740133,37.2893976734055,1119700
2020-05-20,37.24361038208008,38.15913668745578,37.152059148524785,37.326007889262115,1674400
2020-05-21,36.621070861816406,37.60984145146504,36.556984267204825,37.124609887674886,1533300
2020-05-22,36.144989013671875,36.74923641768247,35.68722572298334,36.62106325508276,1162200
2020-05-26,38.003509521484375,38.44296538472654,37.2070023177148,37.60067905471221,1910200
2020-05-27,39.459197998046875,39.52328458541718,38.644379822232665,38.873261489257196,2246700
2020-05-28,38.95566177368164,40.18246773506529,38.70846913678449,39.862034775637866,2000200
2020-05-29,38.69015884399414,38.80917829915357,37.83872218119057,38.60776129695413,3734000
2020-06-01,38.873260498046875,39.22116160094119,38.41549717567009,38.69931169282821,1580600
2020-06-02,39.57821273803711,39.66976748943785,39.00143002781075,39.22115793871587,1642700
2020-06-03,40.374725341796875,40.7500911423004,39.926119222697544,40.28317407043783,1514300
2020-06-04,40.869110107421875,40.87826732992415,39.73385898913632,40.27401986568646,1933500
2020-06-05,41.628997802734375,42.6910085747311,41.25363201674735,42.31564278874408,2276200
2020-06-08,41.64730453491211,42.38887880949073,41.381800995700594,41.729702064582696,2600600
2020-06-09,40.512062072753906,40.978979217589014,39.834570684460374,40.88742793192179,2012800
2020-06-10,40.374725341796875,41.19870075385687,40.063446129736114,40.55783137697211,1819900
2020-06-11,36.309783935546875,39.22115873232313,36.19076450254598,38.01266392903375,2771400
2020-06-12,37.71969985961914,38.20492788172698,36.84079508628743,37.802097400397564,1897000
2020-06-15,38.378875732421875,38.93734755121903,36.2457004406153,36.410495518045835,2609900
2020-06-16,40.82333755493164,41.4916716573241,39.6789291277273,41.29025465654978,3990000
2020-06-17,40.283164978027344,41.00643173286782,40.00850773348661,40.823325739021875,2170700
2020-06-18,39.843719482421875,40.67684857865254,39.642302505600085,39.825408530669264,2133300
2020-06-19,39.09298324584961,40.62191086347723,38.78170408820985,40.502894930009475,2871100
2020-06-22,38.726776123046875,39.12961007929443,38.47042978176713,38.919035879006685,1544000
2020-06-23,38.653541564941406,39.52328920737966,38.63523061034326,39.312718468187214,1539700
2020-06-24,37.23446273803711,38.44296098495578,37.16122243085038,38.37887091403958,2122300
2020-06-25,37.92110824584961,37.95773014625285,36.529510955092974,36.849943852479704,1839100
2020-06-26,37.17038345336914,37.63730403657575,36.730931046647044,37.49997363152503,2897100
2020-06-29,37.82044982910156,38.23656441025809,37.48755534219959,37.635508055548144,1709900
2020-06-30,38.292057037353516,38.50473889251728,37.3581059753325,37.561538799526836,1701600
2020-07-01,37.33960723876953,38.36603085761507,36.94198361115421,38.28280722561486,2408900
2020-07-02,38.28280258178711,38.93009349941323,38.04237721740803,38.04237721740803,2072000
2020-07-06,38.51397705078125,39.22599702566197,37.57077722406125,39.189011494640795,2405000
2020-07-07,38.07936477661133,38.5139773991459,37.55228303448126,38.005386658958294,2659300
2020-07-08,36.67381286621094,38.27355264721716,36.32242385676474,38.27355264721716,3177100
2020-07-09,35.87856674194336,36.62757934256549,35.61040134484113,36.52586119004596,2644900
2020-07-10,37.404327392578125,37.54303106109118,35.9432914307744,35.98028048669943,1752900
2020-07-13,36.93273162841797,38.07011882317147,36.87725156316775,37.811202445414246,2211800
2020-07-14,37.96840286254883,38.02388292585293,36.50736671937734,36.7662830880524,1670200
2020-07-15,38.541717529296875,38.865362976189665,37.69098681143885,38.689670237515124,1864600
2020-07-16,38.615692138671875,39.19825747083636,38.07011586544786,38.375270310500476,1848000
2020-07-17,38.15333938598633,39.10578825015886,38.107104826165326,38.80988283433947,1176200
2020-07-20,37.6355094909668,38.17183677450921,37.37658958712843,37.79270771162663,2001700
2020-07-21,38.735904693603516,38.930091961218686,37.81119938785038,37.82044841629156,1808300
2020-07-22,39.07804870605469,39.170521362665504,38.255061463309836,38.38451965509381,1638900
2020-07-23,39.38320541381836,40.46510910145112,38.90235815460223,39.18901811513628,2444300
2020-07-24,39.62362289428711,39.68835198668381,38.828379255203174,39.30922293372984,1801200
2020-07-27,40.52983856201172,40.59456765651533,39.2167550860719,39.40169686785553,2301800
2020-07-28,39.45717239379883,40.31714858180609,39.40169233487622,40.18769040769242,2693800
2020-07-29,40.002750396728516,40.002750396728516,39.52190673683942,39.52190673683942,2119900
2020-07-30,39.48491287231445,39.57738198162329,39.03180577077216,39.30921662616908,1920800
2020-07-31,38.7913932800293,39.33696962181887,38.50473332842079,39.179767865300896,4898900
2020-08-03,39.63286209106445,39.83629834668333,38.717402468249595,39.12427497948735,2471300
2020-08-04,39.771568298339844,39.975004567030226,39.14277202028564,39.53114650327238,1924500
2020-08-05,40.206180572509766,40.99218208748402,40.17844054605936,40.224675099300136,1833800
2020-08-06,40.002750396728516,40.57607023212161,39.873292216952926,40.54832667397624,1902100
2020-08-07,41.00143814086914,41.130896334253805,39.438687263270914,39.58663998820642,2190600
2020-08-10,42.628910064697266,42.80460631751443,41.140137594456824,41.25110123533519,2165600
2020-08-11,41.990867614746094,43.20223283002551,41.759691289290004,42.83234929830745,2688500
2020-08-12,42.434730529785156,42.564188722268945,41.91689775985002,42.46247056318278,1615600
2020-08-13,42.074092864990234,42.37924731961467,41.60249469485447,41.8336710292775,1437800
2020-08-14,42.75836944580078,43.04502579650374,41.630227987634605,41.77818067661784,1382900
2020-08-17,42.87858200073242,43.313194602556436,42.73062929994753,43.02653470151731,2126400
2020-08-18,42.87858200073242,43.2947000740245,42.73987832794882,42.89707652926436,2102900
2020-08-19,42.342262268066406,43.40567139060296,42.24978960906024,43.008047775554566,1715700
2020-08-20,42.21279525756836,42.36999345384403,41.630229973636844,41.74119361380029,1226900
2020-08-21,41.3250846862793,42.01861376363724,41.12165188893478,42.01861376363724,1503000
2020-08-24,42.55493927001953,42.57343379972487,41.58399938905001,41.750446628927165,1286900
2020-08-25,42.13882064819336,42.610422331158745,41.80592617256387,42.59192780168257,1246500
2020-08-26,42.074092864990234,42.41623285224445,41.78743294041615,42.09258739504059,1089400
2020-08-27,42.12032699584961,42.56418513010843,41.76893798342646,42.268279707269215,972300
2020-08-28,42.52720642089844,42.712144694241175,42.129582783762935,42.28678102159856,1245200
2020-08-31,42.0370979309082,42.832344974596275,42.02785243091039,42.832344974596275,1897500
2020-09-01,43.12826156616211,43.12826156616211,41.67647429379345,42.00011978987384,2102000
2020-09-02,43.886512756347656,44.07145452211548,42.94331292565547,43.22997283896913,2764000
2020-09-03,43.10051727294922,44.27489350014755,42.70289368706825,43.75705723011231,2176600
2020-09-04,43.368682861328125,44.006728290814564,43.00804480730082,43.84952654508917,2274900
2020-09-08,42.15731430053711,42.952561414112445,41.990867066185494,42.72138509167639,2363600
2020-09-09,42.591922760009766,42.9340626961423,42.1942992420164,42.65665184177888,2257500
2020-09-10,41.97237777709961,42.776870491921464,41.94463774373474,42.71214139575598,1227400
2020-09-11,42.47171401977539,42.79535945851826,41.879903201805156,42.21279766878109,1286500
2020-09-14,43.211483001708984,43.41491931889054,42.610426607037105,42.749130300820845,1781900
2020-09-15,43.266963958740234,43.76630569185943,43.10051671436717,43.34093855208884,1795400
2020-09-16,43.978981018066406,44.33961548524786,43.008037726460415,43.45189933103652,1834400
2020-09-17,45.28282165527344,45.486254431513075,43.470396506927564,44.03446732905529,2519700
2020-09-18,45.47700881958008,46.2075268834267,45.14411433339828,45.19959792358556,4002100
2020-09-21,42.351497650146484,44.68175518820743,41.63947421956088,44.561542523960405,2879800
2020-09-22,42.240535736083984,42.71213385740942,41.82441767169651,42.286770292689134,1936200
2020-09-23,41.30658721923828,42.98030521022677,41.28809621599735,42.23129259001116,1915400
2020-09-24,41.389808654785156,42.296022974391484,40.77950328345022,41.241855944384895,1495700
2020-09-25,41.84291458129883,41.97237275814951,40.73326752226747,40.97369287425082,1134800
2020-09-28,42.78611755371094,43.40566845350902,42.18505765699162,42.76762302316116,1434600
2020-09-29,41.73482131958008,42.71429223823023,41.56691161255839,42.54638253120854,1190700
2020-09-30,41.84675598144531,42.67697414407412,41.58556471009176,42.08929022506444,1468200
2020-10-01,42.02399826049805,42.49041334343024,41.781463983097765,41.99601449423081,1812000
2020-10-02,42.94749450683594,43.45122356617823,41.231087146400924,41.37100951279773,2110200
2020-10-05,44.104209899902344,44.4493596296003,43.1527226865206,43.43257458810592,2120400
2020-10-06,43.7777099609375,44.990388187645294,43.51651871291351,44.34673680138737,2280000
2020-10-07,45.382179260253906,45.70866832490336,44.22546853691998,44.468002762307584,1861200
2020-10-08,46.11912155151367,46.165765906004395,45.4101721999091,45.64337973850417,1719400
2020-10-09,45.57807540893555,46.54821948509475,45.25158276641021,46.520232164700836,2080700
2020-10-12,45.96986770629883,46.249719592305496,45.466142140108836,45.53143996458651,1909900
2020-10-13,45.40083694458008,46.02583493012163,45.10233161247386,45.70867256995075,1616700
2020-10-14,46.06314468383789,46.3429929617409,45.18628223902082,45.18628223902082,1563300
2020-10-15,45.95121765136719,45.979204979294636,44.794510106365166,45.204954145161835,1475000
2020-10-16,46.01651382446289,46.38964375600804,45.69935142549394,46.156436214368064,1366100
2020-10-19,45.68069076538086,46.949340260450384,45.55009512179389,46.221730368593214,1712000
2020-10-20,45.251583099365234,46.42695092756203,45.22359933722956,46.07247452049873,2604200
2020-10-21,45.18628692626953,45.951207292500726,45.176960191372984,45.44748176340858,1866600
2020-10-22,46.54822540283203,46.846730762912834,44.87845859843563,44.87845859843563,2073100
2020-10-23,46.81873321533203,47.29447847551853,46.27769370275453,46.9026880519259,1845700
2020-10-26,45.03703308105469,46.27769873924768,44.80382557163173,46.268368446130815,1764400
2020-10-27,44.9810676574707,45.51278051911654,44.71054607987142,44.88778251426525,1487200
2020-10-28,43.45122528076172,44.34674127150898,43.06876154551183,44.13219078779647,2562500
2020-10-29,44.719871520996094,45.08367823127413,42.91018249674569,43.22734485753847,1911100
2020-10-30,44.551963806152344,44.71987350806019,43.63779073935653,44.21614796080107,3114200
2020-11-02,45.58740997314453,45.73666265984466,44.45868630757074,45.344875691681096,1791400
2020-11-03,46.68813705444336,46.94933185330997,45.96053085134185,46.35231771194612,1422700
2020-11-04,43.796382904052734,46.30569510750895,43.74974210116391,46.30569510750895,2370200
2020-11-05,45.522098541259766,46.26836175174658,44.27210632927048,44.27210632927048,1716000
2020-11-06,45.167625427246094,46.147099742255044,44.962405253656506,46.00717382340692,1350200
2020-11-09,47.3504524230957,49.34671174664374,47.3131419250157,48.13402981820435,2250100
2020-11-10,48.301937103271484,48.64708677138211,47.38776411435167,47.602314591075945,1572300
2020-11-11,47.39708709716797,48.3485739940211,47.21052041099732,48.3485739940211,2111400
2020-11-12,46.27770233154297,47.10792056017994,45.81128727649168,46.83739897421872,1413400
2020-11-13,48.19000244140625,48.43253669975806,46.78143056730375,46.874712153178045,1510700
2020-11-16,50.652671813964844,51.06311931995086,48.600444959427655,49.6358869008534,3099700
2020-11-17,50.24222183227539,50.57804118467179,49.62655420570329,49.92505950595256,1662200
2020-11-18,49.36536407470703,50.72729863935986,49.356037340018815,50.58737270978719,1442100
2020-11-19,49.281402587890625,49.87841312137747,48.83364112931202,49.10416263931808,1332100
2020-11-20,49.02021789550781,49.37469430711539,48.78701038548307,49.10417274145529,1016000
2020-11-23,50.06498718261719,50.32618201693204,49.19745850804707,49.77581214391523,1559300
2020-11-24,52.63026809692383,52.70489620669521,50.68998350290171,50.73662429227675,2232700
2020-11-25,51.10042953491211,52.163855233683556,50.85789528509894,51.88400692744859,2703900
2020-11-27,51.37095260620117,51.98662032128006,51.0537902342839,51.26834072727729,1052600
2020-11-30,50.09296417236328,51.622804572757715,50.08363388102769,51.025794031966086,2847200
2020-12-01,51.240360260009766,51.93065257605797,51.072450548870556,51.44558403106093,1873500
2020-12-02,51.3989372253418,52.201171682861364,51.147076229110716,51.33363940284271,1839500
2020-12-03,51.119083404541016,52.17318230330775,50.88587590401075,51.58549840560155,1791800
2020-12-04,52.63026809692383,53.171311217373926,51.47356086318052,51.93997587385924,1675100
2020-12-07,52.182498931884766,52.91943534487586,51.86533665024704,52.229143269728866,1769800
2020-12-08,52.742218017578125,53.63773411573983,51.69744567792481,51.69744567792481,2055900
2020-12-09,52.63960266113281,53.535118700268065,52.23848543472474,53.19929929597624,1458000
2020-12-10,53.27391815185547,53.37653001404938,52.01459560465363,52.387729002001684,1443200
2020-12-11,52.83549118041992,53.09668244442923,51.7254247499163,52.75153633720778,1492600
2020-12-14,51.92131805419922,53.56309730101377,51.753408368239725,53.497799485192196,1888700
2020-12-15,52.77018737792969,52.95675407039883,51.9026552826423,52.72354659442832,1456200
2020-12-16,52.64892578125,52.9567614002015,52.03325810181117,52.71422359888259,1476300
2020-12-17,51.72542190551758,53.19929138940388,51.678781119289866,53.14332386931618,1973500
2020-12-18,50.30752182006836,51.73475057101588,50.12095510972771,51.73475057101588,4603400
2020-12-21,50.503421783447266,50.58737663601399,49.225445524122115,49.43999602324499,1450300
2020-12-22,49.52394485473633,50.7366231433471,49.25342330063724,50.56871345862794,1677700
2020-12-23,49.038875579833984,49.95304860435377,48.90827994182605,49.77581217540932,1564300
2020-12-24,48.9176139831543,49.40268610996765,48.516496715952194,49.3840290791135,620100
2020-12-28,48.60976791381836,49.467969735920924,48.53513981182835,49.06685258388402,1425200
2020-12-29,48.58179473876953,49.37469892360377,48.46985256139694,48.70306009322637,1222600
2020-12-30,49.77106475830078,49.95909368127372,48.68050130868181,48.70870797825747,1582400
2020-12-31,50.006099700927734,50.18472879048762,49.10356517995797,49.780467863861986,1283400
2021-01-04,49.3668098449707,51.37871490369244,49.11297489233134,50.93684741881308,2308900
2021-01-05,50.833431243896484,51.26589530834578,49.32920685174508,49.37621319155846,2223500
2021-01-06,53.60684585571289,54.10511949018136,52.347056640530056,52.98635287428574,3291300
2021-01-07,52.8265266418457,54.293148035715994,52.33765284388894,54.189731941831376,2229400
2021-01-08,52.66669845581055,53.21197836268051,51.482118805323765,52.845323952028544,2720800
2021-01-11,53.4000129699707,54.07691569955481,51.369308367572,51.660753395332634,1857200
2021-01-12,54.62220001220703,55.017061164677926,52.911143386325634,53.58804616978778,2308400
2021-01-13,53.31539535522461,54.49057160755994,52.995747271135265,54.34014919071515,1876000
2021-01-14,53.287200927734375,54.05811638757055,53.24959442082678,54.00170662720916,1207300
2021-01-15,52.14962387084961,52.60089113306236,50.99325083898818,52.45046871232478,1613600
2021-01-19,52.53507995605469,53.606840119624316,52.48807362343999,52.61028937096755,1606700
2021-01-20,52.42225646972656,53.01454625744316,51.84877351725036,52.760707776993186,2232000
2021-01-21,51.162471771240234,52.49747386325935,51.14367210713094,52.26243861200664,1724200
2021-01-22,51.50092697143555,51.773568744072236,50.363357130735196,50.73941499549984,1522100
2021-01-25,51.25648880004883,51.65134630668557,50.39155719743209,51.65134630668557,1984600
2021-01-26,49.63944625854492,51.895786191987014,49.62064300735833,51.7077572664746,2531300
2021-01-27,48.25743865966797,48.7933187361882,47.78736816543245,48.69930248552914,3166000
2021-01-28,47.317298889160156,48.8779328267392,46.085712871474485,48.77451674152889,3985200
2021-01-29,45.81306076049805,47.42070066801418,45.07034866766222,47.24207520707434,5113700
2021-02-01,46.08571243286133,46.85662776900588,45.18317793001209,46.39595709918618,2445500
2021-02-02,47.44892501831055,47.90019234023509,46.11392271955747,46.31135150045811,3365700
2021-02-03,48.56768798828125,49.19758437599315,47.85318234637519,48.37965905524694,2854100
2021-02-04,48.90613555908203,49.47962214651869,48.08821388809783,48.29504247068319,2675700
2021-02-05,49.80867004394531,50.288143965136264,49.46081887606887,49.49842537701587,1811100
2021-02-08,50.485572814941406,51.12486898688535,50.137721646380335,50.44796631392039,1680700
2021-02-09,51.406917572021484,52.29064894823488,50.78642456609424,51.98980407180675,2877500
2021-02-10,51.6701545715332,51.98980269255227,50.81462630444596,51.80177375318451,2180900
2021-02-11,51.56673812866211,51.773570319210606,50.52318451558106,51.56673812866211,1421600
2021-02-12,52.96754455566406,53.05215738987253,51.294094708378175,51.32229779099656,2363400
2021-02-16,53.90768814086914,54.56578759546441,53.25899210516505,53.531630284999416,3784600
2021-02-17,53.588043212890625,54.88543894748702,53.55984012725387,54.81962935676545,3737700
2021-02-18,53.11796569824219,53.94529076993354,52.72310820565172,53.381204026635835,2739500
2021-02-19,54.56578063964844,55.02644768869378,53.33419472570831,53.428210970867696,3627000
2021-02-22,56.2862548828125,57.31100897510283,54.52819177293331,54.52819177293331,3802000
2021-02-23,57.21699142456055,57.3486106128061,56.40846945521911,56.90674312110697,3668600
2021-02-24,59.25708770751953,59.34170054329421,57.46141849172662,57.52722807662321,3423600
2021-02-25,57.828086853027344,59.68016626775737,57.57425187088909,59.25710198693652,1883500
2021-02-26,56.239234924316406,57.86567844105228,55.957193338622055,57.37680468555052,2876200
2021-03-01,57.83747482299805,58.19472940762564,57.282791488847316,57.63064265510524,4016900
2021-03-02,58.1101188659668,58.76821472366637,57.630644928096025,58.05370911258393,2396000
2021-03-03,58.57078552246094,59.68015222610891,57.78106691285311,58.4015598499483,3116600
2021-03-04,56.784523010253906,58.81522761189146,55.90078809443841,58.57078892125387,2052000
2021-03-05,59.1536750793457,59.44512010546553,56.972548058913794,57.658854203852535,2240700
2021-03-08,62.397159576416016,62.6415910674614,59.153668883909596,59.360501047645286,2925400
2021-03-09,61.917686462402344,62.89543395726211,60.469868470362314,61.51342554791905,2751400
2021-03-10,63.42190933227539,63.7979671569323,61.344198637611335,61.927088624464865,2048200
2021-03-11,63.769779205322266,64.7851334209869,63.5535435737109,64.41847175474012,2150400
2021-03-12,65.58424377441406,65.88508863322163,64.26804482736576,64.39026058563823,2346700
2021-03-15,65.33981323242188,65.76287390225359,63.553543522461524,65.66886121703634,2839600
2021-03-16,64.78512573242188,65.61244730660744,64.22103534219231,65.42441478562849,2074000
2021-03-17,66.03550720214844,66.383361982613,64.56888941813811,64.72871167968648,2061500
2021-03-18,66.18592834472656,67.89698469100775,65.83807358987079,66.08251226011286,2598400
2021-03-19,67.05086517333984,67.38931655430297,64.17403560786092,66.20473672093205,6491300
2021-03-22,65.38681030273438,67.11666632321285,65.2645873805504,67.11666632321285,3280800
2021-03-23,63.46892547607422,65.55603979358338,62.9142385164346,64.86973365830869,2948700
2021-03-24,65.31160736083984,67.2106893430473,64.7193138410666,64.78513060789278,3282600
2021-03-25,68.46107482910156,68.62089709515139,64.9167460270132,65.37741315909518,4329800
2021-03-26,74.55317687988281,74.59077620422484,69.99348773752664,70.37894895273855,7677100
2021-03-29,74.03612518310547,77.80609369285123,73.69767375130886,75.2113017733135,6114000
2021-03-30,75.96863555908203,76.5167379108861,74.28653480542252,74.40938234919129,4304600
2021-03-31,75.855224609375,77.93423106704752,74.76847926285245,77.21602831186718,5532700
2021-04-01,75.48668670654297,75.58119258616733,72.81233902217431,74.89133859775582,4185300
2021-04-05,76.08203125,77.46173182163659,75.94973168900644,76.74352905496777,2633000
2021-04-06,75.44889068603516,76.41279592629218,74.57004651078145,75.36384404060551,2740100
2021-04-07,75.42052459716797,75.88358026037352,74.70232905588318,75.48667437622802,2298200
2021-04-08,75.22209167480469,75.61899043577546,73.43604004064943,75.07089523672443,2733600
2021-04-09,75.8741226196289,76.90417013305553,75.16537194936062,76.05367509656129,3958200
2021-04-12,76.10092163085938,76.57342208276813,75.4205198265452,75.9780741088856,1858700
2021-04-13,73.97466278076172,76.08201777439463,73.70061167873332,75.66621510789858,2725800
2021-04-14,74.7117691040039,75.99697090920995,74.20146775107344,74.22037180661793,3096000
2021-04-15,74.56058502197266,75.59063271592963,73.81403331993887,75.1842819720324,2318200
2021-04-16,75.12757873535156,76.00642994479803,73.94632749737434,75.50558057346134,2227400
2021-04-19,75.07089233398438,76.05369437775803,73.76678615581045,74.79684114016212,2153400
2021-04-20,74.17312622070312,75.64733267837737,73.72897459863779,75.64733267837737,2241200
2021-04-21,75.77018737792969,75.77963940753155,73.18088642054938,73.6911878722584,2807700
2021-04-22,71.90512084960938,74.66452918074935,71.52712622679333,74.32432825238669,4785200
2021-04-23,73.54943084716797,73.58723175300359,71.44207540799212,72.66112758449489,4065200
2021-04-26,76.1670913696289,76.21434431111898,73.74789072889882,74.00303786750001,4502900
2021-04-27,76.25213623046875,77.07428252106772,75.60953523482897,75.86468234334244,3982700
2021-04-28,77.09319305419922,77.72634207387475,75.65678731517126,75.77964207496163,3240800
2021-04-29,77.8775405883789,78.53903844453707,76.37498515826834,77.8680885590664,3463000
2021-04-30,77.73577880859375,78.98317975242466,76.80022269338185,76.88527652648519,7387000
2021-05-03,80.98658752441406,82.03553927217995,78.31224001837211,78.55793510161058,4475100
2021-05-04,84.72879791259766,84.89889118082337,80.7314402842185,80.81648691833135,5176000
2021-05-05,87.72444915771484,87.80949579147486,84.01059474469183,85.0500944572117,5123800
2021-05-06,90.42715454101562,90.47440026856334,87.30864813142647,88.3481478646942,4550400
2021-05-07,93.32830810546875,93.85750639988206,89.15139787812392,90.14365188993489,3977200
2021-05-10,95.72859954833984,98.26120239409217,94.02759494679533,94.8780972475676,6084000
2021-05-11,96.37120819091797,98.0155079640233,93.56455397885767,94.12210112574027,5109600
2021-05-12,90.71065521240234,96.74921177393593,89.64280654559403,96.52241352457033,4676200
2021-05-13,95.256103515625,95.61520129946781,90.9563460893072,91.65564480933182,4686800
2021-05-14,96.87205505371094,97.27840577430446,93.91419729341897,94.86865032733128,3970400
2021-05-17,100.4725112915039,100.58591401296349,96.15385678380692,96.39010704617499,5134300
2021-05-18,97.77925872802734,101.9656136221486,97.36345596344192,100.99226370485614,7802500
2021-05-19,95.94595336914062,96.56020548025721,91.99584877753918,94.6135056666679,5491400
2021-05-20,95.56795501708984,96.26726099557104,93.88585427655443,96.0310107295456,3253900
2021-05-21,96.512939453125,97.76034035443512,95.79474395919033,96.44678967842616,2446000
2021-05-24,97.67530822753906,98.16670559681994,95.87980480670771,96.39955826345403,1956100
2021-05-25,94.54734802246094,98.40294642273713,94.53789599421201,98.1950522697564,3185700
2021-05-26,95.30335235595703,95.90815243788181,94.17880603382679,94.93480253133991,2140100
2021-05-27,95.49236297607422,98.4880146993836,95.35061137069468,97.45795976275939,4945000
2021-05-28,96.90040588378906,97.4107073020163,94.33000194447504,95.26555093966552,3277900
2021-06-01,104.64940643310547,104.86675983065865,98.89435392963645,99.22510283044755,7982300
2021-06-02,99.25346374511719,104.61161821752518,98.22341601339748,104.29032130627593,6173000
2021-06-03,101.18125915527344,101.35135962765533,97.0894029989319,98.32735924062789,2998400
2021-06-04,102.79721069335938,103.03346095040783,101.36081230281044,102.06011104493389,2572300
2021-06-07,101.46476745605469,103.50596601765562,99.70706488951126,102.40976852581841,3320100
2021-06-08,103.94068145751953,104.19583582265363,100.64262924103718,102.53263166809892,2764100
2021-06-09,101.66321563720703,103.64771641875238,101.6443115785507,103.00511541036964,2593600
2021-06-10,100.46305084228516,103.48705827302068,100.31185443613026,102.69325370890546,2154800
2021-06-11,100.72765350341797,102.2113120003225,99.99055387424596,101.58760787730897,2049800
2021-06-14,97.06107330322266,100.49142509608683,96.43737625442328,100.17958017658067,3797400
2021-06-15,96.31450653076172,97.24061074403974,93.56455718880026,96.49405903971436,5860100
2021-06-16,94.44338989257812,95.69079076100874,92.72348858595736,95.69079076100874,3913000
2021-06-17,90.01133728027344,94.72688983401206,88.5087892840081,94.72688983401206,5508600
2021-06-18,87.90399932861328,90.31375502243257,87.62050332390798,89.04745700655255,5248400
2021-06-21,90.58780670166016,90.91855564718159,88.77340630641149,89.2931525894348,2482200
2021-06-22,90.41769409179688,91.1169927985432,89.29314061800532,90.51219274787849,2221600
2021-06-23,90.6917495727539,93.26215351573498,90.62559978935892,92.23209864882925,2922200
2021-06-24,92.4967041015625,93.91420573668334,90.64450283017894,91.48555322356775,3584700
2021-06-25,91.37215423583984,93.35665500766163,91.28710039187494,93.24325228563706,2838400
2021-06-28,89.8790512084961,91.71235556825637,89.37820180129212,91.61784969462204,2378300
2021-06-29,89.807861328125,91.45919997945957,89.71295855566859,90.6525083120366,1663400
2021-06-30,91.04161071777344,91.08906571994537,89.447219669061,89.61804754001649,1970400
2021-07-01,91.72492980957031,92.38925645137834,90.65250749271505,92.05709313047433,1778700
2021-07-02,91.60155487060547,92.11403855496341,90.64302741044534,92.11403855496341,2215900
2021-07-06,87.8338623046875,91.95270215531345,86.97023038984275,91.30735314178015,3142000
2021-07-07,90.81385040283203,91.29785671141609,88.39378989744225,88.59308789049757,2568400
2021-07-08,88.92525482177734,90.0736023017259,86.97972257786672,87.89080225765113,2290100
2021-07-09,92.21842956542969,92.55059288993266,90.11155470627169,90.83282881134772,2711700
2021-07-12,92.77837371826172,93.76537854129425,90.23494016215191,91.1175497569375,1849500
2021-07-13,90.4437255859375,92.41772788154206,90.25391279940608,92.09505700536484,1580500
2021-07-14,90.23495483398438,92.2659050290927,89.59909815172371,91.37380283924584,1604100
2021-07-15,90.55760955810547,91.69646459997165,89.59908210095816,89.9407306488385,1278300
2021-07-16,87.349853515625,90.57659875991281,86.9702351503056,90.5576138593069,2313600
2021-07-19,85.45176696777344,86.1255861114517,83.24049673812782,85.23348405952542,3398300
2021-07-20,86.85633850097656,87.47321737585321,84.15156969333607,85.41379755044075,2471200
2021-07-21,88.16603088378906,89.58010187965755,87.74844995590114,87.91927785907183,1832100
2021-07-22,89.06761932373047,90.10207920650053,87.34985506004577,89.56112537955673,2838700
2021-07-23,89.52316284179688,90.33933980766227,87.8718240091195,90.11156444001271,1847900
2021-07-26,92.77837371826172,92.9017466059091,89.87429946798323,90.01665725564888,3235800
2021-07-27,93.36676788330078,93.95517664670031,89.92174734621065,91.26938551592023,2848300
2021-07-28,94.33480072021484,94.99912739630643,91.4307265232286,93.32881101562481,3063200
2021-07-29,98.17842102050781,98.99459796097919,95.37874918930767,95.6539723195241,4246000
2021-07-30,98.71939086914062,99.62098552645446,96.92570124685224,97.50461771125421,4793900
2021-08-02,96.87822723388672,100.52254572062765,96.54606391982708,99.36471310537645,3531700
2021-08-03,101.23433685302734,101.30076952207287,96.3277900718452,97.08702678146649,3524800
2021-08-04,99.5545425415039,101.22485908102529,99.42167719365068,100.59848766347287,2499900
2021-08-05,96.3372802734375,100.35172491321283,96.20441493844744,99.16542210750325,5150600
2021-08-06,98.99458312988281,99.83923005372735,97.31478173094955,97.84624301140447,2668300
2021-08-09,102.28778076171875,103.09446529088386,98.17842575142866,98.38721622169646,4780400
2021-08-10,112.0818862915039,112.86959308279906,102.5629938511165,102.59146395961336,8317800
2021-08-11,116.46647644042969,117.66227180919164,112.69877721422161,115.71673212735139,9300900
2021-08-12,118.85804748535156,119.55085150278104,114.17926897712472,115.84958533811627,5215000
2021-08-13,119.74064636230469,122.24611705977833,117.93746482866096,117.98491983242145,4748700
2021-08-16,117.94696807861328,118.17473618816427,113.31564456778224,117.74767007767896,4085200
2021-08-17,113.47698974609375,118.04188098159074,111.60737521994103,116.91252554607003,4321300
2021-08-18,114.6158218383789,116.93148709368207,111.89207539330135,112.480476915761,2816700
2021-08-19,111.44603729248047,112.54692259253245,110.05094395656356,110.80068824051271,3438200
2021-08-20,110.48749542236328,113.1732866890852,109.80418385366622,111.97749144386532,2871800
2021-08-23,113.7237319946289,115.04290011317691,111.28469375667134,112.0723933035659,2594100
2021-08-24,116.96946716308594,119.54137100830474,116.25768541564322,117.39653331530423,2479900
2021-08-25,113.84710693359375,117.548373140217,113.59086871310787,116.84608390572077,3463000
2021-08-26,112.04393005371094,115.43201072769311,112.02495239384837,114.52093100131164,2291800
2021-08-27,113.7426986694336,115.02390410623889,112.9360143011204,112.96448440673122,2430100
2021-08-30,114.87207794189453,117.12131074236248,113.55290975766496,114.9385106115817,3042500
2021-08-31,111.56940460205078,114.83411225931323,110.38310178945457,114.59685169679399,3543700
2021-09-01,110.33564758300781,111.38908499837243,107.57393132093918,110.8386387876992,3168100
2021-09-02,109.40560150146484,111.31317866196198,108.82668508579467,110.7152845850682,2035600
2021-09-03,108.23827362060547,110.48749916299519,108.10540828226252,110.08890314796636,1879800
2021-09-07,108.91210174560547,110.35464292686224,107.91560438522298,108.19082753466785,2918100
2021-09-08,106.46355438232422,108.35214633466673,105.94157827560316,108.30469856899406,2310800
2021-09-09,106.83369445800781,107.62140132714588,105.64739154928843,106.60592632690683,1712300
2021-09-10,106.52999114990234,110.29768999094115,106.38763336616647,107.72578639641895,2288300
2021-09-13,103.63541412353516,107.85865661569012,101.3956737625395,107.55496337558654,3494000
2021-09-14,100.78827667236328,104.08145419718103,100.42764325039724,103.88215620815107,2852700
2021-09-15,104.04351043701172,104.26179336383102,101.6709045571514,102.5060664608581,3266700
2021-09-16,104.22383117675781,104.86918026803198,102.07899342625564,103.30325893355304,3306600
2021-09-17,99.5450439453125,103.5120409563851,98.73835945725651,103.39815327641963,7501700
2021-09-20,91.9432144165039,93.79385122572916,89.60857125279249,92.83531648579047,6527500
2021-09-21,91.3073501586914,92.90174136117662,88.57411120040994,92.82581624662555,4438100
2021-09-22,92.22793579101562,95.29334576500769,92.03813021741041,93.48067140241822,3692700
2021-09-23,94.33480072021484,96.2708477713331,92.5790740128719,92.5790740128719,3986100
2021-09-24,95.77733612060547,97.6279727363174,93.33829798082104,93.72740875439428,3356400
2021-09-27,98.62448120117188,98.88072669542476,95.51162339085198,95.51162339085198,2844800
2021-09-28,97.67543029785156,98.99459849560837,95.34078714411034,98.19740645118758,2421600
2021-09-29,95.07908630371094,99.6810720410462,94.43118764543667,98.80449813687002,2370600
2021-09-30,93.84044647216797,96.93701929833853,93.8023339343083,95.9556450734279,2544600
2021-10-01,93.04010009765625,94.45022757827739,89.37185393471974,93.79280632509472,4788700
2021-10-04,92.21116638183594,94.88850834997275,91.41082495746784,93.37357325275195,3073800
2021-10-05,94.04052734375,94.55503567639897,91.65854836068416,92.84001517012535,2395400
2021-10-06,91.4584732055664,92.7638004508868,89.63864483939949,90.87726968729572,3402200
2021-10-07,94.27871704101562,96.06043978228209,93.28782026717178,93.79279860457942,3234200
2021-10-08,93.34500122070312,95.39350476828979,92.92577055908811,94.43118314468423,2448400
2021-10-11,93.96430969238281,97.07993500879758,93.90713725362545,95.23151698880727,2378300
2021-10-12,94.8980484008789,96.09856793442366,93.70705881936883,94.32637485559877,2194000
2021-10-13,95.60311126708984,95.99375933524962,93.87856069600261,95.49831087262278,2692900
2021-10-14,96.45110321044922,98.91883012753485,95.91753493628255,96.67024122209794,2386300
2021-10-15,96.97512817382812,99.46191483877449,96.85126788237942,97.9183898252558,2489300
2021-10-18,97.68972778320312,97.83264798611582,94.1358189604774,94.77418762836749,2687600
2021-10-19,98.42338562011719,98.58535846467204,95.90801611103738,97.48011660229442,2190700
2021-10-20,100.19556427001953,101.5199439612594,97.17520949022659,98.03272335090563,3660500
2021-10-21,97.25143432617188,97.63255240436027,93.37357296424216,95.4983013434171,4479400
2021-10-22,97.49916076660156,99.01409583737627,96.04139086250585,97.31812804648787,3153400
2021-10-25,104.25446319580078,104.79755415906251,97.39436605257644,98.27093264780177,4507900
2021-10-26,106.16956329345703,108.68493241780719,102.10114655095227,104.56887318985032,5641700
2021-10-27,103.092041015625,107.92269379963616,102.52989750009436,104.53075826657296,3158700
2021-10-28,104.22589111328125,105.96950179656882,103.64468755218539,103.87335554154669,2993500
2021-10-29,106.37916564941406,109.46620787729793,105.51212195044315,105.99804761985786,5369700
2021-11-01,104.06391143798828,107.55112530683074,101.7581572508561,107.54160262359858,4552500
2021-11-02,102.15831756591797,103.21591683433472,101.20552595611717,102.6632959560367,3297300
2021-11-03,105.04527282714844,105.73128393521773,101.47230436363998,102.24406322560647,3140600
2021-11-04,106.52210235595703,108.69446601168326,104.9976300010686,105.07385507265761,3557100
2021-11-05,106.90321350097656,110.11412377651718,106.1124020058071,107.05566364461879,3130900
2021-11-08,110.75249481201172,113.68709471810129,109.76159066440134,112.49610520451525,4202300
2021-11-09,108.04656219482422,109.59960978961305,106.63642751579617,108.87548618312717,3173400
2021-11-10,105.15008544921875,108.7039941779866,104.45454435701814,106.34107499329814,3212100
2021-11-11,108.01799011230469,110.19988382543737,106.71266295742298,106.7412455433537,3301500
2021-11-12,106.94131469726562,109.45668364685928,106.71264677527225,107.89410618633056,3011600
2021-11-15,104.76895141601562,107.00800996469536,103.39692934363696,106.14097348839431,3568500
2021-11-16,106.42682647705078,107.5606508888589,103.98768213153772,104.9118912131739,3187200
2021-11-17,103.95907592773438,106.88414539512536,103.91143344743715,105.72173866040326,2834600
2021-11-18,106.42682647705078,107.30340033679015,104.01626471852053,104.14013228774407,2590400
2021-11-19,107.52252960205078,108.9136044527534,105.44544364267884,106.11240211798422,2879500
2021-11-22,114.02057647705078,115.74513432879839,108.39910421592087,108.39910421592087,5089100
2021-11-23,113.7442626953125,116.29774456621868,111.72434908273073,114.14444070636162,3831700
2021-11-24,110.32374572753906,114.94478376370108,110.142712988377,113.76332415627779,2649300
2021-11-26,108.59918975830078,109.95215208558562,104.09248229218117,105.16913418318,2825900
2021-11-29,106.77935028076172,111.47661298178892,106.72218511307618,109.93308803127472,2854000
2021-11-30,101.24363708496094,107.23669709957758,100.8339364076748,105.95995258020241,6881700
2021-12-01,99.74775695800781,105.55025443074464,99.68106183542083,103.13016284523779,4309000
2021-12-02,102.48225402832031,104.30208932897365,100.17650028411053,100.46234064909163,2945000
2021-12-03,105.2834701538086,107.18905332401327,103.14921903856177,103.70183263331171,4211200
2021-12-06,105.03575897216797,107.82743905023848,104.91189866337217,106.83653477219998,3084800
2021-12-07,108.62776947021484,110.11412200064049,107.46536258597004,108.16089636475729,2498700
2021-12-08,107.48442077636719,110.02837993703501,106.95085979308318,109.90451237361323,1722700
2021-12-09,107.5606460571289,107.90365162396148,104.18776282942412,106.50304677093236,1968200
2021-12-10,107.86553955078125,109.27567436151905,105.1405549076761,108.7611660090562,1890000
2021-12-13,110.0950698852539,111.05738414641424,106.14098337769325,108.61824002979128,2591500
2021-12-14,112.82958221435547,115.32589888272405,109.18991850644798,110.02837978671818,3672500
2021-12-15,103.1111068725586,109.08510693411213,98.49006912208797,107.65591955133424,8675100
2021-12-16,108.5229721069336,110.45713802397873,105.89326507591865,106.00760269264921,4963900
2021-12-17,112.42942810058594,113.09637942739123,107.10332563148923,108.37053315241928,7103200
2021-12-20,105.88372802734375,111.21936680958872,104.949996328907,110.08554247797821,3248700
2021-12-21,107.20811462402344,107.88460310104998,105.68364941846562,106.9318114389234,2515100
2021-12-22,108.27525329589844,108.85645684175559,106.71267541598797,107.43679917740779,1095600
2021-12-23,108.90409851074219,109.47577209943309,107.32246073716584,108.34194760558556,1191900
2021-12-27,111.14312744140625,111.45755037398266,108.170415411017,109.30423959679258,1550600
2021-12-28,109.04700469970703,110.28563678948137,107.67498962570045,108.89456181113903,1524600
2021-12-29,109.46622467041016,110.1045932880458,107.90364705181574,109.47575462164704,1079000
2021-12-30,108.949462890625,111.60023567704673,108.77721048103443,109.7246023842808,1348400
2021-12-31,109.23655700683594,109.71503513012388,107.66714934653123,109.0643045904124,1298900
2022-01-03,108.1743392944336,113.16008066140857,107.55231624920319,109.94470696086087,2243200
2022-01-04,112.03086853027344,112.74858572184031,107.82983115304836,109.1599997640059,2924300
2022-01-05,117.43767547607422,121.21764984964759,113.11222901567942,113.28448143757119,7732200
2022-01-06,111.58110046386719,118.64344246240245,111.40884804192738,118.27979440442007,4619400
2022-01-07,109.51406860351562,112.67201964656122,108.61452744955292,112.44235220548431,3521200
2022-01-10,107.04512023925781,110.15522786378249,105.70538011003254,109.09300590640358,3050200
2022-01-11,106.06903076171875,106.13602471039651,102.79624203046477,105.26519098954985,4253700
2022-01-12,109.78202056884766,110.37532876256637,106.63363367609395,107.93509474121393,2869000
2022-01-13,107.86811065673828,111.16960682909678,107.45661917342721,109.09301349980466,2325200
2022-01-14,106.0499038696289,107.92553746523696,104.72930671687361,107.06427527822366,2428900
2022-01-18,102.10721588134766,104.05940725751928,100.84403408511847,103.77232479987383,3056100
2022-01-19,99.7626953125,104.23167952773669,99.15981546558922,103.82975962979617,2742100
2022-01-20,96.02098846435547,101.9254141889922,95.73390596444086,99.04497377690171,4079300
2022-01-21,89.04478454589844,94.52813992766912,88.89166803701279,94.4611532802809,5790000
2022-01-24,91.20748901367188,91.78166854883443,84.69061991893999,86.3557215883216,6443900
2022-01-25,90.13570404052734,91.31275604174733,88.26007082236671,89.10218962409306,3402500
2022-01-26,89.03519439697266,91.89649102667663,87.74330515152738,91.39887707842199,3590200
2022-01-27,92.57594299316406,94.74823770850524,91.21706690838475,93.06399271130186,5494000
2022-01-28,95.49466705322266,96.25066338259323,92.52810407661455,93.68602028711977,5878600
2022-01-31,97.03536224365234,98.4995040932314,94.8056524970794,95.10230658919117,5601400
2022-02-01,102.83451843261719,103.03547837033373,98.9588499749463,98.9588499749463,4530900
2022-02-02,107.15998077392578,107.89683398872678,101.45651421092954,102.87281289390802,4429100
2022-02-03,107.41834259033203,110.04040075716654,105.81065574549253,106.6145028184108,3453600
2022-02-04,106.47096252441406,109.41838245002975,105.38959720695685,107.71500136351884,3354100
2022-02-07,106.33698272705078,108.68152265440037,104.49962115066997,107.96380545611005,2414000
2022-02-08,110.59542846679688,111.8203312426654,107.0164142996192,107.37048342330205,4273400
2022-02-09,114.91131591796875,115.16011930284874,110.27964356247175,110.65285594078898,4067900
2022-02-10,116.3563003540039,118.05011690929032,112.93996702671008,113.45672424861121,3280400
2022-02-11,113.31320190429688,116.84436577751521,112.77730139782408,113.91608176045675,3304700
2022-02-14,112.298828125,114.78691321717814,111.50455258873231,113.87780758959306,2348700
2022-02-15,116.34675598144531,116.77738342297374,111.963894101144,112.57634558736105,1944300
2022-02-16,117.38026428222656,119.03579460705066,115.43763684351225,115.73429826376758,1941800
2022-02-17,115.73429107666016,118.26065498964095,115.1218396614525,116.27018423971766,2190700
2022-02-18,117.63862609863281,118.71998397756647,116.12663354858665,116.35630099258215,2243600
2022-02-22,113.60026550292969,119.58124153585915,113.09307990349664,117.44723337586775,4220600
2022-02-23,112.90169525146484,115.91610142900079,112.17440649800074,114.71990618363053,2377700
2022-02-24,115.69600677490234,116.05964750485286,107.35134748975192,108.78678179886734,2937300
2022-02-25,124.4521713256836,124.8827987457874,116.47115188518136,116.47115188518136,4722500
2022-02-28,125.95455932617188,128.5957675518348,122.68177116140791,123.27509388273344,4076500
2022-03-01,125.36124420166016,131.06470875968031,122.825316476545,127.24644881315736,3765000
2022-03-02,132.06954956054688,133.14135067456718,124.83496140039117,127.35176144415814,3691100
2022-03-03,131.6101837158203,134.21310572222902,129.81110140498095,133.3901228142911,3385300
2022-03-04,132.74899291992188,132.9212380628909,128.55751921705888,130.0312402495522,2780600
2022-03-07,126.2225112915039,132.7489592924411,124.64353947295052,131.73458810214697,3623000
2022-03-08,120.53820037841797,126.10768509194662,120.19369556718969,125.14116460027492,3593500
2022-03-09,124.41387939453125,125.57180290600198,120.5860616158805,121.44732371900061,3852200
2022-03-10,127.81106567382812,128.42351704786833,123.38035386666684,124.4521547227316,2691800
2022-03-11,129.4282989501953,132.2991669490906,125.48564490434919,126.97849392745637,2683200
2022-03-14,126.36607360839844,130.50011694585913,123.7344439651421,129.69627721385197,3184400
2022-03-15,129.6867218017578,130.03122665367076,123.14112961541181,123.78230318585634,2977600
2022-03-16,129.2943572998047,134.7202973918269,126.14597771628314,130.90203676322164,2845500
2022-03-17,129.12213134765625,130.35661338885257,124.44261472604543,128.28001957128674,3989800
2022-03-18,130.2991485595703,130.3757068012659,126.34691511873729,129.37089995675,6600400
2022-03-21,136.6055145263672,138.40459707858213,131.93556301738093,131.93556301738093,3825200
2022-03-22,137.8017120361328,140.92138442689935,136.00262945635606,137.48591469381063,2935600
2022-03-23,140.8065643310547,142.73004144132963,137.6964560262145,137.80172181445815,3445800
2022-03-24,146.91192626953125,147.6583509696701,141.0744873561444,141.51469365206924,3966100
2022-03-25,150.83543395996094,150.90242790397838,145.13198309475825,145.7348555809501,3524100
2022-03-28,147.2277374267578,149.56269860969928,144.18460869986708,148.8641245763355,2431700
2022-03-29,144.0219268798828,144.11762835315903,138.3280396678213,142.9788479903478,3362200
2022-03-30,143.5130615234375,146.5375163583385,141.66958247684357,145.07810460311984,2158000
2022-03-31,142.72572326660156,147.83370795754945,142.61051041364328,143.41702968568725,2972400
2022-04-01,143.3114013671875,147.34402670083895,141.23749692923357,145.23169356391037,2252500
2022-04-04,143.56106567382812,144.17555866328192,141.8616027769526,143.5514548352834,1872200
2022-04-05,142.8697509765625,147.77609842090408,141.94800422029175,143.66667404431018,3068400
2022-04-06,140.65179443359375,144.6171874967958,137.31047576664542,141.8519769474117,3253800
2022-04-07,144.89564514160156,145.80778096664804,139.70125145120778,139.70125145120778,2578800
2022-04-08,144.75160217285156,147.61284773189234,143.8394664251208,145.92298143647713,2624900
2022-04-11,146.71029663085938,149.9747868346153,144.41554851305912,145.4717002139619,2325800
2022-04-12,150.973388671875,154.03624264004344,147.62247327261713,148.59221562767976,2490200
2022-04-13,156.72463989257812,157.34874363241497,150.57971086608066,152.4807959944867,2777200
2022-04-14,158.7313690185547,160.1907806223791,157.2623319261071,157.45437287720762,2497600
2022-04-18,163.5417022705078,165.2123619150391,159.06741750977568,159.1922412026664,2680000
2022-04-19,164.98191833496094,165.40438499434353,159.66270034279714,161.89984267949646,2906700
2022-04-20,162.50473022460938,166.10527816163912,161.01650081383698,163.45528015422536,3599700
2022-04-21,168.59207153320312,180.41146917689537,162.6487640774408,164.65548081507657,7848700
2022-04-22,154.63153076171875,169.60020479224872,153.5561571782075,169.22574840308556,4993900
2022-04-25,152.2407684326172,155.82210940483233,146.45108842540944,150.8581556576421,5406400
2022-04-26,150.77171325683594,155.1499763256809,148.89943163537777,151.99110268236578,3642200
2022-04-27,152.65362548828125,155.57246302872124,149.16829064485728,155.02518739955514,3270400
2022-04-28,154.2474365234375,155.43802274106775,148.22733214041352,153.46972067065113,2675400
2022-04-29,148.61141967773438,157.3967510753531,147.18079664237385,156.16776517745092,6063900
2022-05-02,144.01229858398438,148.8610239873556,139.62442449102434,148.32334459098954,3789100
2022-05-03,146.0958251953125,147.54564044378256,143.82987995127587,144.36755939042592,2560000
2022-05-04,148.3713836669922,148.995472805401,141.93840738000537,146.28786827564676,2206600
2022-05-05,135.207763671875,148.64019652941752,133.11463782121683,147.83367742395214,3674700
2022-05-06,131.1079559326172,134.74690328990778,129.01482976761764,134.42045712447987,2818800
2022-05-09,124.84780883789062,129.76375267886937,124.13729537779017,127.1809717152104,4802200
2022-05-10,124.36774444580078,127.85308007351014,122.41864870127712,127.48821980485295,2968500
2022-05-11,120.94959259033203,126.65286216492649,120.77676601760696,125.97115205977073,2460500
2022-05-12,119.67261505126953,121.9001538169735,117.36826283580555,118.9909121666504,3342000
2022-05-13,118.85648345947266,122.58184759197931,118.66444984934353,120.01825933075438,3377600
2022-05-16,114.97749328613281,118.52043467179128,111.46335511087267,117.31064855772905,5034300
2022-05-17,120.0854721069336,120.65196211356414,114.8622749930523,117.65630365260279,3727300
2022-05-18,114.43020629882812,121.46807858906632,113.68129355340754,119.03891025956975,2382400
2022-05-19,115.89924621582031,118.54925176274531,113.07641406093641,114.40142049706597,2310100
2022-05-20,115.18871307373047,119.62458276232651,112.08743837069409,118.28998045143445,2869500
2022-05-23,121.27606201171875,122.41863831341753,116.46573490987907,118.24200388308539,2613700
2022-05-24,119.26935577392578,120.5847513095454,116.16808049020858,118.89489936192696,2056800
2022-05-25,123.53238677978516,124.20448604368708,117.13781096037863,118.25158382665333,2221200
2022-05-26,127.76664733886719,128.57316653900313,123.62840538083638,124.81899180770371,2015100
2022-05-27,132.25051879882812,132.50015149116604,127.30575797814245,129.91735633900709,1927700
2022-05-31,127.18096923828125,132.25053988822458,126.36483912636683,130.13820657519153,6387400
2022-06-01,125.50069427490234,128.9092009675865,122.7642722237437,127.84343828615968,1954500
2022-06-02,126.38401794433594,128.92839888896808,125.4622713724955,127.31536070157821,1554500
2022-06-03,123.58041381835938,126.14400220621526,122.83149368986193,124.13728567657485,1588000
2022-06-06,124.31011962890625,125.45269585857454,122.47623701911371,125.26066956424386,1633300
2022-06-07,128.4483184814453,128.67875877375008,122.57223020898044,123.37874925605134,2030700
2022-06-08,124.68457794189453,127.8530631242563,123.68603240566776,126.3744298688427,1771500
2022-06-09,118.73165893554688,122.97550253533288,118.5876355691953,122.88908558538886,2393000
2022-06-10,115.3807601928711,117.1666326040519,114.07496085296827,115.47677334205994,2230000
2022-06-13,107.79560089111328,111.35774941689286,106.53781182709957,111.23292573398045,3233500
2022-06-14,109.18781280517578,111.16571137528155,108.1028430523703,108.496506459223,2681900
2022-06-15,111.81861114501953,116.17767520961019,108.95737994039094,113.62368313099104,3582400
2022-06-16,108.08364868164062,110.39760435227277,106.35538273156958,108.20846504040492,3040000
2022-06-17,109.44705200195312,111.55937781935425,107.3539332087587,108.47730971418268,4626100
2022-06-21,107.78600311279297,114.25738576823673,107.56516628690095,114.25738576823673,2527100
2022-06-22,103.54216003417969,104.94397989649266,101.79469428804599,104.01263693434436,3090300
2022-06-23,101.81389617919922,104.63672813649409,99.42313437422514,103.69578170895126,2211800
2022-06-24,106.63382720947266,106.9698842163608,102.37078335927605,103.47494555219313,2804700
2022-06-27,105.67366790771484,107.96841629408377,104.40627546283606,107.96841629408377,1941300
2022-06-28,103.6669692993164,108.53490943795285,103.2637097198632,106.32657061180498,1920500
2022-06-29,102.49015045166016,104.5640702620943,100.53198687230183,104.49654763382038,1472900
2022-06-30,100.71526336669922,101.8631480204018,98.6220472205305,99.88569546200512,2142400
2022-07-01,101.9017333984375,103.30041953344332,99.35515525066866,100.55127350567176,1831000
2022-07-05,100.89854431152344,100.94677791770982,96.58672191363628,98.3905513375474,2500400
2022-07-06,102.16218566894531,103.08821344081481,98.95002200565722,99.2683461220727,3228500
2022-07-07,106.58010864257812,108.4803977926189,104.48689979949764,106.10745024304065,3023600
2022-07-08,105.15248107910156,107.98843872321183,103.66697595151321,107.98843872321183,1998200
2022-07-11,104.01422882080078,108.17170878615448,103.599444907455,103.599444907455,2448400
2022-07-12,105.30682373046875,107.64118596257946,103.52229074078767,104.01424554488203,2404100
2022-07-13,105.82772064208984,106.57047697897094,103.252204985395,103.85026786033944,1551900
2022-07-14,104.53512573242188,105.30681180737443,102.01748491808311,102.73129656125309,2247700
2022-07-15,106.41613006591797,106.54152713504602,103.80202912456988,105.47080587279821,1715700
2022-07-18,110.41928100585938,112.14593962370354,108.58651434070413,108.85660487589045,2833000
2022-07-19,113.08159637451172,113.92080505720749,109.96589283925732,110.90156871899232,2204300
2022-07-20,113.58319091796875,114.47063319115344,111.46104507175949,113.21664059454389,2340300
2022-07-21,123.97207641601562,124.02031001349054,116.90146081595246,118.7342197693802,3426000
2022-07-22,115.61852264404297,126.09422112634226,115.04939710838246,124.62800514520043,3445200
2022-07-25,117.91429901123047,118.74386683592765,115.99472107241428,117.08473118653329,1890900
2022-07-26,118.9464340209961,119.89175805752011,116.3709189181941,117.13296411838681,1704000
2022-07-27,122.8241958618164,123.41261048024276,117.28731100512948,118.84998697922455,2339300
2022-07-28,125.78556823730469,127.35789262389102,122.97854736555595,123.4512131806017,2423900
2022-07-29,130.99447631835938,131.30314489048757,126.08459863234619,127.34823957719148,3771500
2022-08-01,130.08770751953125,131.07161688379077,127.69547144216446,129.74044625678235,1550000
2022-08-02,127.46398162841797,129.6922356599777,124.73412463531886,129.01700939569122,2139700
2022-08-03,126.75015258789062,128.34177299821638,126.22926800194695,127.58937597472692,1530800
2022-08-04,129.4993133544922,131.3803060236968,126.3643206662084,127.08778051735081,1678200
2022-08-05,131.80471801757812,133.73394399249514,127.73405003299712,127.7436908640943,1471600
2022-08-08,131.71795654296875,135.01693245015656,131.22599431196375,133.69541686409406,1891300
2022-08-09,133.6857147216797,134.35130005955793,131.61180261912065,132.6535864455179,1530800
2022-08-10,136.48312377929688,137.52490777722616,134.98797041044944,135.84647554964639,1668600
2022-08-11,136.8785858154297,140.7370380128352,136.60849533911747,138.44126896418132,1607700
2022-08-12,137.8335723876953,138.57632863432153,135.7982380528416,137.08117530834926,1112600
2022-08-15,136.8496551513672,136.99435594699182,132.39314736009067,135.76929319440993,1663800
2022-08-16,137.60206604003906,138.74995809427227,136.86896531242465,137.29339747219112,1034300
2022-08-17,135.4991912841797,136.97504801842135,134.90113592539134,135.2291008177058,1067600
2022-08-18,137.49594116210938,138.0457776796082,136.45417199422386,136.8593077192521,785900
2022-08-19,133.28057861328125,135.82715638598137,131.63109859897375,135.74998557846604,1381500
2022-08-22,130.61827087402344,132.63430883580887,130.14560512921207,131.16809271867916,1759600
2022-08-23,132.59571838378906,135.2676859761344,131.90119579952162,132.0941154687454,1440100
2022-08-24,133.2420196533203,134.1583992057258,130.5121626616245,131.090921722646,1114100
2022-08-25,139.10687255859375,139.13580977636147,133.82078175764562,133.82078175764562,1476100
2022-08-26,135.53778076171875,140.92997915234196,135.45096911563488,139.5119967243274,1610300
2022-08-29,134.62139892578125,136.53132870058272,132.53783114300103,134.03298435894501,1195500
2022-08-30,130.41571044921875,134.62142487224278,128.7372927886208,134.47673877006375,1924200
2022-08-31,128.23570251464844,131.41892954843132,126.44152107515858,130.43501979933512,2333200
2022-09-01,125.78556823730469,125.9495654506214,122.22615017022981,125.63124129585559,2110200
2022-09-02,126.15211486816406,129.53790194834477,125.33218774926031,128.00417047159166,1087900
2022-09-06,129.69224548339844,130.25172292156395,125.80485535438586,126.3643327925514,2076700
2022-09-07,130.81118774414062,131.18738627780178,125.75660962112947,127.66655422478917,1389700
2022-09-08,134.48638916015625,134.71790165892364,129.4704027708472,130.27103360373243,1489800
2022-09-09,138.47987365722656,138.9428838887396,135.6825011633466,136.0104661307171,1636900
2022-09-12,136.70497131347656,140.29333326508532,135.78859180149018,139.55057704809872,1416100
2022-09-13,131.28382873535156,135.6921022749094,130.35779382457963,133.63747197586346,1705100
2022-09-14,116.4384536743164,127.20353271430105,115.10729016274729,126.35468314220365,5548600
2022-09-15,113.12018585205078,116.94970140397571,112.47389677930262,116.94006057082873,3278300
2022-09-16,112.93692016601562,113.57356107898862,110.11060307191845,111.61539737477734,3869800
2022-09-19,114.6153335571289,114.91436127696878,111.12343132397905,111.98193643399581,1728100
2022-09-20,109.50289154052734,112.52213568551801,108.82766521768772,112.05911809313157,2324300
2022-09-21,106.58975219726562,111.41281790754914,106.51258137964167,110.1491770464674,2553600
2022-09-22,104.99813842773438,108.64437490590613,104.11069610848485,108.45145522238725,2436900
2022-09-23,102.12360382080078,102.77954110201557,99.90499048037626,102.23935269668793,1982200
2022-09-26,99.73136138916016,102.49015581926002,99.2201175541093,100.85031626991783,2078900
2022-09-27,101.5641098022461,102.11393895115853,100.07860480917782,101.18791129822252,1590300
2022-09-28,103.13644409179688,103.60910987009716,100.31012705252591,100.93712711969262,1555200
2022-09-29,102.04130554199219,103.21397042194849,100.62635434649141,102.77785801156504,1425100
2022-09-30,103.68885040283203,105.79190125889278,101.14000100368777,101.7408737331325,2251400
2022-10-03,110.80238342285156,111.45170899635927,105.89850319909732,106.42184254601142,2398300
2022-10-04,115.62871551513672,115.83223512702007,111.98473475857108,112.43054067898099,2198100
2022-10-05,114.21376037597656,115.10537218569017,112.69220270727294,113.7582609487993,1612300
2022-10-06,114.17500305175781,116.74323952212956,112.59529890745722,112.59529890745722,2171800
2022-10-07,111.4614028930664,113.8261123943886,110.42441771903788,113.38999996749497,1923500
2022-10-10,114.42698669433594,114.96001957354322,112.57592299325526,113.54506830527436,1285000
2022-10-11,115.1926040649414,117.48948095050379,112.80850765670785,113.3609201489328,1655300
2022-10-12,115.62871551513672,116.42341431134417,113.93271135545082,115.1053762014404,1316000
2022-10-13,120.17401885986328,121.07532429707193,111.31603128703465,112.85696878620224,2177900
2022-10-14,115.04723358154297,120.87179869758229,114.38821450523577,120.57136603135116,1978400
2022-10-17,118.32292938232422,120.56165973640412,117.6057640321382,117.92558371043401,1473500
2022-10-18,120.61982727050781,121.91848586173944,118.91412941393175,121.03656005950104,1247700
2022-10-19,118.1291275024414,122.03478212561038,118.06128762290717,120.38723796892613,2132600
2022-10-20,121.06562042236328,122.51933826814764,112.49838013365664,113.72919132306455,3323800
2022-10-21,131.3773193359375,131.3773193359375,121.41450798506702,121.46296820206959,3678600
2022-10-24,130.59231567382812,131.5420738290028,128.19852584726928,130.70860836565052,2190600
2022-10-25,132.2980194091797,132.3658666783246,128.46021230738629,128.7121847613881,1844200
2022-10-26,132.7922821044922,135.6027973255945,130.83460462064448,133.0539406663861,1867300
2022-10-27,131.31918334960938,133.19932752895784,130.6020105301516,131.79406985292397,1551400
2022-10-28,129.865478515625,132.7632284718496,128.23732140560202,130.25313074525388,2051800
2022-10-31,127.3263168334961,130.72801158194628,126.97742392688704,128.8866413897221,2954700
2022-11-01,130.3500213623047,132.14294578694154,126.57036123056047,130.83459393242478,1792800
2022-11-02,124.74838256835938,129.98176120475648,124.62238894885155,128.98354274184365,1852000
2022-11-03,124.79683685302734,126.91926729738476,122.65501936321024,123.65323777863216,1364600
2022-11-04,129.4390411376953,133.17994250732607,127.82057029581651,130.11743987561107,1740100
2022-11-07,130.17559814453125,132.11388866040826,128.99323974680763,130.78614960120402,1599000
2022-11-08,130.34033203125,134.59487850082274,128.83815414319992,130.99934361218604,1862100
2022-11-09,127.02588653564453,131.17382739878053,126.70606679958229,129.48750918717533,1601800
2022-11-10,134.74024963378906,135.10852952461676,130.63106885544155,132.0751004591773,2287200
2022-11-11,134.47860717773438,139.53754722829518,133.58699520552622,137.52172306974356,2772800
2022-11-14,137.81246948242188,140.30318019648337,133.01520282976503,133.41255598296303,2300500
2022-11-15,139.60536193847656,141.15598530705813,138.6943631305944,139.837947310374,2402800
2022-11-16,137.23097229003906,138.88820237388865,136.31997339576722,137.1728111535679,1321200
2022-11-17,137.71556091308594,137.87061293107666,132.97644071685238,134.6627441708838,1206400
2022-11-18,137.647705078125,138.83006352116945,134.36230311930044,138.6749967248395,1600100
2022-11-21,144.44140625,144.74185370917513,136.40719837296908,136.87238396746002,2644800
2022-11-22,147.4554443359375,148.44397663468087,144.72246241209555,146.0986468968646,2507200
2022-11-23,145.11013793945312,146.9805962684533,143.61766051640421,146.9805962684533,1233200
2022-11-25,144.58677673339844,146.27307994017448,143.91806417016693,145.1682549885693,578000
2022-11-28,142.97799682617188,144.64492783077793,141.7665652698002,143.23967018298336,1735300
2022-11-29,142.45468139648438,146.34094895567247,141.853801219115,145.08105703355653,1459400
2022-11-30,145.3233184814453,145.53653160657518,140.55512591468883,143.22027519082997,3562100
2022-12-01,144.64492797851562,147.31007740525544,144.4607880156818,145.35239986752407,1409100
2022-12-02,149.44219970703125,149.60695263061191,142.68725590030607,142.91985609194063,2277000
2022-12-05,146.35060119628906,150.13027608740668,145.09072435389768,148.83162515842966,1786600
2022-12-06,148.2598114013672,150.0721227715065,146.35059439522936,148.04659829899785,1644800
2022-12-07,145.17796325683594,150.1981286175497,144.95506398713192,147.06779356081154,1829900
2022-12-08,146.19557189941406,149.0254743520614,145.22642661612457,148.1435485951519,1298300
2022-12-09,142.5321807861328,146.75763933924094,142.2801935890524,145.98233506878728,1239700
2022-12-12,143.49163818359375,143.60793087725298,139.90580384527112,142.77448018871868,1266100
2022-12-13,144.8387451171875,148.28889961391553,144.12158714372185,147.92063449899442,2056000
2022-12-14,143.36563110351562,144.9162692171992,141.50487423988397,143.4431644879979,2064600
2022-12-15,129.96237182617188,139.6731956786612,129.56501876159396,139.36307691731903,3334800
2022-12-16,129.4778289794922,130.38881321686955,125.47525381877747,126.44439920099528,6122200
2022-12-19,127.69458770751953,129.86547864435335,127.00650278104847,129.38090596284457,1676100
2022-12-20,129.83639526367188,131.7165394862576,128.3148300650696,128.3632902870093,1727800
2022-12-21,133.20899963378906,133.61603882749887,130.45663092128564,131.54206877117846,1888300
2022-12-22,132.68569946289062,133.26717782659262,129.02233105602318,132.7341596901954,1369400
2022-12-23,131.8813018798828,133.74205918970313,130.67955631421393,133.31563286678886,960100
2022-12-27,132.32708740234375,134.59489855147305,131.54208210717647,132.9182666029485,1074500
2022-12-28,130.04959106445312,132.61781981690115,129.61347870112934,132.61781981690115,1154600
2022-12-29,129.93287658691406,131.52833811875723,129.36862600506188,131.00300956015138,836500
2022-12-30,128.23037719726562,129.98149679789023,127.21862745268231,128.92110195576743,1138400
2023-01-03,127.5007553100586,129.7966645574054,126.29443992470063,128.23038729742217,1653300
2023-01-04,133.27943420410156,134.41765824772833,128.09418144242423,128.12336553243517,2183100
2023-01-05,133.3280792236328,134.68032982280909,130.71113029526154,132.7930128330811,1712300
2023-01-06,140.02120971679688,141.9377105720966,135.48777508396827,135.51695917054457,2092500
2023-01-09,137.23892211914062,141.67508230426793,137.19027701692454,141.1594768784598,1670800
2023-01-10,147.05490112304688,147.1813605755785,138.1144746371992,138.2701330265931,2801100
2023-01-11,150.30416870117188,150.36253687701998,147.045140335264,147.045140335264,2274500
2023-01-12,151.48130798339844,152.1233727337555,148.79625325783985,151.2672814518134,1698600
2023-01-13,153.2810821533203,153.7577803852134,150.28472507656483,150.80033048205712,1330300
2023-01-17,150.91708374023438,155.58671654435108,149.69129251141317,152.93086028923958,2028900
2023-01-18,148.2126007080078,155.29489482683826,148.11531049406022,152.42499680381232,1769800
2023-01-19,146.70468139648438,148.59199860016653,145.58590339042874,146.89924696663275,1389400
2023-01-20,149.3021697998047,149.31189288278387,145.74156196842583,146.57820728108203,1564600
2023-01-23,149.67181396484375,150.66410255661518,147.99852379577368,149.525878693538,1246100
2023-01-24,149.8469696044922,150.41122018838743,146.41283583849042,148.913048864833,1688300
2023-01-25,152.4152374267578,152.68763214766486,147.67749905484013,148.00826195245597,1552600
2023-01-26,165.20814514160156,165.9280391986698,155.26569211959847,155.65482323993803,4133200
2023-01-27,162.33824157714844,166.89115271094275,160.94708377018918,164.78008602861425,2383400
2023-01-30,161.85182189941406,164.94546914934193,160.68441372458105,160.68441372458105,1592100
2023-01-31,164.4298553466797,164.59523680226064,159.283509838239,160.7816957089834,3212700
2023-02-01,170.22799682617188,170.97708979707764,161.58916448851173,163.19434886748093,2397900
2023-02-02,171.88182067871094,172.31961171719098,167.12462103498595,170.45175573655538,2181000
2023-02-03,171.8332061767578,177.71889247612577,171.0062839664923,171.64836369368192,2211500
2023-02-06,165.25677490234375,170.9089882791754,164.4104065537251,170.16963321498903,1999300
2023-02-07,162.6398162841797,165.97667407082685,160.03260528090303,165.25676521372517,2108100
2023-02-08,161.79345703125,163.87533968640426,160.2758248884423,160.66495600655685,1369100
2023-02-09,159.14730834960938,164.7800749971634,158.77763827675724,164.16717944369918,1649900
2023-02-10,159.65318298339844,160.96652629381026,157.65885289308358,158.09662904842133,1481700
2023-02-13,163.05816650390625,164.45906237528513,157.84372900733024,159.74076931465513,1722400
2023-02-14,166.60902404785156,167.7083409737737,161.60861350607908,161.82264007297366,1878000
2023-02-15,165.4610595703125,165.5583349168416,161.90045234168963,164.35201967796755,1354100
2023-02-16,165.20814514160156,168.4185139954047,163.72942016438995,164.16719638587213,1372900
2023-02-17,163.5056915283203,165.22761254376758,162.6106631165772,164.87738855268628,1229600
2023-02-21,159.09869384765625,166.35610715936178,158.36906179871167,163.27219748048432,1333600
2023-02-22,159.0305938720703,161.52106875439785,158.33014595586553,159.09868514048958,1411000
2023-02-23,158.85548400878906,160.49959060958483,155.77157431352455,160.11045945250746,1140400
2023-02-24,158.11610412597656,158.1744723059628,154.34147014660175,155.89802422010058,1316200
2023-02-27,159.818603515625,161.56972340966806,159.10843247463052,160.55795865115334,1272000
2023-02-28,162.8927764892578,165.4318964119752,159.05977405437247,160.22718227121246,2330700
2023-03-01,166.10313415527344,168.09744940909246,164.5368571330907,165.82100151679663,1805000
2023-03-02,171.0062713623047,171.0841005517792,164.89682101035788,165.88912462065755,1445500
2023-03-03,173.52590942382812,174.04151475369645,171.10354113485386,172.475237757946,2106400
2023-03-06,170.7727813720703,172.92277002316285,169.2940713262255,171.47322922300725,1842100
2023-03-07,166.56039428710938,170.88954104962522,166.3852748934927,169.75131694651884,1358600
2023-03-08,168.58387756347656,168.7881810288223,165.6848109448888,166.49227203603755,1125600
2023-03-09,163.29161071777344,170.5392839813104,162.91220275710072,168.38929564123308,1322600
2023-03-10,154.56524658203125,163.79751392567306,152.8724950095262,163.7002385663067,2466400
2023-03-13,151.20892333984375,154.03989896486624,147.67751467582653,150.93652859012343,1968500
2023-03-14,151.99693298339844,155.25594678280066,150.07069394976966,154.44848564445326,1652000
2023-03-15,140.87734985351562,148.0763947831646,138.29932262087476,147.19110435821938,3214200
2023-03-16,141.4707794189453,142.0447530321119,135.25431534575844,136.19797392407017,2848700
2023-03-17,140.20608520507812,142.63819195562084,138.94140157031714,142.52145558180328,5407600
2023-03-20,143.85423278808594,145.83884003635362,140.68277120588596,142.62845643667373,1940300
2023-03-21,147.9693603515625,149.79829428299837,146.09176647850606,146.92841167974996,1758900
2023-03-22,143.5429229736328,148.39739785697668,143.4748168689898,147.502384481379,1407900
2023-03-23,143.98069763183594,148.69898994469298,142.6187239974026,144.94381710187048,1645400
2023-03-24,144.613037109375,145.8193671985887,140.31307487947964,141.655602330024,1493100
2023-03-27,145.2454071044922,147.36619690493774,143.9418015476458,146.82140740920497,1349500
2023-03-28,144.21421813964844,146.20853395052072,143.68887472890344,144.89520511246357,951700
2023-03-29,145.8485565185547,146.8408600977846,144.60331921475228,146.6657407158501,1030600
2023-03-30,147.75210571289062,148.7673091836475,146.85403709393228,147.9278079905884,1077700
2023-03-31,150.7879638671875,151.2955730134747,148.00589217713704,148.53302876233917,1791900
2023-04-03,150.76844787597656,152.60364000146353,149.35301379613884,149.9680015605462,1947200
2023-04-04,140.40159606933594,150.2998932279566,138.52736396241596,149.7044329053097,2938000
2023-04-05,140.0501708984375,142.26606609320567,137.92212683906055,138.22475001941712,2230800
2023-04-06,142.06105041503906,142.83222779887632,138.5078164348219,139.58160207241662,2292000
2023-04-10,143.33981323242188,147.26399380977728,141.90485201148752,142.07079798257297,1525400
2023-04-11,145.1750030517578,147.10780216034158,145.0383407894351,145.87784179943728,1533100
2023-04-12,144.14027404785156,146.8930467624855,143.51553014207815,145.76070867363157,1540700
2023-04-13,143.33006286621094,145.57524149380666,142.53937295579126,144.7357404380994,1858200
2023-04-14,142.70533752441406,144.47219099047794,141.9634437675627,143.01770208382078,1265600
2023-04-17,144.15003967285156,144.51121534484096,142.42222637793668,143.17387632579218,1465800
2023-04-18,147.47874450683594,147.7227853175313,144.94071411757648,145.0871475410351,1474300
2023-04-19,144.09146118164062,146.38545082896263,143.58385210956033,145.61427350281207,1967600
2023-04-20,152.0178985595703,154.57545639998187,145.94616196064584,146.91256893914817,3801300
2023-04-21,149.79225158691406,151.32483507847317,146.77591064163482,150.9343608313867,2478400
2023-04-24,151.3443603515625,151.7055509223868,148.52324884496215,148.93325056266227,1584700
2023-04-25,144.42335510253906,149.0406032720733,144.3452602522951,148.60133277263708,1744600
2023-04-26,141.05560302734375,144.9602563983429,140.24538566545297,144.638120707827,2033500
2023-04-27,144.7552490234375,144.9602498700137,140.75298843544874,141.89509770762228,1442200
2023-04-28,144.6478729248047,144.96025233536304,142.21723580232933,143.5057636332072,1645500
2023-05-01,144.48193359375,146.3659366245394,144.15979789744702,145.39952953563045,915200
2023-05-02,143.06649780273438,144.71621624294792,139.77683208862587,144.09147229645401,1782300
2023-05-03,142.70533752441406,146.74665362253398,142.6565263727677,143.7986358249459,1490800
2023-05-04,136.54574584960938,143.06651043600348,135.56958241607217,141.50465787938708,2831600
2023-05-05,138.92755126953125,140.96772874594163,138.1173340407268,138.98611867726467,2149400
2023-05-08,138.24423217773438,141.83652061766597,137.63901574019243,141.3874789770237,1124300
2023-05-09,136.8288116455078,138.5370974663511,136.41882483591385,136.98500135251606,1622200
2023-05-10,134.339599609375,139.59136336098734,131.50873176497782,138.9861468317191,1812200
2023-05-11,134.2322235107422,134.89602236688847,130.22996251556796,130.7766116352935,2507800
2023-05-12,135.76480102539062,137.11191121997268,134.5445968332172,135.3157593288397,1432000
2023-05-15,137.13140869140625,137.52188292702976,135.39383930432155,136.81904419797652,1164900
2023-05-16,133.51963806152344,136.6140744699944,133.1682186169771,136.45788474017994,974400
2023-05-17,136.3114471435547,136.99475849723575,134.5641213323509,135.69645947770653,1074100
2023-05-18,136.93618774414062,137.18022857130015,134.11507637797945,135.15957826785578,1140800
2023-05-19,135.3645782470703,138.49806934630223,134.58364454023035,138.08808250160234,1329100
2023-05-22,136.6238250732422,137.33642012753802,134.98386294717827,135.83312027072358,1260800
2023-05-23,133.65626525878906,134.46648251251588,130.41541113895028,134.03696831583483,1930600
2023-05-24,130.19090270996094,132.95344680941986,129.47830762694232,132.95344680941986,1539400
2023-05-25,131.4794464111328,132.20179777056347,129.62472707500308,130.37637703893722,1276900
2023-05-26,132.89488220214844,134.1150864293957,131.46967711089238,131.83086769080592,992600
2023-05-30,129.8394775390625,132.68011636869286,128.88284165823293,131.96752131731463,1074600
2023-05-31,128.912109375,129.48804208624557,126.69621474783735,128.33617666375443,2394300
2023-06-01,129.8590087890625,130.8156446979816,128.7559394411308,130.60088757015293,1498300
2023-06-02,137.92210388183594,138.48828037412565,134.61291094393562,135.1302762929975,2139100
2023-06-05,137.58047485351562,140.23564054859253,135.02293145850678,137.63904227552777,1862900
2023-06-06,140.0891876220703,140.53822928685335,135.58907428389696,135.96977736911902,1180400
2023-06-07,144.40383911132812,144.9407319398896,140.2161048386905,140.2161048386905,1869000
2023-06-08,143.33981323242188,145.9656948529762,141.61201494196592,145.03834271099532,1258400
2023-06-09,142.08056640625,143.74004098014785,141.18249798855317,143.4960001635432,1090800
2023-06-12,144.94073486328125,145.4776277026716,140.44062107414405,141.55344673439353,1229400
2023-06-13,150.69033813476562,150.85628412408312,145.79000862883564,146.42450887593617,1681900
2023-06-14,147.04925537109375,153.02337066917832,145.9559571191754,152.20339698023957,1620400
2023-06-15,147.5763702392578,149.11871014198877,145.9949903557929,146.4342608906364,1030100
2023-06-16,147.80088806152344,148.97228103643621,145.88760144961236,148.2889697089929,3178700
2023-06-20,145.95594787597656,146.551408113702,144.00362118114836,146.06332643999494,1191100
2023-06-21,148.27920532226562,150.17296458423775,145.24333674040807,145.81928443100642,1203800
2023-06-22,149.67514038085938,149.8801263597432,146.8345012271799,148.09376039203948,1103800
2023-06-23,150.1241455078125,150.81722799612373,147.2542379529487,147.72279216056955,1449500
2023-06-26,151.66650390625,154.3411970058969,150.71962420906087,150.95390878916294,1128600
2023-06-27,156.9377899169922,157.7382361387881,152.32052643033205,152.47671614509696,1288600
2023-06-28,157.27943420410156,157.76751587915905,154.78045841101854,155.60043205029817,1730300
2023-06-29,159.9430389404297,160.06054572721607,156.99546248037845,156.99546248037845,880200
2023-06-30,160.57955932617188,161.12794427266334,158.39580679197584,160.78521115229074,1239600
2023-07-03,162.17575073242188,163.6740219704974,159.62966088161266,160.3347314574562,765500
2023-07-05,157.12277221679688,161.96033465440712,156.65273008032065,160.5404060501878,2577700
2023-07-06,156.7996063232422,158.63083852231205,153.4309387925648,155.59511686696757,1913600
2023-07-07,158.59161376953125,161.54899172683696,156.75060979322902,157.13252170270096,1560600
2023-07-10,160.7558135986328,161.02020384343842,157.27942704812082,157.6221750663954,979400
2023-07-11,164.84915161132812,165.05480344313762,160.9125245897823,161.63716974239674,1240500
2023-07-12,166.15158081054688,168.72704773772654,165.96551841685203,166.47473945080048,1134800
2023-07-13,165.75006103515625,167.47357359301017,165.45629406949348,167.32667516781024,904100
2023-07-14,163.31170654296875,166.13197402678375,161.0496112396209,166.13197402678375,1153300
2023-07-17,163.9580078125,164.29096861082422,161.60778243327704,162.26388689379036,787500
2023-07-18,167.72817993164062,168.2178114739311,163.36067494213603,163.57609907376448,1333400
2023-07-19,163.65444946289062,166.56286215364887,162.6262351305448,166.48451931018423,1085100
2023-07-20,162.57723999023438,164.60430653726897,161.42170193318086,164.41824418502048,1164900
2023-07-21,160.43267822265625,163.2235691401882,159.97242336235857,162.96896610906646,1178400
2023-07-24,163.19418334960938,164.2811659464189,160.28577085929118,161.3629662047307,1295500
2023-07-25,169.2949981689453,170.63658374451802,160.08991668014733,160.5697609462567,1861900
2023-07-26,165.40733337402344,168.45284220474306,163.29212149739388,166.43556261480467,1327400
2023-07-27,164.93727111816406,166.4061657179132,163.8894674070413,164.70225754532007,1246300
2023-07-28,165.43670654296875,167.07207408772135,162.9004187608753,165.49545993678268,979800
2023-07-31,168.52137756347656,169.87276537709047,166.55306417864776,167.17979194364563,1719800
2023-08-01,169.41250610351562,169.98048046041507,165.43670054758775,166.12218168785668,1268400
2023-08-02,166.07322692871094,169.07957184313602,165.67172546819182,167.34627195780828,1726000
2023-08-03,168.21778869628906,171.1066114161662,165.906727531914,166.47470183714827,1468200
2023-08-04,164.2811737060547,169.2264553925543,163.99719397922635,168.2961584279342,1299300
2023-08-07,165.75006103515625,167.34626461297725,164.68266788026537,165.270231696328,949400
2023-08-08,166.3865966796875,166.99373501929932,161.39234889956793,163.36067729099307,1120500
2023-08-09,165.86756896972656,168.01215729492552,165.505231504928,167.17977778178812,1104500
2023-08-10,162.81227111816406,167.22875708572684,160.92230058305466,166.47472034500686,1270600
2023-08-11,163.06689453125,164.016780927438,161.8428156642416,162.23451492473671,1053500
2023-08-14,168.472412109375,170.8814058379505,164.01677709156402,166.90560016166884,2145200
2023-08-15,165.7402801513672,167.31689434459344,164.72185309908244,166.85663949088104,1208200
2023-08-16,164.98623657226562,167.46377092479284,164.96666206952258,165.30939517594769,895700
2023-08-17,164.4476318359375,168.72702139570052,163.7523634592112,166.49430290467976,1174300
2023-08-18,164.84915161132812,165.58359895835272,162.50871332983783,162.7143651616473,1050600
2023-08-21,164.18324279785156,165.6717118413373,163.02770465522218,165.12332693664592,715100
2023-08-22,164.92747497558594,166.9447543930452,164.56515244207174,165.68151168000392,1035700
2023-08-23,163.5467071533203,165.39751361320637,163.21376132172267,164.4182506197774,1338600
2023-08-24,161.5979766845703,163.3606529884071,159.6884169147333,161.6567300709704,1213900
2023-08-25,161.9700927734375,163.20397370550964,159.7373743488095,162.72412946055186,1017900
2023-08-28,163.47816467285156,164.80016073367293,161.6958988725449,161.98968075573873,942900
2023-08-29,168.1590576171875,168.276564405456,162.73393177580175,163.1256459739782,1047500
2023-08-30,166.72930908203125,168.11986071626436,166.43554214282983,168.07090952130892,647100
2023-08-31,168.53118896484375,168.87392209149513,166.24950410167344,167.1210476809643,1264700
2023-09-01,169.001220703125,171.29269267756322,167.7673546266664,170.38198520401795,977300
2023-09-05,166.70974731445312,168.5997178320537,165.3387700765387,168.5997178320537,1446600
2023-09-06,165.10379028320312,168.34514925691778,162.41081633989234,166.4159994548654,1443500
2023-09-07,165.39752197265625,166.11239475249477,163.1746056237274,163.5565176127724,1554400
2023-09-08,161.5196533203125,165.22126653327535,161.11815187503703,164.43785308800747,1424800
2023-09-11,159.78634643554688,165.08416300153314,158.6797744326963,164.02655713854077,1397900
2023-09-12,159.6394500732422,161.676318799524,157.56340246128883,158.8560367258466,1075000
2023-09-13,157.78866577148438,159.7373897488012,156.78002598865987,159.6198829600819,1110200
2023-09-14,162.09742736816406,162.44017544622503,159.32611087179416,160.76562889185854,1575500
2023-09-15,152.1970672607422,159.3652802333238,151.68784627139704,158.86584649560052,4853800
2023-09-18,151.46261596679688,154.0184931556424,151.04154002258403,152.19706326310458,1643900
2023-09-19,154.90960693359375,155.5754985607338,151.96201591985724,151.981605362528,1486800
2023-09-20,152.1676788330078,156.80939088901886,152.0012059140563,156.2316143557545,1053500
2023-09-21,148.39752197265625,151.45283297197557,148.24085123457414,150.6204533691523,1205000
2023-09-22,149.9545440673828,151.90326782353114,148.72066315639256,148.95569164952573,1156200
2023-09-25,152.0305938720703,152.53001266592383,149.2299008526421,149.69994294934946,1247900
2023-09-26,148.59339904785156,152.26563594159904,148.35837050739846,151.22760442804216,1270600
2023-09-27,152.48106384277344,154.06746528287337,149.42575281062108,150.38544140691994,1869700
2023-09-28,154.99620056152344,156.15553596250763,152.6677253377397,152.95263823773976,1232200
2023-09-29,153.6109161376953,156.94152625359996,153.0607141641177,156.18501165746778,1213600
2023-10-02,152.06842041015625,155.12393716956097,151.1154125629435,153.7189964206324,1460200
2023-10-03,153.23757934570312,153.84671283432527,150.71259570665873,150.80103039974256,1487900
2023-10-04,154.18075561523438,155.45798407490958,152.45159423367966,153.63056858435206,1458300
2023-10-05,153.6894989013672,154.95690781353431,152.60877877327445,153.2670392582919,1215800
2023-10-06,154.47549438476562,156.0376506790406,151.43963147747453,153.8172338670711,1539200
2023-10-09,152.93299865722656,155.02567302859416,151.3806768518666,154.47548605787836,1025100
2023-10-10,153.16880798339844,156.06713942007235,153.060734455338,153.99410355743862,1264100
2023-10-11,152.1470184326172,154.947095466426,150.6536430151544,153.5617935658481,1258800
2023-10-12,144.96507263183594,150.72241181538195,143.8253910889498,150.71257741097094,2089400
2023-10-13,144.48365783691406,146.38967343327118,142.28290992480754,144.11031024833707,1534800
2023-10-16,146.38966369628906,147.4310911199228,145.3875289149848,146.93003122500556,879200
2023-10-17,146.9398651123047,147.82410706225463,144.0120757475831,144.3952427617867,1097200
2023-10-18,142.56781005859375,146.04578599618105,142.49902919676515,145.40717938062417,1575000
2023-10-19,141.23165893554688,145.25000305965543,140.917257785836,142.64643412630195,1762300
2023-10-20,138.88352966308594,142.42046763921869,138.6772020346982,141.47727918175931,1570700
2023-10-23,138.0287628173828,139.96425161096548,137.616122591186,138.37262217681155,1807200
2023-10-24,144.5917205810547,146.2128231542952,139.6793157981495,140.72074321349027,2139300
2023-10-25,142.06675720214844,145.46613303355886,140.77969451194636,144.9355998950132,1565100
2023-10-26,145.71176147460938,147.84374354458936,143.32433972970242,143.32433972970242,1891500
2023-10-27,145.5152587890625,146.5468668180693,143.80573648409492,145.9672066368597,1491300
2023-10-30,146.34054565429688,147.37215372869187,144.42471065411803,146.8514399848348,1201100
2023-10-31,145.20086669921875,147.01846262473745,144.48365973568514,145.80018073490325,1454300
2023-11-01,145.39736938476562,145.5840281829548,142.8036201301918,145.20086119051106,1724800
2023-11-02,148.61007690429688,149.45501119944066,146.8023153863286,146.98898918280366,899800
2023-11-03,149.64169311523438,152.43193582585835,149.6220392957309,150.32942688313864,1174800
2023-11-06,150.4473114013672,152.51051238407712,149.63185042077131,150.75187809466226,1007300
2023-11-07,148.78692626953125,150.132920453396,148.45288632472065,149.17991267619425,1116200
2023-11-08,150.28030395507812,151.46909759832332,148.40376160218682,148.40376160218682,1184000
2023-11-09,148.5118408203125,151.81297778585602,147.9714732383169,151.81297778585602,1026600
2023-11-10,149.94625854492188,150.309786740935,147.5784905212297,148.9343042256807,915100
2023-11-13,150.2606658935547,150.69295998787328,148.39394275822184,149.60240533774126,733200
2023-11-14,152.26490783691406,153.56179000949825,151.30208061244673,152.2845616553847,1239700
2023-11-15,153.82704162597656,154.57372171264524,152.66770636903777,152.76596045557233,820100
2023-11-16,152.22560119628906,154.33792924781633,149.9560725943912,153.28668242408602,1334800
2023-11-17,154.01370239257812,154.52459666451034,152.84456269994695,153.65018925235063,983100
2023-11-20,154.29864501953125,155.95904031861792,154.09231741198556,154.17091769145676,856600
2023-11-21,155.02566528320312,156.45027467941597,153.32597740684645,154.09231136226597,1021800
2023-11-22,154.6425018310547,155.27128906500255,153.17861475048005,154.93724912635184,695000
2023-11-24,154.40672302246094,155.2221840802968,152.99194793375628,154.81936325808798,435100
2023-11-27,158.4053955078125,158.90647037463316,153.6403720114002,154.07266601749285,1349400
2023-11-28,158.33663940429688,160.58651426744768,157.49170515613065,158.2187314917008,1472500
2023-11-29,160.91075134277344,160.98935162876535,158.30718245698,158.71982271483378,1252600
2023-11-30,166.99229431152344,167.78810151117548,161.30372101002453,161.76548827254587,5483700
2023-12-01,167.4246063232422,169.78255494516588,166.7958190246311,168.46603388111635,2038800
2023-12-04,164.46731567382812,167.31651960804265,164.3985497984434,166.03929129211687,1580600
2023-12-05,162.8560333251953,163.9072951146857,160.67492446442074,163.9072951146857,1476700
2023-12-06,159.39773559570312,163.92697396789862,159.16193473989944,162.22727090798958,1532000
2023-12-07,160.3605499267578,161.37250415685608,158.6805008214806,159.96756352357278,1228100
2023-12-08,159.25033569335938,162.16830535276208,159.01454985678205,159.76122999172657,928500
2023-12-11,161.6967315673828,161.893224777338,156.2341393766857,157.76680740239541,1321300
2023-12-12,160.8910675048828,163.416050625053,159.49594641963478,162.13882245106092,1063300
2023-12-13,163.79922485351562,164.75223257241436,159.0734938921658,160.89107465112443,1469800
2023-12-14,167.85687255859375,168.23020511706403,160.0854448195497,161.71636675811064,2399500
2023-12-15,169.79238891601562,172.45490427071334,166.53054450618282,168.3383061111286,3915600
2023-12-18,171.16783142089844,175.04862815498456,170.499736582798,172.64155283825795,1994800
2023-12-19,174.74407958984375,175.03882690218865,170.1853681321853,171.7180361666135,1718200
2023-12-20,172.6121063232422,176.14902927740903,172.58263308965118,173.7321341741158,1543500
2023-12-21,173.5258026123047,175.05847069016647,172.91666914327539,174.34126370326376,955900
2023-12-22,174.9405975341797,175.77571253864772,173.879516054604,173.89916987593128,927400
2023-12-26,175.12722778320312,176.0311084502046,174.6458067250468,174.950388409678,477000
2023-12-27,174.75390625,175.72656792363077,174.17424600628294,174.99952652189418,855800
2023-12-28,172.6449737548828,174.60605490676562,172.39860556698832,173.955654318936,1002300
2023-12-29,171.5116729736328,172.88147951205863,170.99923796384658,172.45773344199068,903600
2024-01-02,172.88150024414062,173.9655264277645,170.82186553237804,171.1667870554737,1208000
2024-01-03,174.00494384765625,175.4535750655846,169.9349362704081,170.48679864621354,1624200
2024-01-04,169.57032775878906,175.03969028015933,169.44221147093873,173.96552843669681,1809100
2024-01-05,168.0921173095703,170.11232469529142,167.4022742599727,168.9494739081373,1489800
2024-01-08,170.2404327392578,170.3685490200579,164.84989511322732,167.59937275162807,1274700
2024-01-09,164.682373046875,169.38308287970077,164.50498010974357,168.71295350415932,2199000
2024-01-10,166.4069366455078,166.6631541586598,164.25859813464967,164.68235925549808,1203300
2024-01-11,165.74667358398438,167.16575683002364,164.25860002373298,166.40693855929842,824000
2024-01-12,166.43649291992188,167.75702280215316,165.08640005802278,165.98316883648081,774100
2024-01-16,168.31875610351562,168.60453659723996,165.16524617237147,166.43649945939842,1534700
2024-01-17,166.5941925048828,169.1859759405581,166.12116973533762,166.87997302226228,1632700
2024-01-18,163.98268127441406,168.30890661763988,163.49980918680404,167.9837137997944,2470000
2024-01-19,164.36700439453125,165.7663890261758,162.88879517025944,163.96297196810954,1219500
2024-01-22,167.96400451660156,168.2892123800596,163.6279147076173,163.65749272895275,1642900
2024-01-23,169.2451171875,171.7876390127843,169.2155542041811,169.57032504113062,1479600
2024-01-24,170.12217712402344,171.20618819989875,168.81149647362577,170.28970569837358,1379600
2024-01-25,172.16209411621094,173.07859163399712,170.08274591924314,171.4427031869355,1624200
2024-01-26,172.55630493164062,174.6652162643758,171.59053069578354,172.65484319601288,1370600
2024-01-29,174.07391357421875,174.51737332369586,170.6149094837514,172.95047519155335,2203700
2024-01-30,186.1558074951172,187.96908889081692,174.31043516467284,175.41415989822087,3647800
2024-01-31,184.2144317626953,188.1859011635919,183.84981162179645,186.15581447099657,3037400
2024-02-01,182.9234619140625,187.11172144205113,182.5194294819281,185.20976609774783,2250100
2024-02-02,180.72586059570312,182.9037621531229,180.17399822019095,182.9037621531229,2097100
2024-02-05,179.6615447998047,180.5780423284017,178.5972323652025,179.47430256078368,1508800
2024-02-06,178.7154998779297,180.6568825140964,178.43956869445518,179.58270572436882,1264900
2024-02-07,183.5048828125,185.0914945018739,179.70095749098294,179.70095749098294,1663700
2024-02-08,183.58372497558594,184.6677510921638,181.87886120780615,183.21910484415608,1003900
2024-02-09,183.830078125,184.38195549004618,182.47013597036084,183.84979179017466,1198700
2024-02-12,183.396484375,185.25902726680204,182.88403433576534,183.8892207488854,1171800
2024-02-13,176.87266540527344,181.04122644636692,175.6309750101032,180.7948582303879,1530700
2024-02-14,178.42970275878906,180.0557419010322,177.07960983469272,177.61175853034948,1357900
2024-02-15,183.6527099609375,184.28341194579116,178.143920667296,178.78447196669748,1194000
2024-02-16,182.88404846191406,186.82593975747307,181.94785228664318,184.09617582490432,1908000
2024-02-20,181.317138671875,182.54897962286768,180.02615672405307,180.95250352513892,1421600
2024-02-21,181.6817626953125,181.8788542442929,180.15427687575203,181.31714257784267,885400
2024-02-22,183.9384765625,185.2688707449314,181.98724479377154,181.98724479377154,1259300
2024-02-23,187.22998046875,188.07748766820123,183.49503018017995,184.44109067331306,1095600
2024-02-26,188.80673217773438,190.0582868576156,186.5007294097933,186.69782096449293,1298100
2024-02-27,190.3144989013672,191.0930308201536,188.45195594434938,189.23048786313578,1234000
2024-02-28,189.39804077148438,191.06349239350075,188.22532560392855,188.89543996417575,963300
2024-02-29,189.5064239501953,190.5017460727244,188.37312119893537,189.8316317812288,1998500
2024-03-01,187.92965698242188,192.1671929628736,186.36275886409524,189.64438504068505,1420100
2024-03-04,184.44110107421875,189.95973997781488,183.63300612439775,188.2253131859056,1306500
2024-03-05,182.11537170410156,183.99762831198606,180.44007099516028,182.90375293099194,1348000
2024-03-06,181.96754455566406,185.19989410206495,181.7606036906692,183.475316720541,1038200
2024-03-07,183.70199584960938,186.20509024873283,182.91361456959999,183.64286988510506,945400
2024-03-08,183.1205596923828,187.08214945196346,182.54898367398332,184.59876886637832,1210600
2024-03-11,182.13510131835938,182.52928444776,177.976404643556,181.6029375528338,1169900
2024-03-12,180.23312377929688,183.56402672889277,179.06040871540378,183.2289545412648,1073400
2024-03-13,181.425537109375,182.94315850980223,179.04067985037125,181.77044354545725,1825500
2024-03-14,179.4447479248047,181.48468394527478,177.9074126823693,180.4696481111765,1487500
2024-03-15,185.74191284179688,186.1853726032259,178.2720270642119,179.5531447372127,3369300
2024-03-18,187.04273986816406,189.14178670042077,185.55466632101474,187.11171514464723,1083000
2024-03-19,188.176025390625,189.4472937047541,186.5204383287432,187.49604676266594,1094800
2024-03-20,190.68898010253906,191.82226776788661,187.02302021232677,188.15630787767432,1090200
2024-03-21,193.52716064453125,194.364803534152,190.4130628690511,192.16720331687122,1591500
2024-03-22,191.6153564453125,195.1039239562122,191.38870188472856,194.07903873855685,873300
2024-03-25,192.64022827148438,195.72476310008278,192.41357372665647,192.89646083592862,951100
2024-03-26,191.24085998535156,194.01990065644995,191.00435612372442,192.8176225694372,1015600
2024-03-27,196.22149658203125,196.29067940887862,192.2883744645345,192.70342618837353,859000
2024-03-28,195.5692596435547,196.65631060819732,194.1857539422652,196.3598407924692,1051900
2024-04-01,197.64454650878906,199.14664928439888,195.55939593995805,197.36784535000334,907300
2024-04-02,196.0337371826172,197.60502277586772,193.96835530582354,197.4963176729269,1012000
2024-04-03,197.7927703857422,200.5005060534503,194.98622149397818,196.34008178829126,1308600
2024-04-04,196.75514221191406,200.036033678268,195.94479237391565,198.73158757786365,819900
2024-04-05,198.60311889648438,199.0972302506421,195.6285739729243,196.38949460138826,563600
2024-04-08,198.51419067382812,200.06569254886503,197.36784866583855,199.70005495698726,912500
2024-04-09,197.5259552001953,200.60920515360473,194.7984509376425,200.05580286238575,908600
2024-04-10,195.84596252441406,196.70572650557492,193.17776431730974,196.70572650557492,806200
2024-04-11,195.015869140625,196.8045498621306,194.2747020960841,196.1424424451639,781900
2024-04-12,192.2389678955078,196.64644793900283,190.74675699053904,194.91705814859412,1186200
2024-04-15,191.72508239746094,195.4605630321839,190.47992721224725,194.77870202921474,855100
2024-04-16,189.84747314453125,190.98392327563093,187.1002151052954,188.99760097619395,1142900
2024-04-17,190.5095672607422,193.6521232278386,189.3632253316589,192.03143863395863,1152500
2024-04-18,188.5232391357422,191.87331331560094,186.72466667503997,191.87331331560094,1051900
2024-04-19,189.10629272460938,189.56088179238944,186.90256036945897,188.84936025617455,1622600
2024-04-22,189.37310791015625,191.32978450055867,186.25032077216562,188.7307541515188,1609800
2024-04-23,172.5832061767578,181.78355680533858,172.34602730791303,175.60716512889272,4855700
2024-04-24,170.72532653808594,176.21985671860213,169.9347605417686,172.93895053338196,2587000
2024-04-25,173.80860900878906,174.1050637482022,168.80820468293615,169.37148376690246,1623600
2024-04-26,173.35403442382812,174.74743213178857,172.28675203554454,174.51025324136467,1253900
2024-04-29,173.1761474609375,174.52013090571316,172.2175702572845,173.90742259179098,1198700
2024-04-30,166.54515075683594,172.32625890075948,166.22892737130223,172.23730740816194,2179100
2024-05-01,166.68353271484375,170.02373050091532,165.7546008989008,167.59269585325436,1254900
2024-05-02,168.51173400878906,168.82795742225116,166.47599772005518,167.61244775958525,1303100
2024-05-03,171.87168884277344,172.57333358913274,169.08490869148912,169.6481877850021,1054700
2024-05-06,169.005859375,173.64062649743508,167.82987188673047,173.45286176178433,1588300
2024-05-07,169.7667694091797,170.11265338257488,168.07691705228254,168.98608011828293,1400700
2024-05-08,167.80020141601562,169.80629209869042,167.57291443891165,168.43266328032078,1247800
2024-05-09,172.31639099121094,172.70179724913868,168.02750800215208,168.02750800215208,1230800
2024-05-10,172.4152069091797,173.56154880187557,171.66416312383458,172.84013541061572,1149400
2024-05-13,171.69381713867188,173.3243785602557,170.96252691300234,171.84204451187705,812200
2024-05-14,170.5869903564453,173.3243713405707,169.95452845864506,172.40533150681702,1021600
2024-05-15,174.1347198486328,174.40152910728239,171.07122360099171,171.17005189765663,1467500
2024-05-16,171.387451171875,174.51023844175157,171.27876115361627,174.22366050099035,1215800
2024-05-17,170.0928955078125,172.9291050641453,169.49997090315958,172.74134032832632,1245000
2024-05-20,168.91690063476562,170.79453283179748,168.19550227838465,170.16207090036448,1474900
2024-05-21,170.0928955078125,170.50794725479432,168.2152783077878,169.05527367989927,901500
2024-05-22,169.08489990234375,170.85381179489227,168.2251359509211,169.0058402815761,884300
2024-05-23,169.50982666015625,170.0928743933673,168.45243628628876,169.48018118755778,950100
2024-05-24,169.25291442871094,170.96253556218974,167.47411046484854,170.824184980505,1056100
2024-05-28,166.4068145751953,169.24300880898954,165.94234871459108,169.13430371227193,1571400
2024-05-29,164.63790893554688,168.70938166104577,163.9757864525958,165.2901244617387,1337500
2024-05-30,164.7070770263672,166.06093731178953,163.9560331963303,164.242611147017,1380200
2024-05-31,166.86141967773438,166.98000158406862,163.2247520662966,164.6873175343887,2484600
2024-06-03,164.8454132080078,166.7823361824501,162.95790438049505,165.9028186517941,1442000
2024-06-04,159.28172302246094,163.28402785956212,159.09397338122403,163.0468640689128,1643700
2024-06-05,159.78573608398438,161.18901055511353,159.23233376625257,159.2817328396283,1251400
2024-06-06,161.41629028320312,161.64359235844415,159.11372961004193,159.33113980778808,1081100
2024-06-07,159.10385131835938,161.94993745917398,158.11562863936336,160.21065589352887,1674700
2024-06-10,155.45730590820312,159.48925621396833,155.23001891609508,158.37255977082134,1707000
2024-06-11,153.59945678710938,154.77544428751807,151.54396671003713,154.40980669058123,1784700
2024-06-12,152.62110900878906,155.29918395530615,151.99852391182057,154.0737975156615,1282600
2024-06-13,152.30487060546875,152.71004551257835,149.81456037438767,152.11710588856036,1226900
2024-06-14,152.8681640625,154.2714384152883,147.36375666687323,148.2333974237317,2206500
2024-06-17,155.5264892578125,156.31705533373923,150.35807381590757,152.1171089692828,2168600
2024-06-18,153.79710388183594,157.61164411333695,152.73969835311985,156.05025043525293,1726200
2024-06-20,154.9632110595703,156.85072018031633,153.55993652743308,154.14298434617152,1262200
2024-06-21,155.72413635253906,156.09966580740712,154.0639143596693,154.57779439068636,4066000
2024-06-24,153.7279052734375,157.02856513910433,153.68838300422505,156.10952535888293,1634100
2024-06-25,149.6959686279297,153.3919269112926,148.44093667050618,153.11522576484631,2106800
2024-06-26,152.7397003173828,152.89781957065858,148.96469738968594,149.12280156387976,1616400
2024-06-27,152.887939453125,154.0836804672465,151.6921833599219,152.3444139562145,1208900
2024-06-28,156.76541137695312,159.1057862646446,154.02836893483146,155.57539358176533,3517800
2024-07-01,155.69439697265625,158.15376919745853,153.8201147099174,157.29100890994476,1475100
2024-07-02,155.1588897705078,156.55715275057122,154.3754509140628,155.4068107776542,1143000
2024-07-03,155.1192169189453,157.77693803525742,154.7126228277498,155.9621544122143,737500
2024-07-05,152.56068420410156,154.70272557448092,152.01525490165787,154.25647073862666,1348100
2024-07-08,151.2020721435547,153.1755289005197,150.61698217089153,152.4714265491519,1084000
2024-07-09,149.00051879882812,151.95573283823984,148.99060740645746,150.4483840754736,1500000
2024-07-10,152.0846710205078,152.50117651802378,149.68479736421207,149.85338184188058,1422900
2024-07-11,157.6381072998047,158.8181986388574,153.3341869118842,153.55235861904646,1927800
2024-07-12,159.76031494140625,161.07924148146157,157.41001332914485,159.08596188322076,1414600
2024-07-15,163.4989471435547,165.61123904665652,161.64450278206596,161.65441417524414,1653500
2024-07-16,164.75839233398438,165.42281885130518,161.8031780145237,162.4874424503625,1457700
2024-07-17,162.6361846923828,165.48231308229222,162.35851436809398,164.6988893384554,1323200
2024-07-18,164.29229736328125,166.10708101950118,161.7634999691421,161.8924237399019,1490300
2024-07-19,161.14865112304688,164.66913237396057,160.94039082356085,164.52037069378565,1564500
2024-07-22,161.98167419433594,162.14034727898624,159.34379090664305,160.95032940790543,1434700
2024-07-23,160.20655822753906,163.5286906521077,157.59842438391405,159.16528696865436,2212900
2024-07-24,153.5027618408203,160.0379709921214,153.41351391123203,159.65121483200832,2553600
2024-07-25,155.7142333984375,157.64801426496928,153.62177945262675,155.02005759146425,1390700
2024-07-26,159.5520477294922,161.0693231299926,155.02997083922446,155.58531149144713,1252600
2024-07-29,158.08436584472656,159.54214268072988,156.75551278379382,158.92728824969205,1134300
2024-07-30,158.1041717529297,159.4231132795495,157.4595832101885,157.8860151957979,835400
2024-07-31,161.58499145507812,164.3815324331581,158.33226918440096,158.66943810872678,2438600
2024-08-01,154.4845428466797,162.38826607633627,153.44327154927623,161.21808613983004,2517600
2024-08-02,149.79388427734375,154.27630058481057,148.1179357502213,152.40200313488916,2175900
2024-08-05,149.26828002929688,150.78555533988728,144.1809362632602,145.28170610936473,2011200
2024-08-06,148.71295166015625,152.07476009433879,148.33610686662308,149.05012061652894,1180500
2024-08-07,143.9826202392578,151.23182875727312,143.60577543031076,150.63681223071447,1725000
2024-08-08,144.4387664794922,145.8072952221077,143.97267379561288,145.1329573750719,1204900
2024-08-09,143.93301391601562,144.98419652586549,142.33640208448043,144.2106842230742,954300
2024-08-12,140.17454528808594,144.13135492838992,139.2026840326625,144.11153214253056,1651700
2024-08-13,141.6918182373047,142.08848579427448,139.7084501886611,140.49187390984048,1141100
2024-08-14,140.0852813720703,141.6818932741003,138.25067498599452,141.62239465308883,1218100
2024-08-15,144.01235961914062,146.27339805307014,142.40583629290063,145.52963501212233,1478900
2024-08-16,144.0222625732422,145.37095341374382,143.1495909460213,143.4867598731725,881400
2024-08-19,142.87193298339844,145.52963906033742,142.11824339652458,144.002452231811,1268400
2024-08-20,142.2074737548828,143.3975066119283,141.67197107472944,142.8719153238883,752500
2024-08-21,145.24205017089844,146.03538529199722,143.32809211809882,143.69501036820188,1019000
2024-08-22,145.00404357910156,145.6982193904869,143.4669302690997,144.9643677430808,709500
2024-08-23,146.50148010253906,146.82873765404693,144.80570885515021,145.8271422135394,947500
2024-08-26,149.18894958496094,151.2814035172492,147.8799193872158,148.82203133191007,1226200
2024-08-27,149.11952209472656,150.3888764370063,147.35432573962203,148.88152761298497,1388000
2024-08-28,146.80889892578125,148.57411044196084,146.07506241908507,147.79067157488544,1126900
2024-08-29,148.77244567871094,150.08146075841864,146.87832550823532,147.71133648004005,997600
2024-08-30,150.646728515625,151.0235581670569,148.812106960033,148.9013548933802,1441400
2024-09-03,143.2289276123047,148.75261532467215,142.73308556122245,148.52453221810592,1544600
2024-09-04,140.53155517578125,144.18094526301223,140.07537384892842,142.70333056218453,1544700
2024-09-05,138.43910217285156,141.62239956249508,137.48707880797338,141.20589406907902,1662600
2024-09-06,137.63583374023438,140.43239025005585,136.76316199555376,138.280437503853,1310500
2024-09-09,139.74810791015625,142.3165658466978,139.56961205289716,140.42246090089478,1350700
2024-09-10,138.4490203857422,140.09521965406842,136.88215766272188,140.07538173476723,1094800
2024-09-11,136.6243133544922,138.0225763396661,132.31048176162005,137.35814985391315,1889700
2024-09-12,139.4307861328125,139.56962129717533,136.5747311723224,137.7250883238418,1358100
2024-09-13,142.39590454101562,143.93301779559786,140.17454202467226,140.17454202467226,1144800
2024-09-16,141.77114868164062,143.54625635084625,141.11663362206446,143.0702522765621,1390200
2024-09-17,140.9976348876953,143.2487619807443,137.24907028497663,138.2903415928203,2296500
2024-09-18,141.79098510742188,144.37928115393967,140.31338551695148,141.81082302589544,1426900
2024-09-19,147.76092529296875,148.15759286515714,144.38920553367362,145.48004892314066,1939900
2024-09-20,145.09329223632812,147.32458136884964,144.0619474731088,146.81882794629465,3915300
2024-09-23,145.7775421142578,146.16429825336672,143.74458696995862,145.40069736726582,1486600
2024-09-24,149.35752868652344,150.87480400451764,148.19726021581593,148.81209945707195,1465000
2024-09-25,147.64193725585938,149.11953691652968,147.12625727433408,148.9509524312404,986100
2024-09-26,149.33770751953125,151.27148852094095,148.64353166414043,150.91448163361156,1382300
2024-09-27,149.41732788085938,151.69645041833053,149.05903621706975,150.34290582027575,895000
2024-09-30,149.62631225585938,150.2135078021771,148.2031079466804,149.41731765832083,1415700
2024-10-01,151.98507690429688,152.79122932275516,149.18840350127485,149.18840350127485,1262500
2024-10-02,150.73104858398438,154.41348127466762,149.954752537324,152.4428847859416,1547700
2024-10-03,150.57180786132812,150.9300995206403,148.82016818599882,149.37750739240568,1715300
2024-10-04,150.72109985351562,153.64714577531373,150.2135111611503,152.56230858529707,1036200
2024-10-07,152.02488708496094,152.67179542354654,149.28794149096,149.28794149096,1208500
2024-10-08,147.4069061279297,150.5220525328947,145.92397385491756,149.7158849355527,1702600
2024-10-09,151.09930419921875,151.69644683385505,146.65052247326662,147.04861756302415,1291000
2024-10-10,150.18365478515625,152.0248787032395,149.67608127915918,150.1339042898193,1055900
2024-10-11,151.18887329101562,153.09975705696775,150.2632801872715,150.2632801872715,1594600
2024-10-14,152.1144561767578,152.3035566657612,149.23817577868934,150.30310371724315,1075900
2024-10-15,150.92015075683594,154.13481340591406,150.59171547397347,150.78081595680527,1843000
2024-10-16,153.5376739501953,153.65709944230727,151.60688083382806,151.60688083382806,1232000
2024-10-17,157.3395233154297,157.53857085309747,153.7566220783485,154.06514803968662,2044600
2024-10-18,157.48883056640625,158.7328967404087,156.37413694777888,158.41440851041384,1954000
2024-10-21,155.36892700195312,158.45421699054845,154.672253026373,157.78738419997137,2062400
2024-10-22,145.3268280029297,153.11965977987626,142.1221125538246,152.70164021142466,5247000
2024-10-23,140.98753356933594,146.7998070300727,140.85814582893022,145.296980574344,2785500
2024-10-24,140.66903686523438,143.32636020320584,139.75340604808102,141.1965196709167,1984600
2024-10-25,140.79843139648438,143.74437152673022,140.76857502387983,141.65434951264115,1741400
2024-10-28,147.02870178222656,147.53629046363693,141.942959024662,142.55006388095515,1864700
2024-10-29,146.501220703125,148.64102350408024,145.41639871009832,146.68037411818975,1707300
2024-10-30,142.0225830078125,147.3173356214378,141.88324821199888,145.41639897498823,2094000
2024-10-31,141.1666717529297,143.4059908423595,140.09179676764083,142.3211687948719,2299800
2024-11-01,142.87850952148438,143.41595461301003,141.13681687788744,141.13681687788744,1106000
2024-11-04,141.92306518554688,144.51071353298167,141.4154765031206,142.49035142393944,1345700
2024-11-05,143.92352294921875,144.5007714554774,140.65909464140398,141.883251460246,1227600
2024-11-06,166.9437255859375,169.71052741103398,159.39970684154758,163.90820122779814,7506300
2024-11-07,160.4049072265625,167.620490713593,160.12623763093723,167.2821083740986,2608900
2024-11-08,158.08596801757812,160.15609588538,156.75233276764507,159.13098660663326,1704800
2024-11-11,158.304931640625,160.40491597050237,157.90683653556064,159.24047184251657,2141800
2024-11-12,153.1594696044922,157.30967241390442,151.0495382964127,156.75233321451392,2170600
2024-11-13,151.4774932861328,153.9556785550948,150.7111442759442,152.78127219786444,2465100
2024-11-14,145.68511962890625,151.4774834218314,145.04815840105275,151.00971335911905,1792500
2024-11-15,146.38180541992188,148.78036866942074,145.70502551835094,146.6803843416045,1519600
2024-11-18,146.55099487304688,147.79506104344625,145.2372537076549,146.302181638967,1569000
2024-11-19,143.99317932128906,145.4761115788796,143.02779799958816,144.40123664662224,1810000
2024-11-20,147.4666290283203,149.2282310169221,144.79935838917632,145.21736280935463,2260600
2024-11-21,149.27798461914062,150.1339027015649,145.91402503229935,147.2974259250876,1738900
2024-11-22,151.19882202148438,152.52251022952566,148.87988089188013,148.87988089188013,1276300
2024-11-25,152.71160888671875,155.73717105006298,151.81587215622002,152.13436037675848,2694000
2024-11-26,153.26895141601562,156.20494452599957,151.61682790537765,154.41348621243756,1728500
2024-11-27,154.03529357910156,156.0456934767442,152.07464417672773,152.42297357537885,1098800
2024-11-29,153.95567321777344,155.43859031649157,153.25899922646082,154.6722565192247,920700
2024-12-02,155.627685546875,156.86180456582048,154.72201698189804,156.06559923702835,1837300
2024-12-03,154.24429321289062,157.7276784311623,153.90591086498355,157.53857794663944,2043700
2024-12-04,148.60121154785156,154.14477762007317,147.50644244403608,153.756629587441,2160900
2024-12-05,144.87896728515625,148.3026243945616,142.67945176486631,148.29267733296885,2115800
2024-12-06,141.89321899414062,145.69507732934613,141.63444351038447,145.68513026703042,1838800
2024-12-09,143.89366149902344,146.42159710212067,142.65954247543414,144.17233108719626,1551600
2024-12-10,139.8927459716797,143.80409778732232,138.94725874869567,143.29650908623464,1676200
2024-12-11,137.78282165527344,140.3605231665287,137.04632900076268,140.3605231665287,2082700
2024-12-12,130.78619384765625,136.12075026888192,130.02979188613799,135.0160188865609,2699300
2024-12-13,124.65542602539062,130.13926405051794,124.40661279979103,130.13926405051794,2790700
2024-12-16,123.57060241699219,125.50138785944853,122.42606007532113,123.41135830993186,3090900
2024-12-17,120.40570068359375,124.14784616714401,118.87301028731085,121.33128619585625,3290400
2024-12-18,117.40003204345703,122.57535171774342,117.0118840170327,120.9132735916029,2605800
2024-12-19,115.23037719726562,119.54977864363464,114.74270541230001,117.8379424756348,2869000
2024-12-20,116.0265884399414,117.36022372185515,113.399121311331,114.12565169829081,10452500
2024-12-23,116.05644226074219,116.28534617750441,114.3346513881416,115.94696383335953,1668600
2024-12-24,116.87255096435547,117.31046467996521,115.16071472316524,116.02658749907253,886500
2024-12-26,118.0768051147461,118.49480951628213,115.19057014538258,116.1659213421438,1565300
2024-12-27,116.72325897216797,119.73887404619929,116.17587443272211,117.52941139186983,1330800
2024-12-30,115.31000518798828,116.1758779714636,114.63323289121128,116.1758779714636,1448600
