Price,Close,High,Low,Open,Volume
Ticker,PNW,PNW,PNW,PNW,PNW
Date,,,,,
2015-01-02,45.936546325683594,46.06370331911689,45.300771570289776,45.8963936354989,640100
2015-01-05,45.62871170043945,45.983407526105005,45.387785270574554,45.92317847158277,973700
2015-01-06,45.78263473510742,46.79318177878166,45.58855484506659,45.64209007558087,2072800
2015-01-07,46.84672546386719,47.040805367781175,45.74248019961274,46.04364078398461,1023000
2015-01-08,46.927024841308594,47.335260903401114,46.81994418625438,46.98725388036159,1212100
2015-01-09,46.237709045410156,47.02741108153967,46.0570168050417,46.719561827575575,911200
2015-01-12,46.23102569580078,46.505410997207875,45.89640623669259,46.33141255471079,593000
2015-01-13,46.331417083740234,46.94711572327257,45.869640551146865,46.177489870913035,1245100
2015-01-14,46.82664108276367,46.866793778105915,45.93655222617253,46.19086113981843,964200
2015-01-15,47.248268127441406,47.35534880863275,46.6057993579571,46.93372500880174,463800
2015-01-16,47.79703140258789,47.83049538321472,47.06086978177696,47.31517867452646,548500
2015-01-20,48.15842056274414,48.232037234824006,47.562798474742706,48.02457485308249,559400
2015-01-21,48.493045806884766,48.539892321519986,47.68996124002752,48.18519655272659,532000
2015-01-22,48.4997444152832,49.06190264643045,48.071431923203114,48.82097623139944,565900
2015-01-23,48.35920715332031,48.78751966573428,48.292284280609614,48.526516888041016,677100
2015-01-26,48.32572937011719,48.339117004370756,47.8773406344651,48.339117004370756,527300
2015-01-27,48.245418548583984,48.57334920900461,47.870646486259155,47.870646486259155,1136200
2015-01-28,47.7301139831543,48.713895897340535,47.582880621046534,48.245425644644286,837600
2015-01-29,48.212650299072266,48.826778504552216,47.4163045526832,47.56477657895207,2087900
2015-01-30,47.36231994628906,48.39486898287186,47.31507930895662,47.96970324687992,1238500
2015-02-02,47.4095573425293,47.63901037993109,46.835919600181875,47.3623167084264,937400
2015-02-03,47.55128860473633,47.72000592386277,47.2206041009248,47.3420807766496,805500
2015-02-04,47.105857849121094,47.6322548407201,46.937140600591064,47.43654221456425,809400
2015-02-05,47.11935806274414,47.48378797686843,46.95064079595562,47.328565825932344,1025300
2015-02-06,45.07451629638672,47.07212859076438,44.818067843669475,47.02488795082058,1299900
2015-02-09,44.8787841796875,45.34444539248943,44.649331213220165,45.074496788708,1187500
2015-02-10,45.621158599853516,45.668399239670094,44.88555361573204,44.89229860081757,1520700
2015-02-11,45.22972106933594,45.54691034387239,44.97327268616541,45.425433709982734,1450000
2015-02-12,45.17573165893555,45.54690651265736,44.91253316578747,45.24996765944826,759200
2015-02-13,43.954227447509766,45.03402224494681,43.62354299393735,45.007026860126565,1166400
2015-02-17,43.84624481201172,44.45362801184912,43.387333633117066,43.76525866908592,1373200
2015-02-18,44.9935188293457,45.07450496983171,43.63028559863957,43.63028559863957,968800
2015-02-19,44.4266357421875,45.08125961736603,44.27816371084687,44.993523335841395,685500
2015-02-20,44.386138916015625,44.88554576252118,43.78550582250202,44.83155499822177,1065000
2015-02-23,44.56159591674805,44.58184116142071,44.09593469391071,44.25115681780365,898900
2015-02-24,44.58184814453125,44.93278293663139,44.44687639301106,44.52111240099985,809400
2015-02-25,43.74502182006836,44.71008499265603,43.610050038118466,44.656094220338694,814700
2015-02-26,43.4615592956543,43.98795622723397,43.360327928310234,43.927215347291046,986600
2015-02-27,43.245609283447266,43.50880779692399,43.063394333866206,43.44132192274778,1006000
2015-03-02,42.42226791381836,43.25235394276952,42.10507864383916,43.144377574664624,1235300
2015-03-03,42.894676208496094,42.90817389794321,42.044339794275515,42.40876968608434,1074700
2015-03-04,42.563995361328125,42.71246739213206,42.34128988954361,42.69896970074794,1068000
2015-03-05,42.87443161010742,43.13763013805883,42.59773539169425,42.6922166505054,645800
2015-03-06,41.82164001464844,42.32104171967598,41.52469595546532,42.32104171967598,1086300
2015-03-09,41.90936279296875,42.11182554730127,41.74739567880777,41.781138613056235,690800
2015-03-10,42.01734924316406,42.45601519012406,41.72040776447228,41.781146086752564,805400
2015-03-11,41.706912994384766,42.09833833747563,41.585436341316665,42.00385706829411,757700
2015-03-12,42.51675796508789,42.71247064342329,41.70691444134476,41.89587956068516,503800
2015-03-13,41.89586639404297,42.56398522470525,41.54493422489458,42.44925873689445,453600
2015-03-16,42.68547058105469,42.941921559929035,42.13882568318548,42.13882568318548,805700
2015-03-17,42.73945617675781,42.935166235560246,42.47625509703268,42.65847004095577,545500
2015-03-18,43.77875900268555,43.940726139948836,42.45601365145545,42.705714489815406,889400
2015-03-19,43.18487548828125,44.156686080038895,43.14438241488334,43.58979335015358,734700
2015-03-20,43.684288024902344,43.751773918908384,43.08365224079252,43.40758916598081,1257000
2015-03-23,43.74502182006836,43.920489255677964,43.603299904367944,43.71127630015916,456100
2015-03-24,43.12413024902344,43.900230630938026,43.02289886897512,43.535800752069214,724800
2015-03-25,42.55049133300781,43.50205655129231,42.55049133300781,43.17811972958068,595700
2015-03-26,42.21980667114258,42.84743506351324,42.037591727445836,42.550491048116626,697500
2015-03-27,42.55049133300781,42.840685218495096,42.17931388569787,42.30753807311883,773300
2015-03-30,43.0566520690918,43.25911230303496,42.47626417721226,42.65173160120547,775000
2015-03-31,43.02290725708008,43.3265963075929,42.73946345675572,42.948671240493766,771200
2015-04-01,43.21860885620117,43.319840230063036,42.36152496727861,43.02964379662041,687200
2015-04-02,42.962158203125,43.421066730795935,42.90141989330637,43.23885437576083,891000
2015-04-06,43.47507095336914,43.83275079177433,42.9959144576902,43.02290984251139,637200
2015-04-07,42.651729583740234,43.387337039328685,42.6179866420827,43.387337039328685,910400
2015-04-08,42.59773635864258,42.7394608244976,42.31429257577509,42.65847467988865,785000
2015-04-09,42.2535514831543,42.59773356469324,42.08483422125026,42.59098600696237,796900
2015-04-10,43.043148040771484,43.40082782056647,42.287295410585,42.402024490064505,1037000
2015-04-13,42.30078125,42.94190719551338,42.294031119581085,42.80693290575997,752400
2015-04-14,42.7462043762207,42.8541833178242,42.33453385685077,42.388524614863044,643000
2015-04-15,42.54375457763672,43.272614542365424,42.523506751224254,42.77321020641187,543400
2015-04-16,42.32103729248047,42.530247623708455,41.92961458416943,42.503252243984626,769700
2015-04-17,42.280548095703125,42.6719708160343,42.084835448326935,42.16581901556422,627500
2015-04-20,42.786705017089844,43.27935661182522,42.381781983597946,42.38853211675463,620100
2015-04-21,42.456016540527344,43.25235973936747,42.31429464217268,42.91492775137031,624600
2015-04-22,42.449275970458984,42.62474083905805,42.152331859014964,42.40878288951067,473100
2015-04-23,42.82044219970703,42.98915946402863,42.40877166285493,42.45601229091129,519000
2015-04-24,43.02290725708008,43.394087340011644,42.685472690357884,42.83394472353051,584000
2015-04-27,42.50325393676758,43.15787776182604,42.3345366684058,43.11738469062759,684100
2015-04-28,42.800193786621094,42.86093210391536,42.07808411124543,42.334535070312455,697900
2015-04-29,42.38851547241211,42.64496379439592,42.01733552718727,42.35476996872222,571500
2015-04-30,41.69698715209961,42.31017657256094,41.41083000998391,42.28292561539358,1123600
2015-05-01,41.206443786621094,42.16029769888883,40.96798160807557,41.526666654133216,2012800
2015-05-04,41.6152229309082,42.07852032277421,41.30862696647778,42.03082790597857,1407100
2015-05-05,40.620487213134766,41.56071392809212,40.53191707115539,41.472141187071074,1166500
2015-05-06,40.47060012817383,40.94071221223434,40.075431414785896,40.5864238275202,774000
2015-05-07,40.70225524902344,40.93390527591534,40.4501637557008,40.51829764539968,854400
2015-05-08,40.784000396728516,41.274553850978286,40.53872366960363,41.02246243752142,774500
2015-05-11,40.52511215209961,41.23368905298046,40.49104650473929,40.57961926710997,793400
2015-05-12,40.55917739868164,40.627311291771335,40.10269201067093,40.286649623449684,779200
2015-05-13,39.925540924072266,40.852140948632574,39.768836890366025,40.68181013820728,718200
2015-05-14,40.456966400146484,40.48421734887128,40.007293258170215,40.007293258170215,659100
2015-05-15,40.85213851928711,40.94071126317286,40.43653095071753,40.54554255894547,1496100
2015-05-18,41.26094055175781,41.36995217729706,40.62730966611027,40.62730966611027,737900
2015-05-19,41.41082000732422,41.56752401911435,40.98158829639357,41.124665533370454,650100
2015-05-20,41.53346633911133,41.88094266581945,41.32906987583469,41.438081496185035,604200
2015-05-21,41.622039794921875,41.710612550151204,41.260939283740754,41.51302817273274,486100
2015-05-22,41.547096252441406,41.66973465947234,41.16555425289603,41.526657384283666,473300
2015-05-26,41.267757415771484,41.45171504247246,41.04292204916528,41.44490295216907,673600
2015-05-27,41.66291809082031,41.75148824267701,41.22686902434182,41.28137613229237,662900
2015-05-28,41.6833610534668,41.82643832733583,41.45171101999408,41.656107496813014,472900
2015-05-29,41.5062141418457,41.85369047991906,41.451709629408825,41.67654496665441,632400
2015-06-01,41.499393463134766,41.7923626290921,41.43807427493343,41.58796620143483,856200
2015-06-02,40.64094543457031,41.349519857801624,40.40248066410974,41.30182742351806,744600
2015-06-03,39.98686218261719,40.688626925120325,39.653015232424686,40.57280061655412,705700
2015-06-04,39.836978912353516,40.164013823295804,39.646206598355356,39.646206598355356,553400
2015-06-05,39.2646598815918,39.53037553497995,39.0807022910057,39.24421841660982,663600
2015-06-08,38.95807647705078,39.26467256036244,38.9512617868423,39.25785787015396,643200
2015-06-09,38.76729202270508,39.135204584003915,38.70597282931497,38.93762282667296,1277600
2015-06-10,38.8967399597168,39.16927026789716,38.719597078728704,39.08750961601807,882100
2015-06-11,39.39410400390625,39.46904996564189,39.135200481285395,39.189707580380954,714200
2015-06-12,38.83542251586914,39.27828363680716,38.81498365150152,39.182896205327495,378100
2015-06-15,38.596961975097656,38.9035553490145,38.50157453981128,38.746851318178244,721000
2015-06-16,38.808162689208984,38.808162689208984,38.385743099980466,38.54244709922586,647300
2015-06-17,39.039825439453125,39.08751786359167,38.576525377213905,38.84224105428359,512000
2015-06-18,39.557621002197266,39.91872142154203,39.31915635246428,39.43498263354406,1070500
2015-06-19,39.61213302612305,39.93235578278595,39.32597851092448,39.50312141094618,1432000
2015-06-22,39.557621002197266,39.83014868883884,39.312344264890854,39.68707145842391,1089900
2015-06-23,38.99895095825195,39.693898510559464,38.96488271041681,39.6734596410923,733500
2015-06-24,38.508399963378906,39.1420309511305,38.50158527372336,38.96488540668243,724000
2015-06-25,38.36531448364258,38.774107408309064,38.310807374197964,38.68553465498258,603600
2015-06-26,38.7604866027832,38.84224468050458,38.16092130172746,38.41301282318555,876600
2015-06-29,38.549278259277344,39.16928243387133,38.52883679043764,38.80817927351751,754800
2015-06-30,38.7604866027832,38.91037857780775,38.426639602646176,38.65147496614056,1480900
2015-07-01,39.230594635009766,39.2919112334493,38.67872185767611,38.855864762043836,1156400
2015-07-02,39.734771728515625,39.89147576411655,38.99894397008338,39.46905607688615,944100
2015-07-06,39.85060501098633,39.925548398408175,39.39411700208707,39.62576705159362,758100
2015-07-07,41.111045837402344,41.240496321855844,40.00048818979143,40.04818061032914,1148200
2015-07-08,41.07017517089844,41.2132550652243,40.893032224220484,40.947536746643465,1196900
2015-07-09,40.661376953125,41.36995384725389,40.49104611890415,41.17918154557779,1039000
2015-07-10,41.09741973876953,41.34269653360845,40.45016210773171,40.60686614909168,1203600
2015-07-13,41.00204086303711,41.431275316470575,40.72951047376834,41.23369091420284,849700
2015-07-14,40.954345703125,41.25412703209136,40.790826960661924,40.99522343945909,896900
2015-07-15,41.0224723815918,41.042913846501534,40.4637875228419,40.90664867628504,919200
2015-07-16,41.676536560058594,41.75148252370378,41.015654860456245,41.015654860456245,1185600
2015-07-17,41.16555404663086,41.58116169070411,41.13148840019124,41.55391073297774,817400
2015-07-20,41.431270599365234,41.64247915791135,41.04972861763742,41.30863219806137,1479600
2015-07-21,40.85213851928711,41.39719656042681,40.552357246420705,41.2609339994232,1010100
2015-07-22,41.111045837402344,41.247311009956654,40.756757428377945,40.84533018039454,936500
2015-07-23,40.668182373046875,41.05653640345424,40.30708189541522,41.05653640345424,749600
2015-07-24,40.872589111328125,41.07698559752607,40.484232408796984,40.606870820324225,658700
2015-07-27,41.540283203125,41.58797562708616,40.79082599979983,40.79082599979983,1313400
2015-07-28,41.622039794921875,41.73105141711101,41.363136217581896,41.47896252811903,1076100
2015-07-29,41.91500473022461,41.94225828274519,41.28137392885107,41.49258506232286,857900
2015-07-30,42.15236282348633,42.81282029723486,40.96904121470167,41.49190534973779,1275700
2015-07-31,42.4550666809082,43.08800698461243,42.35875030575035,42.35875030575035,616200
2015-08-03,42.59954071044922,42.90225231364147,42.386269489390344,42.461947390188406,723000
2015-08-04,41.82901382446289,42.57203047065546,41.76021715326348,42.57203047065546,677400
2015-08-05,41.8634147644043,42.166126435133,41.75333850898248,41.897815726568886,676300
2015-08-06,42.317481994628906,42.338123097958196,41.49878996351953,41.84965985144147,810500
2015-08-07,43.08113098144531,43.266885138014686,41.980368525209855,42.23491935113467,904500
2015-08-10,42.82658386230469,43.335688182643715,42.76466580475569,43.13617415004971,627700
2015-08-11,43.39760208129883,43.52831680163116,42.70962489642922,42.83345837523504,730700
2015-08-12,43.87229537963867,43.996131454601965,43.088001987820526,43.25999624477798,766500
2015-08-13,43.93423080444336,44.078705407602826,43.301290323648146,43.686558556498504,527200
2015-08-14,44.28509521484375,44.360773128394385,43.56271703962392,43.8172678743103,646500
2015-08-17,44.61531066894531,44.801067411909536,44.078689409445744,44.326361567499134,595100
2015-08-18,44.29195785522461,44.560268468253646,44.22316120424117,44.560268468253646,627300
2015-08-19,44.43645095825195,44.649727488889624,43.92734922970276,44.085586317024244,628700
2015-08-20,44.26444625854492,44.87675073641998,43.97549712214252,44.14749140555095,977000
2015-08-21,43.52830505371094,44.305719797634865,43.51454519879625,44.09932459833854,945200
2015-08-24,42.44130325317383,42.90224924119483,41.945961561975224,42.7646533063636,2531600
2015-08-25,41.01031494140625,43.23935925347085,40.96903537102567,42.895370706905695,1225700
2015-08-26,41.50564956665039,41.650124092506495,40.75575460580488,41.51252818122385,1357200
2015-08-27,41.81524658203125,41.829006438726516,41.209828633985545,41.81524658203125,1329700
2015-08-28,41.608863830566406,41.85653606086426,41.14792033206479,41.73269994571533,1508000
2015-08-31,40.95527648925781,41.5469372233435,40.55625113044325,41.38182418673899,1099800
2015-09-01,39.909542083740234,40.604400279341924,39.75130769870812,40.604400279341924,865600
2015-09-02,39.909542083740234,40.40488633213559,39.60683316773408,40.33608968626904,660300
2015-09-03,40.088417053222656,40.370487496773244,39.91642281631562,40.01273916907576,717300
2015-09-04,39.62748718261719,39.909557740405454,39.44173564102174,39.66876676098554,668200
2015-09-08,41.058467864990234,41.10662604538237,39.89578767142813,40.054022067634286,1658500
2015-09-09,40.7488899230957,41.24423435520235,40.590655479378256,41.196076160350295,1246400
2015-09-10,40.631927490234375,41.06535116318915,40.50809140526893,40.6938455327171,962600
2015-09-11,41.1341667175293,41.141045336337534,40.32235322803944,40.41179101909858,861100
2015-09-14,41.19606018066406,41.47813062299487,41.058464266848695,41.18917894154022,816200
2015-09-15,41.402462005615234,41.478139906372625,40.969035698638386,41.19606940091057,772200
2015-09-16,42.02852249145508,42.12483886863519,41.223587893947375,41.423101889205846,759800
2015-09-17,42.49635696411133,42.977941585716856,41.92533456113298,41.966614142787755,549600
2015-09-18,42.49635696411133,42.88162518628076,42.10421012387862,42.152368323596676,1301200
2015-09-21,42.854095458984375,43.18432416184087,42.41379052184238,42.633942990413374,1218700
2015-09-22,42.792171478271484,42.93664602365426,42.33810674676557,42.33810674676557,801500
2015-09-23,42.81281661987305,43.026090475637886,42.558265815809804,42.81969786087243,587700
2015-09-24,43.0880012512207,43.2187159394811,42.379383140061606,42.69585456201548,976700
2015-09-25,43.700313568115234,44.09245775127916,43.01233634435604,43.129291212671184,620500
2015-09-28,43.45951461791992,43.934220523538215,43.335681147350485,43.69342695019465,666400
2015-09-29,43.49391555786133,43.769104838746294,43.170565462786364,43.52143264885267,760000
2015-09-30,44.12685775756836,44.17501595223588,43.500798602465785,43.70031262290254,574800
2015-10-01,43.64527130126953,44.27133042933032,43.26000576057037,44.14061833450701,887100
2015-10-02,43.97550582885742,44.08558471148085,43.40448605958592,43.97550582885742,848400
2015-10-05,44.085575103759766,44.36076700149481,43.81038320602472,44.188772721516514,1205600
2015-10-06,43.294395446777344,44.26444034623244,43.211838936607066,43.9754912484244,1959600
2015-10-07,43.28064727783203,43.50768102263507,43.10865297095391,43.41136200626645,1388200
2015-10-08,44.07182312011719,44.18190200497205,43.081136776248975,43.204972897285636,688800
2015-10-09,44.01677703857422,44.20941242210413,43.85166399489088,44.07181384499383,664600
2015-10-12,44.45708465576172,44.75979102800395,44.02365832292393,44.02365832292393,483600
2015-10-13,44.51900100708008,44.66347557956338,44.30572976896413,44.43644185901142,605900
2015-10-14,44.69786834716797,44.93177801723138,44.512111610260504,44.580913512136256,596800
2015-10-15,45.25513458251953,45.39273315725405,44.55340022234474,44.82859212296485,534800
2015-10-16,45.30328369140625,45.53719859714731,45.165690393098245,45.44775822928402,739100
2015-10-19,45.083133697509766,45.172574070199296,44.58778939871536,45.05561398659361,725300
2015-10-20,45.227622985839844,45.33082062320227,44.553408219591766,44.99371324007823,757800
2015-10-21,45.12441635131836,45.72295832959987,45.07625816333126,45.37896977287807,525600
2015-10-22,45.84679412841797,46.10822354027844,44.993703982850676,45.42712767197827,771000
2015-10-23,45.20697021484375,45.91558571911641,44.99369901421557,45.750472700850985,763700
2015-10-26,45.25513458251953,45.28953553841539,44.61531564433858,45.07625905978912,710500
2015-10-27,45.06937789916992,45.44776212638696,44.91802210874378,45.22760968090757,635700
2015-10-28,44.36076354980469,45.406486381212005,44.01677239218946,45.069379088362396,1072400
2015-10-29,43.884891510009766,44.63518064346342,43.37080686681708,44.23919559528913,1525900
2015-10-30,44.12107849121094,44.739373283749956,43.738988109384756,43.77372311680328,1346500
2015-11-02,44.579593658447266,44.71159041508895,43.63478913519578,44.09329818696178,1115100
2015-11-03,44.44066619873047,44.64213303691002,44.07246754444419,44.39898258217571,755400
2015-11-04,45.288204193115234,45.46882520667107,44.60043660226388,44.829692465880996,1284300
2015-11-05,44.954734802246094,45.3924006939822,44.91305385071582,45.14925297635103,778100
2015-11-06,42.75251388549805,44.73243909716257,42.46073389897735,44.43371316696588,1233000
2015-11-09,43.07207107543945,43.141541097774606,42.39125478613137,42.585772968758974,770300
2015-11-10,43.93352508544922,43.96826010564769,43.10681729411991,43.141552314318375,1027500
2015-11-11,43.996036529541016,44.357283815852796,43.86403978058921,44.02382294764172,997500
2015-11-12,43.12765121459961,44.405916645593706,43.11375667946555,43.954356179239035,1350700
2015-11-13,42.780296325683594,43.73204946841156,42.48851638441469,43.25964586834696,932200
2015-11-16,43.718143463134766,43.738983935574936,42.81502010587801,42.8636496416457,1455600
2015-11-17,42.96788787841797,43.961325134598425,42.85673418927044,43.62091812100856,853500
2015-11-18,43.169334411621094,43.26659351249844,42.59967169210084,43.141545339909925,1032800
2015-11-19,43.67647933959961,43.72510889704688,43.08597605624718,43.31522930562547,766800
2015-11-20,44.002994537353516,44.35729597881898,43.80847630675382,43.85710586440374,2102600
2015-11-23,43.67647933959961,44.350349850100606,43.579220224705054,44.09330752500613,724000
2015-11-24,43.80846405029297,44.009928168430214,43.21795827957572,43.384690037808376,1061200
2015-11-25,43.54448318481445,43.85710364683689,43.37775138836515,43.85710364683689,486700
2015-11-27,43.732051849365234,43.836256894689775,43.523639108604385,43.579214602755115,341800
2015-11-30,44.01687240600586,44.43369778518478,43.75288158579994,43.780670651108174,1443200
2015-12-01,44.1280403137207,44.45455531159883,43.88488988866457,43.996046185909876,1449100
2015-12-02,43.11376190185547,44.155828312131376,43.03734327441733,44.044674667706424,969600
2015-12-03,42.45378112792969,43.0303897643414,42.32873296097551,42.808082500892105,2126500
2015-12-04,43.33606719970703,43.42637770970121,42.53020265212215,42.6274617552616,1718400
2015-12-07,43.85710525512695,43.8848916804608,43.13460519420508,43.25965338359972,1730400
2015-12-08,44.14887237548828,44.19750192120377,43.28743243700416,43.75288741745564,1633100
2015-12-09,43.85015106201172,44.45455145028099,43.69036787376832,43.91962374175564,805700
2015-12-10,42.52324676513672,43.73899064607179,42.37041219360917,43.73899064607179,1193300
2015-12-11,42.74557113647461,42.94009203745667,42.168962328491396,42.307905072017896,784800
2015-12-14,42.68998718261719,42.84977037851908,42.27315903451007,42.738616735712895,1292400
2015-12-15,43.11376190185547,43.59311149654209,42.77335237511609,42.77335237511609,1162600
2015-12-16,44.197505950927734,44.28781910839575,43.3221713981286,43.3221713981286,626900
2015-12-17,44.17666244506836,44.544860992539775,44.023825212151486,44.162767910247595,1109700
2015-12-18,43.662574768066406,44.10719192701594,43.301327467219146,44.002984242083244,884500
2015-12-21,43.739009857177734,44.06552491950545,43.38470836516602,43.8987930908389,590000
2015-12-22,44.11415481567383,44.23225443052792,43.26660642629731,43.75290472594142,589200
2015-12-23,44.76022720336914,44.885275387727084,44.19751037375841,44.19751037375841,412200
2015-12-24,44.6629638671875,44.83664159012715,44.4267620579851,44.76717156099598,185400
2015-12-28,45.045066833496094,45.10064499559038,44.44067154645278,44.54487927532327,412900
2015-12-29,45.288204193115234,45.51051146383454,45.10062928643817,45.10062928643817,359700
2015-12-30,45.31599044799805,45.51050863525979,45.1770450997946,45.1770450997946,345200
2015-12-31,44.794944763183594,45.22566197134067,44.30864413110026,45.190929619191465,517100
2016-01-04,44.51707458496094,44.801903290428605,44.07940598732524,44.676855119675544,1045300
2016-01-05,44.7393798828125,44.83663897797457,43.725100025851276,44.433705412175584,695100
2016-01-06,44.801902770996094,44.93389953310046,44.29476415109365,44.40591778490636,644500
2016-01-07,44.78800964355469,44.89221733178806,44.25308196750578,44.378130133341195,839000
2016-01-08,44.47538757324219,45.170098443366214,44.412866139038215,44.815799715763745,979900
2016-01-11,45.00337219238281,45.260417138823236,44.59349529694329,44.59349529694329,898700
2016-01-12,44.25308609008789,44.850535254600786,43.66258021860703,43.83625794843461,1492900
2016-01-13,44.371185302734375,44.98253164863908,44.15582661562327,44.32255575079885,1082000
2016-01-14,45.02422332763672,45.35073838275715,44.21141263737409,44.350355383177195,849900
2016-01-15,44.468441009521484,45.0311550768562,43.85709474675283,45.02420648460359,784000
2016-01-19,45.07284164428711,45.253467963793845,44.41981434710624,44.8574829596368,744200
2016-01-20,44.197505950927734,45.14231583270311,43.43332503420011,44.99642188203176,766700
2016-01-21,43.947410583496094,44.57959739959226,43.57226870974111,44.39202778777066,821700
2016-01-22,44.53097152709961,44.6212873441467,43.75289599303734,44.08635693620688,1351500
2016-01-25,44.287818908691406,44.67685530813155,44.11414118748085,44.55180713685101,687600
2016-01-26,44.461490631103516,45.003364200134456,43.42637038629914,44.03771662450799,677500
2016-01-27,44.48234176635742,44.89916728086574,44.12804034403655,44.454555342138995,655400
2016-01-28,45.36980056762695,45.678488113337394,44.07191802243162,45.21545679477173,789900
2016-01-29,46.520362854003906,46.646643653565235,45.64341434384718,45.67147733846847,1114500
2016-02-01,47.1938591003418,47.41835770690212,46.31691058214222,46.47125437774039,1346900
2016-02-02,47.90243148803711,48.02871227949375,46.76590971739586,46.98339122116675,1190500
2016-02-03,48.90566635131836,49.1091190582847,48.19007868584123,48.19007868584123,1669300
2016-02-04,48.28828430175781,48.98984296828644,48.133940538726655,48.86356219421257,1315100
2016-02-05,48.070796966552734,48.5408453360263,47.57269096088677,48.09184822239873,1850400
2016-02-08,48.04975128173828,48.91267079144418,47.45342748928302,48.39351888003855,1720500
2016-02-09,48.04275131225586,48.40755955088626,47.64286299093426,48.0006541425326,1971200
2016-02-10,48.2321662902832,48.58294568148526,47.36223489879334,47.951541706827804,935000
2016-02-11,47.411338806152344,48.400533801877465,47.383275815515496,48.00766263789792,825200
2016-02-12,47.158782958984375,47.64286023932552,46.59753378315496,47.3131267499609,913200
2016-02-16,47.179832458496094,47.313130352209875,46.772927042662914,47.249987272698895,857700
2016-02-17,46.88517379760742,47.130718296162854,46.457222520495684,47.130718296162854,977000
2016-02-18,47.33416748046875,47.72002156324067,46.69574647897471,46.96234221694727,1542600
2016-02-19,47.88139343261719,48.162018054364516,46.737854388148456,47.38328727143868,1944100
2016-02-22,48.793418884277344,49.00388332229964,47.930499166225495,48.35845048174735,1175500
2016-02-23,49.031944274902344,49.15822507344176,48.0708067886596,48.52682108074467,678200
2016-02-24,49.214351654052734,49.48795916210024,48.632056556425916,49.03896195133157,880000
2016-02-25,49.9579963684082,50.091294239490914,49.193299924228754,49.49497039130604,692000
2016-02-26,48.084835052490234,49.66334216400084,48.0497549756916,49.60721618211031,1386700
2016-02-29,48.28828430175781,48.58995474246383,47.63583452778747,47.99363094640807,1354100
2016-03-01,47.64988327026367,48.71625588666021,47.58674553306037,48.54787788251122,1571900
2016-03-02,48.04975128173828,48.05676836705219,46.54841617262925,47.50955346685871,1149800
2016-03-03,48.04275131225586,48.11991785973205,47.390301382471236,48.11991785973205,987600
2016-03-04,48.40755844116211,48.63907413569066,47.56569000056429,47.762125613205846,1049000
2016-03-07,48.533836364746094,48.82848976623733,48.2461946972413,48.33038367729681,782300
2016-03-08,49.19329833984375,49.3055449494022,48.37948767255539,48.660112225153725,1132300
2016-03-09,49.62826919555664,49.77559590477,48.968807547525735,49.06702535366797,987500
2016-03-10,50.07025146484375,50.378933684723705,49.04597630042268,49.62826601307758,1779400
2016-03-11,49.936954498291016,50.456106500165966,49.740518895012315,50.2386249897458,828900
2016-03-14,50.161460876464844,50.350879422590054,49.42482189743102,49.81068142977628,848900
2016-03-15,50.385955810546875,50.50521952907582,50.04219347671143,50.04219347671143,512000
2016-03-16,50.870033264160156,50.94720516517801,49.70544301423189,50.19653741638819,489000
2016-03-17,51.487396240234375,51.56456813094074,50.6946367795317,50.898089459351354,784600
2016-03-18,51.00332260131836,51.585617689708876,50.92615070514762,51.585617689708876,1664300
2016-03-21,51.11557388305664,51.26991767329833,50.336843197723624,50.82092047576004,541500
2016-03-22,50.9542236328125,51.45232983544779,50.841976986253094,51.16469345475751,781000
2016-03-23,51.4172477722168,51.58562039429472,50.680608852863514,50.89107864481278,527200
2016-03-24,51.557559967041016,51.70488668775739,51.01736199108097,51.2418606158587,553400
2016-03-28,51.51546096801758,51.97147524142629,51.326042454200646,51.60666168171185,375100
2016-03-29,52.364356994628906,52.39943708137165,51.51547134965813,51.63473508063185,630200
2016-03-30,52.399436950683594,52.50466650570987,51.9644684975193,52.31524795419284,541800
2016-03-31,52.6660041809082,52.72213015381262,52.25909890605223,52.39239675358338,861400
2016-04-01,52.96067810058594,53.016804095311635,52.42048012064212,52.630944572159294,731600
2016-04-04,52.876495361328125,53.18517763263667,52.53272765213178,53.03785090832518,603900
2016-04-05,52.11880874633789,52.94664842150503,52.06969983986481,52.757224530487896,996200
2016-04-06,52.02760314941406,52.132832687382795,51.68383548381997,51.859225183726345,572000
2016-04-07,51.99251174926758,52.33627398755307,51.61366943765048,51.901311052060166,598900
2016-04-08,52.167911529541016,52.48361084088817,52.00655065437262,52.18895743663499,676700
2016-04-11,51.985504150390625,52.476598504309344,51.85221162283629,52.23104865111564,671000
2016-04-12,52.364356994628906,52.39943708137165,51.89431380610678,52.097766533781225,647800
2016-04-13,52.08373260498047,52.49765515013391,51.75399905692682,52.49765515013391,874600
2016-04-14,51.74698257446289,52.18194563840232,51.655776497854205,51.922372287978924,723200
2016-04-15,52.15387725830078,52.29419222611101,51.7189142392609,51.775040226384995,689100
2016-04-18,52.427494049072266,52.427494049072266,51.82415302329909,52.14686944482233,497200
2016-04-19,52.511688232421875,52.60990606076946,52.14687992034088,52.56781423504055,412000
2016-04-20,51.15065002441406,52.60988812780234,51.066461049183275,52.54675041073054,587700
2016-04-21,49.859779357910156,51.17870786011083,49.67737258711091,50.989289355700066,843800
2016-04-22,50.133399963378906,50.31580678193437,49.915918410177646,50.035182142418996,620200
2016-04-25,50.23862075805664,50.27370083531673,49.86679548996022,50.03516808537838,571700
2016-04-26,50.000099182128906,50.47014770110626,49.90188136681293,50.161460080130595,596800
2016-04-27,50.62448501586914,50.91913842400954,49.887846143049316,50.20354545856135,802900
2016-04-28,50.65633773803711,50.88279781351104,50.0689550612899,50.16803100685761,1138000
2016-04-29,51.41355514526367,51.52678246361518,49.7009507860444,49.96987039145823,1487900
2016-05-02,51.90895080566406,52.56002293499659,51.25787867633154,51.50556857344339,1768600
2016-05-03,51.64710998535156,52.114181595704956,51.42064987746373,51.85941329942679,1183900
2016-05-04,52.17786407470703,52.50340006563747,51.18002091620047,51.50555690713091,872300
2016-05-05,51.81694030761719,52.602474784660366,51.60463164924691,52.029243566754005,629300
2016-05-06,51.64710998535156,51.76741573658435,51.10218680749859,51.76741573658435,713600
2016-05-09,52.06462478637695,52.20616027790669,51.56924516678994,51.7249320477795,532800
2016-05-10,52.05754470825195,52.43261860798379,51.74616555711136,52.149547634080115,523200
2016-05-11,52.18494415283203,52.29109849888032,51.72494558611235,52.16371436346924,658700
2016-05-12,52.680328369140625,52.82894229128479,51.93725335918558,52.17079183651251,670100
2016-05-13,52.51755905151367,52.68032977013417,52.092947062776084,52.54586723732743,503000
2016-05-16,52.772308349609375,52.77938674332628,52.1707744652512,52.538769950043545,684300
2016-05-17,51.57631301879883,52.65908047803793,51.371082797082884,52.559999164767845,756200
2016-05-18,50.06895065307617,51.392329808408086,49.941566534385224,51.24371590314091,1318500
2016-05-19,50.536033630371094,50.571414812507285,49.61603650708181,49.89203456422174,495700
2016-05-20,50.642189025878906,50.720035195421104,50.111422633128406,50.720035195421104,1073100
2016-05-23,50.3025016784668,50.78373009168158,50.27419348954417,50.691727127874294,654600
2016-05-24,51.003108978271484,51.123414725094555,50.28126909809839,50.52895898839138,569100
2016-05-25,50.932315826416016,51.02431334003765,50.4652390667247,50.8898562661648,724300
2016-05-26,51.569244384765625,51.6824716964258,50.7695532119741,51.024321412250515,596100
2016-05-27,51.795719146728516,51.852330119051864,51.31449078695668,51.68248640361309,545000
2016-05-31,52.07878875732422,52.15663491624196,51.37817872629872,51.76740952088745,1210700
2016-06-01,52.60248565673828,52.61663705057888,51.71079666621237,51.9301783657664,952600
2016-06-02,52.552955627441406,52.58126381863845,51.94434301479339,52.482187849066484,1014000
2016-06-03,53.614479064941406,53.968323293776905,53.06955592896343,53.06955592896343,857000
2016-06-06,53.2606315612793,53.770168083350164,53.041244481411276,53.62154876505106,606500
2016-06-07,53.45878982543945,53.678171532222784,53.04832920048665,53.26771090726998,875900
2016-06-08,53.78430938720703,53.78430938720703,53.38800567737167,53.437543641101094,613300
2016-06-09,54.612300872802734,54.6901470121218,53.784306917390374,53.784306917390374,642400
2016-06-10,54.30091857910156,54.874144299865144,54.138147915588455,54.44953245488351,639800
2016-06-13,54.251399993896484,54.52739806165618,54.03909129597312,54.371705736410306,599600
2016-06-14,54.78216552734375,54.796316920686095,53.9329361474743,54.25139918963824,563100
2016-06-15,54.30091857910156,54.79629816504138,54.10276134549309,54.79629816504138,795900
2016-06-16,54.85292053222656,54.980304639612214,54.36461388737604,54.38584367206813,707500
2016-06-17,55.04397964477539,55.065209423933275,54.392907887518746,54.8882873986419,1016000
2016-06-20,54.831687927246094,55.15014547971367,54.20891881240055,55.02983977315773,724500
2016-06-21,54.84584426879883,55.15015045942085,54.49907850714273,54.85999565939907,610400
2016-06-22,54.54861068725586,54.98737393935836,54.52738090399061,54.951992766993875,483500
2016-06-23,54.711368560791016,54.711368560791016,54.251375587620004,54.63352243318902,469300
2016-06-24,55.16429901123047,55.61721907639755,54.24430749102431,54.336305023275,701800
2016-06-27,55.999366760253906,56.2045969914318,55.157221452106995,55.16429444684123,908000
2016-06-28,55.9427604675293,56.1479853165745,55.376607686124885,56.04183639439011,980900
2016-06-29,56.0064697265625,56.416930369004255,55.80831780241407,56.416930369004255,814400
2016-06-30,57.365203857421875,57.379360645015055,55.92859767296564,56.11967651084619,1087800
2016-07-01,57.37938690185547,57.74030416215025,56.806155525135296,57.7190743702782,773300
2016-07-05,58.42673110961914,58.46211767631133,57.20243365101059,57.478431593667175,1030800
2016-07-06,58.41259002685547,58.58243369862909,57.78982629753023,58.29935731285108,1246100
2016-07-07,57.2873649597168,58.25689986148387,57.10336989162365,58.25689986148387,1057200
2016-07-08,57.44306564331055,57.45722243476111,56.59384173023153,57.103378237772525,1547200
2016-07-11,57.37938690185547,57.42892488263524,56.629233393888256,57.27323254326026,562100
2016-07-12,56.21875,57.209509119450345,56.17628503828623,56.94766795183801,899200
2016-07-13,56.62215042114258,56.7353777575916,56.38153355743314,56.685839785538775,763900
2016-07-14,56.155067443847656,56.52306839599205,55.992302152856944,56.140916053026764,699400
2016-07-15,56.282447814941406,56.572602600189725,56.04183639235477,56.24706664062558,961600
2016-07-18,56.480613708496094,56.75661177323868,56.077231506238896,56.08430990255482,602700
2016-07-19,56.38860321044922,56.57967667324683,55.3624573487821,55.3624573487821,693300
2016-07-20,56.0135383605957,56.47353690389781,55.171387430514955,55.171387430514955,555700
2016-07-21,56.374454498291016,56.45937364168696,55.61014981232697,55.82245307005025,563400
2016-07-22,57.0326042175293,57.13875855486924,56.197537108514254,56.31784283785704,575600
2016-07-25,56.94768142700195,57.216601051738024,56.60091565314138,57.04675736239069,505500
2016-07-26,56.247074127197266,56.883989341987146,56.03476545611145,56.883989341987146,581300
2016-07-27,55.66676330566406,56.11260498321956,55.213837834212676,56.11260498321956,684900
2016-07-28,55.9913330078125,56.09833753852663,55.4919857877819,55.670324858146614,478200
2016-07-29,56.262428283691406,56.47643196504517,55.92714986284461,56.03415442476054,539700
2016-08-01,56.71181869506836,56.74035359656551,56.076932103565674,56.11973173457342,752000
2016-08-02,56.198219299316406,56.490698051204895,55.87007599102439,56.269553854601156,778200
2016-08-03,55.748802185058594,56.31948402356777,55.549063269456525,56.19107965746968,635100
2016-08-04,55.748802185058594,56.24814947406378,55.53479309406937,55.70599710137439,626000
2016-08-05,55.049705505371094,55.63465746579155,54.92843623805293,55.62752782122702,790600
2016-08-08,55.13530349731445,55.67745575431172,54.77862538343027,55.10676859510659,620700
2016-08-09,55.24232864379883,55.52766688745168,54.98551987052875,55.16385899405085,437200
2016-08-10,55.34933853149414,55.3921436303518,55.2066693819131,55.30653887511567,495400
2016-08-11,55.42780685424805,55.563346352803194,55.228067872679866,55.449212124398116,508300
2016-08-12,55.58470916748047,55.969922136488506,55.53477445533917,55.53477445533917,383000
2016-08-15,54.53609848022461,55.61326824469911,54.52896883430147,55.59900351037503,416000
2016-08-16,53.88695526123047,54.450507597415346,53.837020519668705,54.450507597415346,597400
2016-08-17,54.614559173583984,54.72869879937975,53.37332067667805,53.70146393712551,844300
2016-08-18,55.420658111572266,55.42065811157227,54.52896264931877,54.52896264931877,714200
2016-08-19,54.67875289916992,55.36357418655877,54.37914460640152,55.17810005378394,510300
2016-08-22,55.00691604614258,55.22805480304964,54.57176817821221,54.75724237826723,562900
2016-08-23,54.82142639160156,55.335043759283515,54.81429130525147,55.00690053937032,660600
2016-08-24,54.685909271240234,54.800043475660146,54.29356103812635,54.65023927096519,357800
2016-08-25,54.73582458496094,54.96409835528336,54.61454989254279,54.657354966180485,374000
2016-08-26,53.38046646118164,55.178122387894064,53.32339663684715,54.835714326843124,456600
2016-08-29,53.78706359863281,54.079536837897294,53.53025490721813,53.53025490721813,425600
2016-08-30,53.2377815246582,53.993942943524395,53.16644697938172,53.787068952488724,420700
2016-08-31,53.53026580810547,53.55166562966848,52.988113411106674,53.11651778296224,664400
2016-09-01,53.36619186401367,53.74426989458034,53.20212293573788,53.43753185976233,481800
2016-09-02,54.26504135131836,54.3007113616012,53.33767550875904,53.41614517739773,692600
2016-09-06,54.98550796508789,55.06397759784566,54.379156164895434,54.62169470798164,863300
2016-09-07,54.892765045166016,55.092509380617734,54.53608689557436,54.914170305821905,634800
2016-09-08,54.82142639160156,55.15670469786485,54.55748806388674,54.71442186625512,511700
2016-09-09,52.75270462036133,54.29355708646631,52.745574974807575,54.29355708646631,710400
2016-09-12,53.67292022705078,53.82272437947862,52.77409531248374,52.838294759605944,913900
2016-09-13,53.08085632324219,53.623003309378596,52.745577919263354,53.58020366375673,703500
2016-09-14,53.194976806640625,53.708594191551434,52.91676829689334,53.173576989348746,796900
2016-09-15,53.73714065551758,53.79421047555723,53.016649144330394,53.102253874389866,526100
2016-09-16,54.42194747924805,54.5075521862015,53.287708242638246,53.515982018704676,1263000
2016-09-19,54.84281921386719,54.90702409787726,54.37200698185399,54.457606237233364,756900
2016-09-20,54.80716323852539,55.23517590975156,54.800028151969975,55.04970175664554,659600
2016-09-21,55.86294937133789,55.88434919691967,54.750114901257255,54.750114901257255,704700
2016-09-22,56.41934585571289,56.462150933611554,55.92713372092883,56.21247732285492,601800
2016-09-23,56.63336944580078,56.85450820884535,56.04128227235081,56.397960505637116,677600
2016-09-26,56.62623596191406,56.86877999751048,56.340897721181456,56.711840699620694,653200
2016-09-27,56.00562286376953,57.20406205549734,55.93428829904922,56.88304835053832,770600
2016-09-28,55.54906463623047,56.13401666451942,55.06398206819981,56.13401666451942,1094300
2016-09-29,54.757232666015625,55.39925444273285,54.45048923061056,55.39925444273285,695600
2016-09-30,54.20795822143555,55.24945804508749,53.90121471263902,55.042589452100216,951400
2016-10-03,53.48746109008789,54.07954271957199,53.10224801107021,54.07954271957199,813800
2016-10-04,52.075016021728516,53.37332442265335,51.79680746742158,53.37332442265335,757800
2016-10-05,51.93947982788086,52.731305899072446,51.761140720720185,52.1891589318879,961300
2016-10-06,52.05363082885742,52.22483488520091,51.41160881447082,51.754022369636616,1148600
2016-10-07,51.8538818359375,52.99525106180364,51.832482013339664,52.40316390503385,1373600
2016-10-10,52.63142395019531,52.69562884363201,52.003672401185455,52.22481110001736,877200
2016-10-11,52.003684997558594,52.52443214529396,51.9608799107404,52.45309759056718,605700
2016-10-12,52.51016616821289,52.64570562871937,52.032218676133006,52.032218676133006,684700
2016-10-13,53.009517669677734,53.42326572945254,52.445965403945415,52.53157013984026,790500
2016-10-14,52.545833587646484,53.18072033074381,52.524428324555615,52.766972323956686,618000
2016-10-17,52.95957946777344,53.137918574022315,52.63143616537281,52.69564107371076,393600
2016-10-18,53.58732223510742,53.72285621862733,52.72416184542318,53.252043934470535,773000
2016-10-19,53.47319793701172,53.64440195823037,53.18072462753309,53.58733757947596,526700
2016-10-20,53.323394775390625,53.82987720310302,53.22352530753059,53.5944682677996,516000
2016-10-21,52.84544372558594,53.259191746187206,52.50303025690412,53.237786482381665,714100
2016-10-24,53.323394775390625,53.43039933166289,52.81691234767823,53.102256016911674,423000
2016-10-25,53.644405364990234,53.65867554244336,53.05945326640711,53.07372344386024,415300
2016-10-26,53.61586380004883,53.75139780041067,53.180716008018535,53.60159362581485,688400
2016-10-27,53.416141510009766,53.69435015518072,53.18786761031875,53.34480693682114,763000
2016-10-28,53.68598937988281,54.03142444221173,53.333361757247914,53.59243668136859,531800
2016-10-31,54.78706359863281,55.11810261092156,53.82993133091956,53.945072709300256,1085200
2016-11-01,53.822750091552734,54.84465416485164,53.686014514665345,54.84465416485164,636300
2016-11-02,53.62122344970703,53.80113628661606,52.8799834401225,53.721974199135765,772000
2016-11-03,53.41252899169922,53.97385621788449,53.08148999909008,53.08148999909008,1062700
2016-11-04,53.33335494995117,54.34086780510211,53.24699482276566,53.72196728653096,905100
2016-11-07,54.00983810424805,54.01703066486351,52.85119894666054,53.65720497593582,897000
2016-11-08,54.506385803222656,54.801445460180446,54.038611378328106,54.13936760766998,580300
2016-11-09,53.239803314208984,54.00982995267582,52.7792214506321,53.76514566607237,1492400
2016-11-10,52.40501022338867,53.110270950582965,50.99449425950406,53.08148423819708,1081200
2016-11-11,52.85118865966797,53.53485513935954,52.42659157431494,52.42659157431494,1622300
2016-11-14,52.59211730957031,52.843994161622135,51.92284139383057,52.52015327905602,964900
2016-11-15,53.297393798828125,53.46291607662517,52.8080305090224,52.82242661518168,864700
2016-11-16,53.07428741455078,53.57084860630586,52.757639061489094,53.41252442977502,1336500
2016-11-17,53.07428741455078,53.51327518020299,52.85119725153229,52.87998396458372,574700
2016-11-18,52.721656799316406,53.47728738469027,52.47697249750216,53.01671098298512,892600
2016-11-21,53.32616424560547,53.44850365809272,52.88717648032384,52.89437453120665,420100
2016-11-22,54.01703643798828,54.22573601873184,53.35495841732211,53.82273296102284,935200
2016-11-23,53.22541809082031,53.98824683513875,53.13186538328273,53.448508272912406,688900
2016-11-25,54.21854019165039,54.312098398532534,53.27579850418022,53.41253404315868,358400
2016-11-28,55.14691162109375,55.42038279999439,54.35529579426442,54.35529579426442,644700
2016-11-29,55.18287658691406,55.65784371623341,54.959786381514455,54.959786381514455,717100
2016-11-30,53.203826904296875,54.391252782997185,53.18223824131213,54.348069966523354,848600
2016-12-01,52.62810516357422,53.08868162259312,52.2610869009371,52.99512891671582,713000
2016-12-02,52.923160552978516,53.53486309792911,52.6640856296223,52.93755116405207,625500
2016-12-05,53.124671936035156,53.12467193603516,52.2538943057012,52.71447081281164,841100
2016-12-06,53.6572151184082,53.69319989030465,53.067101096641565,53.34057218584181,1214000
2016-12-07,54.05302047729492,54.0746091421658,53.614032656571204,53.786747466042975,633400
2016-12-08,54.074607849121094,54.13937933268968,53.30458104094588,53.693193470843376,642400
2016-12-09,54.830238342285156,54.88780627774231,54.088998327172376,54.103388938410646,488600
2016-12-12,55.51390075683594,55.56427612813782,54.434423808506736,54.52797650078061,663800
2016-12-13,56.25514602661133,56.2983288421634,55.650641513924406,55.650641513924406,607300
2016-12-14,54.67191696166992,56.83087113107321,54.64313024721735,56.543009477051896,742700
2016-12-15,54.585567474365234,54.621552247081894,53.58525228650312,54.39845653914841,1332900
2016-12-16,55.1756591796875,55.62184492447518,54.51358135748894,54.70069221698096,1074500
2016-12-19,55.48514175415039,55.61467927225839,54.938204956526995,55.46355308288346,362800
2016-12-20,55.51390075683594,55.62904760009948,55.01733960364333,55.26922195065642,355300
2016-12-21,55.45633316040039,55.88093032640529,55.413155834893004,55.413155834893004,340800
2016-12-22,55.844947814941406,56.010470053572654,55.24044327142794,55.45633539818083,412700
2016-12-23,55.88813400268555,56.0248640440557,55.62905904255658,55.88093595087508,200400
2016-12-27,56.02485656738281,56.20476940510113,55.54988953086858,55.8449437296645,241300
2016-12-28,55.36277389526367,56.032049813809444,55.20444973316628,56.032049813809444,260600
2016-12-29,56.31272506713867,56.40627777756946,55.43474943361753,55.62905839671077,391300
2016-12-30,56.15439224243164,56.499827295675345,55.9672813598203,56.319914463684725,432300
2017-01-03,55.643436431884766,56.14719012880356,55.39155958342537,56.12560146900754,517200
2017-01-04,55.952903747558594,56.13281662134495,55.6074686140665,55.76579282147932,728600
2017-01-05,56.4134635925293,56.557391652819184,55.47791472913435,56.09681527128727,1230800
2017-01-06,56.485435485839844,56.70853114800026,55.98887976536322,56.22636054885016,724900
2017-01-09,55.57868194580078,56.708534462967684,55.54269717836367,56.52142355520304,464400
2017-01-10,55.50670623779297,55.94569399728181,55.29800668897827,55.65783236131312,899800
2017-01-11,55.93131637573242,56.03206714814428,55.3555929700887,55.3555929700887,549600
2017-01-12,55.772979736328125,56.34870301367896,55.513904810570665,55.8665324354334,641700
2017-01-13,55.60026931762695,55.844948160896884,55.32679826867288,55.67943141174476,418800
2017-01-17,56.13280487060547,56.420666506504254,55.772979198358,56.0104654597623,577100
2017-01-18,56.05364990234375,56.341511574801274,55.72261090069426,56.10402528323596,315700
2017-01-19,55.44914245605469,56.053646995411725,55.30520888203793,55.30520888203793,378000
2017-01-20,55.42756271362305,55.92412406470746,55.15409708764493,55.54990765597393,612900
2017-01-23,55.55708312988281,55.70821474803527,55.40595700223453,55.557083129882805,521800
2017-01-24,55.72981262207031,55.945704772750894,55.3124134440474,55.665041133512574,607500
2017-01-25,55.51390075683594,55.751387003189244,55.30520122129852,55.52109880716583,482700
2017-01-26,55.39878845214844,55.86655764929387,55.125317301256146,55.46355446756615,387000
2017-01-27,55.24763488769531,55.68662267557635,55.18286889792814,55.456334450007965,363100
2017-01-30,55.483551025390625,55.54887436717466,55.01175102963148,55.33112435680757,519500
2017-01-31,56.34727478027344,56.361794763231266,55.33835193699092,55.52707295118613,631000
2017-02-01,55.66500473022461,56.42713797174096,55.50531808788226,55.875500255334714,699200
2017-02-02,56.46344757080078,56.60135980582332,55.694054128578976,55.694054128578976,1004500
2017-02-03,56.63761901855469,56.949732229414685,56.499706855831214,56.623104571939756,833000
2017-02-06,56.5069694519043,56.971509293509094,56.47068056481901,56.79730823734523,341900
2017-02-07,56.55777359008789,56.840852359317125,56.36905810243592,56.52148470604002,279700
2017-02-08,57.029571533203125,57.2473269814258,56.615840611780925,56.615840611780925,390200
2017-02-09,56.710208892822266,57.29088650417462,56.644885568864986,57.02958213284127,416200
2017-02-10,57.102169036865234,57.14572345999154,56.45616806097512,56.45616806097512,257900
2017-02-13,57.13846206665039,57.27637425062539,56.739245501329236,57.08765318904154,315300
2017-02-14,56.681182861328125,57.05862502598768,56.3037462344215,57.05862502598768,469200
2017-02-15,56.615848541259766,56.615848541259766,55.81016102284477,56.267440882856576,1172700
2017-02-16,57.01509094238281,57.0223454006137,56.47070753632984,56.61587422950888,489300
2017-02-17,57.12395095825195,57.218314272585985,56.68118543980927,57.12395095825195,412900
2017-02-21,57.900611877441406,58.00223519962853,56.84813959391721,56.88443403310932,395400
2017-02-22,57.86430740356445,58.01673403919322,57.49412526689321,57.81349852502153,381600
2017-02-23,58.43046951293945,58.69903391298747,57.922380688797645,58.06754734205163,551200
2017-02-24,59.11276626586914,59.40309957876003,58.524828570433264,58.648226319940164,820900
2017-02-27,58.92404556274414,59.163575531403374,58.81516780083058,59.12002110398614,543000
2017-02-28,59.65715789794922,59.88216790831137,58.85147010488981,58.8877590052123,1029100
2017-03-01,59.80956268310547,59.92569487449507,58.61917864816553,59.061944049451306,1420500
2017-03-02,60.47733688354492,60.80396454959256,59.46115392353328,59.66438940798529,1144600
2017-03-03,60.266849517822266,60.586222772231096,59.773275187259706,60.586222772231096,702000
2017-03-06,60.216041564941406,60.56444926035367,60.02732049918674,60.16523268620966,700700
2017-03-07,59.91117858886719,60.310389560599404,59.68616866774991,59.8966586042942,763300
2017-03-08,58.74983596801758,59.51196911566195,58.6336982287086,59.243410284576306,850400
2017-03-09,58.69902801513672,59.09098458484363,58.503046961407115,58.63369915130942,475500
2017-03-10,59.23615646362305,59.28696534542677,58.793390977439394,59.12727870611427,424200
2017-03-13,59.286964416503906,59.40309662834164,59.04743446128817,59.18534665448863,432900
2017-03-14,59.432125091552734,59.46115952603177,59.01113963598712,59.243409574067236,606300
2017-03-15,60.68056106567383,60.91283093860677,59.36678511606101,59.570020562658506,629400
2017-03-16,59.918453216552734,60.520899817445084,59.787801012241154,60.5136453611382,850300
2017-03-17,60.41200637817383,60.76040844214143,60.04908433118619,60.15795651508171,942300
2017-03-20,59.90391159057617,60.72411895272508,59.68616168721212,60.49910352017271,606800
2017-03-21,60.745906829833984,60.81123015397127,59.82408153460334,59.91118483787184,650400
2017-03-22,60.724143981933594,61.283041722459835,60.60074622763935,60.9709284150157,506800
2017-03-23,60.67331314086914,61.29028513213212,60.31039104612701,60.680573133334455,359700
2017-03-24,61.05802536010742,61.319329754767494,60.600739900575974,60.6660687681173,415800
2017-03-27,61.072532653808594,61.49352363340579,60.73138498198851,61.35561145856313,606800
2017-03-28,61.1160888671875,61.26852104595946,60.80397559145668,60.9346277891522,440900
2017-03-29,60.622501373291016,60.97090900421143,60.50636918815184,60.97090900421143,622100
2017-03-30,60.44829559326172,60.69508546620351,60.128922418072705,60.52813888705898,402800
2017-03-31,60.52090072631836,60.876568449801255,60.245081863186414,60.41202850255114,584800
2017-04-03,60.61525344848633,60.637027889436034,59.96925252413558,60.54267013273663,497800
2017-04-04,60.78221130371094,60.97093240697017,60.31767130934478,60.462843518680174,489400
2017-04-05,60.98542785644531,61.07979114754884,60.54992243964631,60.782192364455895,756700
2017-04-06,61.319339752197266,61.449991970828684,60.520906450697765,60.7822108879606,899600
2017-04-07,61.159637451171875,61.70402063329211,61.04349971419855,61.44997625585309,1087800
2017-04-10,61.537071228027344,61.6314345194736,60.956399182770284,61.21769800359726,690400
2017-04-11,61.544342041015625,61.80564644553525,61.1015765521214,61.23222875438122,655500
2017-04-12,61.96531677246094,62.05967451790352,61.22495264198378,61.544325838483836,886300
2017-04-13,61.86371612548828,62.08146610691566,61.17416067325268,61.97984834136564,689600
2017-04-17,62.23388671875,62.27744114101315,61.88548456715895,62.052425649618556,801400
2017-04-18,62.553260803222656,62.604069681744114,62.20485310925231,62.284696423750674,917700
2017-04-19,62.139549255371094,62.60408930107759,61.8129214393367,62.524245961557334,870500
2017-04-20,61.929019927978516,62.13951538673452,61.34834241846185,62.13951538673452,1489000
2017-04-21,62.299232482910156,62.36455582739633,61.89275581212096,61.89275581212096,937100
2017-04-24,62.553260803222656,62.57503524576722,61.834676510489835,62.320990853159905,882800
2017-04-25,62.68391418457031,62.7202086146676,61.97984432760236,62.306472047467736,980500
2017-04-26,62.60407257080078,62.87989141868117,62.357288160237175,62.53874924015254,717900
2017-04-27,62.97342300415039,63.156272667681684,62.43950511151121,62.43950511151121,685500
2017-04-28,62.2347297668457,62.944187593171726,61.96411574493673,62.83448222219823,1284800
2017-05-01,61.48137283325195,62.315166903443306,61.298523158558595,62.249343699015725,1214000
2017-05-02,61.94945526123047,62.16156151140136,61.45941956952263,62.14693599558494,666000
2017-05-03,61.700809478759766,62.044567842481605,61.400933261851584,61.722750552166595,965000
2017-05-04,61.76662063598633,61.861706042353205,61.320466963412514,61.51794774576721,728900
2017-05-05,62.07381820678711,62.42488650615151,61.76662646968075,62.05918710590442,771500
2017-05-08,62.103065490722656,62.23471189809269,61.576457540725826,62.161573145066285,514700
2017-05-09,61.539878845214844,62.0152890596427,61.40822687168295,62.0152890596427,570300
2017-05-10,61.57646179199219,61.700798238734244,61.26927007986594,61.51794855347961,665200
2017-05-11,61.64959716796875,61.64959716796875,61.166871346916686,61.47406304219039,663000
2017-05-12,61.993343353271484,62.05185099702801,61.693467265958596,61.744664941825654,691700
2017-05-15,61.81780242919922,62.373666884585695,61.773920302238835,61.890946747637265,867400
2017-05-16,61.35704803466797,62.08113132139429,61.27659371612834,61.82514284428198,700200
2017-05-17,61.51063537597656,61.73737278892522,61.21807475225975,61.35704230405444,697900
2017-05-18,61.88364028930664,62.00066117176519,61.08641285828427,61.71541614436945,1140200
2017-05-19,61.85438537597656,62.03723504370502,61.38629067300204,61.90558305973537,868100
2017-05-22,62.278602600097656,62.45413673180325,61.474065117973474,61.73736910559658,710900
2017-05-23,62.7393798828125,63.17090801947183,62.16888978699954,62.38831163006419,585200
2017-05-24,63.22209548950195,63.361057426200844,62.77594190612552,62.77594190612552,669100
2017-05-25,63.9681396484375,64.0851661372234,63.07583220190041,63.302569628890566,723000
2017-05-26,63.92424774169922,64.21680833884943,63.80722127078743,63.93887326049857,524200
2017-05-30,64.1583023071289,64.20218444858331,63.79991846494819,63.924254919155594,759000
2017-05-31,64.61906433105469,64.83848614017593,64.23873951939007,64.27530610082466,930100
2017-06-01,65.11642456054688,65.13105565923779,64.29726159798959,64.58250664104138,602100
2017-06-02,65.25540161132812,65.50407452403691,64.98478204738328,65.50407452403691,343600
2017-06-05,64.62638854980469,65.26270741752344,64.59713193265483,65.26270741752344,465300
2017-06-06,64.33382415771484,64.80191884420007,64.30456754229341,64.79460329531251,748600
2017-06-07,64.40695190429688,64.67757136562165,64.19484566381982,64.45083960999659,829400
2017-06-08,64.25337982177734,64.4289139613908,63.71946185291523,64.40697289145533,722200
2017-06-09,64.35577392578125,64.54593916166834,63.83648148712729,64.20218085914807,884100
2017-06-12,63.9608154296875,64.648332007805,63.9608154296875,64.35577140561908,525700
2017-06-13,63.99738693237305,64.12172337346777,63.573174342618856,63.95350479554651,645500
2017-06-14,64.40695190429688,64.89699315373662,64.18753569630977,64.55323495641615,851400
2017-06-15,64.83118438720703,64.86044100665724,64.10710119123536,64.3557740863678,573000
2017-06-16,65.03596496582031,65.13836032780753,64.61906796912129,64.69952226498678,1175200
2017-06-19,64.87505340576172,65.10179076561235,64.66295272287041,65.10179076561235,675500
2017-06-20,64.95552062988281,65.1822580348744,64.86044080206672,64.90432294103883,565900
2017-06-21,64.80192565917969,65.07986074484828,64.582509390637,65.07986074484828,846900
2017-06-22,64.48741912841797,64.89700617641462,64.40696482863983,64.65564327708019,528300
2017-06-23,64.24606323242188,64.72147353380839,64.14366785429304,64.49474170797019,1085400
2017-06-26,64.50936126708984,64.88237615588156,64.09977979241914,64.36308376331576,653000
2017-06-27,63.85111999511719,64.39235356606753,63.78529119884837,64.2899581764318,487000
2017-06-28,63.2733039855957,64.20217789234796,63.20747520000654,64.10709806886287,1013500
2017-06-29,62.307865142822266,62.93686855304503,62.1176998936519,62.922237452269634,1688800
2017-06-30,62.285919189453125,62.688185147165036,62.19083378225631,62.30054470895212,1062600
2017-07-03,62.03724670410156,62.80521768495897,62.03724670410156,62.461459352196705,405000
2017-07-05,61.90557098388672,62.1981315112086,61.61301045656483,62.17619044818185,755500
2017-07-06,61.700809478759766,61.898284719551796,61.53990083360226,61.78126380133852,496800
2017-07-07,61.92753982543945,62.13964616338809,61.64961026888456,61.700807965621784,466300
2017-07-10,61.58376693725586,62.110374882355636,61.56182586956489,61.96409737766309,494200
2017-07-11,61.693485260009766,61.84707833240922,61.40092463538375,61.62766204903705,401600
2017-07-12,62.2347297668457,62.41757949197588,62.06651114459916,62.11770884443038,634200
2017-07-13,61.964107513427734,62.29323474288744,61.78857336305789,62.154272764737584,851100
2017-07-14,62.26396560668945,62.666237099736485,62.073805973729854,62.32979438742847,791100
2017-07-17,62.578468322753906,62.58578387187871,62.13231468833376,62.410249753786374,626700
2017-07-18,62.72475051879883,62.84177140249813,62.33711012259343,62.72475051879883,690600
2017-07-19,62.907615661621094,62.95881335711072,62.666252705685594,62.79790471982039,448500
2017-07-20,63.30989074707031,63.45617388381051,62.98807900650409,63.083158860286886,542300
2017-07-21,63.7999382019043,63.81456372687031,63.14167797580137,63.339153253566444,531400
2017-07-24,63.251346588134766,63.90960079331543,63.251346588134766,63.814520994376146,601200
2017-07-25,62.97342300415039,63.37569449597079,62.81982995639958,63.236726966045765,497800
2017-07-26,63.551231384277344,63.55123138427734,62.84908931528701,62.929543617162594,696100
2017-07-27,63.602420806884766,63.697500614873235,63.24403705971303,63.45614332072891,526200
2017-07-28,63.48084259033203,63.97459750790798,63.19343267577411,63.67245107419719,339100
2017-07-31,63.91564178466797,64.04829293861062,63.50294618213571,63.51031725248788,951000
2017-08-01,64.21039581298828,64.3283104095616,63.78296945660359,63.96720679689132,541900
2017-08-02,64.29146575927734,64.57151013697035,63.83456071774096,64.18092222189736,759600
2017-08-03,65.3821792602539,65.4411365865298,62.89865671006308,63.63560642107139,939900
2017-08-04,64.89576721191406,65.55165177710428,64.84418097496015,65.24950542422519,735000
2017-08-07,65.28636169433594,65.31584035273053,64.81471440498086,64.99895180308766,1096400
2017-08-08,65.38953399658203,65.448485685651,64.89577354046878,65.13159716418072,719700
2017-08-09,65.08737182617188,65.4779541148348,65.03578559224428,65.4779541148348,691800
2017-08-10,65.5663833618164,65.6695558191185,64.83680509304386,65.09473623629908,499100
2017-08-11,65.2421646118164,65.5516821770804,64.83684559706046,65.49273046642112,437700
2017-08-14,65.4705810546875,65.69903918868344,65.161063660538,65.51480184133574,702100
2017-08-15,65.75801849365234,65.78012608313544,65.23477930431449,65.2421503749687,584500
2017-08-16,66.04541778564453,66.17069785423074,65.40426968129614,65.82433068139237,364900
2017-08-17,65.50006103515625,66.25912364452525,65.47058238428464,66.05277308842399,358800
2017-08-18,65.80224609375,66.10439257785282,65.15373231575134,65.4264001341523,629300
2017-08-21,65.73589324951172,66.00856658901256,65.31583225878141,65.90539410865624,1105100
2017-08-22,65.94225311279297,66.03805453732646,65.36006225029111,65.676950805261,693200
2017-08-23,66.26651000976562,66.33283840078509,65.6916901925013,65.95699251162014,511700
2017-08-24,66.25175476074219,66.56864323996373,66.0601463349976,66.22227610889857,520700
2017-08-25,66.3402099609375,66.62762551852899,66.19282226895012,66.39916728672448,597400
2017-08-28,66.64971923828125,66.6718268252301,66.29598097966296,66.48021836754191,595300
2017-08-29,66.62760925292969,66.9666053597266,66.55390980244798,66.76025476984795,347800
2017-08-30,66.31809997558594,66.78238187129969,66.28125586515904,66.49497194656253,500600
2017-08-31,66.3033676147461,66.51708370955478,66.22230269525038,66.39179798330127,559300
2017-09-01,66.22229766845703,66.4654924084838,65.92751667652881,66.42864267606285,442700
2017-09-05,66.09701538085938,66.31073145235348,65.88329930936527,66.20755332949462,653300
2017-09-06,65.58850860595703,66.22228565576795,65.57377208914971,66.22228565576795,523000
2017-09-07,65.98648071289062,66.04543804177055,65.54431199125183,65.70644183443147,594200
2017-09-08,66.33283996582031,66.44338353847455,65.72854147412077,66.02331683789252,491700
2017-09-11,66.878173828125,67.00345390628685,66.0675304213708,66.28124647248875,547000
2017-09-12,65.52218627929688,66.95923563284713,65.33794889435562,66.86343421677005,467300
2017-09-13,64.94001770019531,65.75066134696236,64.92527555576496,65.47798789980804,612300
2017-09-14,65.5663833618164,65.57375442947433,64.69678291992935,64.87364918637904,532800
2017-09-15,65.7874984741211,65.83171928023361,65.05054876035373,65.66221837217587,1442100
2017-09-18,65.10212707519531,65.80223259137355,64.68206601448014,65.72853875348096,795700
2017-09-19,65.05790710449219,65.17582173441775,64.7778682921375,65.10212227947477,635300
2017-09-20,64.335693359375,65.28635326305323,63.99669164285653,65.14633668186008,694200
2017-09-21,64.20304870605469,64.63047518452639,64.0925051458117,64.29885012627645,355900
2017-09-22,63.488216400146484,64.32096751896127,63.480845329012226,64.32096751896127,515900
2017-09-25,64.00407409667969,64.14409632525738,63.26712446834146,63.42925428617258,418800
2017-09-26,63.73139953613281,64.23989090217358,63.724028466341245,63.98933075404898,683300
2017-09-27,62.463844299316406,63.57663405144769,61.86691135135803,63.340810424624244,754300
2017-09-28,62.574378967285156,62.71439553607427,62.058510991420015,62.35329188870325,673600
2017-09-29,62.316444396972656,62.64070395782973,62.04377669577754,62.44173007797172,662900
2017-10-02,62.85443115234375,63.023926409311265,62.39752038283982,62.463848769572586,999800
2017-10-03,62.64070129394531,62.898632468895386,62.00692433693775,62.898632468895386,850600
2017-10-04,63.215538024902344,63.26712427382824,62.5006959880153,62.677567946457906,1026300
2017-10-05,63.04604721069336,63.296607402458015,62.795481396448864,63.25975766956093,881100
2017-10-06,62.8838996887207,63.009179749353876,62.471204161813986,62.802834797139646,833300
2017-10-09,62.91337203979492,63.15656106769796,62.81019957402329,63.00917343730353,330400
2017-10-10,63.23027801513672,63.399773274779264,62.76599616811746,63.02392740397302,789400
2017-10-11,63.67243576049805,63.98932425962728,63.186046408239,63.186046408239,748600
2017-10-12,64.34306335449219,64.43887039429407,63.731399501616224,63.731399501616224,956100
2017-10-13,64.39463806152344,64.88102737574548,64.11459930703302,64.50518159861734,950600
2017-10-16,64.31356048583984,64.76309999150409,63.95982798390923,64.28408746274292,689500
2017-10-17,64.67469787597656,64.87367179225726,64.12935112880288,64.12935112880288,649900
2017-10-18,64.36518096923828,64.76313446258406,64.26200846605379,64.53468186588694,771900
2017-10-19,65.2716293334961,65.2716293334961,64.52730862344502,64.5715294250929,595700
2017-10-20,65.4263916015625,65.47060678310864,64.97685184757728,65.21267551995642,593400
2017-10-23,65.448486328125,65.58850853880554,65.22740484136908,65.5442933659501,647500
2017-10-24,65.1684341430664,65.4632150206691,64.8589167516985,65.35267148875839,629800
2017-10-25,65.03580474853516,65.19793456648516,64.14409637228961,65.01369715926552,520200
2017-10-26,64.95474243164062,65.75064941198599,64.91789269973438,65.37480351196517,709900
2017-10-27,65.52218627929688,65.55165931310614,64.51256338572645,64.85893056901261,550000
2017-10-30,65.01368713378906,65.51481302904924,64.98420847848216,65.51481302904924,539000
2017-10-31,65.15111541748047,65.40367086094436,64.70543567462552,64.97284465376357,704200
2017-11-01,64.96541595458984,65.52994665917974,64.74257891363035,65.29968001671729,663100
2017-11-02,65.30708312988281,65.61905828803742,64.95054171117002,65.09167009197881,596900
2017-11-03,66.19845581054688,66.26530520926048,64.05176044483689,64.32659330682526,920700
2017-11-06,66.04248046875,66.47330100814284,65.88648717522153,66.12418341552032,819500
2017-11-07,66.64411926269531,66.68868551766622,65.95331397503136,65.97559710251682,1010400
2017-11-08,66.69612121582031,66.85210878960791,66.12416111147563,66.60698303060305,639800
2017-11-09,66.39900207519531,66.84468168365602,66.25786802678535,66.47328106541815,591000
2017-11-10,65.61905670166016,66.13902095313776,65.47049872530857,66.10930822444274,731400
2017-11-13,66.69612121582031,66.80754253056102,65.57448980377787,65.57448980377787,676900
2017-11-14,68.1222915649414,68.15943388862462,66.44355940924838,66.56983990949753,1153600
2017-11-15,67.4314956665039,68.69426117489131,67.37207020718888,68.2337223658855,697600
2017-11-16,67.4314956665039,67.59491284605835,66.95610332623119,67.3646462751173,567300
2017-11-17,66.88926696777344,67.69891775698169,66.73327368989634,67.2829507949756,490300
2017-11-20,66.36929321289062,67.037815498097,66.35443968083005,66.91154064064803,440100
2017-11-21,66.39159393310547,66.83727935273073,66.19846962953508,66.46587861446002,774700
2017-11-22,66.31729888916016,66.62185014114856,66.057319568636,66.38415395279446,468300
2017-11-24,66.4955825805664,66.59215039496662,66.33959495783367,66.43616277223389,148300
2017-11-27,66.85956573486328,66.8892784754219,66.28018146178457,66.54758479256061,627500
2017-11-28,67.4314956665039,67.52063385547643,67.06009504647062,67.11952050578563,634000
2017-11-29,67.60234069824219,68.07030342722628,67.08237644335851,67.29035987846255,527000
2017-11-30,68.19658660888672,68.3525742042778,67.40921903202002,67.6023489598432,1174800
2017-12-01,67.60234069824219,68.56055495322029,67.43892352291086,68.35999544999599,590800
2017-12-04,67.00811004638672,67.98117801509993,66.85955204114603,67.73605787316525,836900
2017-12-05,66.36185455322266,67.0823726029581,65.85675519238562,67.0823726029581,623000
2017-12-06,66.78527069091797,67.0601035576649,66.18359775645625,66.50300255690833,496800
2017-12-07,66.96353912353516,67.0006757887016,66.37672540951256,66.7406964640395,517800
2017-12-08,67.40924072265625,67.43895346473789,66.66643917199337,66.89670583921851,413300
2017-12-11,67.75834655761719,67.80291282941509,67.17896235574413,67.33494997416187,562100
2017-12-12,66.19845581054688,67.78805018514616,66.176167010518,67.5949202547663,523800
2017-12-13,66.33216857910156,66.7927018291135,66.11675548885,66.41387718806337,613500
2017-12-14,66.0870361328125,66.35444506860784,65.5150759273685,66.35444506860784,331300
2017-12-15,66.51044464111328,66.72585774856064,66.18361017917583,66.25046525872008,1090000
2017-12-18,65.53733825683594,66.77781463360425,65.41848737020985,66.48069308416122,469300
2017-12-19,64.31917572021484,65.76764196791875,64.30432218454563,65.52994572733343,529700
2017-12-20,63.73236846923828,64.42317406385128,63.72493886773424,64.3191766441712,633100
2017-12-21,63.29409408569336,63.635781982005646,62.99697245107978,63.31637721654271,736700
2017-12-22,63.24210739135742,63.561512203116784,63.19754112319902,63.38324146335854,423400
2017-12-26,62.610713958740234,63.54664505948833,62.58843082943347,63.24209384663341,484300
2017-12-27,62.855865478515625,63.09356173375298,62.6255931580078,62.74444411918935,337800
2017-12-28,63.28667449951172,63.316387234386575,62.72957347163882,63.08612062301235,427300
2017-12-29,63.27180480957031,63.50950096075018,63.048962188472764,63.38322612011909,512800
2018-01-02,62.3136100769043,63.54666314257974,62.20218873154055,63.3609627893485,748000
2018-01-03,61.741661071777344,62.58845430579947,61.49653522321158,61.71194833251553,930200
2018-01-04,61.288551330566406,62.031352806069634,61.15484683829081,61.615380126142476,669300
2018-01-05,61.221683502197266,61.48166283106077,60.924561840442834,61.42224303240935,907100
2018-01-08,61.68964385986328,61.68964385986328,61.06568788540776,61.19939233228226,592400
2018-01-09,60.924556732177734,61.78620891230729,60.88742006952489,61.593078998291375,571800
2018-01-10,59.847496032714844,60.76856798894682,59.81778330288493,60.664576268104035,457700
2018-01-11,59.364681243896484,60.07776984437015,59.193840110692854,59.70636917742817,432800
2018-01-12,58.8447265625,59.52067287521062,58.7630179568688,59.26812312480495,748700
2018-01-16,58.57731628417969,59.34240078583099,58.34704967377485,59.02299597117684,760500
2018-01-17,59.074989318847656,59.29040238624599,58.354471116510865,58.740730984647335,944200
2018-01-18,58.8372917175293,59.26068824209572,58.50303339128581,59.141842978122774,656600
2018-01-19,58.74073028564453,59.364680679960095,58.644162486197324,58.956143350479486,779000
2018-01-22,58.65157699584961,59.22353704393751,58.55501488837116,59.09725654385287,683000
2018-01-23,59.34239959716797,59.71380027341367,58.54017277636736,58.592168644356775,738100
2018-01-24,59.58753204345703,59.86236494754384,59.134422714577205,59.38697248234618,1054000
2018-01-25,60.20405578613281,60.30804752884795,59.52067419055845,59.52067419055845,704000
2018-01-26,60.122337341308594,60.4120293867755,59.394389594286594,60.37488705597246,523900
2018-01-29,58.97099685668945,59.90692811486197,58.96356725662972,59.90692811486197,585600
2018-01-30,58.926448822021484,59.34241588007359,58.71103569063704,58.99329824186866,770000
2018-01-31,59.911834716796875,59.98677592221528,58.682874415123905,59.09502817608002,1124400
2018-02-01,58.79528045654297,60.00176068245924,58.667889554976966,59.67203767397193,955100
2018-02-02,58.24825668334961,59.03508802564754,58.218281339279365,58.37564760773895,681600
2018-02-05,56.93685531616211,58.712849829526405,56.90687997739836,58.165815619419135,919000
2018-02-06,56.322383880615234,56.73453198867264,55.31073462171941,56.40480892845698,1267400
2018-02-07,56.322383880615234,57.28906154858902,56.29240853721271,56.36734403711295,984400
2018-02-08,55.70790100097656,57.184153871314635,55.69291618705174,56.03012881387885,1342500
2018-02-09,57.16917037963867,57.74618006309581,55.7228928209122,55.7228928209122,867300
2018-02-12,57.49888229370117,57.78363944723041,56.65958992726179,57.16915927166936,935300
2018-02-13,57.56631851196289,57.821106025030105,56.779481615892244,57.49887828972255,608400
2018-02-14,57.019290924072266,57.44643529275054,56.772004338537926,57.1242074878052,579500
2018-02-15,58.49554443359375,58.51053496453404,57.02678684812863,57.13169769586097,571600
2018-02-16,58.967647552490234,59.11002328973654,58.16582568277243,58.38314263849942,843300
2018-02-20,57.851070404052734,58.982615006987174,57.70869470870829,58.60043663061928,572800
2018-02-21,57.02678680419922,58.3681534617007,57.019291538734855,57.95599961934658,687300
2018-02-22,57.506370544433594,57.82110874801054,56.891890382724505,57.23659820834556,1563800
2018-02-23,60.061729431152344,60.25656633271814,57.14669404275033,57.723703764001776,2196500
2018-02-26,60.159141540527344,60.57129540128392,59.77696302575422,59.92683975567145,1743700
2018-02-27,58.405616760253906,60.51882969688112,58.39812149572784,60.151636058855836,1029800
2018-02-28,57.67124557495117,58.74283990646262,57.64876549454109,58.46557224124192,1106700
2018-03-01,58.090877532958984,58.555486732926184,57.266575682936576,57.64125886178418,1016600
2018-03-02,57.64126968383789,58.690383925022964,56.9968140378476,58.03843301322925,802500
2018-03-05,58.48806381225586,58.54800879352904,57.139201682376736,57.34152814325196,600500
2018-03-06,57.17666244506836,58.68288489378623,56.96683503652495,58.38314288743453,925200
2018-03-07,56.52471923828125,57.304061138319724,56.35985768210981,57.026793455921116,974800
2018-03-08,56.92938232421875,57.206644311134724,56.64461935316318,57.071763809746535,806500
2018-03-09,57.236610412597656,57.236610412597656,56.59965003993419,56.92187785912337,946900
2018-03-12,57.191654205322266,57.49140196529532,57.01180783622363,57.26658971601228,1202400
2018-03-13,57.26659393310547,57.99348044647358,56.92188598477682,57.43145549909165,726000
2018-03-14,57.53635025024414,58.143335193901876,57.034276143336825,57.4464299428648,825000
2018-03-15,57.738685607910156,58.300710429334806,57.46891323624936,57.64875957828585,988700
2018-03-16,58.4281120300293,58.45059211224144,57.656265382275606,57.783656326286504,2155800
2018-03-19,58.24825668334961,58.93767244532845,58.045924540178504,58.525518610877896,799600
2018-03-20,58.443092346191406,58.615449158569895,58.00096885082362,58.263245985127625,751000
2018-03-21,58.41310501098633,58.967640229372556,58.15082793051261,58.45807087993294,829300
2018-03-22,58.443092346191406,60.05423148150565,58.345676758367844,58.54800319991301,1198500
2018-03-23,58.27073287963867,59.29736118888414,58.04592067269673,58.54050524108423,1518100
2018-03-26,58.57048797607422,58.96015603778498,58.248260154631375,58.39813116670183,931300
2018-03-27,59.47722625732422,60.031755913999234,58.29322571378546,58.570493400729546,741500
2018-03-28,59.552154541015625,60.05422870593755,59.349822391609045,59.76947150431298,975100
2018-03-29,59.7994499206543,60.10668721750122,59.559652865598366,59.709523881053535,754100
2018-04-02,59.15498733520508,60.14415078611528,58.69037809416692,59.799442917169074,921000
2018-04-03,59.8744010925293,60.256579714300905,58.847766644717034,59.244930085069335,1153400
2018-04-04,59.994266510009766,60.08419252774548,59.29735559488924,59.919331020502355,857700
2018-04-05,60.17412185668945,60.33897765579274,59.09503245332718,59.98678026400637,602800
2018-04-06,59.76199722290039,60.3539976306726,59.64209580082347,60.09920996736639,1035200
2018-04-09,59.7244987487793,60.22657857308104,59.424756767790086,59.80692950871488,601200
2018-04-10,58.81776809692383,59.73199603462649,58.78030320663838,59.73199603462649,1302100
2018-04-11,58.83277130126953,59.199959321558225,58.65291920719025,58.75034052078651,801900
2018-04-12,57.9260368347168,59.04259139788509,57.806135441972586,58.86274502598186,950100
2018-04-13,58.55549240112305,58.73533874355985,58.05341826499705,58.05341826499705,860300
2018-04-16,59.417274475097656,59.46972990494403,58.6828927400353,58.85524956222372,707200
2018-04-17,60.061729431152344,60.249071066485186,59.1624861512269,59.514689340406726,733600
2018-04-18,59.379791259765625,60.4963512994579,59.379791259765625,60.00176673682183,1322600
2018-04-19,58.967647552490234,59.37230611999439,58.60794914230466,59.199949321586,1099000
2018-04-20,58.465572357177734,59.06506784962808,58.11337490136684,59.06506784962808,773400
2018-04-23,58.79528045654297,58.91518181134245,58.413102034633695,58.622929405532794,946000
2018-04-24,59.612098693847656,59.85938525780873,58.49553865481057,58.750326200713175,1340800
2018-04-25,59.88935852050781,60.03173995936991,59.154982684423786,59.43224458046684,1088200
2018-04-26,60.73616027832031,60.84107113641275,59.59711993729818,59.93433831020642,1100800
2018-04-27,61.15579605102539,61.33564239705654,60.45138976301938,60.60875603044816,867700
2018-04-30,60.84212875366211,61.6810703692106,60.721197531163774,61.4921196587955,752000
2018-05-01,60.479347229003906,60.849694812213365,60.025866629459465,60.72876357696489,904200
2018-05-02,60.025875091552734,60.456682586800454,59.3985571944827,60.00320192332698,1613200
2018-05-03,60.32062530517578,60.60027444339402,59.13401502804597,59.859585092438884,1097400
2018-05-04,60.61538314819336,61.01596348181309,60.34329367487173,60.690968042363245,1084900
2018-05-07,60.275306701660156,60.68344113178665,60.16949471232969,60.63053513712142,983300
2018-05-08,59.179378509521484,60.82702931645174,59.103793594801864,60.82702931645174,1065700
2018-05-09,58.5067138671875,59.47414079895146,58.16659905234215,59.17937808587711,655400
2018-05-10,59.05087661743164,59.11134223141926,58.612515331817214,58.8392527347933,530300
2018-05-11,59.043331146240234,59.30786103719847,58.96774623483575,59.149143102623526,455600
2018-05-14,59.01309585571289,59.247392925529994,58.63519437984329,59.05088254350851,588700
2018-05-15,58.37821960449219,58.81658670962905,58.0456702198358,58.40845241515532,597000
2018-05-16,58.159034729003906,58.884610635776625,57.89450484961745,58.49158987241483,791000
2018-05-17,57.7206916809082,58.38579641205682,57.629993222256736,58.26486513385486,687300
2018-05-18,57.84916687011719,58.128816078026766,57.41835935682498,57.84160722495214,760200
2018-05-21,57.614871978759766,57.902075076540626,57.30498994461309,57.8038227509019,783800
2018-05-22,57.97008514404297,58.24973431713699,57.61486259398603,57.834040379607906,930100
2018-05-23,58.574729919433594,58.67298222923005,58.04567014926954,58.12880893691232,725200
2018-05-24,58.967742919921875,59.073560636675694,58.37821754855006,58.484029498985066,491600
2018-05-25,59.24738693237305,59.42877800787258,58.869485494729986,59.058436213551516,942300
2018-05-29,59.625282287597656,60.26771351279231,59.11889579672921,59.39853914161473,862000
2018-05-30,60.328189849853516,60.41888827764083,59.34564373093992,59.34564373093992,805100
2018-05-31,60.169464111328125,60.683410269402216,59.76888953168411,60.350855177025444,1277500
2018-06-01,58.63520050048828,60.01076178558905,58.55962135068879,59.836924551362685,819400
2018-06-04,57.78868103027344,58.84680609683968,57.62996313523616,58.64273611299338,1396100
2018-06-05,57.21428298950195,57.841600843639206,57.12359032280584,57.78869486596011,776600
2018-06-06,56.04280090332031,57.22185189167967,55.891636823838326,57.21429224612556,1003100
2018-06-07,56.29219436645508,56.82881365568366,55.85382736410463,56.05789158033388,926100
2018-06-08,56.23173522949219,56.5264978903605,56.00499205975425,56.42824559217718,415100
2018-06-11,55.596858978271484,56.46603345871051,55.483493157346864,56.22417676354055,620700
2018-06-12,56.3677978515625,56.42826348484125,55.5364155761002,55.5515291012598,870000
2018-06-13,56.193939208984375,56.53405394198312,56.00498850164662,56.352657111189934,900500
2018-06-14,56.995094299316406,57.055554143443295,56.28463779238407,56.28463779238407,1195800
2018-06-15,57.5241584777832,57.599737613596474,56.49626608503101,56.798588394602554,1585300
2018-06-18,57.70553970336914,57.932282838409414,57.20671287912498,57.561941099739926,1093400
2018-06-19,58.718326568603516,58.89971764207162,57.954964058544434,57.992756508412825,989600
2018-06-20,58.627628326416016,58.84681185041688,58.302632862044845,58.67297465334092,754800
2018-06-21,58.5974006652832,59.05844091723253,58.34798431265774,58.62007383073665,556600
2018-06-22,59.17182159423828,59.28519320522787,58.46136488060184,58.74101408553355,818500
2018-06-25,60.4717903137207,60.585161899491226,59.134015981001625,59.46657109491026,888000
2018-06-26,60.71365737915039,61.204930490548236,60.47180064579875,60.47180064579875,1073600
2018-06-27,61.15958023071289,61.257838315743435,60.37354438206628,60.645633936071626,606700
2018-06-28,60.90259552001953,61.408982049620036,60.78922393835659,61.20491781568129,682600
2018-06-29,60.88749313354492,61.27295431165929,60.40377963275503,60.69098848819388,726600
2018-07-02,61.560157775878906,61.60550988119915,60.895053149820114,61.06133074791477,908700
2018-07-03,61.83979797363281,62.24037261993245,61.24271294310957,61.537475636285485,301100
2018-07-05,62.26304626464844,62.28572519733694,61.44678344375197,61.91537759223866,706500
2018-07-06,62.53514099121094,62.76944385124694,62.22526474787486,62.28573037409831,988300
2018-07-09,60.07121658325195,62.761873042056415,59.62528987707659,62.63338793392664,1495600
2018-07-10,60.396236419677734,60.615414273097116,59.45148242061873,59.889843893778306,1615300
2018-07-11,61.099117279052734,61.2049350136385,60.41133948532396,60.53226497777658,680800
2018-07-12,60.728763580322266,61.23515015373625,60.46423371109994,61.204923111241136,1110800
2018-07-13,60.57761001586914,60.99329819518475,60.320634004117,60.76656076091781,701700
2018-07-16,60.69852066040039,60.9479369668276,60.27527294014891,60.62294153411516,752000
2018-07-17,60.64564514160156,60.94796756483663,60.59273915000947,60.72122430583018,489400
2018-07-18,60.45668029785156,60.857254964858974,60.14680406663271,60.72121019433577,923200
2018-07-19,61.053775787353516,61.34853854611333,60.40378463564718,60.61540858898036,941700
2018-07-20,60.41890335083008,61.023542387966735,59.889837706225286,60.87238407026262,653700
2018-07-23,59.82937240600586,60.46424420229653,59.55728284578995,60.46424420229653,670600
2018-07-24,59.693302154541016,59.87469319517815,58.620057895504665,59.62527691035383,1297300
2018-07-25,60.275306701660156,60.35844551703709,58.861952606573276,59.678221466826265,1295100
2018-07-26,61.18980407714844,61.24271005121206,60.668298214007926,60.67585785782236,701200
2018-07-27,60.96307373046875,61.43166790757747,60.6985380631494,61.17469765126874,548700
2018-07-30,60.6531982421875,61.136911760632685,60.40378183746171,60.84214901552765,617100
2018-07-31,61.320281982421875,61.35077890409768,60.64174147104116,61.007692897764684,918600
2018-08-01,60.67225646972656,61.2745577647171,60.30629911727473,61.0915761801438,805100
2018-08-02,61.030574798583984,61.22879608017985,60.35203423331364,60.58075243900736,808900
2018-08-03,61.236427307128906,61.57188768587029,60.1919293748531,61.06869711775822,1031600
2018-08-06,61.853981018066406,62.28855209531953,61.75487035718225,62.18181574769207,1494400
2018-08-07,61.670989990234375,62.06744416904255,61.30503855085032,61.86921707963846,931800
2018-08-08,61.663360595703125,61.94545275147313,61.213544100043485,61.42701672962385,651200
2018-08-09,61.99119186401367,62.09030830572652,61.449884635009006,61.65573738572601,501200
2018-08-10,61.98360061645508,62.80699454943161,61.914981062301464,62.181821958020485,567300
2018-08-13,61.91496658325195,62.113193695156475,61.587131897549604,62.02932860230048,705700
2018-08-14,62.036949157714844,62.303789968965035,61.79297958504418,61.79297958504418,697700
2018-08-15,62.59351348876953,62.898476964664376,61.892101565897526,62.219936284562955,801400
2018-08-16,62.28855895996094,62.65451634693952,62.06746637029145,62.47916043268627,1988500
2018-08-17,62.7231330871582,63.150084361850496,61.91498466546574,62.1665800175119,1510900
2018-08-20,62.64688491821289,62.974719653924545,62.45628346295483,62.85273774724069,753800
2018-08-21,62.265682220458984,62.62401388823972,61.96071872766506,62.51727753826608,781300
2018-08-22,61.396522521972656,62.32665829198573,61.16017864544883,62.30378705447609,590800
2018-08-23,61.62525939941406,61.98359103974249,61.39653534316781,61.610008026760646,769200
2018-08-24,61.930206298828125,61.983574455447176,61.25165999796759,61.59474599054105,570000
2018-08-27,61.396522521972656,61.99882364873019,61.091559116226755,61.99882364873019,748100
2018-08-28,60.527374267578125,61.259282874822496,60.39776672411343,61.091552728365805,1045200
2018-08-29,60.60363006591797,60.90859352234821,60.3367892228018,60.801857185101746,1121000
2018-08-30,60.00895309448242,60.73324201332439,59.77260918431299,60.73324201332439,1501900
2018-08-31,59.88698196411133,60.695130305387366,59.67350343965998,60.08520329748788,1254000
2018-09-04,60.36729431152344,60.65700643511829,59.93272321778372,59.93272321778372,965500
2018-09-05,61.02296829223633,61.12970465177817,60.28343364634261,60.39779569347897,1191000
2018-09-06,61.14492416381836,61.44988755404219,60.77134706455791,61.05343921843621,616700
2018-09-07,60.679874420166016,61.01533483124267,60.35204551240697,60.79423645273257,695300
2018-09-10,61.030574798583984,61.305041298771265,60.77897953729673,60.83234770029462,644900
2018-09-11,60.7561149597168,61.25929972076714,60.656998491358195,61.053452731404306,636700
2018-09-12,60.817108154296875,61.1678199412629,60.51977035739952,60.69512625088253,719900
2018-09-13,61.282188415527344,61.3431822877817,60.47403996659244,60.96960499944143,576300
2018-09-14,61.25929641723633,61.32029026883023,60.47401948221982,61.11444329056811,656100
2018-09-17,61.648128509521484,61.76249053368926,61.01533035026143,61.449901388743626,825700
2018-09-18,61.61762237548828,61.846346389649476,61.17542571701306,61.56425421440977,790200
2018-09-19,60.2529182434082,61.70149015748399,59.79547601177732,61.70149015748399,1156200
2018-09-20,60.588382720947266,60.67986768348817,59.757357472139056,60.17668293943136,769200
2018-09-21,61.16019821166992,61.35079967415122,59.94035001512862,60.5273999602252,1881800
2018-09-24,60.51215744018555,61.25931195326897,60.47403481909758,61.16020128181371,951000
2018-09-25,59.60488510131836,60.458781683086,59.49814875568423,60.458781683086,745300
2018-09-26,59.0178337097168,59.917466938283994,58.95683985183936,59.76498811028484,600200
2018-09-27,59.5362548828125,59.90983784225796,58.85009444579286,59.1321808158185,528700
2018-09-28,60.36729431152344,60.42066248736183,59.71925051443015,59.71925051443015,851100
2018-10-01,60.146175384521484,60.56550077771433,59.72684999132864,60.19191785770873,619600
2018-10-02,60.55026626586914,60.99246301876185,60.31392233301369,60.31392233301369,844600
2018-10-03,60.05469512939453,60.94671422947542,59.55151038621238,60.50451752231654,718200
2018-10-04,61.18307113647461,61.25168487283828,59.73449881850253,59.97846846450977,1045400
2018-10-05,62.364784240722656,62.47914043439852,61.15255623751721,61.15255623751721,913000
2018-10-08,63.10432052612305,63.66087927554209,62.36479184451411,62.524896351874446,854000
2018-10-09,63.52363967895508,63.874345586320864,63.03570051942933,63.23392762070341,945800
2018-10-10,63.043331146240234,64.18693973164774,63.00520853338236,63.47790217602732,1487700
2018-10-11,61.98360061645508,63.36355340338438,61.89973550398692,63.32543078255512,1259000
2018-10-12,62.13608932495117,62.14371501366598,61.16021057051904,61.87687407560973,866500
2018-10-15,62.2733039855957,62.82223707471574,61.97596619843809,62.12082515714878,1102700
2018-10-16,63.69137954711914,63.8362385066339,62.10557412901334,62.47915133246801,1503900
2018-10-17,63.80573654174805,63.96584104487854,63.256803492904076,63.432153551082884,1129300
2018-10-18,63.645606994628906,64.14879154694114,63.42450872491731,63.94294464297062,1318600
2018-10-19,64.9188461303711,65.32292021828525,63.96583901106645,63.96583901106645,1018800
2018-10-22,64.73587799072266,65.21619154122077,64.56814778736614,64.90360237738463,940900
2018-10-23,64.14119720458984,65.45253609786161,64.02684098911405,64.78924678132373,901700
2018-10-24,65.89472198486328,66.10819464080129,64.08019859269659,64.48427266524976,783700
2018-10-25,64.38516998291016,65.56690134546568,64.19456852551055,65.41442250622394,1026300
2018-10-26,63.0128288269043,65.08657314831814,62.54013522471058,64.62912509994648,945400
2018-10-29,63.599891662597656,64.14882477982114,62.98234481406861,62.98234481406861,962300
2018-10-30,63.79811096191406,64.24030767607267,63.134815890676144,63.79048527603022,699400
2018-10-31,63.26582717895508,63.973480007665714,62.65047332102017,63.56581057087479,1222700
2018-11-01,63.504268646240234,63.665797699900295,62.87353363594672,63.142748725380144,1301700
2018-11-02,63.365814208984375,63.83502016469713,62.696623254912815,63.71195292481855,864000
2018-11-05,64.15808868408203,64.63498234150651,63.31197567552396,63.38120577097381,1946800
2018-11-06,65.11189270019531,65.15804219254039,64.01964501272687,64.25039834290249,1159700
2018-11-07,65.68107604980469,65.7349190678639,65.07341577830857,65.1426458692126,1155100
2018-11-08,67.35021209716797,67.59635243428959,65.95798136549088,66.26565825400503,1777300
2018-11-09,68.0501708984375,68.19631872742374,67.02714783242983,67.580965007064,1281400
2018-11-12,68.35016632080078,69.18857989802518,67.51174687512733,67.92710982961935,1446900
2018-11-13,68.6501693725586,68.77324252106322,67.68098886766215,68.35018590864195,1599100
2018-11-14,67.87327575683594,68.650158748302,67.6348289040735,68.38863715087867,1173300
2018-11-15,68.2270736694336,68.32707201241223,66.77330667925014,67.61172588482614,1157500
2018-11-16,67.934814453125,69.15013523663026,67.88866496235518,69.06552392458559,1181500
2018-11-19,68.35787963867188,68.35787963867188,67.62714602139654,67.88867352847478,819000
2018-11-20,67.91942596435547,69.27319507503883,67.7502033584077,68.53477395963444,816200
2018-11-21,67.33484649658203,67.98096283057814,67.034863074591,67.67329173921803,918800
2018-11-23,67.89635467529297,68.1809569033224,67.11947750451971,67.49637871686666,434300
2018-11-26,68.18095397949219,68.24249054536509,67.51945056748333,67.97327540523357,826200
2018-11-27,69.05013275146484,69.05013275146484,67.72713185748296,68.16556959913065,1250800
2018-11-28,68.54247283935547,69.1347461378885,68.22710234578929,69.1039778554589,1344200
2018-11-29,68.33476257324219,68.67320768360425,67.61172874898814,68.56552167002498,1208600
2018-11-30,68.73477935791016,68.85015896527604,67.93482151354421,68.51940722066752,1431600
2018-12-03,69.40396881103516,69.40396881103516,68.08096197699575,68.51939974237392,838500
2018-12-04,69.29627227783203,70.25775905625761,69.16551148439406,69.51933791464072,1071700
2018-12-06,69.83470916748047,69.85009037398764,67.98095982131004,69.64241180966775,1387300
2018-12-07,69.82701873779297,70.28084357402317,69.10397876233293,69.85778702062636,754100
2018-12-10,70.05009460449219,70.22701078947671,68.71170638249687,69.96548328147144,756500
2018-12-11,70.50390625,70.71158481480501,69.71932974195963,70.11931153347619,753700
2018-12-12,70.08854675292969,70.83465561075701,69.77317625277128,70.54236572424064,1412500
2018-12-13,71.01927185058594,71.25771873080015,70.05009138409999,70.06547259282812,800200
2018-12-14,70.33468627929688,71.15002523106784,69.97316629322486,71.09618220346881,1065600
2018-12-17,68.01173400878906,70.54236816157405,67.76559360415239,70.51929341558468,1061200
2018-12-18,67.97327423095703,68.93476104942364,67.72713384016758,68.49632329494086,1763500
2018-12-19,68.03479766845703,69.42703442360016,67.5425169394012,68.12710250582346,1757700
2018-12-20,68.88091278076172,69.45780482794247,67.32714691402325,68.07326156732891,1061400
2018-12-21,68.7732162475586,70.26543945817194,68.58860659532827,69.07319959687227,2417700
2018-12-24,65.08111572265625,68.75784012243737,64.99650441902536,68.75014658525745,547600
2018-12-26,65.63494110107422,66.03491705686986,63.95041422695671,65.38110715897018,993200
2018-12-27,66.03490447998047,66.04259801664108,64.57344354226069,65.58877324884881,1131800
2018-12-28,65.57341003417969,66.71950083618569,65.35803789618669,66.04261613557186,935700
2018-12-31,65.5349349975586,65.94261031194836,64.83497569018641,65.63493337607565,1066400
2019-01-02,63.742733001708984,65.56570827579232,63.388906552441966,65.4195662681613,1408400
2019-01-03,64.38887023925781,64.74269680339859,63.77352198927671,63.85812745882073,1672000
2019-01-04,65.18110656738281,65.18110656738281,63.85809989179954,63.927329987751776,1315200
2019-01-07,65.05802917480469,65.41954906682095,64.32729585498825,64.85034478777698,1050300
2019-01-08,66.03490447998047,66.03490447998047,64.67344191350169,64.91958227060036,1087800
2019-01-09,65.11958312988281,66.04260814342456,64.71190778264446,65.6657069475475,1272400
2019-01-10,66.20413970947266,66.3810558757335,64.83498334505887,65.32726415319753,1073800
2019-01-11,65.20419311523438,66.12722406153546,64.9272902866394,66.12722406153546,1641600
2019-01-14,63.435062408447266,64.79652531439753,62.78894014217646,64.79652531439753,2052600
2019-01-15,64.77342987060547,65.11187503853301,63.396580327430385,63.396580327430385,1512800
2019-01-16,65.20419311523438,65.26572968534451,64.26578682908124,64.47346541764004,959200
2019-01-17,65.80416870117188,65.94262305564902,65.25803895351991,65.31957552627655,1111900
2019-01-18,65.89645385742188,66.26566734799772,65.41956018980437,65.78876781193087,1474000
2019-01-22,65.94261932373047,66.31182700247443,65.22727284415753,65.7272413312712,1782100
2019-01-23,67.06562805175781,67.08870279562748,65.94261219198705,65.99645521716614,1154400
2019-01-24,67.67329406738281,67.75021184286904,66.35028720259929,67.134857902079,1082900
2019-01-25,66.87332153320312,67.78096516790949,66.66563712992986,67.43482645193698,1414600
2019-01-28,66.73487091064453,67.31945060241145,66.45796226993424,66.84255695220418,1207500
2019-01-29,67.19638061523438,67.40405915307285,66.78101767110854,67.02715802298509,1063100
2019-01-30,67.39637756347656,67.81942821380566,66.66564410999086,66.91947802125799,912000
2019-01-31,68.35673522949219,68.58944865456459,66.5958401297874,67.3638044936342,1601500
2019-02-01,67.99213409423828,68.41877826831168,67.25519356362409,68.22484748419708,1008800
2019-02-04,67.8990478515625,67.92231859964171,67.13884246225042,67.73614669670991,896800
2019-02-05,67.9300765991211,68.05419514498278,67.29398384732498,67.91456474003739,856200
2019-02-06,68.0231704711914,68.31794316167122,67.33277728478723,67.89905191627457,1192200
2019-02-07,69.17898559570312,69.19449745349546,67.8524998183025,68.24812025242822,900900
2019-02-08,69.33413696289062,69.42722587677649,68.87646311912299,68.9617931439438,659000
2019-02-11,69.5280532836914,69.76077256079806,69.14795065482778,69.20225103037973,652100
2019-02-12,69.63666534423828,70.10210397404184,69.0316022274513,69.7297542538586,822700
2019-02-13,69.43498992919922,69.57462035126213,69.06264016426523,69.37293064866043,734200
2019-02-14,69.4582748413086,69.79959503556316,69.00835384311847,69.43500408593668,636600
2019-02-15,69.78407287597656,70.0090333609612,69.42724083995599,69.71426061423973,882900
2019-02-19,70.31930541992188,70.42790618852176,69.48152298932447,69.9469557002237,725100
2019-02-20,70.53651428222656,70.65287395160964,69.68321990391506,70.25725344302664,1010600
2019-02-21,71.34326171875,71.5294336245844,69.84611574656502,70.2029476987052,1547300
2019-02-22,72.31292724609375,72.52236993383332,70.96317035611872,71.9871248792548,1181900
2019-02-25,72.66973876953125,72.82488101906281,71.5604545223179,72.32066574893649,1540500
2019-02-26,72.20431518554688,72.93349095202854,72.07244366502658,72.93349095202854,1406300
2019-02-27,72.11122131347656,72.33618173093204,71.77766013149746,71.94056127828291,833200
2019-02-28,72.71627044677734,72.86365970674856,71.80091709416536,72.13447821210778,1009300
2019-03-01,71.9715805053711,72.84815130149995,71.61474862806881,72.55337276759597,1383200
2019-03-04,72.14225769042969,72.66199081468957,71.3742933785906,72.30515885243808,897700
2019-03-05,71.48287963867188,72.24308490701812,71.2889488778064,71.93280042427108,1043800
2019-03-06,71.96382904052734,72.08794757671959,71.35101300254514,71.68457417068987,920300
2019-03-07,71.94831848144531,72.66974121076746,71.8474766076919,72.23533816284794,1239200
2019-03-08,72.266357421875,72.33616965099698,71.65353554251813,72.266357421875,781200
2019-03-11,73.01107788085938,73.04986049421821,72.08020638576262,72.37498502244448,969400
2019-03-12,73.64714813232422,73.67817776446573,73.07310881515207,73.23601586346929,983000
2019-03-13,73.98847198486328,74.17464980221006,73.54631002568613,73.67818745921458,938500
2019-03-14,73.81007385253906,74.34531890998241,73.53857187872009,74.08157582635802,975500
2019-03-15,74.5857925415039,74.80299410711064,73.67043885909067,73.8410989230099,2418800
2019-03-18,73.91090393066406,74.56251448191105,73.60061347379875,74.46942556936199,846700
2019-03-19,73.1739730834961,73.85660738949859,72.92574188874077,73.84884850014103,965500
2019-03-20,73.4842529296875,74.12809861409183,73.18171547147881,73.42219366039865,656000
2019-03-21,74.33753967285156,74.51595265619537,73.2980677311161,73.52302812088196,562900
2019-03-22,75.0279541015625,75.45459834044107,74.19017156654088,74.66336322511982,832100
2019-03-25,74.8340072631836,75.26065141070143,74.70213575858521,75.18308028554341,928300
2019-03-26,75.12103271484375,75.27618090761467,74.686629611682,74.7564477780035,620300
2019-03-27,74.8184814453125,75.43906221646851,74.39959623082358,75.32270258208966,748400
2019-03-28,73.75575256347656,75.08223833261064,73.22826062736206,74.89606644877537,1722000
2019-03-29,74.14361572265625,74.19791610322042,73.49200523758864,73.7402363942102,1288800
2019-04-01,73.60062408447266,74.01176240211265,72.84817745984252,74.01176240211265,1066600
2019-04-02,73.32911682128906,73.85660886043705,73.22051604131437,73.76351994118788,1107300
2019-04-03,73.01107788085938,73.41445138592535,72.59218659581069,73.25155020590068,854400
2019-04-04,72.65424346923828,73.38341931016716,72.2508640592532,73.38341931016716,694700
2019-04-05,73.41441345214844,73.46871381743259,72.41373021908691,72.71626167114087,586400
2019-04-08,72.83263397216797,73.45321475632035,72.6231913605373,73.36788475054198,669900
2019-04-09,73.13516998291016,73.19722924880838,72.75506733630387,73.01881033892532,697800
2019-04-10,73.01107788085938,73.96521420933223,72.89471820418491,73.40669249593398,711900
2019-04-11,73.8953857421875,73.94192723532682,72.7085303207533,73.07311521417412,846200
2019-04-12,73.93415832519531,74.13584796528932,73.15068234482841,73.63162682420277,842500
2019-04-15,74.32978820800781,74.72540865146823,74.1436163186196,74.38408858900844,751700
2019-04-16,73.08863830566406,74.45391274724281,72.98779050546509,74.21343453917444,880600
2019-04-17,73.19723510742188,73.59285556131634,72.70853166552718,73.07311656569114,686000
2019-04-18,72.97228240966797,73.53856295920532,72.84041088385051,73.290331767779,914800
2019-04-22,72.59217071533203,73.0808741484958,72.2896391731405,72.99554413215482,802400
2019-04-23,73.30584716796875,73.39893608861085,72.54563577847172,72.80938476114164,916300
2019-04-24,73.5385513305664,74.31427442089601,72.95675901281919,73.64715208974874,1046700
2019-04-25,73.80230712890625,74.23671024090869,73.15845543197511,73.23603248908857,673200
2019-04-26,73.76351928710938,74.70990257703883,73.67043628698424,74.67887293756425,946700
2019-04-29,73.20498657226562,73.67817810760738,72.74730689391829,73.66266033231575,772400
2019-04-30,74.48564147949219,74.49346152315277,72.90633266195407,73.03142950074096,1063000
2019-05-01,73.55525207519531,74.97037563053846,73.38324692074465,73.93053062586493,1486500
2019-05-02,72.7656021118164,73.64126209343411,72.33558918223949,73.30507179347732,1492200
2019-05-03,73.58653259277344,73.72726355258004,72.86723770656994,72.86723770656994,670900
2019-05-06,73.0783462524414,73.85236364553953,72.9845236125416,73.7976352635012,798800
2019-05-07,72.98451232910156,73.57871036004458,72.6561420876378,73.07833495449637,742200
2019-05-08,72.06976318359375,72.77341795274354,71.88993797844343,72.77341795274354,728400
2019-05-09,72.37467956542969,72.80469247201076,71.96812678870829,72.2495886975713,638700
2019-05-10,74.0556411743164,74.0556411743164,72.2886869397625,72.47632624986456,574200
2019-05-13,75.29875946044922,75.43167635423572,73.94618407411598,73.96963824215298,983700
2019-05-14,74.2589111328125,75.46293535410366,74.10254009015136,75.22056769416062,924000
2019-05-15,74.423095703125,74.83746852445601,74.02435700347172,74.50909828471582,613400
2019-05-16,74.9156723022461,75.1345858574709,74.07910637909588,74.27456576268189,554800
2019-05-17,75.10328674316406,75.58020795820775,74.45436633813883,74.57163715745692,722400
2019-05-20,75.51766204833984,75.79130987567474,75.08765511171187,75.36911701729701,658400
2019-05-21,75.0876693725586,76.00241775696912,75.0407610343672,75.58022481840742,709800
2019-05-22,75.39257049560547,75.5411214902412,74.83746673268402,75.32220203737717,971000
2019-05-23,76.08839416503906,76.12748841004044,75.47856211866117,75.50201627968427,740400
2019-05-24,75.5802230834961,76.55751987302598,75.46294627576327,76.10405273109703,568200
2019-05-28,74.5872802734375,75.75221619056799,74.25108999286282,75.75221619056799,1101200
2019-05-29,73.42235565185547,74.99384458577326,73.40671556294153,74.845299530768,924200
2019-05-30,72.71086120605469,73.77416029873665,72.57795031070559,73.48487838096692,866500
2019-05-31,73.42235565185547,73.547446538436,72.67178647258746,72.86724582938832,1268700
2019-06-03,74.5872802734375,74.5872802734375,73.40670426979918,73.73507450711995,816600
2019-06-04,74.46219635009766,74.68892992420581,72.98452406103618,74.68892992420581,730700
2019-06-05,76.45587158203125,76.56532832869567,74.50909834213381,74.90783107714903,1375100
2019-06-06,77.21426391601562,77.46445164743263,76.33078382933526,76.50278901311182,882200
2019-06-07,76.369873046875,78.03518446503132,76.369873046875,77.61299157769332,782000
2019-06-10,76.04933166503906,76.34643373520143,75.61932461524916,75.96333502703853,550600
2019-06-11,75.36128997802734,76.26040398379257,74.78273209912102,75.96330798434222,979400
2019-06-12,75.43949127197266,75.72877326585134,74.41528615666768,74.61074551240962,1195800
2019-06-13,75.5802230834961,75.92423346219341,75.15803015462564,75.40821789414744,1428800
2019-06-14,76.21350860595703,76.42460206893708,75.56458216447525,75.56458216447525,710000
2019-06-17,75.85386657714844,76.64352406977974,75.44731372878218,76.30733372855623,485700
2019-06-18,75.70530700683594,76.33859330951637,75.22056573463222,76.33859330951637,901200
2019-06-19,76.57315063476562,76.8155183002638,75.61148808643058,75.61148808643058,727200
2019-06-20,77.05789184570312,77.35499387376676,76.14314352391405,76.87807258498184,974700
2019-06-21,76.32294464111328,76.79204573757582,75.73656677929911,76.7216772923872,2253200
2019-06-24,75.82260131835938,76.72952969199225,75.6584101986589,76.5418903672659,2065200
2019-06-25,75.55674743652344,76.11967118166247,75.33001393001219,75.97112020309953,1320800
2019-06-26,73.86800384521484,75.68968054432908,73.86800384521484,75.4394928025014,1250800
2019-06-27,73.28943634033203,74.68110596049497,73.08616291072005,74.20419063336995,914400
2019-06-28,73.56306457519531,74.13380839681655,73.06268920840583,73.2581485224625,1304400
2019-07-01,73.43017578125,73.7585460961427,72.64833828963121,73.56308672323799,661000
2019-07-02,74.26673889160156,74.33710736499769,73.53181573302594,73.56308398237259,644500
2019-07-03,74.76710510253906,75.25184641644624,74.42310071794125,74.42310071794125,344700
2019-07-05,74.50128173828125,74.75928949516383,73.42234834351628,74.03999460037491,810900
2019-07-08,74.55599975585938,74.96255249647773,73.92271349962787,74.62636224435408,808700
2019-07-09,74.68109893798828,74.7749215647186,74.10254098551495,74.36836877877812,809600
2019-07-10,74.63419342041016,75.40821073403892,74.55601087766054,75.10329464185348,453200
2019-07-11,74.04782104492188,74.86875271871314,73.54744557526024,74.54037647022896,1030000
2019-07-12,73.109619140625,74.00091332620657,72.92197386422644,73.98527323736694,958700
2019-07-15,73.31288146972656,73.82889695423162,72.83596620139724,73.23469893221086,775300
2019-07-16,72.94544219970703,73.43017763920977,72.42942657900778,73.10180731600853,965200
2019-07-17,73.53180694580078,73.78199466530123,73.187796594633,73.36761584914652,671500
2019-07-18,74.3918228149414,74.46218531115778,72.96105907575416,73.72726228035656,906600
2019-07-19,73.17215728759766,74.57946695289417,73.09397474284692,74.21982247508413,854400
2019-07-22,72.99231719970703,73.55524090517144,72.43721353596966,73.3363274563673,766400
2019-07-23,72.58577728271484,72.98451600454119,72.25740702471462,72.89069933936722,1082000
2019-07-24,71.77265930175781,72.95322921116792,71.36610060631033,72.91414092906945,1272000
2019-07-25,71.19410705566406,71.85867357393923,70.77973421529194,71.4990231444264,1225200
2019-07-26,71.9446792602539,72.00722768761138,70.99865666502112,71.34266705054081,708400
2019-07-29,72.80469512939453,72.84378341736344,71.75702999373219,72.24959133469368,884700
2019-07-30,71.87430572509766,73.26597521306438,71.48338706151395,73.14088434248922,1418000
2019-07-31,71.8963851928711,72.79489247352218,71.59687875717442,71.998844439535,1092900
2019-08-01,72.48750305175781,73.04709922572059,71.44712596535031,71.75450969452396,881000
2019-08-02,72.89734649658203,73.43329869691826,72.4402155714986,72.52690815048241,1168100
2019-08-05,72.15647888183594,73.787979529417,71.79391783728965,73.0707467840476,1289200
2019-08-06,73.3150634765625,73.55151524582223,71.31313081989485,72.08552870813583,1015100
2019-08-07,73.30719757080078,73.86679376438317,72.23529313956095,73.48059476015123,863100
2019-08-08,73.12591552734375,74.4185050769255,71.84909263822126,71.88849726293125,1546500
2019-08-09,72.85792541503906,73.24412432102328,72.00670634562196,72.00670634562196,1294500
2019-08-12,72.3850326538086,73.17319723939389,71.77814856872409,73.17319723939389,1059300
2019-08-13,73.27567291259766,73.3623715104085,71.69146018640434,72.11706984477954,1381800
2019-08-14,72.353515625,73.66974911730588,72.109180500084,73.51211258296993,979300
2019-08-15,73.9140853881836,74.09536591692371,72.31411199232147,72.31411199232147,839200
2019-08-16,74.18204498291016,74.58400454881672,73.49633970242931,73.9613538715746,1365000
2019-08-19,74.84410858154297,75.12784831438148,73.89043015130963,74.22145783521503,1188200
2019-08-20,74.69435119628906,75.31700190769548,74.42637813764792,75.14360474588379,969400
2019-08-21,75.45099639892578,75.45887371505285,74.43426338922183,74.45002403469438,714500
2019-08-22,74.78894805908203,75.39583824676006,74.26876248286318,75.29337298708433,1224000
2019-08-23,74.19782257080078,75.19879508283776,73.78009625208429,74.98598725161509,1136200
2019-08-26,74.86776733398438,74.87565066512434,74.1032465703411,74.23723914684152,818000
2019-08-27,74.48155975341797,75.3091350448547,74.46579910616487,75.24608042940409,1186700
2019-08-28,74.67859649658203,74.83622701265935,74.1111170175537,74.49731599119625,726800
2019-08-29,75.0963134765625,75.15936808047259,74.54460072539426,75.0569088590322,690100
2019-08-30,75.11995697021484,75.49827857804243,74.86774456940245,75.38005269977019,1108100
2019-09-03,75.3327865600586,75.40371849962358,74.80471763256472,75.07269075521425,1674400
2019-09-04,75.60073852539062,75.72684773361779,74.993854497147,75.56921122333384,1358500
2019-09-05,74.33179473876953,75.29335642539785,74.17416423839886,75.20665784622852,962300
2019-09-06,73.9377212524414,74.8204677936832,73.53576162481046,74.47367343583485,1225900
2019-09-09,72.86581420898438,73.82737597444616,72.4244439611863,73.73280007175721,976700
2019-09-10,72.50325775146484,72.83429144383692,71.86484636835175,72.82640811436607,788000
2019-09-11,73.41754913330078,73.49636440723292,72.20377467244212,72.41657651338087,782400
2019-09-12,73.52000427246094,74.22147039366294,73.11803858072307,74.00866856463678,841500
2019-09-13,73.36236572265625,74.08747574421432,72.93675609785853,73.24413982467595,1052700
2019-09-16,73.68551635742188,73.89832419451248,73.11803680947288,73.63822839949928,747400
2019-09-17,74.3712158203125,74.58401762703534,73.95348952373948,73.95348952373948,925700
2019-09-18,75.56922149658203,75.6086321328152,74.14264546058024,74.75741290121707,852100
2019-09-19,75.86872100830078,76.08940611943422,75.54557065755661,75.97118023469322,749700
2019-09-20,76.58592987060547,76.8223815852895,76.04210054797922,76.60169652530008,1294800
2019-09-23,76.75935363769531,77.36624377654717,76.49138054703688,76.70418235354687,1190100
2019-09-24,77.13768005371094,77.69727625969338,76.6411324526191,76.94851619938102,833800
2019-09-25,77.06675720214844,77.17709979884695,76.54657153388695,76.94853127333703,838300
2019-09-26,76.98004150390625,77.53176037817293,76.83817162346273,77.24802061728589,755800
2019-09-27,76.77511596679688,77.12190429907294,76.27068509461428,76.87757519923002,490800
2019-09-30,76.50714874267578,77.24014216909495,76.41256681199539,76.79877185235895,718100
2019-10-01,76.6963119506836,76.76724990695622,75.90814717959209,76.30222956513784,669100
2019-10-02,75.34066009521484,76.8066469048183,75.32489944717605,76.64113304092363,724800
2019-10-03,75.45099639892578,75.74261343930597,75.06479143283667,75.50616767790731,648000
2019-10-04,76.63324737548828,76.77511724526049,75.49828841731066,75.49828841731066,765600
2019-10-07,76.79875183105469,76.86180042185204,76.17610114614348,76.6489986498227,725800
2019-10-08,75.3327865600586,76.75147947033554,75.25397128946871,76.75147947033554,832800
2019-10-09,75.19878387451172,75.58498282684664,74.76529095938794,75.33277040710692,655600
2019-10-10,75.16727447509766,75.5377068569998,74.40275370443652,74.97811060532058,516600
2019-10-11,75.23818969726562,75.59286736436793,74.42638114616649,75.00174393241593,1311800
2019-10-14,74.50517272949219,75.51402210404586,74.28448768046064,75.34062499031633,605600
2019-10-15,73.81951141357422,74.73377937245255,73.74069013008877,74.520977541413,514200
2019-10-16,73.95349884033203,74.2293552961023,73.44907388886075,73.78010163578507,908700
2019-10-17,73.84314727783203,74.16629165437342,73.63822278708687,73.92196253943585,583900
2019-10-18,74.01654052734375,74.22145899397856,73.37812311188065,73.85102066958831,494400
2019-10-21,74.07958984375,74.17417176149624,73.6066922814563,73.69339086941899,499800
2019-10-22,74.50517272949219,74.62339858096382,74.12685722064286,74.33965894271853,517500
2019-10-23,74.2057113647461,74.8125955678388,74.0007868489453,74.71013631654827,793000
2019-10-24,74.94657897949219,75.41159928273444,74.2924068438008,74.52885264758172,955600
2019-10-25,74.2450942993164,74.9544435596473,73.99288189711186,74.92291625771948,564100
2019-10-28,72.69245147705078,74.11114469115245,72.55845887381071,73.89045948095136,679500
2019-10-29,73.36236572265625,73.51211291442694,72.59784506403177,72.6372557010982,632100
2019-10-30,73.96136474609375,74.25298781903669,73.3860079432951,73.3860079432951,558500
2019-10-31,74.18204498291016,74.4184907252285,73.535750332758,74.21357228452952,861300
2019-11-01,74.30366516113281,74.6136275605727,73.96191096897289,74.16060512572484,1198400
2019-11-04,72.89690399169922,74.224179335874,72.61873342011523,74.224179335874,740300
2019-11-05,72.14978790283203,73.00019825837028,72.09415380718605,72.54717603277815,1352600
2019-11-06,72.45977020263672,73.04790916348209,72.30876679477714,72.30876679477714,1371500
2019-11-07,69.79727935791016,70.74306543315564,67.96134738941163,69.1455628016367,2745000
2019-11-08,68.6607437133789,69.59063079510868,68.41436493027025,69.28861789763151,1451100
2019-11-11,67.65933227539062,68.83560435487131,67.55601349649167,68.63691019752869,972200
2019-11-12,68.04083251953125,68.06467484990594,66.96788520701611,67.57191112205781,1483100
2019-11-13,68.30308532714844,68.93095940684235,67.88185480798153,68.23950176026895,1296200
2019-11-14,69.13760375976562,69.19323787038648,68.3269344244812,68.45409550718746,1071100
2019-11-15,69.63037109375,69.64626395606759,68.986604055775,69.13760747061461,1019200
2019-11-18,68.98657989501953,70.40922402524745,68.87531170677445,69.68598080165448,955600
2019-11-19,68.94686889648438,69.2170900254046,68.54948060313288,68.77996654091645,1108400
2019-11-20,69.36809539794922,69.58268845926771,68.85148943453719,69.24093430473333,846500
2019-11-21,69.36013793945312,69.67804973134223,68.8514814978958,69.30450383064726,836500
2019-11-22,69.30450439453125,69.59857386556236,68.93096455446015,69.59857386556236,425900
2019-11-25,68.82762908935547,69.67803952144216,68.80378676959843,69.35218437865902,814000
2019-11-26,69.5429458618164,69.72574713037947,68.67664236106776,68.80380345182427,2053200
2019-11-27,69.45551300048828,69.80521657644411,69.20913424306288,69.61446586392472,677700
2019-11-29,69.45551300048828,70.05159533386951,69.42372121506838,69.70189175791367,407400
2019-12-02,68.1520767211914,69.32039900659787,68.1123354754807,69.20118133312853,807000
2019-12-03,68.41436767578125,68.62895467876744,67.82622865609596,67.91365456270691,963900
2019-12-04,69.09786987304688,69.28066506980986,68.26335213438497,68.34282857052816,853400
2019-12-05,68.8197021484375,69.0263457600565,68.53358815406433,68.97866110493834,1244800
2019-12-06,68.50971984863281,69.07401640060249,68.44614234817718,68.74020572081393,926900
2019-12-09,67.99312591552734,68.65278574310787,67.81032466887493,68.64484234465647,625000
2019-12-10,67.72291564941406,68.18388754828807,67.63548973536332,67.9931428556612,769500
2019-12-11,67.90570831298828,68.27925425034593,67.46062933519482,67.85007419872206,760000
2019-12-12,68.14411926269531,68.64483221977595,67.72288878770891,67.86594876635165,1270500
2019-12-13,68.4620590209961,68.62101192291846,67.77060116393828,68.0805696309166,712300
2019-12-16,69.62240600585938,69.63830492827248,68.31897329644904,68.50971791977044,1697900
2019-12-17,69.62240600585938,70.099270595994,69.35218496145924,69.67009670943641,856300
2019-12-18,70.39335632324219,70.47283276272329,69.27272458013229,69.82111625711643,785100
2019-12-19,70.9338150024414,70.9417644666543,70.13903836375859,70.3933666455905,1342100
2019-12-20,71.68089294433594,72.07033172319211,70.98148575852998,71.13249523067688,2606500
2019-12-23,70.7192153930664,71.80010585075219,70.5284646678894,71.80010585075219,745000
2019-12-24,70.62382507324219,70.94968021499653,70.409232068782,70.80662023324379,242000
2019-12-26,70.69537353515625,71.01328537615493,70.38541115769016,70.67948067175513,484300
2019-12-27,70.61587524414062,70.89404574508187,70.48076472420662,70.81456932533611,598500
2019-12-30,70.9338150024414,70.9417644666543,70.42515843877757,70.44105130353883,553200
2019-12-31,71.47425079345703,71.5139920438701,70.9576448564044,70.99738610681747,882500
2020-01-02,70.5046157836914,71.72857220321968,70.25823703283918,71.63319684950451,744100
2020-01-03,70.72716522216797,70.94970169144231,70.32977693741691,70.37746765487856,1058500
2020-01-06,70.65564727783203,71.05303561340627,70.57617082345014,70.8066507220582,908800
2020-01-07,70.48077392578125,70.51256571056254,70.01980214194693,70.2502880338641,931300
2020-01-08,70.34566497802734,70.8066307086166,70.31387319252755,70.58409427378115,797200
2020-01-09,71.44247436523438,71.45837329428309,70.2026247006843,70.3456847437989,779300
2020-01-10,71.9749526977539,72.00674448309583,71.4345044742674,71.48219518411179,808500
2020-01-13,72.5074691772461,73.04791748760235,71.87959495906279,71.95112193983181,1074900
2020-01-14,73.15123748779297,73.15123748779297,72.33261857680846,72.45183627709042,758300
2020-01-15,73.62809753417969,73.85063399324,73.1909680155514,73.27839391927706,1034100
2020-01-16,74.10494232177734,74.27979408222832,73.73139648147972,73.80292950332881,1204200
2020-01-17,74.18443298339844,74.51029424746572,73.53271651892713,74.17648958451626,935100
2020-01-21,75.01100158691406,75.17790391915649,74.09701349087175,74.44671101685731,700600
2020-01-22,75.15406799316406,75.67067395903555,75.09049047808533,75.28123515064915,761500
2020-01-23,76.17137145996094,76.24290449300464,75.09842447360965,75.16200804439005,701100
2020-01-24,77.18869018554688,77.25226769248638,75.95678427569045,75.98062659875065,763100
2020-01-27,77.62581634521484,77.93577868332433,77.06947524185506,77.31585400710536,1228400
2020-01-28,77.13306427001953,78.17421957865659,77.13306427001953,77.77683131567589,840100
2020-01-29,77.92784118652344,77.96757637482243,77.01384696435453,77.08537394149094,816300
2020-01-30,78.50801086425781,78.53185318578097,77.38737930703068,77.6576003691767,744000
2020-01-31,78.26209259033203,79.02316073718214,78.07783070511793,78.55049877720677,2172600
2020-02-03,78.70269775390625,78.98309092086538,78.1018526338027,78.45435039347282,776500
2020-02-04,78.20598602294922,78.97506687595033,78.20598602294922,78.55047072803308,1090600
2020-02-05,78.64661407470703,78.69468583746772,77.70929721438887,78.02173616782825,751800
2020-02-06,78.50241088867188,78.9510460384385,78.38224065012524,78.67865975692531,984500
2020-02-07,78.55850219726562,78.90298701023731,78.38225330056663,78.79884271314846,1000900
2020-02-10,79.15933227539062,79.21541090345131,78.4062772860202,78.70269027200726,649000
2020-02-11,78.99909973144531,79.57591189947118,78.87091653316787,79.05517835266386,689600
2020-02-12,79.03115844726562,79.17536151283954,78.56650344573718,78.76678514169473,649300
2020-02-13,80.28892517089844,80.28892517089844,79.07922204730019,79.1192808302976,685100
2020-02-14,80.45716857910156,80.70551594298783,80.01654637338781,80.4331357519013,715000
2020-02-18,81.5627212524414,81.85112740249474,80.47318826604275,80.6894959346391,1066900
2020-02-19,81.3464126586914,81.69891039206489,81.00994088344154,81.44255007109659,894700
2020-02-20,80.98590850830078,81.50664217149267,80.92982987454859,81.04199325416565,1309400
2020-02-21,82.9967269897461,84.5268819591316,80.41709797278135,80.68147125735243,2333700
2020-02-24,80.86573028564453,82.76439663485557,80.86573028564453,82.76439663485557,1312600
2020-02-25,78.83087158203125,81.17817314921545,78.78279982191735,80.86573421297865,975000
2020-02-26,77.86951446533203,79.55188546110554,77.8374747753031,79.11927630037336,978400
2020-02-27,74.99348449707031,78.20600485895314,74.93740586236919,77.5330551304269,1451900
2020-02-28,71.69283294677734,73.63156437567652,70.97983061033823,73.2069620533379,1847900
2020-03-02,76.03494262695312,76.09902812162208,71.7729424576977,72.10140735836626,1534600
2020-03-03,75.6984634399414,78.13388944654598,75.38602450242057,75.8586924541264,1527000
2020-03-04,80.32096862792969,80.6974991734995,76.65180669346103,76.65180669346103,1217500
2020-03-05,79.84830474853516,80.38505822458343,78.55048327582814,78.82286344739451,989000
2020-03-06,79.55990600585938,79.88035797024845,76.38744439384446,77.61316750392831,1995700
2020-03-09,76.40345001220703,78.47035210239692,74.59290209074172,76.73992173478315,1251000
2020-03-10,77.06039428710938,78.74275946343501,73.9520181719557,77.22061721357358,997200
2020-03-11,71.74089813232422,75.41806673626084,70.61931953455324,75.39403391329837,1454200
2020-03-12,64.17024993896484,66.8460163991486,62.35169494868923,65.29984156363444,2171900
2020-03-13,65.34793090820312,67.59909588304933,61.59064322097801,67.15847968843258,1233400
2020-03-16,54.56474685668945,62.696185102050755,54.164183456544684,60.48507342186015,1342800
2020-03-17,59.94831848144531,60.06848872100235,53.89179586162604,56.054841837315884,1861800
2020-03-18,52.52988815307617,56.74381716309778,48.10766750337646,56.48745681146793,2921200
2020-03-19,54.76503372192383,57.81732516302774,49.45356167935717,52.28154162921828,1860900
2020-03-20,52.51386260986328,57.76925230436906,52.2895419784166,55.47802923611781,1976300
2020-03-23,50.39889144897461,53.23487825627325,49.04498813403245,51.28013284274741,1412400
2020-03-24,56.912044525146484,57.48084377891295,52.13732987292297,52.634024541560514,1116700
2020-03-25,58.20987319946289,60.789496227350234,54.27633788188446,56.727783806725434,1112900
2020-03-26,63.561397552490234,64.33849152855925,57.937490090397276,58.370099297037115,1217500
2020-03-27,62.19145965576172,64.0340533960987,60.18864303022643,61.093920056719604,1084000
2020-03-30,62.776302337646484,64.258385832172,61.39035015625179,62.84039395447569,902600
2020-03-31,60.71739959716797,63.248957052321714,60.49308507593929,61.95914244314452,1029800
2020-04-01,56.75181579589844,59.387523525692266,55.45399437814513,58.12975477800215,896500
2020-04-02,57.49687576293945,59.699974770097604,55.94269371049037,55.94269371049037,993300
2020-04-03,54.628841400146484,57.76925715895493,53.90782601875864,56.823927239382584,1152600
2020-04-06,59.5477409362793,61.28618417068493,56.615614681358814,57.45680004619294,1194600
2020-04-07,58.962928771972656,61.93510834122579,58.30600506815002,61.80693123692761,1010600
2020-04-08,63.18487548828125,64.02605499525374,58.8027107359686,59.02702527116127,1165300
2020-04-09,65.87665557861328,67.84742665724349,63.86582571749428,64.32246772215113,1634600
2020-04-13,63.7777214050293,65.33991662110968,62.5600049337288,64.97139893198595,819500
2020-04-14,65.55621337890625,65.70842332829426,64.03407110023535,64.91530943669335,1198800
2020-04-15,63.81776809692383,64.59485601080598,62.79232059005534,63.29703441961774,902200
2020-04-16,63.29702377319336,64.53876652025096,62.49589705427421,63.99400010690146,971400
2020-04-17,64.01805877685547,65.6283195775416,63.040682900550244,64.56281924602106,1505300
2020-04-20,61.36631774902344,63.97799308765939,60.99780011789651,63.80975717641317,649400
2020-04-21,60.57318878173828,60.96573914366351,59.38751860565748,60.204671242282345,687000
2020-04-22,62.151432037353516,62.65613983002403,60.61326971597444,61.51052801405536,671600
2020-04-23,60.74143981933594,62.63209974579662,60.63729552525853,62.1994904969848,660400
2020-04-24,61.798927307128906,62.00722200824036,60.10854909389531,61.0859248697494,1026800
2020-04-27,63.096763610839844,63.74567451858138,62.127400683827126,62.447846590984405,740800
2020-04-28,64.08211517333984,64.78711049474907,63.39314580675041,64.78711049474907,1197600
2020-04-29,62.928504943847656,65.30784611676536,62.688164488185656,65.29182627204001,1226200
2020-04-30,61.678733825683594,62.46384056523097,60.48505693010953,62.31162455880293,1381400
2020-05-01,59.9896354675293,61.090363177018894,59.07505669682659,61.090363177018894,1479500
2020-05-04,59.60923767089844,60.0786669482997,58.88081399474365,59.89251182970487,834400
2020-05-05,60.410484313964844,61.3007769333334,59.71443589747935,59.92487071930125,1037300
2020-05-06,58.281883239746094,60.68567797980808,58.030978009443956,60.67758266917568,868400
2020-05-07,58.07952880859375,59.78727459436473,57.966219188440235,59.034571446252826,1585500
2020-05-08,59.78728485107422,60.67757752283221,58.78367636481182,60.151493524775866,1268400
2020-05-11,59.60923767089844,59.81967254954617,58.21714046200562,59.08315356173589,1189800
2020-05-12,58.66227722167969,60.41858279923771,58.516592518131745,60.2971778504624,1271500
2020-05-13,58.64608383178711,58.80795914747888,57.39158255346344,58.24140480492556,1373600
2020-05-14,58.28997039794922,58.840334178938214,56.74409956489543,57.94194615151629,1554900
2020-05-15,57.80434799194336,58.07953292820031,56.298941588940416,57.65057416791987,2709400
2020-05-18,60.58855438232422,61.1065431280925,59.38261241248053,59.64160678536467,940600
2020-05-19,58.751304626464844,60.402395978894816,58.727024870164975,60.402395978894816,646100
2020-05-20,58.8969841003418,59.083139173603485,58.08762602947051,59.0183890459549,1446400
2020-05-21,58.50040054321289,59.34213368033469,58.39518621666468,58.76749018934917,941200
2020-05-22,58.807960510253906,58.872704463119035,57.86910218222093,58.43565036299113,825200
2020-05-26,60.16767883300781,61.02560262711612,59.69825582292477,60.20005389834325,1085300
2020-05-27,61.106536865234375,61.38981096671327,59.72253524808411,61.21175119580874,1433500
2020-05-28,62.19916534423828,62.64431474482858,61.219842837851566,62.19916534423828,1264000
2020-05-29,63.048988342285156,63.67219127452341,61.155087444154226,61.85113580608399,4708500
2020-06-01,62.790016174316406,63.24325483030731,62.069687806796466,63.049010574156,1245400
2020-06-02,63.259429931640625,63.745043540320054,62.84665558555268,63.21895955803731,1035700
2020-06-03,63.91501235961914,64.8619598874516,63.842166917140695,64.0283220035523,718900
2020-06-04,62.992332458496094,63.599350937647934,62.15059942641618,63.599350937647934,879500
2020-06-05,64.24684143066406,65.61465854615014,64.11734735030336,64.11734735030336,778400
2020-06-08,66.39974212646484,66.6020816601846,64.22256676766825,64.424906301388,1445700
2020-06-09,64.83767700195312,65.67131484561365,63.154210694901714,65.67131484561365,972200
2020-06-10,63.23514175415039,65.05619735313307,62.98424273648457,64.66770894996739,1321100
2020-06-11,60.459049224853516,62.32057537484637,59.868221253926066,61.89161655830419,1828900
2020-06-12,61.18745803833008,61.948256465583505,60.353820361613295,61.948256465583505,1437600
2020-06-15,62.3934211730957,62.806195587372926,60.248626865870975,61.05798507234463,1112200
2020-06-16,62.5067253112793,64.49774538580226,62.17488554473618,63.971661415013756,1114700
2020-06-17,61.71354675292969,62.887113368758534,61.37361787902344,62.870928925915514,1204800
2020-06-18,62.037288665771484,62.74142613672183,61.52738920069856,61.745919307133,1279800
2020-06-19,59.48782730102539,62.935694938876786,59.43117247440189,62.76573045900627,2749400
2020-06-22,59.30974578857422,60.27288366334623,58.9374418964137,59.560644761029835,1146100
2020-06-23,58.468013763427734,59.95723553066626,58.23329922824136,59.819646167770706,861800
2020-06-24,57.96622085571289,58.54086428156588,57.448232241566224,57.89337542642686,1235300
2020-06-25,57.755794525146484,57.8043540351873,56.93834111495657,57.74769921516893,1313800
2020-06-26,57.50489044189453,58.451837854034764,56.622686979154324,57.62628920633939,1302800
2020-06-29,59.050758361816406,59.050758361816406,57.367292256292764,58.11999543593189,775100
2020-06-30,59.3178596496582,59.55257425452429,58.540876565401135,58.961740087114805,1230000
2020-07-01,61.01749801635742,61.28458763347896,59.43115710619562,59.50399636091346,1026500
2020-07-02,61.53549575805664,62.409603993760776,61.11463226026148,61.42218611730747,1001100
2020-07-06,62.158714294433594,62.7576376533499,61.43838596650248,62.10205946554845,921700
2020-07-07,61.511226654052734,62.06968581938418,61.13082729070601,61.41410144163016,1347900
2020-07-08,62.093955993652344,62.24773601252156,61.26840725277933,61.51121715889785,715300
2020-07-09,61.71354675292969,62.0858506874334,60.79087913809192,61.89970180763726,698000
2020-07-10,63.340370178222656,63.45367982456819,61.57596917452594,61.57596917452594,627700
2020-07-13,63.86643600463867,64.42488876676975,63.24322695245055,63.388911624074055,749500
2020-07-14,64.44108581542969,64.74054432177837,63.79359694915803,63.834067318891805,837700
2020-07-15,64.6515121459961,65.47706072983952,64.26302377999669,65.3394713575027,808100
2020-07-16,65.2018814086914,65.36375672084965,64.61105350032119,64.74864288447188,696700
2020-07-17,66.79631805419922,66.85297287000358,65.63084050061025,65.76034075096983,641200
2020-07-20,65.37995147705078,66.78823295294231,65.242362071198,66.62636379016406,904000
2020-07-21,65.49325561523438,66.09218505192672,65.17760645193728,65.43660079553777,764000
2020-07-22,67.16055297851562,67.24957670864316,64.63535291490984,65.11287133748198,1020500
2020-07-23,66.61825561523438,67.44380424075902,66.3026064863313,67.09578005056953,811400
2020-07-24,65.86555480957031,67.3628721175287,65.58228073168233,66.89344297422187,849000
2020-07-27,64.97527313232422,65.82510168383301,63.99595048410629,65.80082192663211,638700
2020-07-28,65.74415588378906,66.04361440472164,64.7162677216421,64.7162677216421,710300
2020-07-29,66.44020080566406,66.6587309418679,65.33947951464151,65.75224768318297,833900
2020-07-30,66.93390655517578,67.50046088065,65.0966665455702,65.92220901852009,1145300
2020-07-31,67.88418579101562,68.0476021330099,65.84961679976392,66.28268195052307,1549300
2020-08-03,66.99356079101562,67.85151231085305,65.88231202971194,67.81065510174275,817000
2020-08-04,66.66670989990234,66.88732881535545,65.94766927924378,66.62585893203108,1320800
2020-08-05,65.15510559082031,66.86283612533002,64.75473108105768,66.75660986380639,1028700
2020-08-06,66.01304626464844,66.71574782963694,64.45239322982168,65.36754104872018,1113000
2020-08-07,67.13246154785156,67.43478240800675,65.7760822020794,65.7760822020794,968000
2020-08-10,67.47565460205078,67.7616363848964,66.96088115899335,67.5001664357325,787200
2020-08-11,65.99671173095703,68.17018582019475,65.92317622748466,67.7371267870294,1447200
2020-08-12,65.71891021728516,66.52783201857213,65.62085663406337,66.31539193916261,780600
2020-08-13,64.13373565673828,65.43291895278092,63.2512784707883,65.43291895278092,1420000
2020-08-14,63.733360290527344,64.32166922910032,63.52908669985258,64.12556832755442,662100
2020-08-17,62.42600631713867,63.88860587510522,62.295268235697385,63.62713594615747,1436800
2020-08-18,61.89490509033203,62.78553505577823,61.21671519517781,62.52406507901149,1525700
2020-08-19,62.11551284790039,62.34430451383835,61.34744835959712,62.14819737160582,945300
2020-08-20,61.257545471191406,62.001097858079184,61.05327194686914,61.894877869647566,516100
2020-08-21,60.677433013916016,61.40464654467717,60.26071311669182,61.331104805667884,727600
2020-08-24,61.40463638305664,61.600737264736644,60.040090431728295,60.7836429848129,655700
2020-08-25,60.84901428222656,61.55171588776189,60.505836168063226,61.55171588776189,492600
2020-08-26,59.50080871582031,60.603884811837354,59.11677338422931,60.5630338357982,780000
2020-08-27,59.835811614990234,60.08910882469692,59.067741064351786,59.65604989174003,602900
2020-08-28,60.04009246826172,60.39960972454729,59.4272717375323,60.12996710688198,528800
2020-08-31,59.933868408203125,60.44864183054111,59.63154749304977,59.83582107742261,852300
2020-09-01,58.454917907714844,59.69689830823738,58.234298989914265,59.64787465269672,1026200
2020-09-02,60.39961242675781,60.824504976742936,58.42224560995008,58.4549301317901,889600
2020-09-03,59.623374938964844,61.10231369830842,59.06775053885721,60.79182009357639,839000
2020-09-04,59.157623291015625,59.96654483037297,58.36504089326982,59.74593213197887,906700
2020-09-08,59.794979095458984,60.11364546952322,58.38957547961842,59.23935455510194,987100
2020-09-09,59.34555435180664,60.52217209082475,59.24750702951148,59.639708786561165,570500
2020-09-10,58.33236312866211,59.39458824046819,58.1199168595139,59.29653467764557,1005500
2020-09-11,57.93198013305664,58.57748530031284,57.60514120567029,58.57748530031284,514200
2020-09-14,58.90433883666992,59.29654693510056,58.038220671469915,58.09541703645603,807300
2020-09-15,58.84712600708008,59.85215469228443,58.55297780797596,59.11676860968789,773200
2020-09-16,59.075923919677734,59.67239930337744,58.7490849333272,58.830793121431036,805900
2020-09-17,58.961524963378906,59.23116133216379,58.27516254135996,58.87164409580578,901400
2020-09-18,57.547950744628906,59.16580017193667,57.53161160185939,58.58565774369672,1575600
2020-09-21,57.85844421386719,58.4712649264296,56.61646364600527,57.196599839158864,943700
2020-09-22,58.69187927246094,59.1821345572875,57.62148160602979,57.695023327417566,767700
2020-09-23,57.956512451171875,59.23935055169246,57.94017330429646,58.716410576571725,675200
2020-09-24,59.4517822265625,59.6805676301046,57.52343920537242,58.01369453209615,978600
2020-09-25,60.27705001831055,60.38327627804361,58.830795700276994,59.0677538199198,747100
2020-09-28,60.37508773803711,61.159497393365804,60.162641508281276,60.60387310826626,781300
2020-09-29,60.01556396484375,60.9960807038439,59.95836762261377,60.3178910503072,659000
2020-09-30,60.91437911987305,61.44548539774354,60.26887391124054,60.595712859576984,1266000
2020-10-01,61.54353713989258,61.984768772061805,60.75095473954791,61.25755540624611,843700
2020-10-02,63.61897659301758,63.815077522350194,60.61206866286083,60.76731860863123,1039500
2020-10-05,65.07337951660156,65.64534294481007,63.34931031080101,63.66797653993629,1166300
2020-10-06,66.2826919555664,67.44296436709115,64.86911607160162,65.37571678254692,1251300
2020-10-07,67.77796936035156,68.14566553391636,66.33171519934737,66.73208965888993,1056500
2020-10-08,68.26006317138672,68.72580670442444,67.69626607152283,67.72077790474556,762000
2020-10-09,67.45931243896484,68.8320312959873,67.09979513793832,68.6931267425467,670800
2020-10-12,66.64220428466797,67.10794775256575,66.24182985217831,66.71574600798569,732000
2020-10-13,65.96401977539062,66.44610237766618,64.90996747310233,66.44610237766618,1060800
2020-10-14,65.5799789428711,66.44609675649987,65.46558625933272,66.15194236056298,783200
2020-10-15,66.08658599853516,66.576847575021,64.90997442319988,64.99985529662662,686000
2020-10-16,66.24182891845703,66.89550679545556,65.69437728098295,66.12743622507243,600600
2020-10-19,66.84648132324219,67.21417749109528,66.49513053205882,66.51964859706342,762600
2020-10-20,67.2713851928711,67.53285515829506,66.6585643769772,67.2223552885233,445000
2020-10-21,68.38262176513672,68.79933535631717,66.95270678607129,67.23868853509745,1025500
2020-10-22,70.04949951171875,70.19657674017776,67.63906750274789,68.35811450140754,1137500
2020-10-23,70.86659240722656,71.12806233765211,70.04949809540487,70.81756250944154,1161100
2020-10-26,70.68681335449219,70.9809677334431,69.68995754070671,70.48253982655035,963900
2020-10-27,70.15570831298828,71.19341520113264,70.1393629380313,70.53157089585687,921000
2020-10-28,67.6308822631836,70.05765296543554,67.3612459226597,69.29775513173982,1441100
2020-10-29,68.03128051757812,68.62775593005271,66.16013362023786,67.17332891626097,1147300
2020-10-30,67.32148742675781,68.77405530868248,66.02573267488145,67.96523731286518,1420700
2020-11-02,66.90882110595703,68.38614750890957,66.18254037295691,67.74239767563837,982200
2020-11-03,67.47831726074219,68.35315642030118,66.80980227016222,67.77543363506527,867400
2020-11-04,67.84144592285156,70.16885302627685,66.9996205010617,66.9996205010617,1135900
2020-11-05,69.72318267822266,70.77959348753275,68.22934606179359,68.46043513924204,985000
2020-11-06,69.15371704101562,70.64754754160374,68.98864889663476,69.53336432803282,926100
2020-11-09,72.57878112792969,74.15514205771235,71.53061920430575,71.53061920430575,1408600
2020-11-10,75.02173614501953,75.15378432927798,72.66957079903382,72.84288758276917,1191600
2020-11-11,73.94058227539062,75.8305700868273,73.86630633054978,74.89795865360215,818000
2020-11-12,72.49625396728516,74.03135280891827,71.57189770769001,73.76725012093326,889600
2020-11-13,73.83329772949219,74.26246865126878,72.84291395058797,72.90068623274561,682200
2020-11-16,74.64210510253906,75.43441326958023,74.0478724030818,75.11253827349181,704400
2020-11-17,71.62141418457031,74.39449552542658,71.57189689885296,73.94882106385631,1154000
2020-11-18,69.92125701904297,72.74385578592123,69.75618889727215,72.15787812122112,1033600
2020-11-19,68.95562744140625,70.16059631341604,68.70802842389955,70.11107273189195,773600
2020-11-20,68.70802307128906,69.77268868889912,68.6254921707845,68.78229899273195,744700
2020-11-23,69.72318267822266,69.92951311118807,68.77406142724074,68.8235787162068,661600
2020-11-24,70.79609680175781,71.15098539657272,69.95427140996932,70.1606018419151,779600
2020-11-25,71.40684509277344,71.56365826229674,70.05331773594762,70.60628817179595,986600
2020-11-27,69.27749633789062,71.2582631181956,69.00513870175229,71.2582631181956,289200
2020-11-30,67.55258178710938,69.5416101625143,67.14817590580364,69.32702475139685,1460400
2020-12-01,67.96524047851562,68.64200401808692,67.84969594468917,68.25410181308176,610300
2020-12-02,68.41090393066406,68.60073066091832,66.91707391489068,67.63509964562188,657900
2020-12-03,67.18118286132812,68.46042762732365,67.05738335579193,68.41091034379095,818300
2020-12-04,68.0147705078125,68.26236326231707,67.09866283372311,67.26372467005949,1231300
2020-12-07,68.15507507324219,68.81532872861224,67.34625694678483,67.50307010216154,576900
2020-12-08,67.52782440185547,68.35314614047346,67.3297489476646,67.70114121136062,690300
2020-12-09,67.12342834472656,67.94049522255851,66.49618196842529,67.53608927447891,1133700
2020-12-10,66.636474609375,67.53607856790704,66.47966776268801,67.25546590587413,895800
2020-12-11,65.7946548461914,66.95835530889134,65.76989619968586,66.50443209730992,879800
2020-12-14,65.31595611572266,66.9996130692511,65.11788067904419,66.53743495143314,1505800
2020-12-15,66.05049896240234,66.42189752971008,64.99408812479909,65.57181083389297,1215500
2020-12-16,64.91155242919922,66.68599532891139,64.87853880586681,66.33935543227345,766000
2020-12-17,65.46450805664062,66.19904376564476,64.96931636357213,65.035343601769,870800
2020-12-18,64.91155242919922,65.81940503237377,64.54840886924748,65.3984892057665,1319300
2020-12-21,63.78910446166992,64.75472918071196,63.05456877316404,64.37508201673057,823300
2020-12-22,64.19351959228516,64.51539454540023,62.848247513796665,63.66531421811147,894000
2020-12-23,63.879886627197266,65.50577102193955,63.83861803269685,64.69695316533706,635300
2020-12-24,64.26780700683594,64.42461385774112,63.31868573399771,63.896408440922585,239300
2020-12-28,64.72998809814453,65.37373808544527,64.24304496883657,64.5236576511017,386700
2020-12-29,65.25818634033203,65.48927540805613,64.72998095790416,64.72998095790416,641300
2020-12-30,65.29119873046875,65.70385957123939,64.79600698088491,65.07661333019068,561900
2020-12-31,65.98445892333984,66.05048616207054,65.06835145023962,65.24167452608371,539300
2021-01-04,65.27470397949219,66.64474131248357,64.95282895243155,66.02574990710448,963500
2021-01-05,64.15226745605469,65.46452611959954,63.82213747068496,65.27469933158258,1020300
2021-01-06,66.4218978881836,66.55394609524402,64.3750971567519,64.44112440863478,852700
2021-01-07,64.3255844116211,66.45490991331259,64.02021307261342,66.42190258174408,816400
2021-01-08,64.1852798461914,64.44938259596077,63.516771138242184,64.35034800023865,513200
2021-01-11,63.293914794921875,64.46586994230681,62.872999020659606,63.88814734759706,637100
2021-01-12,63.07107925415039,63.73133909568338,62.6006461634871,63.34343691103559,1083500
2021-01-13,64.31732940673828,64.48239125134322,62.88127120921697,63.1041053291042,847900
2021-01-14,63.59103012084961,64.54839987730354,63.475485603634546,64.45761399996258,584600
2021-01-15,64.82902526855469,64.99408709805816,62.84825183098712,63.50025676192464,789700
2021-01-19,64.37508392333984,65.03534371303006,64.08622262661437,64.9610614957555,1131200
2021-01-20,64.3255844116211,64.4989012375317,63.35995310053953,64.03671673839767,1188900
2021-01-21,63.9871940612793,64.29256537459696,63.02982410868929,64.15226218876394,956300
2021-01-22,63.624053955078125,63.97069389338988,63.10410349266884,63.74785348328192,504700
2021-01-25,64.67221069335938,64.7547416062869,63.2361526589643,63.293924927684074,855600
2021-01-26,63.962440490722656,64.94457546288088,63.566283250036044,64.77125863780103,770500
2021-01-27,62.98029708862305,63.863391058230654,61.94039627733513,63.45073020707374,1166900
2021-01-28,63.28567123413086,64.28430978328025,62.86475538392568,63.252657608947594,1062900
2021-01-29,62.78505325317383,63.46087703857249,62.351192563122055,62.77670794213229,1756900
2021-02-01,63.57769012451172,64.02824146636635,62.618189356481174,63.0603953867438,782200
2021-02-02,63.9948616027832,65.28811107772215,63.56934622883646,63.811309321304066,920100
2021-02-03,64.0198974609375,64.40369901093969,63.3357283734367,63.744559490629264,614600
2021-02-04,64.29522705078125,64.47044038123015,63.619403295391635,63.92811613414842,773200
2021-02-05,64.89596557617188,65.1128991059656,64.12836245918767,64.75412711521751,728600
2021-02-08,64.19511413574219,65.029467035388,63.66112878921747,64.92099708444526,806600
2021-02-09,63.96149826049805,65.01277836234152,63.43585184396866,64.29523433787891,516500
2021-02-10,64.34529876708984,64.6623505815484,63.75290896434469,64.24517412618357,644500
2021-02-11,63.96149826049805,64.60394721162461,63.67781495599514,64.43707917293419,522300
2021-02-12,63.56935119628906,64.2952341648069,63.30235851573848,63.77793942689444,610900
2021-02-16,63.42750930786133,63.72787688313393,62.885184975582156,63.519288642839506,663100
2021-02-17,64.37033081054688,64.4203899501207,63.31069900844385,63.52763255594339,580400
2021-02-18,64.38700103759766,65.01276560833767,64.2535079059551,64.32025128897318,741800
2021-02-19,63.627750396728516,64.45375793940724,63.53597107358565,64.3703239271702,508100
2021-02-22,62.234378814697266,63.56100321575826,60.99954010610478,63.44419432077269,1207900
2021-02-23,62.99363327026367,63.47755939796619,61.9506923220805,62.82676526479691,998700
2021-02-24,60.957828521728516,62.92690212321078,60.515622447478464,62.78506364007553,1779500
2021-02-25,60.941139221191406,61.54187435372573,60.15684542420406,60.49058787179066,1290200
2021-02-26,58.34628677368164,61.49179377085363,58.31291190054589,60.89106515122863,1309300
2021-03-01,60.32371139526367,61.32493223240718,59.122241298206,59.63954233790735,1436200
2021-03-02,61.50849914550781,62.05082982425275,60.115131277267395,60.33205845627921,954500
2021-03-03,60.89942169189453,61.42506813865783,60.13181848479563,61.40003220236738,770800
2021-03-04,62.284454345703125,63.01868271321166,60.86605038938715,61.20813818379087,1106500
2021-03-05,63.6611442565918,63.98654145726491,62.44298312540492,62.47635801337255,1022300
2021-03-08,65.28812408447266,65.8054252506268,63.66113823500071,64.24518280516797,1293100
2021-03-09,64.7291030883789,65.78038321726294,64.34530149703282,65.41327224957979,873500
2021-03-10,65.46332550048828,65.6218545829864,64.16173705860923,64.55388392651055,855000
2021-03-11,64.06161499023438,65.58013702182903,64.05326967881912,65.12958568951754,732800
2021-03-12,65.3548583984375,65.53007172805178,64.0449247160391,64.49547600602163,721800
2021-03-15,67.0903091430664,67.09864808751135,65.37153811204878,65.52172186494147,851800
2021-03-16,66.39781188964844,66.4895912269922,65.62186336112904,65.62186336112904,712400
2021-03-17,66.08074188232422,67.19043267888294,65.98062361626938,66.66479268527421,681800
2021-03-18,66.39781188964844,66.4895912269922,65.2797755827372,66.03903985247048,1278400
2021-03-19,67.40736389160156,67.8662541150677,65.63853365307405,66.58135639687711,1771700
2021-03-22,66.52295684814453,67.29055995759302,66.06406022531814,66.88172883537047,764600
2021-03-23,66.6648178100586,67.44076649245957,66.15586188044024,66.69819269985759,634900
2021-03-24,66.41448974609375,67.06528399135269,66.25596702327906,66.58970309169365,799600
2021-03-25,66.97350311279297,67.2488410919092,65.79706885796222,66.78995082565613,954200
2021-03-26,66.93179321289062,67.27387460484022,66.33940339513778,66.96516809403825,490500
2021-03-29,67.94136810302734,68.33351504917728,66.78161789006946,66.8483676608202,676200
2021-03-30,67.34896850585938,67.68271094591529,66.39780668934495,67.61596118478259,657900
2021-03-31,67.87461853027344,67.99977275939402,67.0819856885239,67.34063309392688,716400
2021-04-01,68.25839233398438,68.27508295271977,67.25717164046175,67.78281154972024,697100
2021-04-05,69.29301452636719,69.29301452636719,68.2500733466543,68.29178717447815,533000
2021-04-06,69.5266342163086,69.58503866933097,68.54209746135422,69.04270796806146,508200
2021-04-07,68.63387298583984,69.91043193502205,68.45031432493121,69.66846882433407,735600
2021-04-08,68.26676177978516,68.86749695453734,68.19167306574522,68.47535002848477,905300
2021-04-09,68.22502136230469,68.90085141639292,68.0164331754294,68.60882922788876,562000
2021-04-12,68.87584686279297,69.06774449966096,68.166641677404,68.37522994002227,556200
2021-04-13,69.29301452636719,69.53497127832573,68.40859607735736,68.41694138916525,580700
2021-04-14,69.6851577758789,69.71019371227727,68.9342451897366,68.95927476052694,426800
2021-04-15,70.47779083251953,70.54454059259777,69.5766881682857,69.68515175420724,458600
2021-04-16,70.83657836914062,71.28712980005551,70.49449054793143,70.68639455883567,600900
2021-04-19,70.285888671875,71.36220470979798,70.00221173265581,71.2537411210861,864000
2021-04-20,71.72933197021484,71.9212296049494,70.26921414811986,70.29424372085842,626400
2021-04-21,71.0534896850586,72.42182780982237,70.61127734037166,71.97961546513544,686300
2021-04-22,70.46945190429688,71.08687132692835,70.37767256727771,71.06184175603367,444300
2021-04-23,69.9271240234375,70.89497657457561,69.83534468270516,70.79485192133805,505500
2021-04-26,69.5266342163086,70.13570831702656,69.33473023317336,70.07730386400418,610100
2021-04-27,68.50872039794922,69.66847047505176,68.30013216299398,69.25963931690966,625300
2021-04-28,68.10823059082031,68.85914953629515,67.66602453559845,68.65890660603786,649700
2021-04-29,69.72687530517578,69.90208865961753,68.19166894305316,68.20835320107284,991300
2021-04-30,71.33648681640625,71.39547715564981,69.76902188283165,69.9207122450958,1348600
2021-05-03,71.23535919189453,71.66514963182897,70.35892668453202,71.31963018829258,1126100
2021-05-04,71.31961822509766,71.74097956587342,70.6538665351363,71.24377626990065,992700
2021-05-05,71.21006774902344,71.40389679789615,69.52462235851401,71.40389679789615,1565900
2021-05-06,72.1454849243164,72.77752689730401,70.80555259826168,71.47973327456717,759100
2021-05-07,72.57526397705078,73.20730585172372,71.79995439106054,71.79995439106054,1042400
2021-05-10,73.95734405517578,74.6146667156006,72.6679793859634,73.11462137679239,1429200
2021-05-11,73.17361450195312,74.16802755760548,72.17920144630075,74.0921791703328,3349600
2021-05-12,70.49376678466797,73.31688701008274,70.40106675799916,73.20733535559462,1275700
2021-05-13,72.01066589355469,72.65956609696113,70.30836854346742,70.30836854346742,929500
2021-05-14,72.52471160888672,72.92922132327759,72.05278896665051,72.05278896665051,456200
2021-05-17,72.00222778320312,73.15675373908964,71.87581809540416,72.52471172955862,713600
2021-05-18,72.08650207519531,72.40673439345463,71.47974068947106,71.63143103590212,1441100
2021-05-19,71.9937973022461,72.01064892652919,71.03309398151741,71.81682631468698,620900
2021-05-20,71.94322967529297,73.0977555063677,71.88423935129252,72.09491999836025,777800
2021-05-21,72.4572982788086,72.60055959019732,71.76626594388581,72.06121759364606,1925700
2021-05-24,72.88707733154297,72.9713483073358,72.14548374331733,72.72696440637557,577500
2021-05-25,72.54158020019531,73.28317394992663,72.16235108234332,73.04721259453325,1004400
2021-05-26,72.81965637207031,72.86178864058527,72.05277578922423,72.48256607663755,697600
2021-05-27,70.97410583496094,73.11462223470684,70.73814451095907,73.11462223470684,1725000
2021-05-28,71.27748107910156,71.82525207057971,71.02466172012291,71.2859036761277,755600
2021-06-01,71.16792297363281,71.61457136477958,70.9066810178097,71.37018103246042,634700
2021-06-02,72.17076110839844,72.23818045774958,70.8898256180419,71.38702885321474,657700
2021-06-03,73.29158020019531,73.40113181559094,71.68197706555914,71.80838673222347,618500
2021-06-04,73.34217071533203,73.54442240489642,73.10620933926269,73.42644171686176,526100
2021-06-07,73.3084487915039,73.73823918586578,73.10619713570122,73.48541979401428,374100
2021-06-08,73.1988754272461,73.4179850731938,72.74380451464499,73.39269799794182,543300
2021-06-09,73.45172119140625,73.77195353581689,73.12305338941201,73.51913412796428,701900
2021-06-10,74.26072692871094,74.44612052268546,73.49384618257237,73.8225075224992,417300
2021-06-11,73.88992309570312,74.42926508381701,73.6792424306754,74.06689408279078,624400
2021-06-14,74.22701263427734,74.37870296861774,73.5612609685313,73.93206099235532,556200
2021-06-15,74.05846405029297,74.44611569714439,73.50227044549348,74.44611569714439,837100
2021-06-16,72.46572875976562,74.25230333611528,72.39831582496078,74.20174202764554,1058500
2021-06-17,71.28589630126953,72.60897685632045,71.17634468609288,72.16232851107091,1958600
2021-06-18,68.30267333984375,70.8308412893092,67.99086364480279,70.70443160594321,2583700
2021-06-21,69.6341781616211,70.1735202045045,68.67347474589351,68.67347474589351,1293600
2021-06-22,69.32237243652344,70.37577583179869,69.32237243652344,69.65103378149219,1436300
2021-06-23,68.37853240966797,69.34766498546277,68.36168078141696,69.2802456135284,1076100
2021-06-24,68.6903305053711,68.85044344966447,67.94030780113471,68.43751111832921,575300
2021-06-25,69.6341781616211,69.71845557976137,68.61448441087391,68.61448441087391,642400
2021-06-28,69.71845245361328,70.2577944723128,69.47406209678631,69.77744278598779,478700
2021-06-29,68.6060562133789,70.11452414711952,68.42065619574451,69.65103053249734,637900
2021-06-30,69.07797241210938,69.24651435998591,68.47121111261272,68.6060498144845,568300
2021-07-01,70.01342010498047,70.37579120931389,68.93473582123414,69.14541654632414,750500
2021-07-02,69.86170959472656,70.08081928593292,69.48248054116208,70.08081928593292,442600
2021-07-06,70.34207153320312,70.40106187067309,68.73246793593549,69.60890039939251,498600
2021-07-07,70.41790008544922,70.64543879339935,69.92912585213254,70.39261943555772,441900
2021-07-08,69.99654388427734,70.74656655663006,69.79429224092007,70.1313825994914,585700
2021-07-09,70.49376678466797,70.7634378360322,69.88700531173218,70.26622801758454,560700
2021-07-12,70.60330963134766,70.78870966155648,69.81957723148757,70.10610630439146,390700
2021-07-13,70.03026580810547,70.78871764014285,69.76059475998828,70.6285982451947,348500
2021-07-14,70.90667724609375,71.1679191880207,69.82799337424477,69.89541272360108,662600
2021-07-15,71.21006774902344,71.31961938479954,70.52746442329557,70.52746442329557,656800
2021-07-16,72.80281066894531,73.20732037796473,71.2522040482089,71.43759763415144,799500
2021-07-19,71.0499496459961,72.94607574411856,70.29150435031833,72.49100470903349,704600
2021-07-20,71.52188110351562,72.49943613647717,71.10051973442815,71.30277139134014,718400
2021-07-21,70.4853286743164,72.02751281441402,70.40948671470383,71.909532146485,489000
2021-07-22,70.0976791381836,70.58645987999252,69.75215972189868,70.29993079948011,804100
2021-07-23,71.25221252441406,71.38704482381779,70.38420267362007,70.68758338410905,384600
2021-07-26,71.53872680664062,71.6398558414563,71.04994611589376,71.24377515859122,410900
2021-07-27,72.77751922607422,73.08932888115483,71.18477413638833,71.53871606088236,433500
2021-07-28,71.9011001586914,72.82809383831031,71.2100678052158,72.66798089812103,533600
2021-07-29,71.968505859375,72.36458648000398,71.66512523206185,72.03592520532519,418700
2021-07-30,71.10051727294922,72.62379009054933,70.89627413603704,71.90895858905425,757800
2021-08-02,70.76861572265625,72.25785420342699,70.53884386407263,71.22814645469444,1192200
2021-08-03,68.91346740722656,70.32611346495021,68.17310060757953,70.28356118618102,1948000
2021-08-04,66.53919219970703,67.82418787145102,65.5860770226757,67.06680408073152,1820200
2021-08-05,67.61994934082031,68.41137363288556,65.29674049456045,68.41137363288556,918400
2021-08-06,68.36881256103516,68.94748838285722,67.43272103847256,67.5433543452958,749200
2021-08-09,68.35179138183594,68.43688942550621,67.75609858357943,68.3347743701277,928100
2021-08-10,68.36030578613281,69.1176894415421,67.80715874196883,68.41136331580294,550400
2021-08-11,68.41988372802734,68.92196681350397,68.22415235191055,68.6666726402765,737600
2021-08-12,67.79866027832031,68.5985963602887,67.7476027386427,68.42840023298592,950500
2021-08-13,67.89225769042969,68.22414462282198,67.66249231129844,68.07096553921285,530000
2021-08-16,68.1986083984375,68.8879109530038,67.80715222593294,67.87523325399395,930700
2021-08-17,68.2071304321289,68.44540757369792,67.51782128108691,68.10500887464283,1019600
2021-08-18,68.24117279052734,68.3007420775251,67.3391152398343,68.20713227044786,646200
2021-08-19,68.1475601196289,69.14322094299239,68.03692681087848,68.24967518301077,858500
2021-08-20,68.21563720703125,68.4964601076359,66.87106601479441,67.3561320154666,2482600
2021-08-23,67.15188598632812,68.47092173656785,67.05827620173878,68.47092173656785,829700
2021-08-24,66.17326354980469,67.06680292610777,66.1477347808483,67.06680292610777,828100
2021-08-25,66.19877624511719,66.5732154124028,65.51797893960956,66.07112593876397,592700
2021-08-26,65.27970123291016,66.30089718182401,65.10099340267718,66.13920636241905,574400
2021-08-27,65.79029846191406,66.35195722905117,65.56904484991865,65.79881021393372,714800
2021-08-30,65.09249114990234,65.76477679558852,65.04143361740331,65.67967874390176,488800
2021-08-31,65.44139862060547,65.8498718471177,64.45424308683198,65.02441364154281,710100
2021-09-01,66.19027709960938,66.55620458481367,65.58607245986563,65.78180383256047,622700
2021-09-02,66.5987548828125,66.68385293654183,66.0456077947239,66.28388494219215,452500
2021-09-03,65.6796875,66.48812883764944,65.62011820662126,66.41154252869079,525700
2021-09-07,64.48828887939453,65.65415235670146,64.43723134504539,65.6456406034548,502700
2021-09-08,64.96483612060547,65.20311973766044,64.07980865608863,64.3095740282572,1043800
2021-09-09,64.2840576171875,64.90527931219249,64.24150533996647,64.72657143448286,703600
2021-09-10,63.44157028198242,64.3265978400521,63.399018008440535,64.25001153875517,783300
2021-09-13,63.909603118896484,64.32658806748351,63.55218744867902,63.86705734438358,999700
2021-09-14,62.973506927490234,64.40317599311419,62.12251359063226,63.90959829952123,2130900
2021-09-15,62.9139518737793,63.364977405447135,62.29272374073137,62.82885381937194,1488800
2021-09-16,62.42036437988281,63.016063653402036,62.22463953438238,62.81182056344806,1046900
2021-09-17,62.82033920288086,63.53517711096499,62.27570388841919,62.27570388841919,2268100
2021-09-20,62.667144775390625,63.14369893575354,62.07145207493697,62.60757550534525,1056800
2021-09-21,62.48844528198242,63.32242166617682,62.45440476705976,62.68417661964666,1369600
2021-09-22,62.079959869384766,62.777774129523976,61.935292563730435,62.777774129523976,569700
2021-09-23,61.77361297607422,62.590572422122705,61.73957895067339,61.90977504793728,543500
2021-09-24,61.73958969116211,62.471444723330414,61.71405442882186,61.81617600048467,750600
2021-09-27,61.51832580566406,62.837361940435386,61.40769897915519,61.94382258963527,686900
2021-09-28,60.99921417236328,62.054444291550226,60.84603508308089,61.509808972449534,1159700
2021-09-29,61.611934661865234,62.14805826402936,60.7609411071228,61.00773001710597,1078800
2021-09-30,61.57789993286133,62.01190850452312,61.44173783486305,61.68852676806029,1559300
2021-10-01,61.3736457824707,61.986355571097505,61.254507226968464,61.867217015595266,1066500
2021-10-04,62.9479866027832,63.31391404637803,61.46725981611418,61.46725981611418,733600
2021-10-05,61.89274978637695,62.990525504781516,61.73957072222868,62.973508494349076,830400
2021-10-06,63.126705169677734,63.18627446165612,61.33110816388736,61.66299514670492,686400
2021-10-07,58.02924728393555,60.66732576456283,57.935637482044726,59.63762443632878,4158000
2021-10-08,56.65915298461914,58.301570820965786,56.11451762368648,57.75693546003312,2618800
2021-10-11,57.450565338134766,57.450565338134766,56.59106019988764,56.914435349421005,2122300
2021-10-12,56.81233596801758,57.68034660489397,56.57405879289723,57.442069429773625,2191200
2021-10-13,56.582557678222656,56.76126553942448,55.484775251498306,56.50597137737845,1562500
2021-10-14,57.467586517333984,57.73139240865158,56.378315942463544,56.72722637265176,1578400
2021-10-15,57.88456726074219,58.21646065445137,57.561192111375554,57.850533238757734,2987100
2021-10-18,57.02507781982422,57.6207706891663,56.16557254328893,57.586730169123136,1607700
2021-10-19,57.21229553222656,57.663321045818556,56.73573476002691,57.314410596396755,1253300
2021-10-20,58.173912048339844,58.412189172608805,57.33143036108468,57.33143036108468,1026100
2021-10-21,57.30589294433594,58.45473923850682,57.27185892149282,57.9696732559368,987400
2021-10-22,57.016563415527344,57.339938602053195,56.6761647234888,57.339938602053195,867300
2021-10-25,57.07612609863281,57.50162279132951,56.599571880433075,57.033573832337424,1597500
2021-10-26,57.5441780090332,58.42070020213445,56.75275386032307,57.084640778243646,2722900
2021-10-27,57.26334762573242,58.11434104000831,57.12718556301732,57.86755217076057,1071000
2021-10-28,56.48894119262695,57.24632482118286,55.765598080165816,56.914437904964636,1221400
2021-10-29,54.88056564331055,56.778283889068966,54.83801986644963,56.37831592970073,2195400
2021-11-01,55.314571380615234,55.90175890827623,54.684838078200116,54.92311519302938,1232500
2021-11-02,55.135868072509766,55.66348636479394,54.67633081650064,55.55285305770574,783900
2021-11-03,55.314571380615234,55.493279216737186,54.489106738124974,54.786953131661555,1237600
2021-11-04,54.1231803894043,55.70602867515421,53.42536604243877,55.314572479789604,1427100
2021-11-05,54.94013595581055,56.0634470685387,53.52749018176621,53.58705946454101,1137400
2021-11-08,54.1572265625,55.30606650472504,53.536001688543685,54.9741795545837,1511300
2021-11-09,53.9189567565918,54.982698790942855,53.81683843025335,54.293392784021464,1266600
2021-11-10,54.914608001708984,55.008217803532546,53.6551380459976,54.04659426609388,2021900
2021-11-11,55.53584289550781,55.55285991039321,54.60825651639211,54.80398789668595,1528000
2021-11-12,56.25067138671875,56.28471190723975,55.093319659266385,55.30606804309858,2070300
2021-11-15,56.82825469970703,57.086881069694,56.44032172186837,56.871361287085456,1342800
2021-11-16,57.00067138671875,57.48343356894533,56.87998084116211,56.8972195288953,1897000
2021-11-17,57.129981994628906,57.354124413730204,56.70756505555262,56.89722351962742,990600
2021-11-18,56.77653884887695,57.19895583172473,56.13860205763749,57.13861054846076,1513600
2021-11-19,57.72481918334961,57.91447764898344,56.68170419950548,56.948946631730266,1668900
2021-11-22,58.526554107666016,58.69035125404288,57.27654194666743,57.57826833961791,1415000
2021-11-23,57.8541374206543,59.250708135453806,57.69034026292217,58.95759777830908,1410700
2021-11-24,57.56102752685547,58.24207091057762,57.440336960336865,57.95758976215097,953000
2021-11-26,56.25929260253906,57.138610526496386,56.04377279423023,56.86274543494678,875800
2021-11-29,57.1472282409668,57.31964144191482,56.12997457023264,56.60412073855272,1286000
2021-11-30,56.078250885009766,56.93170739501052,55.49203680466315,56.638597066266264,7919700
2021-12-01,55.22479248046875,56.66446977003064,55.19893115632771,56.66446977003064,1491300
2021-12-02,56.509300231933594,56.983439896335675,55.41445584769052,55.59549170978691,1204200
2021-12-03,57.04378128051758,57.15585579020127,55.81100771399504,56.87136806474009,864400
2021-12-06,57.267913818359375,58.25930608047688,57.10411668769937,57.64723072003878,886200
2021-12-07,57.37999725341797,57.67310764140738,56.63860851438639,57.01792551867508,843100
2021-12-08,57.46621322631836,58.000698219511136,57.259309444620946,57.311038678617074,628700
2021-12-09,57.51792907714844,57.80241681046165,56.79377908118233,57.3368932224426,1049900
2021-12-10,57.13861083984375,57.95759006219416,56.99205894790427,57.77654763433642,897200
2021-12-13,57.75069046020508,58.173114052710105,57.00930173610032,57.10413098526324,823800
2021-12-14,57.992061614990234,58.90586998784024,57.75930313807776,57.966200292793516,1711000
2021-12-15,58.276554107666016,58.50069654704705,57.94896637098797,58.173108810369,977800
2021-12-16,58.88002014160156,59.19036922273448,58.24207670974875,58.276560671779436,935500
2021-12-17,58.448970794677734,59.052423587341146,58.13862176498165,58.854142482813366,2835500
2021-12-20,58.35414505004883,58.48345167253932,57.23343942275257,57.89724411153564,638900
2021-12-21,58.34551239013672,59.17310751757551,57.56963990280616,58.61275480021781,911000
2021-12-22,59.09553527832031,59.224841904237344,58.34552396228791,58.34552396228791,824500
2021-12-23,59.40587615966797,59.78518650539702,59.10414320167061,59.155872422061435,1058800
2021-12-27,59.388641357421875,59.6300225046349,59.02656963660233,59.388641357421875,861400
2021-12-28,60.10416793823242,60.20761324157335,59.26794999146453,59.43174715794485,551400
2021-12-29,60.23347473144531,60.41451057015979,59.98347097975136,60.13864549538408,569700
2021-12-30,60.77657699584961,60.96623545158357,60.224846893973506,60.25070821482057,596800
2021-12-31,60.85417175292969,61.466253814877824,60.62141324687693,60.966246266002656,600500
2022-01-03,60.16449737548828,61.190373544331855,59.56966072940033,60.9145085128539,615300
2022-01-04,60.04380798339844,60.776573870666155,60.01794666388118,60.164498525906474,820700
2022-01-05,60.21623992919922,60.69038619190402,58.19035481764327,58.84553695052353,960500
2022-01-06,60.44899368286133,60.9489946021277,60.13864465592795,60.5955455630404,668700
2022-01-07,61.03520965576172,61.61280113807647,60.13002386987443,60.45761159630467,749700
2022-01-10,60.9058952331543,61.5179706601971,60.509339600583274,61.32831218871919,1061600
2022-01-11,60.59554672241211,61.405903261258466,60.05243920345848,61.08693159493459,920200
2022-01-12,60.474853515625,60.9576157335641,60.37140165014865,60.474853515625,826600
2022-01-13,61.60418701171875,61.612809646462004,60.37141332916205,60.47486521465145,1113300
2022-01-14,62.30245590209961,62.535220950664055,61.29382489736514,61.569689956193585,998800
2022-01-18,60.190372467041016,62.37143189890359,60.061059265197144,62.15591208821135,1467700
2022-01-19,61.17313766479492,61.50072538457363,60.13864528233636,60.13864528233636,896800
2022-01-20,61.19900131225586,62.026596565085,61.052449424983934,61.45762770626477,875600
2022-01-21,60.94038772583008,61.828328351090505,60.664522613349725,61.483495316204284,927600
2022-01-24,60.9058952331543,61.20762162998636,59.6127764663236,60.948995245763356,1303900
2022-01-25,61.19900131225586,61.61280222724164,60.32830604518684,60.41451265080901,876100
2022-01-26,60.16449737548828,62.1472752338795,59.90587103097844,61.19898959924534,828400
2022-01-27,60.26795196533203,61.07830183245253,59.84552847830872,60.37139724612023,861000
2022-01-28,61.06968688964844,61.199000084057715,59.914503927781375,59.983471841751964,998000
2022-01-31,60.73811340332031,61.03477675551749,60.13605269124975,60.7555614476186,2052900
2022-02-01,60.41527557373047,60.62469207367382,59.79576673969053,60.38037282373991,768900
2022-02-02,61.488525390625,61.56705160052416,60.24950748295703,60.24950748295703,844200
2022-02-03,61.61940002441406,61.80263447765128,61.05224196038311,61.436165571176836,844400
2022-02-04,61.36635971069336,61.75027666223292,60.54616169496126,61.183125258522836,823800
2022-02-07,61.6543083190918,61.950971748999194,60.921363783227996,61.409989035790666,776900
2022-02-08,61.558326721191406,62.42214825648598,61.27911134326691,62.177835632929515,772600
2022-02-09,61.87244415283203,62.09930206812566,61.497247868899166,61.63685222777065,483500
2022-02-10,59.93537521362305,61.610667200449925,59.856842365199405,61.52341365766034,606400
2022-02-11,60.16224670410156,60.956269434262914,60.013914982100026,60.2495069236508,588300
2022-02-14,59.682334899902344,60.48507813968892,58.94066980538173,60.38036989479646,487700
2022-02-15,59.20243453979492,60.432731538824925,58.94067389492955,60.01390518721371,574800
2022-02-16,59.629981994628906,60.05753570110229,59.17625954621072,59.219889649163214,775500
2022-02-17,59.9964599609375,60.03136271329754,59.01047551356935,59.542730837276224,506900
2022-02-18,60.13605499267578,60.607232090978144,59.59507905749101,59.760858784232326,1026300
2022-02-22,60.11861801147461,60.38037867624724,59.33332270311768,60.17096881302523,655900
2022-02-23,59.29841613769531,60.50253109508871,59.23733798747288,59.97028244716124,787000
2022-02-24,58.79233932495117,59.246068456490974,57.719107963576356,58.83596943041365,1111700
2022-02-25,62.81480026245117,63.08529497757336,59.85685970307569,60.81666226581048,1981700
2022-02-28,61.80263137817383,62.5791992559559,60.711945408590154,62.317431960448275,1072900
2022-03-01,60.921356201171875,61.72409948962391,60.07498281044831,61.72409948962391,1081400
2022-03-02,61.61940002441406,62.00331697818859,60.6508703022893,60.85155280282661,587100
2022-03-03,63.87057113647461,63.896753193042585,61.69792643267752,61.78517998351313,974700
2022-03-04,64.96125030517578,65.00488040449626,63.04164576140746,63.4691927752705,802900
2022-03-07,65.76399230957031,66.37477368469783,64.66457917732308,65.05722339604537,1573800
2022-03-08,64.23703002929688,66.07810809928215,64.03634092314402,65.83378890052553,1020200
2022-03-09,63.914207458496094,64.91764003327577,63.76587574194271,64.77802901274092,655200
2022-03-10,64.76929473876953,64.99615261405138,63.608803337678445,63.61753068888727,559500
2022-03-11,64.35919952392578,65.39752803966046,64.14978302482028,64.16723772825516,773000
2022-03-14,63.9316520690918,65.19685191081764,63.3295978822204,65.03106549710404,930200
2022-03-15,64.36791229248047,64.56860141515605,63.800760984042846,64.48134787978242,569000
2022-03-16,64.6209716796875,64.77803075349988,63.12018645370707,64.29813283580988,601600
2022-03-17,64.84780883789062,65.30153116087745,64.01016301751842,64.27193024882978,787300
2022-03-18,63.669891357421875,65.16194910866629,63.48665689572724,64.52498551199682,2355600
2022-03-21,64.6558609008789,64.73439374985526,63.91419579641974,63.91419579641974,561400
2022-03-22,64.0625228881836,65.15320874499828,63.56517040375682,65.15320874499828,563900
2022-03-23,64.30685424804688,64.46391332360793,63.73097540900311,64.42901056714767,607900
2022-03-24,64.5162582397461,64.821648978106,64.13233465036862,64.32429644505736,311600
2022-03-25,66.29627227783203,66.37479848811364,64.6297005847511,64.91764333649077,370300
2022-03-28,66.94194030761719,67.0379212014492,66.2177232567097,66.31370415054171,771400
2022-03-29,67.67487335205078,67.70977609802152,66.81105202458374,66.99428644816656,546100
2022-03-30,67.78832244873047,67.83194589712305,67.2735151643502,67.62253603658809,884600
2022-03-31,68.14607238769531,68.660879735316,67.43930986093193,67.83195422979597,794300
2022-04-01,69.21056365966797,69.23673905593911,67.77085695158986,68.00644883206688,590400
2022-04-04,68.78302001953125,69.03605995756334,67.74468486985107,69.00987790299281,543300
2022-04-05,68.49507904052734,69.58576501251027,68.26821449438961,68.83537253122451,584200
2022-04-06,70.23145294189453,70.24890764629588,68.53871275102108,68.83537615565176,679600
2022-04-07,68.82664489746094,70.09184461398819,68.52125415796085,69.96968831818816,1021900
2022-04-08,68.79174041748047,69.64684112359295,68.70448687367765,69.19311870160706,845300
2022-04-11,68.2420425415039,69.29782581684417,67.71851457992466,68.83537600649885,804800
2022-04-12,68.25950622558594,68.82665770864587,67.56146441363822,68.11116784705848,849000
2022-04-13,67.48292541503906,68.4165590829065,67.05537833901099,68.40783173036975,558700
2022-04-14,67.65744018554688,68.11989002157094,67.42184826269187,67.56145927727552,484200
2022-04-18,67.30840301513672,68.2420298138811,66.95938222017233,67.85810627371849,387600
2022-04-19,67.90174865722656,68.05880771053164,67.06410259193925,67.08155063918684,653900
2022-04-20,68.02389526367188,68.85282051569949,67.98899251713215,68.77428767173053,565100
2022-04-21,67.97154998779297,68.71321510514315,67.39566460868562,67.81449094412903,441200
2022-04-22,67.4654769897461,68.1547913818665,67.36949608343696,67.8930240633835,371500
2022-04-25,66.99427795410156,68.0587882716788,65.99084576997464,67.84937847942308,615000
2022-04-26,65.79891204833984,67.15135877315888,65.79891204833984,66.05194535694913,786200
2022-04-27,64.92635345458984,66.12174094057208,64.48135174339713,65.74654472466811,659900
2022-04-28,65.01361846923828,65.4673409546543,64.6645975882154,65.22302833504418,577700
2022-04-29,62.842376708984375,65.17248686722465,62.727638833695366,65.14600941399169,853800
2022-05-02,62.877681732177734,63.892693412470145,62.153935502844085,63.124813605534804,875200
2022-05-03,63.74264144897461,64.46638758095979,63.036544705353045,63.310160728771145,831800
2022-05-04,65.50788116455078,65.77266241158479,64.18395472786653,64.55465251401698,1478800
2022-05-05,64.25456237792969,65.4019611891341,63.62789797171403,64.99595791127675,1287400
2022-05-06,65.41960906982422,65.64908476285221,63.96328890269377,64.35164274295173,1042900
2022-05-09,65.53434753417969,66.31987654840768,64.34281528941654,65.25191021146667,949800
2022-05-10,64.09569549560547,66.31106092552994,63.36312123765998,65.69323127053869,665100
2022-05-11,65.04010009765625,65.74619021333439,63.86621694721606,63.954477369946,784700
2022-05-12,64.76647186279297,65.1371763427406,63.689684133687464,65.1371763427406,824000
2022-05-13,64.64289855957031,65.11068471912907,63.9015031520817,65.11068471912907,481300
2022-05-16,65.07540130615234,65.33135449497595,64.06038967734547,64.84591883517314,583800
2022-05-17,65.78147888183594,65.81678438865352,64.40459778513511,65.32252076088129,450500
2022-05-18,65.79031372070312,66.72588617933634,65.53435382028057,65.99331198852397,473600
2022-05-19,66.66410827636719,66.83180778029134,65.11952742943065,65.49905327831715,830100
2022-05-20,66.46992492675781,66.96419532923943,65.06656626735563,66.67292992428663,560900
2022-05-23,66.36400604248047,67.45844975909016,66.0462632322008,67.03479043410509,542200
2022-05-24,68.47347259521484,68.57938239380174,65.70205396823025,66.65527582470055,664500
2022-05-25,68.6500015258789,68.98540055126257,68.27047565715,68.65882958808332,541300
2022-05-26,69.12660217285156,69.73561040128926,68.80003127441566,69.0030362618406,444900
2022-05-27,69.47965240478516,69.70913484596484,68.94125517769281,68.95008323838668,493900
2022-05-31,68.53526306152344,69.11778721906127,68.04982065204327,68.73826135360541,743100
2022-06-01,68.3410873413086,68.59704727697954,67.53790201897856,68.54409237092297,460900
2022-06-02,68.47347259521484,68.67647086506483,66.95536929965128,68.67647086506483,453300
2022-06-03,68.39403533935547,68.73825566163288,68.20868645303977,68.27929747654227,308600
2022-06-06,68.93242645263672,69.02951491782173,68.27046331755922,68.5882061611034,329200
2022-06-07,68.1557388305664,68.95009609520302,67.21133817534248,68.95009609520302,620200
2022-06-08,65.8167953491211,67.89094539974407,65.59614094514338,67.89094539974407,1167800
2022-06-09,64.79296112060547,66.60232315673845,64.68704458463247,65.9227105689659,708600
2022-06-10,65.07540130615234,65.76384198525182,63.892690171571644,63.892690171571644,733700
2022-06-13,62.91297912597656,65.19896212710611,62.54228136379479,64.70469171035944,1181200
2022-06-14,60.18569564819336,62.66584892255365,59.29424999635568,62.53345493721731,812200
2022-06-15,60.33573532104492,61.48314081178643,59.29424635884241,60.50343480777231,1367200
2022-06-16,59.55903625488281,60.256298205523535,59.19715982095555,59.673774114162434,1626900
2022-06-17,58.18214416503906,60.10625059038358,57.484875529807546,59.71790346818364,1351400
2022-06-21,59.39133834838867,59.99151857802489,58.296894423935974,58.50872075973764,925500
2022-06-22,60.291595458984375,60.741732241004456,59.17950232764539,59.17950232764539,763200
2022-06-23,61.7479248046875,61.99505664853661,60.45047589064197,60.49460946297404,805700
2022-06-24,63.32781219482422,63.76029292921672,61.85384243303092,61.9421028454199,1063400
2022-06-27,64.24573516845703,64.24573516845703,63.07185215792288,63.33664012839329,440800
2022-06-28,64.57229614257812,64.92533773697583,64.33398565913923,64.4487235039348,637900
2022-06-29,63.81325149536133,65.16365526811046,63.12480415061937,64.70469037161581,1220800
2022-06-30,64.53699493408203,64.94299818174578,63.11598020034031,63.13362958770082,710900
2022-07-01,65.91387176513672,66.11687674254057,64.4928571248201,64.73998893464268,717700
2022-07-05,63.24839401245117,65.82563634104378,61.897983138419114,65.36667131966522,930800
2022-07-06,63.4601936340332,64.0338963018954,62.51579326712276,63.26601672486417,884100
2022-07-07,62.94828414916992,63.91034079176646,62.630541288664425,63.654380891146054,578400
2022-07-08,62.55111312866211,63.09833174318776,62.11862564667102,63.08068235368353,699800
2022-07-11,63.0806999206543,63.17778842456027,62.10099355130493,62.4893475669288,607000
2022-07-12,62.66584396362305,63.45137301826289,62.32162366929041,62.80706599916325,635600
2022-07-13,61.739097595214844,62.445194359243175,61.41253339726792,61.89796903042932,882700
2022-07-14,62.1539192199707,62.295141244228454,60.63581612838362,60.63581612838362,670300
2022-07-15,62.43636703491211,62.67467755746585,61.244834623657034,62.62171592254397,803400
2022-07-18,61.72144317626953,62.49814416633217,61.4743113491513,62.09214091694689,770400
2022-07-19,61.968570709228516,62.31279097798123,61.56256748797753,62.03035366172678,720100
2022-07-20,61.48314666748047,62.224542236352185,60.90944386746989,62.20689284683345,717600
2022-07-21,61.24483108520508,61.483141593990304,60.82999976044652,61.403702513116066,656100
2022-07-22,61.99504852294922,62.10979310243815,61.16539268931706,61.60670141944536,345100
2022-07-25,63.04536819458008,63.08067370258466,61.65083093066612,61.83617979731233,627900
2022-07-26,63.786766052246094,63.96329359888624,62.85119362348414,62.85119362348414,647000
2022-07-27,63.610252380371094,63.83973484984644,62.99242273236607,63.6014243185887,495900
2022-07-28,65.04010009765625,65.1548379738213,63.67203997690702,64.31635385712896,680200
2022-07-29,65.60262298583984,65.7544172637806,64.77220977795261,64.79006512318566,1556800
2022-08-01,65.90621948242188,66.20981488729912,65.20081404342662,65.74549410629108,889400
2022-08-02,65.87049865722656,66.71877408223921,65.59369650599572,66.17409404681119,1089400
2022-08-03,67.20986938476562,67.50453367267698,65.46868370604776,66.34374549100409,1467300
2022-08-04,68.37066650390625,68.9689193646841,66.97771791763728,67.26345113565186,1342900
2022-08-05,67.34381866455078,68.29923986806172,66.24553424072975,68.29923986806172,898800
2022-08-08,67.47775268554688,68.04028807036075,66.96879015288168,67.9420666331431,575800
2022-08-09,68.12958526611328,68.1563716921977,67.35274484757744,67.861707380434,600000
2022-08-10,68.26353454589844,68.37068708957285,67.87065551059759,68.37068708957285,684800
2022-08-11,67.59382629394531,68.68318631924348,67.5134670194974,68.18315488956588,808600
2022-08-12,69.04035949707031,69.05821484408904,67.8706401134365,67.8706401134365,643300
2022-08-15,69.46895599365234,69.52252884190665,68.60282528064985,69.04035277036658,610700
2022-08-16,69.87077331542969,70.08507154336104,69.29930683266753,69.48681863365968,601800
2022-08-17,69.62074279785156,69.8707584794207,69.08499393557251,69.46001745792621,740400
2022-08-18,69.53145599365234,69.90647953508554,69.12071495126122,69.62967741818248,486300
2022-08-19,69.61182403564453,69.96899227782602,69.12072366351038,69.33502188385224,2891500
2022-08-22,68.62962341308594,69.26359387111415,68.2456687061203,69.10286848651417,815600
2022-08-23,68.0849380493164,68.77248131149814,67.7813494643685,68.76355704423574,459100
2022-08-24,67.8438491821289,68.32601845621612,67.55811596187628,68.12065132325625,443400
2022-08-25,68.79927062988281,68.80819489663665,67.63847558465123,68.05814774427215,411600
2022-08-26,67.79027557373047,69.02250573120193,67.75455806645701,68.92428428930441,538400
2022-08-29,67.9867172241211,68.37960298458351,67.17416608874944,67.62062470294116,381700
2022-08-30,67.31702423095703,68.32601817053911,67.11165709885583,67.96885675602967,706800
2022-08-31,67.28131103515625,67.59383069907183,67.03129530402379,67.4688228335056,1109000
2022-09-01,67.80814361572266,68.20102260497583,67.04023417377442,67.42418889474854,653200
2022-09-02,66.8794937133789,68.54924436940232,66.76341012772286,67.89741868614284,525800
2022-09-06,66.54911804199219,67.77241706243262,66.41517909907398,67.05808057514727,611800
2022-09-07,68.48675537109375,68.58497682078823,66.942012230296,66.942012230296,432800
2022-09-08,68.44210052490234,68.99570479484053,68.13850515315353,68.44210052490234,529600
2022-09-09,68.79034423828125,69.37966606780896,68.39745847698423,68.6831917181772,498800
2022-09-12,69.42430877685547,70.00470628988498,68.5046051975154,68.77247625647092,604700
2022-09-13,67.03129577636719,69.06714595841191,66.7634178840275,68.87070307901851,691300
2022-09-14,67.34381866455078,67.7367044421352,66.96879504726644,67.10273399984459,795500
2022-09-15,65.9151382446289,67.39738386000245,65.74548182030101,67.36166635949044,1036700
2022-09-16,65.74549102783203,66.22766713364706,65.47761995510209,65.81692603886039,1170300
2022-09-19,66.69197845458984,66.75448237728963,65.31688534277785,65.51332818909623,548100
2022-09-20,65.45974731445312,66.43303044972004,65.18294520656292,66.31694687228233,593600
2022-09-21,64.96865844726562,66.46875964041715,64.9597273676419,65.7812095701631,557300
2022-09-22,64.91507720947266,65.51333690625077,64.49541185117181,64.7364964958305,524500
2022-09-23,63.638206481933594,64.30789438862011,63.12031967820011,64.28110796233948,727800
2022-09-26,62.209537506103516,63.63820361348848,61.59342929216656,63.477478250631584,740800
2022-09-27,60.94160461425781,62.620286655190974,60.84338316805456,62.477423432252394,752000
2022-09-28,61.593441009521484,62.00418216775676,60.98625694682179,61.73630424122918,827600
2022-09-29,59.12897872924805,61.37912710072022,58.83431441500239,61.352340674410186,789100
2022-09-30,57.602088928222656,59.75401577981299,57.450287830873364,59.52186221900568,1264900
2022-10-03,58.95932388305664,59.63794288851203,57.93246770126366,58.78074316118737,1112100
2022-10-04,59.8254508972168,60.34334449518781,58.95038906573413,59.12897658869867,790200
2022-10-05,58.29856491088867,59.11111602190054,57.914610241697815,58.959321732606334,817200
2022-10-06,56.0126953125,58.05747310321144,55.96805013392888,58.05747310321144,1261200
2022-10-07,54.4500846862793,56.24484997586489,54.10184756011719,56.030548371806745,1033300
2022-10-10,54.63759994506836,55.209069790261964,54.53938191841236,54.53938191841236,804200
2022-10-11,54.94118881225586,55.47694112318955,54.20006938051236,54.36972240556004,1467000
2022-10-12,53.36073684692383,54.887628032882986,53.14643860040237,54.77154782906182,1235300
2022-10-13,55.4144401550293,55.64659711781032,52.708898845023235,52.744616348899896,1185100
2022-10-14,55.17335510253906,56.38772305047254,54.52152594941188,55.96805087270495,894000
2022-10-17,55.905548095703125,56.90561443563649,55.726963969162796,55.8876893424282,631800
2022-10-18,57.51279830932617,57.75388294826415,56.70024041297516,56.97704596248623,734400
2022-10-19,57.19135284423828,57.36993357007286,56.35200844549613,56.72703205719956,680300
2022-10-20,55.94126510620117,57.209205921597274,55.70910472189473,57.11991556222333,661700
2022-10-21,57.307430267333984,57.646736375132065,55.87876400763406,56.46808926553641,1083200
2022-10-24,57.69137954711914,58.39678493683767,57.28063846179268,57.78960098191649,612500
2022-10-25,58.74502182006836,59.003968618569964,57.44136356074184,57.62887535019113,979000
2022-10-26,58.9682502746582,59.57543421812513,58.49500526815346,59.155762061438345,932000
2022-10-27,59.352203369140625,60.271906933095934,59.218264435694756,59.566501575203716,618000
2022-10-28,60.98624801635742,61.11125588045324,59.52186434059124,59.655796471824154,516300
2022-10-31,60.78276443481445,61.180689819594264,60.258227682114175,60.8822457810094,650100
2022-11-01,61.325382232666016,61.669047555299585,60.457187085668345,61.03598385033346,796400
2022-11-02,60.8551139831543,62.36541161341298,60.77371702055134,60.94554968620058,1103800
2022-11-03,61.96748733520508,63.179347856804654,60.34866959260729,61.26207917925699,1346700
2022-11-04,62.871864318847656,63.007521338957986,61.56052922398732,62.00366904986525,901700
2022-11-07,61.877052307128906,62.87185886869714,60.80989442113338,62.87185886869714,846100
2022-11-08,61.75947570800781,62.59149509305179,61.533383033824066,62.22070669528689,711100
2022-11-09,63.17935562133789,63.649625483163895,61.37061370695617,61.49722508897867,1779900
2022-11-10,65.65731811523438,65.72062379467845,63.86666781107249,64.70773292357325,1019400
2022-11-11,64.78912353515625,65.65731867484693,64.25554807526576,65.65731867484693,572900
2022-11-14,64.34597778320312,65.38600548591425,64.34597778320312,64.96998888498901,728400
2022-11-15,66.8149185180664,66.86918546304673,65.11470373773221,65.11470373773221,1230800
2022-11-16,66.29039001464844,67.01388259787451,65.75680759345937,66.71543854364008,1056800
2022-11-17,65.3950424194336,65.74774643673004,64.76198569602991,65.63018073089816,670900
2022-11-18,66.67927551269531,66.84206256538377,65.82916458201082,66.0914329946646,857800
2022-11-21,68.01773071289062,68.15338772017624,66.76065578499438,66.87822151141418,722700
2022-11-22,68.87688446044922,68.92209886123817,68.19860635039922,68.33425645256783,627300
2022-11-23,69.08489227294922,69.2567249513237,68.24382706270934,68.94019651731996,737500
2022-11-25,69.18436431884766,69.7541154234273,69.09392862126697,69.09392862126697,341900
2022-11-28,69.26576232910156,69.4195106224221,68.46087279856197,68.78644686707261,582900
2022-11-29,68.94019317626953,69.20245465187523,68.29808379866316,68.84071183043204,706500
2022-11-30,70.830322265625,70.85745228622577,68.53321955746866,68.68696094074089,844000
2022-12-01,70.36004638671875,71.7979925525341,70.22438939565286,71.45433415499487,594100
2022-12-02,70.64945220947266,70.96598062218943,69.51898866419705,69.8716927383389,1602800
2022-12-05,70.41432189941406,70.83937734493519,69.54612662549555,70.07066342634299,1090900
2022-12-06,70.59518432617188,71.21015676259431,69.60942343973986,70.43239730183059,1948300
2022-12-07,70.19727325439453,70.85746016172952,70.18822761325497,70.3962290608472,734100
2022-12-08,70.34197235107422,70.59519511657622,69.88074122830822,70.08874958557223,567500
2022-12-09,70.08873748779297,70.69466427205761,69.91690482666056,69.98021050710906,700000
2022-12-12,71.45433807373047,71.48146809347129,70.0344762089479,70.56805166332151,590400
2022-12-13,71.79800415039062,72.78377200489052,71.1468560079324,71.90653114073443,1262300
2022-12-14,71.85226440429688,72.89229230708742,71.37294893687398,71.87940132681334,677400
2022-12-15,71.10162353515625,71.67137456512114,70.55899562113194,71.58998451789782,1076600
2022-12-16,70.45048522949219,70.63135662579633,69.29289173362217,70.45953086924784,1751000
2022-12-19,69.88977813720703,70.82127900811462,69.46472273402348,70.40526924536958,698100
2022-12-20,69.64559936523438,70.07065475817353,69.11201698905484,69.8897764527729,1499000
2022-12-21,70.04351806640625,70.37813775763952,69.79934097806978,70.13396066930304,1447700
2022-12-22,69.62751007080078,69.80838838136066,68.65079479298564,69.70890703550324,1280900
2022-12-23,70.47762298583984,70.51379864903225,69.45568637491266,69.52803080149523,416500
2022-12-27,70.27865600585938,70.63136007574109,69.83551623340833,70.63136007574109,720900
2022-12-28,69.46470642089844,70.631345370619,69.43757640575616,70.39620707305197,808300
2022-12-29,69.75411987304688,70.32387791377286,69.68177545024834,69.85360121667199,745100
2022-12-30,68.76836395263672,69.96213326271184,68.34330852635652,69.826476247971,571400
2023-01-03,67.49317932128906,69.10296487878954,66.36271600551093,68.9582622624657,1442500
2023-01-04,68.18051147460938,68.82261389028464,67.49318776072825,67.9182431245784,954200
2023-01-05,66.60690307617188,67.91823782418783,66.29941345193177,67.71927516729143,994800
2023-01-06,68.24382781982422,68.75027331984884,67.35754819478112,67.36658693599409,729800
2023-01-09,68.32520294189453,69.16626789252898,68.04484335848288,68.04484335848288,656100
2023-01-10,68.41565704345703,68.45183270588853,67.71928761630424,68.1081673626903,763300
2023-01-11,69.148193359375,69.18436902082617,68.25286816281472,68.41565518944404,720200
2023-01-12,68.91305541992188,69.79934188124479,68.76835967305807,69.1843694325192,727100
2023-01-13,68.16242218017578,68.67791320346544,67.79162688106874,68.53321057948195,651500
2023-01-17,67.92729949951172,68.54227199337518,67.83686378860877,68.30713362518556,764600
2023-01-18,67.27613830566406,68.09007334568456,66.93247991090035,67.93633197695878,988200
2023-01-19,67.09527587890625,67.60172134930554,66.72448051679103,67.46606434121942,902300
2023-01-20,68.15339660644531,68.18957227309176,66.18186762293296,67.10432297310713,1078800
2023-01-23,66.70638275146484,67.9634574345558,66.37176311863175,67.9634574345558,1044200
2023-01-24,66.97769927978516,67.24901327986672,65.85628141906454,66.70639217950523,746300
2023-01-25,66.69734954833984,67.04100798411784,66.38082113383354,66.65212824635239,837200
2023-01-26,66.94153594970703,66.98675725798378,66.15473762419357,66.48031172433807,766600
2023-01-27,66.98674774169922,67.31232179559196,66.606913645425,67.01387776288996,719600
2023-01-30,66.9324951171875,67.48416194187809,66.67022671694093,66.82396812059498,934600
2023-01-31,68.21815490722656,68.2364531505329,66.55273551044364,67.25733307079894,1760300
2023-02-01,70.02998352050781,70.30450604900399,67.65996648465595,67.90703117518419,1761700
2023-02-02,71.13720703125,71.58559426010927,69.80121191944707,70.08488005825394,1030800
2023-02-03,69.43518829345703,70.88099388932304,68.34626477169783,70.88099388932304,1062100
2023-02-06,69.18812561035156,69.60905504005962,68.19985287204675,69.2979360195181,820100
2023-02-07,68.60247802734375,68.81293923299896,67.43119502478336,68.81293923299896,768600
2023-02-08,67.06517028808594,68.31881289071829,66.90961078465354,68.2364533421144,621100
2023-02-09,65.99455261230469,67.3305479357202,65.5827687847447,66.96452019391081,883400
2023-02-10,67.7972183227539,67.8521270153119,66.00369028374072,66.1043480751331,685100
2023-02-13,68.30966186523438,68.35541096539028,67.55930820497866,67.79722028114419,473600
2023-02-14,67.77892303466797,68.59333103224351,67.3396883820417,68.30051025762532,549000
2023-02-15,68.30966186523438,68.41031965953435,67.12007355881533,67.55930820497866,576900
2023-02-16,67.97107696533203,68.52926758348619,67.31222856479617,67.6233545234479,660700
2023-02-17,68.721435546875,69.25217535059988,67.72401724324492,68.31881136939194,1304000
2023-02-21,67.84297943115234,68.60248573834991,67.72402338768934,68.24561062656275,566500
2023-02-22,67.34883880615234,68.26390456977234,67.10177412178994,67.84297515627487,786800
2023-02-23,67.14752960205078,67.71487294271206,66.95536661119738,67.07432963986739,715600
2023-02-24,67.14752960205078,67.33054696100525,66.29651808175807,66.59849148798415,1178200
2023-02-27,67.8155288696289,68.73974730794797,67.04686994607098,67.38544681472602,1737400
2023-02-28,67.42204284667969,69.03256047626284,66.91875390574825,67.39459199197387,1463000
2023-03-01,67.06517028808594,67.26648587200916,66.1409519170738,66.98281073948203,1153200
2023-03-02,68.87699890136719,68.89530412673938,66.39717144967933,66.90046042644536,1068400
2023-03-03,69.9293212890625,69.97507736804167,68.08089158950226,69.15151681619899,828800
2023-03-06,69.61821746826172,70.07575043219919,69.23389145409,69.66396657581608,1018400
2023-03-07,69.2704849243164,69.90188262104093,68.21816473830711,69.66396353538552,1694200
2023-03-08,70.51496124267578,70.8352398256765,69.0691627295237,69.45348865144777,1310800
2023-03-09,69.23387908935547,71.42088570787908,69.18812300857388,70.74373201557972,1138000
2023-03-10,67.72402954101562,69.65481915785658,67.30310006274966,69.37114398013478,707400
2023-03-13,69.04170989990234,70.39601031810365,67.28478528823403,67.63251475067105,862300
2023-03-14,71.27445983886719,71.86925388193423,70.25873645276411,70.52410631756007,1683900
2023-03-15,71.56729888916016,72.35425607425633,70.57902610116986,71.24702723973692,1243500
2023-03-16,71.99737548828125,72.27189801346249,70.76203808776131,71.22871660661247,959800
2023-03-17,71.04570770263672,71.8601157009567,70.32280488745646,71.65880010921056,2373100
2023-03-20,72.85753631591797,73.2510148611262,70.92674705703544,71.25617128006547,1114800
2023-03-21,70.82609558105469,72.93074276979955,70.02083319458,72.90329191233303,1256800
2023-03-22,68.9410629272461,70.77119476367608,68.93191729467115,70.55158089809618,1055800
2023-03-23,67.8063735961914,69.86527162227858,67.55015629219089,68.62078159022072,940600
2023-03-24,70.661376953125,70.67052956523773,67.73316242142812,67.83382021047568,969400
2023-03-27,70.7162857055664,71.47579201441913,70.59732966184417,70.82609611766259,644900
2023-03-28,70.98164367675781,71.69539378167177,70.25874096036118,70.61561601281817,705100
2023-03-29,71.78690338134766,72.07972413428615,71.20126187547066,71.43002830687253,555600
2023-03-30,72.37255859375,72.50067424248431,71.89672739813206,72.1071956266969,531700
2023-03-31,72.50980377197266,72.92158752387313,71.80520625810333,72.44574945253,796500
2023-04-03,71.80521392822266,72.3634046207326,71.32023017472339,72.05227862063623,759500
2023-04-04,71.99737548828125,72.14378238201951,71.22871660661247,71.90587030702011,851100
2023-04-05,73.78174591064453,73.81834937692464,72.07057749578235,72.17123528270334,965300
2023-04-06,73.47063446044922,74.69681929040185,73.1412102115131,74.12033034546266,1197200
2023-04-10,73.58959197998047,73.63534806379535,72.83008566960184,73.12291343577999,793900
2023-04-11,73.25100708007812,74.1111640320446,73.0954406158296,73.74513638073705,1012100
2023-04-12,73.0497055053711,73.7726083351916,72.78433558191308,73.38827538798455,922200
2023-04-13,72.9216079711914,73.36998833301654,71.48495470536875,72.5921836698589,853800
2023-04-14,71.81436920166016,72.36340730178605,71.54899927396302,72.11633561882056,587300
2023-04-17,72.57386779785156,72.58302041082385,71.7411615337261,72.13464011475628,407700
2023-04-18,72.29934692382812,72.81178151021705,71.75030886964035,72.49150989372397,912400
2023-04-19,73.18696594238281,73.19611157379956,72.16208973046692,72.48236136500375,534200
2023-04-20,73.39743041992188,73.5072408343713,72.70197842453884,73.34252870339633,568600
2023-04-21,73.74514770507812,73.98306676217253,72.98564841512706,73.98306676217253,512500
2023-04-24,74.047119140625,74.09287522088559,73.27846725831013,73.74514576625944,816200
2023-04-25,74.06541442871094,74.38568600337467,73.79089194677248,74.06541442871094,367500
2023-04-26,72.28105163574219,73.96477647896454,72.216997303638,73.5438470135086,620900
2023-04-27,72.86668395996094,72.93073828390895,72.01567252385288,72.34509675598488,587100
2023-04-28,72.58453369140625,73.15810762427867,72.3717611598075,72.76030782817183,484600
2023-05-01,73.01007843017578,73.70391472126909,72.36250071504912,72.58452635194001,804300
2023-05-02,72.56602478027344,73.08408693541121,71.40963099964985,73.08408693541121,719300
2023-05-03,72.54752349853516,73.59290806501635,72.4087548237378,73.01008104248103,607700
2023-05-04,73.7224349975586,74.42551749112371,71.01184708911961,72.86207755063239,1012300
2023-05-05,74.12022399902344,74.25898561690647,72.65854045406579,73.03783397305948,495600
2023-05-08,73.84268951416016,74.83256242254447,73.73167315747533,74.06471516946148,692500
2023-05-09,73.87044525146484,74.21274040683842,73.29687836059986,73.59291493403398,492200
2023-05-10,74.61979675292969,74.84182242863682,73.63916982392432,74.51803351446621,423300
2023-05-11,74.52727508544922,74.91582881706509,73.94445507512823,74.73080155008883,700900
2023-05-12,74.75853729248047,75.35986342514559,74.29597981474836,74.9343113926001,511000
2023-05-15,74.14797973632812,74.97133164465828,73.4726425799104,74.97133164465828,733300
2023-05-16,72.7417984008789,74.20348196545011,72.48276729993073,74.20348196545011,529200
2023-05-17,72.6400375366211,72.98233267861592,72.02946521568276,72.98233267861592,505200
2023-05-18,72.35325622558594,72.4827717840725,71.54840349093207,72.02946732936952,681700
2023-05-19,71.71492004394531,72.85281473197567,71.68716772000498,72.84356160463952,858100
2023-05-22,71.8721923828125,72.21448044314893,71.46513949152822,71.88143845174686,497300
2023-05-23,71.83518981933594,72.43651605342247,71.36337913621351,71.78893124053384,482800
2023-05-24,71.40038299560547,72.10347244092507,71.15985109572044,71.83518821760487,388300
2023-05-25,70.66954040527344,71.09509249515779,69.85544167567745,71.09509249515779,423200
2023-05-26,71.0488510131836,71.09510253888257,70.08673034697632,70.7250550429461,677300
2023-05-30,70.87306213378906,71.81667634713412,70.71579427457613,71.17835178383825,619200
2023-05-31,71.4928970336914,71.96470773229943,70.54928269454376,71.08584411269088,816500
2023-06-01,70.37350463867188,71.75192414699653,70.06821496492843,71.55765082499651,712400
2023-06-02,71.56690216064453,71.69641770540241,69.3836300374862,69.90169221651773,859700
2023-06-05,71.93694305419922,72.59377384515989,71.29861145734895,71.39112154403534,524600
2023-06-06,73.48189544677734,73.75017968286417,72.10347587204772,72.35325385291843,1179500
2023-06-07,74.47176361083984,74.66603692981302,73.25061199295996,73.75017498092008,949400
2023-06-08,75.14710235595703,75.19335387591764,73.95370303511191,74.55502220107608,694300
2023-06-09,74.74005126953125,75.41538135350854,74.28674683773173,75.34137750816143,794700
2023-06-12,74.98982238769531,75.44313383610496,74.48101335390211,74.96207006596974,618400
2023-06-13,75.39688110351562,75.4431396820211,74.22198802499854,74.54577690033253,659300
2023-06-14,75.8779296875,76.3682465694626,75.36912066903419,75.46163075802184,868800
2023-06-15,77.29337310791016,77.35813088567033,75.65591535043805,76.09997372512817,1035700
2023-06-16,77.01583099365234,78.25548182237424,76.74754677145104,77.69116811272018,1514300
2023-06-20,76.44225311279297,77.0158269777357,75.65590674145064,77.0158269777357,901200
2023-06-21,76.89557647705078,77.30262235768802,75.31363036262815,76.30350332515232,647800
2023-06-22,76.47926330566406,77.07133640256143,76.16472756084211,77.07133640256143,623700
2023-06-23,74.75853729248047,76.89555763908831,74.41624927612158,76.70128434540887,838800
2023-06-26,75.81317901611328,76.02595859296338,74.82330614934394,74.9990802755215,694500
2023-06-27,75.85943603515625,76.41450366770235,75.53564717101001,75.82243058524412,668700
2023-06-28,74.50877380371094,75.85944105354984,73.85194290497158,75.65591459460305,1256900
2023-06-29,74.68453216552734,75.46162532677431,73.77791641933902,73.85192730842927,796100
2023-06-30,75.35987854003906,75.60966358063116,74.43476339902499,74.89732096953202,610000
2023-07-03,75.61890411376953,75.88718833198931,75.05458335442239,75.30436837672642,369300
2023-07-05,76.48851776123047,76.9325761206493,75.16560286842349,75.29511841948978,502400
2023-07-06,75.90569305419922,75.99820314804694,75.08234122023933,75.99820314804694,440500
2023-07-07,75.78543090820312,76.57177736904816,75.3691319165994,75.52639979715472,985300
2023-07-10,75.2858657836914,76.05371302578968,74.55502399329202,75.58190233921422,561800
2023-07-11,76.0167007446289,76.02595387123937,75.19334892798769,75.40612849162272,475100
2023-07-12,77.09908294677734,77.13608839481799,76.06295863390928,76.3497420336399,594700
2023-07-13,77.01583099365234,77.5246471147355,76.34049387458452,76.85856312279682,790100
2023-07-14,76.96957397460938,77.37662687971819,76.32199622381636,76.67353742309426,569300
2023-07-17,76.25724029541016,76.78455563613073,75.86869363552516,76.78455563613073,517000
2023-07-18,76.35899353027344,76.82155103380691,75.1470951295973,76.24797718852115,595700
2023-07-19,76.24797821044922,76.93256840666261,75.8594315962097,76.2942367846495,1789100
2023-07-20,78.17221069335938,78.60701583479063,76.21096452322551,76.71978055214862,1178500
2023-07-21,79.02332305908203,79.48588056758717,78.24622983266578,78.6347764458739,690300
2023-07-24,78.94007110595703,79.31936461681093,78.36649721810014,78.93081797894072,543600
2023-07-25,78.85680389404297,79.58764562132008,78.57927361737379,78.88455621590312,498900
2023-07-26,78.39425659179688,79.55990366831274,78.04271537230667,78.71804548581002,747300
2023-07-27,77.73741149902344,78.45900006210546,77.00656980978036,78.25547363496597,1170300
2023-07-28,77.5246353149414,78.56075953752465,77.15458792484728,78.44049713542249,684500
2023-07-31,77.41714477539062,77.94061026956192,77.09932847726733,77.8097438960191,1725100
2023-08-01,76.9123764038086,77.64149114126393,76.65064363976646,77.49193261824684,1349300
2023-08-02,77.1834487915039,77.74430566050555,76.52911696628232,77.07127456503076,774300
2023-08-03,74.12678527832031,76.97781109260458,74.12678527832031,76.5478205244999,1630600
2023-08-04,73.45375061035156,75.11762924835806,73.14527680487411,74.53807305003825,790100
2023-08-07,71.62162017822266,73.949180539103,71.59357126763574,73.67809812356285,1059500
2023-08-08,72.05159759521484,72.21985536957203,70.58401867008682,71.57486604592246,835600
2023-08-09,72.87419128417969,74.36981206697571,72.6498499496809,73.19201471209522,1204900
2023-08-10,72.07030487060547,73.27615131814622,71.87400528124073,72.93028606163679,726000
2023-08-11,72.35072326660156,72.64984741271522,72.14507407895802,72.33202399589823,415600
2023-08-14,72.30399322509766,72.34138464051254,71.6029202323559,72.34138464051254,535400
2023-08-15,71.649658203125,71.96747452295838,71.46270113409099,71.76182531286244,1157900
2023-08-16,72.25726318359375,72.63116309444823,71.69639905394473,72.04226431633714,750300
2023-08-17,72.28530883789062,73.03311583136215,72.17313457961208,72.27595920011306,813300
2023-08-18,73.14527893066406,73.51918593619894,72.39746491959431,72.39746491959431,1062600
2023-08-21,72.61246490478516,73.08919652261359,71.677700942124,73.08919652261359,950300
2023-08-22,73.56591033935547,73.90242588764264,73.00505346943753,73.46308574784095,1429800
2023-08-23,73.75287628173828,74.30438358305123,73.10788688109244,74.17351720200467,875600
2023-08-24,73.65003967285156,75.00544431205249,73.53786545094626,73.70612321796335,895300
2023-08-25,73.99591064453125,74.3791601189865,73.58461226363872,73.65004544862778,632800
2023-08-28,73.67808532714844,74.42589924921906,73.62200177908187,73.90242665109677,398000
2023-08-29,73.63134765625,74.14547064268969,73.46308987265905,73.64069729191684,573900
2023-08-30,72.95832824707031,74.22025813761313,72.9209368337312,73.33222811709568,791800
2023-08-31,72.22920989990234,73.36028059633219,72.0329103190802,73.1826731572479,728400
2023-09-01,71.01402282714844,72.71529303640084,70.74294040903284,72.60311878803746,759400
2023-09-05,69.24730682373047,70.7055361287266,69.12578296052605,70.68684398990861,847000
2023-09-06,70.51860046386719,70.5746840233364,68.91080519670327,69.26601295948086,882700
2023-09-07,71.02336883544922,71.60291792650841,70.6681539662885,71.10749416866115,752500
2023-09-08,71.62162017822266,71.76182907274054,70.88315576313397,71.1729303207154,512800
2023-09-11,71.52813720703125,72.15443449892354,71.17292945908059,71.17292945908059,863000
2023-09-12,71.4907455444336,71.91138644284482,71.0420557386701,71.72443651725817,546400
2023-09-13,72.36942291259766,72.64985494877975,71.22900975859213,71.22900975859213,624100
2023-09-14,73.56591033935547,73.57525997449734,72.53767155589225,72.83679569529394,575400
2023-09-15,73.49114227294922,74.13612453097076,73.2667937963756,74.01460778825546,1739600
2023-09-18,73.93047332763672,74.39785527700354,73.26679181533774,73.6687405770605,678500
2023-09-19,73.78092193603516,74.28569534589029,73.76222979419605,74.09873826908287,523100
2023-09-20,74.31373596191406,74.95872538636362,73.67809617407941,74.238953132361,613000
2023-09-21,73.28549194335938,74.43524755849384,73.27614230739167,74.31373081764434,583000
2023-09-22,72.73397827148438,73.36961802181355,72.50963692774548,72.95832674690601,546000
2023-09-25,72.36007690429688,72.57506860750141,71.77117108316578,71.77117108316578,430900
2023-09-26,69.95772552490234,72.15442635355213,69.81751664790976,72.07029389567413,608300
2023-09-27,69.32209777832031,70.37837847171916,69.11644856877578,69.65860623831333,490000
2023-09-28,68.67710876464844,69.6959980501612,68.46210991752835,69.60252308120232,651400
2023-09-29,68.8734130859375,69.71470212791756,68.39668144020155,69.35014473167345,516200
2023-10-02,66.62061309814453,68.5462313817605,65.97563092365425,68.4527564278021,954200
2023-10-03,67.18148803710938,67.4712625811237,65.08761164235415,65.95694240608015,876900
2023-10-04,67.05996704101562,67.63952328563782,66.14390231915849,67.37779050796435,901200
2023-10-05,67.43387603759766,67.72365060254128,66.80758585389468,67.33105142454988,737300
2023-10-06,67.63951873779297,67.9760343240851,65.02217687367258,66.70475480513323,909000
2023-10-09,68.27515411376953,68.33123766398985,67.069307862256,67.256257784112,618600
2023-10-10,69.33143615722656,69.47165216736144,68.24711375099415,68.42471404092795,836000
2023-10-11,70.51860046386719,70.7990253928968,69.46231254930666,69.65861213913246,710000
2023-10-12,69.92034912109375,70.97662985961445,69.22861863549797,70.29424901076544,882400
2023-10-13,70.75228881835938,71.0233712317714,70.26620754890217,70.50924818363077,747700
2023-10-16,71.5374755859375,71.70573336252663,70.71488597354735,70.96726907258999,527800
2023-10-17,71.21031951904297,71.84595930390294,70.81772036325147,71.0888027703503,622000
2023-10-18,70.78032684326172,71.31314200503942,70.35967879026906,71.18227562366826,838300
2023-10-19,70.38772583007812,71.37857330034403,70.3409847815369,70.83640851666985,497800
2023-10-20,69.38752746582031,70.85510650420613,69.37817782994503,70.55598234134033,642700
2023-10-23,68.30320739746094,69.36883782129206,68.1349495867674,68.39668237413876,922600
2023-10-24,69.49968719482422,69.73337814513074,68.84535538663869,69.02295565932799,978600
2023-10-25,69.51839447021484,70.02316783680763,69.22861280892033,69.22861280892033,1002100
2023-10-26,70.1914291381836,70.92055108828502,69.4623143197659,69.73339675024904,1059500
2023-10-27,68.95752716064453,70.11663948767819,68.59296982394788,70.11663948767819,853100
2023-10-30,69.49968719482422,70.05120154602217,68.77992220582013,69.56512037564278,776800
2023-10-31,70.17134094238281,70.49296400583837,69.57538850398315,69.82133300529449,767500
2023-11-01,71.48622131347656,71.80785157615965,69.80241309343697,70.28485487890933,1035000
2023-11-02,71.10782623291016,72.14838100555326,70.15241163083886,70.2848454809696,1369900
2023-11-03,69.92537689208984,71.98757043565419,69.83078231464451,71.79838128076352,1244400
2023-11-06,68.90373992919922,69.92537871326573,68.8280685955343,69.92537871326573,1265100
2023-11-07,68.30778503417969,69.0645560794505,68.29832341141032,69.01725518270723,722000
2023-11-08,67.11587524414062,67.90102396495188,66.31181049430789,67.90102396495188,874600
2023-11-09,67.18208312988281,67.95777012323805,66.78478161996733,67.29560094004559,985000
2023-11-10,66.65235900878906,67.42804613278402,66.25505743196082,67.42804613278402,985500
2023-11-13,65.21449279785156,66.87937740802926,64.84556892946308,66.72802754215081,1118700
2023-11-14,68.50643157958984,68.5253548239601,66.36856686034996,66.51045510761134,1259000
2023-11-15,68.45914459228516,69.25374772300509,68.10913670826586,68.35508838939033,1468500
2023-11-16,68.47805786132812,69.1875280067767,68.3550856342743,68.92266030721247,1308400
2023-11-17,68.08075714111328,68.86590584374326,67.97670094114528,68.86590584374326,1007400
2023-11-20,67.84427642822266,68.13752182280356,66.85101518893853,67.63616399964087,1007200
2023-11-21,67.91995239257812,67.96724607729166,66.89831353698847,67.74967924997985,805600
2023-11-22,69.66996765136719,69.78347825231181,67.74966966961857,68.11859355689523,1583900
2023-11-24,69.3010482788086,69.98214079726037,68.96996364264558,69.60375526288674,559500
2023-11-27,69.76456451416016,69.82131981649515,69.03617833814805,69.49969681379211,1043400
2023-11-28,70.32267761230469,70.8240425793065,69.55645216186423,69.86862075911907,845900
2023-11-29,70.10511779785156,70.85242729437475,69.84025007090243,70.2186356310173,937200
2023-11-30,70.8902587890625,71.06053191156471,70.04835479921923,70.21862792172143,895200
2023-12-01,71.02269744873047,71.08891437768301,70.35106653589636,70.84296269138615,592900
2023-12-04,71.03215789794922,71.44838275369183,70.49296079714837,70.49296079714837,505200
2023-12-05,70.77674102783203,71.1172872731226,70.4740340561408,70.95647577315303,650600
2023-12-06,72.09162902832031,72.09162902832031,71.04161258449413,71.17404644073312,733600
2023-12-07,71.94027709960938,72.17676715290578,71.49567464467553,72.17676715290578,962300
2023-12-08,71.23080444335938,72.12000210496048,71.08890897293367,71.94027457838445,1228800
2023-12-11,71.56189727783203,71.79838734998805,70.63485301945457,70.9375600231301,704000
2023-12-12,70.19024658203125,71.60918693517559,69.85916194305167,71.60918693517559,1380800
2023-12-13,72.97136688232422,73.05650705045483,69.67942953474302,70.19024167511333,1252900
2023-12-14,70.67269897460938,72.9146276686361,70.63485969343664,72.82948748172119,1497200
2023-12-15,69.73619079589844,70.04835941055335,68.74292964639787,69.73619079589844,3150600
2023-12-18,68.63887023925781,69.83078211963063,68.49698198203788,69.73618754244947,1136600
2023-12-19,68.75238800048828,68.92266112610315,68.09967314944737,68.69563269765119,742700
2023-12-20,66.90776824951172,68.96996177814059,66.8131664556479,68.64833155663148,1687200
2023-12-21,66.98345184326172,67.6645444679882,66.59561184241215,67.05913040536575,760300
2023-12-22,67.2861557006836,67.99562594845712,67.09696652145249,67.47535209701928,686500
2023-12-26,67.49427032470703,67.92941122478395,67.26724185882013,67.3996757320129,452500
2023-12-27,66.97399139404297,67.58885980863188,66.76587897558335,67.48480359940207,702200
2023-12-28,67.95777893066406,68.05238072661164,66.90776972326267,66.98344105607549,773400
2023-12-29,67.95777893066406,67.98616379971058,67.40912748652835,67.56047736925773,509300
2024-01-02,69.25374603271484,69.25374603271484,67.81588969060452,67.81588969060452,716100
2024-01-03,70.01997375488281,70.04835862443613,68.76185212129971,69.27267151670128,1117900
2024-01-04,70.30375671386719,70.83349207825627,69.46185277384751,70.04835065378046,860500
2024-01-05,70.313232421875,71.11729725164534,69.90646919498819,70.37944935568892,1169900
2024-01-08,70.4645767211914,70.50241599709325,69.82132346506805,70.313226834688,742100
2024-01-09,69.9159164428711,70.21862339479273,69.58482462477613,70.00104939008202,598400
2024-01-10,69.55645751953125,70.09565458491117,69.47132455941531,69.88754217071119,472800
2024-01-11,67.1915512084961,69.19698941146898,66.97398440615538,69.19698941146898,722000
2024-01-12,67.39967346191406,67.87265362655907,67.10642806930761,67.48480642733998,681200
2024-01-16,66.08479309082031,67.08750878971,65.86721902668698,67.04966950824746,1468000
2024-01-17,66.10369873046875,66.8510081833789,63.71042048678773,65.82936939582297,3414700
2024-01-18,65.54558563232422,66.65235737657285,65.42261339977566,65.93342557627206,1920900
2024-01-19,65.8672103881836,66.03748352388114,65.15774019229453,65.77261580548586,1195700
2024-01-22,65.64964294433594,66.65235850216771,65.50774746308896,66.59560319651051,1168900
2024-01-23,65.8672103881836,66.11316207688094,64.83611716770142,65.52666411678851,1173300
2024-01-24,64.51448822021484,66.64289885057961,64.26854374368772,66.64289885057961,2092800
2024-01-25,66.20774841308594,66.33072785066895,64.49556286307454,65.28071151416938,1516100
2024-01-26,67.51317596435547,67.51317596435547,66.36856509195889,66.52937657930569,2242200
2024-01-29,66.46317291259766,67.52264383305915,66.45371128877801,67.19155917041493,1333000
2024-01-30,66.61450958251953,67.09695126207657,65.92396273997795,66.40639720243206,918200
2024-01-31,66.00144958496094,67.34255449182308,65.73323006527527,67.27549961190167,1619100
2024-02-01,67.17970275878906,67.21802087828786,65.35005823043431,65.70448804603862,1032800
2024-02-02,65.80986022949219,66.84442751779719,64.92856541727707,66.28882575462221,924200
2024-02-05,64.9572982788086,65.52248136490893,64.35380438442023,65.12972614983862,853700
2024-02-06,65.21593475341797,65.35004448924741,64.66033310016314,64.80402419096112,596700
2024-02-07,64.4112777709961,65.76196397598756,64.2580126128631,65.56079934494417,1161600
2024-02-08,63.59703063964844,64.23884257624513,62.457090551937426,64.22926852950138,1847000
2024-02-09,64.1813735961914,64.21011035531801,63.39587051018729,63.597035132506655,1060600
2024-02-12,65.22551727294922,65.2350986291624,63.68325511056601,64.18137600714961,1247000
2024-02-13,64.3442153930664,65.17761788889251,63.47250209349823,65.01477139347453,1453400
2024-02-14,64.03768157958984,64.58370192051396,63.83651696013707,64.37295594534447,1463800
2024-02-15,65.04351043701172,65.13930206659956,64.21968926737715,64.21968926737715,1535100
2024-02-16,65.06267547607422,65.35005771583515,64.38254530430287,64.75613783093172,2509000
2024-02-20,66.19303131103516,66.5666238201573,65.04351702272602,65.2542630142172,1126500
2024-02-21,67.21800994873047,67.25632806199879,66.12596930009828,66.5666166400347,1374200
2024-02-22,67.25634002685547,67.76404232822314,66.28882759290089,66.76779313131327,1546000
2024-02-23,67.53414154052734,68.13763549347023,67.05517599768673,67.50540477730638,1836900
2024-02-26,66.35588073730469,67.3233931459088,65.67575056759175,67.18928338334196,2591600
2024-02-27,66.10681915283203,67.16054177196143,65.70448258574741,66.93064038250837,3141000
2024-02-28,64.08558654785156,66.20261322002375,63.96105083814906,66.20261322002375,1263900
2024-02-29,65.45542907714844,66.67199827034096,64.66992592436708,65.0339370849713,6148300
2024-03-01,65.18719482421875,65.56078725705086,64.67948535365232,65.3404599540932,3184500
2024-03-04,65.99186706542969,66.16429494053693,64.84235277033711,64.86150817493407,1323300
2024-03-05,65.72364807128906,66.98811672928449,64.89024545026088,66.45167769511482,2331900
2024-03-06,66.82526397705078,67.160538342138,66.02059819240846,66.20260740849852,1177300
2024-03-07,68.36753845214844,68.58785849055715,67.08390710517071,67.40960744722884,1456000
2024-03-08,68.68364715576172,69.04766559926878,68.04183516427635,68.39627225178764,1488200
2024-03-11,69.25841522216797,69.46915390612293,68.43459396561273,69.04766922977937,1327300
2024-03-12,67.83110046386719,69.02851436731596,67.49582603258843,68.9997776029827,1168900
2024-03-13,68.46333312988281,68.88482512945524,68.17595089227727,68.27174253533448,1180400
2024-03-14,67.83110046386719,68.19511896791367,66.5762130317519,68.0035283583012,1187200
2024-03-15,67.99394226074219,68.23342499899603,67.3042308052218,67.32338620857152,2201000
2024-03-18,69.04766845703125,69.73737994860822,68.53996619474087,69.35420608568396,1759200
2024-03-19,69.44999694824219,69.71821645676191,68.59743894969017,69.19135879600773,1188700
2024-03-20,69.71821594238281,70.2929730718893,69.13387745666174,69.34462344278192,925200
2024-03-21,69.81400299072266,70.3504492769799,69.5745202601321,69.93853868802682,608400
2024-03-22,69.93854522705078,70.41751073301359,69.63200759557192,70.18760202807923,800600
2024-03-25,69.53620910644531,70.39834848455365,69.44999882285131,70.30255684441576,805800
2024-03-26,68.9614486694336,69.70863365869407,68.9614486694336,69.4691509155499,892300
2024-03-27,70.9156265258789,70.99226275532658,69.15303709918115,69.31588360543262,1500500
2024-03-28,71.586181640625,71.64365515774733,70.79109721441215,71.06889806122506,903200
2024-04-01,70.9347915649414,71.47123057181031,70.51329959758252,71.47123057181031,707400
2024-04-02,70.92520904541016,71.624494552403,70.81983605529892,70.95394580481627,767800
2024-04-03,70.00559997558594,70.90605015538951,69.89064562333218,70.83899527701655,1074800
2024-04-04,69.94811248779297,70.50371417482197,69.6224194833895,70.474977416602,750400
2024-04-05,69.69906616210938,69.94812297631636,69.04767274719492,69.56495639801823,505600
2024-04-08,70.96353149414062,71.20301424839317,69.8044358405703,69.8044358405703,759800
2024-04-09,71.4808120727539,71.52870423650234,70.83899276431144,71.22216661646564,1051200
2024-04-10,69.16260528564453,70.36960021764776,68.94228528019394,70.26422723819488,911900
2024-04-11,69.17219543457031,69.64157957007679,68.54953883367122,69.61284280992402,1500000
2024-04-12,69.20093536376953,69.94812039569231,68.94229720211693,69.4021000024846,1564900
2024-04-15,69.07640075683594,69.74694949232435,68.55911717155928,69.49789270967612,1479000
2024-04-16,68.21426391601562,68.8656572719572,67.74487978419154,68.8656572719572,1418600
2024-04-17,68.94229888916016,69.21051841401035,68.15679571991289,68.76987100769446,801900
2024-04-18,69.90022277832031,70.2259157941459,68.96144722909195,69.21051132312121,817100
2024-04-19,71.27006530761719,71.35627558647963,69.9098050903882,69.9576972536118,689600
2024-04-22,71.55744171142578,71.77776905385676,70.65699155456464,71.00184729410581,627600
2024-04-23,71.36585998535156,72.11304500108372,71.24133158554072,71.41375945905074,698800
2024-04-24,71.4041748046875,71.80650405481731,69.98643376481589,70.54203547695701,931900
2024-04-25,71.07847595214844,71.6723957921174,70.48456342061289,71.21258570497476,766700
2024-04-26,70.58993530273438,71.4903854420538,70.57077259067016,71.03058267057862,864400
2024-04-29,71.75861358642578,71.98851497643888,70.8773115259143,70.8773115259143,739000
2024-04-30,71.39026641845703,72.03970765117822,70.54695716419373,71.62290064899872,1049300
2024-05-01,72.64069366455078,73.22228298851572,70.89591829734648,71.24487337078735,1097100
2024-05-02,72.73761749267578,73.74570901536669,72.52436636735344,73.6681618070115,1045700
2024-05-03,73.46461486816406,73.73602273511379,72.69885273195035,73.39676290142663,1042600
2024-05-06,73.6778564453125,73.84263871521784,73.09626717809383,73.66816119552138,708400
2024-05-07,74.06558990478516,74.45331117793724,73.63908762994676,74.14312972223003,988100
2024-05-08,74.2788314819336,74.60840342887812,73.44521745739682,73.6778590888785,869500
2024-05-09,75.02521514892578,75.25784939969607,74.15282746440035,74.2497577859455,1002000
2024-05-10,74.87010955810547,75.33538538560175,74.47269308041616,75.28691653439917,695300
2024-05-13,74.59870910644531,75.35477592989061,74.28852765592137,74.99613301868709,717400
2024-05-14,74.63748168945312,75.19968787185823,74.4920825187885,74.96704624067121,716600
2024-05-15,75.16091918945312,75.70373490715745,75.06398886776442,75.37417033435396,919600
2024-05-16,75.43232727050781,75.79097759665295,74.94766826532714,75.2190761249788,492200
2024-05-17,76.0333023071289,76.0817637674069,75.0930627130889,75.5486433324946,590900
2024-05-20,75.61650085449219,76.23686379602516,75.38385920493512,76.23686379602516,486700
2024-05-21,76.2077865600586,76.35317834903421,75.55833785629211,75.6940417895425,550700
2024-05-22,75.38385772705078,75.99453280102892,75.20938019095838,75.82005526493653,684000
2024-05-23,74.13343811035156,75.02520882590503,74.07527400607886,75.02520882590503,715900
2024-05-24,74.46300506591797,74.58901373785591,73.83294691561005,74.24005868215642,430400
2024-05-28,74.13343811035156,74.91858326259876,74.07527400607886,74.47269790482203,531100
2024-05-29,73.40644836425781,73.83294321460463,73.13503313818961,73.41613621870727,604600
2024-05-30,74.65686798095703,74.69564158780983,73.43553264398581,73.77479245981115,704100
2024-05-31,76.44041442871094,76.46949278407564,74.84103832587037,75.02521110359228,824700
2024-06-03,74.5599365234375,76.03330398011792,74.28852867491986,74.62778848556691,2645200
2024-06-04,75.60679626464844,76.44041025098592,73.97834189544366,74.10435056024028,2744000
2024-06-05,74.78288269042969,75.60680148394934,74.6471787665704,75.5389495220197,976000
2024-06-06,74.2012939453125,75.432324519642,74.0849731259997,75.14152616901461,1057500
2024-06-07,73.36767578125,74.22067288911957,73.35798053135693,73.50337969851769,780800
2024-06-10,73.49368286132812,73.95895870713188,72.78607754059314,73.18350142922851,806500
2024-06-11,74.2303695678711,74.35637823767124,72.7085406989537,72.87332297376365,1094900
2024-06-12,74.30792236328125,75.33539708969042,73.58093385414807,75.11245069295337,1403300
2024-06-13,74.5599365234375,74.96704829621397,73.82326019040651,74.41453734878613,1381500
2024-06-14,74.14312744140625,74.54055134806343,73.80386764018,74.14312744140625,1216200
2024-06-17,73.52277374267578,74.3854662288011,73.47431227661735,73.6778681828066,787600
2024-06-18,72.44682312011719,73.88141697189094,72.34989280202784,73.18350684915286,933200
2024-06-20,73.17381286621094,73.425837613856,72.41774601858508,72.4759027313842,881100
2024-06-21,72.32081604003906,73.66816745851075,72.25296407635018,73.39675960375521,2108600
2024-06-24,73.40644836425781,73.67785619501726,72.27234079242905,72.27234079242905,1057100
2024-06-25,72.91210174560547,73.53246467910577,72.70854585136094,73.43553435736689,653900
2024-06-26,73.3192138671875,73.42583944017754,72.16572306591866,72.50499028651035,785300
2024-06-27,73.6100082397461,73.92987754607138,72.95087173121568,73.32890514394396,1139600
2024-06-28,74.03650665283203,74.50178254975418,73.4743078296592,73.92019322508361,1861700
2024-07-01,73.39676666259766,74.81197018086367,73.15443714107313,74.44363197045803,609600
2024-07-02,73.6972427368164,73.94926747512385,73.20288851041194,73.52276520957419,736200
2024-07-03,73.20288848876953,74.00742416388796,73.11565342282876,73.6584691095067,341000
2024-07-05,73.52277374267578,73.95897130906125,72.79578519400995,73.18351389902705,1626700
2024-07-08,74.06558990478516,74.16252022307317,73.25135896148542,73.416141242106,1087100
2024-07-09,75.07366943359375,75.1027551830547,73.6681614173081,73.79417008373707,939700
2024-07-10,76.08177185058594,76.15931906964047,74.73442034958022,75.42263527924207,1183200
2024-07-11,77.55513763427734,77.78777189074052,76.50827238722857,76.5179676382132,1010900
2024-07-12,77.78776550292969,78.45659725506125,77.34188013327834,77.70053043716074,957100
2024-07-15,77.14801788330078,78.09795279956128,76.89600052200095,77.22556509999748,975700
2024-07-16,78.07856750488281,78.32089700378647,76.92507672360239,77.61329161305164,1077700
2024-07-17,79.84272003173828,80.02688540841801,78.03009285223844,78.5147518140536,1120500
2024-07-18,79.55192565917969,80.35646135074263,79.29990091579543,79.40652648433073,772500
2024-07-19,79.64886474609375,79.88150640958801,78.77647699626539,79.87181115811491,695900
2024-07-22,79.93965148925781,80.01719869913234,79.30959335081799,79.64885314988283,639500
2024-07-23,80.02688598632812,80.34676267831023,79.77486864898671,80.34676267831023,664500
2024-07-24,80.94774627685547,81.48086672667019,79.93965469399966,79.97842830049133,797900
2024-07-25,81.0252914428711,82.24663424439525,80.75388357482345,81.44209849603277,934000
2024-07-26,82.11093139648438,82.39203451934048,81.13191809209721,81.50026368529963,492900
2024-07-29,82.57620239257812,82.74098467691778,81.54872028866919,82.11092650086151,658100
2024-07-30,82.82821655273438,83.22564046526159,82.26601775753096,82.3920264297593,922800
2024-07-31,82.96392059326172,83.51643892960294,82.21754901847805,82.9348422377299,1461900
2024-08-01,86.25466918945312,86.43095926360705,83.59073361207575,84.2175411041487,1888100
2024-08-02,86.41136932373047,87.54745502908263,84.24691620014465,86.18610689297567,1186100
2024-08-05,83.47321319580078,86.41137616334959,83.4046563587767,86.35260782294694,1337800
2024-08-06,83.56135559082031,84.58971563176279,83.55155962193598,83.73764567006374,806400
2024-08-07,83.5711441040039,84.70722981277983,83.37526210446718,83.91392826302534,769400
2024-08-08,83.63970184326172,84.00207047010123,82.9247456134307,83.0912397107426,974000
2024-08-09,84.22733306884766,84.36444673421224,82.6994908135655,83.80619610461804,852800
2024-08-12,83.97269439697266,84.49176865208727,83.58093784544671,84.03146273658912,657600
2024-08-13,84.29589080810547,84.47218087577507,83.56135010483786,84.23712994292707,663100
2024-08-14,83.93351745605469,84.61909328485983,83.44382363782302,84.10980752950347,436500
2024-08-15,84.17835998535156,84.4623832818043,83.18918390392761,83.45361526427503,733100
2024-08-16,84.66805267333984,84.82475827160047,84.03145672877505,84.52115051513825,749900
2024-08-19,85.22630310058594,85.29485993163831,84.63867205268923,84.83455405007757,466300
2024-08-20,84.89331817626953,86.17631355190747,84.71702810791103,85.28507471397,586400
2024-08-21,85.4319839477539,85.55930164625052,84.6386749078052,85.03043144366285,729700
2024-08-22,85.314453125,85.45156678912585,84.79537890050439,85.314453125,478100
2024-08-23,85.2654800415039,85.92167539675405,85.01084465148337,85.637652102838,803500
2024-08-26,85.29486083984375,86.04899346158398,85.04022544872883,85.40259407152092,790700
2024-08-27,84.62889099121094,85.30466339319553,84.29589530246555,85.30466339319553,479700
2024-08-28,85.22630310058594,85.90208291534096,84.53093882215917,84.91289937689875,645000
2024-08-29,85.35363006591797,85.71599869248925,84.37424247473619,85.26548129720176,748500
2024-08-30,85.71600341796875,86.05879507148776,84.93249778510967,85.51033290913819,736100
2024-09-03,86.47993469238281,86.81292291526199,85.31446096803576,85.71600602928035,572500
2024-09-04,86.72477722167969,87.28302786929584,86.24487190527655,86.8422989545665,1046700
2024-09-05,86.64642333984375,87.78250908570479,86.3819844998707,87.38096404978188,1118000
2024-09-06,86.0000228881836,86.9402340888751,85.86290922175782,86.57786545852173,804700
2024-09-09,87.63560485839844,87.8412753556833,86.01961384014963,86.01961384014963,1384000
2024-09-10,87.82168579101562,88.62478333777705,87.36137241565216,87.6649876578628,644400
2024-09-11,87.13611602783203,87.74333155808615,86.47013216048585,87.48869616184673,756000
2024-09-12,87.38096618652344,87.4201425886676,86.81291956363513,87.11652734008402,673700
2024-09-13,88.83045196533203,88.86962836582683,86.93044511020787,87.60621747037358,606100
2024-09-16,89.43767547607422,89.6041695750281,88.7814875763376,89.12427174245865,902000
2024-09-17,88.1155014038086,89.68252003090257,87.67477251135034,89.43767313691494,1176100
2024-09-18,88.3603515625,88.75210810178152,87.64539531790115,88.07632825832427,994000
2024-09-19,87.18508911132812,88.24282961269485,86.45054834184597,87.66499446066041,1038100
2024-09-20,88.41911315917969,88.41911315917969,87.41034510588024,88.08612495492473,3167000
2024-09-23,88.34075927734375,89.11447638453532,88.33097078119783,88.85984098632123,934700
2024-09-24,87.40055084228516,88.84025186765291,87.3515859435991,87.66498968930173,807400
2024-09-25,87.11652374267578,88.09591133943272,86.87167684348655,88.09591133943272,1299900
2024-09-26,86.6268310546875,87.4495205320185,86.34281522346569,86.80312112324883,1170700
2024-09-27,86.45054626464844,87.33199666127491,86.3819894266961,87.01859290604493,1761400
2024-09-30,86.76394653320312,87.91962423519718,86.39178192386541,86.65622076829415,1622800
2024-10-01,88.64437103271484,89.03612755505249,86.81291358726354,87.05776047970778,1813000
2024-10-02,87.97838592529297,88.98715391216209,87.69436263747275,88.00776635642367,891900
2024-10-03,87.6845703125,88.29179331225265,87.38096254869086,88.2330249754157,1051300
2024-10-04,86.1665267944336,87.01858924858051,85.44177456981659,86.95982838198682,1359600
2024-10-07,85.314453125,85.93146461356632,84.87373170061467,85.93146461356632,755800
2024-10-08,84.90311431884766,85.7062118603218,84.83455748501942,85.7062118603218,783000
2024-10-09,84.41341400146484,85.08918631931347,83.90412829905851,84.8345509402442,673400
2024-10-10,83.7572250366211,84.90311421800996,83.57114647195658,84.65826731575213,660300
2024-10-11,84.12940216064453,84.42321397771126,83.8355828714429,83.93352014379846,840100
2024-10-14,84.74641418457031,85.05002197224402,84.11960667135912,84.38404552757522,954400
2024-10-15,85.25569152832031,86.0196126424949,85.05980952972797,85.32424835979408,1247700
2024-10-16,85.77477264404297,86.06858445735055,85.30466328176207,85.70621580705772,1947700
2024-10-17,85.29486083984375,85.85311893424416,85.1675431442863,85.8433229662369,1487200
2024-10-18,86.10775756835938,86.32322403982865,84.61909167696139,85.30466002060496,2483200
2024-10-21,85.65724182128906,86.26446484609777,85.1381675693059,86.26446484609777,1060100
2024-10-22,86.30364227294922,86.4309599772815,85.00105490717472,85.20672541669678,1544500
2024-10-23,87.46910095214844,87.5082773513656,86.0098155739461,86.27424692849432,1651300
2024-10-24,87.76292419433594,87.91962232618401,87.17529312367033,87.50828132393154,1260800
2024-10-25,86.3819808959961,88.14488151515282,86.21548680200189,88.14488151515282,767300
2024-10-28,86.41136932373047,86.96961994449278,86.30363609234351,86.6758006821403,575100
2024-10-29,85.63765716552734,85.8825040741917,85.01084967711736,85.8825040741917,948400
2024-10-30,85.72579956054688,86.12735208250798,85.03043522771804,86.01961884354938,1646200
2024-10-31,86.0000228881836,86.67580272423521,85.71599958712036,85.81394432496828,1216600
2024-11-01,84.06084442138672,86.25467068159355,83.71806023575046,86.08817657316092,1116900
2024-11-04,84.82786560058594,84.90704404703324,83.66990913706516,83.79856844938783,1422300
2024-11-05,85.81757354736328,86.07489972293726,84.14496473244085,84.55074860741797,1334300
2024-11-06,89.17267608642578,91.63704652729308,86.73799567302277,86.96563180170173,3210800
2024-11-07,88.30174255371094,89.36072973474892,86.8567698847816,88.90546499392507,2071200
2024-11-08,90.86508178710938,91.18178801971216,88.47988962457298,88.5986497425039,1873600
2024-11-11,90.96405792236328,92.16160359117445,90.08321093285424,90.08321093285424,1425000
2024-11-12,89.98423767089844,91.26096172849017,89.83577998031859,91.05312398202712,2234200
2024-11-13,90.28115844726562,90.65724474178727,89.59825756031125,90.31084847698152,1335600
2024-11-14,89.92485809326172,90.56816972194781,89.68733031759382,90.09310661974015,988600
2024-11-15,90.93435668945312,91.13230279465573,89.5982525705408,89.95454800903366,3587400
2024-11-18,90.637451171875,91.45891053997556,89.6279448867492,89.95455030551767,1707000
2024-11-19,90.01393127441406,90.56817283786984,88.9450524716987,90.56817283786984,1372000
2024-11-20,90.84529113769531,90.8551903311673,89.60815623422556,90.01393255611009,1269200
2024-11-21,92.65645599365234,92.68614602240943,90.52858250588793,90.7760094800263,1074200
2024-11-22,91.97355651855469,93.40862996989371,91.90427726678395,93.0325436818343,1297500
2024-11-25,91.92406463623047,93.07212939470656,91.61725761151129,92.37932935225214,1189600
2024-11-26,92.83460235595703,92.84449399814969,91.75581683807707,92.55747780625266,1039200
2024-11-27,93.54718780517578,94.43792642934515,92.81480607013522,93.37893927363048,1181300
2024-11-29,92.73562622070312,94.20039721946625,92.73562622070312,93.9034818322838,507900
2024-12-02,91.46880340576172,93.23048228080751,91.20158559193196,93.23048228080751,918800
2024-12-03,90.34053802490234,92.03293766753237,90.3108479953448,91.74592146368906,1020800
2024-12-04,91.14219665527344,91.7855082988152,89.76650328183455,90.39991573215725,1271300
2024-12-05,91.49848937988281,92.27046785968577,90.50878151184354,91.2015815499941,891500
2024-12-06,90.6473388671875,92.13190065054167,90.48898953674967,91.63704672275695,746700
2024-12-09,89.50918579101562,90.7859099009395,89.44979818182634,90.18218747180792,1049700
2024-12-10,89.32113647460938,89.81599041629696,87.99493153530516,89.50918338872967,1105500
2024-12-11,87.97513580322266,89.66753542874663,87.75739885417183,89.66753542874663,962800
2024-12-12,87.79698944091797,89.40031900358072,87.72771018795014,87.78709024738762,973800
2024-12-13,86.64892578125,87.9256422702529,86.5895381753191,87.46048592083638,1008600
2024-12-16,85.1346664428711,86.68850747461266,85.09508477340185,86.64892580514342,1336900
2024-12-17,85.2138442993164,86.08479203910251,84.32310572493137,84.5903310726827,1232100
2024-12-18,83.16515350341797,85.18415852247725,83.1057734457866,84.97632076989538,1330700
2024-12-19,83.72928619384766,84.83776175174201,83.18495138350546,83.18495138350546,1300600
2024-12-20,84.08557891845703,84.7783789513011,83.22453036154424,83.49175571235622,1900600
2024-12-23,84.12516784667969,84.46166489364799,83.26411929275868,84.03609776396634,1087800
2024-12-24,84.72888946533203,84.9664172345911,84.04598863398161,84.36269484328425,359400
2024-12-26,84.5606460571289,84.907042314678,83.96681527176233,84.31321908018353,798100
2024-12-27,84.07568359375,84.91694135454166,83.87774503290025,83.8975358686364,642600
2024-12-30,83.92723083496094,84.22413866698952,83.13546151447434,83.92723083496094,731100
