Price,Close,High,Low,Open,Volume
Ticker,STE,STE,STE,STE,STE
Date,,,,,
2015-01-02,58.2166862487793,59.02971495575895,57.80569691439547,58.16307509153432,449400
2015-01-05,57.635955810546875,58.61874082599653,57.26070492182162,58.02013621307261,397800
2015-01-06,57.67167663574219,58.24347889913297,56.96585331756684,57.90396661895549,492500
2015-01-07,58.136268615722656,58.45790826968576,57.75208829662346,58.073727950586566,394900
2015-01-08,59.6640625,59.717666844882004,58.11841148024252,58.681277550770375,681000
2015-01-09,59.011844635009766,59.735530446878926,58.94930396998924,59.664053453592246,376300
2015-01-12,57.877166748046875,59.23520228976845,57.85930090879148,59.19052746699857,565300
2015-01-13,57.877166748046875,58.895689996127594,57.171350218303,58.18094054675601,496200
2015-01-14,57.33217239379883,57.805695570520015,56.742500800976124,57.36791089232404,473100
2015-01-15,56.53700256347656,57.69847976460768,56.420857569931755,57.44831712225225,396500
2015-01-16,57.796756744384766,57.975442391794395,56.277904883931136,56.277904883931136,441600
2015-01-20,57.49300003051758,58.44005332889283,57.0373460412286,58.07373878161827,399800
2015-01-21,57.65381622314453,58.11840992106556,57.18029301226426,57.51979854811262,346500
2015-01-22,58.97610092163086,58.99396676016158,57.3053621375517,58.029047885407174,313400
2015-01-23,59.127994537353516,59.4764363879786,58.493651506307295,58.97611102634706,328200
2015-01-26,60.066104888916016,60.11970922429642,58.30602316876773,58.96716829867007,507400
2015-01-27,59.58365249633789,59.94996019230209,59.10119297136254,59.592582009014215,331600
2015-01-28,58.39536666870117,59.95889008846751,58.23454684429693,59.610448271661845,453400
2015-01-29,59.40494918823242,59.44068768170107,58.091588523047434,58.54724579424686,318400
2015-01-30,58.27029037475586,59.315615915484834,57.90397587002318,59.06545323733654,652400
2015-02-02,57.95758056640625,58.350690381209105,56.912251733991596,58.27028387923386,436200
2015-02-03,59.860599517822266,59.994617148683446,58.127320275902605,58.34175121184845,536400
2015-02-04,59.99464416503906,60.754068660004535,59.25308551457103,60.477103763545145,670400
2015-02-05,60.51284408569336,60.73620463894328,59.54792485971217,60.33415155323954,388700
2015-02-06,59.842735290527344,60.74510660865617,59.521095694379625,60.432403339184795,408400
2015-02-09,58.65446853637695,59.8427480297471,58.520450873382615,59.53897420586517,396700
2015-02-10,59.05650329589844,59.35134073422249,58.1273229795082,59.26199791496616,714100
2015-02-11,58.815284729003906,59.28880786804877,58.44004074897829,59.09224955001029,356200
2015-02-12,58.83314514160156,59.30666823696654,58.422162703805164,59.065441933893595,305500
2015-02-13,58.52042770385742,59.2083747707701,58.109445365434176,58.70804963119724,354100
2015-02-17,58.35962677001953,58.55618508583655,57.85930146897329,58.3774926094479,349300
2015-02-18,58.9582405090332,58.98504268060493,57.6448795706421,58.35963595585777,494400
2015-02-19,58.38644027709961,59.1190625315294,58.1988182527676,58.931440507197394,213200
2015-02-20,59.30667495727539,59.70872792984934,58.002250511306,58.40430348387994,392300
2015-02-23,58.75978088378906,59.77287807760361,58.177023076324275,59.31564333462215,470100
2015-02-24,58.59841537475586,58.75082699078677,58.02462483430305,58.67910146319947,407100
2015-02-25,58.096343994140625,59.046683190078994,57.800481355363644,58.589441551980215,266500
2015-02-26,57.639102935791016,58.05151441817887,57.423933214571726,57.93496557754386,612300
2015-02-27,57.845306396484375,58.2308225263298,57.11014031778471,57.54048318876217,412800
2015-03-02,58.26667785644531,58.302540612801764,57.011512164515715,57.98875004483453,530700
2015-03-03,56.859092712402344,58.15909187818008,56.733576495033574,58.15909187818008,576900
2015-03-04,56.74254608154297,57.30736908148299,56.08806619426763,56.643925215504396,363400
2015-03-05,57.61220169067383,57.69288776284334,56.32116981499039,56.455653442060985,314900
2015-03-06,56.8232307434082,57.32529558959714,56.455646086708335,57.11908989633236,614100
2015-03-09,57.27152633666992,57.4149739778989,56.45566723591856,56.975663652850535,498000
2015-03-10,58.096343994140625,58.48186011251371,56.49151798085779,56.70669111997387,1247100
2015-03-11,57.630123138427734,58.27563900334563,57.119090885387834,58.26667160518826,662400
2015-03-12,58.45494842529297,58.598399441462284,57.56736749313837,57.88115804085758,407700
2015-03-13,59.08255386352539,59.20807011979613,57.87221462655869,58.40117501511068,456100
2015-03-16,60.9294319152832,61.2880526637437,59.14530241284759,59.14530241284759,791200
2015-03-17,60.463226318359375,60.85770296329547,60.292879933426065,60.85770296329547,442500
2015-03-18,60.14047622680664,60.60667844649526,59.72806472935684,60.36461335629821,574400
2015-03-19,61.11770248413086,61.16253263995775,59.77287989078129,59.943226274777764,451100
2015-03-20,62.27425003051758,62.319080185837166,61.3328783298985,61.79011308157576,984700
2015-03-23,61.9783821105957,62.211486586063714,61.664591570612274,61.92459140091876,538800
2015-03-24,62.01423645019531,62.51630808617279,61.64665525040521,61.77217144936962,546700
2015-03-25,61.22529602050781,62.839079167268515,61.10874718150262,62.31908625160365,609600
2015-03-26,61.332881927490234,61.34184248698267,60.624607840648096,61.0818426191453,303300
2015-03-27,62.07700729370117,62.10390265041216,61.08183805466712,61.23425647623146,595000
2015-03-30,63.09908676147461,63.34115870917071,62.05909396284338,62.38185199968962,482000
2015-03-31,63.00043869018555,63.143889684727775,62.301132192091934,62.686648189774296,489700
2015-04-01,61.53908920288086,63.10804909598486,60.88461262079739,62.51633063602066,648800
2015-04-02,61.987342834472656,62.29217278343475,61.38665717402267,61.754238384104,529900
2015-04-06,62.534236907958984,63.12596200281874,61.494237713400594,61.80803505528558,367500
2015-04-07,62.68666458129883,63.10804343780034,61.96046254186872,62.3011484828104,426600
2015-04-08,63.35908126831055,63.511492872679355,62.71356524966349,62.749428010713025,631700
2015-04-09,63.35012435913086,63.99563357485759,62.704608303281454,63.3411569583211,520600
2015-04-10,63.341156005859375,63.77149547653951,63.04529334469018,63.70873735206022,318800
2015-04-13,62.928733825683594,63.67286379257929,62.72252468586243,63.233556995716775,546900
2015-04-14,62.18460464477539,63.2156367900807,61.97839547966543,63.11701590765275,569100
2015-04-15,62.26526641845703,62.87491943540326,61.99630607693695,62.40871740603006,422000
2015-04-16,62.06805419921875,62.68666799833009,61.87977299935654,62.13081231913213,291600
2015-04-17,61.987342834472656,62.0501009357119,61.33286647013761,61.61976162439134,411700
2015-04-20,62.48942184448242,62.5252846019286,61.27011545179892,62.112873151479995,605100
2015-04-21,62.93769454956055,63.19769440474586,62.77631556496694,62.9825247053282,287700
2015-04-22,63.14390182495117,63.278385448160726,62.37286968134565,62.919764732975636,164700
2015-04-23,63.3859977722168,64.00461863645558,62.937723369753805,63.14393260454158,280800
2015-04-24,63.43977737426758,63.690809874089474,63.027365861685524,63.46667273637384,228800
2015-04-27,61.790103912353516,63.583200417112145,61.592862202410814,63.448716811231186,525300
2015-04-28,62.32802963256836,62.35493182503663,60.82182833999158,61.58389980382946,431800
2015-04-29,61.05493927001953,62.35493843907242,61.019076516377986,62.148729315663736,388800
2015-04-30,59.62046813964844,60.902532615354005,59.42322639875198,60.74115363099521,639800
2015-05-01,59.9073600769043,60.615634089531184,59.378399837163286,59.72805314413945,572600
2015-05-04,60.9294319152832,61.40460149994157,60.07771362279614,60.14047174076759,458600
2015-05-05,60.0687255859375,60.83975753619043,59.763902500549804,60.516999657474344,526300
2015-05-06,59.61150360107422,60.39150320292529,59.208059540877784,60.131503335641604,645100
2015-05-07,60.310813903808594,60.947369350922806,59.60254661611987,60.06874882119781,691000
2015-05-08,61.08184814453125,61.44046892019979,60.418404155623996,60.839783054025354,454900
2015-05-11,60.508056640625,61.33288646308281,60.436337958773144,61.126677297437794,425000
2015-05-12,60.104583740234375,60.230099923465175,59.35147980073061,59.79975383801745,318900
2015-05-13,60.508056640625,60.561854202166714,59.73702437970891,60.30185431510224,351000
2015-05-14,61.96942138671875,61.96942138671875,60.56184081959568,60.911494111802504,376400
2015-05-15,62.39080810546875,62.40874290630334,61.70046875602904,62.00529880911579,323700
2015-05-18,63.341156005859375,63.457704854143046,62.04115651289892,62.229437726459366,587100
2015-05-19,63.1259765625,63.23355799356402,62.686662918583565,63.09011380543816,759200
2015-05-20,62.9645881652832,63.7266528286173,62.74941165507179,63.197685791164844,929200
2015-05-21,62.43561935424805,63.09906314158585,61.87975697883944,62.821135373941694,479500
2015-05-22,61.9783821105957,62.910793172346985,61.879761249440804,62.1756238329055,327400
2015-05-26,61.52116775512695,62.17564440649511,61.18047490745085,61.80806303520403,850100
2015-05-27,59.29771423339844,60.52598807850686,57.41496384697351,60.42736720130215,4040700
2015-05-28,59.30667495727539,60.50804646781313,58.3473684925507,59.109433225068635,1642100
2015-05-29,59.91633987426758,60.346679338003206,58.42806603188597,59.39634008547479,2238600
2015-06-01,60.690025329589844,61.20282248918398,59.34955676569356,59.98830362317091,913600
2015-06-02,60.177215576171875,60.84295053476506,59.6734168900735,60.33915184866668,766200
2015-06-03,60.06926345825195,60.555072337888575,60.00628861443294,60.39313604467637,679200
2015-06-04,58.00908660888672,59.772389194575666,57.703203876895685,59.44851659069978,1604600
2015-06-05,57.82014465332031,57.93710282233349,57.172402995630875,57.811153150890306,847000
2015-06-08,57.58624267578125,58.368928947818524,57.505271106824964,57.82014528889412,549900
2015-06-09,57.11844253540039,57.66722291023499,56.90252630107219,57.4603050446012,478000
2015-06-10,57.613243103027344,57.81116602042472,57.154422418491954,57.27137718166967,630600
2015-06-11,57.982093811035156,58.44991286356641,57.478295013303494,57.71220453956912,738900
2015-06-12,57.11844253540039,57.514284961151276,56.821558142183136,57.35234864337316,901800
2015-06-15,56.785560607910156,57.13642141831398,55.85892785921582,56.91151029042727,766600
2015-06-16,57.42431640625,57.577254340794276,56.53366674314225,56.78556613268425,578700
2015-06-17,57.47828674316406,57.96409559839596,57.334343759969954,57.71219623577413,418500
2015-06-18,58.00008773803711,58.30596360363171,57.694205008699,57.694205008699,431800
2015-06-19,58.26097106933594,58.42290732978042,57.91910181742992,58.06304821059915,854300
2015-06-22,58.431907653808594,58.93571324222549,58.377931180091466,58.67481551302133,626500
2015-06-23,58.31495666503906,58.70180407757124,58.19800535008482,58.53086942485568,364200
2015-06-24,58.980712890625,59.1156609879478,58.126053047156205,58.62985195583294,581800
2015-06-25,59.37653732299805,59.61044681611847,58.94470494060211,58.98069154444701,597800
2015-06-26,58.791778564453125,59.67343337238823,58.78278019578957,59.67343337238823,681000
2015-06-29,58.00908660888672,58.7917730151338,57.91911665823175,58.66582332070913,615500
2015-06-30,57.97309875488281,58.80077011866146,57.730190875326926,58.68381879456559,477500
2015-07-01,58.17102813720703,58.791778297287536,57.98209671485189,58.37794256931914,1115700
2015-07-02,58.06306838989258,58.52188909790123,57.955108557495194,58.35995278117725,718900
2015-07-06,58.224998474121094,58.39593314118379,57.54126666961377,57.70320296900383,472800
2015-07-07,58.153018951416016,58.66581603322914,57.7121950756889,58.512878118103394,455800
2015-07-08,58.23400115966797,58.485900563231546,57.73019548879685,57.73019548879685,859300
2015-07-09,58.54887390136719,59.00768771868455,58.485899052103406,58.85474977957877,462300
2015-07-10,59.871341705322266,59.92531817665702,58.881727305901364,59.27757306566973,521800
2015-07-13,60.66303634643555,60.717012826654994,59.94331791270571,60.23120391344891,455700
2015-07-14,61.11286926269531,61.14885587700458,60.67204524896031,60.78899659765678,366700
2015-07-15,60.896949768066406,61.148849176885626,60.6720386010858,61.0588860828422,544500
2015-07-16,61.409732818603516,61.56267072964765,60.74399097568927,61.157833467767865,433600
2015-07-17,61.3647575378418,61.40074414560567,61.08586990735128,61.40074414560567,265300
2015-07-20,61.83256149291992,61.88653795952807,61.247791270944596,61.31076610323474,342900
2015-07-21,61.94951629638672,62.07546596809215,61.355747675139085,61.80556989229917,489200
2015-07-22,62.4353141784668,62.50728736790382,62.00348190558576,62.00348190558576,445200
2015-07-23,61.83256149291992,62.62424607938777,61.706604964597695,62.45331145013939,442100
2015-07-24,60.977909088134766,61.661640896994065,60.92393260924233,61.391744775044906,483600
2015-07-27,61.11286926269531,61.30179384001031,60.41114744302678,60.86096982627531,614900
2015-07-28,61.39173889160156,61.55367517650328,60.75299211886223,61.3737490216093,462500
2015-07-29,61.72461700439453,61.87755494020931,60.96891196574706,61.28379306903396,399000
2015-07-30,61.79658508300781,61.98550961102829,61.445724264720766,61.46371413530902,420500
2015-07-31,62.192420959472656,62.47131541798552,61.83256865541161,62.07546964702709,426200
2015-08-03,61.72461700439453,62.3093873713998,61.1938231173842,62.16544093975509,382200
2015-08-04,60.99589920043945,61.85955708765676,60.61804329799089,61.27478679609239,462500
2015-08-05,62.18342971801758,62.588266993660255,61.310773463139654,61.310773463139654,399300
2015-08-06,61.25678634643555,62.75919777084746,60.71700105763872,62.408336989942406,524900
2015-08-07,60.52808380126953,60.77998317530385,59.85335039350198,60.6000570120631,385100
2015-08-10,61.15785598754883,61.445742046473576,60.663048606391406,60.95093466531616,436400
2015-08-11,60.833980560302734,61.247816322295236,60.18623524109891,60.815983821577774,306100
2015-08-12,61.29278564453125,61.50870529577235,59.736404291694974,60.393141022257964,441400
2015-08-13,60.98691177368164,61.55368543340972,60.779990483704985,61.23881117800523,280100
2015-08-14,61.83256149291992,61.859549726223996,60.68101091659133,61.094853373060225,378400
2015-08-17,62.2284049987793,62.2284049987793,61.10384943556407,61.517685059178184,302600
2015-08-18,61.97651672363281,62.354365813082005,61.769602306729354,62.23741448456021,336100
2015-08-19,61.11286926269531,61.62566650504884,60.78899659765678,61.62566650504884,405000
2015-08-20,58.98969650268555,60.7529991056549,58.97170663062439,60.50109971433694,890700
2015-08-21,58.08661651611328,58.81811554889094,56.89454070083913,57.46348707244952,889600
2015-08-24,55.955326080322266,56.343654157247286,54.86259053595513,55.070300341867366,680600
2015-08-25,55.96435546875,57.37317031754422,55.86501525351312,57.37317031754422,657600
2015-08-26,56.80421447753906,56.9938620569523,55.16962459329619,56.9938620569523,567300
2015-08-27,58.74585723876953,58.791007489452966,56.569412589465806,56.80421731906155,711700
2015-08-28,58.42075729370117,58.80908535857712,58.0595207628841,58.57428058004396,359400
2015-08-31,57.842777252197266,58.86326400177996,57.75246640377848,58.36656294799316,421300
2015-09-01,56.27141571044922,57.5357368701876,56.0998267820151,56.79520497012454,634900
2015-09-02,57.59894561767578,57.61700778922026,56.28043809999151,56.966786838653846,410100
2015-09-03,58.00532531738281,58.420744827673936,57.27381960381576,57.46347063678009,616100
2015-09-04,57.3460807800293,58.03242950282091,57.17449532183484,57.535728409350575,462500
2015-09-08,58.763938903808594,58.86327914011407,57.779572795429594,58.258211802628004,372100
2015-09-09,57.66216278076172,59.60380320248175,57.526701658669396,59.35093968523711,354700
2015-09-10,58.42075729370117,58.88132715272954,57.472512261558066,57.60797682186619,437900
2015-09-11,58.3936653137207,59.20643888933522,58.05952031951419,58.312383822151034,271500
2015-09-14,57.86083984375,58.57428009140831,57.80665677608425,58.4297827242814,209000
2015-09-15,57.88792419433594,58.20400353318701,57.00289860054651,58.1407876654168,534200
2015-09-16,57.58991241455078,57.878896804973266,57.174492831747116,57.635066117897836,581900
2015-09-17,57.64409637451172,58.474935503349975,57.49056965591803,57.71634160766841,468200
2015-09-18,57.373165130615234,58.0143566228038,56.91259188207306,57.09321012571946,837200
2015-09-21,57.526702880859375,58.72780805829666,57.192561305257485,58.077583634416555,362100
2015-09-22,56.894527435302734,57.282855437842606,56.65069333289354,56.894527435302734,333300
2015-09-23,56.85840606689453,57.34607429716807,56.56038888950948,57.09321081999209,344600
2015-09-24,61.40996170043945,61.50026908964355,56.18108325237999,56.51522817144852,3924800
2015-09-25,60.86808395385742,62.01500176604178,60.290108646771095,61.14803880541229,5465400
2015-09-28,58.456878662109375,60.42561042039951,57.91502044844097,59.802477608688875,1969500
2015-09-29,58.14079284667969,59.91987699963102,57.54475845316056,58.45687910371188,1102200
2015-09-30,58.67362976074219,59.15226530893118,57.96922220755729,58.727812837136476,842000
2015-10-01,58.97163772583008,59.405116023402954,57.066118418958794,58.646525557643756,1905700
2015-10-02,58.97163772583008,58.97163772583008,57.291890375198555,58.70070862233704,1673600
2015-10-05,59.766357421875,59.82957329919435,58.71877215199566,59.46833676164927,804100
2015-10-06,58.87229537963867,59.9740635885494,58.58330756172873,59.77538317185886,686100
2015-10-07,60.1908073425293,60.19984015034744,58.82714274256128,59.13419619825565,744200
2015-10-08,60.786834716796875,60.94036487189137,59.56766762289093,60.04630303168259,801200
2015-10-09,60.18177795410156,60.994558453574534,59.89279009762384,60.94940130193171,550900
2015-10-12,60.66942596435547,60.9313221982682,59.88373726261728,59.99211025630893,307200
2015-10-13,59.79343795776367,60.95842195979686,59.775379234714464,60.50687809342799,458500
2015-10-14,58.90842056274414,60.40754273651693,58.646524272443706,59.89278296317144,381000
2015-10-15,60.38948440551758,60.38948440551758,58.70974052575798,59.07097702818181,414700
2015-10-16,60.41657257080078,60.57009583652171,59.76634828067355,60.38044823357007,592500
2015-10-19,60.80491638183594,60.90425661252775,59.757331000000235,60.055351692075696,704500
2015-10-20,62.006004333496094,62.168553503889584,60.497842649170856,60.94036057972749,1424000
2015-10-21,62.13243103027344,62.40335318234605,61.67185441473473,62.12339822486749,987700
2015-10-22,61.07582473754883,62.27693315146363,60.37141736397866,62.26790034436289,904400
2015-10-23,61.21128845214844,62.13244184353948,60.68749588763298,61.22935406610439,1608100
2015-10-26,61.09389114379883,61.64477525386367,59.61282770067754,61.211290077578184,9541400
2015-10-27,61.6357421875,61.644774994679864,60.18177028213229,60.64234698812167,1441900
2015-10-28,64.39122772216797,64.4456099914303,61.717319866143086,61.90767163925026,1639600
2015-10-29,63.44856643676758,64.93507515434425,63.33979497620894,64.27340111981113,1280200
2015-10-30,67.93526458740234,68.83261332468818,64.35495639895007,64.35495639895007,2679000
2015-11-02,67.50020599365234,68.61508397967711,66.18591022249815,68.61508397967711,1311500
2015-11-03,69.16798400878906,70.14690619159342,66.80225885801691,67.56364508309032,1134100
2015-11-04,68.44285583496094,70.21941431701734,67.5273820083504,69.10452966526958,2176300
2015-11-05,69.63934326171875,69.98377588619628,68.18909153320052,68.56071529706502,807100
2015-11-06,68.39754486083984,69.64838537493566,68.05311232038147,69.64838537493566,660600
2015-11-09,66.84761047363281,68.38850177942886,66.25844371011797,68.17096572909978,958000
2015-11-10,67.5364761352539,67.69056386778438,66.53036249169149,66.53036249169149,2116300
2015-11-11,66.72974395751953,67.7267911429758,66.40343660004764,67.58176257728046,428000
2015-11-12,66.38532257080078,66.84759260511225,65.46078941752234,66.75695318464881,716700
2015-11-13,67.11952209472656,67.39144037358949,66.06808538682401,66.30375342744784,1241000
2015-11-16,68.24345397949219,68.56069537238808,66.89290809811038,67.20108347539677,954100
2015-11-17,68.25253295898438,68.7057370107297,67.86277719786959,68.57884042946861,886000
2015-11-18,68.68760681152344,68.69667282909721,67.9806095783637,68.21627762786535,614300
2015-11-19,67.58177185058594,68.77823002037529,67.12856789361507,68.77823002037529,342100
2015-11-20,67.60895538330078,68.42472379723674,67.48205884283773,67.98965192003277,832700
2015-11-23,67.32799530029297,67.68149392044488,66.78415180123966,67.3008041626421,958400
2015-11-24,68.01686096191406,68.0893752656608,66.43971288981761,66.80227057786213,1128900
2015-11-25,68.92327117919922,69.19518945377989,67.85370936902095,67.85370936902095,594700
2015-11-27,69.20425415039062,69.3402167427591,68.77824125479695,69.19518813347413,239900
2015-11-30,69.23143005371094,69.3945837455876,68.83261529661272,69.25862809847638,769400
2015-12-01,69.70277404785156,69.89311889108707,68.8870054944537,69.51242920461607,584100
2015-12-02,69.05015563964844,69.96562957537581,68.20719599722186,69.6937044331697,2246100
2015-12-03,66.6481704711914,69.72089263859797,66.60285422628776,69.05921875718941,744600
2015-12-04,67.29171752929688,67.87181800594523,66.34905252590752,66.63004366468697,715000
2015-12-07,69.31300354003906,69.55773059611231,67.09230034594952,67.5183131059127,1184900
2015-12-08,66.25840759277344,69.79339933159822,65.92304113868761,68.32501623276075,1588700
2015-12-09,65.33389282226562,66.72069600935589,64.95320310724956,66.14059542018538,1053700
2015-12-10,66.52127075195312,66.81132098382363,65.54234862613652,65.73269344248813,963200
2015-12-11,65.57862854003906,66.42158839963133,65.45173195174306,65.6602088698553,857200
2015-12-14,64.94415283203125,66.51223524006132,64.47281666699551,65.70553244660965,805300
2015-12-15,65.23417663574219,65.98649684050321,65.05289090940879,65.36107318650387,809600
2015-12-16,67.16482543945312,67.36423628816121,65.55142044949665,65.96836726254827,1107400
2015-12-17,66.68443298339844,67.69961238268455,66.68443298339844,67.40956211365193,669100
2015-12-18,64.38216400146484,66.64818417279808,64.3187157132813,66.43064817264663,2494100
2015-12-21,64.51814270019531,64.95322172444986,64.08306367594076,64.69036248911743,828000
2015-12-22,67.08328247070312,67.90811045540528,65.64208962935454,65.64208962935454,1263900
2015-12-23,69.63934326171875,69.71185757698109,67.47302822951278,67.76307857521643,925500
2015-12-24,69.4399185180664,70.1197245286868,69.25863968137203,69.63932938763682,258700
2015-12-28,69.24050903320312,69.63026476370047,68.36129213542928,69.40366275562863,700200
2015-12-29,70.455078125,70.56384263022255,68.97762905253136,69.84777967102372,510700
2015-12-30,69.74808502197266,71.39774712059427,69.69370276097371,70.70888209679603,405000
2015-12-31,68.28878021240234,69.63026718967774,68.27065509387667,69.63026718967774,588100
2016-01-04,67.40956115722656,67.96247055524765,66.52127833103643,67.17389315593631,870500
2016-01-05,67.33706665039062,67.98968166707338,66.55755503772465,67.40958096676556,739200
2016-01-06,67.44579315185547,68.07120969635825,66.3943570115578,66.50312841359104,696600
2016-01-07,65.7145767211914,67.27359950985952,65.55142301271815,66.16778069857894,500700
2016-01-08,63.947105407714844,66.04997229096573,63.85645904958164,65.84149534874405,598900
2016-01-11,63.11320114135742,64.85351015935393,62.48778417920393,64.19182912363114,659000
2016-01-12,63.10414123535156,63.93803511784268,62.45152622632521,63.557345334359226,924800
2016-01-13,60.729331970214844,63.62077551125896,60.70214083847423,63.10412326215596,696300
2016-01-14,61.5632438659668,61.92580853246147,60.01328665916429,60.87437860650735,783800
2016-01-15,61.02845764160156,61.11003104937658,59.614456335397676,60.058601273322246,714900
2016-01-19,60.80182647705078,61.96202715601999,60.30329950623986,61.54508046922428,700400
2016-01-20,61.51792526245117,62.152408218149525,59.079685061340015,59.986093235392275,1150300
2016-01-21,61.2731819152832,62.23397913689282,60.76559562749704,61.53604107584233,858900
2016-01-22,63.04973220825195,63.05879822367714,61.81701689348364,62.007368640694494,617400
2016-01-25,62.91379928588867,63.720502066621584,62.614682906871906,62.8412849669732,570900
2016-01-26,62.85939025878906,63.330726267701266,62.28835573700254,63.07692623156336,661200
2016-01-27,62.460567474365234,63.91081863298871,62.252090628746075,62.54214086047077,783100
2016-01-28,61.5269775390625,63.04974337914161,60.430224599979454,62.76875908926965,876400
2016-01-29,62.75969696044922,62.87753444312425,61.862354848395526,61.862354848395526,668000
2016-02-01,63.29449462890625,63.566412975627884,62.07990388444024,62.07990388444024,736700
2016-02-02,62.641876220703125,62.85034625063443,62.070841498963006,62.53310473855659,436200
2016-02-03,62.46962356567383,63.24006880828075,61.817008846882146,63.24006880828075,666700
2016-02-04,62.23396682739258,62.940963849924884,61.95297568907971,62.514951050362306,950900
2016-02-05,60.51178741455078,62.02548679963612,60.2489283194506,61.89859025929021,724400
2016-02-08,59.33346176147461,60.076715981116266,57.747247897514896,59.696026313448414,739900
2016-02-09,60.248931884765625,61.61760969702455,59.07966490923434,60.25799789971048,1532400
2016-02-10,58.19139862060547,61.05565160324388,58.09169317403608,60.74746924602619,1173600
2016-02-11,56.623313903808594,57.7291294109677,55.66252009357198,56.45109415557733,834900
2016-02-12,56.75020980834961,57.312181843526304,55.63532829731917,57.257796114571505,666800
2016-02-16,58.02823257446289,58.23670944089358,56.96773695716723,57.130890661008394,515300
2016-02-17,58.617393493652344,59.061538315364146,58.1007413002274,58.30015213196037,570600
2016-02-18,57.738197326660156,59.17938636056909,57.63849188128398,58.67180003163226,575000
2016-02-19,57.66566848754883,57.81069361036915,56.81364632318842,57.593157654974505,552700
2016-02-22,58.445186614990234,58.553951141227756,57.46626438679009,58.13700432151519,688000
2016-02-23,56.895233154296875,58.21859152212285,56.78646515751401,57.97385747843493,727800
2016-02-24,57.45719909667969,57.520647376233995,55.870985192478116,56.55079115142165,447400
2016-02-25,59.15217971801758,59.188436862772484,57.430003376547596,57.57502849789557,516000
2016-02-26,58.72453689575195,59.4524476492472,58.64264285759538,59.315969155548956,510000
2016-02-29,58.52436065673828,59.10669205097943,57.61446698549425,58.770028893521534,835700
2016-03-01,59.15219497680664,59.67083413965897,58.55166176616793,58.797336967588656,590000
2016-03-02,59.41606140136719,59.752717627609535,58.94291278976569,58.94291278976569,594600
2016-03-03,60.071170806884766,60.11666826243977,59.19767380733794,59.361454928624035,557700
2016-03-04,60.94467544555664,61.05385823303835,60.02568097994181,60.052976676812236,633900
2016-03-07,61.87276077270508,61.87276077270508,60.39873073755221,60.653506760196144,627500
2016-03-08,61.27222442626953,62.273112821134966,61.21763303816285,61.37231326575608,1000400
2016-03-09,61.29953384399414,61.45421408870007,61.081154383534624,61.254036387580776,782800
2016-03-10,60.416934967041016,61.88186418296274,60.225858148695195,61.29043196888067,892400
2016-03-11,62.36410903930664,62.45509701217723,60.6444106668843,60.88098494989771,881400
2016-03-14,61.5724983215332,62.54608419705107,61.053859246573914,62.036546001845394,683800
2016-03-15,60.75359344482422,61.38142225879323,60.64441065417733,61.02656430531614,659700
2016-03-16,60.890071868896484,61.29042723370206,60.3987285417087,60.3987285417087,450400
2016-03-17,60.316856384277344,60.981074921779225,60.080282069991206,60.68081526580873,616400
2016-03-18,61.41780090332031,61.6907716841092,60.24403765302462,60.42602048752899,1486900
2016-03-21,62.327720642089844,62.50060267259034,60.98107486427507,61.14485601371284,520900
2016-03-22,62.891868591308594,63.0465488875648,61.836388339806035,61.863684045976015,608000
2016-03-23,63.16482162475586,63.4286916418037,62.79176880199051,62.89185766852377,994700
2016-03-24,62.98283767700195,63.15571968674316,62.26402088200224,62.700772875371506,991600
2016-03-28,63.85633850097656,64.00191787942377,62.81906026501553,62.98284140447979,633400
2016-03-29,65.26667022705078,65.33945643833603,63.428681288838945,63.665255565843246,1134400
2016-03-30,65.2757568359375,66.22204689577315,65.11197573054409,65.51233108638051,664400
2016-03-31,64.6479263305664,65.76709128152258,64.36585466702883,65.39403861184901,699300
2016-04-01,65.73982238769531,65.75801720795187,64.13840746952569,64.47507065074731,634100
2016-04-04,64.16571807861328,65.97641203107551,63.992842949227665,65.73073677793505,686200
2016-04-05,62.96466064453125,63.53789829482127,62.31863675170962,63.53789829482127,797200
2016-04-06,63.874534606933594,63.920032068455015,62.48239836440899,62.791765830491116,834300
2016-04-07,63.43778610229492,63.67436039396935,63.08292813575208,63.3376972458918,442400
2016-04-08,63.84722900390625,64.05650757573191,63.45597449809585,63.81993330800223,311000
2016-04-11,63.8199462890625,64.49326571208437,63.665266019519606,63.983727439736825,514100
2016-04-12,64.55694580078125,64.62063807279269,63.26489860172803,63.747141081519935,548800
2016-04-13,65.34855651855469,65.512337640333,64.393165484525,64.98459769883209,544000
2016-04-14,65.09380340576172,65.40316396620487,64.77534196355883,65.30307509266413,1095800
2016-04-15,64.88452911376953,65.4486658076204,64.57516853264887,65.09380775659882,444400
2016-04-18,66.1037826538086,66.20387152216017,64.3567883112075,64.76623772396329,444300
2016-04-19,66.00367736816406,66.54051121766841,65.73980741195564,66.33123959366854,414600
2016-04-20,66.01275634765625,66.52229433298699,65.5032114203911,66.31301583647792,311100
2016-04-21,66.36766815185547,66.89540137666175,65.60335361002629,65.82172621828889,435500
2016-04-22,66.35855865478516,67.42313279156106,65.96730402221719,66.33126295003795,462000
2016-04-25,65.54873657226562,66.34034651296679,65.35765974697996,65.96728680031097,543700
2016-04-26,66.2311782836914,66.46775264311208,65.36677490739802,65.51236126456138,384900
2016-04-27,65.88541412353516,66.8680941626004,65.66703461090833,66.41314725753615,386400
2016-04-28,64.9664077758789,65.96728939906338,64.81172752197372,65.43045547953209,406500
2016-04-29,64.30217742919922,64.7116337040667,63.856331520151464,64.7116337040667,427000
2016-05-02,64.2293930053711,64.98460644307706,64.0929145038057,64.28399134793527,790200
2016-05-03,63.328609466552734,64.06562819271068,63.02834283522687,64.05652731062652,509200
2016-05-04,64.16571807861328,64.34770103315064,62.88277122333944,63.046552411453106,690800
2016-05-05,64.9482192993164,65.24848593026657,64.22940233822618,64.22940233822618,365800
2016-05-06,64.88452911376953,65.05741116906593,64.25670706916017,64.45687788768217,441300
2016-05-09,65.56694030761719,66.09468033986114,64.53876288640117,64.68434227415982,383900
2016-05-10,65.95818328857422,65.99457986459595,64.802621503117,65.88539707846783,379500
2016-05-11,65.23030090332031,66.01281027254682,65.21209913644151,66.01281027254682,277100
2016-05-12,65.29398345947266,65.51235603584922,64.70255107909455,65.1938945823961,484400
2016-05-13,64.74803924560547,65.61243548678699,64.57515722059395,64.87542380868615,480800
2016-05-16,65.83989715576172,65.99457739160498,64.76622250013399,64.76622250013399,684900
2016-05-17,64.02920532226562,65.89448275135567,63.929116486243565,65.89448275135567,868500
2016-05-18,62.55516815185547,63.21939335541038,58.58803256897934,58.95199129934084,2404200
2016-05-19,63.69256591796875,63.74715732447803,62.06385518503376,62.21853546476923,1031800
2016-05-20,63.57429122924805,64.16571672871753,63.310421157175014,63.92914930570564,752900
2016-05-23,62.500587463378906,63.838132034646044,62.39139774301175,63.71984143543082,549700
2016-05-24,63.57429122924805,64.03833213419121,62.21854427874109,63.055651968122355,734200
2016-05-25,63.16482162475586,63.96553255702194,62.973744772811905,63.62886937487022,538800
2016-05-26,62.236732482910156,63.41959016603492,62.100247035104694,63.283111660167705,765100
2016-05-27,63.128414154052734,63.35588754931488,61.94555666385185,62.173030059114,580900
2016-05-31,63.17393493652344,63.292218646638034,62.68259138829873,63.12843746389646,598500
2016-06-01,63.43778610229492,63.73805267150428,62.764466748077425,63.17391611195375,663600
2016-06-02,63.52878189086914,63.92913736571484,63.05564019127388,63.28311363072012,505700
2016-06-03,64.14750671386719,65.29397473504919,63.738057320128384,64.2293938158397,929200
2016-06-06,64.165771484375,64.38492814248022,63.6178937723981,64.21143086314102,631200
2016-06-07,64.6771469116211,64.96021562715262,63.873586222404036,64.24797371927015,609600
2016-06-08,65.3345947265625,65.48982548824766,64.45798191160678,64.6040863696474,483100
2016-06-09,65.44416809082031,65.76376289418444,64.9328164054377,65.09718044240272,369000
2016-06-10,64.5949478149414,65.03325418656206,64.38493138199415,64.9875948054987,529400
2016-06-13,62.43994140625,64.48536137350294,62.39428900250136,64.37578306455094,1278400
2016-06-14,61.86467361450195,62.50386302755214,61.43550059432164,62.14774221647531,714000
2016-06-15,61.316802978515625,62.02904468196811,61.19809138351161,62.02904468196811,831000
2016-06-16,60.814579010009766,61.243752088479994,60.193649081580226,60.905890800469955,1152200
2016-06-17,61.53593063354492,61.61811609040448,60.37625670506328,60.887608110801274,1384200
2016-06-20,61.78249740600586,62.80520050498791,61.773364137867134,62.36690116732199,1137200
2016-06-21,61.64553451538086,62.04730780100042,61.03373086762333,61.782505689256226,873200
2016-06-22,61.316802978515625,61.93773289348703,61.316802978515625,61.627264452679874,809300
2016-06-23,63.362220764160156,63.39874687545437,61.78250650888468,61.93773725690257,1406100
2016-06-24,59.755348205566406,61.46290024104042,59.25312292063706,61.46290024104042,9755200
2016-06-27,57.782981872558594,59.54532660706088,57.764718817711966,59.40835543737191,1711000
2016-06-28,59.37184524536133,59.399245059959526,57.91996857067989,58.12085874453027,1348100
2016-06-29,61.508541107177734,61.57246003632815,59.819249151081664,59.819249151081664,924200
2016-06-30,62.77779769897461,62.80519053239883,61.3533146277849,61.9559778630416,804700
2016-07-01,62.905635833740234,63.444387104393876,62.175127761659745,62.91476910046759,435700
2016-07-05,61.90118408203125,63.069991265863024,61.80073906154817,62.796049034247304,913400
2016-07-06,62.1568717956543,62.36689514270271,61.408104113383544,61.80075100571099,730100
2016-07-07,62.2664680480957,62.78695296545135,62.120363596451604,62.33038700402908,500400
2016-07-08,63.152191162109375,63.44439302488093,62.51299479773027,62.823463195661134,806500
2016-07-11,63.08827209472656,63.59963063499164,63.079145792799515,63.41700009681029,527500
2016-07-12,63.35309600830078,63.53572658931445,63.15221281915223,63.24352462633691,1152600
2016-07-13,63.03347396850586,63.82790097776222,62.97868830119208,63.809634444230085,372100
2016-07-14,63.03347396850586,63.526565874253805,62.81432433260943,63.499173040596915,686000
2016-07-15,62.823455810546875,63.617875830541685,62.54038028198954,63.29828116924256,463600
2016-07-18,62.84172058105469,62.96042518889866,62.476466523618704,62.723015973210714,537100
2016-07-19,62.531272888183594,62.68650363251349,62.312116225625026,62.66823709397867,472100
2016-07-20,63.08827209472656,63.380480955816715,62.366904110499,62.60431336017071,753100
2016-07-21,62.339508056640625,63.11567569899963,62.17514404570665,62.9147855782311,484700
2016-07-22,63.3804817199707,63.398741290687646,62.33037875435603,62.65910676040311,529900
2016-07-25,62.31211853027344,63.508326049390874,62.20254716158482,63.18872431299979,675200
2016-07-26,63.02436065673828,63.06088676872626,62.14775486895719,62.20254752026093,456700
2016-07-27,64.17491149902344,64.46711344056799,62.73216136474058,62.73216136474058,811100
2016-07-28,64.2205581665039,64.43057456937493,63.46265713590823,64.17489879197937,348500
2016-07-29,64.78671264648438,65.361990265431,64.19318241949618,64.19318241949618,964500
2016-08-01,65.20674133300781,65.84593076862105,64.56754493075222,64.78669459915642,627900
2016-08-02,64.61320495605469,65.47154406872471,64.52189317385266,64.98758535307576,438000
2016-08-03,64.50363159179688,64.75018108598591,64.05619894799098,64.6223362211127,587800
2016-08-04,64.50363159179688,64.81410003510103,64.15664400612089,64.64060275894157,384000
2016-08-05,66.1746597290039,66.1746597290039,64.64059809429995,64.74104314518146,634600
2016-08-08,66.27510070800781,66.65861435146049,66.1289962914685,66.28422700906,866700
2016-08-09,66.32988739013672,67.98265356919391,66.23857561173129,66.98734334128318,651800
2016-08-10,65.19762420654297,66.06509679345051,64.87802940961093,66.02857067856627,619800
2016-08-11,65.35284423828125,65.6541794116112,64.92367116717064,65.08803517383761,460300
2016-08-12,65.0423812866211,65.45328781064185,64.4488442223134,65.10630023406083,301900
2016-08-15,65.46240997314453,65.61764068107034,65.1793344253863,65.19760095963733,257200
2016-08-16,64.92366790771484,65.64504284705687,64.88714180066229,65.31631485022652,500300
2016-08-17,64.27534484863281,64.93280083887872,64.19316633317335,64.93280083887872,345000
2016-08-18,64.83235931396484,64.8414925828381,63.98314644146832,64.18403655682235,276100
2016-08-19,64.6771469116211,64.6771469116211,64.20231432860285,64.46712346785439,320300
2016-08-22,64.2479476928711,64.5401495614961,63.919219719837706,64.51275672485033,358800
2016-08-23,64.00140380859375,64.62233370437683,63.98314423811897,64.37579118643242,373700
2016-08-24,63.197853088378906,63.983147019138514,62.969570130987,63.745730792790894,533600
2016-08-25,63.55397415161133,63.663552479507885,62.41255936093353,62.78694675626449,384200
2016-08-26,64.30574035644531,64.58078909497333,63.30641012970146,63.6639692929199,504700
2016-08-29,64.69083404541016,65.19508797648757,64.35161503248838,64.50747279490018,249000
2016-08-30,65.07587432861328,65.16755491225926,64.68164152363342,64.78249226407804,318200
2016-08-31,64.80085754394531,65.26843784437378,64.5808226357134,64.94754515117205,321600
2016-09-01,64.27827453613281,65.0759107493,63.92071516345403,64.77335835863822,310700
2016-09-02,65.09423065185547,65.09423065185547,64.3791120540003,64.59914693146744,474300
2016-09-06,65.31424713134766,65.75432375710204,64.70914964006363,65.10338247331711,508100
2016-09-07,65.49761199951172,65.90100797507287,65.09420902917026,65.09420902917026,478000
2016-09-08,65.23172760009766,65.55261311850504,65.00252265912387,65.49760617100083,384900
2016-09-09,64.62665557861328,65.01172538841506,64.28743657267066,64.56247844277685,716900
2016-09-12,65.42430114746094,65.52515194617857,64.19575823343888,64.25993537855155,497600
2016-09-13,64.19573211669922,65.34175709517686,63.82900971941147,65.01170833657415,432100
2016-09-14,64.17741394042969,64.75500814777166,63.61815305936616,64.25992440085724,658000
2016-09-15,64.6358413696289,64.74586234114658,63.95739619889881,63.95739619889881,480900
2016-09-16,65.34175872802734,65.72682844645232,64.25074767770427,64.51662631872898,843900
2016-09-19,65.78186798095703,66.40530617332057,65.62601018156239,65.80937147558137,389200
2016-09-20,66.76283264160156,67.20290932274226,66.01104051552161,66.30442263802155,563200
2016-09-21,67.54214477539062,67.70717269685082,66.28610553490559,67.20292576639926,604100
2016-09-22,67.75301361083984,68.42228843414941,67.59715585689464,67.84469423111449,406500
2016-09-23,67.03787994384766,67.908856133277,66.93702918573082,67.85384917240651,338100
2016-09-26,66.94622039794922,67.23960263681313,66.68034864582806,66.8637099220739,484100
2016-09-27,67.03787994384766,67.23041130167579,66.65281023341001,67.00120630500686,368300
2016-09-28,67.07454681396484,67.54211992374243,66.46027216884684,67.13872392676456,420200
2016-09-29,66.588623046875,67.33125188025866,66.03853253699178,66.99202601835351,529700
2016-09-30,67.01953125,67.56962177429114,66.487774045447,66.515284517225,622000
2016-10-03,66.221923828125,66.98287925171142,66.047725757833,66.9278722799488,422200
2016-10-04,65.58931732177734,66.90037047506372,65.33260878739114,66.03855725695321,502800
2016-10-05,66.17605590820312,66.51528176495677,65.60762509291384,65.7818230997306,513800
2016-10-06,66.00186920166016,66.24941451633816,65.50678556708556,65.8185080013502,579900
2016-10-07,65.34175872802734,66.04771404948852,64.58080343933622,66.04771404948852,609200
2016-10-10,66.18524932861328,66.39611404750623,65.59848498810196,65.73600241573533,370000
2016-10-11,64.03987884521484,66.05688714426257,63.88402111606687,66.05688714426257,419800
2016-10-12,63.984886169433594,64.39745248455256,63.7281776182677,64.35161566886346,343700
2016-10-13,63.99404525756836,64.29659057207381,62.930530592720466,63.39811079845754,622500
2016-10-14,63.77402877807617,64.62667208324507,63.746525283519915,64.28745299067124,306200
2016-10-17,63.269771575927734,63.78318871139399,63.068069988484886,63.67316775602957,497800
2016-10-18,63.5264778137207,64.18658953212882,63.498974324584296,64.14074572037907,211300
2016-10-19,63.26061248779297,63.60900174858862,63.104754686499,63.60900174858862,429500
2016-10-20,63.39812469482422,63.526478976332214,62.85719708436876,62.93971454807175,343200
2016-10-21,62.68299102783203,62.98553633646059,62.46294917365227,62.93969952959302,441000
2016-10-24,62.453773498535156,63.37059338961581,62.215398368315604,63.37059338961581,570000
2016-10-25,62.655487060546875,62.97637971587435,62.123736677979736,62.49962931039414,605500
2016-10-26,62.27042007446289,62.51796542077195,61.9678677599884,62.30709371816728,517400
2016-10-27,61.35358810424805,62.38042894509716,61.06937616396576,62.17872744111064,526100
2016-10-28,61.35358810424805,61.9220189795936,61.06020600611701,61.18856023687553,593500
2016-10-31,61.26191329956055,61.683649668305605,60.67514904784728,61.280246622209624,583800
2016-11-01,60.84017562866211,61.69281850661859,60.308418351058826,61.5736344249964,553300
2016-11-02,60.19839859008789,62.10537868501692,59.758321956008395,59.87750602607246,875400
2016-11-03,59.043209075927734,60.693480870030115,59.01570559524325,59.98753255159625,847000
2016-11-04,59.905029296875,60.11590102334763,58.49312882835859,58.960705597644186,714200
2016-11-07,61.151912689208984,61.23443015548976,60.418460628362745,60.51014126162053,705500
2016-11-08,60.821842193603516,61.41777665870731,60.51012671649886,60.95936660782474,469100
2016-11-09,60.684329986572266,60.83101757816746,59.36410668830115,60.46428810700517,773400
2016-11-10,60.482635498046875,61.234427854160984,59.987551703320456,61.14274722434876,507100
2016-11-11,59.41910171508789,60.57429686883279,59.37326491214701,60.290084908342315,757100
2016-11-14,59.91419982910156,60.66599212784134,59.35493893670918,59.758342070836974,736800
2016-11-15,61.34442138671875,61.54611588423757,59.76749007759323,59.96002141257522,392600
2016-11-16,60.977725982666016,61.73868158889753,60.49181229604613,60.895208510433406,479600
2016-11-17,60.886016845703125,61.20690243245495,60.665975019260856,60.986860606012684,472500
2016-11-18,60.711822509765625,61.09688523730092,60.14339158236952,60.79433295361678,381600
2016-11-21,61.40237045288086,61.45761100145152,60.32513058435932,60.92359561698577,698900
2016-11-22,60.9880256652832,61.577281408949126,60.500048911105104,61.43918008190442,688100
2016-11-23,61.50363540649414,61.51283747949448,60.582922343669274,60.582922343669274,276200
2016-11-25,61.76144027709961,62.14813811728658,61.586502529379054,61.696990637068446,102700
2016-11-28,61.56809616088867,61.83510384027517,60.988042330865284,61.752235996921335,321300
2016-11-29,61.58652114868164,61.752249848078115,60.99726511182441,61.36555189098169,358600
2016-11-30,60.407989501953125,61.90874938698123,60.407989501953125,61.22742363221504,450300
2016-12-01,59.52412033081055,60.83153162056894,59.266321713053735,60.25148473061612,513600
2016-12-02,59.89240646362305,60.684220509706286,59.349181932247134,59.62539874813121,535100
2016-12-05,60.30671691894531,60.859143455290656,60.04891833694979,60.334337192089905,496000
2016-12-06,60.96041488647461,61.00645335230901,60.11336050119739,60.50926742412882,307300
2016-12-07,61.69699478149414,61.98241363159284,60.527685059473804,61.07090951149888,536900
2016-12-08,62.111305236816406,62.42435134533078,61.52204941141899,61.94557659689316,404300
2016-12-09,61.87193298339844,62.175770068259325,61.58651409885441,62.037661663823904,413400
2016-12-12,62.59010314941406,62.60851432756003,61.35634347904994,61.54969245977025,800000
2016-12-13,63.64891815185547,64.10007279915031,62.76503408443009,62.829483744831336,521700
2016-12-14,63.36347198486328,64.57881293304571,62.903115458665646,63.6765180754089,902500
2016-12-15,63.98958206176758,64.33024855263794,62.73741126090218,63.3174581809925,1055400
2016-12-16,63.41872787475586,64.62486704206577,63.271417403437866,64.48675864587184,2146200
2016-12-19,63.446346282958984,64.33023006046439,63.216167996385174,63.32664907827095,487300
2016-12-20,63.60287094116211,63.80542897353594,63.2529954217948,63.446351379594844,402500
2016-12-21,62.93073654174805,63.7962090700486,62.74659673867624,63.54761260897013,396200
2016-12-22,63.57524871826172,63.70414800318474,62.672946699316356,63.03202428224252,490500
2016-12-23,63.612064361572266,64.24735864495472,63.299025281025436,63.5107923836474,282200
2016-12-27,63.409523010253906,64.34864741898802,63.35427543951577,63.7225621383371,294400
2016-12-28,62.38752746582031,63.35427209667163,62.350698095433,63.35427209667163,346700
2016-12-29,62.18497085571289,62.801847018645645,61.908754083765885,62.42435825643467,383700
2016-12-30,62.04685974121094,62.44276668386655,61.890340188749974,62.19417721963349,427000
2017-01-03,62.811058044433594,62.811058044433594,61.77064759273619,62.24942240886717,517800
2017-01-04,62.93994140625,63.17011965685083,62.378305912825354,63.10567002766191,521800
2017-01-05,62.88471221923828,63.21616952186172,62.56245699067149,62.98599122973344,293900
2017-01-06,63.05963134765625,63.51078577488682,62.70976293677789,63.06884044450331,438700
2017-01-09,63.56602096557617,63.8422306274337,62.820245746734074,63.11487360073805,367000
2017-01-10,63.94352722167969,64.34864326669023,63.13330215614267,63.400309819946514,336900
2017-01-11,63.676536560058594,64.22896314696294,63.40952885441638,64.02640509271815,476800
2017-01-12,63.06886291503906,63.253002770690344,62.27704889166515,63.124103466837404,383700
2017-01-13,63.76859664916992,63.95273647490131,63.0780617659511,63.33586033176867,237000
2017-01-17,64.25657653808594,64.27498771173325,63.1333052845212,63.326654217997756,277300
2017-01-18,64.50518035888672,64.60645939767602,64.0079942660536,64.44993980117836,407200
2017-01-19,64.21054077148438,64.91949391524058,63.952742182658376,64.52358693254787,360700
2017-01-20,63.32664108276367,64.54198200144732,63.23457118465549,64.2105247486715,344300
2017-01-23,63.51999282836914,64.06321719322078,62.93073702463794,63.24378312164198,223600
2017-01-24,64.48675537109375,64.57882528905259,63.09647642911653,63.40031348041672,437800
2017-01-25,64.98395538330078,65.05761414335981,64.50518046740301,64.54200984743254,257200
2017-01-26,64.6064453125,65.05759985037967,64.44992575012596,64.70772432920896,232400
2017-01-27,64.6985092163086,65.20490425278341,64.41309039092305,64.82741551835255,355900
2017-01-30,64.4775619506836,64.58805009379181,63.787026861351144,64.43153049275314,321700
2017-01-31,65.21412658691406,65.4074755424965,64.31182443637752,64.44993284021788,465900
2017-02-01,65.99671936035156,66.18085918191785,65.34301386196215,65.71130052957865,660700
2017-02-02,65.78497314453125,66.03356970956145,65.34303462256713,65.9414997695261,384600
2017-02-03,66.4478530883789,66.52151181155469,65.70207783355089,66.07036442494734,283700
2017-02-06,65.54558563232422,66.61360946555904,65.54558563232422,65.99673320695446,606800
2017-02-07,61.061702728271484,62.59929217667515,60.22385731980902,61.68778802201158,2666200
2017-02-08,61.3102912902832,61.40236823388652,60.094950094255715,60.721035378541664,2157600
2017-02-09,61.81666946411133,61.85349882657625,61.098514457252044,61.37473116349761,1226200
2017-02-10,61.83510208129883,62.21259084177299,61.54046711285267,61.945583169981866,662600
2017-02-13,62.52561950683594,62.54403067497554,61.68776735459662,62.1112944666306,752600
2017-02-14,63.473960876464844,63.88827894544852,62.24020171804218,62.32306954652884,1269600
2017-02-15,63.27140426635742,63.7133426130363,62.99518753132059,63.32664480357144,496500
2017-02-16,63.01359558105469,63.418704496204214,62.61768873763699,63.40029332825833,442000
2017-02-17,63.114898681640625,63.335867903832884,62.49801544027297,62.939960909142414,674900
2017-02-21,64.27498626708984,64.39468347880246,63.05964512363574,63.142512964397106,788400
2017-02-22,63.87910842895508,64.5420233592956,63.58448035152456,64.201363815556,357500
2017-02-23,63.9067268371582,64.20135487355275,63.44637009126132,64.1092779047842,318200
2017-02-24,64.94206237792969,64.95130877444203,63.02846737004969,63.02846737004969,415000
2017-02-27,65.0345230102539,65.42278713498713,64.76643386138498,64.84963734693407,502100
2017-02-28,64.83114624023438,65.32110666139295,64.38741781551586,64.8126604945945,458900
2017-03-01,65.77408599853516,65.8942609857806,65.01604342243593,65.29337194368006,667400
2017-03-02,65.32109069824219,65.73708687637178,65.25637297197795,65.70010834119267,251200
2017-03-03,64.77566528320312,65.54295400914863,64.54455473102202,65.2841113191753,449800
2017-03-06,64.2117691040039,64.4151475631543,63.84199072854281,64.26723339179551,490100
2017-03-07,63.70331573486328,64.00837630229712,63.58313373432985,63.98989056148737,338600
2017-03-08,63.47220230102539,64.13779473396318,63.31504177307557,63.80499499102729,305900
2017-03-09,63.58314895629883,63.73106312992507,63.204131229019566,63.666352442197585,378300
2017-03-10,63.38903045654297,64.04538387334416,63.046984146546215,63.95294102151565,521300
2017-03-13,63.69408416748047,63.74954845575742,62.8713309776713,63.36128433194688,480600
2017-03-14,63.250328063964844,63.610859925995875,62.75112847355257,63.4167279274356,462100
2017-03-15,64.12857818603516,64.17479607885664,63.2226214409089,63.46297846356468,594900
2017-03-16,63.38903045654297,64.3689373812127,63.25036265233145,64.3689373812127,592600
2017-03-17,63.527687072753906,63.8327547777056,63.25959791260874,63.324308602786104,1186700
2017-03-20,63.41676712036133,63.684856346800984,62.96379217710576,63.527702782213666,319900
2017-03-21,63.250328063964844,64.10081312040043,63.10242099250953,63.91592751784787,344900
2017-03-22,63.18564987182617,63.453739070364456,62.80663207591844,63.25960697203065,300600
2017-03-23,63.14867401123047,63.60165597957248,63.03774540913656,63.18565256290763,183900
2017-03-24,63.44448471069336,63.73106667480059,62.99150987140543,63.259599036312764,256400
2017-03-27,63.17637634277344,63.296558342233205,62.547762419777555,63.10242632726079,305400
2017-03-28,62.78813171386719,63.268845754374624,62.547781746549894,62.815863859870234,407900
2017-03-29,63.64785385131836,63.82350015327963,62.44608303819247,62.68643296905643,690700
2017-03-30,64.23027801513672,64.58156368083594,63.407517573187945,63.49072107868424,918000
2017-03-31,64.2117691040039,64.5075903937856,63.77728004180731,63.851237127486705,437300
2017-04-03,64.61851501464844,64.94206839320917,64.2025117682692,64.47984726585537,623800
2017-04-04,64.24876403808594,64.82192101892211,63.934456923165826,64.49836044976146,321000
2017-04-05,64.14707946777344,64.71099008849394,64.05463660680608,64.54459011757743,306700
2017-04-06,64.73872375488281,64.75721655927151,63.88823812940032,64.21179167681883,243900
2017-04-07,64.61851501464844,64.8866041148658,64.50757940502704,64.5445579415675,303800
2017-04-10,64.45214080810547,64.85889781919118,64.27649445278436,64.674005062817,208500
2017-04-11,64.93283081054688,64.93283081054688,64.16554899521053,64.28572396557992,309200
2017-04-12,64.45214080810547,65.2101834768959,64.15631945084426,65.17320492562106,341600
2017-04-13,63.989925384521484,64.62779311006435,63.89748252429713,64.32272532367966,250400
2017-04-17,64.7294692993164,64.73871570036036,64.03613733270748,64.23027648994297,339500
2017-04-18,64.6277847290039,64.77569187559435,64.09160633512197,64.5815597784172,185600
2017-04-19,65.20092010498047,65.42278430194393,64.72945251511439,64.87736668171381,218500
2017-04-20,65.58917999267578,65.85726911268574,65.14545162729979,65.63540492999775,369900
2017-04-21,65.11773681640625,65.62617599758703,64.97906902047073,65.47826885407633,250900
2017-04-24,66.37496185302734,66.46740467507519,65.44127312859305,65.75558013414279,291600
2017-04-25,66.82793426513672,67.18846619548383,66.09762400668271,66.55059875582279,512600
2017-04-26,67.46582794189453,67.80786720973929,67.00360661523928,67.00360661523928,327000
2017-04-27,68.28855895996094,68.3717553860841,67.34562381295251,67.57673440054188,379100
2017-04-28,68.2238540649414,69.22224652778955,67.65994361915236,68.42722547480616,608900
2017-05-01,68.56588745117188,69.0650871668472,67.94651276897551,68.56588745117188,378400
2017-05-02,68.76927185058594,68.77851824971435,68.0944328258677,68.45496480957986,505400
2017-05-03,69.57353973388672,70.10047164048396,68.82473656445354,69.30545058099534,1151500
2017-05-04,69.56429290771484,69.96180343501923,69.22224666931098,69.72144642822364,407300
2017-05-05,69.98954010009766,70.09122933827405,69.44412241618468,69.9340758076147,584200
2017-05-08,69.61052703857422,70.0080376183475,69.31470570383156,70.0080376183475,651500
2017-05-09,70.18364715576172,71.6442674625409,69.40711912609216,69.40711912609216,930700
2017-05-10,70.6089096069336,70.73833098169372,69.70295998361267,70.14668839623714,667000
2017-05-11,69.50881958007812,70.29459413337817,69.14828764323534,70.29459413337817,606200
2017-05-12,69.33318328857422,69.64749033407308,69.02811558939982,69.22224765625549,379000
2017-05-15,69.44410705566406,69.8601032631439,68.7785074813484,68.7785074813484,304800
2017-05-16,69.57353973388672,69.83238248759258,69.14829705952194,69.66598256693366,354900
2017-05-17,68.54740905761719,69.57354074104565,68.53816265829782,69.57354074104565,487900
2017-05-18,68.98190307617188,69.23149945217511,68.27007838927756,68.48270327122873,415500
2017-05-19,69.86934661865234,70.10045718006393,69.27770414567348,69.43485763472904,397300
2017-05-22,70.11895751953125,70.52571444923615,69.93407185308507,69.93407185308507,309200
2017-05-23,70.5164794921875,70.7106115893371,70.14670104635802,70.27612244445776,416500
2017-05-24,70.87699127197266,71.05263757043127,70.31308089022835,70.31308089022835,360300
2017-05-25,71.52410125732422,71.63502981629318,70.7383196823083,71.00640878804136,430200
2017-05-26,71.2745132446289,71.53335600855158,71.02491688025671,71.21904895319872,377900
2017-05-30,71.2468032836914,71.42244966516144,70.69213903786955,71.13586761335162,232000
2017-05-31,71.69976043701172,72.02332096516417,71.36696056166508,71.71825323727363,344400
2017-06-01,73.27130126953125,73.35449769407089,71.90312351375209,72.10650195542937,618300
2017-06-02,73.44693756103516,74.51004761151567,73.28053766571703,73.49316249698714,687600
2017-06-05,73.34490203857422,74.43033036280609,73.23358113815677,73.68815799658194,501800
2017-06-06,73.24287414550781,73.92010715455704,72.9645647368477,72.9645647368477,469700
2017-06-07,73.30778503417969,73.66032005625756,73.15935482320965,73.38200367860445,353000
2017-06-08,74.30970764160156,74.43958671666971,73.00163779187854,73.22428662372695,437300
2017-06-09,74.01284790039062,74.88489927650384,73.49333154587866,74.36538292199188,344100
2017-06-12,73.69741821289062,74.2540438059854,73.46549029261126,73.88295771796274,486200
2017-06-13,74.64369201660156,75.05188748138649,73.92007793112245,73.94790815319789,483300
2017-06-14,75.05188751220703,75.43224567719325,74.78285023556825,74.78285023556825,472100
2017-06-15,75.03334045410156,75.22815911551812,74.29117513602138,74.62515200641565,446500
2017-06-16,75.9610366821289,76.10947396173883,74.85706449601611,74.85706449601611,735800
2017-06-19,76.48981475830078,76.83307058114681,76.0352380788714,76.3228263955483,375200
2017-06-20,75.4693832397461,76.90733992726956,75.3487832062816,76.59191411053472,371100
2017-06-21,75.92394256591797,76.74033361149588,75.56213547176611,75.56213547176611,449700
2017-06-22,75.9703369140625,76.5362418137034,75.46937157284526,75.70129957834133,372000
2017-06-23,76.54550170898438,77.44538327697242,75.88682718799542,76.12802715711527,6035200
2017-06-26,77.10214233398438,77.50105876389462,76.44346768513361,76.69394680257464,585100
2017-06-27,75.58067321777344,77.37115707919536,75.48790346348869,76.9815198644723,604500
2017-06-28,76.36924743652344,77.24129893439539,75.68274257536918,76.02599146700607,689800
2017-06-29,75.7291030883789,76.51766369115647,75.22813792390835,76.28573576748742,496900
2017-06-30,75.60852813720703,76.36925169547229,75.60852813720703,76.24865168329055,421400
2017-07-03,75.60852813720703,76.58262857012708,75.5528676820279,75.60852813720703,245500
2017-07-05,76.43421173095703,76.76818870727368,75.20963184375692,75.7105973082319,608300
2017-07-06,74.98695373535156,76.21153314651313,74.98695373535156,75.7940585494635,599900
2017-07-07,76.1651382446289,76.22080576623017,74.90344961581782,75.04260780300187,367800
2017-07-10,76.12804412841797,76.35997212742278,75.58069744814941,75.9146743329468,410700
2017-07-11,75.9981460571289,76.499111259357,75.71055767502502,76.11875311636918,302500
2017-07-12,76.96295166015625,77.30620749204606,76.4434354414064,76.4619865586999,408000
2017-07-13,76.2764663696289,77.06501999481674,76.00742909461104,76.92586180734138,500600
2017-07-14,76.56407165527344,76.95370900384782,75.97033653043219,76.24865296677446,312200
2017-07-17,76.48981475830078,76.81451946434207,76.07234739035833,76.81451946434207,477100
2017-07-18,75.98887634277344,76.48983448233284,75.85899018013738,76.48056246047827,460200
2017-07-19,76.05381774902344,76.29501772498044,75.66417340732471,76.10019909307081,464400
2017-07-20,76.24864196777344,76.48056993864232,75.91466512349186,76.18370241904536,404500
2017-07-21,76.21156311035156,76.42493296523749,75.79408834916481,76.24867244987146,251200
2017-07-24,76.78673553466797,76.85167510542999,75.93324201097215,76.20227939780978,332300
2017-07-25,77.12068939208984,77.26912669673112,76.56406365544557,76.68467073493666,412700
2017-07-26,76.53623962402344,77.33407250633464,76.49913029486002,76.9815444961035,240900
2017-07-27,76.08165740966797,76.63828315244719,75.68274099639814,76.63828315244719,317000
2017-07-28,75.95177459716797,76.44346076391372,75.64562797632931,75.99815594470475,460000
2017-07-31,75.93323516845703,76.1744423000727,75.70130713979474,76.09094452925576,275100
2017-08-01,76.7217788696289,77.38973263600232,76.3878019864422,76.51768817690885,445900
2017-08-02,76.32288360595703,76.74963746900588,75.75698564575627,76.74963746900588,341200
2017-08-03,76.2764663696289,76.63827341033719,75.98887797262473,76.10947796023436,409800
2017-08-04,76.51769256591797,76.5362436925454,76.04455744128458,76.50841346366364,230700
2017-08-07,76.26719665527344,76.61972463943158,76.01671754929691,76.48057351271146,667200
2017-08-08,80.4326171875,81.165510422252,78.66997027730754,80.4326171875,1221000
2017-08-09,79.99659729003906,80.46045322286854,79.5976809046905,79.85743909461425,622700
2017-08-10,78.52152252197266,79.91309015704242,78.41019456313063,79.7832110773329,322200
2017-08-11,78.79987335205078,79.41215969883612,78.31745906391001,78.31745906391001,358700
2017-08-14,79.4863510131836,80.479002402351,79.18948350645725,79.53273943649819,529500
2017-08-15,79.76465606689453,79.96874669800098,79.3657397478451,79.50489084226344,363300
2017-08-16,80.3212890625,80.50682859070103,79.49562612961057,79.5234563510528,376400
2017-08-17,79.99659729003906,80.89647185430918,79.98731818957611,80.08936706102898,369700
2017-08-18,78.97612762451172,80.33058642572298,78.9668555996922,79.78323969034676,392100
2017-08-21,78.83694458007812,79.10597474863933,78.60501665154844,78.9389863569828,271000
2017-08-22,80.02442169189453,80.21924032016457,78.76273308015386,78.79056330163826,347600
2017-08-23,78.96685028076172,79.88528320562087,78.95757117868567,79.68118542723415,262200
2017-08-24,78.85551452636719,79.14310296148281,78.73491452277555,79.09672161143081,270100
2017-08-25,79.06034088134766,79.33966886782693,78.79962481533265,79.10689199386765,423600
2017-08-28,79.3489761352539,79.56312686553193,78.78100003598206,79.23724068655281,660400
2017-08-29,79.57244873046875,79.85178383122609,78.83687292867536,78.9858535434224,330700
2017-08-30,80.07527160644531,80.17769403377991,79.33969558458261,79.55385350640647,319700
2017-08-31,81.15534973144531,81.19258778774004,80.23354800292256,80.3173513890555,313600
2017-09-01,80.89462280273438,81.22982209490515,80.6804720406062,81.16464484941565,363500
2017-09-05,81.09017181396484,81.2484655328354,80.13113195297659,80.69910825771908,468000
2017-09-06,80.9970474243164,81.25775641342314,80.58736491448606,81.23913738725287,409600
2017-09-07,81.00637817382812,81.15535883086294,80.6898049333122,81.07155543533368,298300
2017-09-08,81.05293273925781,81.49054741598066,80.72703934268074,80.92257822214233,531600
2017-09-11,81.45330047607422,82.03989573913542,81.1646522735436,81.66745125779076,397300
2017-09-12,81.39743041992188,81.59296217723873,80.92257062520424,81.59296217723873,256600
2017-09-13,81.09017181396484,81.29501665879505,80.82946277646766,81.21122036979459,431600
2017-09-14,80.82015228271484,81.34157032847814,80.53150406127752,80.87601647225003,318100
2017-09-15,80.6711654663086,80.96911962734495,80.31734712001153,80.82014609872054,390900
2017-09-18,80.75495910644531,81.22051287089118,80.52218222422239,80.9132456814481,288200
2017-09-19,80.91324615478516,81.18326819219777,80.3266438617283,80.84806891153292,495500
2017-09-20,81.08084869384766,81.27638043059484,80.57804975487477,81.03429047395153,448500
2017-09-21,80.78290557861328,81.17396910546549,80.5221965607118,81.09016571897547,391700
2017-09-22,81.04359436035156,81.28568428957774,80.72701412924253,80.73632719292443,405700
2017-09-25,80.54084014892578,81.00639413822593,80.53152708007855,81.00639413822593,322900
2017-09-26,80.80152893066406,81.01568683756476,80.66186134823215,80.83877409289846,450600
2017-09-27,81.57432556152344,81.68606101466534,80.55941473089658,81.0715266780642,445800
2017-09-28,81.62089538574219,82.011958871683,81.2670699523591,82.011958871683,286400
2017-09-29,82.30989837646484,82.33783046280787,81.29498758202419,81.6301868257123,454700
2017-10-02,82.68238067626953,82.79410907286437,81.91887251645153,82.58926420738823,381300
2017-10-03,83.46449279785156,83.49242489195706,82.69167170992252,82.90582960437786,437800
2017-10-04,84.09767150878906,84.50736128852196,83.23174081312911,83.43658570299556,457300
2017-10-05,84.7494125366211,84.89839316579705,83.85555007292753,84.07902101669146,438800
2017-10-06,84.2745590209961,84.87046737436403,84.0976462866629,84.64700351779803,271600
2017-10-09,83.71588134765625,84.27454444433528,83.45516527233846,84.14418995856973,216700
2017-10-10,83.70658874511719,83.81831712949263,83.08274825305955,83.65071744914104,465500
2017-10-11,83.79969787597656,84.00454271850175,83.57623400403472,83.86487513461745,409400
2017-10-12,84.35835266113281,84.48870716536251,83.60415772897699,83.79968948532154,250200
2017-10-13,83.32481384277344,84.66561100701041,83.13859517164585,84.15349900572909,450500
2017-10-16,84.42353820800781,84.50734159969656,83.48312449278016,83.77176562282148,269900
2017-10-17,84.53526306152344,84.7028627200293,84.12557342877855,84.12557342877855,233400
2017-10-18,84.26524353027344,84.71217833433263,83.9952214554567,84.71217833433263,287300
2017-10-19,84.35835266113281,84.41422395136533,83.79968948532154,84.20937912935074,319500
2017-10-20,84.95426177978516,85.1870386971702,84.56319826348734,84.73079792815608,214700
2017-10-23,84.9822006225586,85.84813110815475,84.81460094457907,85.20567159572352,242800
2017-10-24,84.94493865966797,85.25219872967364,84.07900841775458,84.98217670759458,275600
2017-10-25,84.79598236083984,85.03807236447946,84.11627057885536,84.87978575216403,334000
2017-10-26,84.91699981689453,85.66188864664073,84.7028490733983,84.7028490733983,306100
2017-10-27,86.40679168701172,86.55576521518961,84.91701378250762,84.99150409849032,386200
2017-10-30,85.7829360961914,86.21124471709675,85.14047671672682,86.16469360182975,338600
2017-10-31,86.90026092529297,86.95612509966763,85.38255121944385,85.79224077495445,522100
2017-11-01,83.10137939453125,85.4198360574857,81.15536730928497,85.29879458884106,1042300
2017-11-02,81.67675018310547,84.19073756532038,81.59294681501223,83.43654277141319,697800
2017-11-03,82.5240707397461,83.20378246867224,81.38812534257634,81.67676644883062,467200
2017-11-06,81.19258117675781,82.68235904360921,81.0156755605044,82.15162798727428,345000
2017-11-07,81.29501342773438,81.43468100763921,80.91326295336856,81.29501342773438,299300
2017-11-08,81.64883422851562,81.70469841575874,80.70841348845885,81.29500876587504,239800
2017-11-09,82.07716369628906,82.2540693686316,81.22054612390431,81.56505150421687,365200
2017-11-10,80.86669921875,82.07714202378104,80.39183232092549,82.07714202378104,235400
2017-11-13,81.49986267089844,81.65814928824756,80.09388793707204,80.61531312332293,353400
2017-11-14,82.1795425415039,82.22609365004163,80.95978699572784,81.30429929707901,315900
2017-11-15,81.57432556152344,81.89089868974618,80.96910428863067,81.74192518934318,241100
2017-11-16,81.8350601196289,82.35647818986003,81.5650380178911,81.7885018903061,320800
2017-11-17,81.79779052734375,81.99332224528325,81.17395022194822,81.42534611536007,245500
2017-11-20,82.0678482055664,82.17958370884463,81.23916275834036,81.89093543465656,188300
2017-11-21,82.76863098144531,82.80600760086013,82.22668069322238,82.22668069322238,290400
2017-11-22,82.13322448730469,82.59107549805164,81.83421872718387,82.59107549805164,237400
2017-11-24,82.6751937866211,82.77797057991648,81.8996449662975,82.14258943038251,89200
2017-11-27,82.64714813232422,83.0302531019827,82.44158743637888,82.63780932491349,199500
2017-11-28,83.09566497802734,83.09566497802734,82.2079934625614,82.97419631524747,162700
2017-11-29,83.57220458984375,83.95530243635282,83.02090840338538,83.09566163694934,222600
2017-11-30,84.05809020996094,84.42250332924205,83.44139382689332,83.63761572736306,324000
2017-12-01,83.7684555053711,84.1608994242647,82.14261132076678,84.1608994242647,243100
2017-12-04,83.60023498535156,84.68412835289291,83.48810513538768,84.09546268051913,355900
2017-12-05,83.23582458496094,84.1702186450646,82.98353419657082,83.53483039903966,239200
2017-12-06,83.16107940673828,83.6936837874472,82.98354223688143,83.14239466042464,333000
2017-12-07,82.91812896728516,83.32926464522886,82.6097843376885,83.32926464522886,280400
2017-12-08,82.64714813232422,83.38532026282712,82.52567947623916,83.00222242202926,317900
2017-12-11,82.06786346435547,82.91815867793864,81.98376425970537,82.49768404127913,416800
2017-12-12,82.13322448730469,82.47894566468396,81.91831075556489,82.15190922843614,402000
2017-12-13,82.1612777709961,83.076987173317,82.095870465749,82.18930845483604,444100
2017-12-14,81.82489776611328,83.01157523378897,81.7781752057349,82.23603348508524,369500
2017-12-15,83.3386001586914,83.88054324136225,81.8622559806007,81.918317337359,1150400
2017-12-18,83.24517059326172,84.66545367963201,83.15173260494142,83.55352237069414,324500
2017-12-19,84.0767822265625,84.3757880461953,83.3666407316117,83.48810939529153,314100
2017-12-20,83.43203735351562,84.60002980085089,83.15171631461111,84.56265318707294,271000
2017-12-21,82.46026611328125,83.89923365219435,82.39485882191521,83.35728345009849,302500
2017-12-22,82.3481674194336,82.67521112882179,81.7875322629811,82.59111193447937,427500
2017-12-26,82.10521697998047,82.81535140511892,82.039809674274,82.19865496972378,173000
2017-12-27,82.53502655029297,82.73124844153257,81.86226170669389,82.10520615107372,183900
2017-12-28,82.47896575927734,82.81534821247458,81.83423866470048,82.81534821247458,193700
2017-12-29,81.73145294189453,82.97419880390957,81.69407632248867,82.44159445288331,207600
2018-01-02,82.5163345336914,82.74059423374077,81.95569954128943,82.44158842920233,377800
2018-01-03,81.4231185913086,82.31079032323305,80.60085417511687,81.29230395984315,498400
2018-01-04,80.9091796875,82.03045685696613,80.8250876424421,81.86226563798925,400600
2018-01-05,81.24556732177734,81.4604811098837,80.76903144491538,80.90918486230919,509000
2018-01-08,82.98352813720703,83.2545032503141,81.17080864059409,81.64734444367097,399700
2018-01-09,84.05809020996094,84.50660250307824,82.89944355196104,83.44139382689332,506900
2018-01-10,84.15150451660156,84.20757299300509,83.2544873115947,83.92725199756461,311800
2018-01-11,84.49723052978516,84.71214423771235,83.98331109486722,84.07675617674964,268300
2018-01-12,85.65591430664062,85.78672892387895,84.52529818401683,84.7962733565425,263300
2018-01-16,85.69326782226562,87.56205571186825,85.24476272092262,85.66523714453919,401000
2018-01-17,85.87081146240234,86.79585954179758,85.81474297383919,86.21653268571559,193600
2018-01-18,85.431640625,86.02965219313043,85.03919687007568,85.86146099403999,309300
2018-01-19,85.92686462402344,86.1698090409901,85.21672324381467,85.8988339468465,269000
2018-01-22,85.82408142089844,86.53422280689179,85.42229174408298,85.50639090515875,311200
2018-01-23,85.599853515625,86.41277903870592,85.49706958297585,85.88017462809759,188400
2018-01-24,85.68392944335938,86.29128698681622,85.35689295960898,85.95490456671276,326200
2018-01-25,85.82408142089844,86.87995112889672,85.44098361492647,86.31930906535145,866200
2018-01-26,86.05767822265625,86.35668399056914,85.44098194521209,86.14177738208853,225800
2018-01-29,86.63701629638672,87.04815195411632,86.0483434902992,86.0483434902992,213800
2018-01-30,86.25392150878906,86.70243383646653,85.88950836142807,86.12310689839597,254000
2018-01-31,84.95509338378906,86.81454241492368,84.9270627068435,86.50619071080268,346000
2018-02-01,85.39427185058594,85.58114780946043,83.77777413262494,84.67479156717214,216900
2018-02-02,84.6561050415039,85.59049915262175,84.57201299335674,85.13264803425517,267000
2018-02-05,82.3014144897461,84.57199189856682,81.88093296730696,84.04872647923321,433400
2018-02-06,82.53502655029297,82.83403235535248,79.90937447297652,81.11474362961475,460300
2018-02-07,80.51673889160156,82.94616215616902,78.41435214034604,81.85292275644287,974500
2018-02-08,78.6666488647461,81.93702851841383,78.6479569888482,81.11475707159147,600900
2018-02-09,79.95610046386719,80.58214278124304,77.44257812870075,79.07776775486397,599000
2018-02-12,80.22706604003906,80.89048489670616,79.29267207929215,80.1710046836295,298700
2018-02-13,80.0308609008789,80.40461998911526,77.96585067122864,79.97479240388337,488300
2018-02-14,82.53502655029297,82.6658411444527,79.79725175161715,80.04953500353645,468800
2018-02-15,83.6189193725586,83.74973396586142,82.01176050756878,82.84337774908059,355900
2018-02-16,84.19825744628906,84.94577561800665,83.39467790679421,83.61893050676484,268300
2018-02-20,83.63763427734375,84.1515468557372,82.9835540018485,84.1515468557372,343500
2018-02-21,84.20758819580078,85.42229609467448,83.60023068193375,83.76842188379139,385100
2018-02-22,84.69347381591797,85.88015821927266,84.30103003652881,84.51593667001593,389200
2018-02-23,85.7586898803711,85.87081973944495,84.74020372701338,84.91773375947038,228700
2018-02-26,86.47817993164062,86.77718576929148,85.11395822294332,86.38473481517478,232100
2018-02-27,86.28130340576172,86.90007964149696,86.0656744650571,86.45005991070579,250600
2018-02-28,85.59687805175781,86.9750473613555,85.51249625160042,86.25314915156623,258900
2018-03-01,84.49058532714844,85.71875284966795,83.46866932184373,85.40936484461822,406700
2018-03-02,84.15309143066406,84.7999853156907,83.3655587994395,83.81557846768496,280900
2018-03-05,85.2406234741211,85.40000260084997,83.56243608815925,83.78744948770314,332600
2018-03-06,87.33131408691406,87.4063185412449,84.79996739938674,85.41874341838846,507100
2018-03-07,86.9656982421875,87.68759662690364,86.68443504393326,86.71255993319464,518000
2018-03-08,87.61259460449219,88.02511206605256,86.76881929176666,87.53759728197069,284400
2018-03-09,89.2532730102539,89.4501615309223,87.9501007520045,88.21260924246914,412600
2018-03-12,89.86265563964844,90.32204541530892,89.27201164237066,89.48764051239108,335500
2018-03-13,89.08451843261719,90.40644541288304,88.78450770099104,90.03143021014534,360300
2018-03-14,88.98139953613281,89.6095459112151,88.57825942993576,89.30953516842801,222100
2018-03-15,89.14077758789062,89.47829056349906,88.92514151626627,89.16890247705463,183100
2018-03-16,89.32828521728516,89.74080268250137,89.0657767040823,89.31890786957919,397300
2018-03-19,88.78451538085938,89.15953061603592,88.13762143182103,89.09390348634157,270200
2018-03-20,88.7282485961914,89.41265180569886,88.32510854737345,88.71887125008328,175200
2018-03-21,87.95008850097656,89.18763346422571,87.95008850097656,88.73762101549087,276600
2018-03-22,86.30941772460938,87.94073279016787,86.17816347604537,87.60321982162611,568700
2018-03-23,84.08744049072266,86.79691362128753,84.06868580208032,86.468778098226,410600
2018-03-26,85.8125228881836,85.95315447940413,84.25621949638396,85.29688325746811,474700
2018-03-27,84.7718505859375,85.89689604952831,84.38746523833785,85.75626447247706,472500
2018-03-28,85.50312805175781,85.88752056048698,84.56559372157267,85.04373823275648,295800
2018-03-29,87.52820587158203,87.89384368910315,85.69063943786016,85.89689813550169,533700
2018-04-02,85.3343734741211,88.33448768877868,84.88436099125511,88.09072675474825,406300
2018-04-03,86.6844253540039,87.14381518383449,85.2499989394578,85.80314077395306,407000
2018-04-04,87.07820129394531,87.25633513684339,85.40939103780713,85.80315380890974,261500
2018-04-05,88.31575012207031,88.89702410737863,87.06883462968278,87.7251059414657,461700
2018-04-06,86.48754119873047,88.07197649170692,85.48437976037016,87.5657070995224,293600
2018-04-09,87.28445434570312,88.24074347364319,86.71255776892839,86.71255776892839,215900
2018-04-10,88.36260223388672,88.9438760384506,87.99696445204096,88.0532142176115,315500
2018-04-11,87.89386749267578,88.10012624617667,87.26572103633856,87.75323587412325,228600
2018-04-12,88.4938735961914,88.99076569582603,88.00635884357442,88.30636957275871,428100
2018-04-13,88.51262664794922,89.12201828920871,88.15635899608937,88.82200756559085,209200
2018-04-16,89.90016174316406,90.20017242733938,88.87825280897334,89.41264706368625,229900
2018-04-17,90.90332794189453,91.38147245384357,89.68453760239487,90.1439274221314,201200
2018-04-18,90.80957794189453,91.36271977643408,90.62207393255015,91.36271977643408,285400
2018-04-19,90.2095718383789,90.84709559229334,89.75018193054694,90.84709559229334,466100
2018-04-20,90.04080200195312,90.85645948112213,89.79704106229003,90.16267889537485,228600
2018-04-23,90.40644073486328,91.05334174729185,89.60953794079342,90.42518827526106,190700
2018-04-24,89.31891632080078,91.02522897088859,88.55951559963624,90.86584980890957,305400
2018-04-25,89.15953063964844,89.38453691968569,88.1563689981574,89.00015148932292,578400
2018-04-26,89.93767547607422,90.60332404320098,88.78450501429525,89.27202690894744,324800
2018-04-27,89.45015716552734,90.49081372970552,89.14076910851297,90.38769153018696,310600
2018-04-30,88.61573791503906,90.00329181103284,88.60636772217174,89.59077443466353,281500
2018-05-01,89.15953063964844,89.4407938543105,88.22199612786912,88.29700060548844,248500
2018-05-02,88.97200012207031,89.36576278316448,88.58760765327465,89.14075657008475,358100
2018-05-03,88.5407485961914,89.2626469171487,87.65946399546307,88.51262370941406,317500
2018-05-04,90.52832794189453,90.84709338752597,87.96886279326858,88.4282526899516,378100
2018-05-07,90.97832489013672,91.33458533173454,90.23767197094604,90.42517596066727,455800
2018-05-08,91.97212982177734,92.40339481844478,90.57520546813494,90.97834557523151,826900
2018-05-09,94.70973205566406,95.57226923192523,90.89396692625695,91.40961376245545,796200
2018-05-10,96.25665283203125,96.86605160803845,94.70034948467313,94.87847615250071,764900
2018-05-11,97.22232055664062,97.58795842349822,95.73164419988585,96.23791366618566,404700
2018-05-14,96.19103240966797,97.79421544866675,96.00352838221858,97.50358206027414,560400
2018-05-15,94.91596221923828,95.909753354148,94.50345202727085,95.74099690881,557100
2018-05-16,96.49103546142578,96.80042351961796,94.9534796697562,95.04723167601517,585100
2018-05-17,96.81916809082031,97.19418325717604,96.05976756474402,96.58478450595041,388800
2018-05-18,96.99729919433594,97.33481211934479,96.66916361524932,96.69728850019686,361700
2018-05-21,98.12234497070312,98.52547785997857,97.05354926959946,97.64420046663295,474400
2018-05-22,97.57857513427734,98.45048235042825,97.30668931926047,98.28172588430809,240500
2018-05-23,98.14109802246094,98.32860203511291,97.06293206766317,97.06293206766317,229400
2018-05-24,97.96297454833984,98.79737965254742,97.61609137302095,98.23486040237,295200
2018-05-25,97.21295166015625,98.80675740092926,96.73480707679619,97.7004664382027,249400
2018-05-29,97.4754638671875,97.65359771247483,96.12541188779014,96.53792935989948,398100
2018-05-30,98.03795623779297,98.89111583865817,97.82232021304965,97.82232021304965,308600
2018-05-31,97.35358428955078,98.37550066905203,97.34421409407697,98.00986276658652,356700
2018-06-01,98.03795623779297,98.74110692530304,97.57856645807561,98.20671268890814,319800
2018-06-04,98.56297302246094,98.77860904697138,97.85045214324961,98.36609168850896,335000
2018-06-05,99.02236938476562,99.23799825521675,98.0473329130763,98.63797691153388,305100
2018-06-06,99.65991973876953,99.8286762340825,98.72238524321317,99.09739331917928,273600
2018-06-07,98.44694519042969,99.81975517254264,97.82636644016765,99.57528127759564,300500
2018-06-08,100.20526123046875,100.35570890622567,98.46575122853454,98.46575122853454,352000
2018-06-11,100.44033813476562,100.76003588367826,99.51886398362514,100.16765708160916,180300
2018-06-12,99.7257308959961,101.19256722594915,99.6411094479412,100.42154072412727,372100
2018-06-13,99.07695770263672,100.5625894252132,98.9171052128173,99.76335567108357,393200
2018-06-14,100.26165771484375,100.3086743986023,99.2649671480634,99.62226955391667,257600
2018-06-15,99.7351303100586,100.23347571846276,99.18976820610138,100.22407094460402,539200
2018-06-18,101.11734771728516,101.28659779439808,99.06754441613585,99.5282779473772,250900
2018-06-19,100.3745346069336,100.97631110234046,99.91380104689371,100.19587974388597,555600
2018-06-20,100.58136749267578,101.15493666964474,99.951384027395,101.15493666964474,319900
2018-06-21,100.44033813476562,101.05151931089284,99.88557842829393,100.53436435253738,370900
2018-06-22,100.12065887451172,101.5216690467424,99.98901354626497,100.89168542536085,594500
2018-06-25,98.7290267944336,100.02660570689976,98.33411240895346,100.02660570689976,344300
2018-06-26,98.49395751953125,99.84795789463281,98.26829318159432,98.83245761330664,1171400
2018-06-27,97.03652954101562,99.00171110796876,97.00832239450867,98.55037524263697,630900
2018-06-28,97.28101348876953,97.76996132456246,96.660434680252,96.95191812260562,519600
2018-06-29,98.73844909667969,99.69752808507492,97.38444847895349,97.45967232965856,466300
2018-07-02,100.31808471679688,100.5813609434286,98.53155824127408,98.6161796682318,409700
2018-07-03,99.92320251464844,100.92929830437207,99.76335719612739,100.62841004502692,165300
2018-07-05,100.29927062988281,100.44031350882986,99.51883958361616,100.44031350882986,405900
2018-07-06,102.13285064697266,102.20806732570762,100.44975460995612,100.56258321492926,337000
2018-07-09,102.4995346069336,102.8568370641758,102.17043929450789,102.28326787377397,331000
2018-07-10,103.12950897216797,103.7688971685445,102.54653506043847,103.20473280085677,264400
2018-07-11,102.71582794189453,103.27059494275325,102.19868004481431,102.5653873954912,194400
2018-07-12,103.59025573730469,103.90054869038536,102.87565079375779,103.42100568778251,240400
2018-07-13,103.78771209716797,104.39889322517395,103.08250475879339,103.49622869290329,300200
2018-07-16,103.16714477539062,104.54935245921321,103.07311855462694,104.54935245921321,280300
2018-07-17,103.61847686767578,103.90996748736708,102.7534241305878,103.16714812386512,357600
2018-07-18,103.89115905761719,104.12622820655888,103.06371823588928,103.55265890924188,252400
2018-07-19,104.66217803955078,104.89724717155858,103.81593490331522,104.0133921133529,314300
2018-07-20,105.27334594726562,105.38618169895244,104.37068145499015,104.63395770185303,232700
2018-07-23,105.79991149902344,106.22304023976763,104.38009911052833,105.04769458282364,270000
2018-07-24,105.96914672851562,106.49570638726978,105.25454183420716,106.3076468042363,376700
2018-07-25,106.40169525146484,106.77780012331743,105.78110930017499,106.08199750190143,556800
2018-07-26,106.72137451171875,107.46419375022619,106.23243392590794,106.60853875788249,378900
2018-07-27,106.08199310302734,106.62735518783605,104.7468022115911,106.62735518783605,688900
2018-07-30,105.49900817871094,106.48630125855094,105.41438674693357,106.13839641140723,273100
2018-07-31,107.63343811035156,108.02835246731465,105.14170427453121,105.89392824623755,386200
2018-08-01,108.14119720458984,108.32924962627884,107.04106829911507,107.53001607349053,320000
2018-08-02,109.44816589355469,110.11576122485164,107.63343229556133,107.67104420948864,458500
2018-08-03,109.77727508544922,109.82429177725162,108.21641274148148,108.78998194751878,538800
2018-08-06,109.2601318359375,110.46369184142323,109.02506269930791,110.01235594264848,720600
2018-08-07,108.62073516845703,109.7772783884383,107.99075165229384,109.5798211896591,764100
2018-08-08,106.61793518066406,107.02225429973694,99.6504911295347,106.01615888814712,717500
2018-08-09,107.8873062133789,110.35083282888397,107.81208955754411,109.21309930809896,530800
2018-08-10,107.97193908691406,108.74296543620481,106.96584364120856,107.10688653380532,472300
2018-08-13,107.45480346679688,108.83701114927736,107.20093195360735,107.75569167719297,393500
2018-08-14,107.69927215576172,108.31045332109908,107.41718633368589,107.5582292447238,690700
2018-08-15,106.25123596191406,107.66165059857663,105.89393350317253,107.3513576568133,442700
2018-08-16,106.58035278320312,107.1915340171721,105.8281357960993,106.6085599338301,514600
2018-08-17,107.29495239257812,107.41718575549146,105.99737340024274,106.65556408322291,403900
2018-08-20,107.47361755371094,108.07539399991573,107.31376508070255,107.65226522841039,164000
2018-08-21,108.16000366210938,108.42327993191307,107.52061536098314,108.1223917416031,339300
2018-08-22,108.5455093383789,108.7147593764347,107.57702579929172,107.75567343620536,162900
2018-08-23,108.4891128540039,109.05328455990563,108.23524132534112,108.50792240352929,150000
2018-08-24,108.08477783203125,108.85580425387028,107.30435381054384,108.31984695056437,305000
2018-08-27,108.21640014648438,108.95921931331974,108.05655489094414,108.55490020159262,232000
2018-08-28,108.38614654541016,108.91425911209986,107.92404804955667,108.43330253671921,212200
2018-08-29,108.44276428222656,108.70682065396922,107.96180754583666,108.65023920145192,160000
2018-08-30,107.73544311523438,108.41444917271401,107.61284759735412,108.21640693844827,258900
2018-08-31,107.90521240234375,108.2730062115576,107.07531997039895,107.59400004224092,205700
2018-09-04,107.3016357421875,108.44274035111188,106.83953719361365,107.87690436581809,196600
2018-09-05,106.53775024414062,106.71693438532488,105.66070200859866,106.67921102954955,199500
2018-09-06,106.88668060302734,107.39593512259907,106.12280242116704,106.53775214711315,215400
2018-09-07,106.86784362792969,107.98065768047151,106.53777318755627,106.65093608425802,198900
2018-09-10,106.632080078125,107.20734879755784,106.30200963131831,107.179058072831,184900
2018-09-11,107.35823059082031,107.63171957678553,106.43403337824417,106.45289146227812,250000
2018-09-12,106.89613342285156,107.65058630428601,106.14168773641302,107.52798357393026,241000
2018-09-13,106.6603775024414,107.75433356056735,106.40575376891019,107.21678817200451,262400
2018-09-14,108.68795776367188,109.03689349376255,106.68866258814583,106.68866258814583,477300
2018-09-17,106.6603775024414,108.65024014317322,106.55664004192958,108.65024014317322,360000
2018-09-18,108.02781677246094,108.47105012220756,105.9059260586893,106.40574805340057,417000
2018-09-19,107.12248992919922,108.30131831839279,106.72640531722958,108.15043202597471,215800
2018-09-20,107.75431823730469,107.94292785050673,107.41481517754458,107.59399215158786,277500
2018-09-21,107.48081970214844,108.05608832474354,107.31106818736636,107.70715265685958,546200
2018-09-24,107.61286163330078,107.70716644358538,106.79239467433355,107.40538673367716,286800
2018-09-25,107.9617919921875,108.45218129834724,107.45253740790885,107.59399101882336,271300
2018-09-26,107.13190460205078,108.33902351891955,107.10361387665483,108.15041388628241,252400
2018-09-27,107.0093002319336,107.56570363880655,106.27371265234086,107.26392393448657,336100
2018-09-28,107.88636016845703,108.4521962752416,106.98102095860241,106.98102095860241,274800
2018-10-01,107.65999603271484,108.82939127458197,107.33935110809335,108.47102299441708,303300
2018-10-02,106.36802673339844,107.64115974713876,106.09453772829926,107.48084083914846,276800
2018-10-03,104.92514038085938,107.04703109921356,104.70823283051817,106.58492527348582,221900
2018-10-04,103.08613586425781,104.73649485969874,102.61460472270326,104.57617599836881,337700
2018-10-05,102.78437042236328,103.62369539469371,102.1996763308494,103.24647618532806,318400
2018-10-08,101.57723999023438,103.21816638604652,100.13435581503798,102.5297349327148,378900
2018-10-09,101.57723999023438,102.01104778705853,100.20036988857656,101.59610526552791,351000
2018-10-10,98.99327087402344,101.69985561955959,98.82351933777063,101.52067863878972,402300
2018-10-11,98.79522705078125,100.76622417302926,98.37084461936725,98.70092224213226,670400
2018-10-12,100.05892944335938,100.56818405488775,98.83295251486145,100.39843251771163,469300
2018-10-15,100.37957000732422,101.2283204607832,99.17245121618693,99.67227316611138,307200
2018-10-16,103.95378875732422,104.14239839060488,101.00199835100724,101.20947326461376,338800
2018-10-17,103.74630737304688,104.49132760953222,103.12388267104802,103.85004482338002,264100
2018-10-18,102.4543228149414,104.09524976480789,102.05823823997308,103.6897325490079,290200
2018-10-19,100.60590362548828,103.1616020313533,100.20038647946568,102.8598223316385,332600
2018-10-22,99.662841796875,100.84166988058378,99.58739507271869,100.84166988058378,310600
2018-10-23,99.40823364257812,100.33243097553914,97.47495240496072,98.63491539153377,409000
2018-10-24,100.3324203491211,101.63384402902419,99.28562038235269,99.28562038235269,515300
2018-10-25,101.66213989257812,102.23740859043099,99.54967472226777,100.85110557085102,602200
2018-10-26,99.79486083984375,101.55839008198575,99.36105300811259,100.90767473689151,307200
2018-10-29,101.79415130615234,102.02991689120829,100.35126707680912,101.10571263199134,345300
2018-10-30,101.6904525756836,102.58635926187307,100.74738987653785,101.80361549478275,326900
2018-10-31,103.08613586425781,103.71799306213653,101.7186984317473,102.76549814159794,449900
2018-11-01,105.40609741210938,105.56642351283978,103.38794414287841,103.38794414287841,498300
2018-11-02,105.50040435791016,106.90556546688234,104.28385287074782,106.0568077787463,280100
2018-11-05,105.66069793701172,106.25482457884146,104.8873871609025,105.50037907739016,350500
2018-11-06,110.7721176147461,111.24364885294695,105.19862212060971,105.19862212060971,754100
2018-11-07,113.06377410888672,114.08228343981673,110.8570110868683,111.28138637725749,630000
2018-11-08,113.82764434814453,114.74241615227977,113.00718455288616,113.00718455288616,521400
2018-11-09,113.49756622314453,114.29916787939113,112.63938312139683,113.7993459241431,495900
2018-11-12,113.11091613769531,114.2142975123412,112.12069765583624,113.46927728984646,500000
2018-11-13,111.7906265258789,114.36518305057511,111.61144235342908,114.1105593484057,419700
2018-11-14,109.78190612792969,112.68653308166357,109.06517663259477,112.68653308166357,503700
2018-11-15,111.42285919189453,111.69634823767544,108.8577275024988,109.09349317696537,348700
2018-11-16,111.63031005859375,112.5733725530467,110.81927573776454,111.05504136137777,703600
2018-11-19,109.15948486328125,111.72461602595467,108.7539676986675,111.63031121453201,343500
2018-11-20,106.26427459716797,108.74452619079675,105.92477154773648,108.74452619079675,483300
2018-11-21,106.80183410644531,107.27336538285346,105.69845264644935,106.50948701747107,334100
2018-11-23,106.90555572509766,107.83918549947221,105.9719259507231,105.9719259507231,111000
2018-11-26,107.54683685302734,108.46160853132179,106.84897269231622,108.20697765437637,427900
2018-11-27,108.59676361083984,108.83323422733693,106.88471865668429,107.35765988967846,279600
2018-11-28,112.5600357055664,112.85325701870886,109.14539875095895,109.14539875095895,645300
2018-11-29,113.07080078125,114.42341311507386,111.68981312559596,111.87898674880456,579600
2018-11-30,112.6357192993164,114.29101410736871,112.11548090160919,113.22216198417254,516600
2018-12-03,113.79911804199219,113.95046270163003,112.13437008503925,113.18430020761748,479300
2018-12-04,112.73974609375,114.5274635779497,111.29254691287512,113.94101378522109,387600
2018-12-06,111.72764587402344,114.6977164098662,109.38185404887142,111.86952247883207,647900
2018-12-07,107.77387237548828,111.88846049500833,106.87527952036699,110.91420251178654,536000
2018-12-10,108.8710708618164,109.23996444782307,106.32665192455384,107.87789859814868,340900
2018-12-11,108.36029052734375,110.63040983733494,108.00085779639502,110.15746861510803,429700
2018-12-12,110.6777114868164,112.323544988552,109.63724219759301,109.92100261292086,469400
2018-12-13,108.24679565429688,111.812769505515,107.3103667830197,111.25470229420812,317200
2018-12-14,107.02661895751953,109.2116054812702,106.49691978773784,107.64144409842893,577400
2018-12-17,104.56732177734375,106.79014439006353,104.13220944137966,106.25099160981651,438300
2018-12-18,103.17689514160156,105.87265961521749,102.32559919821946,105.60781359205703,570100
2018-12-19,102.2877426147461,104.99296739707266,101.27564853300233,103.67819117545726,386000
2018-12-20,99.3460464477539,102.39178951689362,98.42853918843414,102.0985682257132,593900
2018-12-21,97.25565338134766,100.9918869467613,97.08539421639267,99.34605316320437,1196500
2018-12-24,94.19099426269531,96.88675832162822,94.07748574886749,96.65028766353741,232700
2018-12-26,97.74750518798828,97.79480220496447,93.77480112338294,94.38016541481782,661800
2018-12-27,99.10958099365234,99.1285026875327,95.27876066522201,96.53677908081843,416500
2018-12-28,99.51629638671875,100.36759207512526,97.66236756336166,99.04335513943855,387200
2018-12-31,101.06755065917969,101.19052001123612,99.80952511536577,100.16896510874761,360100
2019-01-02,98.50419616699219,99.93248066393456,97.48264140560916,99.93248066393456,323100
2019-01-03,95.98815155029297,98.05017552300502,95.44899885734354,98.05017552300502,312600
2019-01-04,98.28665161132812,99.39333237703147,96.83944536020385,96.83944536020385,569100
2019-01-07,98.50419616699219,99.70547090024176,97.51101672400696,97.9461289944744,386800
2019-01-08,100.93512725830078,101.06755023957233,98.44745871982967,99.29875446836904,454900
2019-01-09,101.72966003417969,102.5241978255217,101.37022008584943,101.72019918908933,316400
2019-01-10,103.12955474853516,103.27143854885334,100.9445687597688,101.53101121686946,219800
2019-01-11,104.04706573486328,104.04706573486328,102.65661742903758,102.71336806470062,410300
2019-01-14,101.99449920654297,103.77275549065645,101.98503836207946,103.37548662130821,284600
2019-01-15,103.7254638671875,103.74437833927016,101.95666124230526,102.37285179322103,424900
2019-01-16,105.22943878173828,105.87263923553657,104.2268055394836,104.2268055394836,369500
2019-01-17,106.55366516113281,107.41441448429711,104.46326570029294,104.52947718669019,526100
2019-01-18,106.695556640625,107.93466049639251,106.20369366363319,107.39550772087041,477100
2019-01-22,106.6009521484375,106.79959381890788,105.34293394002542,105.99558794117603,251500
2019-01-23,107.31037139892578,108.45489562416238,106.6766318283648,106.92256330966873,354100
2019-01-24,108.5400161743164,108.70081446631578,107.31982689121207,107.49954687433534,328200
2019-01-25,109.84534454345703,110.63042883916185,108.55894362072746,108.55894362072746,327400
2019-01-28,108.75758361816406,109.95885133490181,108.05762530410094,109.04134406589563,451000
2019-01-29,107.81170654296875,109.41024329823779,107.19688138332134,108.77650366104498,473800
2019-01-30,107.49008178710938,108.94674163620593,106.17530574980017,108.28462680321223,364000
2019-01-31,107.8873519897461,109.06025144594224,106.51582529776366,107.53738009515624,545800
2019-02-01,108.52111053466797,108.89000415999821,107.40496881234505,107.96303606525085,349600
2019-02-04,109.21158599853516,109.33454811817663,107.13064751062053,108.04815463493637,291500
2019-02-05,111.71819305419922,112.09654753272926,109.03188275149613,109.67508320004379,559400
2019-02-06,112.17220306396484,112.5789328307178,111.4155013881178,111.53846351610886,529400
2019-02-07,112.701904296875,113.07079790430355,111.12228221209011,111.80331156821984,553100
2019-02-08,112.17220306396484,112.29517240846673,111.37766522184883,112.05870178166874,355900
2019-02-11,113.37348937988281,114.14911282573011,112.17221443275236,112.58840508738169,789400
2019-02-12,114.26261901855469,116.81649910840927,113.08971941866301,114.61259095602068,1029300
2019-02-13,113.68563842773438,114.64097471183275,113.12756390961123,114.01669591314035,578700
2019-02-14,114.48961639404297,114.83013466460658,112.35191996584052,112.99512034173725,419800
2019-02-15,115.66254425048828,115.78551362946432,114.76395850334404,115.22743904118066,311900
2019-02-19,115.88006591796875,116.84486288289906,115.08552087345787,115.39766382724824,373300
2019-02-20,116.2016830444336,116.67462437324001,115.18012804224887,115.5395680707094,277000
2019-02-21,115.7571029663086,116.74082167660129,115.24632552731946,115.90844763705105,317400
2019-02-22,115.76654815673828,116.77864205179748,115.09497250828872,115.68142220334093,362000
2019-02-25,115.35982513427734,117.05295562095772,114.84904773467736,116.3435437687095,479000
2019-02-26,114.35438537597656,115.30291214846922,114.12674097685012,115.25549015185557,300300
2019-02-27,114.41130828857422,114.7053492887182,113.62402928666282,114.25954052289644,272600
2019-02-28,114.73379516601562,115.31239706423774,113.88011964104163,114.16468056159457,395100
2019-03-01,116.28939819335938,116.57395916219538,114.24058382247279,115.69182884282705,349600
2019-03-04,115.74873352050781,116.83005358021386,114.60101686894913,116.51703797432901,356200
2019-03-05,115.03733825683594,116.25145149912142,114.06035673333076,115.58748558121084,175400
2019-03-06,113.88013458251953,115.09424782769638,113.49124232587027,115.07528047429052,460700
2019-03-07,113.6335220336914,114.45873577993329,113.33947378275266,113.88013380972296,199900
2019-03-08,113.03595733642578,113.59559201209154,112.09691766191342,112.80831288978052,344500
2019-03-11,114.75279235839844,114.80970165904547,112.9411024298144,113.35845659905603,219500
2019-03-12,115.93843841552734,116.07123159370937,114.29748380415595,114.84763110615889,260200
2019-03-13,116.48858642578125,117.27586549061667,116.05226491961227,116.37476782911122,578100
2019-03-14,117.19050598144531,117.34226652831492,115.52109654576228,116.41271418243724,381200
2019-03-15,117.02923583984375,117.86394406859617,116.45063390370775,117.61732507040247,650400
2019-03-18,116.88697814941406,117.1999865401317,115.28396530303004,117.1999865401317,539900
2019-03-19,116.96284484863281,117.31380239221299,116.25144970328142,117.14306726786123,168200
2019-03-20,116.87747955322266,118.08210546794562,116.00483658848746,116.00483658848746,262100
2019-03-21,118.71762084960938,119.03062920187038,116.55497361054054,116.55497361054054,496300
2019-03-22,116.68777465820312,118.4520352500364,116.64035265578188,118.1295395815029,272800
2019-03-25,116.13761901855469,116.54548581555403,115.0468117952602,116.27041218625821,331500
2019-03-26,116.89647674560547,117.37074029141803,116.0428009158054,117.18103776776798,336000
2019-03-27,118.82193756103516,119.34363014525829,115.97635743622052,117.01025531131243,399400
2019-03-28,120.14989471435547,120.71900937873144,118.12953512298084,118.68916249255629,219300
2019-03-29,121.43990325927734,122.01850527298893,119.96020354509623,120.89924319165837,352700
2019-04-01,120.87077331542969,122.8626781959159,119.5807762575236,121.74342349226171,296700
2019-04-02,120.03607940673828,121.43989513481736,119.34365160107298,121.11739946963473,259300
2019-04-03,119.49542999267578,120.70005605164248,119.12549781932395,120.662114104717,372700
2019-04-04,119.33416748046875,120.4534295166934,118.52792105937914,119.73255428004335,323400
2019-04-05,119.01166534423828,120.58621615635403,118.56585656568163,119.54283806591314,477700
2019-04-08,119.06858825683594,119.46696784365245,117.64579781533145,119.12549755875646,694000
2019-04-09,119.22982788085938,120.53879962825113,118.28130098527039,119.06858004541387,291500
2019-04-10,119.91275787353516,120.57673098415285,119.11599882481624,119.55232029006973,511900
2019-04-11,121.50629425048828,121.75290601899663,119.93173621914706,120.19732257703943,436700
2019-04-12,122.0374755859375,122.57812839791578,121.34504775822346,121.87622774821163,377900
2019-04-15,122.05643463134766,123.1851839588877,121.65805506986975,122.33151553763102,388900
2019-04-16,118.75557708740234,123.02394857238114,118.55638728650572,123.02394857238114,443400
2019-04-17,114.28800964355469,119.7420395804914,113.46279583240175,119.54284979032737,897300
2019-04-18,116.50755310058594,116.96284192970467,114.00344283037657,114.88557307806525,641100
2019-04-22,116.90595245361328,119.03065090195435,115.94793815976982,115.94793815976982,359400
2019-04-23,119.24880981445312,120.0455689822017,117.28535930914546,117.28535930914546,438300
2019-04-24,121.04151916503906,121.39247672578914,119.04961410794229,119.04961410794229,372500
2019-04-25,121.40196990966797,122.03748850586275,119.96021203948848,120.38704629905374,230400
2019-04-26,122.46431732177734,122.84372231933187,120.94667562149982,121.40196451323986,279000
2019-04-29,123.62153625488281,124.11477438975258,122.2082256931909,122.77734773137715,575300
2019-04-30,124.23804473876953,124.92098523951407,123.4792203520121,124.0198876123396,335500
2019-05-01,124.73125457763672,125.6987558139759,123.43177769754521,124.80713844650333,387800
2019-05-02,125.16761779785156,125.86003839174253,123.76378754589483,124.26650565187525,352500
2019-05-03,126.37226104736328,128.04167800060196,126.10667461814347,126.15410386765592,476400
2019-05-06,127.11211395263672,127.15954320324155,124.77874534598064,124.78822540675152,629100
2019-05-07,124.22856903076172,126.6567955747199,123.22313283428265,126.0876736463795,493600
2019-05-08,123.50767517089844,125.01582923815569,122.92907327125405,124.28545958406073,845200
2019-05-09,123.2231216430664,123.9155421634093,121.37349001731695,122.74885823697967,410700
2019-05-10,122.578125,123.35592399104014,120.52931069642418,122.99547914413162,866200
2019-05-13,118.63224792480469,120.79488789533146,118.12952987300322,120.21628596186953,552600
2019-05-14,123.91554260253906,127.5673766316965,120.51033480837786,120.51033480837786,1053600
2019-05-15,124.65540313720703,126.030764243958,123.34643138713014,124.06732109221451,502800
2019-05-16,126.83702087402344,128.97120644358182,125.24348812259966,125.39525590337757,596400
2019-05-17,126.486083984375,128.68665914597813,125.58497173612015,125.58497173612015,419000
2019-05-20,127.82347106933594,128.14598119298557,125.68928569066692,126.13509446096967,554400
2019-05-21,128.8099365234375,130.20427201440194,127.86140976623011,127.86140976623011,703500
2019-05-22,129.10400390625,130.5173142739465,128.65819508131798,129.36959029471512,442300
2019-05-23,127.86138916015625,128.92373432554322,127.38712585798457,128.2502885415452,486500
2019-05-24,128.15545654296875,129.45493362765282,127.78553166985728,128.62023988544024,530400
2019-05-28,127.0267333984375,130.53628038429147,125.83159459548268,128.51592772739454,4043700
2019-05-29,126.54299926757812,127.02674286051334,124.9779209256564,125.85056408901227,527800
2019-05-30,126.486083984375,127.89937998208764,125.70828488027581,126.47658945120996,502500
2019-05-31,126.79905700683594,127.0741378868088,123.58355170004184,124.98738179959392,668600
2019-06-03,127.16901397705078,127.97525319319404,126.25842174504913,126.99827160145,514300
2019-06-04,128.92379760742188,129.15144931461873,127.59586549887645,128.05115443989567,576400
2019-06-05,129.92922973632812,129.92922973632812,128.38314050481128,129.37908231695977,605800
2019-06-06,130.16635131835938,130.5931855578166,128.62974226696423,129.92921957717505,490500
2019-06-07,130.91566467285156,131.72190371761747,129.69205707348706,130.5552198802683,535400
2019-06-10,133.64744567871094,133.98891597041023,131.2381935180464,131.38996130844012,410000
2019-06-11,133.54283142089844,135.34940036240116,132.17364660454516,134.3320147388904,472600
2019-06-12,135.38742065429688,135.47299107432337,133.16250268333337,133.58086630352392,585500
2019-06-13,134.85498046875,135.94841910971056,133.75202432986637,135.72973428319466,436700
2019-06-14,133.52383422851562,135.82483464586673,133.48580775848527,135.10220113984886,278800
2019-06-17,135.6346435546875,135.7867784345067,133.4572693072505,133.5333367471601,337400
2019-06-18,135.89138793945312,137.46025189898003,135.53958867658162,136.41434259262877,332200
2019-06-19,137.91661071777344,138.3920212928031,135.60610777877213,135.60610777877213,392200
2019-06-20,138.182861328125,139.40941442195296,136.6520384541459,139.3048234985737,242100
2019-06-21,137.79296875,137.79296875,135.6346011559504,137.19394691570128,1515500
2019-06-24,138.15431213378906,138.62020519889958,136.99430920255315,137.79299546421032,425500
2019-06-25,138.88644409179688,139.73267428467815,138.12578431531992,138.4775834772344,465100
2019-06-26,138.20187377929688,139.73269656425043,137.7739926122952,139.0005601431733,496200
2019-06-27,139.33334350585938,139.73270120945443,138.65826852408657,138.90547683301472,605000
2019-06-28,141.5582733154297,141.5582733154297,138.9625208390582,139.4284284777769,1001200
2019-07-01,142.51861572265625,144.14452666220643,141.4537004223182,142.6041861646371,608200
2019-07-02,143.54547119140625,144.1064521918628,142.12874244486977,142.36644773405095,490000
2019-07-03,145.523193359375,146.5120410630838,143.93532363311928,144.08744400481092,534900
2019-07-05,145.2664794921875,145.38057340742088,143.8022210492922,144.9336862282476,272300
2019-07-08,144.5913848876953,144.8480961621812,143.9067924723064,144.8480961621812,332900
2019-07-09,144.99072265625,145.45661573525393,144.29661276942556,144.3346537401888,429600
2019-07-10,142.3379364013672,145.0858091983586,142.1572780448387,144.25859936412894,537900
2019-07-11,142.8323974609375,143.9828832752875,142.38551022477003,143.51699005641177,649400
2019-07-12,140.70257568359375,143.31733507203367,139.85634504367044,142.63274236238942,716800
2019-07-15,141.41563415527344,142.3094084118295,139.55203271292183,140.63596830933702,428100
2019-07-16,141.0638427734375,142.12875794240477,140.29367987385362,141.74843524159675,316800
2019-07-17,140.5693817138672,141.81495497833976,140.39824088747153,141.539223255243,341000
2019-07-18,140.59791564941406,141.3870989271913,140.05595515044598,140.63595661925194,643600
2019-07-19,139.05763244628906,141.35861853789856,138.99106798297447,140.88320782868047,473000
2019-07-22,139.9799041748047,140.49334126094212,139.2002237936403,139.43792910374444,345700
2019-07-23,140.0274200439453,140.76905930200022,138.98151108598185,140.4457836271307,426500
2019-07-24,141.0638427734375,141.8149851854667,139.18122074019007,139.87531619793617,395300
2019-07-25,140.62646484375,142.07171728597245,140.15105419247516,140.73105576736575,345400
2019-07-26,142.09075927734375,142.756331388175,140.42682174607364,140.8166620211262,339700
2019-07-29,142.94647216796875,143.37433885550678,141.7389395511097,142.39499406753106,257400
2019-07-30,142.1667938232422,142.41400211907106,141.2730195491509,141.9195710190328,408800
2019-07-31,141.539306640625,143.17472098431148,140.87373440967968,142.1002879132513,493000
2019-08-01,141.75794982910156,143.60254554653608,141.1304042638828,141.7104058605155,330000
2019-08-02,140.61695861816406,141.37761854437747,139.87531917991083,141.1779396917487,277800
2019-08-05,137.49827575683594,139.28582453430718,136.20515814282356,138.31598269670232,363900
2019-08-06,144.82913208007812,146.11273234896225,141.24453110539125,143.28879144567938,660500
2019-08-07,145.40908813476562,145.5422170390347,141.4156417497426,144.19203808425158,783800
2019-08-08,147.0159454345703,147.09201285922705,145.2759411800391,145.54218442052658,674800
2019-08-09,146.3694305419922,147.28221084845248,145.00024557392038,146.626156350601,262800
2019-08-12,146.6356658935547,147.8527160288126,145.41861575829677,145.78943549468968,191400
2019-08-13,147.75762939453125,148.44222191519202,146.16025651857757,146.16025651857757,334700
2019-08-14,144.23008728027344,146.5976230641143,144.05893189958678,145.74188968582658,239100
2019-08-15,144.49630737304688,145.75138388607073,143.7736884418138,144.39171645459646,372200
2019-08-16,145.22850036621094,146.7308002761727,143.77374443922255,145.41866178971782,344700
2019-08-19,145.67530822753906,147.2536602392288,145.4851323993834,146.778249685597,337700
2019-08-20,143.65960693359375,146.226821902869,143.5455130042342,145.90354609742786,548600
2019-08-21,143.72610473632812,144.65790524681424,143.41233206773674,144.21101821958194,782400
2019-08-22,143.75466918945312,144.2776237861982,142.62318956423587,144.20155634409156,450200
2019-08-23,141.158935546875,144.44876909606404,140.75007484651383,143.3838538905529,365900
2019-08-26,142.26190185546875,143.0035414317888,141.6914176858909,141.97666702487186,411900
2019-08-27,145.49464416503906,145.5516911078873,142.66118693096584,143.4503701599155,726000
2019-08-28,145.43760681152344,146.26481655412076,144.23956289920557,145.00972569519328,466400
2019-08-29,147.51040649414062,148.06188455397572,145.96056323130026,146.63565269493412,305700
2019-08-30,146.80677795410156,148.9556430120798,145.36154026987987,148.4136679992123,332600
2019-09-03,144.72451782226562,146.7402543546034,143.32680933740673,146.15074978572312,342500
2019-09-04,144.8766632080078,146.29339242589083,144.17306460330673,145.99864009058263,317200
2019-09-05,145.95101928710938,146.8542963093608,144.45822339617808,146.32183888607057,489400
2019-09-06,146.8924102783203,148.18552802400754,146.22682366003505,146.31240861646683,494700
2019-09-09,138.46688842773438,147.1973208047732,138.0761124653632,147.1210707723686,677700
2019-09-10,134.9785614013672,137.30413710191928,134.15889151581538,137.30413710191928,1094200
2019-09-11,137.73301696777344,137.74255731287812,133.55843245365006,134.97854772618425,867500
2019-09-12,141.00221252441406,141.2309481839564,139.01022859209516,139.0483463542811,488400
2019-09-13,137.36135864257812,141.26909128136867,136.9324647049583,141.00222329604014,636200
2019-09-16,137.5614776611328,138.11427962824868,135.54090219342052,136.49400602433542,501100
2019-09-17,138.67662048339844,139.90611814227935,137.37087276566427,137.37087276566427,564900
2019-09-18,137.6663055419922,140.8591943220937,136.6369517650134,139.38189517029014,983600
2019-09-19,138.95301818847656,140.20159657673173,137.71399469056982,137.71399469056982,428300
2019-09-20,139.7822265625,141.1070404500901,139.40097626266825,139.40097626266825,1435800
2019-09-23,139.50579833984375,140.81156043323907,139.20081268677706,139.20081268677706,827100
2019-09-24,139.92520141601562,141.99343543216887,139.25803149841997,140.43988574045616,417100
2019-09-25,139.82986450195312,140.71624405270813,137.84740685836897,139.61064015746143,356900
2019-09-26,138.2763214111328,140.49705533733328,137.28508516897034,139.68691117075116,445700
2019-09-27,135.13107299804688,139.36285674178313,134.65452103669298,139.36285674178313,327100
2019-09-30,137.71395874023438,138.18097024521373,134.96901543256678,135.30260754458772,385400
2019-10-01,134.0254669189453,138.17147473695215,133.5870472653662,137.98085686395206,360000
2019-10-02,132.49098205566406,133.4154941008741,131.08991800955042,133.1105083827665,452700
2019-10-03,134.58779907226562,134.82607503125092,131.48067125944274,132.10972328153443,446000
2019-10-04,135.9698028564453,137.09445845282423,134.72123910197988,135.48371057054337,347100
2019-10-07,135.25497436523438,135.76011825542895,134.5973303646989,135.07388230210594,256000
2019-10-08,131.56646728515625,134.2447016910558,131.45209946113656,134.2447016910558,253700
2019-10-09,132.9008026123047,134.02545816983644,132.45284264123072,132.65298630469152,305500
2019-10-10,133.1486358642578,133.66332020700716,132.2813076689234,132.31943997597875,422200
2019-10-11,134.0826416015625,135.2073116983447,133.91108989062872,134.50200961923687,331600
2019-10-14,133.5108184814453,135.2931184199699,133.02474064636056,134.55922422160702,171500
2019-10-15,136.38914489746094,136.47492073984577,134.2446615785902,134.85464736311846,448300
2019-10-16,135.7219696044922,136.58929751644817,134.96902403311657,136.0555617377704,483300
2019-10-17,136.4368438720703,137.21839620206404,135.58858181863627,136.3606083433426,532100
2019-10-18,136.64649963378906,137.20884197999422,135.9221459151804,136.01746212117075,901200
2019-10-21,133.958740234375,137.24694539242662,133.78717399016546,137.24694539242662,486500
2019-10-22,130.49899291992188,135.0643690486801,129.97478283142397,134.43531694248261,739200
2019-10-23,131.3853759765625,131.7666117121523,130.5371141031458,131.15662580928196,468600
2019-10-24,130.94696044921875,132.73880065685861,130.50852620193191,131.92865642428617,356500
2019-10-25,131.5378875732422,132.85317584475158,130.59432385082368,131.0994678448817,332700
2019-10-28,132.91990661621094,133.6251943554539,131.91914438426343,131.91914438426343,304100
2019-10-29,134.81654357910156,135.48371339963157,132.52910003922395,132.5767581428071,247400
2019-10-30,135.9888458251953,136.30337183044472,133.50125882071478,135.13105820594066,359500
2019-10-31,134.930908203125,136.7036672604589,134.16842227563797,135.46464398940307,367400
2019-11-01,135.47422790527344,137.12309406873317,134.91189992802643,135.9221880344609,312600
2019-11-04,133.93968200683594,136.74180963454418,132.89126196136328,136.32244161635512,416000
2019-11-05,138.6575469970703,141.16421483011086,136.37010352533895,139.15316508178944,878500
2019-11-06,138.66709899902344,139.67738685967754,137.41852060752322,138.6766248029724,490100
2019-11-07,138.3811798095703,140.57332204055004,137.69494372781642,139.629743792335,481600
2019-11-08,139.0006866455078,139.90613255494722,137.95228095049862,138.33351674082684,282700
2019-11-11,137.9046173095703,139.9251930950486,137.35181525551798,138.2763272803557,373400
2019-11-12,138.77194213867188,139.5344136707031,137.97132376089948,138.37162567817956,275400
2019-11-13,138.78147888183594,139.8775427029348,138.19055903497014,138.48601895840304,265000
2019-11-14,139.85842895507812,139.9346789890565,138.33345736192484,138.89578500140743,296100
2019-11-15,141.77420043945312,141.85045049411846,139.89658465505022,140.5160963522912,319200
2019-11-18,142.37464904785156,142.78447669751276,141.5073211070959,141.8790310041041,398000
2019-11-19,144.76698303222656,145.0243252146418,142.64156493394597,143.16577510434198,385700
2019-11-20,144.74789428710938,146.31098420556614,144.21415839444788,144.82414434937706,635400
2019-11-21,143.75668334960938,145.40554925812125,143.10856504331417,145.2149313597568,329000
2019-11-22,144.76698303222656,144.9290089861281,143.2420106352954,144.68120715249302,494000
2019-11-25,144.74783325195312,145.66505365947526,144.4038774214728,145.12999991749845,285600
2019-11-26,144.9771270751953,146.46759732761288,144.2127792440595,144.59494587026626,445100
2019-11-27,145.87521362304688,146.31471834450642,144.71915015396877,145.4548361843868,260200
2019-11-29,144.40390014648438,146.2383266714907,144.40390014648438,145.6555129386455,237200
2019-12-02,143.5439910888672,145.21599571626948,142.68409424754054,145.21599571626948,308100
2019-12-03,145.30201721191406,145.60774769612587,142.78922782377109,143.06631110940026,406900
2019-12-04,147.2032928466797,147.42303794192833,145.71280791979493,145.71280791979493,473400
2019-12-05,146.13320922851562,147.06952778721413,145.78925338958416,146.7733464273306,338700
2019-12-06,147.42303466796875,148.15872076199568,146.82110835660825,147.1364023969055,340800
2019-12-09,145.74148559570312,147.2606324582562,145.55996589295322,146.8211276410687,279300
2019-12-10,147.07908630371094,147.1555225517786,145.01535134205508,146.12365507095066,304100
2019-12-11,146.8306884765625,148.09186490450548,146.37208549309506,147.44217855948708,440000
2019-12-12,146.81158447265625,147.51859433998501,145.51219725587248,147.3083982770696,410400
2019-12-13,145.15867614746094,147.1173133056055,144.77650944384868,146.29564177198645,503200
2019-12-16,144.03125,146.03766130412595,142.9133972718348,145.50260759862897,1253500
2019-12-17,144.76699829101562,145.13005238090784,142.7223752759124,143.8975520470694,758900
2019-12-18,142.60768127441406,145.6077351980415,141.77646064632748,145.30200474007174,753900
2019-12-19,141.7764892578125,143.0376659206071,140.67774879024674,142.65548454761085,1200200
2019-12-20,143.16184997558594,145.14914921053057,141.90068799842015,142.7892322802043,14904400
2019-12-23,144.72872924804688,146.04722910729424,142.93252831750408,143.41024396752417,786300
2019-12-24,145.25421142578125,145.30198590391242,144.19368215765428,144.85293205118236,137700
2019-12-26,144.6045379638672,146.02812131849953,143.88796446469783,145.39753314033646,649300
2019-12-27,145.04403686523438,145.58863975487955,143.78287501239853,145.18736032085332,433400
2019-12-30,145.16822814941406,146.12365941054884,144.67139981158124,145.34019877863076,600500
2019-12-31,145.6268310546875,145.76059084808085,144.51852729301459,145.13956635990976,330200
2020-01-02,144.93893432617188,146.38164500945865,143.82108138495946,145.77971858775751,641200
2020-01-03,143.91664123535156,144.74786191581418,142.55036670695748,142.77011185422515,638000
2020-01-06,144.86248779296875,145.34976708215515,143.5344388805575,143.79240941137826,581900
2020-01-07,144.308349609375,144.94850146497856,143.89752111265653,143.99307008240433,429900
2020-01-08,144.22235107421875,145.23510591439103,143.7159736541326,144.84339016324532,839000
2020-01-09,145.015380859375,146.33388089415132,144.55677785634583,144.79563571315447,644100
2020-01-10,144.27969360351562,145.73195344514335,143.80197789312606,145.59819362938333,432000
2020-01-13,144.78604125976562,145.05357541489175,143.62997764289508,144.15546773180148,522700
2020-01-14,145.61727905273438,145.70326436559742,143.59175490670998,144.31789198081682,519500
2020-01-15,145.77017211914062,146.91668685526426,145.3688781117078,145.55041240584984,550300
2020-01-16,147.2606201171875,147.29883095174188,145.87523317097114,146.2287526395362,399300
2020-01-17,147.2606201171875,147.51857605255762,146.1905272262582,147.35615449293525,628100
2020-01-21,146.95489501953125,147.85300282973606,146.07589991855275,147.09821847064032,521200
2020-01-22,145.98033142089844,148.09184085678518,145.96123329295276,147.56635076380672,369800
2020-01-23,145.04403686523438,145.63639966135983,144.57588481490012,145.63639966135983,399100
2020-01-24,144.5471954345703,145.1586708854189,143.4006807865698,145.1586708854189,486500
2020-01-27,143.41978454589844,144.63318630719425,142.28281903353,142.84651996830505,831200
2020-01-28,144.31790161132812,145.02491144701332,143.41979385156336,143.41979385156336,452800
2020-01-29,144.76699829101562,145.92306234836911,143.74467949409947,144.55680217536425,514200
2020-01-30,146.47715759277344,146.55359383960482,143.41978061313503,143.79239820473592,568400
2020-01-31,143.9739227294922,146.66823099910567,143.73506494132295,145.99943210797625,659300
2020-02-03,144.27011108398438,145.32109123462848,143.86883172975385,144.7573757472522,398800
2020-02-04,145.4261932373047,146.5440460216107,144.80515419354123,145.87523250083103,382400
2020-02-05,146.10458374023438,147.3275348982024,145.66509341278876,146.20013272205878,341500
2020-02-06,147.37527465820312,147.8912011337779,145.25421605436085,146.1905346249277,459500
2020-02-07,146.05679321289062,147.57594021622714,145.23512162709127,147.00267554567833,353500
2020-02-10,147.02175903320312,148.39758230607657,145.0057986000639,145.73192107020344,591400
2020-02-11,155.037841796875,155.38179764949672,148.82753832028408,150.00271474227299,2184600
2020-02-12,160.35006713867188,160.62713585340603,155.73533133792293,155.73533133792293,1099400
2020-02-13,159.5570526123047,160.0920918932586,156.80540536313936,159.25130754962987,783700
2020-02-14,160.99974060058594,161.09528957245323,158.74492190454467,159.5570444292379,404500
2020-02-18,160.44558715820312,160.8850920145252,159.54749389306866,160.6175723902339,563600
2020-02-19,160.7608642578125,161.25769261266652,159.97741817777788,160.70354071277637,382000
2020-02-20,160.77999877929688,161.12395467490384,159.28952809124226,160.40738110728321,519000
2020-02-21,160.46469116210938,161.1430538303673,159.7767794287613,160.56978919300215,546600
2020-02-24,160.3498077392578,161.19243380737808,157.57293032467166,158.1378759567907,860100
2020-02-25,157.8697509765625,161.80524434761847,156.8643448000985,160.61790307684927,1276200
2020-02-26,158.41554260253906,160.85727441540828,158.204882470548,158.7698280013821,1086800
2020-02-27,156.6728515625,161.39353622443068,155.95469582250186,156.83563177692298,1159000
2020-02-28,151.88511657714844,155.94509481722588,148.5720336009308,153.28313256986934,1618500
2020-03-02,156.4622039794922,156.4622039794922,149.46258114090838,152.2969091185407,1089700
2020-03-03,154.1928253173828,158.8369049893487,151.45425748615557,156.53879783388388,897900
2020-03-04,157.4676055908203,158.77944662179038,153.05334124691305,156.5770995246003,851300
2020-03-05,151.42547607421875,155.9259141555505,149.3667695446352,154.6811084026092,931700
2020-03-06,150.36260986328125,150.73605013920613,145.79513678780677,147.94960328989137,788800
2020-03-09,139.3221893310547,144.61738889758183,138.71893393887123,143.70772804062705,1061100
2020-03-10,144.67486572265625,144.67486572265625,138.98706986302273,142.18526789713417,918600
2020-03-11,139.0828094482422,142.47249765246434,137.177297883308,141.4000565683559,704700
2020-03-12,125.49530029296875,132.7821866779527,125.16016976514226,132.31298640589915,870900
2020-03-13,130.50323486328125,131.63314065396142,121.86621968708434,130.7905000379229,900300
2020-03-16,115.3836669921875,123.55148888923443,114.95277655215864,119.25213272069654,894500
2020-03-17,125.08358764648438,128.195595949751,113.02814245129935,118.08395784896383,922200
2020-03-18,117.56684875488281,125.32293445250072,106.99559830046084,116.12096021819313,925400
2020-03-19,116.07310485839844,120.11392847876304,111.9461060667778,116.68593042774258,811700
2020-03-20,110.78746795654297,117.65304106444158,110.43318253501592,116.25503236907443,833000
2020-03-23,103.1845932006836,112.75042324164443,101.20248414164746,110.52892899525872,920000
2020-03-24,113.09515380859375,113.93778715218991,106.11467992369144,107.99145916996731,783000
2020-03-25,112.81747436523438,118.13182955654716,110.41404453673044,112.31955628595153,787300
2020-03-26,124.10687255859375,124.73885303846323,113.94736335872776,114.08141849588971,1020800
2020-03-27,124.2313461303711,127.86041925990905,118.54355155607172,120.27669803114748,1027700
2020-03-30,134.046142578125,134.43872320395786,125.57190060785047,125.63893547745191,898700
2020-03-31,134.02700805664062,136.31553034468928,131.8533860071987,133.6535676702533,1276100
2020-04-01,131.8533477783203,134.08441930020024,128.10936023946513,129.46908085301985,1044200
2020-04-02,133.6248016357422,135.42496813587627,130.2350995271111,131.51821511206387,732400
2020-04-03,132.83006286621094,134.95580464183206,131.7288967746482,132.5906776627483,908300
2020-04-06,142.33843994140625,143.16192564777865,136.1718892084495,137.847585677505,978800
2020-04-07,142.44374084472656,147.81554443835304,141.4862002013772,143.621526355902,1080600
2020-04-08,142.91297912597656,144.20566518354218,140.0116313718902,143.28641949201992,826600
2020-04-09,146.20692443847656,147.20276055983948,141.58200007237926,142.81722142214733,669500
2020-04-13,143.16192626953125,146.89634432619317,139.09237768415096,146.06327385682337,737400
2020-04-14,150.48712158203125,151.79894785438384,144.82805172375961,145.80474746941533,930300
2020-04-15,148.17947387695312,149.41469537255225,145.51751099168797,147.6240983281754,589300
2020-04-16,143.94712829589844,149.59661388106267,143.11407237076557,148.96464797798683,888400
2020-04-17,148.39012145996094,148.85932178308096,143.14280117084581,146.46546941986406,717300
2020-04-20,150.76478576660156,153.35972758661663,146.92505268012138,147.3655132360026,889200
2020-04-21,141.5054168701172,148.7923049310508,140.19359029162894,148.4380194138631,718800
2020-04-22,144.47377014160156,145.81432150596177,141.3043122215746,143.58324954098694,393900
2020-04-23,143.10446166992188,146.57076910834266,142.711866457162,144.03327736307952,593600
2020-04-24,141.54368591308594,144.70355881622075,139.35090933237746,144.1098882047564,766900
2020-04-27,143.31512451171875,144.4163051577664,141.71603318784113,143.01828921238211,408200
2020-04-28,140.0020751953125,145.30684587454897,139.93504031247662,144.2056795755498,523700
2020-04-29,140.62445068359375,142.87467753935127,139.42752461370443,140.99789103296266,519300
2020-04-30,136.44956970214844,140.03077770373375,135.23348874427344,139.66690750903564,780100
2020-05-01,135.396240234375,136.96660629469906,133.7684240735737,135.23346007938594,639500
2020-05-04,133.61526489257812,135.4250168005982,132.77263874685724,135.38672158934932,400100
2020-05-05,135.64524841308594,137.61778034406274,134.56322251251694,134.74515762262126,964200
2020-05-06,135.00369262695312,136.6219244253525,133.58652161838512,136.37296905888664,582600
2020-05-07,137.75181579589844,139.24557705977816,136.62191008930182,137.30177046499716,664800
2020-05-08,141.95542907714844,142.46292455185636,139.07323641787184,140.27973261249406,644600
2020-05-11,146.29312133789062,147.06872725535058,140.75853520417795,140.75853520417795,603100
2020-05-12,142.8076629638672,147.41343279768654,142.8076629638672,146.98254227346544,608200
2020-05-13,140.81597900390625,143.6694471309792,139.12112732020228,142.30017049592198,689900
2020-05-14,144.48336791992188,147.0304306101962,137.99124079361627,140.18400336126712,1131900
2020-05-15,144.8950958251953,146.98252797142013,143.51623459312427,143.9088152573522,1530100
2020-05-18,152.76608276367188,153.72362375146474,147.1165967800603,148.01668764633214,568000
2020-05-19,150.95632934570312,153.75236185922407,150.85099925368067,152.45967569448607,484600
2020-05-20,151.3201904296875,153.08206221599553,151.1191150185853,152.50754643050288,498100
2020-05-21,149.66363525390625,150.9946164285298,149.0891049092271,150.1807008753866,332400
2020-05-22,150.7935333251953,151.10952356813775,148.53373626944585,149.97004758595827,443700
2020-05-26,151.9425811767578,154.25984298457547,151.33934035241344,152.8713970074932,376700
2020-05-27,153.1873779296875,153.22568774500843,150.27646023457984,152.17238698738623,434200
2020-05-28,155.89720153808594,157.5824825481903,153.2160846127568,154.25981509684618,430300
2020-05-29,158.846435546875,159.32520592523207,154.29811695248276,156.5866387765931,737900
2020-06-01,158.61660766601562,159.56457819835705,157.35266156713828,158.46341226163528,554300
2020-06-02,157.45802307128906,159.89017045337954,154.88223579208554,158.89433437693438,574700
2020-06-03,156.24191284179688,158.50170945763892,156.03125272084378,157.99421406013684,565200
2020-06-04,153.809814453125,157.0367229255533,153.1969888017546,155.67701646816636,544200
2020-06-05,156.95053100585938,158.21447738475024,155.17907451251796,155.73444998280385,555300
2020-06-08,158.4059600830078,158.76026009777064,155.75358271157174,155.75358271157174,550900
2020-06-09,154.70030212402344,158.55919069878072,154.47050166397352,157.52504479581322,486000
2020-06-10,152.86180114746094,155.17904795460746,152.2106804660251,155.17904795460746,456800
2020-06-11,143.32174682617188,150.83671050606588,142.91864717774934,150.83671050606588,556000
2020-06-12,145.71160888671875,148.29336584465872,143.3313798428425,146.94010758587953,522200
2020-06-15,147.65989685058594,148.09178830540858,142.12204698449125,143.081812281811,396900
2020-06-16,148.66763305664062,151.01906966174872,147.96700851673768,150.7599289407441,424500
2020-06-17,148.70603942871094,150.5199952782572,148.1877579603512,149.9057460658409,309600
2020-06-18,147.1896209716797,148.64846846677912,146.5369728903756,147.9286444234209,332800
2020-06-19,146.11468505859375,149.85776414000406,145.9515267032356,149.63702220567916,860800
2020-06-22,147.00723266601562,148.16855499179326,144.34867898425367,145.88430914902736,575700
2020-06-23,148.581298828125,149.87698814696455,146.86332497926827,148.53330762282357,689000
2020-06-24,143.04342651367188,147.24720358565062,142.32360247503757,147.24720358565062,522100
2020-06-25,143.14898681640625,143.31215980280444,140.2408991659815,143.31215980280444,566400
2020-06-26,142.36199951171875,144.25273846781513,141.6037766660498,143.00504055414308,1432900
2020-06-29,143.65765380859375,144.94375035773166,142.22761297653895,144.16634285805122,544300
2020-06-30,147.2664031982422,148.0726026078654,143.4369340352455,143.4369340352455,517900
2020-07-01,148.0725555419922,148.95553765923063,146.33538308836037,148.47565511867586,678400
2020-07-02,147.8134002685547,150.8078769843226,147.3911159762561,149.41620603830043,585700
2020-07-06,147.46792602539062,149.92493738740993,147.07443339972323,149.25308999096356,646200
2020-07-07,145.67315673828125,147.82303599723937,144.761382753203,145.84592208468848,482200
2020-07-08,144.75181579589844,146.40259870956916,143.33135254656088,146.26823214758934,510400
2020-07-09,144.3870849609375,145.7211580579317,141.39262210031293,144.7134016275737,881200
2020-07-10,144.4542999267578,144.7422325053189,142.91868391586428,144.47349933729103,296100
2020-07-13,144.11834716796875,147.68867491381073,143.80162289190238,145.51959617072376,402200
2020-07-14,147.15122985839844,147.35277237991136,143.79205114785165,144.11836785068195,458300
2020-07-15,151.2493896484375,152.0364041174867,148.8883755309984,149.55061584157534,378700
2020-07-16,150.7791290283203,151.59492071686722,149.9249385280443,151.28780344731302,276600
2020-07-17,153.52407836914062,154.3398701644753,150.85591710922102,151.6621311676533,464500
2020-07-20,151.1150360107422,154.04232295855184,150.55837040715417,153.5048567605649,284500
2020-07-21,150.8367156982422,152.13239004601738,149.88654279398887,151.1726247610627,455000
2020-07-22,151.48936462402344,151.69092179830528,149.9345493890345,150.75994820467773,307300
2020-07-23,151.67172241210938,152.73706257379374,150.6639658302689,151.86367255987483,358100
2020-07-24,150.059326171875,151.77729979441156,148.62927045349812,151.77729979441156,312400
2020-07-27,151.34536743164062,152.42990672735377,150.04967863331336,150.05928565743008,441700
2020-07-28,150.7887725830078,152.27641217798262,149.57947321053612,150.9423385923295,548100
2020-07-29,155.2228240966797,156.76804667837789,151.45095383186055,151.45095383186055,593500
2020-07-30,154.64695739746094,154.96368164224273,151.76766205746637,152.67943598616063,344600
2020-07-31,153.2073516845703,154.18630182396763,150.9518971926249,153.77360974174556,416500
2020-08-03,154.58937072753906,156.34572796217273,153.50483148491395,153.50483148491395,478400
2020-08-04,151.6429443359375,157.51670432892405,150.97111143557285,155.07890647764117,612100
2020-08-05,151.32618713378906,153.4760665932665,150.7983133106076,153.27450944446787,355400
2020-08-06,149.70416259765625,151.3069686257977,148.42767320270084,151.3069686257977,421000
2020-08-07,148.01498413085938,150.81749664037528,146.2394127271088,149.62738256995587,498700
2020-08-10,149.6082305908203,150.58718072411193,147.343183731389,147.8998494034793,568500
2020-08-11,152.33396911621094,153.81200142395218,149.9537549676365,150.4048458880531,566600
2020-08-12,154.0519256591797,154.49342414844898,152.391535762411,152.91940961538847,346500
2020-08-13,152.79466247558594,153.87920216135763,152.2379967362013,153.11138684341816,243800
2020-08-14,152.3147735595703,153.46648916737396,151.6909318767604,151.78689963457657,245200
2020-08-17,151.74850463867188,154.22470107353516,151.3166131471526,152.31476269743843,253200
2020-08-18,151.4029541015625,153.19771026573164,149.60819793739333,152.32433509957724,291700
2020-08-19,150.644775390625,151.58534133063557,149.98253495765843,151.58534133063557,367200
2020-08-20,148.4373321533203,150.65438806150107,148.37014154041353,149.85778095839188,241800
2020-08-21,147.2855987548828,148.76363096720695,146.2586427889971,148.6772555994756,362700
2020-08-24,146.95928955078125,148.638879185806,145.75958266862074,147.65032188649448,302600
2020-08-25,148.37013244628906,148.9651969639222,147.5639330099761,148.0918069188208,300600
2020-08-26,148.4470977783203,148.7742609870928,146.0606945684743,147.87935611268864,325500
2020-08-27,151.00668334960938,151.7572558236733,147.99483491972404,148.44709598402727,332200
2020-08-28,151.68991088867188,152.59443313635091,149.7557832002098,151.79575954920557,251900
2020-08-31,153.61439514160156,154.34570369161972,151.65140130584402,151.8823331201409,395400
2020-09-01,152.77725219726562,154.18213647474883,151.74763215301243,152.85423437015965,371700
2020-09-02,157.37680053710938,157.96377664589264,153.19098561742675,154.20135625488587,396400
2020-09-03,154.42269897460938,157.3768292680982,152.48857145134647,157.3768292680982,371200
2020-09-04,151.95933532714844,156.0296706022657,151.04519584835194,155.58704144458892,317400
2020-09-08,153.017822265625,153.56630008110346,150.10219025569802,151.170294088839,611900
2020-09-09,156.86683654785156,157.5596614211323,154.09553705472868,154.09553705472868,581300
2020-09-10,155.97193908691406,159.08003389962192,155.16364825708646,157.42495381025176,604000
2020-09-11,156.15476989746094,158.20437813543245,155.5196779528995,156.75136341231322,552200
2020-09-14,160.86016845703125,161.51450949971374,157.4056764907779,157.492275917901,446500
2020-09-15,163.23696899414062,164.2665890898458,160.6677494121631,160.86019751259104,636600
2020-09-16,163.73736572265625,165.2288643774216,162.96755854443697,164.18962688925316,584600
2020-09-17,165.036376953125,165.40203861187675,161.6781158468891,162.78470340605566,464700
2020-09-18,169.27032470703125,169.41465712152402,164.78621171402406,165.44053823685778,1054700
2020-09-21,165.55596923828125,167.38424779393264,162.18807686945826,167.38424779393264,744600
2020-09-22,163.1888427734375,165.70996117984487,160.2154779674742,165.305801107309,500600
2020-09-23,159.41677856445312,164.00673886661326,158.9549002916536,163.3620298008932,407100
2020-09-24,160.9468231201172,162.0822920580757,157.99270685703982,159.04156165530355,402700
2020-09-25,163.785400390625,164.22802938818378,159.50335466873616,159.86901620111874,537800
2020-09-28,166.43167114257812,168.75069508932427,165.96016079376523,166.44128840905813,449000
2020-09-29,166.2969512939453,168.13484757341413,165.68109386825415,166.9224113029953,420900
2020-09-30,169.5397186279297,171.0408341479899,166.47012268693248,166.47012268693248,537600
2020-10-01,167.8846435546875,172.0127113523333,166.6818247149152,170.4249963569727,476000
2020-10-02,166.152587890625,167.60558781922833,164.88241878196695,165.5463624735111,491200
2020-10-05,168.12518310546875,168.41386252200144,166.65293423228164,166.88386601923176,426500
2020-10-06,174.17776489257812,178.0075502021421,169.38573930658438,169.53970362395134,693500
2020-10-07,178.29624938964844,178.99870621727942,174.53384293096568,175.78476287341894,473600
2020-10-08,179.7011260986328,179.9416898551236,178.90245266514174,179.9416898551236,306100
2020-10-09,181.3369598388672,182.2029981869031,179.5567968197901,180.4901853857268,550400
2020-10-12,184.5797882080078,185.6863757471002,181.32736113267637,182.05866975406497,335000
2020-10-13,180.5960235595703,183.97354823489462,180.28810957383692,183.43468774772586,343600
2020-10-14,179.53758239746094,183.61754985444446,178.60419365065775,180.82700088049953,361200
2020-10-15,180.25924682617188,181.30810134488718,177.37248157131313,178.50793552379082,309100
2020-10-16,181.75076293945312,183.37697654150006,180.44209530847291,180.44209530847291,236000
2020-10-19,179.39320373535156,184.29109314827693,179.05642327415865,182.19336948301253,203900
2020-10-20,179.30662536621094,182.10679144279493,178.84474699448893,179.81661943314015,181600
2020-10-21,178.93133544921875,180.48056676953144,178.65228792670928,179.2007657064168,181200
2020-10-22,181.0867919921875,182.4243260114078,179.09491686130843,179.5471779388651,216400
2020-10-23,180.46131896972656,182.1260309010561,178.84473741387458,182.1260309010561,176500
2020-10-26,179.38357543945312,179.5375397634232,176.84322282533105,178.7965993018075,238800
2020-10-27,178.35397338867188,180.91356057657308,177.86321393266493,179.77810670354984,268800
2020-10-28,171.87802124023438,176.0830865003099,171.45462659776916,176.0830865003099,302500
2020-10-29,170.63668823242188,172.8787442405498,168.87575974493478,171.33913030136043,396400
2020-10-30,170.501953125,171.9164690444797,166.373871259467,170.05930939745164,352600
2020-11-02,174.71669006347656,175.83289497709012,170.97350310386034,171.51237836904403,578900
2020-11-03,169.7225799560547,179.53758023768947,167.60560673133887,175.27478198921105,618400
2020-11-04,170.91574096679688,174.9091083200871,169.54934052828398,171.99347663036468,404700
2020-11-05,172.3976287841797,173.21553681679777,171.23329364229693,172.30139740017864,254600
2020-11-06,174.81292724609375,175.76556532609627,172.43615536276388,172.43615536276388,378500
2020-11-09,182.87661743164062,187.87072464398224,182.87661743164062,183.04981633288128,676700
2020-11-10,182.328125,183.2615137893518,177.218551850098,183.2615137893518,388000
2020-11-11,182.03941345214844,183.47317884234442,180.21113462843877,183.14601563100229,239700
2020-11-12,181.88548278808594,182.9150882213795,178.68117119652794,181.92396653579587,279600
2020-11-13,185.51315307617188,186.00391257104,182.61677052961335,182.61677052961335,248600
2020-11-16,188.19786071777344,189.13124937162797,184.88770071022927,187.6397509785621,388100
2020-11-17,187.84181213378906,188.30369044010752,184.6567356294139,187.34143540361688,378600
2020-11-18,184.69525146484375,187.84182984199916,183.34808547704895,187.84182984199916,315700
2020-11-19,187.37997436523438,188.00544913298776,183.52133581759645,185.24376638006,274500
2020-11-20,188.65011596679688,189.37180729438,186.1193803462275,187.1201338762041,453700
2020-11-23,182.32481384277344,189.39256594598945,181.63057252343526,189.22864990015495,445800
2020-11-24,183.8096923828125,184.98604470584763,181.54376420822908,182.64297698565457,420800
2020-11-25,182.51763916015625,184.30145636350488,181.69805900383636,184.30145636350488,235600
2020-11-27,184.83177185058594,185.0824643476273,181.74626348641937,183.03831781502905,174000
2020-11-30,186.8759307861328,186.88558242584017,183.55900355718524,184.8317841178646,564400
2020-12-01,186.99166870117188,188.02339387332017,185.03429813685344,188.02339387332017,466800
2020-12-02,185.90206909179688,187.4158905067412,184.86070720467026,185.6513618685154,273200
2020-12-03,185.79598999023438,186.1720360838419,183.7518435032256,185.22710238682933,321900
2020-12-04,186.5673828125,187.15555901879682,185.29460228233705,185.41995589260418,355800
2020-12-07,180.91705322265625,187.46411683061172,180.21316027893897,186.143136853631,543200
2020-12-08,182.32481384277344,182.58515801574188,178.89218438208277,180.1746019660584,437200
2020-12-09,181.514892578125,183.2890585149981,180.25176340879833,182.85516131595074,362100
2020-12-10,182.97084045410156,184.3303975924225,180.2806663857911,181.27381429773342,233600
2020-12-11,179.55747985839844,183.30830405814785,179.33571284656082,182.71049093368782,317900
2020-12-14,179.66355895996094,182.62371403447247,179.28751281791247,180.2420835638769,409500
2020-12-15,181.50521850585938,183.85790865571445,179.88531732461533,180.7916886779124,433200
2020-12-16,175.25706481933594,181.68842670736535,174.82316766534137,181.56308779532847,707000
2020-12-17,176.10557556152344,177.16622606868606,174.12891673246548,175.87415689281542,712100
2020-12-18,178.2847442626953,178.38117240319582,175.22816053354694,176.30809979825204,965500
2020-12-21,177.5325927734375,177.93756434562064,171.7183338873894,176.1055479886688,326300
2020-12-22,176.05735778808594,177.93758845399296,175.17027497937252,176.8287386213176,372600
2020-12-23,177.5712127685547,178.49685809618208,175.82597246014703,176.5877017341918,273300
2020-12-24,179.52859497070312,179.54788354088,177.4844479179998,178.06297260749244,97200
2020-12-28,179.07540893554688,182.3248341442189,178.8922043013129,181.4184626145569,230200
2020-12-29,178.95004272460938,181.08098083373127,177.83154114051942,179.8467772626207,173700
2020-12-30,179.62498474121094,181.24488602677704,178.8246930951125,179.76962692918744,169100
2020-12-31,182.75872802734375,182.91300715999455,178.27509924208002,180.56995352344032,234800
2021-01-04,181.7462921142578,185.52604229483876,179.49000043402694,182.99013258205082,487600
2021-01-05,184.95712280273438,186.30702809492567,180.75311311908456,182.75868249237902,396100
2021-01-06,188.25479125976562,190.00003149223267,183.41439057421886,183.41439057421886,570900
2021-01-07,192.6420135498047,193.0855623890045,187.94625451842464,187.94625451842464,299000
2021-01-08,195.55397033691406,196.59533244221592,191.8802848257168,191.8802848257168,307800
2021-01-11,193.2880096435547,196.6145736516758,192.64196775218588,194.42578490074743,356200
2021-01-12,185.18850708007812,194.2232640787092,183.89645290710527,192.75765697781284,863800
2021-01-13,187.1555633544922,188.51510568137897,184.2146822548789,186.1720524413879,484000
2021-01-14,183.04795837402344,190.7038858098695,182.6719122645661,187.74373099190825,381600
2021-01-15,177.78330993652344,183.18294591452704,177.3301242847283,182.97081583441596,646200
2021-01-19,181.95840454101562,182.03552938101538,175.2474105704083,179.4514205679297,786000
2021-01-20,182.7490692138672,184.45574697137337,181.51486572619774,181.53415429368619,418800
2021-01-21,181.5919952392578,183.68435595360543,180.71454937789306,181.89090181089816,594600
2021-01-22,182.0066375732422,182.75872996179075,180.36746223186375,180.92671305899157,402400
2021-01-25,183.59756469726562,184.2243032833033,181.57269205906618,181.94873815326162,438800
2021-01-26,186.2685089111328,187.1556066223845,182.86480441787666,183.59762298692206,422400
2021-01-27,185.4199676513672,185.46818171320945,180.56993022992933,183.22154178972747,1113400
2021-01-28,184.34002685546875,188.02336339544226,182.82620537523158,186.8277223520908,636400
2021-01-29,180.41566467285156,184.5907496807941,178.6511358094809,183.69401514432246,719100
2021-02-01,179.6538848876953,182.33442138968596,177.37831993857415,181.42805018013203,743700
2021-02-02,184.24363708496094,186.4227746385582,180.2421048818186,181.16776495557795,618700
2021-02-03,176.32736206054688,182.28626470019384,170.24312050193402,182.27661305905735,1321200
2021-02-04,178.96929931640625,183.23116006030318,178.1689930524834,179.432121894662,578800
2021-02-05,176.62628173828125,181.0713483349307,176.42380323959003,179.22969442440345,441200
2021-02-08,177.27227783203125,179.41285254032007,175.89343227607066,176.54911109849758,531400
2021-02-09,176.2309112548828,179.32605655238743,175.5173814669231,177.4747515296194,262900
2021-02-10,176.74195861816406,178.28470554102284,176.1537823997416,177.7158178890849,417300
2021-02-11,175.81631469726562,177.82189912111266,175.4595571055887,177.43621603350874,544300
2021-02-12,176.45272827148438,177.41695083034494,175.02568300397397,175.0931709324025,646900
2021-02-16,175.97056579589844,177.54225281769897,175.13169712186473,176.37553738725487,550500
2021-02-17,178.3811798095703,178.41010531034775,175.2088939504031,175.81634417959816,985200
2021-02-18,175.35348510742188,178.49684481426328,175.3052710451635,177.4747714309962,807100
2021-02-19,172.33546447753906,176.03808965480226,171.8437163528955,175.48847582767172,442700
2021-02-22,169.3367156982422,171.53514136625628,166.91652302072495,170.66734718099033,651700
2021-02-23,167.4522247314453,170.29351253308477,166.72740701659666,169.8972753098185,605200
2021-02-24,167.29757690429688,169.18209982764893,166.65973383902306,166.93033124614783,597800
2021-02-25,167.18162536621094,169.04681585257543,166.06057044104725,167.44254912309506,412600
2021-02-26,168.9308624267578,170.2645170792536,166.40849602891225,167.6068519558953,1100000
2021-03-01,171.80116271972656,173.48273069071246,169.95528972617925,170.138912607254,546800
2021-03-02,171.80116271972656,172.7772454470972,169.87797405275532,172.1877263403894,612100
2021-03-03,165.88661193847656,171.65616225007312,165.56770511409678,170.71873013938125,668700
2021-03-04,165.45175170898438,171.15366098024538,164.63995925565183,165.58705045120647,1433800
2021-03-05,171.2019500732422,171.82046064241285,166.5824460339616,166.86271716091144,585700
2021-03-08,166.85302734375,170.8926856284883,164.90086230437936,170.8926856284883,995100
2021-03-09,173.01882934570312,173.67600511282237,168.4959736252585,168.77623000255238,868500
2021-03-10,173.94659423828125,174.642420430661,172.10072156831689,174.5554310967728,560000
2021-03-11,175.45420837402344,176.19835867861326,173.6566598795109,174.864689385327,638600
2021-03-12,177.87026977539062,179.07829929743696,173.24109238889483,174.4008125272226,506300
2021-03-15,180.77919006347656,180.88549724569287,177.01014405117718,177.79294478092757,565200
2021-03-16,180.5955810546875,181.86159366482374,179.2909179873555,179.89975485352863,501000
2021-03-17,180.73085021972656,181.54265715262716,179.6001365143621,180.7018586949571,449700
2021-03-18,180.72122192382812,181.30108201040085,179.18461186480135,179.6291584842465,489800
2021-03-19,180.95314025878906,182.36411030149733,179.94805156738514,181.24305550972073,1505900
2021-03-22,180.2863006591797,181.51366259087482,178.4790787488935,179.53249153488238,630400
2021-03-23,179.5711669921875,180.7212134371291,178.54676033427597,180.52793166616627,559000
2021-03-24,181.44601440429688,183.00195684870047,178.6047269191727,178.6917014961167,672700
2021-03-25,184.43226623535156,184.96380213567957,179.5131739185361,181.83258453357257,629800
2021-03-26,187.17694091796875,187.27358918953553,183.6301675990144,184.81887940417127,581700
2021-03-29,186.29747009277344,189.07110093606033,184.6738708760412,187.186577980753,445100
2021-03-30,183.64944458007812,186.0751620985781,182.9246270022228,185.20538690373226,526500
2021-03-31,184.0843505859375,185.53398588661167,182.76035506352,183.93939295445122,413100
2021-04-01,187.0029754638672,187.28323183271152,181.19477466128416,184.31631890823704,768500
2021-04-05,189.30303955078125,191.8060728720302,188.05634498006032,188.05634498006032,748500
2021-04-06,187.96939086914062,190.4531066082801,187.93074041344275,189.3127190880645,638600
2021-04-07,187.28323364257812,188.86816784716171,185.97857055600193,188.09504072020755,432300
2021-04-08,191.5065155029297,191.73844774299087,187.46685694655864,188.55892039836255,723700
2021-04-09,192.4632568359375,193.95155745956143,190.31779523306963,192.3762822498236,489700
2021-04-12,193.88388061523438,194.3574334457084,191.9510335876788,191.9510335876788,405700
2021-04-13,196.09703063964844,196.47393528151463,193.0721198302769,193.37170880888146,397200
2021-04-14,197.96221923828125,198.8416683091989,195.55583375941495,196.06803712017913,533500
2021-04-15,199.76943969726562,201.1804099719049,198.29079794219825,198.31980421851162,861000
2021-04-16,201.15139770507812,201.6442684083201,198.7836629498305,200.9581159437942,1025400
2021-04-19,201.62498474121094,202.17583859159276,199.73078776797058,200.95815001723116,437700
2021-04-20,202.3594207763672,204.16662804448757,200.9581096181023,201.9052005410985,819800
2021-04-21,205.3843536376953,205.50997868179908,201.96320573512625,203.41284117773415,475600
2021-04-22,205.24903869628906,206.33142835568339,203.11323615789155,205.0847484620205,447500
2021-04-23,207.60714721679688,208.23531672595152,203.67379566236156,205.7902659340154,617400
2021-04-26,209.2017059326172,209.46264441873254,206.8146385971303,207.74241168862218,402800
2021-04-27,205.29733276367188,207.18187034670103,205.00741751685388,205.84820122553012,1398200
2021-04-28,203.79942321777344,205.25871761472766,203.55781730623735,204.95912864385565,616100
2021-04-29,205.8385772705078,206.0801831815386,203.21956270649414,204.47591639314513,939000
2021-04-30,203.9346923828125,205.9835054968454,202.0211632233208,205.79988267125708,1020800
2021-05-03,206.30242919921875,207.62642469765245,204.17630041270138,205.69357766509984,640700
2021-05-04,204.86245727539062,206.4473912864534,204.0796565697341,205.65493165414847,605200
2021-05-05,202.39808654785156,205.47132125001008,201.7215929802235,205.47132125001008,734200
2021-05-06,203.24855041503906,203.24855041503906,201.09342985816792,202.04052088259604,517300
2021-05-07,204.39859008789062,206.75666601618587,203.41283389321148,203.41283389321148,545800
2021-05-10,200.668212890625,204.82383767562243,200.61988875719786,204.82383767562243,611700
2021-05-11,197.77857971191406,199.9530327665127,196.4062599981418,199.81773405519584,628100
2021-05-12,191.10060119628906,196.541555843764,190.87831315872464,196.51256431650836,536900
2021-05-13,192.30865478515625,193.3427204620912,191.05230104276325,192.03805733251224,440100
2021-05-14,191.13925170898438,193.8355817162119,191.00395299959882,193.20739755042274,602500
2021-05-17,189.96990966796875,192.2603290684373,189.67030594044286,190.79136094728307,652100
2021-05-18,189.3706817626953,190.48207763490345,188.08533673888812,189.9602006872016,669900
2021-05-19,183.04066467285156,187.9404404934803,181.97760732416526,187.51521165542292,1251400
2021-05-20,182.94400024414062,185.6596483464011,182.66372912709008,183.57216971926005,842200
2021-05-21,184.13270568847656,188.00805940217145,183.73646843381815,184.25834548786958,899500
2021-05-24,183.62049865722656,185.39871468402103,182.93433135801462,185.39871468402103,401200
2021-05-25,184.93482971191406,185.65964744729,183.3305629184662,183.55283622830754,755200
2021-05-26,187.65048217773438,188.8391791624685,184.64490397508257,185.1087832075353,1103500
2021-05-27,184.86141967773438,188.39614153679764,184.78394441914108,187.14688808710545,976800
2021-05-28,184.83238220214844,187.22437742484996,184.58059867545722,185.6749016902537,695700
2021-06-01,182.4791259765625,186.0719658047661,182.15956081373494,185.9073364013137,3682200
2021-06-02,185.14224243164062,186.31403532286973,182.15952644411755,182.28541080130213,955600
2021-06-03,183.9608154296875,187.04037968016848,183.67028687587518,184.78396242577705,941700
2021-06-04,187.4955291748047,187.59237694733844,184.6193246979179,185.1229065166817,834100
2021-06-07,187.70860290527344,189.1902823697297,186.27534733236027,188.2605938935527,902200
2021-06-08,189.5292205810547,189.6938499784034,184.83238421562248,189.10311401055412,1045800
2021-06-09,189.36451721191406,190.34262920032467,188.49294660971992,189.72284204885764,771100
2021-06-10,191.9696502685547,192.71533686531367,189.61639973039675,189.61639973039675,1007900
2021-06-11,192.26014709472656,193.79992915125476,191.40793398207907,192.5409967690742,558900
2021-06-14,192.10519409179688,193.18013933524276,191.20457188136953,192.43446764818844,1027900
2021-06-15,191.9599151611328,193.1220143991492,190.50728741938892,192.69590789726803,718800
2021-06-16,192.56036376953125,194.4778433652717,191.8243709039385,192.16330857049343,517500
2021-06-17,193.95489501953125,195.5721524666792,192.28921368226221,192.56036973466448,535200
2021-06-18,192.8314971923828,194.0613928899758,191.30139410821153,193.29634873633736,849900
2021-06-21,195.00079345703125,195.184795377575,191.40795351492696,193.7515398138665,654100
2021-06-22,198.04161071777344,198.81634858060596,195.00077679709472,195.61088526532086,539200
2021-06-23,199.08749389648438,199.9203344682295,196.64707493187623,197.77044403365244,524600
2021-06-24,197.68328857421875,200.72412231065593,197.64454355613202,200.72412231065593,616200
2021-06-25,200.2689666748047,200.69507321723432,198.09970372102427,198.09970372102427,514900
2021-06-28,200.68539428710938,201.25677252556338,199.16498467858608,200.46266213338095,414500
2021-06-29,199.93972778320312,201.5569852104981,199.22309263813915,201.43108605310806,421800
2021-06-30,199.7847442626953,200.56916090207102,198.12874208642904,199.98810387747733,534700
2021-07-01,202.35107421875,202.4479219946312,199.52329353039121,199.52329353039121,412000
2021-07-02,203.00958251953125,203.36789264940265,201.285798706845,203.0773641330961,341500
2021-07-06,204.06517028808594,204.10390053057736,201.36327409633154,202.34138634775957,581800
2021-07-07,206.6121368408203,206.6992909779072,202.67066561439523,204.30729559187802,476200
2021-07-08,204.62686157226562,205.25632777746085,203.4647621597306,205.06264700485428,367900
2021-07-09,204.56874084472656,206.22472829844727,203.63905253024367,205.02389874765436,439000
2021-07-12,204.14263916015625,205.20789072962305,203.38727385160706,204.09421527588623,489700
2021-07-13,202.1282958984375,204.36534010750867,201.64408668342148,203.96828500474135,300800
2021-07-14,201.43106079101562,202.95148502547258,200.46264222952036,202.3510554690572,342800
2021-07-15,200.0171661376953,201.14053523204322,197.81886661006172,200.00748727161974,379400
2021-07-16,201.14053344726562,202.63190631577908,199.9978066309063,201.1792784650137,305600
2021-07-19,197.847900390625,201.02431185452153,196.55022316095005,199.46515749511127,404800
2021-07-20,201.77003479003906,203.47444632098058,198.322451929593,198.322451929593,402200
2021-07-21,203.22264099121094,203.31947398120022,200.29801279867465,202.9030610927677,315400
2021-07-22,205.46937561035156,205.54685087271832,203.1064318272995,203.82306692152042,295600
2021-07-23,205.75990295410156,207.13505560510424,205.04326786404584,206.5249471530717,354000
2021-07-26,205.00453186035156,206.77673963753648,203.25169659232517,204.9270566006124,255700
2021-07-27,208.07443237304688,208.18095901595188,204.6365431995443,204.9948533725448,315400
2021-07-28,207.51272583007812,208.6941976439028,206.86388717443577,208.17125812843838,433600
2021-07-29,209.9241180419922,210.4761089967733,207.6289557588291,208.49084777916153,423500
2021-07-30,211.06683349609375,212.60661554247136,209.2752679303189,209.9241066270272,349700
2021-08-02,211.43482971191406,213.0327144533745,210.97967179852452,212.1127197605065,376900
2021-08-03,212.0255584716797,212.41291997867546,209.57546073654035,211.53165555683162,363200
2021-08-04,209.6335906982422,212.57757695350543,209.21716298611406,211.3961049938343,360700
2021-08-05,208.7232666015625,210.39862669762252,207.41589553742415,210.20494592657496,578600
2021-08-06,209.45925903320312,209.92411061508412,207.52242177271918,208.14220910499822,688800
2021-08-09,208.21966552734375,210.2727228859695,207.84198288680082,210.2727228859695,700300
2021-08-10,210.74722290039062,218.35899267244199,208.09376574744027,210.14680817706198,755800
2021-08-11,210.70852661132812,212.33546281158863,209.8272621144059,210.54389721798478,429600
2021-08-12,211.27987670898438,211.70598324220245,209.36241208639763,210.04030212701974,489200
2021-08-13,211.93841552734375,213.38134977736743,211.02809968330743,211.54136035675003,294100
2021-08-16,214.95018005371094,215.24069378664515,211.30891698073452,212.19986024115173,409600
2021-08-17,218.68829345703125,218.86260171061681,214.58219330879587,214.76619520551066,540900
2021-08-18,209.44956970214844,218.54301959472153,209.3333642009318,218.18470944804034,695700
2021-08-19,208.1034698486328,209.32367195020817,206.09885105483795,208.59735800898343,700400
2021-08-20,208.11314392089844,208.74262485492994,206.22473067259318,207.85168154744474,621700
2021-08-23,206.49591064453125,209.5657960816359,206.19570321854982,209.16875565395844,455400
2021-08-24,206.89292907714844,208.95566522399687,205.84703531720672,206.23441158582978,299000
2021-08-25,209.2074432373047,209.63354973318454,206.1859823056379,206.9413475385546,449900
2021-08-26,205.9148712158203,209.29464299380558,205.71149678865868,209.29464299380558,305700
2021-08-27,206.86390686035156,209.17842682535255,205.52748440480514,206.36032502861156,368500
2021-08-30,207.84197998046875,208.98472152875664,206.49587881613675,207.10598721805715,276800
2021-08-31,208.21966552734375,208.7716711895419,206.6024083344089,207.89040676931026,487900
2021-09-01,210.33084106445312,210.70852373270353,207.11568417420233,208.6748387332658,344400
2021-09-02,211.60203552246094,212.6499896168017,210.83545868671538,211.66995161829215,350100
2021-09-03,211.359375,212.1647438241381,208.83648616262485,211.7280939731866,470500
2021-09-07,208.0311279296875,210.62193315491814,206.8085052365184,210.24350126373184,447800
2021-09-08,210.340576171875,210.4279032060226,208.05057350377805,208.20583143529237,251500
2021-09-09,206.7987823486328,210.9421368174748,206.17776556224263,210.6704428988171,404600
2021-09-10,203.4899444580078,207.59447723230207,203.36379555935807,207.31307042857705,472500
2021-09-13,203.9654083251953,205.42091792048387,202.16057583478914,205.11041690605114,423800
2021-09-14,209.53517150878906,209.94271243389957,205.0716026612192,205.36270755235807,553800
2021-09-15,208.584228515625,211.75722867550692,207.5459579292023,209.15672538537888,527800
2021-09-16,209.03057861328125,209.89418036318833,206.68235829113178,208.5551068250054,484700
2021-09-17,208.71035766601562,209.47693430266605,205.71201161623134,207.2742590891501,1639900
2021-09-20,206.21661376953125,208.16699139310623,204.45058826656276,206.76000167622615,506800
2021-09-21,205.82847595214844,209.01118934743496,205.0425030743054,207.8564974096694,489700
2021-09-22,209.31199645996094,209.7195373830303,205.77996032048324,206.85702324174605,349700
2021-09-23,213.8240509033203,214.5032857130795,210.07853917383864,210.07853917383864,520100
2021-09-24,213.6785125732422,214.43537635730112,212.57232590375537,213.5135417942214,286300
2021-09-27,208.6424560546875,213.19335182640157,206.93464862801233,212.91194500895645,312100
2021-09-28,204.2855987548828,207.69148548652632,203.55784404080626,206.74055680587108,460400
2021-09-29,202.90774536132812,205.5955906098852,201.27756688493858,204.2565170192305,385600
2021-09-30,198.22097778320312,204.29529851688946,198.191868778895,203.538434792463,441000
2021-10-01,201.44252014160156,202.77188074311488,196.0377211068736,199.07488899276888,495300
2021-10-04,199.9093780517578,201.99560236856178,197.87165887229645,200.21018097308036,573700
2021-10-05,201.46194458007812,203.98483398308903,200.1034747822786,200.83122963243056,645800
2021-10-06,205.90609741210938,206.56593615871782,199.24956595953492,200.26842568511253,604300
2021-10-07,210.88392639160156,211.46612132128877,206.99286956886388,207.59447543806994,630000
2021-10-08,212.97987365722656,213.02837879898445,211.05859032243154,211.22354630055264,614300
2021-10-11,214.96905517578125,215.43482890211553,212.4073589057792,213.4747385208672,820000
2021-10-12,211.73782348632812,217.25904370833322,210.98094493066378,215.67740013252515,630900
2021-10-13,213.52325439453125,214.46448509000405,210.61223528841958,211.44672802441994,486000
2021-10-14,217.5404815673828,218.6951882953848,215.29899900418377,215.29899900418377,473900
2021-10-15,218.41372680664062,218.96682745978032,216.14313580220804,218.45254868030304,340500
2021-10-18,216.57981872558594,217.9383031933684,215.00787314487803,217.51135135509986,309700
2021-10-19,220.29623413085938,222.615345560827,218.07416259920055,218.07416259920055,356900
2021-10-20,219.4034881591797,222.3727249744544,216.53127642045078,220.57760559318024,739900
2021-10-21,225.3905029296875,225.63308785317872,218.4525800403214,220.07304555249786,442900
2021-10-22,228.3306427001953,228.46648967205252,225.0120825537896,225.0120825537896,361300
2021-10-25,228.3888397216797,230.06753798428755,227.14680614852512,228.4761815432952,395300
2021-10-26,228.379150390625,230.23250275493638,227.06918588457674,230.16457186954915,316900
2021-10-27,225.2255096435547,227.9909832356603,224.3230861784504,227.9909832356603,313000
2021-10-28,226.0309295654297,228.01041601661498,224.69185605638134,225.80775558265785,302400
2021-10-29,226.8072052001953,227.37970206564626,222.94524256110589,225.69130566938165,475600
2021-11-01,228.7866973876953,229.39801614765386,227.32148974463337,227.88428855747938,397000
2021-11-02,229.70851135253906,229.97050721535828,227.7872429063517,228.79638967222738,558300
2021-11-03,216.1140899658203,229.00020183365808,215.70654901048877,229.00020183365808,857000
2021-11-04,215.64828491210938,219.6460794536285,214.3092114834147,217.32696832791117,584900
2021-11-05,217.91888427734375,219.60728062882302,214.81380030296373,214.81380030296373,340700
2021-11-08,223.18785095214844,223.4692577842196,218.27793395768458,218.3264539086841,312300
2021-11-09,222.19810485839844,225.39051612369005,221.1016162020445,222.51831875289673,416600
2021-11-10,225.08001708984375,225.3323000970351,221.0725091458073,222.50860784388288,381400
2021-11-11,224.65304565429688,225.10910648594722,221.91668066439468,224.8762196337614,234600
2021-11-12,224.68215942382812,225.52635022081196,221.6449914393378,225.52635022081196,525100
2021-11-15,225.487548828125,226.55491363619382,223.17813555698322,224.82771011942344,356200
2021-11-16,229.2718505859375,230.31012111510444,225.070278138099,226.04061778500284,517300
2021-11-17,224.68215942382812,229.69881387213843,223.6632997824494,229.60177398011808,636000
2021-11-18,227.0594940185547,227.127424905797,222.23690443545874,225.12851264944368,312100
2021-11-19,226.61314392089844,228.30154045503053,225.30319411194603,228.30154045503053,1067700
2021-11-22,224.52305603027344,227.31306319935535,224.07586989332523,225.6993245242436,390500
2021-11-23,222.5010528564453,224.08561419755497,220.8387045249611,223.49261448088777,327600
2021-11-24,221.6455535888672,223.40510582952072,220.04154564761924,221.7330416947125,224900
2021-11-26,220.97476196289062,223.85227190979367,220.43037179730558,221.5288829172665,232800
2021-11-29,220.37208557128906,223.92035306711145,220.15821584914679,222.53993066370717,407400
2021-11-30,212.43948364257812,220.4789997144098,211.53541022044865,219.0499679932523,1245100
2021-12-01,209.63002014160156,215.39475621228578,209.60085744114699,213.7712867748735,592800
2021-12-02,214.48094177246094,215.70581963346558,209.49391256422896,209.5716847062241,397800
2021-12-03,213.4505157470703,215.58919802415778,210.73826569930787,215.58919802415778,271200
2021-12-06,219.2055206298828,219.78878952113055,214.00462105684275,214.4226445207489,525700
2021-12-07,221.9566650390625,224.49390937092255,220.18738182659035,221.37338127300035,375100
2021-12-08,224.16334533691406,225.35907534201127,221.62608666377335,221.99550063284593,299800
2021-12-09,225.89373779296875,226.65199765195126,222.95791724501893,223.58007956094096,448000
2021-12-10,223.38565063476562,228.87819168580933,222.63712153503877,226.33121692183835,265000
2021-12-13,223.6092529296875,224.47444767332135,221.2469703074385,223.41482997797033,413100
2021-12-14,220.50816345214844,223.3953896098049,218.5444574666518,221.72332547696948,406200
2021-12-15,222.67601013183594,223.00653064518553,218.70000351486942,221.77193669822898,375700
2021-12-16,224.46473693847656,226.36040167926612,222.92878509921874,223.66759831516057,543200
2021-12-17,226.05899047851562,229.37395567865633,223.4245278044475,225.03826635644506,873600
2021-12-20,220.45953369140625,224.28972641409322,216.3474299316851,224.0758567307489,552800
2021-12-21,224.7660675048828,224.8827182977847,219.57488471796506,221.09140435976525,296300
2021-12-22,228.29490661621094,228.59626441213163,224.79524903431604,225.34935518053666,294600
2021-12-23,234.35130310058594,235.5858970825621,228.34353411798213,228.5671197852935,520700
2021-12-27,238.1522979736328,238.35645171014028,234.45820263986752,235.30396545280414,264900
2021-12-28,236.99549865722656,238.59952160038344,236.4413924285159,238.15233540102753,199000
2021-12-29,235.5664520263672,237.9287198366267,234.75958267754228,237.31627344129103,285600
2021-12-30,238.33700561523438,238.96889873775095,234.69151971674674,236.67467235229526,308500
2021-12-31,236.6260528564453,238.2300606502429,236.1399880906255,238.00647501135123,212200
2022-01-03,235.80947875976562,236.96630049695878,232.99029408459864,236.33442220492353,351600
2022-01-04,238.3273162841797,241.37980289084607,235.84838262957135,236.1108617969708,478200
2022-01-05,232.25148010253906,238.76474528214416,232.21258661280476,237.996769445373,554000
2022-01-06,231.81402587890625,234.76929327160113,229.27676708499038,232.49451361733728,459900
2022-01-07,228.26577758789062,231.41548322638917,226.31180218726567,230.61832973447343,416900
2022-01-10,225.06744384765625,227.2644513518748,221.15947879425778,226.72006116205216,476800
2022-01-11,228.20745849609375,228.3824347307602,222.5107775756512,225.320231955915,465900
2022-01-12,234.94432067871094,236.55805969119785,228.92684973488772,229.21847680525718,718000
2022-01-13,228.3046417236328,235.24564645088898,228.05187853503193,233.82633071292548,387000
2022-01-14,227.9838409423828,229.41287265985,225.95207877819837,226.64229733002077,425000
2022-01-18,223.95921325683594,225.49517974493182,221.3927918063071,224.9799374301954,398600
2022-01-19,225.39797973632812,229.62674961898182,224.63000384470877,224.63000384470877,470100
2022-01-20,220.52760314941406,231.2210286260553,220.1970678157515,226.41870608409133,660100
2022-01-21,221.33445739746094,223.90089374905267,218.12644162501192,220.06097001099462,511700
2022-01-24,218.0389404296875,218.69028031211596,211.06877301055863,218.23337821558758,554800
2022-01-25,214.94761657714844,217.07658317196095,211.08826015797726,214.80180304333524,379700
2022-01-26,212.0408935546875,218.43750779951503,210.3688295352605,216.03634661464673,438300
2022-01-27,209.16342163085938,214.79204584695253,206.08177238241717,213.5380051097526,604200
2022-01-28,213.7227020263672,213.8976782371698,206.36367371262838,209.35783471014602,371800
2022-01-31,218.14588928222656,218.53475004546885,213.60604556021252,214.12127309217735,376200
2022-02-01,219.35130310058594,219.63321413309666,216.51268669772284,218.5055551695346,434100
2022-02-02,222.27743530273438,222.44271039432667,218.01951758452407,219.2152328832285,476700
2022-02-03,221.93719482421875,222.2288366764124,219.33187973374834,220.81923686306317,404200
2022-02-04,219.64295959472656,222.88986883064237,218.8263743078831,220.4012194801555,456400
2022-02-07,220.54702758789062,222.0343846216523,218.58333656521745,218.58333656521745,493900
2022-02-08,224.26060485839844,225.07719025360663,218.31117578827863,219.44856576735904,678100
2022-02-09,230.7349853515625,237.89957634240366,227.60472659704232,229.31566949281168,849700
2022-02-10,226.71034240722656,231.9403893807519,225.67987260804784,227.89632682982852,588300
2022-02-11,223.38565063476562,228.10048505171673,222.35519564883907,226.58396527367233,476100
2022-02-14,220.2359619140625,225.24242337672098,218.28197194175627,224.07587083366195,459000
2022-02-15,225.8840789794922,226.41875333160047,221.42200679589675,222.4621779595225,528600
2022-02-16,226.4965057373047,227.42002599210065,220.7900942713441,224.464743376527,538500
2022-02-17,220.3817901611328,224.50362524474716,219.27356294606724,224.43556904870212,625300
2022-02-18,219.7304229736328,221.5969097764881,217.9903177486358,219.81791106591075,432200
2022-02-22,222.9773406982422,224.5619165443941,218.6319206070003,219.25408289932366,623500
2022-02-23,218.68055725097656,224.57166043404416,218.16532973387797,223.56065214582833,338700
2022-02-24,223.2485809326172,223.77452976255975,213.86903875954852,215.67091397758435,470400
2022-02-25,231.1476287841797,231.57617248390432,222.67389235242007,223.53100947572574,380300
2022-02-28,233.75794982910156,234.33260122223484,227.39778679978917,228.87825797671394,826800
2022-03-01,231.0891876220703,235.4429302448376,229.46262381389826,231.22554581970363,544200
2022-03-02,235.87152099609375,236.72863827636132,230.6606753612002,233.085904697155,359800
2022-03-03,237.7123565673828,239.7772137347152,235.5598437343272,237.25457938603188,368100
2022-03-04,238.80325317382812,239.16364017166984,230.72886935517954,234.8683336520517,441100
2022-03-07,232.46253967285156,238.76426559982147,231.24505034943283,238.05325599628537,657200
2022-03-08,219.24549865722656,232.0534812916134,219.11887500290734,231.61518807688014,780500
2022-03-09,222.70314025878906,225.0212446776921,220.1415528380467,222.68367113027722,726000
2022-03-10,216.22610473632812,220.77464308406158,215.16445760876528,219.20651623451462,833700
2022-03-11,213.07034301757812,220.14152975151427,212.8950317077757,218.09614196558113,501200
2022-03-14,211.83338928222656,218.27147285886414,211.3074256175847,215.70987078941874,679800
2022-03-15,216.4598388671875,216.91761598195592,212.30089172025933,214.85274425302336,480300
2022-03-16,221.135009765625,221.49539670415808,216.70336060783288,218.14486377617544,518800
2022-03-17,225.9757537841797,226.14133054931432,219.4987165056241,219.4987165056241,357000
2022-03-18,228.60552978515625,229.05355750990927,223.73557274783556,225.33291806159957,741700
2022-03-21,227.85556030273438,230.35871058028783,226.02445163609065,227.9237319754658,351800
2022-03-22,229.25811767578125,230.456123026258,226.77443644718858,228.1282840002122,327900
2022-03-23,224.07647705078125,228.6834525803809,223.85246317218179,228.6834525803809,395700
2022-03-24,226.3263702392578,226.3653382167979,223.71608049736807,225.1283650136549,216700
2022-03-25,232.0242462158203,232.19955754445985,226.79391684438474,227.73868974720054,311100
2022-03-28,237.1571807861328,237.33249211139224,232.3748792547127,232.3748792547127,446500
2022-03-29,240.75119018554688,240.8388607077301,236.9526296219233,239.60188745263034,399800
2022-03-30,239.4947509765625,241.63752913987256,238.17012204365508,240.6927562683613,316500
2022-03-31,235.48191833496094,240.5758894853963,235.33581069949187,238.0435057565674,579200
2022-04-01,241.5498809814453,242.58230954644105,234.64428512831483,235.9981326570804,462500
2022-04-04,239.8453826904297,241.39402545241043,234.7514118204158,240.88756062406952,470800
2022-04-05,239.3096923828125,242.9816442506612,238.19934274243042,238.87139920985928,361800
2022-04-06,242.37777709960938,243.14722380212154,237.83897339779924,238.31621969434514,386100
2022-04-07,241.97845458984375,243.8290325252946,240.6440909688691,242.1050782427296,628700
2022-04-08,242.6407470703125,244.36471611095712,239.54346137003492,241.79337925833659,480300
2022-04-11,240.79991149902344,242.6115362617985,237.98507669222067,241.6765127556808,417500
2022-04-12,240.10838317871094,245.14391733362018,239.32918702437652,240.79017424052958,386100
2022-04-13,242.86474609375,244.14067236871958,239.2122785759691,239.8745855521344,285700
2022-04-14,238.10195922851562,244.63743361280098,237.6441820526351,243.91667458096285,533300
2022-04-18,235.60850524902344,238.78372661056184,234.7221844019382,238.21880983542968,320600
2022-04-19,240.9167938232422,242.03687805862066,236.35850605755618,237.1279676344275,343200
2022-04-20,246.34190368652344,249.2736124571547,242.3387984285894,242.3387984285894,389400
2022-04-21,241.46221923828125,248.82559207910478,240.88756786082536,247.6470559082861,469900
2022-04-22,227.3782958984375,238.80321118774938,227.0276583898738,238.6278998644324,509700
2022-04-25,231.9658203125,232.6963139409818,223.3654735430758,226.07316873702723,483500
2022-04-26,227.3880615234375,230.88468743225832,227.2322193169893,229.7061511811486,243200
2022-04-27,225.30372619628906,229.67693862218943,224.6803573542197,227.75817413324683,385800
2022-04-28,225.7030029296875,227.48540881693182,223.73555117688647,226.42376185201525,324600
2022-04-29,218.2227783203125,224.11542932150874,217.44358222015003,223.66738673378825,513300
2022-05-02,218.2325439453125,220.66752281618662,213.72295832063554,219.44029881556142,610600
2022-05-03,220.19998168945312,221.4272055265328,217.8331748141707,218.99222698015518,424800
2022-05-04,226.2971954345703,227.31015497943292,217.09297816694826,220.07338996199428,287200
2022-05-05,221.06683349609375,225.54719996698287,218.90457135757842,224.816706402942,428500
2022-05-06,218.86561584472656,220.64800704298102,215.58325469344763,219.1480668138154,555200
2022-05-09,207.61602783203125,216.71310470538498,206.80761311868736,215.51509934408452,803900
2022-05-10,209.76853942871094,210.97629420923676,204.68430273507508,209.52504155971278,637600
2022-05-11,207.04136657714844,213.41126402604428,206.3595606827572,209.13544221869327,672100
2022-05-12,212.70999145507812,217.073468975051,203.6226494737329,207.61602035006396,655800
2022-05-13,210.55746459960938,217.6091680503268,209.89515754710828,214.51188237198917,570300
2022-05-16,212.2716827392578,212.768412990433,208.56077797677577,210.55744840686538,383000
2022-05-17,215.86575317382812,215.87548773908648,211.7457581939963,214.41450040602228,380500
2022-05-18,213.4112548828125,214.88197653710648,212.78790098527864,213.74240838983033,407500
2022-05-19,217.58969116210938,218.09617089415528,212.45676675189694,212.49571987193252,505800
2022-05-20,220.06361389160156,220.76488887134042,215.39818687745196,219.82011604757915,578700
2022-05-23,221.62200927734375,223.62844415998592,217.8331831093768,223.22910409630978,388900
2022-05-24,222.625244140625,222.87847658016142,218.17409585485933,221.21294457701984,333000
2022-05-25,222.4791259765625,224.26153211951075,220.56036162463116,222.30381464869714,364900
2022-05-26,224.70957946777344,225.1576072230566,222.93690785166672,224.08622551899612,289300
2022-05-27,228.88796997070312,229.95936641320984,225.61535840132572,226.1997591630437,253400
2022-05-31,222.26483154296875,228.167216970332,222.09925479060877,226.462732043067,864700
2022-06-01,215.70013427734375,223.10245973573745,213.0021740343884,222.25509200382712,664500
2022-06-02,221.40773010253906,221.55382286639542,212.00870426364548,216.12868368561553,342500
2022-06-03,214.7359161376953,219.96624595472042,214.06385959679525,219.4792501844371,503900
2022-06-06,216.1287078857422,218.193579971669,213.32362247210807,215.88521001076413,324700
2022-06-07,221.2519073486328,221.3006098948395,214.3852644675415,214.79433910420292,522100
2022-06-08,221.93370056152344,223.99855775571942,219.99545215437587,220.1025918122972,869300
2022-06-09,215.82676696777344,220.95970619259847,215.69040875601007,219.4402818723981,496300
2022-06-10,215.1449737548828,218.38836711142037,210.4698117581999,212.41779468499027,470400
2022-06-13,206.1374969482422,211.7683934220553,204.9859524634496,210.0703373490926,478700
2022-06-14,198.75975036621094,206.3521823843021,196.12484721775115,206.26435575390082,781800
2022-06-15,197.4032745361328,201.55081221579206,192.8653863253435,200.36022373765172,736100
2022-06-16,190.36709594726562,193.9876438161061,188.53241579926697,193.3435520759469,593000
2022-06-17,188.13230895996094,193.3435645219824,187.7614655297697,190.53300792285845,972100
2022-06-21,190.47445678710938,193.21672384849256,188.33726734847332,190.92337333711572,486700
2022-06-22,195.99798583984375,196.9933990373925,188.6397727136012,188.6397727136012,563700
2022-06-23,197.55938720703125,200.33091422450536,195.15868866397798,197.08119523019806,520600
2022-06-24,202.87802124023438,202.97561631673042,198.21326248934866,199.48192402920736,790400
2022-06-27,202.79022216796875,204.33213226248193,201.19951452857526,203.01467300531408,287000
2022-06-28,199.61851501464844,204.56627483932584,198.99394534529685,203.94170516997426,394500
2022-06-29,203.30738830566406,203.6001586047114,199.0915317375808,200.77006556847513,363100
2022-06-30,201.17996215820312,203.96125799633847,199.4623990305433,201.32635477074157,482300
2022-07-01,205.87399291992188,206.73276696173127,200.15527048073193,201.88258700553305,372000
2022-07-05,203.69776916503906,203.90271287222077,198.72073290241693,203.25862109641332,445100
2022-07-06,205.31776428222656,206.47907727936868,202.4193660108292,203.7856227272572,659200
2022-07-07,202.2046661376953,206.42052352945123,201.98021531730387,205.4836613676436,473200
2022-07-08,204.3516082763672,205.43484808785075,202.28272372831188,202.28272372831188,419300
2022-07-11,204.049072265625,205.23966063239274,201.9606658485092,201.9606658485092,462700
2022-07-12,202.9268035888672,207.24024058877998,201.6483885934189,203.502575780709,692400
2022-07-13,200.46755981445312,202.67306846997778,199.7063659027713,200.07720930776608,362300
2022-07-14,201.80453491210938,202.25345141659403,198.27181352941992,200.1162473037584,458700
2022-07-15,204.21499633789062,205.68860164636834,202.9853787313067,204.94691477081602,363400
2022-07-18,202.9170684814453,205.80571324757042,202.2437160007151,204.29307877212744,434300
2022-07-19,207.83555603027344,208.0795288372873,204.9859554312613,205.00547742527957,497800
2022-07-20,208.28445434570312,209.97275686486594,206.46931098565204,207.86482827194976,260500
2022-07-21,214.4130859375,214.51066613379592,207.97219734518353,209.34820766395688,390600
2022-07-22,212.2855987548828,218.04335053162094,211.3487515982403,215.61339112020934,273400
2022-07-25,212.81260681152344,213.0663331695648,211.25117489348224,212.68573618704355,186700
2022-07-26,214.16908264160156,214.5594331530913,211.20236514697658,212.68572389428905,270300
2022-07-27,216.18919372558594,217.47737736079205,214.16910652245528,215.79884317057028,454200
2022-07-28,219.68283081054688,220.66847539214356,214.99855087873414,216.86250632368564,452300
2022-07-29,220.2098388671875,221.5272979168929,218.52155129481085,219.7511688211963,472900
2022-08-01,217.14552307128906,219.54622172676076,216.15012487179857,218.43370646957055,432500
2022-08-02,219.02902221679688,221.87862271965687,215.78905630133545,217.01868873738263,482000
2022-08-03,198.10589599609375,212.9882354736328,195.69544375501573,212.25631713867188,1329900
2022-08-04,202.9756317138672,203.39525781461222,195.51982296608378,196.97389143611755,981300
2022-08-05,206.86940002441406,206.93771955196544,200.9262265459619,201.91187123823588,710700
2022-08-08,208.2747039794922,208.86024467234085,206.41074816120627,208.2747039794922,727700
2022-08-09,203.9222412109375,209.88493731655743,203.28790296681365,209.12372844542503,621800
2022-08-10,205.1908721923828,207.4744688489374,204.5467953368127,207.38662732647634,358500
2022-08-11,205.14208984375,208.96758145155778,204.95666813850002,206.9962771144146,246100
2022-08-12,208.74313354492188,208.93832370871004,205.09330978041697,205.65932849538123,269500
2022-08-15,208.8016815185547,209.4750339182365,206.68398457328058,207.2988007761613,185000
2022-08-16,207.3476104736328,209.52384374334196,205.6202788300392,207.38663957076176,283600
2022-08-17,206.52786254882812,207.08411279797483,204.96643064881403,205.79594413774367,267000
2022-08-18,207.68917846679688,208.0307314623356,205.50317675349174,207.77700510357099,315400
2022-08-19,204.82981872558594,206.85967436064593,204.52729481345682,206.3912507189918,397300
2022-08-22,200.48707580566406,203.6196779889868,199.64780883958403,202.48765559711356,392200
2022-08-23,197.90093994140625,200.21381186115062,196.46639379418588,200.1259852402645,237300
2022-08-24,200.57492065429688,201.1897368861484,197.56917391879352,198.40844096111536,304200
2022-08-25,205.08352661132812,205.2103972304965,200.78961135285886,201.99972178322494,332400
2022-08-26,196.14437866210938,205.21040140494503,196.04678358523796,205.21040140494503,318900
2022-08-29,193.7339324951172,195.29534953941484,191.43082858067854,194.3877778368499,727300
2022-08-30,193.7144012451172,194.38776854886873,191.65527023826033,193.8217498716706,357500
2022-08-31,196.52496337890625,198.33035306107837,194.98305358420086,194.98305358420086,868400
2022-09-01,195.39292907714844,196.1638765408767,193.76319262827082,195.21726092522363,571300
2022-09-02,194.36822509765625,198.75973496852308,193.0898101622394,197.1104766566954,343300
2022-09-06,193.08680725097656,195.83554557941065,191.91297078426877,194.66170911270285,400600
2022-09-07,199.48422241210938,199.73856384190447,193.20418323878715,193.32157733182345,412800
2022-09-08,200.3646240234375,201.38194503061482,197.29307790462403,197.47893821510382,457300
2022-09-09,205.71534729003906,206.39030729862228,200.88303961956595,200.88303961956595,555800
2022-09-12,207.3782958984375,209.0021106655762,205.66644675776644,206.43921780233921,769000
2022-09-13,200.8341522216797,205.93057857154682,200.61894712123134,204.25785073190576,504900
2022-09-14,199.2103271484375,201.17651774496284,197.78216420163244,200.93196786389373,498600
2022-09-15,195.01385498046875,200.69719174742124,194.7008239726095,198.9266530218697,554500
2022-09-16,189.49679565429688,193.55631733720625,189.45765931827728,192.72485677352566,1409000
2022-09-19,186.05355834960938,188.8805545572834,183.87217745123863,187.7654076258237,829200
2022-09-20,179.1181182861328,183.86239202346175,177.3671476778197,183.86239202346175,901500
2022-09-21,173.76734924316406,180.17455860901205,173.66952332796615,179.56807972797432,809900
2022-09-22,172.90655517578125,174.34450977566183,171.85009782120727,173.01415772836214,892500
2022-09-23,163.64300537109375,169.05246291939372,158.65419634072543,168.67095074430563,2465800
2022-09-26,160.52255249023438,164.11254305575554,157.74445441805446,163.48649593937853,1031300
2022-09-27,157.21621704101562,162.2832830352983,156.59016998909385,162.2832830352983,952400
2022-09-28,159.25088500976562,160.63014991669897,156.89342058179705,158.90850920694723,636500
2022-09-29,163.4669189453125,163.8288479837336,157.5096875761113,158.07704507691236,1087200
2022-09-30,162.65499877929688,166.83191449269296,161.65723118902753,164.27881340292103,1285600
2022-10-03,166.36241149902344,168.60248199347197,163.64300290574084,165.12009383993214,548700
2022-10-04,171.99684143066406,172.2903043026686,168.29924805137537,168.44597202430677,710200
2022-10-05,169.2676544189453,171.66425541104206,166.3037107864709,169.24810117351268,744000
2022-10-06,168.9741973876953,170.01108653323482,167.57536425513752,169.25786869262677,949700
2022-10-07,166.47976684570312,168.52420011469138,165.82437500509565,168.25030546268047,831500
2022-10-10,164.8853302001953,167.64386037079018,163.29085999834896,167.64386037079018,463700
2022-10-11,164.98313903808594,166.40152539479385,162.4300376255555,164.88531311301347,489100
2022-10-12,158.7324676513672,164.98316306459068,158.53683069887214,164.98316306459068,623400
2022-10-13,165.77548217773438,167.21343673847434,155.73915997167865,155.9934864862466,694100
2022-10-14,162.224609375,167.027572735495,160.6497075064806,166.89062539589074,720000
2022-10-17,166.3428497314453,167.65363365072923,163.18326911223352,164.8462054946533,517200
2022-10-18,167.0666961669922,170.42192841701745,166.41130425339162,170.148033734502,384600
2022-10-19,163.48648071289062,166.85148924731624,162.13656068018426,165.67763795306413,417600
2022-10-20,162.23440551757812,164.85597321456973,161.43227470136546,162.78219489150825,448800
2022-10-21,163.57452392578125,164.16144960463944,159.8084498264112,161.98984548946015,389900
2022-10-24,166.02980041503906,166.29391846486132,163.86798783363434,164.9635665200968,277400
2022-10-25,168.15248107910156,168.55354643967817,166.11783933880983,166.11783933880983,332100
2022-10-26,169.13070678710938,171.53708439789455,167.8003547189805,168.98398281590238,413900
2022-10-27,167.67318725585938,169.942602434134,166.25480090367017,169.2578657392296,535700
2022-10-28,169.11114501953125,170.55887619166884,166.39175143183166,167.99599811613027,406500
2022-10-31,168.8176727294922,170.7740717437274,166.8710503369178,168.563346231052,591000
2022-11-01,169.1013641357422,172.11422076721755,167.50690889923558,170.0110975471783,449300
2022-11-02,162.33221435546875,169.59045331557,162.19526701381176,168.54378754565042,483000
2022-11-03,158.41943359375,161.33446443144373,158.21402002166062,160.32691996529218,656000
2022-11-04,159.38783264160156,161.09968180659163,157.62707051524086,160.94316630066174,563900
2022-11-07,160.00408935546875,161.06053161428076,157.18687019559965,160.95292907897635,806900
2022-11-08,160.02365112304688,162.16591039615284,157.2846895634874,160.4247164965618,688900
2022-11-09,157.4705810546875,161.3442583733809,156.65867352529577,159.65197709826654,771300
2022-11-10,165.579833984375,166.19608952123772,157.82270416716645,162.68435688917828,922000
2022-11-11,168.77854919433594,169.15026981160463,165.19835007055318,165.19835007055318,773600
2022-11-14,164.12232971191406,169.16005174340003,163.2810774485246,168.07426450314517,665400
2022-11-15,164.0734100341797,166.861284784869,163.30063893979258,165.6972249059927,534200
2022-11-16,162.7136993408203,164.6407535273276,161.37357081789057,164.29839266202376,731100
2022-11-17,162.43980407714844,164.67988925624675,159.96496057439938,161.74529080149549,465300
2022-11-18,162.39089965820312,165.71678703752139,161.83333368406923,164.45490127697457,445800
2022-11-21,173.83889770507812,176.58562065003738,163.81331405042462,163.81331405042462,1283000
2022-11-22,174.43731689453125,174.8983622594935,170.82731417370917,173.93700910327453,621200
2022-11-23,177.07611083984375,177.55679484438713,173.6328877760029,174.4372959099101,467100
2022-11-25,177.14479064941406,177.96880756110468,176.4188624356764,177.96880756110468,141800
2022-11-28,174.84933471679688,177.40968512223884,174.33922251814585,175.77144046442731,443600
2022-11-29,174.9964599609375,176.45812085851128,174.46673904721345,174.46673904721345,368600
2022-11-30,182.20663452148438,182.2262432799685,174.87873669633981,175.437885683496,864600
2022-12-01,188.65167236328125,189.5247412384879,183.2661185588964,183.2661185588964,789300
2022-12-02,188.25927734375,189.63263899352546,186.1894155203974,186.4640878503525,431800
2022-12-05,181.94178771972656,186.9742040309723,181.20605504117108,186.26789946207745,563100
2022-12-06,180.07794189453125,181.78483216974612,178.91057695501027,181.39244738587422,391400
2022-12-07,182.0300750732422,182.41265547370705,178.89095191961778,180.4801297417764,485400
2022-12-08,186.66029357910156,187.00364150035355,181.29434844411776,182.39303784249148,686300
2022-12-09,188.30831909179688,188.76936443139564,185.39481670582938,185.6694890210671,834900
2022-12-12,191.07469177246094,193.31131805198652,188.3475770111355,188.67130120534588,850700
2022-12-13,195.29287719726562,197.01939110087235,191.33954160618876,196.38176212238352,858900
2022-12-14,190.03482055664062,195.57733330441454,189.32851608671137,194.4492160094396,616700
2022-12-15,184.28628540039062,188.03360865020335,183.61921345374097,187.1899830490999,556700
2022-12-16,179.5481719970703,183.92333485512793,178.80263506137513,182.2949098699998,1031000
2022-12-19,177.0663299560547,180.79404515935974,176.536609017681,179.38143603233723,441500
2022-12-20,176.72299194335938,178.87133386354265,175.0161016264623,175.99707857861756,525500
2022-12-21,178.02767944335938,179.79344081562934,176.5562141278876,177.39985484083218,458700
2022-12-22,178.4004669189453,178.4102712996787,173.41710226719314,176.68375727383173,489800
2022-12-23,178.5966339111328,179.43047017899804,176.80144456992463,178.19442983046756,255400
2022-12-27,179.71495056152344,180.77440732411927,176.62487956367443,178.527976990827,276100
2022-12-28,178.88113403320312,182.61865342521287,178.61626609333476,179.51876299632903,416500
2022-12-29,182.6578826904297,184.89450866459066,178.9890389273242,180.48011293108584,272800
2022-12-30,181.17660522460938,182.14776266409493,179.41084401392945,181.05889280007,336800
2023-01-03,182.0496826171875,185.25748105497556,180.68612541691357,183.02085507133947,363800
2023-01-04,187.6804962158203,187.76878053897684,183.76639323550916,184.62965764464494,511800
2023-01-05,183.72714233398438,187.31752109353695,183.03065717300856,186.52293226299236,341200
2023-01-06,188.10231018066406,188.45546244389,183.1778022236017,185.79700860564478,280700
2023-01-09,187.21942138671875,189.9759636984474,186.4738694662677,188.9459351025994,354300
2023-01-10,197.6864471435547,200.09964166741148,189.81900908735378,189.81900908735378,674300
2023-01-11,196.87225341796875,200.23699694815699,194.90048029954323,199.01077584207917,570600
2023-01-12,196.4209747314453,197.59814386333312,193.24261957219994,197.51967889392256,502100
2023-01-13,198.18673706054688,198.80475721998477,194.85142200614186,195.22418300281117,338100
2023-01-17,196.07766723632812,198.82439057695137,193.62522499040054,197.42160079717019,435800
2023-01-18,191.42784118652344,196.33272593043202,191.00602828343705,196.1267141850389,307900
2023-01-19,195.3811492919922,195.54791355333387,190.39778530503781,190.39778530503781,476400
2023-01-20,201.20816040039062,201.50245644631266,195.91089144786875,196.44061235571348,504400
2023-01-23,202.91506958007812,204.8672039526041,200.28604381033097,201.24739694242734,388100
2023-01-24,200.9237060546875,203.1505129535292,200.35473762754773,200.35473762754773,332100
2023-01-25,201.10025024414062,202.10085080239423,198.45161579560443,198.9028567552453,544800
2023-01-26,201.02178955078125,202.29706254619862,199.3933642638409,201.16894507055247,336400
2023-01-27,202.17933654785156,202.4343851424245,199.66802321624257,200.98254358286036,277000
2023-01-30,199.36392211914062,201.93409165871884,199.20697719836093,200.1683303254068,508100
2023-01-31,202.58152770996094,202.63057954708606,198.6870483448287,199.32469229041698,341700
2023-02-01,210.4097137451172,211.547635427431,202.52265209599423,202.52265209599423,711900
2023-02-02,216.65855407714844,217.6787634450774,209.78191154458185,211.06698886100477,726900
2023-02-03,214.8633575439453,216.60949513366072,212.3422548314537,215.12822548375033,466500
2023-02-06,210.556884765625,213.6273473042956,209.82115207822622,213.234947556571,480400
2023-02-07,212.88177490234375,213.95105101514508,207.19212130558176,208.96768695967984,461700
2023-02-08,211.74386596679688,213.44095178146898,210.04676518360546,211.81252656490673,507800
2023-02-09,188.68109130859375,198.65762447724381,186.10113226814914,197.61779136947686,2013000
2023-02-10,189.20098876953125,190.65284519661785,186.35616206485346,188.07287144800816,1018200
2023-02-13,192.5853729248047,193.60558221258455,188.83803435683492,189.6228187920215,802000
2023-02-14,191.13351440429688,195.08684967533765,189.86806092980117,192.0948824370024,479600
2023-02-15,194.3609619140625,194.53753057474074,189.7405540355568,189.75035841608786,536200
2023-02-16,188.0336456298828,192.98758198499428,187.95518064992018,192.1537605983444,535000
2023-02-17,186.05206298828125,186.99379233142,184.65907773218828,186.74854813206872,920900
2023-02-21,181.4905242919922,184.88471082892744,181.19624320749065,184.88471082892744,609200
2023-02-22,181.75538635253906,183.29552716465992,180.84308508308038,182.04968239603232,621700
2023-02-23,184.74517822265625,185.3352522814236,180.88995567375244,181.98160994004857,510900
2023-02-24,183.0535888671875,183.9387073778422,181.33251342468017,182.2668085207239,355000
2023-02-27,185.2172088623047,186.09249798903508,183.3486038119619,184.64679353156336,430300
2023-02-28,184.9221649169922,186.525228437238,183.7026547229087,184.3812525322541,1010600
2023-03-01,185.40406799316406,185.80727993928596,182.81753291431593,183.94851923801323,478500
2023-03-02,185.2664031982422,186.12201877305665,182.9945859778126,184.21408127863558,603100
2023-03-03,186.8104248046875,187.55787281444347,186.0334888544567,186.83009843825621,476200
2023-03-06,183.08306884765625,187.08579028548434,182.34546517912082,186.80059013654807,615500
2023-03-07,178.68698120117188,183.74202529809924,178.018212620686,183.12243330547943,457800
2023-03-08,177.31011962890625,179.10987477710495,177.03474873256215,178.0870707344823,538500
2023-03-09,179.5032501220703,181.85374677005,177.56580976713377,178.17555738925654,635000
2023-03-10,174.5662078857422,179.50323948807306,173.7991012431655,179.237697955924,773400
2023-03-13,175.64804077148438,180.03431587882108,172.46158725796508,173.08117919279596,681700
2023-03-14,175.58901977539062,178.70663807595062,173.04183183266883,178.60828490944343,765500
2023-03-15,173.47454833984375,173.5433985523918,170.34711597370057,172.07802052163655,572400
2023-03-16,175.76605224609375,176.6413414031633,171.35025919155956,171.89117159347586,428200
2023-03-17,173.6417236328125,175.67751681745278,173.25817035250716,175.67751681745278,1012100
2023-03-20,178.26406860351562,178.55911310434618,173.18936621689414,173.661428414271,573100
2023-03-21,181.44068908691406,181.70621562617333,179.04101587340276,179.04101587340276,542500
2023-03-22,178.4411163330078,182.83723624647484,178.21492203284436,181.55871997293758,418100
2023-03-23,178.4214324951172,181.55870959247773,178.22474115810817,178.8443331259443,469200
2023-03-24,182.1389617919922,182.3946740465661,177.9493776154248,178.293583717723,321900
2023-03-27,183.24044799804688,185.82696827494698,183.07324460904357,184.4402696244139,449100
2023-03-28,182.24713134765625,184.1353951385637,181.48985396580818,182.57167879701973,260200
2023-03-29,184.36160278320312,184.5976263758472,182.78804213483883,183.35845749470622,268400
2023-03-30,185.67945861816406,186.90879823427136,184.42061605179714,186.19086810030907,391000
2023-03-31,188.1184539794922,188.2266364600871,186.26952249535594,187.00712622488865,405400
2023-04-03,187.3710174560547,188.3151418086338,185.55158895436355,187.57753809279998,496300
2023-04-04,188.108642578125,189.5740058561207,187.06616494216928,188.108642578125,324600
2023-04-05,189.0724334716797,190.30177309113145,186.7711133056469,188.08896177611828,239700
2023-04-06,189.9083709716797,190.11489160291404,187.87257756714146,189.3281113257024,241200
2023-04-10,189.06259155273438,189.13142676340928,187.007124441038,188.81672364523547,299800
2023-04-11,192.1310272216797,192.47524831091096,190.06573069946583,190.42962542406121,261500
2023-04-12,190.31161499023438,194.0783136341012,189.7411995682991,193.77343978937105,367700
2023-04-13,191.89498901367188,192.16053056858232,190.0952340421,191.05904709130476,354000
2023-04-14,183.4469451904297,187.37100203814367,181.83405246478748,187.37100203814367,560500
2023-04-17,185.03036499023438,185.0893708911653,183.29946020105015,184.10589919141776,376600
2023-04-18,180.7325897216797,185.8171363626238,179.69994148558072,185.8171363626238,549500
2023-04-19,183.663330078125,183.70266234110716,179.5819287456901,180.9587830488621,550700
2023-04-20,182.37498474121094,183.15192073995615,180.6735829926212,183.092914842151,335900
2023-04-21,183.97805786132812,185.32540928631002,182.51267962803425,183.77152220172258,331200
2023-04-24,184.4009552001953,185.620465586291,183.35847753451765,185.04020584225404,273200
2023-04-25,178.83448791503906,183.4174695768237,178.77548201488864,183.4174695768237,293800
2023-04-26,179.82778930664062,180.6047252731176,177.55595728939264,177.76249292971912,290100
2023-04-27,182.77821350097656,182.84704871355845,178.77547665284192,180.13267234194294,281800
2023-04-28,185.43357849121094,186.6235707575984,183.10274052798908,183.10274052798908,280800
2023-05-01,188.9347381591797,189.27895923726902,184.6861334532619,185.1188633777446,567200
2023-05-02,186.90879821777344,188.61020004447138,184.90250756077464,187.5283751797576,364500
2023-05-03,184.57797241210938,188.9052571529932,184.13541312214997,188.83640692674334,396300
2023-05-04,185.75811767578125,187.33166320697333,183.68299203229753,187.33166320697333,476900
2023-05-05,186.05316162109375,187.4103573153543,182.9552318916404,186.98747170429434,508800
2023-05-08,185.85646057128906,186.33836706234044,182.2766245127833,185.29588955726908,432100
2023-05-09,184.02719116210938,184.47959467684692,182.15860122453378,183.60430559985426,509100
2023-05-10,186.25970458984375,186.9284731490074,183.97805805016205,185.41391832791126,591700
2023-05-11,204.5620880126953,208.18125621283588,194.83555471658585,196.19275029493124,1363600
2023-05-12,207.364990234375,207.76820218025932,202.78200903488167,204.56209020726624,777600
2023-05-15,207.34532165527344,209.30243556454764,206.59788863289737,207.8173838269538,478900
2023-05-16,204.4932403564453,206.81423390741654,203.31307745062287,206.5093601157925,347800
2023-05-17,202.41812133789062,204.6800938944237,201.04125216588693,204.6800938944237,440200
2023-05-18,203.35244750976562,203.79500677322818,201.30682457399195,202.65417600021433,333200
2023-05-19,202.3001251220703,204.4736041758811,201.16913867287292,204.4736041758811,443500
2023-05-22,203.4999542236328,204.82764696816275,201.7297022331218,202.12309990133903,281200
2023-05-23,198.5432586669922,203.68681112114837,198.43507618677464,202.50664815932979,440600
2023-05-24,197.52044677734375,198.76946000120176,195.2978062035331,197.4024349789463,400600
2023-05-25,197.88433837890625,198.13020629274752,193.07516258443445,196.75333697128448,442000
2023-05-26,197.12705993652344,199.46772726574355,195.54366997968393,197.91384025787852,332700
2023-05-30,196.2517547607422,198.10067110754318,195.5338247166107,196.03538981485292,240500
2023-05-31,196.6648406982422,197.41227380173788,193.32104285883972,195.68136897999588,737100
2023-06-01,199.07431030273438,200.49051174256417,195.77968959842136,196.53695189080352,576800
2023-06-02,202.07391357421875,203.09671744909699,199.23168121220075,200.2839880349495,482000
2023-06-05,202.64434814453125,203.90319072844161,200.60855450872458,202.11326501928286,426800
2023-06-06,203.87367248535156,204.81779684917257,202.5263061439066,203.02788628086105,430400
2023-06-07,204.4932403564453,204.79812915465487,201.44448743361946,203.68680145665778,438800
2023-06-08,202.8016815185547,204.41457431270317,201.84771288352812,204.41457431270317,244100
2023-06-09,203.55894470214844,204.02117754817183,201.78869284573815,203.61795059626454,250300
2023-06-12,204.45391845703125,204.53259798895144,201.67069191752262,203.26391117079436,284600
2023-06-13,204.62147521972656,206.7703092070658,202.59093546913863,204.55248403549538,353300
2023-06-14,210.07240295410156,212.66479906038737,206.1394691351154,206.9576020325476,551000
2023-06-15,210.4765625,211.60026012636163,208.51501368741273,209.61900813900047,375400
2023-06-16,210.55540466308594,213.20694041036657,209.84569936862457,211.2256735297493,1058400
2023-06-20,210.53570556640625,210.59484517288303,207.07590322219028,208.42630770538207,451800
2023-06-21,209.03744506835938,210.69341415663303,208.58401636623236,210.18084585000923,252500
2023-06-22,209.19512939453125,209.70769766128478,207.83487347514034,209.35284502131543,242000
2023-06-23,207.79544067382812,208.78114079754297,206.35632691593503,208.6431433818465,483500
2023-06-26,208.9684295654297,209.796414072834,206.3464635847255,208.4164398938268,312500
2023-06-27,213.71949768066406,214.08420189576614,207.32229877332483,208.91912808332813,432400
2023-06-28,213.78851318359375,215.41491247763256,213.02951982743306,213.96594703854942,452200
2023-06-29,217.82986450195312,218.8155645747498,212.9703553219589,213.25621676580005,702700
2023-06-30,221.76280212402344,222.9949272370079,218.50013723133506,218.6381346423657,760600
2023-07-03,216.00631713867188,220.15612113577131,215.01076546230263,219.61398307810896,332500
2023-07-05,215.78945922851562,216.242887882166,213.48292465619005,214.62634035618703,380200
2023-07-06,215.326171875,215.98658910044148,211.47208108836236,214.40947805240768,563600
2023-07-07,214.73477172851562,217.0708761408567,214.34048266613138,214.34048266613138,221400
2023-07-10,219.86041259765625,219.99841001146658,214.4193437777537,215.21775846055556,392100
2023-07-11,220.7968292236328,221.89095697006996,219.48584624524665,219.58442227452906,367000
2023-07-12,223.4582061767578,223.76377079649774,220.29411732783626,222.70907952705377,333800
2023-07-13,225.46905517578125,225.72533179727037,223.0935142314045,223.80321953462567,370200
2023-07-14,225.80416870117188,226.7110109400614,224.26647903346398,225.40002807192863,329300
2023-07-17,225.0846405029297,226.41532671201952,223.606090243547,225.7450578139164,314400
2023-07-18,223.70462036132812,225.49860164792867,222.0387848925102,224.17775216766464,353200
2023-07-19,224.1876220703125,225.69574194552845,222.52178657714987,222.67950219509657,371300
2023-07-20,226.85888671875,227.6573164856525,223.1723777315244,225.68591615773605,434200
2023-07-21,228.7711181640625,230.07224943344576,226.2477284737799,227.2827165215913,364300
2023-07-24,228.85000610351562,230.76226683512655,228.21915859788436,229.38229261674286,466700
2023-07-25,229.68785095214844,229.80613015602023,225.42961912567768,228.01216372140578,596100
2023-07-26,228.54441833496094,229.96382883916942,226.35616298107112,229.21468716162082,418800
2023-07-27,226.4941864013672,230.8115580074115,226.29704937327284,229.91456723290244,517800
2023-07-28,226.75045776367188,228.97814974707592,225.4197715745197,227.92344335836853,364600
2023-07-31,222.3246612548828,226.7800299321109,221.5459497507295,226.7800299321109,584600
2023-08-01,220.80667114257812,222.30493948664682,219.0127048047897,220.6489705594575,761700
2023-08-02,224.54248046875,250.36781946883474,223.12306995188118,248.06128489921767,873200
2023-08-03,222.275390625,225.11421195683616,219.338008299503,223.82294712732744,531700
2023-08-04,222.778076171875,224.7494763894449,219.13098877748868,220.9841097949932,477400
2023-08-07,222.95550537109375,224.42418887663078,222.2655183174264,222.86679597289145,247000
2023-08-08,222.01910400390625,222.93579791072386,219.06200359648358,221.89095817326233,354200
2023-08-09,223.72434997558594,224.73961986206652,221.3488091558989,221.72338000199105,281100
2023-08-10,223.9806365966797,226.71103017141377,222.76822964669353,224.09893084002275,382600
2023-08-11,224.73965454101562,224.88750356066106,222.85696347437292,223.65537826164234,220500
2023-08-14,225.8633270263672,226.48432292081563,223.77364756523835,224.5622106767971,233700
2023-08-15,226.2181854248047,227.15459756332515,225.09448785046197,225.59718951457108,226800
2023-08-16,224.0200653076172,226.63216454902664,223.970777294638,225.70560405114108,272700
2023-08-17,220.84613037109375,224.7889311274066,220.70813294624645,224.70022172013148,234600
2023-08-18,220.66868591308594,222.59081322190556,220.037838424011,220.06740822501524,400900
2023-08-21,219.57455444335938,221.39810569095323,217.4553051907203,220.81654622691053,340700
2023-08-22,220.1363983154297,221.44738121267065,218.30299558462667,219.2985472401603,318500
2023-08-23,222.29507446289062,222.33449584614038,219.69282699133208,221.3487958184199,220500
2023-08-24,221.35867309570312,224.93675414089327,220.65881942448792,222.52179196489604,180600
2023-08-25,223.1624755859375,223.7144802239948,220.7672317882235,222.206345375826,161900
2023-08-28,224.57205200195312,226.70116779369746,223.67506131553452,224.49319419034154,135900
2023-08-29,228.07130432128906,228.1895835256784,223.74408128715575,224.7297814319751,177500
2023-08-30,228.6824493408203,229.54000371285906,227.72631893127732,228.15017784383562,213100
2023-08-31,226.30690002441406,228.89929630287568,226.08019319507284,228.5937316545047,290700
2023-09-01,227.56858825683594,230.2595604889313,227.1644626271805,229.17528431036644,510100
2023-09-05,220.93960571289062,227.20304827655377,220.87045878308706,227.20304827655377,298300
2023-09-06,221.08778381347656,222.21401798912103,216.83971732215247,221.26561819623248,445200
2023-09-07,221.74972534179688,222.83643415584208,220.50492978313193,221.79910954846935,356000
2023-09-08,220.06036376953125,221.61141374882826,219.22062122252353,221.10756219080602,251200
2023-09-11,226.01756286621094,228.86279272952615,220.98902639699892,221.4039532396416,345100
2023-09-12,224.1207275390625,225.87923331514182,223.2711112031837,225.4247810577699,183000
2023-09-13,227.64761352539062,228.635538798841,223.7848371628526,223.7848371628526,338300
2023-09-14,227.12399291992188,229.36658730006246,226.02739536681312,228.96153435825158,274800
2023-09-15,226.72885131835938,229.01095629878716,225.7606887667174,227.38088561977972,651700
2023-09-18,225.32598876953125,227.51918399098267,224.861662704433,226.4719856567756,210100
2023-09-19,224.11083984375,226.1854737393343,223.05375263362137,225.32598363077383,300700
2023-09-20,222.5499267578125,226.03730170737532,222.1251110587452,225.92862932617606,290400
2023-09-21,218.00547790527344,221.12732552505338,217.3633324790062,221.04828969074381,358900
2023-09-22,221.23597717285156,223.4983193040187,216.7112778359747,218.0054574680633,462100
2023-09-25,223.00437927246094,223.1031778347259,219.70471230661107,221.15696373955018,327200
2023-09-26,220.53456115722656,223.62677217932207,220.27770600529468,222.18439460421206,360800
2023-09-27,215.26890563964844,221.29525568591234,213.64870883492972,221.10754747675188,525800
2023-09-28,219.5071258544922,220.2480698329877,215.97035145486154,215.97035145486154,322900
2023-09-29,216.7705535888672,220.69261798382576,216.26671714507603,220.69261798382576,326800
2023-10-02,212.89788818359375,215.52577292709125,211.4653996074758,215.1701192394409,445200
2023-10-03,215.6443328857422,216.41491341237688,211.10975938488187,212.22611979570502,540400
2023-10-04,219.8726348876953,220.64321535451094,213.8956842826416,216.97802122444674,557100
2023-10-05,219.77386474609375,220.76179002755242,215.83203744623802,219.7244654671121,447900
2023-10-06,221.5224609375,222.88580252235136,217.07679758641999,219.11192106409877,289500
2023-10-09,223.08340454101562,223.36991131328716,219.7047019002949,220.19866453913497,273900
2023-10-10,224.77276611328125,226.4127106373832,222.3523521686418,222.73764242860855,316500
2023-10-11,222.28318786621094,224.01205710517036,217.71897789921198,224.01205710517036,358700
2023-10-12,217.03729248046875,223.98240552268166,216.90885737891062,223.00435413486565,418200
2023-10-13,219.6355438232422,219.79360040299673,215.68384291306836,216.72115234235486,342400
2023-10-16,221.33477783203125,224.11086059081913,219.14159753210626,221.16683233978466,282500
2023-10-17,220.34683227539062,223.41928028244544,219.10205193723164,219.65528764308007,311100
2023-10-18,219.2601318359375,221.20634577942144,218.66737065763692,220.55431149819938,211900
2023-10-19,214.281005859375,219.43797747594988,213.95500375418862,219.2799208740411,282800
2023-10-20,214.42916870117188,216.3753825604499,213.2337725706521,214.66626110259958,273100
2023-10-23,212.1767120361328,214.73543483832685,211.13938749956836,214.36990731645432,266900
2023-10-24,214.58726501464844,214.95279255855496,212.2952710404764,212.52248964280662,215700
2023-10-25,210.42808532714844,214.2414775233827,209.99339579060202,213.6882417767031,247600
2023-10-26,206.87152099609375,210.48733067374891,206.70357552903872,208.6201527376715,355100
2023-10-27,206.86167907714844,209.5784736667676,205.05377395947477,207.50382449578635,251900
2023-10-30,206.57518005371094,209.3018483729583,204.07573032576502,208.98570505067514,279600
2023-10-31,207.44454956054688,208.80789129371774,205.99229816857192,207.53347429389467,589400
2023-11-01,210.37869262695312,210.54663812140825,206.55542648516266,207.7112972937378,453100
2023-11-02,210.27992248535156,213.49067996000736,209.6871612294433,212.11746428921327,406400
2023-11-03,214.60702514648438,215.2886960676574,211.58397590871255,211.58397590871255,297900
2023-11-06,214.87374877929688,214.99229498925223,212.83862511083143,214.99229498925223,373400
2023-11-07,215.5949249267578,216.25683304096214,213.93521772837263,214.67616167219668,497500
2023-11-08,203.8287353515625,212.40391888761715,196.40940742085075,212.40391888761715,1030800
2023-11-09,198.30624389648438,203.65092345875243,197.50602680472457,203.62128690532015,604000
2023-11-10,196.91326904296875,201.03291554696747,196.59712572561924,199.92642901078725,588500
2023-11-13,199.78811645507812,201.23049393387848,196.597122160481,198.50381063208602,422900
2023-11-14,203.1767120361328,206.3973429481258,201.63555104665713,202.57407702619238,409800
2023-11-15,201.0724334716797,204.1448817327338,200.59823355239925,202.4752855773527,742800
2023-11-16,200.96376037597656,203.21622882777348,200.4994342844221,202.06035804918378,503800
2023-11-17,197.81227111816406,201.86277072481823,195.64871238104868,201.79360872065246,656500
2023-11-20,197.9014129638672,198.5947582241855,196.009559021304,197.95094086398845,485100
2023-11-21,199.27821350097656,201.75445748778964,198.41648542997964,199.37725419217276,489300
2023-11-22,200.6351776123047,201.6752030433968,198.7730374162081,200.59556436110373,282400
2023-11-24,201.2592315673828,201.8931494955121,198.93155590967618,200.55597154511966,136000
2023-11-27,199.48622131347656,200.7243433800046,198.73344853799364,200.21919501782727,415600
2023-11-28,195.9501495361328,200.20929240222515,195.92043581609684,198.71363129604003,432400
2023-11-29,195.5638427734375,197.6141648855743,194.8902965662019,196.2571880501554,444500
2023-11-30,199.0305938720703,199.21879083778526,193.61257068997668,195.4152684964055,1339200
2023-12-01,201.576171875,202.53695580729402,197.23780243323185,197.87172032645518,363200
2023-12-04,197.37646484375,201.29882695273096,195.9501458536499,199.98146330531338,493400
2023-12-05,196.66329956054688,197.4953139090195,193.64227888762315,196.5147158537379,524000
2023-12-06,197.39627075195312,198.79287607095364,196.11853542877475,197.00007773599876,471100
2023-12-07,200.07061767578125,200.11023093011005,197.06941112672104,198.17876361345657,390500
2023-12-08,198.59478759765625,200.7144520577378,196.09872917753373,200.7144520577378,597400
2023-12-11,199.77346801757812,199.9517503351116,198.00046880853688,198.70372877099445,402600
2023-12-12,199.6645050048828,200.89272745129117,198.23818606422634,200.43709191210613,634000
2023-12-13,204.90423583984375,205.10234745297143,198.50562973998444,199.55555478886703,437100
2023-12-14,208.45022583007812,209.38129603218482,204.41890828449462,206.20179194986238,581800
2023-12-15,210.61941528320312,210.81751178629804,206.30084501503862,207.63802286006947,1211400
2023-12-18,213.49183654785156,213.56117863138508,210.470831093402,211.21370426032436,794900
2023-12-19,216.968505859375,217.06754655272212,213.9177713877111,213.95738464229112,560600
2023-12-20,212.90745544433594,217.20621138784276,212.8876412605344,216.91897373479293,409400
2023-12-21,216.3543701171875,217.53306460641232,213.96728253547417,213.96728253547417,415800
2023-12-22,217.70147705078125,218.89998588601887,216.8100351899761,217.36471146903665,212500
2023-12-26,219.3159637451172,220.16779223504759,216.30485787012665,217.40431074534155,251000
2023-12-27,221.2177276611328,221.22764230984015,218.93958018613344,218.93958018613344,245400
2023-12-28,219.63296508789062,222.8619821437628,219.06837414517128,220.62346278630736,302300
2023-12-29,217.7609100341797,219.7617043651524,217.2359474993033,219.70227692555048,399900
2024-01-02,215.01722717285156,218.51368259502664,214.2743539509085,216.51287315206426,569700
2024-01-03,211.50096130371094,215.4134239856568,211.23352270722305,215.4134239856568,368800
2024-01-04,213.947509765625,215.1559182058123,210.71849260549925,210.71849260549925,505800
2024-01-05,213.87815856933594,215.42334765859496,212.4716536656755,214.006928105223,339300
2024-01-08,218.70188903808594,218.85045764339355,213.26405137690168,214.91818067577162,387500
2024-01-09,219.87066650390625,222.49549437320033,217.57271979011364,218.10758187685494,434500
2024-01-10,221.861572265625,222.6737724728665,219.63295257119452,221.11869903414816,328500
2024-01-11,220.50457763671875,222.07948035549197,218.97921793601736,221.91108245818987,267900
2024-01-12,221.27716064453125,223.74350514126357,220.04895327754005,222.48556894119906,390400
2024-01-16,219.16741943359375,220.29658615100143,217.90948318516234,219.7220956998579,284200
2024-01-17,216.80010986328125,219.75178834788508,216.62181244405377,217.9094622894318,257800
2024-01-18,218.37501525878906,218.6127401326572,215.25495374746689,217.1567073970283,313800
2024-01-19,219.32589721679688,219.5140941969405,215.01724131442572,218.99904627778417,452200
2024-01-22,217.96890258789062,221.09887867643573,217.63213702633422,220.19752222009873,428500
2024-01-23,214.72007751464844,218.81083761044593,213.2244315169538,218.81083761044593,426300
2024-01-24,212.8084259033203,215.284670025473,212.68955590807658,215.02713096394052,289200
2024-01-25,214.6210174560547,215.59171600743676,211.877349925357,214.68046000895518,300200
2024-01-26,214.03662109375,215.92847512236193,213.1253651224852,215.84923350132235,251600
2024-01-29,214.63092041015625,215.00731432237865,212.19428974301115,213.006505003324,357600
2024-01-30,216.09686279296875,216.3841155649665,213.48194969462148,214.24463708982938,328500
2024-01-31,216.86944580078125,222.17851352428332,216.40391072117276,219.05845213982076,890600
2024-02-01,221.48516845703125,221.56441007851353,214.44272993185373,216.5227809328304,570400
2024-02-02,220.0786590576172,222.2280369861084,217.8698536927114,219.61312398731147,441900
2024-02-05,217.8104248046875,219.58342404250007,216.5822174049637,218.9495061579926,362600
2024-02-06,223.77322387695312,224.13970316547483,217.2260339053027,218.59292547796446,621900
2024-02-07,223.7237091064453,227.2201647540216,223.17894746627084,224.4764970260383,976100
2024-02-08,218.16700744628906,218.89998114992915,208.00450697504579,215.92848819314278,734300
2024-02-09,222.13890075683594,222.4459525943151,216.88926045944228,218.67215916037895,607900
2024-02-12,222.8025360107422,224.149613372144,221.66345468483513,222.45585579985868,416900
2024-02-13,222.38653564453125,223.5850293321038,220.11828757215218,221.37622381405427,488400
2024-02-14,225.44717407226562,225.46698825742268,221.59413876104304,222.68369223775687,346200
2024-02-15,230.83546447753906,231.26137118312215,226.04145980859923,226.22964165356782,453000
2024-02-16,229.0327606201172,232.9848515679784,228.7653371444396,230.53832123555873,442800
2024-02-20,227.0715789794922,229.78554789441148,225.63536045581586,229.31009815572867,396200
2024-02-21,230.6373748779297,231.23166437653938,226.08107981961797,227.02204952776228,349100
2024-02-22,234.3104248046875,234.67772435784696,229.36671035957454,231.45140192191246,369600
2024-02-23,234.13172912597656,236.77233827673948,233.00995685424905,235.1244436609222,279700
2024-02-26,232.00730895996094,233.7445593087533,231.09399830383225,233.49638068749726,210800
2024-02-27,230.82598876953125,232.11652069930787,229.50567661540472,231.8782637568867,282200
2024-02-28,229.6545867919922,231.0543179821145,228.48319086105116,230.82599787055557,284600
2024-02-29,231.213134765625,231.7988326774323,227.59965463942768,230.19064005598818,866500
2024-03-01,231.0741729736328,233.16880130658652,230.31970021159208,231.73928991284836,358000
2024-03-04,231.57052612304688,232.38454417307653,229.4560392952358,230.58773327048218,274600
2024-03-05,226.71615600585938,232.67244336443596,226.17015996846544,231.77899117207625,287600
2024-03-06,227.41104125976562,228.8306157350316,226.10065083863893,226.81540649604963,292600
2024-03-07,231.32235717773438,231.88819661525164,228.30449635223405,229.1880117282766,369100
2024-03-08,231.9973907470703,233.3276246283746,230.23036003366684,230.23036003366684,260600
2024-03-11,232.13636779785156,232.84120179652757,229.4361829976971,231.75914656750987,322400
2024-03-12,232.10658264160156,233.1390142390545,230.90540653879893,231.7789850278495,363500
2024-03-13,232.08673095703125,232.97024631196115,231.21315244220685,232.76178473645504,412200
2024-03-14,229.87298583984375,231.24293680819008,228.8306325007812,230.6373803081726,341600
2024-03-15,228.37399291992188,230.28992479485083,225.26679142692333,225.26679142692333,603500
2024-03-18,228.3243408203125,230.85576588936635,228.1555811687251,229.97225056774914,353800
2024-03-19,228.4633331298828,229.86306432491705,227.43091663030543,229.06888963036855,240900
2024-03-20,231.57052612304688,231.75914431019157,228.13572713284472,228.13572713284472,431800
2024-03-21,225.435546875,233.2879227176489,225.27670890920973,231.89812838603942,524300
2024-03-22,227.3316192626953,227.5301591320905,223.8471968398037,225.23699107319095,623900
2024-03-25,219.0623321533203,227.2621494155463,218.60569191334142,227.20258896229888,696600
2024-03-26,219.9061279296875,221.24628346272553,217.9008403286095,219.76714850075862,509800
2024-03-27,223.87698364257812,224.3137804566576,221.43489924914357,221.50439653666598,467400
2024-03-28,223.1820831298828,224.9193335202097,221.91139462286068,224.20457786209408,497500
2024-04-01,219.41969299316406,222.82471173326292,217.00740393810253,222.36805638109817,317000
2024-04-02,214.6943817138672,219.10203677529154,214.1583073698442,218.50640198140422,415900
2024-04-03,215.07159423828125,216.85848339997813,214.12851847582556,214.91277142761376,452500
2024-04-04,211.8452911376953,216.5209836030086,211.4581330467552,216.5209836030086,455100
2024-04-05,211.9246826171875,213.57259228683583,211.4084819946829,212.11330079171145,434700
2024-04-08,211.10073852539062,213.55274462374427,211.04117807727218,211.676514769905,616300
2024-04-09,213.15567016601562,213.38399027201507,210.49518728553912,211.8353579919807,598500
2024-04-10,207.68582153320312,211.20002444061015,206.643468206792,209.95913123003078,579400
2024-04-11,204.77716064453125,209.51241339301473,204.6481029029673,209.51241339301473,850500
2024-04-12,202.51377868652344,204.57862687515956,201.858583414167,202.88107824180383,678600
2024-04-15,199.74411010742188,206.34565609793506,199.46613608531175,204.61832725137162,847900
2024-04-16,197.5601348876953,199.52572077953687,196.95457835189785,199.52572077953687,784600
2024-04-17,198.7811737060547,200.2007482899785,196.37880623106042,197.86787810670646,1115600
2024-04-18,199.34701538085938,200.2702478308922,196.77588821546414,199.17825571743887,658500
2024-04-19,198.0564727783203,200.26030027289207,196.3986413112545,200.26030027289207,535900
2024-04-22,199.4363555908203,200.52834770171035,196.6865470756544,199.25767423501426,369700
2024-04-23,204.48928833007812,206.50449778014595,199.5356369642396,200.37945044328677,561600
2024-04-24,201.322509765625,203.6057562147402,200.96513192882765,203.1987396219057,492100
2024-04-25,200.07167053222656,200.7368025667182,198.94991346517395,200.6375250592243,411700
2024-04-26,202.4145050048828,203.1491192769938,198.98964259463025,199.81359754713196,318100
2024-04-29,203.92343139648438,204.56870497531807,202.51377848163088,202.74209859838857,376500
2024-04-30,203.06968688964844,203.65538484150323,201.22323721196668,202.57332961228906,429000
2024-05-01,203.5461883544922,206.04783330714616,202.24573469405266,203.1193283611177,359000
2024-05-02,204.73745727539062,205.69045477482734,202.4244305219417,205.21395602510898,384300
2024-05-03,206.3059539794922,207.03063139101758,204.44956739027646,206.24637837991173,500600
2024-05-06,207.99354553222656,208.0630276702133,205.87905880760331,207.41776930658574,640600
2024-05-07,211.31915283203125,212.04384539898513,207.83473002635907,208.9068636160173,805600
2024-05-08,208.5594024658203,212.18281977120347,207.56668788587243,211.76588146534007,938200
2024-05-09,224.34356689453125,225.33628144580072,213.57260795420873,221.36542324072286,926000
2024-05-10,229.6446533203125,230.05166991176148,222.05037810112583,223.85712581090144,867800
2024-05-13,230.86569213867188,231.3719862510496,228.66186463718083,230.9451111199786,885100
2024-05-14,234.28062438964844,234.3997452836247,230.3296248806824,232.03709504990817,514000
2024-05-15,233.7445831298828,237.44740429504722,230.01196659131995,235.9186153496419,690100
2024-05-16,229.0490264892578,233.62544122279252,228.87034513908097,233.62544122279252,548200
2024-05-17,230.9947509765625,231.64000937477195,226.3091370905085,229.60494151851012,559400
2024-05-20,231.0543212890625,231.68965802204053,228.3541363870003,230.86570309296204,619600
2024-05-21,228.91998291015625,232.03710601332543,228.8008468629297,231.01461123139435,657300
2024-05-22,228.91998291015625,229.8630587098103,227.32171186743315,228.08609117005835,484900
2024-05-23,225.15757751464844,229.07879683315184,224.3137792625065,228.71149730855012,635800
2024-05-24,227.50039672851562,227.7982141297461,223.82735584033247,225.27671063329998,510500
2024-05-28,221.7624969482422,227.60958488969365,221.67315627649614,226.52752969377843,457400
2024-05-29,221.7922821044922,222.86441563215212,219.8564917688375,219.87635030109652,414200
2024-05-30,221.59373474121094,222.06031177399913,219.68772469450272,221.30583904985411,404300
2024-05-31,221.2562255859375,222.87434001547228,219.73737352365262,221.30584919575145,934300
2024-06-03,226.7062225341797,227.04375700170687,220.14437859074718,220.7697936199292,530800
2024-06-04,226.8352813720703,227.2621413703144,225.3164292775376,226.38856284090582,377900
2024-06-05,228.23500061035156,228.56259822208003,225.60429802439467,227.52024493887527,336800
2024-06-06,228.8008575439453,229.07881642107978,225.8822741864107,227.2224449600126,296500
2024-06-07,225.19729614257812,228.98945775278466,224.47260363275976,227.84784210764082,303000
2024-06-10,223.1522979736328,225.36606233578632,222.43755743042112,223.7181525403853,445200
2024-06-11,223.79757690429688,225.67380685094912,220.7995746371835,222.66588289119906,578300
2024-06-12,224.7129669189453,226.79253336223584,223.87716248948524,225.26022524155908,367700
2024-06-13,219.94688415527344,223.48911604761926,218.80261395866455,223.48911604761926,386200
2024-06-14,217.2006378173828,219.8672714270202,215.73798768072805,218.60360499020035,694300
2024-06-17,215.04147338867188,217.21060224690083,212.56390916129408,215.98674467014885,817600
2024-06-18,215.41958618164062,217.1011548956069,214.30518024783004,215.55888692336694,468800
2024-06-20,218.21556091308594,219.38968017892267,212.932062173426,214.33502940447755,576300
2024-06-21,217.031494140625,219.66827875152842,215.72803396353567,218.19565357778055,832100
2024-06-24,215.47927856445312,218.41455387540975,215.38973134344863,217.38969519242465,650800
2024-06-25,214.35491943359375,216.02654352358104,213.85741461364933,215.58873685280716,282700
2024-06-26,215.01162719726562,216.25538923415476,213.1907577533429,213.75792052983252,378800
2024-06-27,215.35989379882812,215.61859084534856,213.62857152018125,215.61859084534856,329100
2024-06-28,218.44439697265625,218.6434110351882,215.37978082052967,215.77777858031092,833600
2024-07-01,217.44940185546875,220.89214191889158,216.56384387580232,220.89214191889158,852700
2024-07-02,217.25039672851562,218.25536616133607,216.23549784789085,216.9120971016407,372700
2024-07-03,216.29519653320312,217.36980874710073,216.13599134981638,217.36980874710073,196800
2024-07-05,218.95187377929688,219.6881711941925,214.1260709641249,215.7877352369155,277400
2024-07-08,218.73297119140625,219.96678861193237,218.1061102591638,218.68321767283044,284900
2024-07-09,212.4445037841797,218.98172443783574,211.71815099465422,218.98172443783574,728600
2024-07-10,214.3250732421875,214.60367473049286,210.3052409233227,213.03157283904508,493400
2024-07-11,216.7528839111328,219.20061416561003,214.64346845367402,215.36982119810517,487300
2024-07-12,220.61354064941406,221.89709641660193,215.6484370338357,217.33995040105594,372000
2024-07-15,219.39962768554688,222.9518194214574,218.79267119212696,220.37473289078721,280300
2024-07-16,226.50399780273438,226.61344947235384,218.09616923425128,219.94688780431693,417500
2024-07-17,227.5686492919922,231.83723373927586,225.92687436408198,226.69303599710676,327100
2024-07-18,224.32492065429688,228.67312311213257,222.58365378155816,226.04628308306448,370700
2024-07-19,223.1707000732422,226.38459206415018,222.2453484181092,226.38459206415018,386900
2024-07-22,227.62835693359375,227.71790415631304,222.57370619955157,224.1955767522419,330800
2024-07-23,230.54373168945312,230.67308780173715,227.9368112782307,228.26516628296852,422100
2024-07-24,230.56362915039062,233.07105763076459,228.91190954602925,230.991475997076,334600
2024-07-25,226.4243927001953,235.27998766253083,226.02639491470165,229.9666246120726,345300
2024-07-26,231.62828063964844,233.4889589362166,225.8870861162922,227.17064183398307,329400
2024-07-29,235.14068603515625,236.01628419647827,228.57361632070877,231.3795356179653,298100
2024-07-30,236.05609130859375,238.7724633614118,234.97151926747287,234.97151926747287,572100
2024-07-31,237.56849670410156,240.5535256306787,232.1855060786489,235.61828630768414,523000
2024-08-01,239.80726623535156,240.8918382743637,236.24512992652546,239.04111974927847,477100
2024-08-02,241.38934326171875,241.69779381901077,234.4043713804701,240.76248233390453,647500
2024-08-05,236.71278381347656,239.35951306091795,232.22529586860026,237.65805510373562,756100
2024-08-06,237.9864044189453,241.97640289302163,234.6133222614487,236.71279326218595,844900
2024-08-07,232.36459350585938,242.15548444537407,226.07614065217822,236.85208139080984,804500
2024-08-08,238.48390197753906,239.88686920641968,231.87703860987406,233.2402121337258,396800
2024-08-09,234.8023681640625,239.3595140899783,233.08100575583157,239.3595140899783,427000
2024-08-12,232.77255249023438,235.45907542260713,231.84718565041686,234.57351746979353,352600
2024-08-13,232.623291015625,233.94665562438345,230.97158659491637,232.77255156733506,295100
2024-08-14,231.62828063964844,233.30984931128197,230.57357288132349,232.533743029396,382400
2024-08-15,229.17062377929688,233.31981208750355,228.85221341209888,231.99644746629048,442700
2024-08-16,231.18052673339844,231.34967654341796,228.0761016410089,229.0213577241258,558700
2024-08-19,232.40440368652344,232.42429294737465,229.90691982928445,229.90691982928445,446700
2024-08-20,232.10589599609375,233.48895874680875,231.74769192915682,232.1854985868177,346400
2024-08-21,233.21035766601562,234.63321412318427,231.39943288491904,231.9864849120316,260800
2024-08-22,232.9715576171875,234.47401671502638,230.36463720635751,234.23522411717465,315900
2024-08-23,234.83221435546875,235.65807415989335,231.57854383781455,233.82726010756605,258500
2024-08-26,233.89691162109375,236.5933791078543,233.52874774857847,235.3894260061711,211500
2024-08-27,235.2501220703125,235.82722948385342,232.00639610728132,232.5635990768678,240700
2024-08-28,235.88693237304688,237.0510917792477,234.60336149104796,235.4889194247892,355600
2024-08-29,236.52374267578125,238.75255450038952,235.50882861556607,237.1107947058242,348800
2024-08-30,239.89682006835938,240.14557246777383,236.25508129709775,237.61823958744367,430600
2024-09-03,241.93658447265625,244.58331372147325,238.01625929989783,238.94161096434775,498300
2024-09-04,239.21026611328125,243.22015366266422,236.08593651737547,241.9465425651384,469500
2024-09-05,238.42234802246094,240.48690507047218,236.347807490689,239.3698506374893,261400
2024-09-06,239.19032287597656,241.39451165735144,237.0359906369038,239.09057935392283,365100
2024-09-09,244.85540771484375,246.26170922834766,240.1079111947145,240.1079111947145,714500
2024-09-10,246.52101135253906,246.6706266332936,244.41655090721105,244.9850615803742,550300
2024-09-11,241.4244384765625,245.5535677751664,238.8013390035902,245.5535677751664,677400
2024-09-12,245.83282470703125,245.97245650681666,240.96564824399366,241.1950400824858,317600
2024-09-13,244.18716430664062,247.58821449778648,243.97770899658443,244.5561879467077,271300
2024-09-16,243.0900421142578,246.81025933678944,242.32207483471848,245.89266155722174,280800
2024-09-17,241.04542541503906,244.85540273405587,239.54936389120573,242.66118220951194,343800
2024-09-18,237.7541046142578,242.34201753530752,236.51735493011833,241.16512309644855,496900
2024-09-19,238.83126831054688,240.92574531223627,238.47221293615374,240.9157770474871,513100
2024-09-20,236.35777282714844,237.96354616402772,234.72207947680823,237.8538343750959,783000
2024-09-23,238.75148010253906,239.18034377403194,236.7367796261998,237.42497037229305,355400
2024-09-24,237.61447143554688,239.1404529787688,237.34517609888275,238.9509494166246,348700
2024-09-25,235.78927612304688,238.95095101830765,235.51001251971766,238.95095101830765,260600
2024-09-26,236.1283721923828,237.22549004085093,234.59242242325192,237.13571478508572,414600
2024-09-27,238.42234802246094,241.3645993928017,236.57719933630688,236.87641469334878,312300
2024-09-30,241.90316772460938,242.5514701821968,238.23283742809352,238.6018610669484,530500
2024-10-01,235.16091918945312,241.21498870018436,232.9467469510737,241.21498870018436,797900
2024-10-02,234.11367797851562,236.05855492611187,231.30109021246676,233.92417441615817,316400
2024-10-03,232.24859619140625,233.79452950721654,231.21133354380797,233.46539413917498,241300
2024-10-04,230.41342163085938,233.64490471520935,230.24386982126165,233.46538464106746,378400
2024-10-07,225.4265594482422,229.1367933234503,224.31947328840226,229.1367933234503,341800
2024-10-08,226.62339782714844,227.46118861683436,224.29951379818831,226.28429420542668,329600
2024-10-09,226.55357360839844,228.5483222740017,225.4764227214503,226.85278895198385,1038500
2024-10-10,225.56619262695312,227.4013578270988,224.11001934111943,226.3940151856409,376100
2024-10-11,226.30422973632812,228.35883364300548,224.82811998690883,226.6333650919795,361100
2024-10-14,227.61080932617188,228.34885661237496,224.12996733203514,226.4638196812678,282600
2024-10-15,226.10476684570312,231.9394130031238,224.8281288684129,227.610811885789,601900
2024-10-16,225.39663696289062,229.07693556540224,224.2895508151912,226.04492420902025,565900
2024-10-17,224.4092254638672,227.43126848261596,222.55410859128355,226.96250132748236,648100
2024-10-18,225.05751037597656,226.0947881965877,223.41184882701734,226.0947881965877,607800
2024-10-21,223.7808837890625,224.91788996852637,222.80346116219275,224.2596344468448,406600
2024-10-22,220.96829223632812,223.20240106006065,220.63915687167648,223.20240106006065,406600
2024-10-23,220.5693359375,221.486933750792,219.10319439544065,220.5194793939576,507900
2024-10-24,226.6433563232422,230.09426310581676,222.11526818082112,223.05280251950413,739500
2024-10-25,223.5315399169922,227.3016138346664,222.32472544647342,227.3016138346664,409600
2024-10-28,223.4218292236328,226.90267128605896,222.82341372730036,225.05752259690198,491100
2024-10-29,223.28219604492188,224.30949043175835,221.44703085083782,222.69374881726316,495500
2024-10-30,223.8008270263672,225.04754494848447,221.7362700610778,222.93311622256545,434600
2024-10-31,221.2675018310547,223.780874192364,221.08796653740427,221.89583731201972,417100
2024-11-01,224.5887451171875,226.24439016332562,221.90582094374562,221.90582094374562,487800
2024-11-04,225.22708129882812,228.77773152266695,223.29217263963568,224.72839412764347,918600
2024-11-05,226.8428192138672,227.81027352789832,222.27484297306154,224.299511637999,1262500
2024-11-06,226.92262268066406,234.37301049974909,225.02760223175616,234.11368342155708,1404800
2024-11-07,214.93417358398438,224.45910172159037,210.75517259995408,224.45910172159037,1330200
2024-11-08,218.61448669433594,219.67170107267498,211.18405081416978,213.43811137140725,1071800
2024-11-11,221.27748107910156,222.8832544434499,218.63444505333814,219.68167597983572,663600
2024-11-12,222.1451873779297,224.32943966561635,221.09794125412753,222.46435447874464,641700
2024-11-13,221.6864013671875,222.7136957317254,220.61920350610401,220.98824236488863,521500
2024-11-14,220.60923767089844,223.5016172345867,220.2003105297896,221.19768489226485,549500
2024-11-15,219.5420379638672,221.32734658026828,218.76408718513397,220.4197322655046,540400
2024-11-18,216.51998901367188,221.12786875352197,216.3903406998839,219.4223519579735,599400
2024-11-19,212.0,215.00999450683594,211.8699951171875,213.9499969482422,511400
2024-11-20,212.25,213.47999572753906,208.9499969482422,210.0800018310547,761100
2024-11-21,215.77000427246094,216.1699981689453,210.7899932861328,212.24000549316406,1041600
2024-11-22,214.33999633789062,218.3800048828125,213.5800018310547,216.49000549316406,503000
2024-11-25,216.1199951171875,218.08999633789062,214.7899932861328,215.91000366210938,872600
2024-11-26,216.05999755859375,216.44000244140625,213.30999755859375,216.07000732421875,473100
2024-11-27,217.47000122070312,219.0,214.63999938964844,216.0,406700
2024-11-29,219.05999755859375,219.52999877929688,215.49000549316406,216.3300018310547,343000
2024-12-02,218.86000061035156,220.27999877929688,218.19000244140625,219.05999755859375,614600
2024-12-03,216.64999389648438,219.0399932861328,216.1300048828125,218.50999450683594,627900
2024-12-04,217.25,219.64999389648438,214.5,215.88999938964844,552800
2024-12-05,217.42999267578125,218.39999389648438,215.5,216.60000610351562,654800
2024-12-06,215.88999938964844,219.3000030517578,214.35000610351562,217.42999267578125,604800
2024-12-09,215.6300048828125,217.41000366210938,215.3300018310547,216.00999450683594,434500
2024-12-10,214.22000122070312,215.41000366210938,209.60000610351562,215.41000366210938,563400
2024-12-11,209.6199951171875,217.2100067138672,209.3800048828125,214.9499969482422,498700
2024-12-12,216.41000366210938,216.5500030517578,208.2899932861328,210.22000122070312,690400
2024-12-13,214.22000122070312,216.89999389648438,213.52000427246094,215.66000366210938,526500
2024-12-16,211.02999877929688,215.6199951171875,210.67999267578125,213.60000610351562,668700
2024-12-17,209.50999450683594,213.9199981689453,209.44000244140625,210.60000610351562,500100
2024-12-18,207.00999450683594,210.69000244140625,206.8800048828125,209.75999450683594,559800
2024-12-19,204.33999633789062,206.7899932861328,202.72000122070312,204.94000244140625,709500
2024-12-20,207.49000549316406,208.55999755859375,203.6999969482422,203.6999969482422,1251300
2024-12-23,208.0,208.4600067138672,204.9199981689453,205.72999572753906,465700
2024-12-24,208.67999267578125,209.1199951171875,206.7100067138672,207.8699951171875,156400
2024-12-26,208.72000122070312,209.52000427246094,206.36000061035156,207.4600067138672,584900
2024-12-27,207.97999572753906,209.0,206.1699981689453,207.02000427246094,268900
2024-12-30,205.0800018310547,206.32000732421875,203.32000732421875,206.17999267578125,232400
