Price,Close,High,Low,Open,Volume
Ticker,STX,STX,STX,STX,STX
Date,,,,,
2015-01-02,40.418800354003906,41.14734433379261,40.100447709812116,40.81674466239787,2397300
2015-01-05,40.204524993896484,40.71266920422171,39.910661726607195,40.32084840058772,2269700
2015-01-06,39.096412658691406,40.35146691013325,38.943357490021576,40.345343395541995,3425800
2015-01-07,39.34741973876953,39.67190061190287,38.680101461799765,39.24946686208383,1886500
2015-01-08,40.0576057434082,40.510647811872005,39.4943637479263,39.79435062169129,3472500
2015-01-09,40.67593002319336,41.00040612895615,40.08207541262906,40.253496399004,2545900
2015-01-12,39.818824768066406,40.682053306812286,39.64740376297486,40.559611066281775,2133100
2015-01-13,39.64129638671875,40.96369554295158,39.261717813161404,40.21678542739866,2142700
2015-01-14,39.5433349609375,39.629050160887914,38.943361257399275,39.31681627875152,1927000
2015-01-15,38.12910079956055,39.76985230536933,38.01890089727217,39.55557601505104,3552200
2015-01-16,38.82090377807617,38.89436958787558,37.81073896773139,38.17807268760039,2500300
2015-01-20,38.64336395263672,39.169874046864834,38.16583262784204,38.955597769184216,1772100
2015-01-21,38.7474479675293,38.96784778924037,38.202571927986135,38.39235884689777,1724000
2015-01-22,39.1453857421875,39.4637407459796,38.15358898815893,38.661733225587575,3563300
2015-01-23,39.16987991333008,39.43925617924961,38.857648385456,39.27395864624585,2594200
2015-01-26,36.157752990722656,36.88017355576549,34.602711955092396,36.07204013662626,15325600
2015-01-27,34.939414978027344,36.121000433272606,34.59044956745597,36.121000433272606,8078000
2015-01-28,35.22104263305664,35.980197037872266,35.190432076868625,35.55776575743196,7678200
2015-01-29,35.937355041503906,36.10265490838479,34.896579399348305,34.98228992244878,5046000
2015-01-30,34.553733825683594,35.93123033524227,34.47414681997894,35.67409877446751,5504500
2015-02-02,35.3863525390625,35.47206305502695,34.21701120961238,34.59658735264197,5027900
2015-02-03,36.274070739746094,36.353660072084566,35.42308447496447,35.45369503803734,4239000
2015-02-04,36.69038009643555,37.01485626136174,36.108770069626615,36.108770069626615,4049100
2015-02-05,36.9842529296875,37.16179749576589,36.604676744107614,36.80670836360912,2189500
2015-02-06,37.027496337890625,37.83674011772867,36.941012737518896,37.09544841146881,4216400
2015-02-09,37.311649322509766,37.527858262905646,36.44680884792483,36.76803524258493,3563200
2015-02-10,37.18810272216797,37.78113501642227,36.76185884601574,37.336359617481115,3419200
2015-02-11,37.55875015258789,37.75642759893037,37.02131474262557,37.23134732392709,3024800
2015-02-12,37.78113555908203,38.12089350193061,37.59581325902834,37.892329410414426,1830000
2015-02-13,38.201194763183594,38.67685675189948,37.984985839449344,38.19501837529141,2566200
2015-02-17,37.77495193481445,38.17648311527133,37.55256427474581,38.07146802940583,2318300
2015-02-18,37.79348373413086,37.91085395270253,37.33635327877193,37.7193552990593,2173700
2015-02-19,37.96646499633789,38.02824067896941,37.63906212614552,37.63906212614552,1291300
2015-02-20,38.41123962402344,38.423594760272714,37.60199587345542,37.947932618931326,1746900
2015-02-23,38.293853759765625,38.56565957698574,38.114707891904494,38.49770753355563,1555500
2015-02-24,37.496971130371094,38.21972874177322,37.064550898587434,38.13324516671663,3580900
2015-02-25,37.076904296875,37.206629653390166,36.77420944183903,37.095435817377,3268900
2015-02-26,37.484622955322266,37.60199320661423,37.14486498031825,37.151041369754196,2406000
2015-02-27,37.75642776489258,37.79349316993261,37.16957181251453,37.379604394739275,2752300
2015-03-02,38.02823257446289,39.15870022593113,37.69465102884898,37.81202126608313,4083600
2015-03-03,36.33562469482422,37.367256208460354,35.71170561723092,37.24988358965966,6555700
2015-03-04,35.878482818603516,36.131757130195226,35.35340031940089,36.125578386022006,4209500
2015-03-05,36.10087966918945,36.292380739303226,35.458429103213334,35.903202209427384,3474300
2015-03-06,35.14955139160156,36.131762122309965,35.05688906820424,35.89701929780397,3771700
2015-03-09,35.19896697998047,35.74875742189188,35.10012827532786,35.16808032662039,3283400
2015-03-10,33.61137390136719,35.087778300095266,33.46311464434595,35.00747110435455,6728400
2015-03-11,33.580482482910156,33.80904654676865,33.049223558941286,33.59901400372283,4559600
2015-03-12,33.691688537597656,34.05615683690909,32.46237948708915,32.62299391404075,5734400
2015-03-13,33.209835052490234,33.753449100677734,32.62915796325623,33.506353519865655,4054600
2015-03-16,33.87701416015625,33.96349777234329,33.33957860120704,33.852303883388046,4261700
2015-03-17,33.15424728393555,33.722571753993876,33.14189450451146,33.64226454872995,3299200
2015-03-18,34.161163330078125,34.4391479552774,33.29014640878765,33.7596320772355,4951900
2015-03-19,34.41443634033203,34.51945379752004,34.16116199317372,34.16116199317372,2471200
2015-03-20,34.90863037109375,35.02600296344311,34.4082604150808,34.692421421767264,4848700
2015-03-23,34.50091552734375,35.28544873611895,34.35265865624478,34.908625457616644,2650800
2015-03-24,34.1796989440918,34.66771380365253,34.136454794420885,34.309424323601576,2842400
2015-03-25,33.11717987060547,34.488569143165805,33.012162407323366,34.25382630450662,4358300
2015-03-26,33.067752838134766,33.5187045471783,32.19673607147524,32.43147886402546,4253900
2015-03-27,32.592098236083984,33.30250316207873,32.48090673709881,33.197488052175686,2938000
2015-03-30,32.78977584838867,32.95656426399844,32.45001555899627,32.88243581744956,2209400
2015-03-31,32.141143798828125,32.54267739488588,31.962000252072333,32.54267739488588,3776400
2015-04-01,31.992881774902344,32.32646326058302,31.53575132898803,32.15349377365577,3640900
2015-04-02,32.40058898925781,32.76505709544528,31.702539425237706,31.856975023512053,3695500
2015-04-06,32.579742431640625,32.740354454367754,32.12261191749289,32.15349857303648,2444900
2015-04-07,33.203670501708984,33.41987950656141,32.70329806069156,32.72183194432278,3338900
2015-04-08,32.931861877441406,33.543425787941594,32.78360260297096,33.25926473141623,4025900
2015-04-09,33.78433609008789,33.85846688592011,32.666223686042116,32.666223686042116,3384000
2015-04-10,34.334129333496094,34.58740366462243,33.70403169975482,33.716386832553745,3725700
2015-04-13,34.2291145324707,34.70477657779515,34.185872742577644,34.32177685738486,1938700
2015-04-14,34.45149230957031,34.71712171759041,34.11791086370784,34.575041255056426,2710600
2015-04-15,35.00746154785156,35.23602793821838,34.748010864516644,34.76036599560407,3736100
2015-04-16,34.568870544433594,34.933338722233586,34.25382289891189,34.65535411941992,4461700
2015-04-17,35.47695541381836,36.181181555267514,34.63064876633129,34.69242207973878,9537500
2015-04-20,36.533302307128906,36.743334915974984,35.64993007196758,35.82907601761598,4910500
2015-04-21,36.08234786987305,36.82363951660488,35.77965293637796,36.82363951660488,3509800
2015-04-22,35.97114944458008,36.11322995241122,35.724053831330615,35.89084225093608,2271300
2015-04-23,36.29237365722656,36.68772849960134,35.95879212528507,36.26148700200992,2750200
2015-04-24,36.039100646972656,36.465342160328824,35.76729477191231,36.42210037012606,2454400
2015-04-27,35.77964401245117,36.131759400939934,35.643742266605244,36.04527347258268,2214800
2015-04-28,36.44682312011719,36.490064925129396,35.53256411107071,35.84761188423135,3685900
2015-04-29,36.26599884033203,36.55278696364251,35.33706188828635,36.066495506539646,3996600
2015-04-30,36.60891342163086,36.83335536478682,35.997933897633196,35.997933897633196,3902600
2015-05-01,37.176246643066406,37.46303247425238,36.68995503989447,36.77100403680114,3432500
2015-05-04,36.914390563964844,37.319633100098564,36.62137134292755,37.132598998139784,2074500
2015-05-05,35.97298812866211,36.77100165177324,35.717374273398825,36.583967529577556,4170400
2015-05-06,35.093936920166016,36.12886193322453,34.68246076746248,36.08522070326117,3500300
2015-05-07,35.18121337890625,35.567750940475804,34.969240707412965,35.199916080480634,2291200
2015-05-08,35.68619918823242,35.823356264078086,35.27472320416005,35.47422656745164,2413500
2015-05-11,35.38694763183594,35.82959802215221,35.33707297187816,35.76101828372569,1761300
2015-05-12,35.012874603271484,35.29966039931887,34.65750907811109,35.07521851431909,1586300
2015-05-13,35.28095626831055,35.742309277429946,35.21861235979577,35.39317720625127,1653700
2015-05-14,35.80466842651367,35.879481624229825,35.37448956680995,35.51788252004452,1518500
2015-05-15,35.467994689941406,36.085209923754235,35.443056172192456,35.954283894706215,2299900
2015-05-18,35.474239349365234,35.66127352255893,35.26226665220744,35.337079845831205,1789100
2015-05-19,34.3831901550293,35.52409982028503,33.89066520580553,35.474225170559926,6521700
2015-05-20,34.04030227661133,34.55776590314666,33.94678638701212,34.270980036479735,3153500
2015-05-21,34.52035140991211,34.669980133760106,33.85326153838675,33.934310529565565,2885900
2015-05-22,34.782203674316406,34.91936077160886,34.41436884480526,34.55152594209771,1745100
2015-05-26,34.03406524658203,34.70738861811797,33.896905769043855,34.58893421914196,2748300
2015-05-27,34.50164794921875,34.769731055585304,34.05899998410851,34.133813155246116,2282200
2015-05-28,35.14380645751953,35.499172065738776,34.676219880571225,34.676219880571225,3727700
2015-05-29,34.68868637084961,35.16250872947781,34.45177519153552,35.143803650671344,2711000
2015-06-01,34.41436767578125,34.807141010828175,34.26473894586452,34.7510305343929,2414600
2015-06-02,34.47047424316406,34.76349347285861,34.25850162047667,34.47047424316406,2610700
2015-06-03,34.7073860168457,34.98793839157036,34.51411845291043,34.6138701441161,1805400
2015-06-04,34.002899169921875,34.69492773975621,33.853270406875865,34.68245847798,3307700
2015-06-05,33.93430709838867,34.002886824123586,33.52906456173746,33.815852721925964,2500900
2015-06-08,33.06772994995117,33.87821303751228,32.83705214652879,33.83457180513914,3769500
2015-06-09,32.805885314941406,33.173720315596796,32.56274058842278,33.14878178511561,4191500
2015-06-10,33.41061019897461,33.610113558502896,32.893146725139104,33.092652462935035,3034800
2015-06-11,33.8532600402832,33.97795024159398,33.360735053152894,33.560240802210814,2895600
2015-06-12,33.385677337646484,33.859499680459,33.298394900356826,33.61011924968736,2264700
2015-06-15,33.27345275878906,33.52283316240799,32.89938453162845,33.179936891132805,3213600
2015-06-16,33.167476654052734,33.36698007990193,33.07395838269348,33.167476654052734,2639300
2015-06-17,33.15499496459961,33.47295268715235,32.90561458663341,33.15499496459961,2008200
2015-06-18,33.75350570678711,33.80338273470547,33.05524396380312,33.22357536562622,2252300
2015-06-19,33.260982513427734,33.76597674554479,33.198638603507575,33.68492776003441,4805300
2015-06-22,33.585182189941406,33.66623119020327,33.248521685523166,33.47296122904594,1853500
2015-06-23,32.60013961791992,33.66000309567977,32.47544937731255,33.54154629688193,5030400
2015-06-24,32.400634765625,32.72482842570224,32.18866207935405,32.58766892921268,3168400
2015-06-25,31.602602005004883,32.36944333569593,31.403098685390976,32.36944333569593,5463700
2015-06-26,31.2098445892334,31.78965210414014,30.8669458817211,31.17243680888619,6308500
2015-06-29,30.56145668029785,31.17243614331464,30.312076239844078,30.530284719808165,6360400
2015-06-30,29.61380958557129,30.916817302467134,29.563932554174436,30.916817302467134,7949600
2015-07-01,29.657453536987305,29.994116395194663,29.202336285677934,29.844487665457624,5134900
2015-07-02,30.019041061401367,30.43051690547448,29.70731686503486,29.807068512741466,4713700
2015-07-06,29.314550399780273,29.726026337731163,29.121280497762648,29.601336155083256,4603800
2015-07-07,29.813323974609375,29.906842253912032,28.50408233398398,29.32703463008028,6126800
2015-07-08,28.92801284790039,29.69485425718093,28.716040251803275,29.638743794147356,4723200
2015-07-09,28.70357894897461,29.47665401134423,28.703578948974613,29.383138132555104,2672200
2015-07-10,28.6474666595459,29.108817340252973,28.404322060488393,29.027770726079087,3489500
2015-07-13,28.85320281982422,29.227273437548163,27.71852646477054,28.204818029984878,8885300
2015-07-14,29.682390213012695,29.913065544535662,29.00283109840259,29.071410829515106,6537000
2015-07-15,29.489124298095703,30.237263245810627,29.327028675587076,29.82578718130764,5312900
2015-07-16,29.86319351196289,30.137510082230833,29.520294826292915,29.52653064508766,4873600
2015-07-17,30.019041061401367,30.330765257767872,29.495344316374958,29.86317896321811,6084800
2015-07-20,29.75721549987793,30.081409210963468,29.308331534025825,30.081409210963468,5942700
2015-07-21,29.99411964416504,30.30584401813762,29.744739193679674,29.769677714381857,3694100
2015-07-22,30.586387634277344,30.673670053365914,29.45171142959085,29.913062038564014,7763600
2015-07-23,29.931781768798828,30.673687509806403,29.158706435541013,29.507838688854513,8724200
2015-07-24,29.5015869140625,30.07516085016948,29.189862620906073,30.037753078814365,5298900
2015-07-27,29.869430541992188,30.068933958574377,29.07765031693925,29.389374702632455,4880500
2015-07-28,30.467937469482422,30.536517207379852,29.788378287640356,29.98788168246848,4486600
2015-07-29,30.81082534790039,30.916812835170262,30.125032913160904,30.393115972513183,4949500
2015-07-30,31.97667694091797,32.27593196177785,31.309587177659324,31.409338851279283,7974300
2015-07-31,31.54650115966797,32.96796571785898,31.241012648921355,31.85199204868248,8155300
2015-08-03,32.082664489746094,32.22605738282117,31.552734129326563,31.66495506795361,4790600
2015-08-04,32.03901672363281,32.31956901280775,31.689887100008164,31.945500879419292,4558700
2015-08-05,32.332054138183594,32.475447072310516,31.764715843042996,32.057735152663945,5239500
2015-08-06,31.99539566040039,32.71859625090425,31.95798787220808,32.400638375210015,3895800
2015-08-07,31.18259048461914,32.13400809819581,31.157386764158534,31.982788178991246,5325400
2015-08-10,32.22221374511719,32.260019319975584,31.239292834385935,31.43461562892422,2976800
2015-08-11,32.14030075073242,32.20960976496093,31.680343769603326,31.982781137870735,3671700
2015-08-12,32.5246467590332,32.56245232880709,31.359002665259837,31.869367041194554,4263500
2015-08-13,32.36714172363281,32.60027257015344,32.197020188425654,32.35453986137012,3723600
2015-08-14,32.77667999267578,32.98460462330217,32.209608448133906,32.22221030507467,3813000
2015-08-17,33.0476188659668,33.13582947422743,32.241116725672136,32.379734769258164,3767000
2015-08-18,32.795589447021484,33.1169308672344,32.3419345060724,32.83969475511988,4400000
2015-08-19,31.144777297973633,32.66326623328406,31.125875714023724,32.53725006531487,6785500
2015-08-20,30.653322219848633,31.232993328375738,30.426493558752323,30.728930972361102,6015400
2015-08-21,30.697423934936523,31.78745940342308,30.287871966580223,30.376082568119458,7832800
2015-08-24,30.004343032836914,30.64072378124273,28.7504879324922,28.80089297194144,7211400
2015-08-25,29.19153594970703,31.06916945562658,29.153730377157228,30.773031812882845,6053300
2015-08-26,30.174457550048828,30.502098642944464,29.059218369488274,29.979134762585442,4102500
2015-08-27,31.529136657714844,31.7496632268327,30.5588149464776,30.691130887948315,3585200
2015-08-28,31.93238639831543,32.29783076802847,31.46612713647816,31.61104493856776,3680000
2015-08-31,32.38603210449219,32.48054242639331,31.53542478603138,31.806358701886477,3734400
2015-09-01,31.881969451904297,32.8396890096645,31.592133934091745,31.655143222893564,5924800
2015-09-02,31.359004974365234,32.43013882791389,30.804535261312065,31.951277856417526,7750100
2015-09-03,31.18259048461914,31.87567597237228,30.716331270334226,31.226695793645664,4644000
2015-09-04,30.376089096069336,31.3779141783131,30.212269715656515,30.84234832326746,3508700
2015-09-08,31.258197784423828,31.29600095979236,30.634418951694492,30.880149205825788,3284800
2015-09-09,31.566925048828125,32.07728938852632,31.232984285323372,31.642536183007405,4068300
2015-09-10,31.012466430664062,31.54803222690602,30.37608576085678,30.930555547671673,4473900
2015-09-11,30.836040496826172,31.08807285475237,30.571408684206496,30.716326448768516,4339400
2015-09-14,30.451688766479492,30.867540394409772,30.313070755983322,30.823432697249707,3049700
2015-09-15,30.628114700317383,30.70372344344707,30.250066177551712,30.539904099406307,3272600
2015-09-16,30.96834945678711,31.201477755170018,30.552497874253127,30.722616900398783,2668000
2015-09-17,30.09254264831543,30.74152502011065,30.029535771158596,30.665913883252493,3745200
2015-09-18,28.763084411621094,29.922428944748408,28.492150465040996,29.777508774993606,10100400
2015-09-21,29.109628677368164,29.342757061357894,28.681175083054747,28.82609285707857,3183200
2015-09-22,27.59113311767578,28.775678753561508,27.408409808763366,28.62446128681615,4132000
2015-09-23,27.439916610717773,27.97548474694512,27.06817022102908,27.767557700236498,3589300
2015-09-24,27.78646469116211,28.006993638476796,26.803543634926672,27.14378664834312,3904300
2015-09-25,27.024063110351562,27.97548287269613,26.734227613350058,27.868368291203485,3802700
2015-09-28,26.507396697998047,26.93585017969065,26.267966245626717,26.93585017969065,4796000
2015-09-29,26.324682235717773,27.21939506687284,26.204968171106188,26.52000746029787,5109300
2015-09-30,28.227521896362305,28.971014865543193,27.345413264214265,28.044798518406502,9312400
2015-10-01,27.005163192749023,28.259017982740296,26.696423689639435,28.23381667103308,6315600
2015-10-02,27.206789016723633,27.231992732831475,26.469595943700515,26.664921138198306,4368400
2015-10-05,28.25271987915039,28.7126768931675,27.38321088098555,27.521828919354085,4959200
2015-10-06,29.109628677368164,29.317553343207962,28.139307160625492,28.221218042833343,3813100
2015-10-07,29.79641342163086,30.199663284907874,29.172634636927572,29.512877610402093,3561300
2015-10-08,30.451688766479492,30.609208358931237,29.76490324724755,29.878315142539233,2963200
2015-10-09,30.892749786376953,31.188887466816883,30.36348372110074,30.502101767869874,5099200
2015-10-12,30.886451721191406,31.056573223140443,30.350883495746142,31.056573223140443,2097500
2015-10-13,30.634408950805664,31.14477328369828,30.596605787778326,30.842335961688715,2808000
2015-10-14,30.117755889892578,31.037670047370675,29.9539365153172,30.508403939694677,4271400
2015-10-15,26.11045265197754,27.824266972442206,25.530781575090238,26.639718697794052,21466700
2015-10-16,24.9259033203125,26.060044002873227,24.3462299203451,26.003336848567265,13945600
2015-10-19,24.415536880493164,24.970006520065834,24.213911994022784,24.69907262820409,6879500
2015-10-20,24.270627975463867,24.535259833919447,23.772865304301295,24.28322983589877,9698700
2015-10-21,23.394817352294922,24.888102850317466,23.186890276039676,23.999692186486467,6846000
2015-10-22,24.724281311035156,24.86289694613009,23.57753623377453,23.68465082825019,8104900
2015-10-23,25.927730560302734,26.356184121414593,24.743182338195904,24.951106987923286,6726600
2015-10-26,24.91960334777832,26.104151560536092,24.591962250481124,25.852119207674047,5303100
2015-10-27,24.699077606201172,24.970011552668534,24.522653992313458,24.74318290878342,2525900
2015-10-28,24.787281036376953,24.919596905823212,24.270617009775158,24.79988289111822,4387600
2015-10-29,23.980789184570312,24.736881480933658,23.798065838073697,24.736881480933658,6953900
2015-10-30,23.980789184570312,25.01411756625509,23.401115699991788,24.654973004414863,6977100
2015-11-02,24.497459411621094,24.667580941288666,23.50193395732034,23.79176956924611,4854400
2015-11-03,25.43626594543457,25.776508879830168,24.421839272639453,24.497450415988585,5302400
2015-11-04,24.841007232666016,25.609085867442257,24.63618593783736,25.34025883360306,4586200
2015-11-05,24.879413604736328,25.154642720676833,24.597784890555193,24.796206619294082,2826700
2015-11-06,24.841007232666016,25.007423619090886,24.450565876379383,24.841007232666016,2808900
2015-11-09,24.50177574157715,24.94982334500997,24.316158078128083,24.853814713914872,2891200
2015-11-10,23.388046264648438,24.482560131591395,23.202426268501647,24.213733192340104,4946500
2015-11-11,23.119230270385742,23.567277870230964,22.415157214673957,23.528872953102635,6369100
2015-11-12,21.813486099243164,23.06161488558869,21.807084061452567,22.908000161882473,8054800
2015-11-13,21.167024612426758,21.81349392822599,20.725379071184868,21.74948573565717,7420900
2015-11-16,21.954296112060547,22.09511162377381,21.167014048835945,21.167014048835945,4095400
2015-11-17,21.685476303100586,22.235934457424026,21.59586729038049,21.973507016602674,3164400
2015-11-18,22.005508422851562,22.18472643637047,21.653471992727006,21.653471992727006,2829600
2015-11-19,21.941503524780273,22.52396459743355,21.813492034084085,22.34474655712875,3392700
2015-11-20,22.024709701538086,22.2999387609704,21.723877371074316,22.08231584052769,3102800
2015-11-23,22.210330963134766,22.530364543463328,22.00550966705748,22.095118678883487,4500400
2015-11-24,21.935104370117188,22.09512117838329,21.672676902227284,22.04391462774003,3089200
2015-11-25,22.127119064331055,22.30633706786193,21.58946261207626,21.826286751265226,2394600
2015-11-27,22.159122467041016,22.274334741147165,21.922298322117147,22.088714694902567,911900
2015-11-30,23.004013061523438,23.02321673682931,22.216730740531784,22.696781114916632,6184200
2015-12-01,23.368846893310547,23.439254659392535,22.83119047428501,23.138424806581334,4034700
2015-12-02,22.10791778564453,23.272839689424323,21.99270551457513,23.164027014897815,5145500
2015-12-03,21.61506462097168,22.344740668975827,21.423044993864593,22.248729634591268,4558000
2015-12-04,22.050315856933594,22.17832978717382,21.378245775250704,21.57666504754355,4357700
2015-12-07,22.466354370117188,22.54956377728921,21.79428439935786,22.050312217581524,3640700
2015-12-08,22.677576065063477,22.767185062536477,22.037509006928264,22.26793353852287,3799400
2015-12-09,22.863201141357422,23.349651138515785,22.434354848142565,22.511162228396497,3649600
2015-12-10,23.183225631713867,23.362443595774383,22.722376647944948,22.87599378975513,4904600
2015-12-11,23.02961540222168,23.40085551538772,22.024710187841016,22.805592879905877,5420100
2015-12-14,21.551063537597656,23.1512316924533,21.37824752553654,23.06802470639805,4997700
2015-12-15,21.922298431396484,22.415150397160193,21.602264877653468,21.704675517184743,4141600
2015-12-16,22.261533737182617,22.395949688558677,21.80708666624812,22.139921862917166,3919800
2015-12-17,21.711078643798828,22.402352404271564,21.410248714700636,22.351145855349447,4021800
2015-12-18,21.82628631591797,22.20392598844146,21.44864664339448,21.570260950503712,6627300
2015-12-21,22.210330963134766,22.389548986786778,21.858294513105836,21.947903524931842,2476200
2015-12-22,22.690383911132812,22.77999293313792,21.858296996090452,22.127124062105775,2926900
2015-12-23,23.439260482788086,23.842503507656946,22.696782618873865,22.818396951107204,3804700
2015-12-24,23.45846176147461,23.84890066760601,23.343249480431773,23.349649077528653,1818500
2015-12-28,23.51606559753418,23.797694233783748,23.208831250419202,23.503263962932543,2366000
2015-12-29,23.77849578857422,23.96411340788934,23.54166918319083,23.708088010847398,3351000
2015-12-30,23.797691345214844,24.284141192720917,23.68247908944675,23.68247908944675,2704000
2015-12-31,23.464853286743164,23.906498584374653,23.42644839238591,23.68887573300663,2391700
2016-01-04,23.21523094177246,23.317641566570934,22.47275330156806,23.061613783743805,4653200
2016-01-05,23.25364112854004,23.605677578718367,22.991211248563292,23.36245137389995,3092700
2016-01-06,22.242332458496094,22.99120981819432,21.97350543962872,22.818393844158035,4120900
2016-01-07,22.10791778564453,22.280736192248632,21.608663797123068,21.794283838475124,5974800
2016-01-08,20.82778549194336,22.101517743629916,20.584559293088617,22.00550913684211,9802300
2016-01-11,20.066104888916016,21.199022787917087,19.618057406920872,21.199022787917087,7834300
2016-01-12,20.20691680908203,20.443742157512606,19.470839937154565,20.30292662353674,6090000
2016-01-13,19.88688850402832,20.770181959020512,19.810081120621994,20.21972375433933,4734000
2016-01-14,20.552553176879883,20.757374435660545,19.490041981331938,19.963691447469973,5229900
2016-01-15,19.77167320251465,19.99569694158581,19.14440770978033,19.509245777578226,8660100
2016-01-19,19.09320640563965,20.30933396112132,18.811576468098902,20.136515507119174,5466900
2016-01-20,18.702760696411133,18.881979928451578,17.76186247506886,18.6835594642565,6750500
2016-01-21,17.640249252319336,18.862777337701843,17.544239429753965,18.849976923302624,10447100
2016-01-22,17.877073287963867,18.2483121361491,17.30101317468762,18.07549373591691,8349800
2016-01-25,16.89777374267578,17.723461012122765,16.865770871184733,17.672255685238312,6461800
2016-01-26,17.755464553833008,18.011491197919558,16.96178134674904,16.96178134674904,5956800
2016-01-27,17.262605667114258,17.8706697743299,17.108989741475018,17.537834658362794,4982500
2016-01-28,17.128196716308594,17.454631102367472,16.801762330249716,17.39062414456219,8695500
2016-01-29,18.593952178955078,19.29802636233017,17.95388496149251,18.574750943763252,12431000
2016-02-01,19.464441299438477,19.79727649959003,18.30592013753033,18.60035043093513,7997400
2016-02-02,18.31232261657715,19.70766928001523,18.094699675261232,19.016395545836712,6713400
2016-02-03,19.53485107421875,20.053305160065793,19.054800678218932,19.317228130365663,9232900
2016-02-04,20.603761672973633,21.519057936940378,19.560452705333095,19.566853523641473,11677300
2016-02-05,20.623342514038086,20.8322523994091,19.91174243874235,20.460131510441837,7819000
2016-02-08,19.82035255432129,20.427497928288293,19.382946840994645,20.179416406890216,4843100
2016-02-09,19.200149536132812,19.72242444466894,18.899841775024942,19.565741972108103,5722000
2016-02-10,19.709365844726562,20.081486822465514,19.363357986287856,19.409056878964368,5512100
2016-02-11,18.952064514160156,19.454753520639883,18.697454470533984,19.245843609603952,5989400
2016-02-12,19.50697898864746,19.53962193713452,18.612583368521886,19.26542739584906,4263000
2016-02-16,20.453609466552734,20.58417880929572,19.48740031489954,19.702838858784396,4966400
2016-02-17,20.87142562866211,21.152150038784775,20.512361868303035,20.571117937481983,5097300
2016-02-18,21.615673065185547,21.968209550530418,20.590707813292696,20.780031994339655,5550200
2016-02-19,20.46013832092285,21.367591404513757,20.251228366012846,21.178265979625596,4411600
2016-02-22,21.041168212890625,21.243550810913796,20.610291141617893,20.877957163311514,4554500
2016-02-23,20.06842803955078,20.93018332135097,20.01620055991453,20.917126140141573,4239100
2016-02-24,20.29039764404297,20.40138120762048,19.082635627511536,19.826878860702546,4672600
2016-02-25,20.185937881469727,20.244693945020153,19.454752004620623,20.244693945020153,3040400
2016-02-26,20.688634872436523,20.975886694443027,20.309985252828607,20.44708194923073,3485600
2016-02-29,20.473190307617188,20.884481521296443,20.401377061894923,20.655985849162974,3555800
2016-03-01,21.694013595581055,22.105306160287565,20.662519755735236,20.76044614178865,6653800
2016-03-02,22.1510009765625,22.314212004983737,21.426343611907786,21.726651306506223,4881000
2016-03-03,22.68633270263672,22.89524261750073,21.994317053148034,22.02696125079767,4239200
2016-03-04,22.542705535888672,23.28042005179634,22.470892287826523,22.797314331452608,5198400
2016-03-07,23.162914276123047,23.652547475988566,22.046551178126442,22.34685894301385,5139400
2016-03-08,22.3533935546875,23.104163127260257,22.281580271571023,23.006237960613603,5744100
2016-03-09,22.33380126953125,22.927889439402918,22.131421145212126,22.43172890352018,4585900
2016-03-10,22.816898345947266,22.999693869402037,22.177111523453345,22.41213576241075,4281500
2016-03-11,23.61336898803711,23.619898823409937,23.012753634667362,23.28041960569562,3333100
2016-03-14,23.084569931030273,23.495862449766044,22.49048184414653,23.306537045382594,6751600
2016-03-15,22.601465225219727,23.17596881137798,22.137946446688876,23.078041186436327,3614500
2016-03-16,22.5165958404541,22.816903551906496,22.06613178287271,22.372969330453913,4212700
2016-03-17,22.803850173950195,23.208612917356596,22.490485228370737,22.640639109144026,4231600
2016-03-18,23.874513626098633,24.148709501546847,22.823434002619564,22.960530695142104,11672900
2016-03-21,23.85491943359375,24.122585363608696,23.541554624581288,23.737407318913814,2886800
2016-03-22,24.181352615356445,24.44901866928352,23.56767740117977,23.70477659204254,4086200
2016-03-23,22.718971252441406,24.02465928408059,22.686329549730882,23.97243305782421,4559800
2016-03-24,21.694013595581055,22.653695416428537,21.152154176405407,22.581882152228644,8570000
2016-03-28,21.896392822265625,22.19017318024647,21.707067425966557,21.974733420926274,3924600
2016-03-29,22.06612777709961,22.150998198547573,21.204373854342514,21.68094969871558,3537100
2016-03-30,22.307682037353516,22.56882067744488,21.902919386574272,22.21628426044233,3719900
2016-03-31,22.490478515625,22.60799064644379,22.124884943032946,22.183641008442336,2741200
2016-04-01,21.994319915771484,22.27504311735742,21.765825444900585,22.131419088696976,4555700
2016-04-04,21.90291976928711,22.092245162141328,21.69400984972476,21.98126036652232,2313200
2016-04-05,21.452457427978516,21.80499383808955,21.315360765291754,21.72012340815854,3464300
2016-04-06,22.01390266418457,22.013902664184567,20.897537420559136,21.45245636993607,3526000
2016-04-07,21.615673065185547,21.93556534638865,21.315365314145005,21.73971257355365,3183000
2016-04-08,21.694013595581055,22.275044565339314,21.596088454729202,21.798468573398235,2972900
2016-04-11,22.83648681640625,23.365291445465676,22.333796549612075,22.425194327137806,7545200
2016-04-12,22.87565803527832,22.967055811507436,22.2162840946495,22.810372130541367,4681500
2016-04-13,22.1510009765625,22.93441441106497,22.098772252074433,22.673275769429928,7300200
2016-04-14,17.698604583740234,19.487397332422148,17.581092442296672,19.369885190978586,48458900
2016-04-15,16.706283569335938,17.705135667029012,16.67364185665117,17.607208038571667,19415600
2016-04-18,16.830318450927734,17.150211855471838,16.412497452069218,16.654050275403097,10781300
2016-04-19,16.536542892456055,17.05229038807571,16.43861651530844,16.869493570919104,8957100
2016-04-20,16.758506774902344,16.980473851009755,16.46472645499512,16.601824352685558,8669500
2016-04-21,16.601829528808594,16.947836185464926,16.471260180318392,16.80421089828698,8587500
2016-04-22,16.530014038085938,16.80420863685425,16.327632695843104,16.6344690047404,7220700
2016-04-25,17.163272857666016,17.222027684062397,16.490842952270345,16.536541842357178,7857800
2016-04-26,17.62679100036621,17.69207566051894,17.261198646792764,17.326483306945494,7447600
2016-04-27,17.8487606048584,17.88140231691906,17.30037137486907,17.626793476281694,7210200
2016-04-28,17.56150245666504,18.011965142382174,17.48969046705872,17.718184859262074,7380400
2016-04-29,14.212421417236328,17.11757794971226,14.107966423653476,17.08493623116827,24443200
2016-05-02,13.370247840881348,13.814182060378032,13.193979622222123,13.801124878580742,18806300
2016-05-03,12.691293716430664,13.363722557814715,12.599894666427645,13.304966470384809,13705500
2016-05-04,13.15480899810791,13.370247511652655,12.893671594599336,12.932841893825282,11708700
2016-05-05,13.063409805297852,13.331075770594708,12.991596560149496,13.187450525499223,7901700
2016-05-06,12.854449272155762,13.076891188620294,12.67919180983826,13.036447554448548,8456900
2016-05-09,12.712899208068848,13.002748113807385,12.611788167886356,12.888156715856807,8927200
2016-05-10,12.975783348083496,13.063411449150514,12.530899450432187,12.63875001436704,6101000
2016-05-11,12.61852741241455,13.11059705133376,12.598306235449735,12.942080386332968,5394200
2016-05-12,12.6657133102417,12.719638592260432,12.416308077354964,12.712897771298074,10122100
2016-05-13,12.867931365966797,13.124076105662189,12.557860064567118,12.618526160804446,6507400
2016-05-16,12.915116310119629,13.04993014811789,12.793784113057203,12.861191032056333,7248800
2016-05-17,13.238667488098145,13.656589341867596,12.827487740226907,12.827487740226907,7165900
2016-05-18,13.643109321594238,13.845330095115111,13.191484598781814,13.198225419800524,7862400
2016-05-19,13.8318510055542,13.858813008924358,13.488076784242077,13.58244572455821,8915800
2016-05-20,13.757699012756348,14.101473128280547,13.676811741856529,13.845328389524472,7197800
2016-05-23,14.020588874816895,14.209328040976493,13.757703235189197,13.919479112320118,4304200
2016-05-24,14.07451057434082,14.222806054781842,13.939698020652685,14.202583593172596,4871500
2016-05-25,14.478954315185547,14.667693478898714,14.290216437152749,14.303696795811971,6800000
2016-05-26,14.526132583618164,14.600280310152547,14.263247059621454,14.4452453234714,5244300
2016-05-27,14.600282669067383,14.795762603084716,14.303693000690753,14.505913755089376,4165900
2016-05-31,15.20694637298584,15.233909661624784,14.55984287381555,14.687915923489808,8221700
2016-06-01,15.510276794433594,15.543979619231752,14.856432479314707,15.024949174666204,6727600
2016-06-02,16.009078979492188,16.04952260850267,15.577676841567612,15.672045737818667,8292300
2016-06-03,15.934937477111816,16.11019498549741,15.719236323923477,15.961900764100502,7702300
2016-06-06,16.103452682495117,16.16411878695908,15.887751549147767,15.901233191402017,4050300
2016-06-07,16.615741729736328,16.71011192968484,16.137155052311854,16.150635407435903,5741100
2016-06-08,16.34611701965332,16.784260105312118,16.21130316913669,16.68315036026473,7107800
2016-06-09,16.271968841552734,16.33263494410753,15.93493550988392,16.22478438082792,6315300
2016-06-10,15.59789752960205,16.13041065206132,15.577676358563682,16.036041758736285,5599300
2016-06-13,15.287833213806152,15.806864889928264,15.27435157102059,15.57768210529461,5398500
2016-06-14,15.34175968170166,15.557460840174462,15.03168830213677,15.19346545667169,4012200
2016-06-15,15.314796447753906,15.685533940149307,15.206945868139325,15.449610315112292,4369900
2016-06-16,15.29456901550293,15.301309834683364,14.876647226074518,15.240643747739243,4273300
2016-06-17,15.65182876586914,15.7461989808733,15.31479540607771,15.375461513694587,7652100
2016-06-20,15.793383598327637,16.170860604955458,15.705754203953168,15.860790528074096,4353900
2016-06-21,16.083229064941406,16.123672699888626,15.63834522348207,15.759676128323727,3550500
2016-06-22,16.0899715423584,16.33937548351553,16.022564620049945,16.08323072155954,3949300
2016-06-23,16.501150131225586,16.635963966084102,16.25174620812135,16.285449023995973,4714600
2016-06-24,15.611380577087402,16.123671289087284,15.510270855726343,15.77989720791579,6496800
2016-06-27,14.067774772644043,15.550720970822688,14.000367835072195,15.503536500226513,6672700
2016-06-28,15.186715126037598,15.233899564200314,14.445241893779091,14.478944696558314,6165100
2016-06-29,16.143896102905273,16.21804255702487,15.442866199257823,15.665308132976715,8997000
2016-06-30,16.42026138305664,16.427002202761724,15.638344296785363,16.042783193651275,8335400
2016-07-01,16.197824478149414,16.319155413273883,16.13041754596007,16.319155413273883,4944400
2016-07-05,15.611380577087402,16.042782740590518,15.429382307229579,16.029302387240943,3785000
2016-07-06,15.854045867919922,15.934933135486894,14.890130477267247,15.065387937902274,6386800
2016-07-07,15.995599746704102,16.40678077479734,15.847305560911776,16.191079673397603,7493500
2016-07-08,16.184337615966797,16.319150151195146,15.8473043493761,16.312410617261627,6369800
2016-07-11,16.238264083862305,16.400039909466216,16.13715435356986,16.27196689873313,5236900
2016-07-12,19.783859252929688,19.91193229466466,18.516613050424297,18.52335387216617,29492300
2016-07-13,20.1074161529541,20.32311736143904,19.52771819089038,19.783864340226703,10546600
2016-07-14,19.676006317138672,20.417479905993197,19.5748965744949,20.242222418759937,7786500
2016-07-15,19.480525970458984,19.837781758584978,19.076085722438638,19.817559296195924,6444400
2016-07-18,20.32311248779297,20.538813644551027,19.547935973563575,19.682749839377518,7113000
2016-07-19,20.215259552001953,20.5927365323089,20.0265204190084,20.457923967896498,3351600
2016-07-20,20.559036254882812,20.559036254882812,20.026522895416672,20.242225339373796,3760900
2016-07-21,21.044363021850586,21.26680499316359,20.49162850438677,20.545553791805673,7436700
2016-07-22,21.28702735900879,21.40835957655672,20.936512349577043,21.152213498248805,4602600
2016-07-25,21.192655563354492,21.45554114205493,21.09828535930606,21.313987764502414,4319300
2016-07-26,21.87346076965332,21.8869424096528,20.89606372625028,21.08480282920313,4435500
2016-07-27,21.60384178161621,22.2644269785122,21.43532507103986,21.927393557359494,4490400
2016-07-28,21.974573135375977,21.99479688466537,21.408358296800124,21.617318611374557,4133100
2016-07-29,21.59035301208496,21.846499047622128,21.07132269189026,21.6307979349677,6416000
2016-08-01,21.859981536865234,21.866721071927177,21.435318829877644,21.57013267335817,7349600
2016-08-02,20.660140991210938,22.749747704134066,20.403996249426555,22.44641722047361,14367000
2016-08-03,20.714073181152344,20.963478471589607,20.282670825455927,20.65340706417248,6056900
2016-08-04,21.071325302124023,21.158953407864896,20.70058784385367,20.855624162749375,4459400
2016-08-05,21.657758712768555,21.89368097390642,21.219614431958465,21.219614431958465,5094900
2016-08-08,21.98131561279297,22.075684539866334,21.69820626021246,21.725169545479254,5216500
2016-08-09,21.900426864624023,22.008277427122522,21.73864973519615,21.974572037111546,3238800
2016-08-10,21.152204513549805,21.994788856879648,21.098279249287383,21.92738066945198,4537600
2016-08-11,21.401611328125,21.556646314222277,21.165687796505768,21.165687796505768,2330400
2016-08-12,21.266801834106445,21.482504237421008,21.118507637152753,21.408356496104126,2250200
2016-08-15,21.570131301879883,21.826277331070514,21.28028245680207,21.28028245680207,3627400
2016-08-16,21.88020133972168,22.075681271927753,21.502724401627212,21.570131319135513,3174100
2016-08-17,21.421838760375977,21.913905824320107,21.233099634116765,21.900426754016078,3514700
2016-08-18,21.617319107055664,21.900428461355514,21.327470217078396,21.44880243015541,2352500
2016-08-19,21.792573928833008,22.055459485583874,21.50946462600595,21.50946462600595,2659100
2016-08-22,21.48250389099121,21.792575206850593,21.131988937647584,21.711685360521987,2807000
2016-08-23,21.65102195739746,21.893686383879146,21.54991220825683,21.691466885597887,2565800
2016-08-24,21.28702735900879,21.839763159580507,21.18591760627893,21.65776483325861,2772700
2016-08-25,21.60384178161621,21.73865566434948,21.1724394139585,21.1724394139585,2591600
2016-08-26,22.466644287109375,22.567752749031467,21.711687733683714,21.72516937621207,6087200
2016-08-29,22.73626708984375,22.89804421221812,22.527305509143545,22.527305509143545,3972300
2016-08-30,22.864337921142578,23.012633396518677,22.58123118236278,22.58123118236278,2928700
2016-08-31,22.74300765991211,23.012632750510644,22.4598983577197,22.648636178274668,5297500
2016-09-01,22.72278594970703,22.972192459339947,22.473382011434296,22.756488767631424,4149500
2016-09-02,22.864337921142578,23.086781134206724,22.56101000712423,22.77671111420218,2723700
2016-09-06,23.235078811645508,23.302484449735605,22.796934449979073,22.98567229371956,4357200
2016-09-07,24.610172271728516,24.704543762715677,23.781070600400035,23.969811011014144,9483800
2016-09-08,24.47536277770996,24.65736109508746,24.165290141792525,24.58995288234002,4738300
2016-09-09,24.32706069946289,25.587564366172614,24.259655076312097,24.785426136695463,7724200
2016-09-12,24.637134552001953,24.744985108808393,23.632776723872002,24.151808332053026,6149700
2016-09-13,24.360763549804688,24.603427907709236,23.909140216984326,24.300097460328548,4716900
2016-09-14,24.313583374023438,24.691061616171368,23.902402314320902,24.327065015317306,4066300
2016-09-15,24.569726943969727,24.6977986663362,24.286617648001865,24.354025847689403,4246900
2016-09-16,24.536027908325195,25.156168012791998,24.340547956167505,25.156168012791998,8966600
2016-09-19,24.659494400024414,25.03676012515602,24.350821491590104,24.885852788444087,4950100
2016-09-20,24.37139320373535,24.837831576532473,24.234207601916594,24.810393409509672,2624600
2016-09-21,25.167091369628906,25.18767131110175,24.282232385755485,24.282232385755485,3641100
2016-09-22,24.968172073364258,25.448327115174212,24.94073389478977,25.215107830588494,2585400
2016-09-23,25.009323120117188,25.276838781041054,24.810400279094907,24.810400279094907,2497600
2016-09-26,25.516923904418945,25.667828661222437,24.81726601384283,24.94759344395695,5411700
2016-09-27,26.353759765625,26.429213430316228,25.37972820926068,25.393447295263456,6853000
2016-09-28,26.209718704223633,26.779049116083655,25.825594683352914,26.552688075228858,4971500
2016-09-29,25.921628952026367,26.65558328904832,25.660971464584776,26.147987404730376,4046500
2016-09-30,26.442934036254883,26.64871510482861,26.024511047387616,26.024511047387616,3840000
2016-10-03,26.346906661987305,26.977971657774003,26.202860155877346,26.4497985187222,3671000
2016-10-04,26.23029327392578,26.744747225075113,26.099963264979827,26.484089823831315,3593600
2016-10-05,26.436077117919922,26.68987369458043,26.0862469289367,26.33318527018406,2679700
2016-10-06,25.935338973999023,26.278308268259877,25.702119749235724,26.209712839418874,4165300
2016-10-07,25.99022102355957,26.237159413170886,25.777581667676746,26.017659203882804,3340100
2016-10-10,26.045089721679688,26.449793604111424,25.832447811707716,26.16169802877365,4466600
2016-10-11,24.076446533203125,26.216577090955525,23.891245392931694,26.216577090955525,14457900
2016-10-12,24.165620803833008,24.69379393249816,24.110747066862487,24.35768280820268,5153100
2016-10-13,24.131322860717773,24.371400350953955,23.033822024426097,23.843227255785962,7302300
2016-10-14,24.117603302001953,24.700650119269458,23.987275897941124,24.25479155802029,5413500
2016-10-17,24.01470947265625,24.398836034456192,23.767773772193568,24.165616803479107,4548300
2016-10-18,24.241079330444336,24.43314137323032,23.884390810521012,24.241079330444336,5505100
2016-10-19,23.54141616821289,24.213635785741698,23.00638481514167,23.973558285427305,10115000
2016-10-20,23.994129180908203,24.19991021413873,23.59628619888223,23.658020770516167,5159200
2016-10-21,23.66488265991211,24.00785197382388,23.411086100278897,23.870663724929532,4484100
2016-10-24,23.67860221862793,23.884383287748715,23.65802489671033,23.802071383430054,2949600
2016-10-25,23.507118225097656,24.03529130803467,23.424806318443984,24.03529130803467,4172300
2016-10-26,23.898099899291992,24.076442776284985,23.390504205830734,23.431661462051263,5638800
2016-10-27,23.486543655395508,24.54288732843261,23.465963713833716,24.247933460317128,6846000
2016-10-28,23.4248046875,23.870663216092264,23.342490169929118,23.472820181092274,3142900
2016-10-31,23.534557342529297,23.767776601266412,23.507119166995885,23.58943107694768,3121400
2016-11-01,23.122987747192383,23.754052569883488,22.677129262483046,23.575707082681436,4147100
2016-11-02,22.395898818969727,23.219023136884474,22.375318879367985,23.095553965867584,5446200
2016-11-03,22.69085121154785,22.828036844683666,22.25870914055501,22.389036538693322,3855900
2016-11-04,22.63597297668457,23.095550565977728,22.49878473834476,22.608534805687007,3641400
2016-11-07,23.767778396606445,23.870667637655995,22.958370473769868,23.020105065059052,4564600
2016-11-08,23.65802574157715,23.85008773072896,23.225883649337216,23.616868479623893,2676800
2016-11-09,23.843229293823242,24.227355927683348,22.34788525780211,22.91035481156061,6167000
2016-11-10,24.81039810180664,25.125931848949314,23.95297484504006,24.007851189464223,6204000
2016-11-11,25.551218032836914,25.599233535244583,24.426278919316733,24.604621840166843,4736200
2016-11-14,26.065670013427734,26.367482092642412,25.4826231782078,25.4826231782078,5205800
2016-11-15,26.415498733520508,26.477233322466798,25.935343726881094,26.161702141918454,3526600
2016-11-16,26.2440128326416,26.573265702785783,26.11368542500216,26.182278246570622,2607400
2016-11-17,26.909374237060547,26.957389735568952,26.30574746297836,26.340046490468723,4720700
2016-11-18,26.950525283813477,27.080852661611694,26.408633220895723,26.888790711877938,2394400
2016-11-21,27.314077377319336,27.389531048984868,26.827061554121507,26.971108045492976,2177700
2016-11-22,26.72416877746582,27.506138408140547,26.68987236880694,27.403249182163915,4799300
2016-11-23,26.628143310546875,26.813347095703087,26.326331188430533,26.532112299721167,2805700
2016-11-25,26.799625396728516,26.916236338983662,26.374344125915382,26.683017071121906,1802300
2016-11-28,27.00540542602539,27.10829727593097,26.42921682318071,26.68987425739932,3177600
2016-11-29,27.094579696655273,27.62275283005626,26.977971369142004,27.032845106604547,3996200
2016-11-30,27.506135940551758,27.615886008403386,27.14258933141474,27.183746588102107,3961900
2016-12-01,26.141115188598633,28.102899607315095,26.08623885568324,27.938273225216495,5532700
2016-12-02,26.66243553161621,26.765327379398325,26.099966028143665,26.271450696681597,4144600
2016-12-05,26.861356735229492,27.18374872972625,25.654105893750422,25.654105893750422,3813200
2016-12-06,26.854496002197266,27.087715220142442,26.75160417026781,26.77218148999451,3408900
2016-12-07,27.62275505065918,27.677628792533042,26.683019652473412,27.27292480669922,7636400
2016-12-08,26.909374237060547,27.69134391750989,26.847639650885682,27.636470183492467,3584300
2016-12-09,27.012264251708984,27.53357646438772,25.036760244927194,27.02598333844372,4125500
2016-12-12,26.868213653564453,27.019120982597286,26.367478790539614,27.005401896626292,3836400
2016-12-13,28.013729095458984,28.432152008843094,26.806478458738077,26.902509432305358,5722100
2016-12-14,27.574735641479492,28.116627830254675,27.43754738124359,28.03431330412408,4504900
2016-12-15,27.84910774230957,28.102906923141596,27.2043263625879,27.66390661212699,2927800
2016-12-16,26.82019805908203,28.034309688096734,26.758463480771177,28.027451453461342,8418500
2016-12-19,26.98752212524414,27.252448177321728,26.72259873266615,26.841116672582682,4271300
2016-12-20,27.02237892150879,27.398852347443764,26.841115416150913,27.106041455827317,3301300
2016-12-21,27.1269588470459,27.57314844286216,26.917807806444493,26.917807806444493,3136400
2016-12-22,27.203643798828125,27.635889567684625,27.015407094769806,27.377936747826638,3098800
2016-12-23,27.26639747619629,27.343086822083848,26.89689716546547,27.09907502521433,2473000
2016-12-27,27.454627990722656,27.552231623467048,27.189701945059642,27.210616249362147,1940000
2016-12-28,27.04329490661621,27.58011751466098,26.959632375323956,27.461596925079977,2592800
2016-12-29,26.506471633911133,27.287303289896872,26.374009951935655,27.04329422849486,2710800
2016-12-30,26.611045837402344,26.952661183265597,26.485557362462036,26.61801904459305,2897500
2017-01-03,27.621944427490234,27.956586553646442,26.771396687488743,26.813225291071262,5129300
2017-01-04,27.273365020751953,28.075113800048403,27.14090331213334,27.69864032144834,3842700
2017-01-05,27.22456169128418,27.35005284386933,26.88991950422367,27.238505448182494,2889500
2017-01-06,26.834148406982422,27.32913983256658,26.618024154072522,27.231536189155598,4529200
2017-01-09,26.527389526367188,27.008439826087034,26.506475220987948,26.834146855927592,3263400
2017-01-10,26.234577178955078,26.93871956972767,26.19274591098362,26.562246136483143,4266900
2017-01-11,25.704723358154297,26.53435949696696,25.25156328673079,26.21365844978341,6268100
2017-01-12,25.621068954467773,25.6838145358383,24.84720767073121,25.64895647052132,3849600
2017-01-13,25.725643157958984,26.067255886149702,25.621066313288562,25.621066313288562,2515300
2017-01-17,25.809303283691406,26.367040255077296,25.62106655719248,25.892963164524375,3291300
2017-01-18,25.962682723999023,26.130002490665117,25.621067322847836,25.872049632346712,2866800
2017-01-19,25.335222244262695,26.01147971263174,25.188816810749575,25.865071619619375,2958700
2017-01-20,25.42585563659668,25.83021388556336,25.32127880592465,25.34916631537043,3041400
2017-01-23,25.35614585876465,25.572270144396487,24.777494459718444,25.565296934811467,4955500
2017-01-24,26.102109909057617,26.492527054651145,25.51648552041694,26.39492343312757,8551300
2017-01-25,29.748319625854492,32.543980051632566,29.39276317568664,29.594943637301387,46074200
2017-01-26,30.605857849121094,31.226340624943486,29.71347570614561,29.71347570614561,14711900
2017-01-27,31.024137496948242,31.365752765408676,30.410625718641086,30.724353483656035,7679900
2017-01-30,31.30302619934082,31.519147833385727,30.75225963996771,30.95444017333257,6863600
2017-01-31,31.477310180664062,31.50519503352357,30.83591069390336,31.268156497470635,5597600
2017-02-01,31.219350814819336,31.825892165775294,30.710415745033895,31.79800465686943,5382100
2017-02-02,31.56097412109375,31.881672576007915,30.877745937341874,30.877745937341874,5447300
2017-02-03,32.27208709716797,32.32088891621016,31.581885762928934,31.588858971077634,5768000
2017-02-06,31.679487228393555,32.34180100361482,31.428507601746087,32.097791925138324,4651800
2017-02-07,32.13962173461914,32.39060403014842,31.470337386207454,31.70737592537404,4946800
2017-02-08,31.93046760559082,32.13264806395521,31.470334328330097,31.75617465724207,4852600
2017-02-09,32.32786560058594,32.50913181386041,31.895619695816347,32.38364063836275,3452400
2017-02-10,32.39060592651367,32.488209567267305,31.951389543122325,32.42546398971143,3657800
2017-02-13,33.32482147216797,33.520031442995,32.47427343031504,32.690395050855464,5521600
2017-02-14,33.35966491699219,33.561845349094924,33.02502281876989,33.22023270402381,4105100
2017-02-15,33.568824768066406,33.83374814933522,33.11566201355481,33.415446114016426,5004200
2017-02-16,33.16445541381836,33.70824845364969,33.011076798686936,33.67339040280131,4450800
2017-02-17,32.86467742919922,33.10171594182876,32.6834139357763,33.05291412977262,3270800
2017-02-21,33.06686782836914,33.27601889429081,32.80194172646831,33.06686782836914,3217100
2017-02-22,33.01109313964844,33.122640553280085,32.89954572601679,33.04595386725218,2658400
2017-02-23,33.038970947265625,33.28298267127236,32.79496188275823,33.11566027025347,4064600
2017-02-24,33.28995895385742,33.28995895385742,32.57187273217541,32.753136259964144,3172600
2017-02-27,33.24811935424805,33.3317818779656,32.69038249362671,32.92045044460127,5420600
2017-02-28,33.59671401977539,33.93832943230488,33.025033255542226,33.04595022169698,5592800
2017-03-01,34.496070861816406,34.64944955561739,33.708265742975264,33.91741947434029,4625300
2017-03-02,34.10564041137695,34.71218174298872,33.757054539668694,34.51000129911813,4130200
2017-03-03,34.1335334777832,34.61458376115549,33.98712802610449,34.17536474661979,3098600
2017-03-06,33.81979751586914,34.03592169721527,33.46424112410506,33.87557252763548,3474100
2017-03-07,33.65945816040039,33.95227173855161,33.43636336728504,33.84769489074766,2285400
2017-03-08,33.54093933105469,33.987128905525225,33.436362486007056,33.617628662822995,2081000
2017-03-09,32.54399108886719,33.324823030180546,31.777102907514816,33.15053001991862,6329500
2017-03-10,32.9622917175293,32.9692649269358,32.488214538893075,32.92046309909091,3527000
2017-03-13,33.16445541381836,33.26205901999333,32.71129277429304,33.011076798686936,2949500
2017-03-14,32.557926177978516,33.01805949614697,32.076875895689064,32.93439961816168,3492600
2017-03-15,32.80891418457031,32.89954462671137,32.07688148135388,32.61370422261258,4056800
2017-03-16,32.92741394042969,33.19931043553732,32.627629943388314,32.976215739064465,3191600
2017-03-17,32.676448822021484,33.14355541532367,32.5997594813674,33.08778038230253,6829500
2017-03-20,32.56338119506836,33.06511665333936,32.35844608256861,32.676448378562306,3441500
2017-03-21,31.453899383544922,32.669373375360315,31.27723177755937,32.55630621535891,4693400
2017-03-22,31.807231903076172,31.877900556928626,30.881495451343827,31.390296280413967,4311100
2017-03-23,31.892047882080078,32.132316016128684,31.475112081693815,31.694178262682335,3662900
2017-03-24,31.969776153564453,32.987380752355584,31.70830611497995,32.81777863802332,5278200
2017-03-27,31.736572265625,31.87083869108496,31.29136909275498,31.5669701583346,3164900
2017-03-28,31.998037338256836,32.11110450322215,31.5387031599688,31.729504506297868,3418200
2017-03-29,32.273643493652344,32.28777722847727,31.46803947877168,31.906177171141458,2608100
2017-03-30,33.29832458496094,33.489126008655774,32.082852742670234,32.195919953481805,5955200
2017-03-31,32.45737838745117,33.24178312468394,32.443244653045674,33.15698071825096,3387300
2017-04-03,32.01217269897461,32.506842581756835,31.58110326820344,32.245375254926486,6306700
2017-04-04,32.48564147949219,32.570441178765954,31.856705209721866,31.955638641496908,2353900
2017-04-05,32.506839752197266,33.35484480661873,32.42204005547525,32.74710780602112,3669900
2017-04-06,32.68351745605469,32.92378558410156,32.27364718643697,32.68351745605469,2958200
2017-04-07,33.10750961303711,33.19231200824423,32.28777199617183,32.69057393833721,3589300
2017-04-10,33.63751220703125,34.1109828084172,33.30537892996002,33.32657818074032,5389100
2017-04-11,34.690460205078125,34.95899579054082,33.609255039015025,34.27352443912333,7672400
2017-04-12,34.160457611083984,34.69046057193299,33.715254369165166,34.63392562882322,4226700
2017-04-13,34.040313720703125,34.49965058391518,33.80711387783374,33.99084700567829,3791200
2017-04-17,34.26644515991211,34.478445717736705,33.898976268340576,34.17457726308589,2973900
2017-04-18,34.301788330078125,34.34418683680221,33.8000528984593,34.05445202600628,3322900
2017-04-19,34.315921783447266,34.76112227481234,34.231119379224666,34.30178804941016,2957000
2017-04-20,34.3088493347168,34.407782765033595,33.36897905097337,33.835381433705294,5842400
2017-04-21,34.103919982910156,34.42192227352955,33.84245263094943,34.28765583781658,3359400
2017-04-24,34.92365264892578,35.10738847713545,34.43605100464724,34.68338728173966,4584600
2017-04-25,35.69392013549805,36.01192234945628,35.001383478285454,35.19925302015591,7791500
2017-04-26,29.687225341796875,31.701237804382938,29.510557723801636,31.524570186387702,34476600
2017-04-27,29.892160415649414,30.38683028501741,29.531759661182598,29.80029249951712,9673200
2017-04-28,29.772031784057617,30.19603304655553,29.114827940171857,30.181899311707696,8613100
2017-05-01,29.80736541748047,29.89216513266581,29.48936311586751,29.736699437448404,7376800
2017-05-02,29.99109649658203,30.005230230752055,29.658963178656002,29.842696331398006,6508900
2017-05-03,30.040559768676758,30.18896261255346,29.736693953984457,29.906293353080912,5381400
2017-05-04,30.09003448486328,30.17483419936038,29.92749787978689,30.09003448486328,4947000
2017-05-05,30.775493621826172,30.782561835033018,29.786156735813638,29.920423133675296,4885400
2017-05-08,30.294963836669922,30.824966716156897,30.210164130757537,30.81790119722005,3001400
2017-05-09,30.266700744628906,30.457499419585304,30.026432651433442,30.294965517678694,2798000
2017-05-10,30.464557647705078,30.52815808375234,30.231355150287353,30.31615752883924,3493500
2017-05-11,30.019371032714844,30.506972845578478,29.984038036838026,30.393905641331777,5224800
2017-05-12,30.41510581970215,30.436305076843595,29.870969088616434,30.01936928007582,3544700
2017-05-15,30.72603416442871,30.789634619634167,30.379767116103313,30.49989981163911,4448700
2017-05-16,31.093509674072266,31.135910885001397,30.6695083477197,30.86030705756407,4080500
2017-05-17,29.793222427368164,30.832028724697864,29.764954965842602,30.711893361080968,5852800
2017-05-18,29.856828689575195,30.14656348737248,29.446958504736383,30.14656348737248,4102000
2017-05-19,30.040559768676758,30.231361114460654,29.934560818174933,29.948694550721946,3272100
2017-05-22,30.224306106567383,30.499907247739902,29.83563776143345,30.273772839817074,2506200
2017-05-23,30.1253604888916,30.506960463507358,29.998159598775118,30.457493750210247,2702300
2017-05-24,30.196027755737305,30.528163727130277,30.097094324871435,30.422162082211813,2385100
2017-05-25,30.464557647705078,30.683623719630848,30.019354595374253,30.302023799080594,2951200
2017-05-26,30.05469512939453,30.386831122907704,29.821495269070173,30.153628566849353,3272100
2017-05-30,30.55643653869629,30.77550268945081,29.82856402074151,29.82856402074151,3566900
2017-05-31,30.789636611938477,30.789636611938477,30.287901152704148,30.66243569329677,4522300
2017-06-01,30.30204200744629,30.78257832505927,30.125374322904307,30.78257832505927,3492900
2017-06-02,30.542306900024414,30.634172145232924,30.323238024155255,30.358571018138115,2682400
2017-06-05,29.736703872680664,30.379774091530038,29.722570135419332,30.287906147198772,3322200
2017-06-06,29.60242462158203,29.927492380534147,29.390424026427773,29.68015880214315,3406600
2017-06-07,29.63776206970215,30.07589975419072,29.517629369452663,29.743763731115177,2397400
2017-06-08,30.224306106567383,30.259639102355052,29.3833689455878,29.715502340873634,3210600
2017-06-09,29.941619873046875,30.76135731367892,29.397483418252627,30.287889506364404,4759000
2017-06-12,29.355093002319336,29.637759582811945,28.49295413598877,29.503493159258007,6519300
2017-06-13,29.701356887817383,29.962826884126752,29.52468928283016,29.673092119777053,3981100
2017-06-14,29.171363830566406,29.842701493224506,28.839230455191995,29.842701493224506,3917200
2017-06-15,29.34095573425293,29.432823642319427,28.549485630193796,28.584818611532086,3694900
2017-06-16,29.701356887817383,29.75082360155511,29.20668975044013,29.256156464177856,7267700
2017-06-19,30.009859085083008,30.23943463680615,29.80897842475792,29.880722495144184,3068300
2017-06-20,29.44308853149414,29.945285996785667,29.43591275722591,29.902239561444333,3294500
2017-06-21,29.88788604736328,30.038544442220648,29.4717815182207,29.550695865463428,2799300
2017-06-22,30.13898277282715,30.29681693768532,29.837665989103943,30.10311211811089,2443800
2017-06-23,30.612491607666016,31.02859898867159,30.088772230603244,30.13899170944787,3597000
2017-06-26,30.411611557006836,31.042945622555486,30.303999568505365,30.81337009631164,3631500
2017-06-27,28.345428466796875,29.557877096172923,28.345428466796875,29.48613303531145,9008700
2017-06-28,28.82611083984375,28.91220099626238,28.295215612289297,28.696974236837445,4744000
2017-06-29,27.91497230529785,28.63956945987409,27.46299434493519,28.58217695358127,6082400
2017-06-30,27.80019187927246,28.302389441217077,27.628008841524736,28.266518773240293,3872600
2017-07-03,27.685400009155273,28.17324868447788,27.6710511967333,27.92214857222752,1975100
2017-07-05,27.9938907623291,28.079980894347795,27.37690555322391,27.836056572998206,5116900
2017-07-06,26.752748489379883,27.577784659271593,26.50164838282113,27.462996899253785,9051800
2017-07-07,27.405611038208008,27.757147441239933,26.702535495387416,26.88906462439829,5852100
2017-07-10,27.541913986206055,27.692572408026383,27.17602885653438,27.362557940203924,3632000
2017-07-11,27.778675079345703,28.09434084642662,27.527574884314873,27.527574884314873,3751200
2017-07-12,28.481739044189453,28.818926530639107,28.087156312617186,28.21629287738715,4980200
2017-07-13,27.4916934967041,27.986715180151357,26.77426933919772,26.98949603909844,11523700
2017-07-14,28.338258743286133,28.47456836973039,27.53474432495817,27.549093138808576,5357200
2017-07-17,28.029767990112305,28.158904586775627,27.663882790737294,27.97954850660508,3813400
2017-07-18,27.85759735107422,28.022604673670497,27.477360468192963,28.022604673670497,3497300
2017-07-19,28.15172576904297,28.295208414321475,27.929323290051627,27.97954276325031,4143900
2017-07-20,28.280853271484375,28.40998981273132,27.886270611787772,28.151719466992844,2778800
2017-07-21,28.395652770996094,28.49609172685004,28.03694065051412,28.323908704845923,3256600
2017-07-24,28.52478790283203,28.790236854423203,28.144553913737127,28.431524717765697,6279100
2017-07-25,23.818485260009766,24.48569002060004,22.871484115972454,23.19432693895174,35475700
2017-07-26,23.201499938964844,23.976316691975704,23.014970841478092,23.92609721431557,12637600
2017-07-27,23.359329223632812,23.696516683033543,23.029312064163335,23.316282793244003,7709600
2017-07-28,23.395200729370117,23.40237376631731,22.871480087661514,23.17279826942593,7865500
2017-07-31,23.646305084228516,23.775441681609244,23.30194173679877,23.481297817965718,7171700
2017-08-01,23.940444946289062,24.040883897073385,23.603257431049713,23.710869419708853,6029200
2017-08-02,23.9763126373291,24.01218603252515,23.69651767003711,24.005010258783617,5838400
2017-08-03,24.08392906188965,24.227414442608918,23.861526584936982,24.040882626647065,4934900
2017-08-04,23.983491897583008,24.41394533495308,23.933272421115042,24.184369803454878,6768000
2017-08-07,24.019363403320312,24.14849998640991,23.84718311703839,23.961970886811773,5520700
2017-08-08,23.667823791503906,24.119799033225718,23.653474980166653,23.95479180798119,5981500
2017-08-09,23.388032913208008,23.667830710951304,23.29476971738364,23.488474621933584,4285900
2017-08-10,22.634727478027344,23.330629659165233,22.60603122853733,23.215841924449695,6368500
2017-08-11,23.165626525878906,23.85435305500654,22.93604964779172,23.13692890297627,5647200
2017-08-14,23.352149963378906,23.789779028342554,23.34497692776299,23.423894003314505,4163000
2017-08-15,23.158449172973633,23.438244135309773,23.144100362500527,23.38085163017312,2938600
2017-08-16,23.30193519592285,23.323457043859566,23.086708506288183,23.20149625654373,2533500
2017-08-17,22.606037139892578,23.388028273986926,22.577339514520556,23.17280155720912,3483100
2017-08-18,22.505596160888672,22.771042329782116,22.26884624640464,22.656254575388523,2901000
2017-08-21,22.57016372680664,22.627558974037903,22.340588211393626,22.577338132710548,3141400
2017-08-22,23.165626525878906,23.230194809031868,22.641905854929547,22.72082294953383,2639500
2017-08-23,22.247323989868164,22.498422726587368,21.953180185487334,22.32624108756284,7757300
2017-08-24,22.254499435424805,22.548643253545652,22.204279959410723,22.319067724122366,4542600
2017-08-25,22.419504165649414,22.527117511968942,22.13253478600469,22.290367602714802,3504800
2017-08-28,22.591690063476562,22.742349871502363,22.326243850275105,22.4840766968171,2856300
2017-08-29,22.5629940032959,22.634735336116208,22.20428186568152,22.38363793448871,3357200
2017-08-30,22.598859786987305,22.656253661869936,22.175579446586198,22.498420848037185,3807000
2017-08-31,22.62038803100586,22.814091546552692,22.42668314708081,22.814091546552692,4289300
2017-09-01,22.814090728759766,22.971924940394263,22.63473466526833,22.66343229224848,2115300
2017-09-05,23.49563980102539,23.926093175960172,22.835609559513376,22.842783964879345,8454400
2017-09-06,23.52433967590332,23.89740058040196,23.42390072791447,23.5673833754665,5927700
2017-09-07,23.201499938964844,23.6606510128611,22.8786584848952,23.624780348354754,4284300
2017-09-08,22.950397491455078,23.179974359861312,22.885829211024877,23.179974359861312,3562500
2017-09-11,22.20427703857422,22.806913408226272,22.161230606186276,22.433852537798256,6630300
2017-09-12,22.878658294677734,22.957575397989324,22.21145354073317,22.240151166802157,5159400
2017-09-13,23.517166137695312,23.567385616465057,22.91453102408022,23.043666240183203,5299700
2017-09-14,23.423904418945312,23.52434338276087,23.20867494019025,23.323462718373246,3368200
2017-09-15,24.069580078125,24.134148362149425,23.244543934208473,23.431073012081256,9565600
2017-09-18,24.048059463500977,24.335027500863653,23.179976840087985,24.213066700754645,8551000
2017-09-19,23.52893829345703,24.069999943823856,23.17797870666207,23.945702977099725,7963200
2017-09-20,23.675168991088867,23.89451835490344,23.3753894818114,23.536245588969468,4594000
2017-09-21,23.923763275146484,24.165046714329474,23.433880382342632,23.67516661070383,4696900
2017-09-22,24.545255661010742,24.60375031142592,23.806778829179063,23.88720478973226,4397600
2017-09-25,24.245471954345703,24.64030238597977,24.106551375442372,24.43557394595962,3625700
2017-09-26,24.033435821533203,24.49407137766514,23.98225440298278,24.26009838166945,3423900
2017-09-27,24.260093688964844,24.472132547188767,23.828705538071638,24.143107213596053,3785400
2017-09-28,24.113866806030273,24.39902124711423,23.697102193803204,24.311282062744947,4585600
2017-09-29,24.252790451049805,24.29666144331789,23.9457018727094,24.121183052603012,2524400
2017-10-02,25.005889892578125,25.210615579389838,24.523320209966016,24.596435729776402,7402300
2017-10-03,24.896215438842773,25.042449277128856,24.51600857497035,25.005891514851953,3755400
2017-10-04,24.84502601623535,25.049751650427847,24.757286857178222,24.888896990352706,3067400
2017-10-05,24.932769775390625,25.064379932847192,24.684173121214673,24.918148903831533,3210800
2017-10-06,24.706113815307617,24.95471050780425,24.501385322606637,24.75729524118823,3555600
2017-10-09,24.749977111816406,25.45920928590913,24.74266667635826,24.881587263486768,3678900
2017-10-10,24.67685890197754,25.115557500119404,24.391704534267557,25.035131562162938,5237500
2017-10-11,24.494068145751953,24.93276675806447,24.42095264009245,24.55256278162176,3610700
2017-10-12,24.581809997558594,24.691486057214924,24.289345153771816,24.420955309688186,5111100
2017-10-13,25.152122497558594,25.269108997070013,24.61105819408193,24.757292015765746,4178500
2017-10-16,25.217926025390625,25.261794216770443,24.9254584000279,25.19598914052273,4041500
2017-10-17,24.830406188964844,24.998574098592826,24.2381632874876,24.888900830145708,5936500
2017-10-18,25.04975700378418,25.100941212448404,24.874278648168634,24.94008372881901,3732200
2017-10-19,25.108251571655273,25.115562007625993,24.74997884717043,24.801160266499952,4362900
2017-10-20,25.546955108642578,25.795551816613102,25.1594377773745,25.261800635507296,8315300
2017-10-23,28.771394729614258,29.9047048023849,27.52110094169968,28.990746865749397,33601200
2017-10-24,28.398502349853516,29.49525192136303,28.157216105315793,28.881072049750568,12140500
2017-10-25,27.89400291442871,28.281520264443024,27.418743576760004,28.127975969816088,7430700
2017-10-26,27.915937423706055,28.237649682258855,27.469925408753603,28.01098985046122,4276300
2017-10-27,26.980037689208984,27.97442151811541,26.943477142726213,27.97442151811541,5297400
2017-10-30,26.81917381286621,27.03852309355089,26.409719776858033,27.01658900223565,5870300
2017-10-31,27.031221389770508,27.586906599586342,26.738753728281125,26.921545319417405,4432600
2017-11-01,27.023900985717773,27.51378377020621,26.804551692456535,27.33099222762558,2784300
2017-11-02,26.88498306274414,27.05315096376349,26.599828674529686,27.031216869032487,2745200
2017-11-03,26.56327247619629,27.038528887999245,26.43897275735808,26.76068491869445,2280100
2017-11-06,27.389493942260742,27.44067536949529,26.37317304549108,26.526717327194714,3186100
2017-11-07,27.14089012145996,27.41142363920194,26.93616446624148,27.367552660578895,2842300
2017-11-08,27.572284698486328,27.93055746723285,26.855741950171804,27.082404541760702,4241200
2017-11-09,27.35293197631836,27.879372620346352,27.148206298831102,27.148206298831102,4349600
2017-11-10,27.777009963989258,27.84281504492484,27.19938789679673,27.19938789679673,3011500
2017-11-13,27.535724639892578,27.740450325433297,27.287127969231015,27.711205791197678,2305600
2017-11-14,27.411422729492188,27.733134861184183,27.294436246224393,27.506472329587556,2598800
2017-11-15,27.64539909362793,27.67464362615568,27.228634521442725,27.301750036529278,3497300
2017-11-16,28.60321807861328,28.720204547248976,27.733131392458876,27.755065483710126,5258400
2017-11-17,28.822568893432617,28.95417902630307,28.354622993972157,28.69096154973974,3154700
2017-11-20,29.136974334716797,29.297831804395152,28.57397876919843,28.7640807694909,3993100
2017-11-21,29.349014282226562,29.71459742533188,29.217404127574405,29.283209204900484,3848100
2017-11-22,29.487937927246094,29.59030076196897,29.115041555980703,29.261275372375405,2364900
2017-11-24,29.45870018005371,29.648802250724355,29.224727113453397,29.509881614048844,1340100
2017-11-27,28.573978424072266,29.02730071866196,28.193771638901655,28.859132815655748,5631700
2017-11-28,29.232027053833008,29.283208469448077,28.48623712592742,28.793328408795823,3809300
2017-11-29,28.332698822021484,29.612240059145034,28.26689373254513,29.21009908531334,6069800
2017-11-30,28.193775177001953,28.632473866925537,27.937865283564655,28.508176927479212,6782500
2017-12-01,28.595918655395508,28.720215605916128,27.23594869061567,28.010986086989796,5125100
2017-12-04,28.661724090576172,29.261280329096152,28.35463274520969,29.071175498826776,4592200
2017-12-05,28.610532760620117,29.210088791595634,28.544727694333655,28.895687118135598,3945600
2017-12-06,28.647092819213867,28.742145209103768,28.193770542256914,28.63977959504968,2520300
2017-12-07,28.939565658569336,29.31976970854613,28.500864172231175,28.63247433921479,3725000
2017-12-08,29.60492515563965,29.699974767848587,28.939563924286418,29.12235550201179,5502100
2017-12-11,29.590307235717773,30.072876982971955,29.370955068546962,29.50256525317798,3740700
2017-12-12,30.796724319458008,31.12574971811017,29.68535118910966,29.736532607880203,6354900
2017-12-13,30.767480850219727,31.184245439858902,30.665115219962154,30.979516968521985,4509100
2017-12-14,30.665115356445312,30.9210252494609,30.591999837971287,30.86253060333908,3301600
2017-12-15,30.72360610961914,30.862526692788645,30.277594251577717,30.855216257538835,6241800
2017-12-18,31.432836532592773,31.491328378903958,30.87714865215895,30.972201040239582,4628900
2017-12-19,31.29928207397461,31.707403959623733,31.121191031342782,31.32154239280568,4553200
2017-12-20,30.81694793701172,31.536728288465707,30.690802382574894,31.49220482949127,3321900
2017-12-21,31.136030197143555,31.558993211863374,30.86147590335335,30.95794199655674,3425300
2017-12-22,31.291847229003906,31.45509704848116,31.091498780485367,31.113759090174106,1713300
2017-12-26,31.269582748413086,31.68512640135509,30.95050514235503,31.15827838415581,2968800
2017-12-27,31.247329711914062,31.529305928826233,30.96535349500189,31.343795781242473,1934600
2017-12-28,31.1805477142334,31.35863588084591,30.972777242965346,31.306693263028894,1368800
2017-12-29,31.046977996826172,31.425417447335594,31.04697799682617,31.173123536775922,1866400
2018-01-02,31.855789184570312,32.01161696272915,31.09890776552296,31.42540446699752,2888400
2018-01-03,31.79644203186035,32.0190565005717,31.521887772619728,31.855806645026192,3446100
2018-01-04,31.640607833862305,32.07841186100036,31.14344203610315,31.81127681655545,2825000
2018-01-05,31.86322593688965,31.9003302356006,31.49220559506469,31.789023000788884,2183200
2018-01-08,34.13386917114258,36.879420083649165,33.85189293757867,36.19674122828292,23460800
2018-01-09,34.423255920410156,35.09109345569157,34.16354289594498,34.4900396739383,10500200
2018-01-10,34.92784881591797,35.076257493553584,33.99287895893577,34.252592021803025,3808800
2018-01-11,36.36741256713867,36.39709487376726,34.95753697020761,35.14304714064543,6246600
2018-01-12,38.0369987487793,38.49706594480325,36.44161320590189,36.44903236618478,7747400
2018-01-16,38.22250747680664,38.83840249189129,37.41368316425382,37.673399055094116,6885300
2018-01-17,38.68999481201172,38.89776526550575,37.76244410082747,38.04442030961232,4113600
2018-01-18,38.593528747558594,38.801302031724035,38.30413337855902,38.734518267288735,3981600
2018-01-19,39.04617691040039,39.15748413645867,38.39318319821687,38.68999774993837,3871200
2018-01-22,39.44688415527344,39.51366793261132,38.61579935002698,38.94971823671639,3591700
2018-01-23,40.114715576171875,40.159236200239825,39.27620891141606,39.46171906012645,3192200
2018-01-24,39.30589294433594,40.12955849376345,38.80872425196946,40.09987618930507,5551500
2018-01-25,39.45429611206055,39.9217824680569,39.083275823638715,39.66948855870365,3618300
2018-01-26,40.7677116394043,40.81223509672938,39.65465068222077,39.7065933004365,7318600
2018-01-29,40.89385986328125,41.27229934178436,39.70659314843427,40.07019430521288,8941000
2018-01-30,40.79738998413086,40.819650295302424,39.43945722012337,40.07019056903864,7756300
2018-01-31,40.96064376831055,41.888194565461326,40.864177692821954,40.9235423025566,5110200
2018-02-01,40.39669418334961,41.205518649452635,39.92178859419932,40.60446750159831,5356400
2018-02-02,38.41545104980469,40.07020162925962,38.12605560205467,40.062782467041295,6567200
2018-02-05,36.84231948852539,38.89776960271728,36.73843141953443,38.03700255998674,7359000
2018-02-06,36.12253189086914,36.69390341751629,35.02431228676574,35.67730872159961,9556600
2018-02-07,36.76811599731445,37.55468015575194,36.204166312669514,36.5084028854373,6042700
2018-02-08,35.20240783691406,36.84973900537746,35.19498867581615,36.70133030747491,4587900
2018-02-09,35.484375,35.98896274535675,34.222905636608125,35.65504396818541,5633200
2018-02-12,36.48613357543945,36.73842748320751,35.729254682795414,35.729254682795414,3380100
2018-02-13,36.82746124267578,37.020390477077434,36.2264075747452,36.59742772838304,2919500
2018-02-14,38.118629455566406,38.385764556892084,36.374834966200204,36.374834966200204,3675000
2018-02-15,38.22993087768555,38.70483639419615,37.51015061197783,38.489643947445984,3207600
2018-02-16,38.155723571777344,38.534165835954205,37.918270823166786,38.185405873018674,2738000
2018-02-20,38.67515563964844,38.88292893443268,37.80696948827878,38.037000264798806,2635600
2018-02-21,38.170570373535156,39.157485805971504,38.126049745741945,38.7345228579732,2345400
2018-02-22,38.1112060546875,38.712257135149095,37.96279736705318,38.28187505473587,2121200
2018-02-23,39.5433464050293,39.75853887009702,38.35607968203044,38.49706921532466,3214500
2018-02-26,39.73627471923828,39.765957023459784,38.845825407215564,39.67691294145561,2972000
2018-02-27,39.231689453125,40.13697997686271,38.87551027099717,39.78080079473489,3662500
2018-02-28,39.624969482421875,40.47089532013758,39.187165411768625,39.21684488469915,4306400
2018-03-01,40.0701904296875,40.90127506823693,39.55818345990136,39.9366229018024,5929200
2018-03-02,40.15924072265625,40.27054795668111,39.11296347933259,39.61013220580697,3142400
2018-03-05,40.91611862182617,41.15357138964092,39.70659163969082,39.73627394333273,4328400
2018-03-06,41.724937438964844,41.80656234777743,40.96063662128315,41.18324820762482,3797500
2018-03-07,41.77688217163086,42.03659806111422,41.20551061155952,41.383601588081255,3224900
2018-03-08,43.69134521484375,44.136568380360984,42.20726422223984,42.296308289211325,8549200
2018-03-09,44.663421630859375,44.9899212987031,43.89170157654734,44.01784711682502,4783800
2018-03-12,44.678260803222656,44.871192931250135,44.329503669828455,44.63374018187789,3245900
2018-03-13,44.284976959228516,44.87118962952007,44.12914913466793,44.63373689762017,4374700
2018-03-14,44.47049331665039,45.27189569148519,43.97332464346508,44.50017561996359,4136200
2018-03-15,44.20335388183594,44.737623966058536,43.89911737957806,44.69310051548667,2882000
2018-03-16,44.58922576904297,44.90830349644442,44.08463786667141,44.181103950240846,7073300
2018-03-19,44.81924819946289,45.05670093760453,44.22561352344888,44.41112365203828,6849400
2018-03-20,44.92423629760742,45.621608248416536,44.90174135096738,45.08920686762581,4445000
2018-03-21,44.9167366027832,45.53162323664864,44.504310199156826,44.9167366027832,3421100
2018-03-22,44.27185821533203,44.864249949408226,43.836936832694775,44.354343502418196,4309900
2018-03-23,42.202232360839844,43.859429551526496,42.187234777610044,43.80693657997393,5264100
2018-03-26,43.589481353759766,43.76194928036338,42.53217598771383,43.10206988168679,4736400
2018-03-27,43.01958465576172,44.616791610139394,42.72713891633271,44.076890023195574,4105000
2018-03-28,42.6596565246582,43.50700154057438,42.08226233579476,42.959602523716136,3804500
2018-03-29,43.88192367553711,44.09188411583507,42.56966520268192,42.98958894377431,4278400
2018-04-02,43.304534912109375,45.044214700518005,42.90710892697627,44.241862507609575,5554100
2018-04-03,43.716949462890625,43.806932092555435,42.78712228186306,43.469496516188336,3257400
2018-04-04,44.189369201660156,44.30184964920044,42.14224622410183,42.149743585706105,4112200
2018-04-05,43.67945861816406,44.66927616401923,43.49199313053246,44.571793309511825,2686900
2018-04-06,42.45718002319336,43.65696078079468,42.044756549844465,43.28202983038729,3101000
2018-04-09,42.20973587036133,43.23704608739814,42.18723806351604,42.75713482865092,3158500
2018-04-10,44.50431442260742,45.974046310333,44.39183682407791,44.48931969786767,9450100
2018-04-11,43.91192626953125,44.78176620425947,43.76945063765964,44.24936193123425,3557300
2018-04-12,44.89423370361328,45.16418446063525,44.151871982299184,44.20436208944275,2668200
2018-04-13,45.44914245605469,45.8315708694237,45.081708767487136,45.179191641678024,3350900
2018-04-16,45.854061126708984,46.04152662132268,45.209179367558434,45.659095410432734,2073600
2018-04-17,46.40895080566406,47.01633995183152,46.07901261172521,46.168995235436526,2969200
2018-04-18,46.57392120361328,46.843871934494,45.591601124129774,46.4614407789143,2945600
2018-04-19,44.9167366027832,46.58892858127058,44.849248905871306,46.116514702887315,4247900
2018-04-20,44.72176742553711,45.426639507935285,44.49680940667454,45.02171335768481,2410300
2018-04-23,43.656959533691406,44.931722440264764,43.387008799430106,44.841739815676355,2863200
2018-04-24,43.6944580078125,44.47431515513712,43.28203449006274,44.06188877689091,3592200
2018-04-25,43.716949462890625,44.21185821679141,42.884602272126514,43.806932092555435,2128400
2018-04-26,44.49680709838867,44.64678005668263,43.81443285562262,44.06188580538583,2276900
2018-04-27,44.63178634643555,45.25417031567488,43.82943423953269,44.79675690091907,3418000
2018-04-30,43.40951156616211,44.95422834596875,43.39451398261099,44.7067725081201,4985700
2018-05-01,40.6500129699707,40.78498834100128,36.803223477087556,38.92533116963078,15641500
2018-05-02,41.01744842529297,41.242406433741394,39.06030831684875,39.15029094812886,7818800
2018-05-03,41.21991729736328,41.32489752539385,40.63502296041249,40.85248363875962,4095300
2018-05-04,41.7523193359375,41.96227979539872,41.0024572830083,41.06244475978434,2533600
2018-05-07,41.95477294921875,42.23972126585569,41.542349485439225,41.78980241950851,4219700
2018-05-08,42.35970687866211,42.46468710405587,41.617342218311556,41.71482508210431,3097200
2018-05-09,42.91460418701172,43.03458199893893,42.25472479116371,42.62965581099834,2359100
2018-05-10,42.944602966308594,43.87443037180907,42.817124921386984,43.34952918829924,3469200
2018-05-11,42.52467727661133,43.32702946217027,42.46468979850714,43.042083935305996,2462000
2018-05-14,42.79462814331055,43.5744853833086,42.704645495771324,42.88461079084977,2147900
2018-05-15,43.319522857666016,43.432000427800034,42.39719305218538,42.569660948121154,2679300
2018-05-16,44.51930236816406,44.609287860099556,43.36451715995463,43.3795118814476,2741200
2018-05-17,44.25685501098633,44.999216779509,44.08438709647604,44.32434270453352,2138000
2018-05-18,42.2247314453125,44.64678543062996,42.00727077263625,44.264354197923915,4302200
2018-05-21,42.92960739135742,43.34203099507018,42.58467149447017,42.96709992615003,2600600
2018-05-22,43.499488830566406,43.829429906918214,43.08706534562287,43.10206292732034,2599600
2018-05-23,43.70195388793945,43.70945410937872,42.989587318012354,43.25953521940247,1976800
2018-05-24,43.70195388793945,43.979404871265196,43.0720697303698,43.67945894461437,2146200
2018-05-25,43.09456253051758,44.3918232207403,42.98958232652785,43.7919342975876,2021700
2018-05-29,42.92960739135742,43.521999166770556,42.71964690812119,42.7571394429138,2617700
2018-05-30,43.51449203491211,44.286851859401494,43.04957838420256,43.29703422344098,2620600
2018-05-31,42.25472640991211,43.91942111711005,42.10475628463035,43.53699272084671,4473100
2018-06-01,43.41699981689453,43.46198969464634,42.269709305794954,42.442177178333736,2874400
2018-06-04,43.09456253051758,43.506985986404054,42.35219802152509,43.49198840576324,2637800
2018-06-05,44.37683868408203,44.42932880150566,43.432010849462905,43.50699877470871,3480800
2018-06-06,43.99440383911133,44.87174389991567,43.92691900262301,44.766763673605,3192400
2018-06-07,41.41487121582031,44.04688801183843,40.65751197697939,43.9419049460076,8569800
2018-06-08,41.977264404296875,42.26221269726985,41.16741512492082,41.24240016283674,3560600
2018-06-11,43.44700622558594,43.731954606038975,42.13474763571903,42.28472061808888,3551500
2018-06-12,42.81711959838867,43.49199655113946,41.969777587208476,43.49199655113946,3053200
2018-06-13,42.70463943481445,43.2595356864643,42.622154161070085,42.86210976078294,2606000
2018-06-14,44.301841735839844,44.42181952355352,42.71963269377469,42.94459068817582,3876600
2018-06-15,43.81444549560547,43.99441080907921,43.04208839924506,43.99441080907921,4056600
2018-06-18,44.226863861083984,44.35434189847003,42.97459559659692,43.49949674907848,2771900
2018-06-19,43.92367935180664,44.00705521848437,42.915593533075786,43.50680290979915,2483600
2018-06-20,44.022212982177734,44.31781621311364,43.80998272322858,44.06768862301032,2033600
2018-06-21,44.295082092285156,45.424441233562845,43.8327299571982,44.09043300394431,2705200
2018-06-22,44.128318786621094,44.840798315797905,44.07526195420263,44.605830278387224,1959000
2018-06-25,42.31681442260742,43.88578791477748,42.03636776221957,43.77209301014656,2460000
2018-06-26,42.83222198486328,43.052030584378805,42.36986985360221,42.69579215181311,2896600
2018-06-27,42.210689544677734,43.355208003215736,42.18037341525668,43.11266161956152,1690600
2018-06-28,42.71853256225586,42.99139802764251,41.710446580842046,42.11974477892201,1696500
2018-06-29,42.801902770996094,43.514382476247405,42.79432156941677,43.105084332400786,2091300
2018-07-02,43.66596984863281,43.719026688265245,41.945404486804286,42.00603963579239,2368700
2018-07-03,43.12782287597656,44.052529916826835,42.91559261315133,43.80240521353639,1637300
2018-07-05,44.4239387512207,44.4239387512207,43.15056850924907,43.52954767908868,2123300
2018-07-06,44.40876770019531,44.58309772606532,43.90093424102542,44.43908671983728,1877200
2018-07-09,44.53005599975586,44.90903519975379,44.05254139817156,44.71196728796287,2200400
2018-07-10,44.63616180419922,45.04545996160642,44.446672237775296,44.57552664646185,1565300
2018-07-11,43.38552474975586,44.10558266208221,43.067180830784125,44.09800435296945,1642100
2018-07-12,44.73469543457031,44.82564961330131,43.80998546143138,43.80998546143138,1653900
2018-07-13,44.73469543457031,45.21978824297722,44.3405568048944,44.49972734051894,1579900
2018-07-16,44.30265426635742,44.651314320013995,44.06768619991189,44.651314320013995,1240500
2018-07-17,44.0373649597168,44.226854486895235,43.70386443277981,44.105581305156264,2054000
2018-07-18,44.0373649597168,44.651312068672,43.90093226883786,44.13590032343619,1565400
2018-07-19,43.34005355834961,44.287501383792055,43.14298279148405,44.02979545961646,1568800
2018-07-20,42.809478759765625,43.44616376298557,42.80190044997848,43.256674213115126,2030600
2018-07-23,42.71094512939453,42.82464002051474,41.86203272087548,42.703366819297734,2023400
2018-07-24,42.23343276977539,43.112664185700524,42.16521641460098,43.02928831922278,1854400
2018-07-25,42.77915573120117,42.80189644119488,42.08941394992853,42.41533617649063,2165400
2018-07-26,43.612918853759766,43.7190325472454,42.66547103137907,42.85496059585521,2277000
2018-07-27,41.452735900878906,43.665975507706484,41.31630318374796,43.32489371487914,4346900
2018-07-30,40.929744720458984,42.55177488194507,39.37593091582892,41.21018845803095,7894700
2018-07-31,39.88376235961914,41.28598685885366,39.3607722073056,41.20261098861934,6606300
2018-08-01,40.224830627441406,40.58865011865555,39.89133015000685,39.89133015000685,3915000
2018-08-02,40.4901237487793,40.63413765047916,39.79280362549069,39.861019975932486,2721300
2018-08-03,40.838783264160156,41.255659641155276,40.505279849459505,40.505279849459505,2663100
2018-08-06,41.10407257080078,41.134391592534385,40.50528490277684,40.778150315617175,2177200
2018-08-07,41.589168548583984,41.75592028955039,41.06617839470928,41.11923524112927,2221700
2018-08-08,41.718021392822266,42.01362463791507,41.20260956857489,41.498212813667706,1650300
2018-08-09,38.671024322509766,40.16420277091552,38.26172623644207,39.8610183609289,8401900
2018-08-10,38.564918518066406,38.95905717494588,37.928233440242856,38.32237209712233,5029100
2018-08-13,38.6634521484375,39.14854789594356,38.443646435830836,38.56491964986198,3522300
2018-08-14,40.34611511230469,40.40675315687891,38.91357456012159,38.981790914577026,4355000
2018-08-15,40.08839797973633,40.71750450481113,39.64120264606276,39.91406798747447,4646100
2018-08-16,40.20968246459961,41.23292778298874,40.133887800147576,40.56592374856262,3044600
2018-08-17,41.12682342529297,41.24051834713557,39.891353257605374,40.209694412553496,4200700
2018-08-20,41.33903884887695,41.57400402861012,40.74025120697327,41.179868328790434,2293900
2018-08-21,41.54369354248047,42.195535221572044,41.3693634885091,41.61190990198069,2741500
2018-08-22,41.93024444580078,42.150053002283926,41.14196727927003,41.14196727927003,1980900
2018-08-23,42.23343276977539,42.324386946214226,41.61948557320567,41.862031971296666,2496500
2018-08-24,42.25617599487305,42.61241732760554,41.99089174159237,42.40776823591123,1853600
2018-08-27,42.71853256225586,43.2870013180175,42.52146177441813,42.52146177441813,2137900
2018-08-28,42.7943115234375,43.3552017620079,42.44565150854861,42.885268572749816,1865900
2018-08-29,42.430503845214844,43.135405271572296,42.362287484877626,43.00655375281386,2442600
2018-08-30,40.277896881103516,42.256168176752716,40.22484004026381,42.021200102047615,4906300
2018-08-31,40.58108901977539,40.74025957254587,40.05809593012737,40.353702102763066,3124300
2018-09-04,37.45071792602539,39.06516984730575,36.58664596266956,38.83778294506179,10362400
2018-09-05,37.4203987121582,37.640207302814574,36.35925887659115,37.28396599322537,6634000
2018-09-06,37.435550689697266,37.87516778252751,37.064152833984146,37.44313188999061,4333900
2018-09-07,37.74632263183594,38.08740444393854,36.851931609603085,37.2839676078059,4072700
2018-09-10,38.11772155761719,38.981793510677264,37.78421807301063,37.988867150006115,3428000
2018-09-11,37.12479782104492,37.897915647213864,36.457793696067135,37.814539770168956,4272500
2018-09-12,37.496192932128906,37.73873932386681,35.775627477913666,36.18492559823928,6623800
2018-09-13,36.54116439819336,38.20109471894802,36.29861800371086,37.98128614539166,5089400
2018-09-14,36.601806640625,36.844353062926864,36.139451619555366,36.54116858935882,4459600
2018-09-17,36.33652114868164,36.685184176486366,36.23798864798481,36.685184176486366,3871200
2018-09-18,36.851112365722656,37.204415369302495,36.290435095724014,36.32883708656807,3837500
2018-09-19,36.93560028076172,37.212099315957914,36.66678340203443,36.87415474854735,2561000
2018-09-20,37.649879455566406,37.87261506163838,37.066158758955964,37.21209039805034,4281000
2018-09-21,37.849578857421875,37.99551052477674,37.14297284876247,37.4348332535881,8344400
2018-09-24,37.74973678588867,38.18752595739707,37.63452787554044,37.864942766352605,2830900
2018-09-25,37.24281311035156,38.03390510279169,37.23513095573326,37.78812889290964,3115400
2018-09-26,36.15217971801758,36.94327173458655,35.37644908127021,36.86646776536216,5261500
2018-09-27,35.76816177368164,36.67446287063466,35.52238550297075,36.30579846456832,3589300
2018-09-28,36.36723709106445,36.69749946807603,35.55310438205503,35.591506370801596,3493900
2018-10-01,36.08305358886719,36.89718910886323,35.90640212252421,36.68981488405622,3083300
2018-10-02,36.04465866088867,36.71286267391242,35.90640915062389,36.05233788706601,1928900
2018-10-03,36.7051887512207,37.10457595748324,36.17523124200478,36.34420354116168,2321500
2018-10-04,35.82960510253906,36.76662597828465,35.62223083752836,36.64373785048765,3219900
2018-10-05,35.95248794555664,36.68981660395617,35.9064038057003,36.09841666027624,6324800
2018-10-08,35.207489013671875,35.852652539965,34.946351326127406,35.676001005726775,2707400
2018-10-09,33.79426956176758,35.053873685742886,33.43328438115846,34.89258355691577,4961200
2018-10-10,33.53313064575195,34.50087431219875,33.38720190561882,33.56385341100656,5120500
2018-10-11,33.287357330322266,34.715933812403634,33.14142857727045,33.66370391329772,3968700
2018-10-12,33.01853561401367,34.185971327732375,32.503939580177196,34.15525149412798,4747800
2018-10-15,32.84187698364258,33.364152176534155,32.803474999141294,33.01853138613899,2728700
2018-10-16,33.878753662109375,33.963239799702116,32.91100708771767,33.3027150111233,3037300
2018-10-17,33.886436462402344,34.36263057362621,33.364161129365094,33.80963247279044,2287600
2018-10-18,33.609928131103516,34.15524685435022,33.456320194296254,33.771221152564884,2218400
2018-10-19,33.648338317871094,34.278140333098094,33.448643280915775,33.84035119885211,2115700
2018-10-22,33.48704147338867,34.07076220610658,33.17982265659099,33.91715133276588,1808300
2018-10-23,33.3871955871582,33.50240154023424,29.800393994292513,30.94479187943617,6298300
2018-10-24,32.01238250732422,33.463999180957536,31.682120171749236,33.21822296795526,4595000
2018-10-25,32.72666931152344,33.07997223819561,32.05078328623673,32.327282247939635,3970500
2018-10-26,29.800399780273438,30.9140751222055,28.179810528688154,29.01698684173952,10747700
2018-10-29,29.055395126342773,30.583816258612902,28.632964377835666,30.53005287787282,5157200
2018-10-30,29.838802337646484,29.854163720640365,29.016987391721337,29.047710157709098,4154400
2018-10-31,30.898710250854492,31.190570629485137,30.122979556198633,30.338033029987617,5308100
2018-11-01,33.0108528137207,33.27199043850574,30.975518115437406,31.144487451556714,7270700
2018-11-02,34.00164031982422,34.439429441247725,31.14448779694746,31.49011155856706,10706000
2018-11-05,34.52391815185547,35.09227466459642,33.11070316655739,33.686741835621,7798400
2018-11-06,34.88490295410156,34.94634848965866,33.89411859726074,34.631447444639534,4114100
2018-11-07,35.1767578125,35.1921191939544,34.30117957878659,34.97706571336063,3797300
2018-11-08,34.81578063964844,35.62991346532329,34.623767738516165,35.153722290882875,4497100
2018-11-09,33.04926300048828,34.50088021339201,32.51930839367912,34.50088021339201,7537400
2018-11-12,32.173675537109375,32.90332501794401,31.70516367268238,32.64218740153637,4512800
2018-11-13,32.68059158325195,32.918688609160874,32.24280245133338,32.4194539493107,3953000
2018-11-14,32.811161041259766,33.74050265375881,32.573064021329586,33.12606203929184,3726000
2018-11-15,33.68673324584961,33.97859358412135,32.41944732510092,32.5653789591785,3509700
2018-11-16,33.256629943847656,33.58689232899645,32.68827346467346,33.30271408940935,4290900
2018-11-19,32.30424499511719,33.39487664619833,32.119911358234475,33.22590438987948,3215600
2018-11-20,32.35801696777344,32.55770910844445,31.083051340732087,31.490117779341002,3969700
2018-11-21,32.67290496826172,33.43327416021248,32.29655851950105,32.58841885140422,4019000
2018-11-23,32.98780822753906,33.47168143007606,32.1659934636417,32.2581588113066,1419400
2018-11-26,33.732818603515625,33.76354136498451,32.72667306942184,33.56384927520434,2880400
2018-11-27,33.86338424682617,34.0016337246583,33.3411090927678,33.61760804843205,2859800
2018-11-28,33.87106704711914,34.178288792488246,32.19671468761329,33.88642842737597,4361000
2018-11-29,32.75739669799805,33.67137690176255,32.365688803610496,33.57152938928755,3178100
2018-11-30,33.0953369140625,33.14910028087348,32.096870620579345,32.67290920488313,4699200
2018-12-03,34.37798309326172,34.46246922518132,33.325753381817265,33.77122464834469,4701600
2018-12-04,31.927898406982422,34.439426989439056,31.912537026461386,34.02467850502227,5824600
2018-12-06,31.989347457885742,32.22744155751717,31.06768503413897,31.09840779857015,6689700
2018-12-07,30.645261764526367,31.958629372464337,30.645261764526367,31.858781838386538,4344600
2018-12-10,30.576129913330078,30.852625979961545,29.938645790266055,30.53772499612664,2775200
2018-12-11,30.33803939819336,31.428671306923118,30.015459119797615,31.152175181105815,2835200
2018-12-12,30.72206687927246,31.59764531655019,30.322679658255765,30.83727580202358,3207200
2018-12-13,30.26123046875,30.998559210372886,30.099937425989264,30.867988930984097,2647600
2018-12-14,29.608383178710938,30.261228677237444,29.470133681605738,29.83111880514529,3245600
2018-12-17,28.74816131591797,30.146014492384364,28.494702972440567,29.577655222997134,4774100
2018-12-18,29.16220474243164,29.732480527815273,28.709107198403895,29.037209850251088,3931800
2018-12-19,28.263826370239258,29.794978203906826,27.951345066206354,29.22470235708296,5128900
2018-12-20,28.576305389404297,29.318443212069027,28.123207832789042,28.123207832789042,5705900
2018-12-21,28.404438018798828,29.248132633790572,27.89665672770898,28.584113696250384,13106400
2018-12-24,28.22476577758789,28.90440915852511,27.920098157858877,28.216952106288844,2915100
2018-12-26,29.61530303955078,29.66217613002704,27.63886724846266,28.412253871043827,4256700
2018-12-27,30.029333114624023,30.044957475448346,28.90440595565166,29.29500603613344,3123800
2018-12-28,29.95903205871582,30.513686568868323,29.529372464687796,30.107462031592227,2821600
2018-12-31,30.146512985229492,30.529302358234794,29.763723612224194,30.154323675271975,2598500
2019-01-02,30.529306411743164,30.787100937961366,29.420000535778282,29.62311128431255,3472900
2019-01-03,28.52943229675293,30.162140870303446,28.49037288189181,30.162140870303446,4428100
2019-01-04,29.794967651367188,29.9980813210642,28.865340720183003,29.045016363350964,3232900
2019-01-07,30.591794967651367,30.732411220243517,29.943400451846955,29.97464619016825,2855500
2019-01-08,30.576173782348633,30.982398223110582,30.0215223840176,30.818346904738096,3008600
2019-01-09,31.357379913330078,31.89641003354181,30.654301423549924,30.654301423549924,3961000
2019-01-10,31.716724395751953,31.943273150874678,30.998021699552737,31.357373047652345,3019800
2019-01-11,31.771408081054688,31.927648704166483,31.11520282806078,31.724537980150565,2196900
2019-01-14,31.341754913330078,31.63861185901175,30.591803347437803,31.248011712604196,3899700
2019-01-15,30.974599838256836,31.65424341298036,30.802734781183393,31.498002722917526,2408700
2019-01-16,31.029272079467773,31.380809776165,30.88084213815436,30.951150273502243,2002900
2019-01-17,30.255884170532227,30.724606090674403,29.37312708730046,30.677733004647482,4738000
2019-01-18,31.42768669128418,31.458935417480113,30.341818786337168,30.52930816347022,3961800
2019-01-22,30.060583114624023,31.404248402235307,29.91996684126739,31.326126594791486,3677400
2019-01-23,30.27931785583496,30.85740730388582,29.85747202081645,30.326190939744667,2812600
2019-01-24,32.005767822265625,32.64635164127734,30.48242708972147,30.55273521522479,5162200
2019-01-25,34.107200622558594,36.17738234516791,33.43536797355957,34.1775087597804,9455300
2019-01-28,33.794715881347656,33.997829581379364,33.099448251326265,33.39630513135001,3614700
2019-01-29,33.41193771362305,34.00564863973355,33.18538890785294,33.919716128576425,2688300
2019-01-30,34.16969299316406,34.38061439345532,33.443176676475176,33.982203661742936,2923800
2019-01-31,34.59154510498047,34.75559941751603,33.74785040927094,34.091577436405586,4352300
2019-02-01,35.357120513916016,35.513361153340895,34.45874205229703,34.68529083046099,4487000
2019-02-04,35.59147644042969,35.84927091520025,34.43530068863897,35.14619263670089,6598700
2019-02-05,35.26338577270508,36.278945702269475,33.87285000668812,33.982217586481404,10650700
2019-02-06,35.33369064331055,36.208634180356135,35.29463122273617,35.349315007548846,5192200
2019-02-07,34.73215866088867,35.12275874384075,34.36499660934237,35.04463991926719,4317400
2019-02-08,35.16962814331055,35.18525250259736,34.146254960338354,34.364993010311835,3189600
2019-02-11,34.880592346191406,35.44305449962828,34.29469215883125,35.42743013702692,2471300
2019-02-12,35.45867919921875,35.700852351777776,35.03683034510012,35.20088466395236,3015400
2019-02-13,35.73209762573242,35.997705806738544,35.528983909646584,35.66178949017074,2672400
2019-02-14,35.75553512573242,36.013329653748166,35.45867820191945,35.591483791536724,3338800
2019-02-15,35.70866394042969,36.01333157160143,35.59929637847497,36.01333157160143,1953300
2019-02-19,35.849273681640625,35.997703614365555,35.614914237388966,35.888333092342236,2818900
2019-02-20,35.849273681640625,36.24768741890626,35.818024961062534,36.028949354901634,2277900
2019-02-21,35.23993682861328,35.864896309781706,35.16962870072922,35.747715103294304,2950200
2019-02-22,36.72422790527344,36.72422790527344,35.31806784206725,35.35712726437019,3043700
2019-02-25,37.53667068481445,38.22412772582621,37.29450051926209,37.396054404152,3360200
2019-02-26,37.09138107299805,37.669470468855216,37.005448583609905,37.30230546148478,3011700
2019-02-27,36.5757942199707,37.11482130128357,36.38830783518465,36.99764305580287,2397400
2019-02-28,36.372684478759766,36.59923028496969,35.15401102378655,36.48986272748026,3638900
2019-03-01,36.20862579345703,36.919517811402734,36.13050697040272,36.48204763423127,2634600
2019-03-04,36.2633171081543,36.7086040283155,35.98208749863947,36.357063291368604,2673500
2019-03-05,36.16176223754883,36.38049736572942,36.03677031001097,36.349248638834304,2157600
2019-03-06,36.13832092285156,36.28675087211224,35.83365331337889,36.28675087211224,3449400
2019-03-07,35.302425384521484,36.091439018866,35.1149390615376,36.091439018866,3061100
2019-03-08,36.10707473754883,36.21644229037752,34.68529059069124,34.950898781864765,4290800
2019-03-11,37.98976516723633,38.028824579795476,36.17738100810417,36.38830541197414,4601000
2019-03-12,37.56010437011719,38.489731469062434,37.40386374524149,38.15381516859439,4013300
2019-03-13,37.24763107299805,37.85696636206441,37.04451732328079,37.85696636206441,2685400
2019-03-14,36.86484909057617,37.466373809821796,36.708611380678235,37.216389897933134,2800200
2019-03-15,37.24763107299805,37.7241637395931,36.95077412035736,37.09920408669905,4855200
2019-03-18,37.62260818481445,37.653856913566266,37.02108356653464,37.41168373580391,2694100
2019-03-19,37.408870697021484,38.05003103798678,37.35346211417105,37.81256525155044,2522000
2019-03-20,36.577754974365234,37.670101694424844,36.48276922204693,37.440550025074884,3044600
2019-03-21,38.77035903930664,39.11072789137861,36.791471768907925,36.86271183142397,4866900
2019-03-22,37.14767074584961,38.69120336517161,37.12392506571214,38.501228865445206,3012800
2019-03-25,37.068504333496094,37.67799873418512,36.60940120415073,37.187235714865885,2719800
2019-03-26,37.36930465698242,37.71759073200025,37.04476728133357,37.48012185556366,1672300
2019-03-27,36.269046783447266,37.551364929256856,36.07115805022482,37.3693076570373,2781000
2019-03-28,36.40361785888672,36.85480399310637,36.10282609622599,36.18989763432853,3827200
2019-03-29,37.907554626464844,37.97879467123614,36.6094053835583,36.743968235047625,3713900
2019-04-01,38.33500289916992,38.58830021801195,37.74133674196974,38.287508519558706,3868500
2019-04-02,38.59621047973633,38.881170689093565,38.216264540440655,38.32708172862582,3055200
2019-04-03,39.2611198425293,40.02892902287222,39.02365398847192,39.02365398847192,3391900
2019-04-04,38.9603271484375,39.3481872988039,38.84159272389326,39.11072146925727,1731400
2019-04-05,38.96824264526367,39.49066869521167,38.667450974220294,39.19779426315314,3401300
2019-04-08,39.07905960083008,39.332356895074234,38.65162230400678,39.332356895074234,2233400
2019-04-09,38.71494674682617,39.07906124518044,38.38249516647021,38.9840755107276,2593500
2019-04-10,39.34817886352539,39.577730424678414,38.51704712851539,38.68327287160915,2427000
2019-04-11,39.1582145690918,39.641063451202335,38.90491728987672,39.53816048791441,1914200
2019-04-12,39.3165283203125,39.807294506003736,39.229459822408074,39.482757135229676,2059800
2019-04-15,39.094879150390625,39.775616553639175,38.8336677163191,39.41941639850435,2364800
2019-04-16,40.084327697753906,40.108073371418236,39.22153299330006,39.3560988563279,2854300
2019-04-17,39.80729293823242,40.59093052530453,39.45109266249872,40.503859011287176,1910900
2019-04-18,39.973514556884766,40.01309169016146,39.5619057278154,39.720217280463885,1736000
2019-04-22,38.73868179321289,39.6885479356642,38.50121601248537,39.61730789949181,3397600
2019-04-23,38.16877365112305,38.8732569442206,38.12127927580316,38.77827121312278,3273100
2019-04-24,37.195152282714844,38.192509758164114,37.13182646482412,38.192509758164114,3722600
2019-04-25,36.46693801879883,37.45638175280041,36.38778372789576,37.179338715097025,2597600
2019-04-26,35.61205291748047,35.64371281563931,34.37722630302467,35.042132477032865,3954200
2019-04-29,35.57247543334961,36.015747255841326,35.303346651755035,35.6120555932206,5327000
2019-04-30,38.247928619384766,38.65162326809077,36.466930276314955,37.38513374573815,7424400
2019-05-01,38.240013122558594,39.42734531161438,37.9629671333871,39.37193671768846,3950300
2019-05-02,38.30333709716797,38.82576315541076,38.018376880027894,38.60412877298715,2314300
2019-05-03,39.2611198425293,39.300700001157324,38.38249648447124,38.86534241258629,2545800
2019-05-06,39.07905960083008,39.23737116461816,37.79674167127632,37.89964464066986,3265800
2019-05-07,38.437904357910156,39.00782179298705,38.065872614529184,38.60413015066,3642000
2019-05-08,38.817848205566406,39.403597067964036,38.184604968024935,38.350830751715456,3593500
2019-05-09,37.65427017211914,38.37458508342596,36.94186948201674,38.160864876395244,4581200
2019-05-10,37.51969909667969,37.69383910110317,36.466929752949596,37.35347029219359,3336600
2019-05-13,34.86007308959961,36.403605508030545,34.69384731118722,36.28487108371207,6427200
2019-05-14,35.334999084472656,35.67536782545504,35.026293254172664,35.1054475113373,3121500
2019-05-15,36.086978912353516,36.12655604346558,34.96296966761345,35.08170408049118,1961400
2019-05-16,36.158226013183594,36.45110046402308,35.68329430806323,35.82577140396563,1711800
2019-05-17,35.794105529785156,36.28486861242915,35.55663669732169,35.69911678898312,2184800
2019-05-20,35.39833450317383,35.73078609685053,34.85215971421614,35.05004843032147,2347500
2019-05-21,36.53816604614258,36.64898322470069,35.825765584638056,35.84159704150945,2398600
2019-05-22,35.390419006347656,36.29279111309749,35.27960180299836,36.06324248596351,2786000
2019-05-23,34.62260437011719,34.9629701176957,34.26640414644016,34.82840726627415,2704800
2019-05-24,34.187255859375,34.89174227359345,33.96562144834227,34.82050221011259,2346100
2019-05-28,33.74397659301758,34.678011349760446,33.728145137194986,34.36138827239148,3241800
2019-05-29,34.61469268798828,34.80466717762224,33.34820615556882,33.50651772700677,3884300
2019-05-30,34.765079498291016,35.271677021192815,34.361387947032405,34.74133382455269,3599000
2019-05-31,33.12656784057617,34.2110001125269,33.08699070368601,34.068520004088725,3135900
2019-06-03,33.65690994262695,33.8073042652874,32.95242666454832,33.22155541320619,4126200
2019-06-04,34.955055236816406,35.01838106184417,34.0210204544477,34.044766129062346,2960400
2019-06-05,34.86799621582031,35.493325373826906,34.234752836623656,35.20045087711269,2591500
2019-06-06,35.14503860473633,35.31126440827485,34.73342969630121,34.88382403956811,1619000
2019-06-07,34.480125427246094,35.12920006995671,34.408885380141676,35.06587424162314,3750700
2019-06-10,34.78883361816406,35.67537413733321,34.63843627558425,34.80466507630625,3100000
2019-06-11,34.66217803955078,35.722861366587594,34.5909380019311,35.39040685118197,2595200
2019-06-12,34.543453216552734,34.939230642076105,34.34556450379105,34.638438953206546,2373400
2019-06-13,35.27168655395508,35.32709515401388,34.39306015367659,34.630526013863204,2718000
2019-06-14,35.03421401977539,35.1212855306545,34.480128076984585,34.88381969523816,2314400
2019-06-17,35.11338424682617,35.461667399106005,34.0368688421792,34.77301531684094,3368300
2019-06-18,36.55869674682617,36.79958672895645,35.330171315352565,35.40243769738297,3833900
2019-06-19,36.48643493652344,36.887914206321184,36.39008076942423,36.87185466796402,1624600
2019-06-20,37.08864974975586,37.385746582023216,36.606875904363335,37.152887896098015,2170300
2019-06-21,37.30545425415039,37.61057936698835,36.8638276553062,36.992300903388944,4533300
2019-06-24,37.995994567871094,38.14855557452569,37.25727424548865,37.38574747820923,2886600
2019-06-25,37.104713439941406,38.17264976960179,36.92806464381276,37.93979105760977,3278500
2019-06-26,37.939788818359375,38.48580083898983,37.72298965754638,37.93176058116344,3040000
2019-06-27,37.51422882080078,37.77920358048801,37.160925057158956,37.67481809913527,2674900
2019-06-28,37.83539962768555,38.23687883487292,37.46603949220355,37.771164547318065,2322100
2019-07-01,38.14855194091797,39.81870687024851,37.835398657429295,39.160281232389444,3001500
2019-07-02,38.06827163696289,38.15659758356851,37.57846634254579,38.14856628130745,2157700
2019-07-03,38.16460418701172,38.28504914829183,37.89962956045512,38.10036912056024,748300
2019-07-05,37.939788818359375,38.293089452808196,37.62663549597735,37.89161020605307,1667300
2019-07-08,37.40982437133789,37.72297759357214,37.08061161680412,37.506178502092446,2135200
2019-07-09,36.968204498291016,37.33756461744073,36.63899168547617,37.18500362815101,2643800
2019-07-10,37.9317626953125,38.301122887783265,37.43392619619757,37.546339901467476,3382300
2019-07-11,37.46604919433594,38.17265363961868,37.34560417577222,38.17265363961868,2088500
2019-07-12,38.23687744140625,38.4938238795988,37.554364039277864,37.554364039277864,3693800
2019-07-15,38.81501388549805,38.96757489730309,38.4135346368119,38.54200787386973,2182400
2019-07-16,38.028114318847656,38.831072803407636,37.82737469770766,38.66245225678049,2321900
2019-07-17,37.73904800415039,38.04417307970846,37.36968784392106,37.90766854733637,1920300
2019-07-18,38.036136627197266,38.132493835716446,37.44194915654426,37.73904289187077,1352600
2019-07-19,37.97993087768555,38.42155737542918,37.97190264159995,38.381410068914875,1555900
2019-07-22,38.036136627197266,38.5018539459108,37.755102426623964,38.14855030742659,1778300
2019-07-23,38.32520294189453,38.38140978320479,37.85145737724875,38.21278925927403,1216900
2019-07-24,39.28875732421875,39.42525879087718,38.3573256418796,38.38944471510867,1873300
2019-07-25,38.60624313354492,39.13619557961236,38.397472224554,39.08801697068137,1713200
2019-07-26,38.38945007324219,38.83910490903523,38.23688598563197,38.83910490903523,1273500
2019-07-29,38.12446594238281,38.341265086352514,37.79525310814215,38.30111777740479,1661800
2019-07-30,38.092350006103516,38.19673546839619,37.56239752045057,37.81934399452208,1721200
2019-07-31,37.18500518798828,38.18067190424879,36.82367328973113,38.15658413204607,2780200
2019-08-01,37.144859313964844,38.694569482853744,36.78353043500574,37.0966837637269,4414200
2019-08-02,36.07692337036133,37.19303512474783,33.80454948869053,33.90090670799316,5655200
2019-08-05,35.683475494384766,36.25357837099118,34.8323414242893,34.97687420280431,5457200
2019-08-06,35.87618637084961,36.24554654927937,35.37835295370326,36.02071914728623,3955500
2019-08-07,35.7958869934082,35.9564762232031,35.14548958578332,35.34622918607015,2970500
2019-08-08,36.24555206298828,36.26963984171077,35.65136439217699,35.91633914725659,2780300
2019-08-09,36.036773681640625,36.24554151692829,35.6192349480221,36.02071414615031,2930200
2019-08-12,35.98859405517578,36.18130541255448,35.62726217449267,35.62726217449267,2537200
2019-08-13,36.79958724975586,37.682840319922406,35.7878578870118,36.0608638826522,3110900
2019-08-14,35.836036682128906,36.39007691304047,35.58711845853729,36.09298314252645,2250500
2019-08-15,35.7958869934082,36.04480213741621,35.43455510028327,35.868150308989975,2590200
2019-08-16,36.96017074584961,37.1287943221321,36.004651441115826,36.10903688109205,2080100
2019-08-19,37.28135681152344,37.955841954847294,37.2492377420692,37.53830324107128,2747600
2019-08-20,37.233177185058594,37.38574122925589,36.8718453212268,37.321503092111136,2470800
2019-08-21,37.9317626953125,38.26097557347883,37.6426971314506,37.6426971314506,2473500
2019-08-22,38.20476150512695,38.365350732014264,38.05219745132358,38.1485516000646,1909300
2019-08-23,37.674808502197266,38.252939558674846,37.369686500650424,37.89160764837636,3322300
2019-08-26,37.795249938964844,38.26899549612784,37.610569882856296,38.26899549612784,1973500
2019-08-27,37.690860748291016,38.21278485810849,37.53027154192512,38.068252121944965,2668100
2019-08-28,37.8594856262207,37.97992753516381,37.22514782477455,37.58647967768963,3020200
2019-08-29,39.280723571777344,39.36904948612068,38.252937796967345,38.34126371131069,2811400
2019-08-30,40.31654739379883,41.0713303786677,39.71432849125557,39.75447580548304,3875700
2019-09-03,39.874908447265625,40.051560250744856,39.34495609987071,39.89899621572451,3820300
2019-09-04,41.89033508300781,41.91442591605143,40.17200472732136,40.436982449500306,4235900
2019-09-05,43.44004821777344,43.528374131866435,42.43635021770434,42.54073566736362,3806400
2019-09-06,43.624732971191406,43.80138174291802,43.14295607537612,43.279460601255614,2544400
2019-09-09,43.98606491088867,44.307249530710415,43.56852613033782,43.88168251303362,2866100
2019-09-10,44.42768859863281,44.43571683468714,43.47216616688158,43.82546981413473,3076800
2019-09-11,45.134300231933594,45.423365805602586,44.14666156392709,44.331341666428095,3089200
2019-09-12,45.20655822753906,45.77665796801267,44.837198091151365,45.00581862345315,3014100
2019-09-13,45.086124420166016,45.5116914772729,44.80508708602214,45.04597404168559,2842900
2019-09-16,44.72478485107422,45.00581907439303,44.2751270307208,44.62039939825153,1907700
2019-09-17,45.00581741333008,45.214588311270205,44.46783675910591,44.540103137155455,2102900
2019-09-18,45.567893981933594,45.929225912460716,43.84153201555041,44.84523012087934,4106400
2019-09-19,42.50862121582031,45.87301923802277,41.922461887644765,45.77666201415349,10548100
2019-09-20,42.07502746582031,42.43635634760431,41.43265820255176,42.33197394591028,8865700
2019-09-23,42.35605239868164,42.869945245754124,41.90639462597173,41.96260146468009,3251800
2019-09-24,42.1447639465332,42.794894656261604,41.77093917594784,42.70550110241125,3335200
2019-09-25,43.1362190246582,43.24186314301919,42.152892945559834,42.307301134048714,2379700
2019-09-26,43.6075553894043,43.80259613701987,42.90053849192443,43.21747699424066,3227300
2019-09-27,43.729461669921875,44.168297981387546,43.17684976652432,43.46128099618428,2399400
2019-09-30,43.71320724487305,44.0789067480505,43.32312880817304,43.85948704614403,2010200
2019-10-01,42.957427978515625,44.046398076535674,42.616107419400336,43.88386462457924,2355000
2019-10-02,42.461708068847656,42.77864663784825,42.12039056379108,42.57548057053319,3230100
2019-10-03,43.14434051513672,43.16059417039636,41.93346954886939,42.59985391417589,2022700
2019-10-04,43.623802185058594,43.68068841498903,42.998050555756755,43.095569364199356,1531200
2019-10-07,43.575050354003906,43.97325714695557,43.298744422177855,43.64006497328894,1655000
2019-10-08,41.61653518676758,42.851785209523484,41.54339528081269,42.827406274227876,3145800
2019-10-09,42.396697998046875,42.61611774634878,41.730313473604866,41.868468026269845,1507000
2019-10-10,42.98993682861328,43.39626892302336,42.486082799495925,42.59985528991989,2023500
2019-10-11,43.729461669921875,44.22518422731954,43.53442089810654,43.76196588183451,2366700
2019-10-14,43.78634262084961,43.965126614986744,43.44502208646504,43.68069541972254,1165900
2019-10-15,44.64777374267578,44.672155778748355,43.396273126714505,43.770097945766985,2196000
2019-10-16,44.615272521972656,44.83468916087288,44.273951894665394,44.69653771415286,1379000
2019-10-17,44.842803955078125,45.30602223032448,44.37145730303521,44.73715675719481,1133400
2019-10-18,44.68027877807617,44.94845946071645,44.35521494768347,44.75341868242643,1694400
2019-10-21,45.08660888671875,45.4035474247905,44.655897858064094,45.0215973635576,1714500
2019-10-22,45.395423889160156,46.08618723710605,45.151625242830306,45.40354916734169,1590300
2019-10-23,45.590457916259766,45.65547253677896,44.915948278745645,45.34665928944825,1684500
2019-10-24,45.70423889160156,46.30560870197885,45.330410979669956,45.89115129753332,1250100
2019-10-25,46.25685501098633,46.42751688679942,45.65548510596229,45.87490486052033,1502100
2019-10-28,46.931358337402344,46.96386564996404,46.403125358512625,46.557533543146704,1636800
2019-10-29,47.110145568847656,47.24829699746262,46.4356327818886,46.94761210571926,1987400
2019-10-30,47.01261520385742,47.10200874755753,46.26496574757908,47.10200874755753,1749500
2019-10-31,47.158897399902344,47.19953308553276,45.931775955525985,46.76881899837739,4766100
2019-11-01,46.825714111328125,47.288932494669915,44.37959603613848,45.10286673644169,4870900
2019-11-04,47.19953918457031,47.28892964433242,45.95616082522067,46.988244752232326,3170500
2019-11-05,46.866336822509766,47.2482899387893,46.63066659125298,47.126392184704926,2237700
2019-11-06,47.00449752807617,47.11827002024944,46.606290705401825,46.728191575626276,1514200
2019-11-07,47.232051849365234,47.73590598583264,47.11827933470115,47.3214454251923,1703400
2019-11-08,47.776527404785156,47.78465268247344,46.77695084546576,47.19953658681562,1540600
2019-11-11,47.33768081665039,47.768391770256734,47.183275763487266,47.60586144063969,1439100
2019-11-12,47.110145568847656,47.66275748344343,47.06138459988875,47.402705182465176,1694000
2019-11-13,47.24016571044922,47.3376845358948,46.69567914323727,46.858212585691625,1512700
2019-11-14,47.30518341064453,47.467716874343616,46.91510495780752,47.053259486975534,1278800
2019-11-15,48.012203216552734,48.3372670418777,47.41083033459621,47.54085648473979,2367600
2019-11-18,48.83298873901367,49.223067157739536,48.06908555651732,48.19911169609261,2714000
2019-11-19,48.47541809082031,49.084916207133716,48.41853184796981,49.036155241804266,1863500
2019-11-20,48.44290542602539,48.60543885909041,47.94717985020738,48.109713283272406,1405700
2019-11-21,48.3372688293457,48.816740856993334,48.117849111601736,48.42666239213785,1795100
2019-11-22,48.17472457885742,48.38601897090778,47.86591446750286,48.05282682965979,1374900
2019-11-25,48.63794708251953,48.74359428774701,48.20723608438328,48.52417459999808,1819400
2019-11-26,48.15848159790039,48.686714595019325,48.15848159790039,48.686714595019325,2412800
2019-11-27,48.954891204833984,48.99552379351963,48.21536693051114,48.45103718491501,1459900
2019-11-29,48.49979019165039,49.06865564009132,48.44290395681303,48.86548962993866,1038000
2019-12-02,48.215370178222656,48.97114505887333,48.14223027363479,48.759853723435036,1952200
2019-12-03,47.30518341064453,47.83341639264955,46.963865926937636,47.735897554457296,2605200
2019-12-04,47.65462112426758,47.979687996083626,47.31330369892142,47.76839359938296,2125800
2019-12-05,47.613990783691406,48.069083805662586,47.48396464885216,48.069083805662586,1476100
2019-12-06,47.93906784057617,48.711096436173705,47.890306867141994,48.19099178648214,2250100
2019-12-09,46.419368743896484,47.516467049596606,45.52543954671914,47.313301041141095,7402600
2019-12-10,46.825714111328125,47.45959434648122,46.419381978567394,46.57379017306009,3452600
2019-12-11,47.08576202392578,47.841539968171354,46.939482221809364,47.00449684500238,2345300
2019-12-12,47.98781967163086,48.10972053983322,47.110143960804564,47.280802696233586,2421200
2019-12-13,47.752140045166016,48.64607239448687,47.61398863940052,47.833408313322884,3155100
2019-12-16,47.995948791503906,48.491671349689376,47.96344147947171,48.29663367763199,2483000
2019-12-17,48.08534622192383,48.29664068070317,47.679014062806395,48.29664068070317,2556500
2019-12-18,47.78465270996094,48.23161738470054,47.44333524563652,48.150352207499814,2540800
2019-12-19,47.500221252441406,48.34539273140592,47.34581307643633,48.3291390760334,2621000
2019-12-20,48.451045989990234,48.52418590294334,47.402711371086944,47.75215417734246,4169400
2019-12-23,49.0605354309082,49.43436330787255,48.321011154844264,48.5973170986521,2563500
2019-12-24,48.87158966064453,49.26591374878726,48.592276373150604,49.19197778639742,820000
2019-12-26,49.2248420715332,49.25770319986633,48.87980962546445,48.90445390480946,1071000
2019-12-27,48.94552230834961,49.504145711697134,48.83872522906139,49.29055468692976,1298100
2019-12-30,48.70729064941406,49.019461949505256,48.370471937561305,48.961956545077435,1060300
2019-12-31,48.87980651855469,49.06875329374574,48.49369611970673,48.59227949843993,1266200
2020-01-02,49.701316833496094,49.81632764376739,49.10161537007469,49.13447649695493,2018200
2020-01-03,48.395103454589844,49.33162337553887,48.31295379387135,49.17553776665026,1649700
2020-01-06,47.82004928588867,48.230803881645436,47.56538344215715,47.97613803791392,1995900
2020-01-07,48.395103454589844,48.50190052057083,47.66396081924574,48.05828483155013,1914400
2020-01-08,48.77301025390625,49.20841234951906,48.050084267102605,48.38690298230712,2541200
2020-01-09,49.6684455871582,49.84917861436739,48.97016401917363,49.20018559285158,2313800
2020-01-10,49.27412414550781,49.75881472547376,49.01124143777805,49.67666505448661,1734800
2020-01-13,50.103858947753906,50.112072662756816,49.33163811747655,49.47951005800584,2112000
2020-01-14,49.931331634521484,50.2106449072364,49.54522441474581,50.0709898377835,2007900
2020-01-15,49.70952224731445,50.29279618370432,49.53700606071601,49.75060021595991,1950400
2020-01-16,50.547462463378906,50.555679310700434,49.9559779423999,50.169568965623895,1496800
2020-01-17,50.17778778076172,50.64604781456294,50.05456013657859,50.53103388421441,2013600
2020-01-21,50.153133392333984,50.46530774936237,49.93132554395661,50.112058561258635,2352300
2020-01-22,50.33388137817383,50.662483258306615,50.10385974869992,50.49818388514505,1242500
2020-01-23,51.557918548583984,51.58256595678612,50.24350501746873,50.613184802410224,3000600
2020-01-24,51.944026947021484,52.716244475875314,51.475766948253565,51.894735266274196,2902600
2020-01-27,49.84096908569336,51.0568056405955,49.487722960166586,50.84321146183862,2398000
2020-01-28,50.908935546875,51.08145175868282,50.09563990950899,50.58854740100064,1745100
2020-01-29,48.477256774902344,50.48995495253274,48.00078306591001,50.038125516854635,2897100
2020-01-30,47.959712982177734,48.510122699431946,46.94104008891589,48.01721838147864,2778700
2020-01-31,46.81781768798828,47.844704341548386,46.64529834849507,47.844704341548386,2900700
2020-02-03,47.60646438598633,48.099368710642686,47.335364813758844,47.50788414781691,3609100
2020-02-04,48.44440460205078,49.167330532367814,47.68040069953519,48.91266465406881,4698200
2020-02-05,44.96120071411133,47.45037272980531,44.64902632277188,46.85067135552761,6600900
2020-02-06,45.314456939697266,45.73342534151677,44.90370225274069,45.256951534228115,4046400
2020-02-07,44.44364929199219,45.1255034755695,44.20541399054108,45.067998078618295,2884900
2020-02-10,45.133724212646484,45.19944646728035,44.11505433629819,44.336862244973126,2311600
2020-02-11,45.79914855957031,46.25097809797006,45.30624417837233,45.36374958505177,2434400
2020-02-12,46.18524932861328,46.74387584864458,45.93879405568673,45.9716551765848,1668900
2020-02-13,45.8402214050293,46.13596527438586,45.51161954315162,45.76628543769016,2307700
2020-02-14,44.35329055786133,46.00452294912336,44.13969637494998,45.88951214316006,3451400
2020-02-18,44.52580261230469,44.60795228495362,43.597496269087884,43.9425317885935,2769300
2020-02-19,44.320430755615234,44.90370165116519,44.188989382902434,44.6243883424243,2107700
2020-02-20,44.97763442993164,45.08443151700356,43.967178361261524,44.37793301358967,2220200
2020-02-21,44.39435958862305,44.772253082711586,43.99181868661811,44.7393919613624,2355700
2020-02-24,42.751346588134766,43.58106963843581,42.68562433704073,42.80885199093734,3115800
2020-02-25,41.420494079589844,43.40033434225123,41.182258783392854,43.252462429406734,3426900
2020-02-26,41.96269226074219,42.87456485817293,41.76552867001105,41.9298311399855,3056800
2020-02-27,39.72819137573242,41.2397686559391,39.70354709885271,40.80436658360483,4479900
2020-02-28,39.3913688659668,39.448874262326605,37.95372768935348,38.73416209770538,6011000
2020-03-02,41.37941360473633,41.42048843408162,39.71175108961044,40.26216069721625,4057000
2020-03-03,41.24798583984375,42.266658865284974,40.130732564782285,41.2233415608911,4147100
2020-03-04,42.25844192504883,42.398100151034335,41.27263316335888,42.176292239511206,2912100
2020-03-05,41.297271728515625,41.78196232727063,40.79615056816444,41.149399807959234,2204600
2020-03-06,40.46754455566406,40.80436322513836,39.45708854724116,39.85141261390797,3010700
2020-03-09,37.22258377075195,38.68486917499099,36.74610692040366,37.51011074333526,4427500
2020-03-10,39.35029983520508,39.38315782810832,36.69682182862533,38.7259509629006,3888900
2020-03-11,37.23902130126953,38.47128535808756,36.466800486692115,38.216616324840395,3463400
2020-03-12,36.59823226928711,37.15685874601455,33.386131595008685,34.57732049784834,6520500
2020-03-13,40.19644546508789,40.237520298385775,36.32713787958207,38.027661675347275,5238500
2020-03-16,33.65724563598633,36.483237222925624,33.65724563598633,35.103100995073625,4638000
2020-03-17,37.09114074707031,37.21436524383999,33.065744509751006,34.19942805612323,4473800
2020-03-18,35.31668472290039,36.663959417680736,33.1725450373108,34.83199413062608,4210200
2020-03-19,35.045589447021484,38.19197182471916,34.39659629541879,34.88128694697137,3452800
2020-03-20,33.460079193115234,35.56314449258757,33.35328208819961,35.390628261899906,3817500
2020-03-23,33.50114822387695,33.95298084555613,32.05529323593144,33.30398774697084,4791600
2020-03-24,36.28107833862305,36.75692288571364,34.71997435403755,35.44626289677032,3622200
2020-03-25,37.16598129272461,40.20470878217168,35.938801658691,36.64839664611618,4310800
2020-03-26,40.046112060546875,40.154635813839846,37.14930042414152,37.266174118192,3660700
2020-03-27,40.046112060546875,41.28998572959189,38.49335427486066,38.87736875090346,3417200
2020-03-30,41.63225173950195,42.25836341933724,39.79565684173803,40.24645801551593,2985300
2020-03-31,40.73899841308594,42.2583624671524,40.62212474501445,41.26493310397621,3620800
2020-04-01,39.954280853271484,40.65552618518292,38.95250135274526,39.561916445961145,3020400
2020-04-02,39.72052001953125,40.747342624853744,38.526733689901526,39.58694649243093,2798300
2020-04-03,38.2011604309082,40.14628230628522,37.942369633194005,39.62034758693475,2492700
2020-04-06,40.605430603027344,40.922661425273475,39.39494733631898,39.96262220367782,2334100
2020-04-07,40.96440124511719,42.517158770946985,40.931007856814254,41.790870090486486,2782000
2020-04-08,42.60063552856445,42.867776243723334,41.13136159519058,41.306672092407005,2168800
2020-04-09,42.784297943115234,44.47062577589943,42.6590743338445,43.118225444791406,3275800
2020-04-13,42.50046157836914,42.57559510888522,41.36511186593454,42.40028459920396,2002100
2020-04-14,42.9345703125,43.91130312121094,42.60064276950858,43.45215513802454,2809700
2020-04-15,41.932777404785156,42.525495577950956,41.2732724706366,42.525495577950956,2328800
2020-04-16,42.2667121887207,42.433675935636565,40.989442231697694,42.158185275540106,2270500
2020-04-17,42.967952728271484,43.40205714944802,42.27505436815271,43.10152307443594,1965600
2020-04-20,42.433677673339844,43.05143942228733,41.86600282132021,42.525504712563816,2064000
2020-04-21,41.52372741699219,41.957828706413494,40.86422235932081,41.331717035487955,2720400
2020-04-22,42.35854721069336,42.52550779196797,41.72408553740161,42.49211758645442,2966800
2020-04-23,39.97931671142578,41.874348417265224,39.83739959463216,41.264933439812324,5733200
2020-04-24,40.597084045410156,40.622127494672455,39.670438207879116,40.38003020324079,3117000
2020-04-27,40.93101119995117,42.04966432291782,40.73065722290676,40.93101119995117,2555800
2020-04-28,40.897621154785156,41.6322566529374,40.80579092137386,41.6322566529374,2368300
2020-04-29,42.62568283081055,42.98465376956109,41.06457547035822,41.68234037424037,2992500
2020-04-30,41.69903564453125,42.575591299068975,41.57381204335366,42.37523417409853,2676500
2020-05-01,39.829044342041016,41.03952738105462,39.3448530371765,40.530289447192,3282600
2020-05-04,38.768829345703125,39.73721516515268,38.518385341194644,39.45337777749152,2532100
2020-05-05,39.02762222290039,39.82904428927748,38.97753214953874,39.236326085054934,1782500
2020-05-06,39.670440673828125,39.82905450329698,38.919105303567186,39.52017359977594,2337900
2020-05-07,40.672218322753906,40.74735185648585,40.004363274217155,40.20472042569196,2570900
2020-05-08,42.62568283081055,42.7509032516921,41.19814583003969,41.38180626881492,2702500
2020-05-11,41.62390899658203,42.15819050533644,41.43190177840898,42.099753664351994,1449100
2020-05-12,40.58873748779297,42.03296823268061,40.57204079203732,41.790874105646516,1656300
2020-05-13,39.59530258178711,40.705605629478676,39.14450141149038,40.705605629478676,1767800
2020-05-14,40.129581451416016,40.129581451416016,38.476647117977805,39.06936536785631,1775500
2020-05-15,39.87914276123047,39.91253615050425,39.07772052607297,39.38660141543326,1811000
2020-05-18,41.223182678222656,41.49032333418412,40.7473381857558,41.04786903528659,1598800
2020-05-19,41.8827018737793,42.60064388073991,41.16476305138784,41.36511703475364,2078200
2020-05-20,43.285186767578125,43.8194714165117,42.375237653404014,42.425327734901494,2601200
2020-05-21,42.79264450073242,43.82781720351128,42.700817463534165,43.22674897708687,2195600
2020-05-22,42.542198181152344,42.8844724173417,41.79086612307664,42.70916192224755,1520400
2020-05-26,42.742557525634766,44.02817425884981,42.63403061060528,43.786076980925806,1820100
2020-05-27,43.41876220703125,43.55233258872979,41.8743544696063,43.05144445350254,2219900
2020-05-28,42.87613296508789,43.777732225233514,42.800999428028334,43.69425193275358,1801100
2020-05-29,44.27861404418945,44.54575474435547,42.68411659682491,42.68411659682491,4214000
2020-06-01,43.5356330871582,44.236878290728825,43.452149619727976,43.93634417711732,2471100
2020-06-02,43.98643493652344,44.01148157123679,42.71751478124721,43.377019901314206,2571200
2020-06-03,44.34539794921875,44.76280569433262,43.619109364399755,44.07825724711134,2323300
2020-06-04,45.12178421020508,45.59762886502065,44.069917916551944,44.14505145071066,2592300
2020-06-05,45.40562057495117,46.540970315497,45.238656815829344,45.91485860721677,2863700
2020-06-08,46.44078826904297,46.57435862485955,45.505792593758414,45.814676629046154,2929700
2020-06-09,45.77293395996094,46.01502802710644,45.16351586162803,45.823020850268406,2016200
2020-06-10,46.190338134765625,46.50756569747658,45.25534258326621,46.0233744159573,2393000
2020-06-11,42.79264450073242,45.10508400009449,42.492113572088876,45.08004055218303,3746200
2020-06-12,42.2500114440918,44.103302806459816,41.57380976698145,44.06990942336512,4377900
2020-06-15,42.35854721069336,42.42533080628941,41.12301725419237,41.623908551723055,3728000
2020-06-16,43.14325714111328,43.98641923555382,42.45035887847142,43.827805466974894,3349000
2020-06-17,42.592288970947266,43.594068249698665,42.44202191990613,43.31023084046191,2421100
2020-06-18,41.440242767333984,42.174881331931005,41.15640535723299,41.99957083337207,4329200
2020-06-19,43.452144622802734,43.452144622802734,41.49867629354227,41.82425381765763,10603400
2020-06-22,42.50046157836914,43.151616719795975,42.13314386505096,42.993002904070366,4659600
2020-06-23,41.32505798339844,42.762599044085036,41.2489527735458,42.56810866907359,4799600
2020-06-24,40.268043518066406,41.51954892147344,39.98053530203007,41.06292088191891,3598600
2020-06-25,40.36106491088867,40.41180279786473,39.13492672787759,40.27650499168273,3006100
2020-06-26,39.7183952331543,40.35260421017548,39.430887034541215,40.175023245036755,3791600
2020-06-29,40.38642883300781,40.454079343266386,39.70148515828604,39.946713419342565,2000900
2020-06-30,40.93608093261719,41.33351964506867,40.479449632237284,40.58092540504667,2618700
2020-07-01,39.9974479675293,40.97835778333443,39.95516801160959,40.9022525723774,2478200
2020-07-02,40.031280517578125,40.775420135236395,39.95517529275222,40.555559163181826,2548100
2020-07-06,40.614742279052734,40.885337854005435,40.40333928451133,40.589374951948955,1871600
2020-07-07,39.836788177490234,40.614749792967274,39.79450821591071,40.428717316866496,2117800
2020-07-08,39.3716926574707,39.92133847701278,38.97425401777224,39.845233274214216,2607900
2020-07-09,39.5577278137207,39.76067611041513,38.838958913362355,39.44780057769189,2313800
2020-07-10,40.065101623535156,40.2342246862475,39.45625988807237,39.72685549811047,2159700
2020-07-13,40.02281188964844,40.6316502506624,39.88751089191941,40.43715990505692,2757600
2020-07-14,40.065101623535156,40.14966154201427,39.430892557679456,39.6000156203918,3373400
2020-07-15,40.79232406616211,40.9276218563586,40.18348239740105,40.589375767990504,2516700
2020-07-16,41.012184143066406,41.25741241006157,40.53018553594017,40.902253674111,2933900
2020-07-17,40.81769561767578,41.26586898925071,40.50482005029823,41.164396442541204,1962800
2020-07-20,41.08828353881836,41.18975606654326,40.082006509975436,40.52172187203452,2294500
2020-07-21,41.7901496887207,41.88316753863497,41.291241631461006,41.392714183297365,4468000
2020-07-22,41.832427978515625,42.04383098511697,41.56183238812621,41.90007526323603,3152600
2020-07-23,42.28059768676758,42.97399923077028,41.790141205239344,41.84087908373476,3574100
2020-07-24,40.62320327758789,42.00154858369937,40.361062383259515,41.857796084901,4082000
2020-07-27,41.925445556640625,41.93390025752036,40.47099184803312,40.67393692668532,3403900
2020-07-28,41.07137680053711,42.339794869054636,40.859973789117525,41.91698884621546,4440300
2020-07-29,37.46907424926758,38.6698419129334,36.80949460126052,38.08637071061393,14154300
2020-07-30,37.5451774597168,37.59591211978746,36.936335732836326,37.23229866909541,3771400
2020-07-31,38.23857879638672,38.39924392824192,37.34222884188231,37.75658017506706,7369400
2020-08-03,37.849586486816406,38.542991198992084,37.765026588766204,38.407690200906416,3674800
2020-08-04,38.382328033447266,38.737486749632325,37.874962125472926,38.1370997800997,3177400
2020-08-05,38.162471771240234,38.729030282297366,37.81577096838712,38.61064511436029,3402600
2020-08-06,38.01871871948242,38.06099867875071,37.3506843954795,37.6297379330076,3215400
2020-08-07,38.3146858215332,38.50071829200749,37.595913593403075,38.01026494616084,2781300
2020-08-10,38.95734405517578,39.37169534890477,38.39078557119835,38.39078557119835,3625200
2020-08-11,38.712120056152344,39.574644766313206,38.62756013830983,39.21948924046973,3529500
2020-08-12,38.59373474121094,38.82205038946443,38.2639465467628,38.65292732863731,2515600
2020-08-13,37.967979431152344,38.602188420142056,37.672013300838245,38.602188420142056,2910300
2020-08-14,38.111732482910156,38.348502810053716,37.94260943819885,38.111732482910156,1948700
2020-08-17,37.967979431152344,38.42460745165211,37.90878685024027,38.22166238159748,1749800
2020-08-18,38.103275299072266,38.23011515502426,37.66355670178085,38.05253742123933,2218800
2020-08-19,38.39078903198242,38.89815498055765,38.14556075901098,38.20475334548629,2540100
2020-08-20,38.08636474609375,38.27239719009943,37.76503128716941,38.21320460894938,2159500
2020-08-21,37.9172477722168,37.993352992413044,37.62973952100368,37.89188044073614,3163500
2020-08-24,38.568363189697266,38.57681789022389,37.84959106629194,38.03562673541511,2051600
2020-08-25,38.42460632324219,39.07572791990735,38.17938130627382,38.49225682844286,1950500
2020-08-26,38.669830322265625,38.72056819559806,38.1793771163985,38.41614740710999,2073300
2020-08-27,38.51763153076172,39.03345544155434,38.31468642780498,38.94043759196823,2112800
2020-08-28,39.405521392822266,39.65074966867933,38.47534940090423,38.7713123367634,2181700
2020-08-31,40.58092498779297,40.758502749752374,39.43934674858094,39.946715930148756,4854300
2020-09-01,39.802955627441406,40.62320028001267,39.126466688814766,40.5978297271085,3031000
2020-09-02,41.08828353881836,41.3081412198479,39.80295302654008,39.82832035203293,3135800
2020-09-03,39.81986618041992,41.01217888070513,39.54081269328229,40.85151377419632,3026700
2020-09-04,39.75222396850586,40.36106572142883,39.025000261769684,39.70148930626509,3193200
2020-09-08,38.636016845703125,39.0757355379726,38.26394867182323,38.65292947530052,4418800
2020-09-09,39.09263229370117,39.515438184689614,38.94887983912652,39.41396567406322,2512700
2020-09-10,38.838958740234375,39.7945011867691,38.72057357842106,39.51544768327739,2639700
2020-09-11,39.35478973388672,39.49008754713314,38.737493259340255,38.92352573645764,2835700
2020-09-14,40.29341506958008,40.445625495117206,39.63383548366788,39.70994069643644,3107800
2020-09-15,40.031280517578125,40.750049576458125,39.904437400950144,40.665489649209114,2591500
2020-09-16,41.15592575073242,41.663294778427066,40.27649190908395,40.42024437019125,3208300
2020-09-17,41.55337142944336,41.578738756143316,40.217306202602636,40.31032080908703,2672500
2020-09-18,41.28277587890625,41.874704899638225,40.80077731685038,41.70558186146428,4722900
2020-09-21,40.78386688232422,40.86843001883273,40.03127270904448,40.589376506985374,3362900
2020-09-22,40.895294189453125,41.02387009906116,40.39814076326588,40.91243786205561,2304900
2020-09-23,40.818153381347656,42.15533054972995,40.629579503496664,40.629579503496664,3520800
2020-09-24,40.6467170715332,41.03244154220922,40.19242117819329,40.380998312706296,2110900
2020-09-25,41.33245086669922,41.3838786161791,40.33814071562534,40.766722733671344,1839700
2020-09-28,42.5667724609375,42.68677492131096,41.40960214182563,41.62389318387019,3549000
2020-09-29,42.918209075927734,43.45822341034408,42.41248209254583,42.523914348496895,3538200
2020-09-30,42.23247146606445,42.91820202498733,42.06103800887843,42.832486931304935,2925100
2020-10-01,42.05246353149414,42.70390667877605,41.85531622021381,42.70390667877605,1947500
2020-10-02,41.77817916870117,42.13818651684363,41.21245100031909,41.49531344959938,1728200
2020-10-05,42.09532928466797,42.412479084690204,41.77817948464574,42.15533050981214,2000000
2020-10-06,42.51533508300781,43.20963913265676,42.04389551489516,42.30104407297285,2669600
2020-10-07,43.243934631347656,43.535370590729435,42.55820392392638,42.6010614800486,2602900
2020-10-08,43.99822998046875,44.041087526787926,43.303925958741786,43.55250430514268,2403000
2020-10-09,43.68965148925781,44.42681307542523,43.492504155486266,44.21252206874034,2408700
2020-10-12,43.963951110839844,44.17824215356787,43.49251147080254,43.50108167379006,2120900
2020-10-13,43.86966323852539,44.99254949772048,43.843949359325045,44.3753902383373,2463200
2020-10-14,43.749664306640625,44.3153925834583,43.65537571553399,43.92109781139613,2016800
2020-10-15,44.0153694152832,44.02394288625123,43.08106053885646,43.36392622402123,1501300
2020-10-16,44.09251022338867,44.37537588236948,43.381065880491086,43.68107194017908,2304900
2020-10-19,44.70111083984375,45.429699044899316,44.04109406511473,44.22966795087897,3693100
2020-10-20,44.47824478149414,45.30112153561688,44.40967335356136,44.99254520518702,2299500
2020-10-21,44.30681228637695,44.78682537180384,44.10966493070742,44.61539189344984,3478100
2020-10-22,44.39252853393555,44.658247306325016,43.91251547150266,43.97251669557908,3960300
2020-10-23,43.49251174926758,44.19538611232999,41.941043412847364,42.66963165485879,5912600
2020-10-26,41.96675491333008,43.56108071424751,41.65817530414327,43.24393090250402,4051700
2020-10-27,41.623878479003906,42.129605290358974,41.53816013057554,42.06103061161628,3541300
2020-10-28,40.921016693115234,41.40959998190664,40.37242890744512,41.14387792649556,3618700
2020-10-29,40.852439880371094,41.04101702412177,40.21813702309611,40.8867272282933,3619700
2020-10-30,40.98958969116211,41.03244724501117,40.372430452306006,40.56958108569085,3416300
2020-11-02,41.63246154785156,41.821038702863966,41.101020702605844,41.55531664533027,2765500
2020-11-03,43.1582145690918,43.406792962673975,41.91532914082452,42.16390426458489,2764500
2020-11-04,43.261077880859375,43.981095934002035,43.072500711996184,43.40679422420136,3435500
2020-11-05,45.21540451049805,45.386837977772274,43.37250045948757,43.5010763773986,3147500
2020-11-06,45.84970474243164,46.10685329376022,44.57252891742261,45.09539949135608,2880700
2020-11-09,46.415435791015625,47.64118067514639,46.38114844339009,47.05830884479799,4140900
2020-11-10,46.904022216796875,47.32403080918948,46.37257810218753,46.37257810218753,3698300
2020-11-11,46.82687759399414,47.332604564257664,46.5182979823321,47.1440274082816,2669000
2020-11-12,45.59256362915039,46.775451166860265,45.2325562267033,46.775451166860265,3013200
2020-11-13,46.895450592041016,47.14402898416932,45.82399538785535,45.82399538785535,2628200
2020-11-16,47.94976043701172,48.00119146214268,47.12688365384648,47.14402732889013,3242400
2020-11-17,47.581180572509766,47.90690386536607,47.144028294320364,47.49546546535788,2207000
2020-11-18,47.34975051879883,48.386918386954214,47.34975051879883,47.718328106225904,2499700
2020-11-19,47.9326171875,48.06976658906679,46.74115955487301,46.972594265284414,1931300
2020-11-20,47.666893005371094,48.386910933053855,47.641179130396424,47.83832646811867,2174800
2020-11-23,48.78977584838867,48.8926378880105,48.009756698607184,48.095475064958706,3005400
2020-11-24,50.18695831298828,50.409822814138046,48.892641937190604,49.346937872102764,3521800
2020-11-25,50.006961822509766,50.15267817359153,49.329801289098775,50.04124917681915,2488800
2020-11-27,50.126956939697266,50.684114921118535,49.98124060999048,50.30696061868385,1463300
2020-11-30,50.40982437133789,50.86412032028362,49.818379020634666,50.16981618808398,4122800
2020-12-01,51.678428649902344,52.20986952032653,50.44411015108255,50.87269223654568,3974400
2020-12-02,52.458438873291016,52.62987233189359,51.52412995721931,51.6012748500994,2433000
2020-12-03,53.43561553955078,53.85562742983306,52.29558560151449,52.31272927763029,3649000
2020-12-04,54.91850662231445,55.132797659008304,53.144177100075105,53.144177100075105,3216500
2020-12-07,54.189910888671875,55.20993817453009,54.12133619692757,54.66992065159689,3351100
2020-12-08,54.73849105834961,55.218500783698914,53.65846263667163,53.71846385234029,3160900
2020-12-09,54.45563888549805,55.98996354052123,54.164202935771975,55.01279690609318,2886900
2020-12-10,55.56137466430664,55.7585252775248,53.67561305944813,53.94133509784621,3195600
2020-12-11,55.50995635986328,56.547124274608834,54.47278517529575,55.62138535347192,2921200
2020-12-14,55.407081604003906,56.36710765849853,55.28707916464739,55.88709136142998,2752000
2020-12-15,56.55567932128906,56.572819722550456,55.57850641870179,56.07566307062612,2117000
2020-12-16,56.83854675292969,57.00998348879684,56.40139779066472,56.57282798688908,2064600
2020-12-17,56.75283432006836,57.16427596582904,56.48711554154895,57.08712779615506,2499100
2020-12-18,55.47565841674805,57.155699171638545,55.372796376375796,56.949981630536755,6019000
2020-12-21,55.75852584838867,55.79280665659746,54.57563523625481,55.03850462278855,2495400
2020-12-22,55.17824935913086,56.19156676053583,55.056998043118355,55.87111968580328,1794300
2020-12-23,54.58930587768555,55.316817001832746,54.56332439948929,55.23886926339375,1457800
2020-12-24,54.52002716064453,54.72788561803338,54.043681283290255,54.72788561803338,797300
2020-12-28,54.14760208129883,55.41208462906357,53.86179261707592,55.30815541655074,1781900
2020-12-29,52.62329864501953,53.957069716943316,52.48472524169307,53.84447779428727,2520500
2020-12-30,52.48472213745117,53.12562615483598,52.051679864687216,52.16427178068394,3258900
2020-12-31,53.8358154296875,53.93974465048168,52.190253465169576,52.48472234396172,3483700
2021-01-04,52.034358978271484,54.2601959060162,51.8178378506399,53.94840495361068,3266200
2021-01-05,52.1036376953125,52.56266137293024,51.835150340259766,51.835150340259766,3000400
2021-01-06,51.852474212646484,52.54534110006723,51.384791128543675,51.895777773638414,3192300
2021-01-07,52.06034469604492,52.415439242124904,51.46274422065022,52.09498887221138,3534600
2021-01-08,51.09897994995117,52.64060913527708,50.90844032341433,52.57998349116987,3144300
2021-01-11,50.85647964477539,51.26353708712447,50.26754195813208,50.59665166831219,4921400
2021-01-12,51.124961853027344,51.454074855115266,50.8391557146785,51.04701412368678,4107700
2021-01-13,51.86980056762695,52.060340216296204,51.09032649405765,51.116307972021566,4296200
2021-01-14,51.9304313659668,52.56267272193953,51.506051765858636,51.96507554258598,3074900
2021-01-15,52.406768798828125,52.90909936743042,51.72256459186464,51.74854606822338,6259900
2021-01-19,53.021697998046875,53.42009610405735,51.91310751091499,53.0043759103268,4425200
2021-01-20,53.194908142089844,53.72322021310317,52.978387018156525,53.26419648759658,2795600
2021-01-21,54.51136779785156,54.57199346028494,52.96107875353262,53.19491870643234,6121800
2021-01-22,51.96507263183594,52.61463603973389,50.536031812920314,52.40677429551239,9787600
2021-01-25,52.9957160949707,53.54135032433298,51.22024330529252,52.06034643420025,4524200
2021-01-26,56.17424392700195,56.21755079718551,53.22089577071169,53.22089577071169,4653700
2021-01-27,62.1155891418457,66.74914047301995,55.54200353124242,55.9837085314706,20290200
2021-01-28,57.72453689575195,61.02431693489231,57.421408623128954,60.625918832630546,7263000
2021-01-29,57.265506744384766,59.37009224173026,56.41674106811744,58.33944962219851,4117100
2021-02-01,57.80247497558594,58.31346824268357,56.68522522993183,56.82380191514476,2352700
2021-02-02,57.837120056152344,58.55597175467048,56.99701706001672,58.52999027770961,2312700
2021-02-03,58.426063537597656,59.41339940591007,57.603285849904246,57.603285849904246,2215200
2021-02-04,58.651248931884766,58.82446320515007,57.897752967008635,58.616604755691505,2010500
2021-02-05,60.140907287597656,60.41805405173728,58.68588512393965,58.7551668591995,1831700
2021-02-08,61.84709548950195,62.35808215770933,60.288140792479155,60.348766441380036,2307600
2021-02-09,62.66987991333008,62.79113122431959,61.65656255390306,61.98567231120304,1820600
2021-02-10,61.48332595825195,63.354071319920244,61.24948609189301,63.050943119936726,2076800
2021-02-11,62.75648880004883,62.782470280600116,61.41406164585759,61.59593861741766,1809400
2021-02-12,62.53996276855469,63.406047293710195,62.1675461584298,62.62656989953013,1496800
2021-02-16,61.492008209228516,63.12890761744962,61.440045246333014,62.808453928291044,2290000
2021-02-17,61.84709548950195,62.14156103910617,60.66922007568476,61.10226231289108,1924000
2021-02-18,62.765159606933594,63.96035412064867,62.219522014042575,62.81712257475106,2934100
2021-02-19,63.34542465209961,63.943025117325355,62.245500160260356,63.53596431392236,2491300
2021-02-22,63.63990020751953,64.47134064225088,62.79113438023269,63.12890685035163,2130300
2021-02-23,62.53996276855469,63.085593640630464,61.23217328541373,62.53130007314699,3031800
2021-02-24,64.38471984863281,66.0735886220995,62.513980727145665,62.903716116876176,4154700
2021-02-25,63.09425735473633,65.45000835842652,63.01631291791013,65.2681313981314,2933900
2021-02-26,63.42337417602539,65.36340170784034,62.84309250867256,62.86907398780614,3657800
2021-03-01,63.92571258544922,65.25948387881878,63.709191400312,65.20752090885054,2539600
2021-03-02,62.80844497680664,64.25481111237382,62.7045190658272,63.380063917994924,2241700
2021-03-03,65.77045440673828,66.2121527130482,63.58791792032507,63.813101724602596,5505500
2021-03-04,62.02031326293945,63.613905614649916,60.93770760845119,63.05095596047644,8329100
2021-03-05,63.55328369140625,64.09025850631255,61.65656296668578,63.12024140420144,4810500
2021-03-08,64.57526397705078,65.23349010603687,63.120241622697876,63.88240027974521,4064900
2021-03-09,65.08625793457031,66.00430548091519,64.67053442606071,65.32876056132548,3097000
2021-03-10,64.89570617675781,65.72714643115737,64.54927108549973,65.66652078576469,2122500
2021-03-11,66.90504455566406,67.55460809503944,65.40671508411596,65.62323626390776,2712400
2021-03-12,66.49797058105469,66.8270869384352,66.03028413190926,66.6798475433278,2614500
2021-03-15,65.3114242553711,66.88769751410103,64.30676323382713,66.8010837926099,2650900
2021-03-16,65.37207794189453,65.81377639404165,64.69652630601257,65.03429882010252,2454300
2021-03-17,67.53726196289062,67.58922491053673,65.33740687398084,66.59322656522374,3426700
2021-03-18,63.9776725769043,66.59324519406374,63.67453767697123,66.50663805452622,4150600
2021-03-19,64.63589477539062,65.49332333278322,64.04695695159133,64.28946620302754,9605100
2021-03-22,65.77045440673828,66.33340400588229,65.18151672395851,65.45000078556257,3088000
2021-03-23,63.43742752075195,65.75298238660707,62.63353883771711,65.24618039083911,2921700
2021-03-24,62.32771682739258,64.3636580948167,62.25781171953264,63.83064331379119,1936800
2021-03-25,63.76948547363281,64.06657221702694,61.62868629389291,62.03063071134787,2680700
2021-03-26,66.4258041381836,66.4782363013064,63.42869102944081,63.69083184550121,2832600
2021-03-29,65.73551177978516,67.3957146987095,65.60444137394435,66.14618927386029,2365500
2021-03-30,66.14619445800781,66.38212254031546,65.3160929334872,65.60444651563286,1913600
2021-03-31,67.06365203857422,67.74520991121628,65.91024486952256,66.25976360758693,2765200
2021-04-01,68.58407592773438,68.59281573266928,67.10736888659441,67.5093132488674,3178800
2021-04-05,69.20448303222656,69.78119027964608,68.82001820046612,69.08215240395926,2188700
2021-04-06,68.78504943847656,69.32679733133789,68.16465663652777,68.73262394343003,2314200
2021-04-07,68.99474334716797,69.72873345361972,68.7500822005228,68.92483825769328,1680900
2021-04-08,69.90351104736328,70.0258416583747,68.37437174320222,69.89477124185724,2302200
2021-04-09,70.3666000366211,70.57630864143304,69.37921563355334,69.83358538839862,2022300
2021-04-12,69.82486724853516,70.62875596173217,69.23068718519002,70.62875596173217,1954500
2021-04-13,69.88601684570312,70.3403865960377,68.79377481781434,70.3054340511633,2465300
2021-04-14,70.1481704711914,70.50642915605424,69.07340774963917,69.91224906072227,3445100
2021-04-15,71.06564331054688,71.34525702823866,69.99087412492463,70.3578658794232,2535000
2021-04-16,71.71226501464844,72.39382318913405,71.06565939610033,71.31906042675855,5786300
2021-04-19,71.9394302368164,72.67341367669131,71.2491324779724,71.59865125880074,3111500
2021-04-20,72.00935363769531,73.15402143613477,71.9132357818626,72.10546482701007,2832400
2021-04-21,73.2938232421875,73.36372834777136,71.3015743986722,72.14915547095251,2646400
2021-04-22,73.46858215332031,74.33363612337267,72.63847406770945,73.50353470427926,4529300
2021-04-23,77.89871215820312,77.95987745248179,72.69963547844819,72.95303645946468,4343700
2021-04-26,81.4987564086914,81.92692023160998,78.27446136036694,78.27446136036694,5177900
2021-04-27,82.33759307861328,82.66089251950008,81.00942276337331,81.02690237270201,3829500
2021-04-28,83.1851577758789,83.40360620141065,82.14534780357933,82.71331504326523,2972900
2021-04-29,84.6094741821289,84.86287524079991,82.44246214007428,83.70946743342931,3231400
2021-04-30,81.12301635742188,84.84537995729023,80.67738630192648,84.7667417121503,4829600
2021-05-03,80.03950500488281,82.13661130774571,79.45406480084492,82.13661130774571,3622700
2021-05-04,77.31327819824219,79.6375662348722,75.90646964981444,79.6375662348722,5893000
2021-05-05,77.26958465576172,78.25696923262966,76.2996730213219,78.06473353333276,3836900
2021-05-06,78.63269805908203,78.65017766741244,76.71035446680958,77.68900587127621,3609400
2021-05-07,80.00455474853516,80.37155319528019,77.22589031756483,78.69386410499287,4634900
2021-05-10,78.63269805908203,80.82592224833743,77.61036096682398,80.79096969819392,4500400
2021-05-11,76.37901306152344,78.45663538753733,75.40182600494386,77.23295190524829,5254500
2021-05-12,74.3102035522461,76.32619525753012,73.85241867298829,75.62192064436165,3179100
2021-05-13,76.70474243164062,77.26816478773928,74.67994543832489,74.83840839576041,3082500
2021-05-14,86.24771881103516,87.21610053918108,77.84039036773942,77.91081983944707,9345400
2021-05-17,91.75870513916016,93.51059635405225,85.57865638768385,85.6226764887539,10344500
2021-05-18,89.06483459472656,92.5686237326862,88.4573988438588,92.21648307453822,4536000
2021-05-19,87.64746856689453,87.96439447040594,80.71032685825102,83.4305996941126,4625400
2021-05-20,85.23532104492188,89.79552544913707,84.07326157247637,88.91517716042004,3285700
2021-05-21,82.68230438232422,84.98881916936399,82.20691553080347,83.62427672241422,3355000
2021-05-24,86.40616607666016,87.68266811611689,82.71750544308593,83.82674591325923,3465600
2021-05-25,82.31256103515625,86.65267815839819,81.9428163836486,86.41498708715015,3244700
2021-05-26,85.20891571044922,85.22651972178738,82.51505196855348,83.27214535353959,2589400
2021-05-27,84.89197540283203,86.2741217789979,84.3109423791646,85.543431176455,3255200
2021-05-28,84.2933349609375,86.31813838290094,83.58905375768326,86.31813838290094,2333600
2021-06-01,86.49420928955078,87.04002758291428,84.96240532627085,86.4061758142402,2214800
2021-06-02,86.30052185058594,88.37814387218341,85.87795853029117,87.04881638085521,2157200
2021-06-03,85.89557647705078,86.2653211214466,84.56624876998126,84.86557066058072,1392000
2021-06-04,87.2601318359375,87.6034671589163,86.0276427889886,86.3709781119674,1250000
2021-06-07,86.84636688232422,87.80594336885885,85.95721315988872,87.7707286285468,1734400
2021-06-08,88.76551055908203,89.0824364481937,85.28813114147455,87.23369985620108,3200600
2021-06-09,87.44498443603516,89.48739190070596,87.41857506585134,89.48739190070596,2284700
2021-06-10,85.79874420166016,88.16688326938181,85.23532182902017,87.77072250590012,2105200
2021-06-11,85.1913070678711,87.46260742799979,84.5310458038703,86.17729964006124,2318400
2021-06-14,83.3337631225586,85.40258003154388,82.77913946273121,85.18249298342792,2018700
2021-06-15,82.69990539550781,84.24931326680024,82.55024110900577,83.73871645648873,1382800
2021-06-16,81.5994873046875,82.99043253506818,81.32657476034241,82.53265436744756,1840000
2021-06-17,78.19253540039062,81.49384151116459,77.13612013155276,80.99204325098793,3802900
2021-06-18,75.09371185302734,77.35620669055268,74.8296046793141,76.8367977066565,4831700
2021-06-21,75.10250854492188,76.29978272594472,74.54789155439151,76.053286285709,2641800
2021-06-22,74.3894271850586,75.14652721799177,73.67634725127061,75.12011784511431,2459800
2021-06-23,74.6183090209961,75.70113345444173,73.88761846464041,74.64471839012552,2263600
2021-06-24,76.05327606201172,76.47584612884214,75.26976674664917,76.47584612884214,2002700
2021-06-25,76.15011596679688,77.20653107394652,75.79797535890584,75.92122356418919,1727900
2021-06-28,75.89481353759766,76.68712821936913,75.70994123127154,76.15011530819754,1428500
2021-06-29,77.1889419555664,77.31219018462407,75.97406367634458,76.15013065599132,1739600
2021-06-30,77.40901947021484,78.17492484171005,76.64311409871965,77.94603242324185,1533600
2021-07-01,76.25576782226562,77.81398126927671,76.14131825120621,77.55867947082957,1648800
2021-07-02,76.61670684814453,76.73995506538068,75.52507690268536,76.53747872986018,1294800
2021-07-06,75.38422393798828,77.1273165602538,74.93525113238738,76.3350017319513,1729100
2021-07-07,77.31218719482422,77.53227426913385,75.30499415176436,75.7627723110576,2161800
2021-07-08,76.15011596679688,77.45303420103666,74.45984910874805,74.8383990868393,1894300
2021-07-09,77.4354248046875,78.00765246275955,76.62550609421322,77.0656801824958,1437000
2021-07-12,78.3333740234375,78.72952796731475,77.2681469509231,77.86678390565226,1384200
2021-07-13,77.91082763671875,78.6151089912312,77.06569404121868,77.47945883325538,1584100
2021-07-14,78.89680480957031,79.52185119950416,78.21012760034553,78.79116061203031,1500100
2021-07-15,75.84199523925781,79.86518605712625,75.2345528602755,79.73313248997486,2136300
2021-07-16,74.35420989990234,76.58148982319706,74.01087463121792,76.0532822341844,1611900
2021-07-19,74.20455169677734,74.3366052720624,72.30299633232963,73.11292179303356,1938100
2021-07-20,75.26097869873047,75.71876360282295,74.00208028726351,74.16934862335786,2470500
2021-07-21,72.71676635742188,73.94044992547535,69.42426568113926,71.96847166506551,6407600
2021-07-22,73.19215393066406,73.79959638044387,72.1533427133355,72.61112757061207,2309900
2021-07-23,75.2521743774414,75.35781187309439,73.21856527130433,73.25378000869678,2723200
2021-07-26,75.94763946533203,76.85440379149668,75.4722573278017,75.4722573278017,2467300
2021-07-27,74.98806762695312,75.76277170437058,73.18335094545607,75.69234894571403,2111700
2021-07-28,76.2381591796875,76.64311857971586,74.92644213214734,75.02328097960242,1436900
2021-07-29,76.766357421875,77.23294759193703,75.48985526723092,77.23294759193703,1011200
2021-07-30,77.38260650634766,78.3069680671183,76.15892307123917,76.37020475419767,3085100
2021-08-02,77.91082763671875,78.58869289930405,77.3121905003406,78.04288123025543,2174100
2021-08-03,79.60108184814453,80.19971888691028,77.62910378019069,78.05167386729978,1962200
2021-08-04,78.63270568847656,79.56587268735908,78.35979987933715,79.17852402327955,1617100
2021-08-05,80.02365112304688,80.20852343536708,78.79996768683915,79.05526946571665,1784000
2021-08-06,81.12408447265625,82.03084200488425,80.41099789419106,80.41980325643775,1472100
2021-08-09,81.4498062133789,81.98681911119445,80.41099514900887,80.85116921498731,1044400
2021-08-10,81.66990661621094,82.55906025567354,81.21212846792262,81.7579468170379,1547200
2021-08-11,82.86717224121094,83.00803117475097,80.81596607459242,81.6963142596467,1704500
2021-08-12,79.9620361328125,83.1753087081012,79.18732534542984,83.1753087081012,2058700
2021-08-13,79.5306625366211,80.7719568688369,79.3281861880129,79.59229336574697,1347400
2021-08-16,79.85638427734375,81.33536951943638,79.75954543819002,80.78955121843568,1787400
2021-08-17,79.41622161865234,80.24375119371518,78.34219558715156,78.87920860290195,1255600
2021-08-18,78.37740325927734,79.97083143509799,78.33338987689599,79.41621445811946,1384200
2021-08-19,77.59388732910156,78.16611498410556,76.99525030358599,77.54106858807839,1435100
2021-08-20,78.73834228515625,78.80876503402939,77.4618334118051,77.7611552814791,1269800
2021-08-23,80.69273376464844,81.29136420056898,79.19613752527222,79.29297638202995,1254900
2021-08-24,75.77156829833984,80.2525440693803,74.55669021643403,79.84757799222139,5323300
2021-08-25,76.49345397949219,78.81757267251197,75.6219111487407,75.6219111487407,3235600
2021-08-26,74.60071563720703,76.76637172400046,74.51268214747229,76.52868063006417,2325000
2021-08-27,75.98284912109375,76.67832498794556,74.6887362243267,74.70634694914621,1659000
2021-08-30,76.44945526123047,76.82800535887147,75.51628806466107,76.01808640650837,1484200
2021-08-31,77.10970306396484,77.67313214560197,76.19414675804995,76.59910616319195,1896900
2021-09-01,76.75755310058594,77.66431057026888,75.70993671076589,77.66431057026888,2051900
2021-09-02,78.7911605834961,78.87919405648582,76.98644416285133,77.39141022834626,1629000
2021-09-03,79.51305389404297,79.8916039112642,78.73834984982183,78.91441681370532,1484600
2021-09-07,77.5234603881836,79.93561929349553,77.44423227406853,79.80356572011334,1810500
2021-09-08,74.2397689819336,76.08849894986953,73.39463547420642,76.06208957720995,3542800
2021-09-09,76.88961029052734,77.99885092806059,74.26617635687475,74.33660582642186,4818400
2021-09-10,73.87881469726562,77.47063673989928,73.6059089216739,76.79277162369543,3662700
2021-09-13,73.89643096923828,74.64472560516819,73.21855908561942,73.83480686313874,1856000
2021-09-14,72.83122253417969,74.8120063375466,72.25018939459342,73.66755078676908,2100000
2021-09-15,74.25737762451172,74.2925923624296,72.8488216904188,73.05130475431551,1867000
2021-09-16,74.67113494873047,75.71875146855211,74.06369253417522,74.08130325963921,1782600
2021-09-17,73.7203598022461,74.98806341825623,73.52668211463076,74.16053392263584,4437200
2021-09-20,73.0248794555664,73.10411428502182,71.58991432810508,72.46145715297278,2267000
2021-09-21,72.3947525024414,73.79703081481789,72.14624885644386,73.73490490331851,1697600
2021-09-22,73.61063385009766,74.48039638387019,72.90949487707667,73.26450289485138,1504700
2021-09-23,75.47442626953125,76.1045623581432,73.93014899925389,74.08102522373515,1564500
2021-09-24,76.39744567871094,76.5571989691884,74.86203867738766,75.518799195477,1247600
2021-09-27,77.13408660888672,78.31447878029905,76.05131505376724,76.31756602506857,1250200
2021-09-28,74.7289047241211,77.22283129868549,74.45377670915094,76.55719376217176,2114400
2021-09-29,73.75265502929688,74.98630301194515,73.20239887000201,74.4981727664809,1578800
2021-09-30,73.23788452148438,74.31178582523427,73.20238980758977,74.13427839968159,1228400
2021-10-01,74.91532135009766,75.4567005493289,72.19063736404256,74.25855382354786,1655500
2021-10-04,74.67566680908203,76.06906798511623,74.17865954258815,74.75554684617778,2131600
2021-10-05,75.57206726074219,76.13120048395082,73.51302827259993,74.93305399352273,2085000
2021-10-06,71.542724609375,72.73199378507786,70.43332868970502,72.03973181459826,4414100
2021-10-07,72.58113098144531,73.33551899202364,71.5959866809809,72.20837550862542,2111200
2021-10-08,70.939208984375,73.26450513938308,70.85932896160149,72.98050007070547,1985700
2021-10-11,72.44799041748047,72.9716288250067,70.73508280606615,70.86821167382472,2514400
2021-10-12,70.12271118164062,72.86513511400085,69.40381789829408,72.73200622662435,2558100
2021-10-13,70.61972045898438,71.26761078446496,69.90083392662623,70.31796795890895,1357400
2021-10-14,73.22013854980469,74.09877831646185,71.28535158757938,71.44510488799125,2102600
2021-10-15,72.76750183105469,73.93015346417239,72.52787527012518,73.18463581787267,1733200
2021-10-18,72.10186767578125,72.9627601117678,71.70248779801376,72.23499655877583,1911800
2021-10-19,71.995361328125,72.3414923195551,70.85933419824505,72.11073606819654,2425500
2021-10-20,71.47172546386719,72.94500657408368,71.42735368743898,72.09299127480328,1983200
2021-10-21,72.98938751220703,72.99826457709321,70.85934561103335,71.13448045277244,2606300
2021-10-22,77.41810607910156,78.9623836672098,75.52769065298001,76.77021573002143,5172600
2021-10-25,79.1310043334961,79.76114047439512,77.72872610778026,78.62511323670101,3979600
2021-10-26,78.16360473632812,78.98899563572989,76.2731963795377,77.88847669359949,3877500
2021-10-27,78.12810516357422,78.98899756878589,77.69322381447307,78.6961153909109,2154400
2021-10-28,79.47713470458984,79.86763750472224,78.53636226190645,78.53636226190645,1766100
2021-10-29,79.05111694335938,79.46825090079311,77.88847216335802,78.32335347652246,2702300
2021-11-01,81.56280517578125,82.76095164699034,79.39726175410017,79.47714179682966,2293400
2021-11-02,81.4917984008789,81.77580352727435,80.31139934349122,81.7669264626699,1754500
2021-11-03,82.94732666015625,84.15435015673133,81.5716795610769,81.82905349719655,2722000
2021-11-04,84.58035278320312,84.60697720350474,83.09819459799441,83.42657824788438,1375900
2021-11-05,85.86725616455078,86.40864199059305,84.78448451246624,84.93536075350325,1636900
2021-11-08,86.7281494140625,87.10090487348634,86.08913618578372,86.19564064756896,1275200
2021-11-09,88.12154388427734,88.30792159973088,85.99150221004068,86.70151835852484,2631900
2021-11-10,87.88191986083984,89.34632409012141,87.1364089200952,88.02392581405779,1876500
2021-11-11,93.4200210571289,94.68029329873752,87.9529142725265,87.99729282138964,5507400
2021-11-12,95.95832061767578,103.77734160262673,93.72177444867964,94.02353368725922,7778500
2021-11-15,93.77503204345703,96.11807594633898,93.37564540494682,96.02044855278422,3037300
2021-11-16,92.0,94.47616605495107,91.7071178141572,94.15665944698004,2918100
2021-11-17,89.54158782958984,92.74552467835775,89.07120491222355,92.00888395773417,3194800
2021-11-18,89.861083984375,90.47347279757629,88.97356710551698,90.0208372934181,2736700
2021-11-19,89.44393920898438,91.2544742366171,89.3285644662488,90.42020630405278,1831300
2021-11-22,90.18946075439453,92.02662028196832,89.31969130044409,89.72794822088093,2405400
2021-11-23,90.15396118164062,91.8313674479949,88.76056002992792,90.46459071777734,2040700
2021-11-24,89.67469787597656,90.2959569246597,89.19543799361423,89.7989496857132,1644700
2021-11-26,87.52691650390625,89.07119396788563,87.03877951498522,88.05942527377331,1345400
2021-11-29,92.3550033569336,92.68338703658357,89.36407583759119,89.43507204109099,2425400
2021-11-30,91.12136840820312,92.94965802547387,90.2072269851764,91.36987208383555,4115800
2021-12-01,92.15975189208984,96.25120535372055,92.0443771324195,92.44376380121672,3057500
2021-12-02,93.28689575195312,94.17441259345493,91.07698071255412,91.67161537126846,2016200
2021-12-03,93.55313873291016,94.36077541005004,91.49409348555643,92.09760511328061,3038400
2021-12-06,91.93787384033203,93.51765963454577,90.1717170780033,92.95851964533406,1937800
2021-12-07,96.31332397460938,97.08546605885546,92.55913155367077,93.28689508767131,2593200
2021-12-08,93.81053924560547,96.73934789967886,92.71002011956823,96.59734193698142,2301000
2021-12-09,91.35209655761719,94.23652590700024,91.26334623957152,93.50876246508143,1519800
2021-12-10,92.22188568115234,92.28401159421445,90.21609556180691,91.86687756170463,1214000
2021-12-13,90.24270629882812,92.10649017923052,89.41731542406505,92.01773985563338,1458900
2021-12-14,90.91722869873047,91.07698200331349,88.81381131692335,89.68358081325675,1824100
2021-12-15,92.77214050292969,92.9230167508854,89.28419881397852,91.16573708021123,1610900
2021-12-16,92.8431396484375,94.73354813038053,92.29287675533477,93.5709032057843,2084000
2021-12-17,92.75438690185547,93.46439631156605,91.00597764257674,92.24850257359043,4205400
2021-12-20,93.30465698242188,94.06792212129656,91.54737716684872,92.20413783126979,1986700
2021-12-21,97.58433532714844,97.63794109359402,94.51974737428685,96.08331251724474,2088600
2021-12-22,98.5582275390625,98.59396699533636,95.82422389185308,96.8159716494887,1583800
2021-12-23,99.54996490478516,100.23793743718272,98.72797794610561,98.86199918899118,1105300
2021-12-27,101.50666046142578,101.81043559251444,99.6303834529148,99.69292579264503,849200
2021-12-28,101.71215057373047,102.11421430204965,100.96164252076704,101.85510838378268,753200
2021-12-29,102.74859619140625,103.95477400076697,101.94447537963076,101.94447537963076,1456000
2021-12-30,101.65855407714844,103.5348311973255,101.56920884601699,102.73964705202853,1446700
2021-12-31,100.94377136230469,102.86471742239127,100.73827122435976,101.57813127663421,1060200
2022-01-03,101.1046142578125,102.22144674042387,99.69293636380665,100.98845931699404,1421700
2022-01-04,103.65992736816406,104.08879406835273,101.22970545577815,101.56922009833232,1590000
2022-01-05,102.48947143554688,105.13412965225476,102.12315396523923,103.61524036572378,2276300
2022-01-06,100.40769958496094,103.1953157634578,100.08605130218807,102.45373739947567,1644000
2022-01-07,99.13897705078125,100.64893662753636,98.30805347766685,100.06818241981486,1501500
2022-01-10,102.23036193847656,102.37331974786903,97.68262398868426,98.28124447815728,2566100
2022-01-11,99.8180160522461,102.74858324904032,97.05720274900727,102.07848379306832,2403500
2022-01-12,101.16715240478516,102.25717513661986,100.03244683225444,100.68467997433164,1286200
2022-01-13,99.0317611694336,102.0516803986422,98.66544367995573,101.85511680187665,1195100
2022-01-14,97.56646728515625,99.54996254638232,96.62833224038948,98.39739079143735,1288000
2022-01-18,94.22490692138672,96.78915634304855,93.83177976941815,96.61939565167968,1579200
2022-01-19,91.4551773071289,95.01116805325333,91.21393767773894,94.7520689203595,2063200
2022-01-20,89.73078155517578,92.91151801137862,89.56102085107375,92.77749676164564,2158100
2022-01-21,85.3438720703125,88.95347564459966,85.10263924184646,88.64970046678282,2735400
2022-01-24,86.80915832519531,87.01465168432992,82.13632822699712,83.70883026835199,3036700
2022-01-25,84.68270111083984,86.1211818265038,82.10058507711854,85.01328596421125,2324900
2022-01-26,86.04971313476562,88.40846296254956,84.43254176481659,87.41671510125347,3665600
2022-01-27,92.63455200195312,104.56232133294174,91.59812820523403,95.8599646975779,11944400
2022-01-28,95.61872100830078,95.77954514866603,89.93628395413852,91.67853979425854,3850900
2022-01-31,95.73487854003906,97.91493083719045,94.90395492837025,95.15412430537087,3820500
2022-02-01,96.4585952758789,97.15549771387363,94.26960614970523,95.73488994666978,1931800
2022-02-02,98.62969970703125,98.83519986240218,95.99397804066199,96.5568591011242,2075100
2022-02-03,96.64620971679688,98.23657800959172,96.58366737325788,97.0393369142443,1565500
2022-02-04,97.13761138916016,98.19190139832388,95.42215853863725,96.32455416785596,1297400
2022-02-07,97.7809066772461,98.31698483418816,96.94104658085456,97.95959712402558,1374100
2022-02-08,98.94241333007812,99.17471637618496,97.11081229777763,97.94173586980982,1284300
2022-02-09,100.13966369628906,100.39876963560104,98.51355596618954,100.24687524593256,1227400
2022-02-10,98.35272979736328,101.40838159807812,97.88812370313994,99.01389266741529,1794300
2022-02-11,97.12869262695312,99.7465484031928,96.6015509340397,98.7994765797999,1734400
2022-02-14,94.82353210449219,97.06613338882916,94.18917214290758,96.81596403120184,1809500
2022-02-15,98.20976257324219,98.63862917171458,95.64551999918271,96.33348569020752,1204800
2022-02-16,99.93415832519531,100.63106062798566,97.46819056281086,97.74516962370213,1329200
2022-02-17,99.34447479248047,100.6310610427019,98.91560816467079,99.68398937773544,1221900
2022-02-18,97.0661392211914,99.1568530663931,96.88744875975037,98.93348658128973,1906500
2022-02-22,95.91357421875,96.86065281880124,94.20705769480728,95.78848952344968,3470800
2022-02-23,93.66204833984375,97.05721526461565,93.39400579624898,96.47646778116871,2818100
2022-02-24,92.1699447631836,92.32183232895814,88.83731398409672,89.70397699067499,2948600
2022-02-25,93.72457885742188,93.8496635442115,91.5802592292217,92.53626751631623,1911300
2022-02-28,92.1699447631836,93.40292524113599,90.75826701672837,92.18781108173198,2011900
2022-03-01,89.9005355834961,93.16168045741216,89.4001900760876,91.84829139404883,1672300
2022-03-02,94.43934631347656,94.78779748173051,90.52596798414544,90.59744689471141,1652000
2022-03-03,93.5101547241211,95.26134726410882,93.00980912940703,94.67165643281872,950800
2022-03-04,92.18780517578125,93.27783458570318,90.98162766122628,92.27715039600692,1591900
2022-03-07,89.42700958251953,93.27785271718979,89.34660091366749,91.37476575510168,1541300
2022-03-08,80.92120361328125,92.44691470530569,80.61742848930066,89.87372863580597,5207500
2022-03-09,80.7603759765625,82.34181431586221,77.95489381054286,81.99335637024775,3827200
2022-03-10,79.26829528808594,80.233240090586,78.01744167187518,79.83117634790906,2047700
2022-03-11,78.02637481689453,80.17962398457024,77.07036662392747,79.91158831781333,1871100
2022-03-14,77.1507797241211,78.47311226609519,75.50680572682758,77.94596383620822,2426300
2022-03-15,79.17001342773438,79.50059826255466,76.87380635238156,77.32053929946657,2165200
2022-03-16,80.8050537109375,81.09096251047018,78.75007952788151,79.94732731233948,1852900
2022-03-17,82.28822326660156,82.59200527349653,79.51847982696101,80.34940354051369,1756200
2022-03-18,84.2717056274414,84.50400867618836,81.61811074412877,81.8593503607594,3945100
2022-03-21,83.05650329589844,85.27086942976342,82.66944007856436,84.3977263440862,1267800
2022-03-22,84.31669616699219,84.45171947572874,82.36338048565858,83.35353997044197,1445600
2022-03-23,82.28238677978516,84.08267960296315,81.73329691931009,84.08267960296315,1397300
2022-03-24,84.541748046875,84.59576150070073,82.61543530467624,82.87647858418923,1296200
2022-03-25,81.84130096435547,84.19968677197527,79.6899518300387,84.19968677197527,2736300
2022-03-28,83.16452026367188,83.24553700585767,81.2382076348117,81.46324422105772,1316900
2022-03-29,84.29869842529297,85.2258479721125,82.24636605610586,84.30770181079177,1410300
2022-03-30,82.24636840820312,84.63175056578325,81.72428191547682,84.30770422183951,1160400
2022-03-31,80.92314910888672,82.89446472303715,80.8331358575562,82.5344117177151,2125400
2022-04-01,80.49110412597656,81.7333107798724,78.82583435565024,81.45426067500867,1834800
2022-04-04,81.88632202148438,82.11135862949436,80.57210905481475,80.99517897668507,1111800
2022-04-05,79.347900390625,82.63343586978257,78.98784048498541,81.61626612128288,1663300
2022-04-06,77.50260162353516,78.76280792383082,77.04352504871613,78.02468816999036,1544200
2022-04-07,77.88966369628906,78.35774365091756,76.62046089551961,77.76364375486719,1476700
2022-04-08,76.5484390258789,77.73663181827787,76.36840565274514,77.58360860179239,1117500
2022-04-11,76.08037567138672,76.74648899551012,74.7571661457926,76.44943901590692,1376600
2022-04-12,74.84717559814453,78.15071128491691,74.72115564975778,76.90851170757372,1891200
2022-04-13,75.70231628417969,76.15238951638952,74.45111324804215,75.1262230963569,1519400
2022-04-14,73.28092956542969,74.51412587020184,72.81284954147966,73.07389284953395,2806400
2022-04-18,74.0910415649414,74.94618469136977,73.1548885659687,73.27191198307243,1909400
2022-04-19,75.72930908203125,76.00835911726995,73.16389338755653,73.37093006740643,1865400
2022-04-20,77.19656372070312,78.27673674509828,76.23340726588611,76.53045038367259,1863100
2022-04-21,75.83732604980469,78.20470835505749,75.5312796031299,77.6106153660418,1310500
2022-04-22,74.1900634765625,75.69330629277599,74.01003694641393,75.49527985664133,1564400
2022-04-25,74.298095703125,74.49612903931715,72.73184265767269,73.37994239306558,2155300
2022-04-26,71.32759094238281,73.8570067172215,71.06654769107918,73.72198339860634,2797600
2022-04-27,73.4969482421875,76.36841032681419,71.80466876901032,72.01170544389294,3259100
2022-04-28,73.96502685546875,74.82017004231957,72.00270746018616,73.52395704945124,2145600
2022-04-29,73.8480224609375,76.43144548540542,73.71299910734581,74.6941624003773,2798400
2022-05-02,74.21707153320312,74.28008150955682,72.04772217510656,73.90202165143462,1960800
2022-05-03,75.51327514648438,75.79231831142826,73.75799254833493,74.68514217030985,2309900
2022-05-04,77.8176498413086,78.07869310903337,74.30708454190713,75.72031404816076,2099700
2022-05-05,74.46012115478516,76.78250082215658,73.62298461736397,76.63847408267327,2042600
2022-05-06,74.37010955810547,75.48628934404928,73.12790293847749,73.81201623134702,1479600
2022-05-09,72.33576202392578,74.29808136301956,71.97570210648651,72.92085853131815,1592100
2022-05-10,72.7318344116211,73.96503062751954,71.83168798012862,73.40694423524046,1867400
2022-05-11,69.42828369140625,73.63197225556321,69.23925378694769,72.19173263908971,1611500
2022-05-12,70.30142211914062,70.52645868601851,68.66315618697237,68.93320281425426,1780200
2022-05-13,72.65081787109375,73.06488440666533,71.17457826859602,71.38161497016796,1399300
2022-05-16,74.55912780761719,75.4232675257399,72.38977169162263,72.60581177183232,3144500
2022-05-17,78.40274810791016,78.53777143805155,75.25223578661296,75.25223578661296,1895700
2022-05-18,75.70231628417969,77.8716725598659,74.89218309268747,77.3225826671641,1892500
2022-05-19,74.27108764648438,76.06237721053402,73.97403766123173,74.89218404488138,1584800
2022-05-20,72.1197280883789,75.15321689490663,70.30142861417599,74.77515707584047,2312700
2022-05-23,73.74899291992188,73.88401624994525,72.08372349649184,72.6508132415038,1274900
2022-05-24,71.60665130615234,73.60497061346021,70.51746808158832,73.41594068712996,1959700
2022-05-25,74.40609741210938,75.18922030794329,71.20157187291572,71.38160525577567,1806600
2022-05-26,77.1695556640625,77.41259217590625,73.84801317424063,73.84801317424063,1640400
2022-05-27,79.36589813232422,79.43791148500365,77.42158568297849,78.32173198875756,1451800
2022-05-31,76.21538543701172,78.33072786472917,73.86600304879124,78.14169796617446,4015100
2022-06-01,75.3242416381836,77.79964392964598,75.31523825238563,76.6024477186489,1904800
2022-06-02,76.18838500976562,76.76447811298124,75.18922203159478,75.3242453549422,1086400
2022-06-03,74.45111846923828,75.3692717731763,73.59598201509858,75.06321838267263,1159700
2022-06-06,74.298095703125,75.95436202841746,73.92903232793545,75.33326559021931,1175500
2022-06-07,76.0533676147461,76.19739433556258,73.37993170084557,73.55096171492214,1305200
2022-06-08,75.333251953125,75.91834159995747,74.22606889555558,75.87333840197056,1841000
2022-06-09,74.57713317871094,76.69247599587513,74.53212997604851,74.82917308985255,1613800
2022-06-10,72.56080627441406,73.99203584118192,72.12873295435688,73.38893936465354,1540500
2022-06-13,69.3472900390625,71.53464639881653,69.0142333480247,70.79652651313184,2376300
2022-06-14,68.07806396484375,69.86035670686601,67.40295422230935,69.76134006188859,1558900
2022-06-15,68.62715911865234,69.59031548501036,67.47497283376485,68.30310586758124,1815700
2022-06-16,63.74836349487305,66.67383909853193,63.109260417874616,66.60182574314776,3201200
2022-06-17,65.43165588378906,65.88172916543829,63.334312743086045,63.85639939801674,3171200
2022-06-21,65.44063568115234,67.1869217653044,64.74752602627171,66.3587887869201,2077000
2022-06-22,64.45048522949219,65.67468496577074,64.05442545662972,65.15259837021055,3195800
2022-06-23,64.31411743164062,65.05952459300931,63.43235386390726,65.05952459300931,1790900
2022-06-24,67.40484619140625,67.65937450245019,64.45957912230647,64.51411892170836,1948500
2022-06-27,67.45939636230469,68.02299980582158,66.77762102345665,68.02299980582158,1046100
2022-06-28,66.27763366699219,68.3774987646494,65.92310423293156,67.8775275816953,1657400
2022-06-29,64.97772216796875,66.40490458519213,64.60501507796819,66.27764044113724,1411100
2022-06-30,64.94136810302734,65.68677544073881,63.459638770903105,63.97778768936868,1526600
2022-07-01,62.80513381958008,65.01408594633662,61.83246805633861,64.55048376155094,1782500
2022-07-05,64.82318878173828,64.84137333894726,61.23250855975675,61.45067469862898,1796300
2022-07-06,65.02317810058594,65.4231551395976,63.814161640210926,64.61411571823426,1610100
2022-07-07,67.71392059326172,68.10480537450445,65.53223825459013,65.71404916178265,1714400
2022-07-08,68.0593490600586,68.6774921939323,66.65943646465709,66.98668911996529,1105000
2022-07-11,67.56847381591797,68.16843242693028,66.91396846908529,67.76846233138089,1330900
2022-07-12,67.97752380371094,68.96837392194844,67.45028271090109,67.85025966894652,1163200
2022-07-13,67.77754211425781,68.28660563968579,66.58671033308202,66.81396873012326,1432800
2022-07-14,68.70476531982422,68.98656353359657,65.46860079147682,66.84124355264066,1550100
2022-07-15,70.52281951904297,70.8318875753497,68.51385634692394,69.32289559475637,1985300
2022-07-18,70.45919036865234,72.22271068869422,70.15011536417826,71.05006354617234,1577800
2022-07-19,73.44081115722656,73.63170734402166,70.65917109910562,70.7773429474908,2298200
2022-07-20,74.60438537597656,74.73164952190774,72.74086376925096,72.96812216346747,2211000
2022-07-21,76.00430297851562,76.1588370323847,73.70444898553352,74.9316430089591,3380600
2022-07-22,69.8410415649414,72.0318085710688,68.17750868845319,68.17750868845319,8009900
2022-07-25,69.55924987792969,71.80456403954823,68.43205012573446,69.91377937194287,3441500
2022-07-26,69.07746124267578,70.70463221705013,69.07746124267578,69.48653052343106,2383400
2022-07-27,71.52277374267578,71.93183614467355,68.51387433299267,69.18655734742029,2387800
2022-07-28,72.54088592529297,72.8499540282847,70.05922108171468,71.43186379502635,1859600
2022-07-29,72.70451354980469,73.50446065595058,71.80456525309225,72.26817435121293,3995200
2022-08-01,72.3045425415039,72.91359346621641,70.59556165361037,71.78639360123886,1325600
2022-08-02,71.82274627685547,73.09539469682434,71.18641859918307,71.81365399900096,1309700
2022-08-03,72.86813354492188,73.32265032521093,71.85001346033914,72.26816806596,1169900
2022-08-04,73.07720184326172,73.3771845600141,72.01363432245797,72.91357553733998,1180600
2022-08-05,73.58627319335938,73.66808983047878,71.46823000217886,71.86820010299377,1223800
2022-08-08,73.7044448852539,74.30440344617104,73.04993959307096,73.46809421077099,1163000
2022-08-09,70.30464935302734,73.05902675394933,68.78656503382267,73.0408421996757,2195500
2022-08-10,73.0317611694336,73.37719840007598,71.40459701550536,71.48640671620922,1282900
2022-08-11,74.96800994873047,76.03157770756627,73.11358037837803,73.91352753337496,1766200
2022-08-12,75.8406753540039,75.91339970824758,74.78619302359888,75.14072251669282,1019000
2022-08-15,74.7225570678711,75.3679770090533,73.84080032610791,75.34070017609604,1259600
2022-08-16,74.40440368652344,74.90437497369147,73.97715675664828,74.1771452715155,845800
2022-08-17,72.03181457519531,73.55899117452765,70.94097711940454,73.55899117452765,2550500
2022-08-18,74.20440673828125,74.35894771380907,72.27726003667622,72.28634537877296,1067400
2022-08-19,72.6954345703125,73.49538182279971,72.34091194082791,73.49538182279971,1014700
2022-08-22,69.60470581054688,71.52276735330436,69.35926977834923,71.09552043116744,1880700
2022-08-23,68.68657684326172,70.28647792691058,68.35932419125682,69.68651935515226,1658600
2022-08-24,69.15018463134766,69.71378795158017,68.45023182147295,68.48658706179361,1131100
2022-08-25,72.03181457519531,72.04999912950456,69.66832879739835,69.6955986934868,1215500
2022-08-26,67.83209228515625,71.62276087552678,67.77754555104485,71.5954909761592,1789400
2022-08-29,65.95946502685547,68.14114669770692,65.90492523908101,66.89576837231623,1290000
2022-08-30,63.10511779785156,65.63223037452535,62.55969896485481,65.5776905718387,3582100
2022-08-31,60.868896484375,61.65975831004524,59.1780932263054,59.45989839290155,6244300
2022-09-01,59.92349624633789,60.141669314726904,57.72363648873773,59.16899665608927,3028500
2022-09-02,59.514427185058594,61.305224374885704,59.15081238069069,60.80525315195789,1727200
2022-09-06,59.40533447265625,60.08710955903419,57.95997115082752,59.596230664597094,2432400
2022-09-07,59.65079116821289,60.04167591878758,58.46904463799831,58.9599236458393,1734800
2022-09-08,60.11438751220703,60.24165165722956,57.97816000889939,59.13263652708689,1813700
2022-09-09,62.568782806396484,62.90512079144485,60.73253109596028,61.02342156335725,2292300
2022-09-12,62.51424789428711,63.49600600812357,62.250634210094596,62.92331724274086,1917900
2022-09-13,59.30535125732422,61.13251077020517,58.905381181723605,60.81435039119011,2466100
2022-09-14,57.46910858154297,59.314445785200085,56.90550522064159,59.15081945044655,2989200
2022-09-15,56.88732147216797,57.75999285173771,56.450982314695295,57.33274597170994,3894900
2022-09-16,57.005489349365234,57.09639477901559,55.9419218301129,56.66005911975661,3219400
2022-09-19,56.378265380859375,57.06912940446715,55.77830333193829,56.160095786848046,2315400
2022-09-20,55.10028076171875,55.93694431636916,54.44750003927934,55.79903131539258,2143300
2022-09-21,54.732513427734375,56.939100332409964,54.69573966823257,55.201414810932704,1875200
2022-09-22,54.09812545776367,54.658966543122844,53.84069158537853,54.31878556786055,1290000
2022-09-23,53.12355041503906,53.63842168217339,52.296082869288455,53.40856900158596,2087500
2022-09-26,50.92615509033203,53.00402511312289,50.714691062751236,52.47076525527051,2443500
2022-09-27,51.97428512573242,52.20413779797751,51.08245914236741,51.96509256204293,1524300
2022-09-28,52.38801956176758,52.59948359501916,51.753627462012844,51.98348012953935,1429900
2022-09-29,49.99755096435547,51.229561346947015,48.76554058176393,51.229561346947015,4334000
2022-09-30,48.94023513793945,50.89858107094868,48.839099391514154,49.99755893221913,2632600
2022-10-03,50.346927642822266,51.14681746520741,49.25283018865168,49.25283018865168,4374100
2022-10-04,52.40641403198242,52.921285327195896,51.201984657400764,51.27553920269145,4755700
2022-10-05,52.801753997802734,53.10515768902467,50.76985729967269,51.36747211880154,2745200
2022-10-06,51.22037124633789,52.50754767928354,50.19063220434554,52.296083630936145,3313400
2022-10-07,49.42751693725586,51.47780585348195,48.94023039599255,50.08030118985814,2926300
2022-10-10,48.02082061767578,49.740117650996005,47.43239832866395,49.58381951490939,1889700
2022-10-11,47.78178024291992,48.87587782874284,47.202550458767156,47.93807839492012,2802800
2022-10-12,47.643863677978516,48.508108500289524,47.41401099581642,47.98404466554182,1573800
2022-10-13,48.765541076660156,49.61139718004912,46.24635438557784,46.568150213211396,2100600
2022-10-14,47.45078659057617,49.07814394367259,45.62115776199451,49.07814394367259,3943900
2022-10-17,48.783935546875,48.92184505469773,47.92888327073414,48.57247149572788,1861100
2022-10-18,48.70117950439453,50.15384639580354,47.984036867645735,49.90560511853738,1625700
2022-10-19,48.590858459472656,49.280416546450645,48.1771264131049,48.1771264131049,2211100
2022-10-20,48.75634765625,50.52161800077269,48.52649498427858,49.050558795791545,2690200
2022-10-21,51.22037124633789,51.2755371531008,48.56327478121264,48.70118779448311,3434400
2022-10-24,51.77201461791992,51.99267120837135,50.51241951060604,51.50538468945728,3276800
2022-10-25,53.3258171081543,53.3258171081543,51.45021856122536,51.45021856122536,4275700
2022-10-26,49.087337493896484,50.4020950964251,46.40265989061543,48.728767876347504,10041400
2022-10-27,47.7725830078125,49.89642315981673,47.61628485961752,48.85748800245288,5480800
2022-10-28,47.30368423461914,48.44375161128685,47.21174105438871,47.809359450428545,4390500
2022-10-31,45.65793228149414,47.184153804919745,45.58438125401278,46.92671994782512,4408000
2022-11-01,46.91752624511719,47.5335332293185,45.740681687838006,46.430239703232544,2528800
2022-11-02,45.50163650512695,47.138186407900065,45.45566316489526,46.72445089672893,2400300
2022-11-03,44.58222198486328,45.12467438460113,43.644422742573795,44.8120746371713,2154700
2022-11-04,47.00027847290039,47.220938605091185,45.648747000280906,45.80504515065761,2675000
2022-11-07,48.33341979980469,48.60924230596111,46.88994529388843,47.33126200519339,2224600
2022-11-08,48.72876739501953,49.72173264052253,47.98404346089228,48.82070706266677,2848900
2022-11-09,46.51298522949219,48.08517660957965,46.46701539814472,47.97484831289105,1933100
2022-11-10,49.464290618896484,50.27337294594987,48.691985558362155,48.91264565020333,3155500
2022-11-11,52.5443229675293,52.958054977179955,49.6022080227363,49.64817785633377,2597600
2022-11-14,51.84556198120117,52.958047939885894,51.79039959112383,51.98347497094058,2131200
2022-11-15,51.2387580871582,53.3809867098871,51.09165251488347,53.20629643156032,3516400
2022-11-16,49.5654296875,50.56758747038585,48.02081946236816,50.56758747038585,2886100
2022-11-17,50.0251350402832,50.20901787803847,48.425358911267814,48.68279628703455,1314300
2022-11-18,50.172237396240234,50.76985570385786,49.30799267358805,50.66871997420504,1405300
2022-11-21,49.74011993408203,50.163051542586274,49.032176746370396,49.59301435507688,1667900
2022-11-22,49.74931335449219,50.41129017837572,49.28041193515019,50.16304886941939,1647500
2022-11-23,50.39290237426758,50.53081187666769,49.7493141745798,49.960778217412134,1213900
2022-11-25,50.29176330566406,50.95373658936595,50.04352200904837,50.19982013621012,883000
2022-11-28,48.09437942504883,50.089499144969245,47.938077767819436,49.749318136562415,2083200
2022-11-29,47.30368423461914,48.07598941218624,47.05544290890753,47.71741977747182,2313600
2022-11-30,48.70117950439453,48.82070035445848,45.67631785696653,46.76122262104543,4164300
2022-12-01,49.004581451416016,49.52864518260034,48.51729498385551,49.041358715039834,2449200
2022-12-02,48.70117950439453,48.774730526951345,47.39561465809915,47.809350120209416,1992800
2022-12-05,48.039207458496094,49.55623646535795,47.919683089481474,48.655210923276506,1867700
2022-12-06,47.99323654174805,48.44374579533293,47.41400685129419,48.03920637270746,2660300
2022-12-07,48.33341979980469,48.89426088311103,47.19335250575191,47.312873370479835,1835100
2022-12-08,50.043521881103516,50.549197036350805,48.54488154193214,48.71037573925282,2433600
2022-12-09,49.776893615722656,51.22956417249576,49.61139941286817,49.804474813773936,2454900
2022-12-12,51.13762283325195,51.2019813025275,49.03217496772966,49.64817846144519,2566600
2022-12-13,51.6432991027832,53.49131663709697,51.35828402068479,52.958056729357125,2859000
2022-12-14,50.337738037109375,52.13058968235156,50.02513824508113,51.07326592797771,2212800
2022-12-15,48.1495361328125,49.473489751257475,47.97484936694474,49.17927861544157,4101400
2022-12-16,47.92888259887695,48.52649747227887,47.19335471231187,47.69902991512077,4321300
2022-12-19,46.88075637817383,48.443751870441815,46.33830388737034,47.80935970618977,2546300
2022-12-20,47.551944732666016,48.0273729662195,46.65702560092036,46.67567019400996,2468300
2022-12-21,46.834144592285156,48.41889579094092,46.731601114611415,48.02737002828733,2079400
2022-12-22,46.806175231933594,46.83414389748843,45.622270331423344,45.929900759880795,2214400
2022-12-23,47.08583450317383,47.10447909385968,46.293458957531534,46.7595630564016,1072500
2022-12-27,48.53076171875,48.68923541087597,46.6663452593356,47.22566877472305,2427000
2022-12-28,47.58922576904297,48.996862079459234,47.2909194428803,48.38160483723724,1683700
2022-12-29,49.425682067871094,49.88246212104936,48.073979387968116,48.1858433827741,2045200
2022-12-30,49.04347610473633,49.36042704876977,48.37228503358499,48.698560051435656,1220500
2023-01-03,48.36296463012695,49.84517587836003,47.48668660603293,49.257883689715015,2887200
2023-01-04,48.931610107421875,50.2366994570937,48.71719909151426,49.37906961783154,2649800
2023-01-05,49.86381530761719,49.97567928946152,48.37228013996134,48.586687586867924,2111800
2023-01-06,52.119754791259766,52.26890794519497,49.55618251318546,50.33923746036819,2499100
2023-01-09,51.588401794433594,52.87485010275271,51.44856914236488,52.697728269320066,2025400
2023-01-10,52.632476806640625,52.66044547221168,51.42060679596511,51.74687826019196,1918400
2023-01-11,53.331626892089844,53.44349442939375,52.31551987617633,52.399418751108335,1618600
2023-01-12,53.85367202758789,54.41299556551991,53.04265183075877,53.732483957135436,2669700
2023-01-13,53.37824630737305,53.94689394588946,53.033330228111076,53.14519422969206,1268600
2023-01-17,53.11722183227539,53.26637499928831,52.08247018033301,53.07061213435111,2771500
2023-01-18,54.72994613647461,55.82995216867321,53.59265447647527,55.26130456062739,3945300
2023-01-19,54.24519729614258,54.907067862481234,53.2850239275854,54.61808202207725,2462800
2023-01-20,55.31724548339844,55.41046489908259,53.210456106538814,54.17062960123809,2185100
2023-01-23,58.94352722167969,59.4189554205987,56.38927860805189,56.45453290106551,4092400
2023-01-24,58.01131820678711,60.50964012446502,57.787590221145166,60.034211931814525,3787400
2023-01-25,58.029964447021484,58.701155535201636,56.35199028266342,56.91131381875201,4527700
2023-01-26,64.33169555664062,66.18678804711276,61.26472945423478,64.12660859657325,9520500
2023-01-27,64.31304168701172,65.23593292521637,63.65117471888111,63.65117471888111,3587500
2023-01-30,62.23421859741211,64.22914348584965,62.11302698511746,63.390154721510534,2803000
2023-01-31,63.18506622314453,63.250320508077024,60.91980017165426,61.57235013316282,4584300
2023-02-01,65.71135711669922,66.2800047144149,62.97066971610218,63.306265252858466,3877400
2023-02-02,67.46391296386719,68.74103370228288,65.82322446823935,66.47576739208792,3689500
2023-02-03,66.08424377441406,67.55713454979028,65.72068311763174,65.79526148624981,1673600
2023-02-06,65.02152252197266,65.36644211939308,64.21982289394563,65.07745273856573,1616700
2023-02-07,66.46644592285156,66.69949796730451,64.72321406995735,65.14270490509905,2165200
2023-02-08,66.2613754272461,66.70883148080017,65.64611446337707,65.92577983098766,2091200
2023-02-09,65.06813049316406,67.9300091754425,64.4062564603696,67.33339653961912,2567200
2023-02-10,66.44779205322266,66.73677428755495,64.59269993057069,65.48761885072717,3299500
2023-02-13,66.49442291259766,66.7088268489847,65.84187280421023,66.20543348954934,1576000
2023-02-14,67.54781341552734,67.68764608472598,65.16136241336122,65.48763390003472,1234100
2023-02-15,67.09103393554688,67.40798135053204,66.39187769547188,66.63425385010969,1093000
2023-02-16,65.74864959716797,66.58763848113344,65.4223781178994,65.97237759549715,1214000
2023-02-17,65.4969482421875,66.21474540620969,64.46219660093324,65.73931724645352,1804400
2023-02-21,62.53253173828125,64.80711505459726,62.37405804113085,64.51813277012482,2095200
2023-02-22,61.889305114746094,62.691004778283286,61.218114037162906,62.420663532468694,1711900
2023-02-23,62.53253173828125,63.07321423557805,61.35794734019828,62.84947913258204,1679600
2023-02-24,61.60963439941406,62.457947246006604,60.267259473993896,60.276583547083895,1302600
2023-02-27,59.894378662109375,62.113031684848615,59.819800296928804,61.79608430110773,2633600
2023-02-28,60.18335723876953,60.668109470471514,59.70793619237217,59.93166416198175,2159700
2023-03-01,59.773193359375,60.47234952124714,59.15793252307907,59.875736832090986,1908400
2023-03-02,60.46303176879883,60.79862733055711,58.235054469016625,59.20454841220527,2793500
2023-03-03,60.192684173583984,60.71471849821964,59.7172559923998,60.630823172696445,2127400
2023-03-06,59.027427673339844,60.938457481472504,58.850309381328614,60.826589928114764,1829500
2023-03-07,57.92741394042969,58.9248763776202,57.619787099734204,58.67317975009196,2331500
2023-03-08,59.316410064697266,59.48420782887061,57.7875891520887,58.38420184421963,3477300
2023-03-09,58.96216583251953,60.4257323520963,58.850301849570684,58.850301849570684,2477600
2023-03-10,57.5638542175293,59.39098136838071,57.12571524181082,58.96216646572839,1646500
2023-03-13,56.24944305419922,57.33080442633851,55.95113671402922,56.87402084265139,2514300
2023-03-14,56.88334274291992,58.2257212224009,56.062998560746685,57.31215764602041,2090300
2023-03-15,55.792659759521484,56.23079875470605,54.8604515526383,55.66215117953257,2259300
2023-03-16,57.051143646240234,57.340125917887946,54.832487091950256,54.832487091950256,2279100
2023-03-17,56.911312103271484,58.029962697821425,56.594361160750545,57.293517337832725,5781300
2023-03-20,57.852840423583984,58.39351931407402,55.77401662714774,56.361305215010574,2243300
2023-03-21,58.5505485534668,58.87111531564762,57.60770555842443,58.59769358054739,1680100
2023-03-22,57.06085205078125,58.72968439523494,57.03256791505396,58.30540437602465,2025600
2023-03-23,58.079124450683594,58.94654183747624,57.15513878858868,57.36256538912483,2950300
2023-03-24,58.11683654785156,58.19226570724437,57.2117082150996,57.77741252390451,1758100
2023-03-27,58.46569061279297,58.90882795678676,58.11683972319172,58.663690368687085,2265900
2023-03-28,56.97600173950195,57.192855193951125,55.79744801097785,56.76857513235034,2594500
2023-03-29,60.14395523071289,60.285379521299824,58.31483752717309,58.4562654144206,2919100
2023-03-30,61.26594161987305,61.46393778769189,60.15338298976276,60.99251628526952,1667000
2023-03-31,62.34077835083008,62.42563076340981,61.07736505918325,61.22822338375277,2096800
2023-04-03,61.99192810058594,62.68020666509109,61.54879073357429,62.2276388538201,2112500
2023-04-04,61.60535430908203,62.161635384771174,60.95479757128252,62.09563666663728,1841600
2023-04-05,61.152793884277344,61.2282230461462,60.16280951304124,61.0962256095361,1405900
2023-04-06,60.71908187866211,61.16221917566165,60.379657872165446,60.700220993123295,1023700
2023-04-10,62.5576286315918,63.01019641509644,60.615374445968015,60.69080360877227,2317300
2023-04-11,63.05732727050781,63.58532415840175,62.661334999577434,62.849907885725294,1278200
2023-04-12,62.585906982421875,63.94360301407803,62.1333464340833,63.94360301407803,1805900
2023-04-13,61.614776611328125,62.510481602874606,60.43622309086155,62.43505245116799,2539100
2023-04-14,60.304229736328125,62.85933307770625,60.20051644407157,61.19050434531312,2600200
2023-04-17,60.577659606933594,61.03965063883329,59.74795680291768,60.030808968909795,1948700
2023-04-18,60.59651184082031,60.700225138405884,59.54995921153222,60.44566071280901,2579700
2023-04-19,59.26710510253906,59.62538641059482,58.20169162147495,59.455674401340005,2927600
2023-04-20,53.81747817993164,58.390265122480535,53.32719940642912,55.29774134756057,7959700
2023-04-21,53.19519805908203,53.48748067138243,51.2152292824058,52.893488599715376,5906600
2023-04-24,53.7514762878418,53.81747860485447,52.59177986309028,53.21405608116818,2325200
2023-04-25,52.884056091308594,53.610045524147424,52.77091595532308,53.41204938700776,2386500
2023-04-26,53.11976623535156,54.30774664208759,52.79919952295295,53.55347308252027,1939500
2023-04-27,53.5534782409668,53.74204754818725,52.60120845466106,53.185770070050125,2686800
2023-04-28,55.410884857177734,55.59002373663307,53.75147912364979,53.91176430771883,2891900
2023-05-01,55.212886810302734,55.71259244426236,54.9677456186791,55.38259883630045,2335800
2023-05-02,53.600616455078125,55.278879232396505,53.49690675915197,55.24116465388145,1876600
2023-05-03,52.723777770996094,54.439755305339666,52.60121077306198,53.84576322024614,2351400
2023-05-04,51.96950149536133,52.62006542143793,51.35665574648931,52.52577897007737,1841500
2023-05-05,52.74263381958008,53.28005401835413,51.799790860796065,52.714349681747905,1564400
2023-05-08,53.072635650634766,53.17634896062914,52.24293276734051,52.60121413004997,885100
2023-05-09,54.034332275390625,54.23232843724749,51.96007700785918,52.37492662270126,2185900
2023-05-10,53.996612548828125,54.7791702744667,53.66661538051195,54.684887424467895,2091100
2023-05-11,53.5534782409668,53.7326207013234,52.818061899133454,53.62890740251913,1562300
2023-05-12,54.27946853637695,54.307752674045986,53.51576444936921,54.27004168937409,1853700
2023-05-15,57.56999588012695,57.62656415925199,54.807465554152785,55.448599093081576,2576500
2023-05-16,57.32485580444336,58.1451282377679,56.64601126502269,57.56999700765531,2061500
2023-05-17,57.645416259765625,58.29598018440073,56.80628662614793,57.7962709849479,1806700
2023-05-18,59.16339874267578,59.46510821745538,57.48513933963168,57.617136785265174,2010800
2023-05-19,58.70140075683594,59.427390263303685,58.154553713562066,59.19167952471002,1307000
2023-05-22,59.351959228515625,59.663095504527675,58.15454835519023,58.333687205217764,1307200
2023-05-23,58.80511474609375,59.97424160574344,58.673117306400826,59.71024672635758,1304500
2023-05-24,57.81513214111328,58.654261830841214,57.41913980977854,58.28655363841307,1443900
2023-05-25,56.674293518066406,58.6825501226649,56.165157432957955,58.24883960757587,2866500
2023-05-26,58.72968673706055,59.106821749549894,56.78742901426225,56.78742901426225,3603600
2023-05-30,57.51342010498047,58.663689658011414,56.382007842599585,58.484547195166016,2916200
2023-05-31,56.66485595703125,56.928854410593694,55.43916092570765,56.391434253808264,5061800
2023-06-01,57.79627227783203,58.03198301599339,56.91942804413896,57.04199863504778,2483500
2023-06-02,58.654258728027344,58.871112173714415,57.68313164589385,58.53169173480883,1715500
2023-06-05,57.38141632080078,58.5976844582595,57.371985878188525,58.36197374619355,1922000
2023-06-06,55.24116516113281,57.060852229601664,55.22230787170213,56.0991520485979,2864300
2023-06-07,55.91058349609375,56.306579386095336,53.798617404952765,55.69373005974107,5208100
2023-06-08,56.45743942260742,56.5800064220903,54.53403885386936,55.63716342917877,2327600
2023-06-09,57.40970230102539,57.45684372562216,56.17458043195336,56.92885401548211,2142600
2023-06-12,59.785667419433594,59.813951555159,57.569988069992405,57.598272205717805,2347200
2023-06-13,60.99250793457031,61.53935133558585,60.27594533486546,60.37022818377709,2341100
2023-06-14,61.55821228027344,61.82220713480675,60.32308681705232,61.115074977312396,1791000
2023-06-15,62.3596305847168,63.12333105333722,61.34135849767579,61.34135849767579,2613300
2023-06-16,60.62480545043945,62.74620211901644,60.31366554598447,62.68020339928243,4023800
2023-06-20,59.65251922607422,60.36743434449076,59.42374478823255,59.8908242655464,1950500
2023-06-21,58.68976593017578,59.58579158633434,58.50865540583153,58.99479609551684,1623300
2023-06-22,58.36566925048828,58.861344164008436,58.203623570657655,58.537249168100885,1311600
2023-06-23,57.49824142456055,58.165496283123204,57.364791180097306,57.77467615166095,1176400
2023-06-26,57.71748352050781,58.31801327649479,57.45058302284541,57.612628714641424,1419000
2023-06-27,59.20450973510742,59.404685112966824,57.1932144453144,57.98438899053964,2204000
2023-06-28,58.7374267578125,59.061521766031376,57.81280565138376,58.899476080045154,2101600
2023-06-29,59.04245376586914,59.633452866795764,58.441927699801134,58.83274780912552,1525800
2023-06-30,58.975730895996094,59.51906610196179,58.623040451267535,59.376085258218716,1534700
2023-07-03,59.2712287902832,59.70017858193777,58.947133796171556,59.09964887362137,817800
2023-07-05,57.974853515625,58.95666917906853,57.383857997107725,58.918543133798735,1555900
2023-07-06,57.974853515625,58.04157864015534,56.96443877292092,57.13601870349797,1466000
2023-07-07,57.460105895996094,58.7755506391324,57.307590826954645,58.012975293925145,1139000
2023-07-10,57.57449722290039,58.13689724423364,56.85958212643845,56.98349812506124,1616800
2023-07-11,58.2036247253418,58.50865488798309,57.48870959985506,57.66982012259635,1190200
2023-07-12,58.7374267578125,59.59532637846436,57.38385584105783,59.09965144611511,1964800
2023-07-13,59.118709564208984,60.014735126817754,58.94712965958769,59.09964472633484,2255400
2023-07-14,58.68976593017578,59.652520343983696,58.45146088623768,58.72789560990501,2203100
2023-07-17,58.0987663269043,58.44192614768441,57.1741416582741,57.99391153319413,1859800
2023-07-18,58.518184661865234,58.70882941988063,57.62215902631308,57.62215902631308,1414800
2023-07-19,57.05976486206055,58.87088115897101,56.993039735325496,58.58491581064269,2138500
2023-07-20,56.52595138549805,57.14554590699963,56.33530663763248,56.59267650181408,1691100
2023-07-21,56.82145309448242,57.069288730791364,55.677588199891794,56.64987317848151,2163300
2023-07-24,56.50688552856445,57.11694580174121,55.715714748115246,56.55454944185631,2393600
2023-07-25,55.515541076660156,56.61174202675,55.49647623801779,56.2113913239988,2299300
2023-07-26,55.258174896240234,56.00168547166951,54.6385803258849,55.40115574122857,3603400
2023-07-27,59.24263381958008,60.84404396363082,55.086593380793445,55.791974256002526,9241400
2023-07-28,60.481815338134766,61.08234501199458,59.05198520548972,59.82409114992056,3232700
2023-07-31,60.52947998046875,62.00697413308355,60.491350301482726,61.13000606139022,2815500
2023-08-01,62.26434326171875,62.369198065667426,60.12913204697782,60.15772748941964,2991800
2023-08-02,61.96884536743164,62.531241777656014,61.23486176299485,61.85445632878762,3010600
2023-08-03,65.08586883544922,65.51482225429866,61.42550705389138,61.6638120846436,4846300
2023-08-04,63.66557693481445,65.02868208825085,63.188966843018406,65.01914785011692,2958000
2023-08-07,65.30511474609375,66.18207554182838,64.10405531650517,64.50440603553714,2696500
2023-08-08,63.92293930053711,65.13353293273953,63.08410820804078,64.81896854586874,1601500
2023-08-09,63.732295989990234,64.54253161441736,63.64650239993749,63.89434166037723,1620500
2023-08-10,64.00874328613281,64.65693336773265,63.61791948035495,64.08500265396658,1677900
2023-08-11,63.722774505615234,65.08587980209408,63.63698817088622,63.85622476352279,1922700
2023-08-14,64.63785552978516,64.70458064885432,63.62744450602566,63.81808562551112,1703800
2023-08-15,62.43592071533203,64.32329983914268,62.42638647739815,64.15171991879625,1958400
2023-08-16,61.18721008300781,62.43592628143871,61.12048495650753,61.94978191836906,2097700
2023-08-17,61.892581939697266,62.75048149189968,61.59708603324121,61.63521571028269,1995300
2023-08-18,61.339717864990234,61.76867131463626,60.65340179979739,60.948897731947625,1611200
2023-08-21,62.43592071533203,62.48358463250876,61.130006473112445,61.21580006953201,1113100
2023-08-22,62.807682037353516,63.38914697486225,62.59797241759713,63.2461624820744,1840000
2023-08-23,63.06505584716797,63.360551800358145,62.588445717509785,62.626568128088216,1283900
2023-08-24,61.863990783691406,63.408202812089435,61.84492230760417,63.31288224913161,2127900
2023-08-25,61.40644073486328,62.350133925970425,60.539010537918884,62.21667641337038,1507300
2023-08-28,62.97925567626953,63.03644655866822,61.54942543636104,61.635219032451744,878900
2023-08-29,63.293819427490234,63.741834061681004,62.655163672257366,62.91252991291345,1899700
2023-08-30,64.98100280761719,65.40042191643862,62.70280768923009,62.817196702315336,1627400
2023-08-31,67.47845458984375,67.64050026826126,65.32417503693691,65.63873942856561,3442000
2023-09-01,70.25232696533203,71.02444028509419,67.44986447737729,68.15524540046869,4548800
2023-09-05,67.57377624511719,70.5764211895972,66.24880081070255,69.63273527190096,5134200
2023-09-06,67.89788055419922,68.40308611526379,66.72541646498881,67.11624025222336,2786500
2023-09-07,60.47228240966797,64.32329615921242,60.14818742713799,63.93247242370184,11692900
2023-09-08,62.31200408935547,62.33106529254002,60.443689823839996,60.643865183494626,10087300
2023-09-11,61.30158615112305,62.71235518756025,60.4436901890287,62.71235518756025,4318700
2023-09-12,59.78596878051758,61.41597435910882,59.70017882184192,61.08234876217364,2841000
2023-09-13,60.42462921142578,60.615273982824725,59.50953867220673,59.623924080547475,2706200
2023-09-14,61.2443962097168,61.34925101070795,60.26258059361123,60.55807652049934,2481200
2023-09-15,60.76778030395508,61.72100038715437,60.65339491212005,61.082344676808944,3973800
2023-09-18,61.22533416748047,61.835394488985635,60.61527020972895,60.7582546884395,1699300
2023-09-19,61.835391998291016,62.407322617603484,61.02514907573159,61.11094266849928,2535500
2023-09-20,62.559837341308594,63.33195062680053,62.22621173522827,62.24528021128587,2270900
2023-09-21,62.38825225830078,63.665570966263765,61.2825207306909,61.71146686409715,2506500
2023-09-22,62.81721115112305,63.87528612993694,62.540776426951666,63.02692075376981,2115600
2023-09-25,62.09461212158203,62.80757342866734,61.564716791288696,62.62451480244662,1827600
2023-09-26,61.102256774902344,62.94245761963144,61.00591283577815,61.853749790871014,2065600
2023-09-27,61.94046401977539,62.72085947660707,61.54544799185355,61.6514285292716,1557000
2023-09-28,63.289302825927734,63.5205297541233,61.54544956405978,61.75740696902476,2210100
2023-09-29,63.539791107177734,63.8962717487971,63.03879823976633,63.79029121616893,2034700
2023-10-02,63.77102279663086,64.4550742565409,63.2989250428545,63.66504226827867,2096800
2023-10-03,63.02916717529297,64.14677749002011,62.85574513854468,63.33747220167086,2138200
2023-10-04,63.55906677246094,63.77102784594815,62.54743704920699,62.97135919618141,1835600
2023-10-05,64.1853256225586,64.92718217053104,63.52053982916124,63.87702055254018,1728500
2023-10-06,63.636146545410156,64.40690541870308,63.106243847681945,63.3567439730236,1863700
2023-10-09,63.8095703125,64.14677778814116,63.00026502038952,63.42418719009366,1622600
2023-10-10,64.14677429199219,65.013884432504,63.771027789532276,63.780657037903154,2068500
2023-10-11,67.01785278320312,67.09493086146921,64.32018619902134,64.32018619902134,3240600
2023-10-12,66.81554412841797,67.55740794352508,66.0640510641799,67.31654440495792,2374100
2023-10-13,65.92916107177734,67.67301055369859,65.71720000424791,67.22982257185119,3446200
2023-10-16,66.43016052246094,66.94079739505909,65.86172610377403,66.09295304098804,2496800
2023-10-17,66.42052459716797,66.88297842511264,65.81354384095536,65.81354384095536,5386900
2023-10-18,65.97734832763672,66.22784113283384,65.16804295921696,65.94843852650871,3180200
2023-10-19,64.42617797851562,66.5265081996274,63.98298997688653,65.8520859227881,2892900
2023-10-20,64.25276184082031,65.12950132538532,63.72285909974052,64.64777423370263,2198000
2023-10-23,62.865386962890625,64.13714622122046,62.701601511952234,63.85774361931672,2148500
2023-10-24,65.61121368408203,66.43978468376656,64.1082278477103,64.17566933137901,4260300
2023-10-25,64.64778137207031,66.0640603540936,64.6381447710124,64.98498890336803,3147600
2023-10-26,63.433815002441406,67.75009264461521,61.77668010959415,66.96006056933085,5171000
2023-10-27,65.70756530761719,66.47833151175006,64.34909887728284,64.41654036885163,4000800
2023-10-30,65.91952514648438,66.96005729740122,64.97534428220777,66.40125217740093,2985900
2023-10-31,65.7557373046875,66.0640422991262,64.4839782838065,65.20656880363822,3707600
2023-11-01,68.636474609375,68.7906308084358,65.823190131665,65.91953408079192,4662800
2023-11-02,69.18563079833984,69.76370909058197,68.16437188970154,69.36868941425458,2608100
2023-11-03,69.63846588134766,71.12218617775575,69.37833649100733,69.85042697377338,2313400
2023-11-06,68.53048706054688,69.84078521644277,67.99095512008553,69.27235082925262,2219600
2023-11-07,68.25109100341797,68.64611074792626,67.74046146096353,68.22218855393143,1868300
2023-11-08,69.23381042480469,69.30125191603891,67.83680495613672,68.41487593108307,1777800
2023-11-09,69.36870574951172,70.38996489864076,68.99295918141434,69.24345934367011,2333600
2023-11-10,69.77334594726562,69.90822893667911,68.47268434902323,69.90822893667911,1964800
2023-11-13,69.8215103149414,70.177983579134,69.05074419945339,69.71552979029754,2538600
2023-11-14,71.88330841064453,72.07599628350438,70.52483465009769,70.81387380995865,2673200
2023-11-15,71.82550811767578,72.3265010295312,71.35341030297111,72.01819600287287,1891900
2023-11-16,72.82749938964844,72.87567503983757,71.61355239106183,71.61355239106183,1738800
2023-11-17,73.10689544677734,73.44411026677786,72.65407818815646,73.2225125865408,1478600
2023-11-20,74.24376678466797,74.42682540645883,72.92383943975386,73.10689071097364,1512500
2023-11-21,73.28031921386719,74.0510854627054,72.76005309848716,73.99328056674263,1725300
2023-11-22,73.75241088867188,74.50390387586967,73.32848875206959,73.32848875206959,936800
2023-11-24,73.2995834350586,73.64642746949663,72.87566131506303,72.87566131506303,647500
2023-11-27,74.72549438476562,75.28429950253124,73.58861830232608,73.70423543548932,1923400
2023-11-28,74.13777923583984,74.56170133015972,73.51154004268412,74.16668902910104,1279100
2023-11-29,75.61188507080078,76.15141704364923,75.0723457473805,75.48663132669536,2052800
2023-11-30,76.2092056274414,76.51751059601301,75.13014191272595,75.63113473019095,3095200
2023-12-01,76.28629302978516,76.49825409981274,75.39991705564361,76.02616366693296,2030000
2023-12-04,75.71784973144531,76.34409632967782,75.25539590700079,75.75638877524419,1450100
2023-12-05,74.14743041992188,75.49626769854437,74.06072307479225,75.28430660968732,1808000
2023-12-06,74.96636199951172,76.45971881128803,74.87001805855843,75.28430362017194,2522800
2023-12-07,75.90091705322266,76.66204671672259,75.24576793467664,75.37102167902499,2238400
2023-12-08,77.64476013183594,77.79891631162542,75.51552751484947,75.61187880250351,2360000
2023-12-11,78.99359893798828,79.70656025841711,78.01087899848592,78.03978144515197,2399900
2023-12-12,79.61021423339844,79.61021423339844,78.3191891931304,79.05141640956838,2107800
2023-12-13,82.3078842163086,82.34642326245175,79.17665838524891,79.24409987835656,3645200
2023-12-14,82.21154022216797,84.71651941525397,82.01884499157893,83.37731880258876,3462000
2023-12-15,81.19991302490234,82.2982501467419,80.95904949203276,81.73944498634727,5119900
2023-12-18,80.90123748779297,81.63346462153811,80.59293248683255,81.2384449340667,1953000
2023-12-19,80.83380126953125,81.57565769970829,80.52549624846695,80.63147678857388,1426300
2023-12-20,79.52218627929688,81.008671926243,79.49304066463749,80.61033617187361,1890600
2023-12-21,82.87408447265625,82.91294035606458,80.94067442059026,81.13499089971073,2041900
2023-12-22,82.7380599975586,83.28213127056196,82.42715365593934,82.99066028150149,1003500
2023-12-26,83.42787170410156,83.57359979484387,82.62147501072127,82.73806489573073,938400
2023-12-27,83.24327850341797,83.90393973806479,82.92266185739464,83.8067852002318,962500
2023-12-28,84.32170867919922,84.36057197578198,83.27242190871247,83.35986617912766,1589200
2023-12-29,82.94209289550781,84.50630533417907,82.74777641753938,84.10796211365557,1295800
2024-01-02,80.33831024169922,82.38830272736537,79.97883032190781,82.29114078356213,2011400
2024-01-03,78.142578125,80.0079717138026,77.79281590054761,78.99754833343073,2874600
2024-01-04,78.472900390625,79.05584233877217,77.54020365097024,77.56934926589464,1361600
2024-01-05,77.9968490600586,79.4930526074821,77.54021459535207,78.82267371994138,1395200
2024-01-08,78.67694091796875,79.04613109105851,77.79281766048577,77.79281766048577,2167300
2024-01-09,77.83167266845703,77.97740815183022,77.14186595373283,77.6762195095484,1471700
2024-01-10,80.30916595458984,80.39660281056322,77.45277672747414,77.70538444320125,2260200
2024-01-11,79.41532135009766,79.51247587865639,77.13215657309824,79.15300338174755,2752000
2024-01-12,80.42575073242188,80.47433170651993,79.55134508556846,80.06627820879365,2112600
2024-01-16,82.39801025390625,82.94208895394654,80.01769095813187,81.23214109116275,3012300
2024-01-17,80.96009826660156,82.34942939205891,80.09541044157021,82.3008484260804,2412400
2024-01-18,81.58190155029297,83.84563832806784,80.75607696025415,82.30085393795339,1720000
2024-01-19,82.99066162109375,83.01009697396626,81.47503024331115,82.19398263887274,2327300
2024-01-22,84.62287902832031,85.87619238461764,83.45700993113975,84.51600682963036,4171400
2024-01-23,86.69230651855469,86.76031542555462,84.31197994872676,85.06008533814108,4020500
2024-01-24,86.6340103149414,87.71244259375106,85.54586777229753,87.556996835837,3775900
2024-01-25,88.40225219726562,88.60627893056154,84.0399493855608,88.60627893056154,5756700
2024-01-26,87.8678970336914,89.4223916973688,86.86719132558707,88.30509610983293,3071000
2024-01-29,86.10936737060547,88.98518432288098,85.87619502647912,88.10106850301037,2648300
2024-01-30,85.09894561767578,86.64373003143372,84.71032750753207,86.27453986183106,2406100
2024-01-31,83.24327850341797,85.28355344757497,82.96152515501106,84.86578226371867,5221000
2024-02-01,84.33141326904297,85.02121999839991,83.43757241118666,83.43757241118666,2001900
2024-02-02,85.03093719482422,85.46814368986632,83.49587786115599,84.18568464675714,2160200
2024-02-05,83.06839752197266,84.71033664028656,82.69920731256703,84.69090128523483,2095600
2024-02-06,83.74847412109375,84.30226305822887,83.03923942897396,83.59302836610907,2560000
2024-02-07,84.29255676269531,84.83662804937664,82.90322551642087,84.03023138346299,1818600
2024-02-08,85.18639373779297,85.74990040039444,83.35014565829478,84.23426153503821,1670600
2024-02-09,86.86719512939453,86.92548636545517,84.86577621313094,85.22525613114121,1536700
2024-02-12,86.56600189208984,88.08164066164927,86.45912968999221,86.78946397258902,1599800
2024-02-13,84.68118286132812,85.2543997690524,83.60275054476055,84.85605656544843,2040700
2024-02-14,84.34113311767578,85.68189085062896,83.69990728173714,85.59444658384629,1854000
2024-02-15,85.65274810791016,85.9830750076069,84.34113594904788,84.3897169224931,1299700
2024-02-16,85.03093719482422,86.16766815200138,84.61316605284996,85.70131603977289,1796300
2024-02-20,84.3022689819336,84.87549331148018,83.10725417634166,84.68118425099198,1781100
2024-02-21,82.4854507446289,83.62217423816651,81.5624642382984,83.47643874638642,1929000
2024-02-22,85.51670837402344,85.88590591984885,83.57358836412828,83.85534165505283,2214400
2024-02-23,85.47785949707031,85.90534089381447,84.55487296933218,85.7110318418776,1461900
2024-02-26,86.1385269165039,87.19752392769406,85.23497567568688,85.67217478055304,2134200
2024-02-27,88.12049865722656,90.35508986619539,87.38211831353865,88.18850756815613,3381400
2024-02-28,89.00462341308594,89.3446679734697,87.54728322937086,87.54728322937086,1979600
2024-02-29,90.40367126464844,90.78257911482422,89.59727459379624,89.84016462146869,2184700
2024-03-01,94.39678192138672,95.35862433520433,91.44323835770155,92.2982085686044,5097800
2024-03-04,95.58207702636719,97.08799809996299,94.0081544567772,94.75625244927905,3563000
2024-03-05,95.8249740600586,95.99014491750187,94.28991467036687,94.62024156042217,2392400
2024-03-06,91.4626693725586,98.38018011575441,90.32594580779818,97.14629460877613,5282100
2024-03-07,91.14205169677734,92.27878266077948,88.74229703515061,91.93873069178883,4626700
2024-03-08,90.05390930175781,92.20105626332875,89.83044721416653,90.7145704755039,2746900
2024-03-11,89.13092041015625,89.296091258575,87.54728013496342,88.72286695211862,2602100
2024-03-12,88.51883697509766,90.1121948681834,88.16907476320908,89.65556045752804,2893900
2024-03-13,86.14823150634766,87.97476922172022,85.90534148355154,87.91647057580678,3737300
2024-03-14,83.32099914550781,85.62359191853916,82.83521907863496,85.57501835930123,3321400
2024-03-15,83.56388854980469,83.59303416761114,82.24256618486531,82.5146018342795,6079500
2024-03-18,82.96151733398438,84.6714652058242,82.68948168873119,84.19540282663112,2265400
2024-03-19,84.10795593261719,84.37027389307737,81.81507354800208,82.23284467941284,1894200
2024-03-20,85.62615203857422,86.05712569144922,83.69657496727173,84.35283234037877,2319100
2024-03-21,86.63501739501953,89.5930516709369,86.31179462071223,89.47551136119931,3747600
2024-03-22,87.18353271484375,87.78101622110482,85.85143907526242,86.98763219558725,2454100
2024-03-25,86.39994049072266,87.19331699663455,85.82205080687085,86.85050044919363,1835000
2024-03-26,92.77635955810547,95.9400762085209,90.85657939075844,91.58139259806978,7346800
2024-03-27,92.63922882080078,94.35331898043081,91.42466812724666,93.69706911279692,2762500
2024-03-28,91.14063262939453,92.6980025096853,89.84771910643667,92.61964230275679,3296300
2024-04-01,89.89669036865234,92.40415725610366,89.82812705447488,91.23858091508663,2672700
2024-04-02,88.37850189208984,89.11311204340348,87.37942790151239,88.03567784320408,3246200
2024-04-03,89.74976348876953,90.79780695075868,87.81039697581488,87.8495770785708,2585000
2024-04-04,88.89762115478516,92.29641849572934,88.73110384871185,91.16021792647882,2281200
2024-04-05,88.14341735839844,89.50489418069124,87.8103976915196,89.50489418069124,2598100
2024-04-08,87.3206558227539,90.15135282457285,86.90927595815553,89.44612592935256,2612900
2024-04-09,87.6928482055664,89.093504984361,86.0277350997389,88.19238512645057,2816700
2024-04-10,86.18446350097656,87.03661399283858,84.55853020211707,86.75256382888458,3200200
2024-04-11,86.95824432373047,87.02680763358411,85.59676754746505,86.31179132694473,1970600
2024-04-12,83.44190979003906,85.86122676541952,83.35375269761359,85.58696606786019,2529000
2024-04-15,82.1587905883789,85.312717801643,81.59069779251595,84.90133794065386,2925200
2024-04-16,81.96289825439453,82.9717616009741,81.31643777629087,81.82577163288897,2454000
2024-04-17,82.47222137451172,84.52913556137835,82.31550844449566,83.20683144900977,3465900
2024-04-18,81.72782897949219,83.45170872362979,81.60049177289922,82.07064554947178,1811700
2024-04-19,80.76793670654297,82.56038727293299,80.62101318140854,82.05105338217909,2882800
2024-04-22,83.43212127685547,83.89247815294708,80.8462942228658,80.92465443003897,3562900
2024-04-23,84.7544174194336,85.82205468437516,83.85329746177838,83.89247756509043,6008700
2024-04-24,85.32251739501953,89.13269462225345,81.62987300444973,85.76328047819115,7274500
2024-04-25,85.46943664550781,86.3215795601306,82.72688934341373,84.13734309567242,3166500
2024-04-26,84.27447509765625,85.90040830119703,83.40273834031365,85.81225867246923,3637400
2024-04-29,84.31365203857422,85.22456886546107,83.6084251438437,84.21570551938173,2050400
2024-04-30,84.14714050292969,84.86215680409718,83.64760355048153,83.6867836519324,2113000
2024-05-01,84.04918670654297,85.97876373861239,82.60934973447736,85.18538723271512,2047700
2024-05-02,84.51934814453125,84.95032182786757,82.7366944627869,84.86216472316653,1415500
2024-05-03,85.70452117919922,86.09631477058666,84.90134767963352,85.98857134613408,1655400
2024-05-06,88.00628662109375,89.10330703741018,86.1942499073816,86.26281321634887,1932600
2024-05-07,87.67327117919922,88.98577100611483,87.5753246578062,88.28054409554024,1305900
2024-05-08,88.20218658447266,88.33931320156324,86.93865635027504,86.93865635027504,913300
2024-05-09,89.78894805908203,90.0436150032465,87.9377310805883,88.31972776041458,1740100
2024-05-10,92.08092498779297,92.12010508797825,90.4060149372821,90.5039614513253,2789100
2024-05-13,91.23857879638672,92.63923573020749,90.55293819769284,92.60985252093386,2008400
2024-05-14,94.24557495117188,94.6275715864007,91.72831143225467,92.60004810986304,2353500
2024-05-15,96.69428253173828,96.89017557448229,94.80388552518039,95.24464860777469,2872300
2024-05-16,96.22412872314453,97.16442877899853,96.00864189252039,96.87058921501696,1854600
2024-05-17,93.31507110595703,96.47879529557758,92.8351279222627,96.47879529557758,2661000
2024-05-20,94.8234634399414,95.14669365739068,93.21711671865641,93.26609371142385,1486900
2024-05-21,91.67933654785156,93.03102387853059,91.14062697254573,91.79687685094892,3084300
2024-05-22,92.72737884521484,93.11917237797319,91.71851554252916,92.1103090752875,2129500
2024-05-23,91.5422134399414,94.77450090704733,91.1014503638999,94.03009390457413,1841000
2024-05-24,92.25723266601562,92.72737892747062,91.08185206669793,92.05154274252405,1301700
2024-05-28,94.85285186767578,94.93121207128108,92.61963837480712,93.05061202179593,2979600
2024-05-29,92.3258056640625,94.3827125877046,91.45406888464828,93.34446596791707,3602500
2024-05-30,91.78707885742188,93.83419614300206,90.44518843629344,92.61963544407293,2273400
2024-05-31,91.32673645019531,92.8253400375755,88.58419623292137,91.92422000073584,3589700
2024-06-03,89.45592498779297,92.00257191439215,88.69193165709727,91.70872487665969,2696900
2024-06-04,89.96524810791016,90.50396516652219,88.40787829402494,89.04454187070091,3724000
2024-06-05,94.61778259277344,95.67562296611366,91.09165548781331,91.09165548781331,2962900
2024-06-06,94.03009796142578,94.60798768485013,92.79595083328664,94.25538169250831,1440400
2024-06-07,94.1378402709961,95.14670365616942,93.12897688582277,93.78522680996687,1779200
2024-06-10,97.47785949707031,97.50725017823083,93.06040947999838,93.50117255048146,2231800
2024-06-11,99.55435943603516,99.68168916222747,96.51797253917294,96.96853250051531,2768600
2024-06-12,100.7395248413086,103.11966173717094,99.97553157374486,100.9843948615708,3311800
2024-06-13,102.61034393310547,102.84541707974954,100.60240661050746,100.73953323545321,1964000
2024-06-14,101.72880554199219,101.94429236337083,100.89624893717125,101.21947169639897,1311300
2024-06-17,103.80531311035156,104.57909587903013,101.61127211939522,102.27731894292826,2086700
2024-06-18,103.81509399414062,105.69570147070782,103.35473715021116,103.98161129096032,2848900
2024-06-20,101.18250274658203,104.05173558318435,100.90641866493917,103.63762074450311,3109500
2024-06-21,101.63605499267578,102.29666781314822,99.5950518972083,101.17263755897899,3420600
2024-06-24,101.88255310058594,102.29666792678793,100.61062254366108,101.35997855478028,1784800
2024-06-25,102.28680419921875,102.73050509635897,100.57118028883296,102.29666622516099,2278300
2024-06-26,101.31067657470703,102.5431665573677,100.38384170053921,102.16849231074673,1953300
2024-06-27,102.64176177978516,102.86854324104327,100.3641227538825,101.26137152794166,1366800
2024-06-28,101.8233871459961,103.99257398741649,101.67549436892888,103.00658202018587,1550000
2024-07-01,101.0050277709961,101.91213864945139,100.36413143550313,101.55718091048674,1298000
2024-07-02,101.68535614013672,102.53330989436253,100.58104987232431,100.82754788174991,1102600
2024-07-03,99.95001220703125,101.89241013703136,99.79224987549632,101.68535271878329,1059800
2024-07-05,100.61062622070312,100.89656480806102,99.65421276152863,100.04861107245407,1548500
2024-07-08,101.98115539550781,103.0460285873791,101.10362309549966,101.38956168530892,2001000
2024-07-09,102.88825988769531,103.50943963912009,101.5374557121014,101.95157053137012,1618100
2024-07-10,105.23493194580078,105.4814299516002,103.14462614851368,103.529162435759,2067500
2024-07-11,104.62361145019531,105.50114372611544,103.52915973123478,105.50114372611544,1584300
2024-07-12,105.59974670410156,107.44355453966145,104.32781606107113,104.9391338381739,2040600
2024-07-15,107.41397094726562,107.42382545105532,104.68276889312622,105.84623975467764,2212100
2024-07-16,107.18718719482422,108.09429801061046,106.67447467536473,107.76892637447358,1933500
2024-07-17,103.44042205810547,105.41240601477871,103.05587826583412,105.41240601477871,2825000
2024-07-18,102.02059173583984,104.28836878436543,101.04446177848583,104.28836878436543,2237600
2024-07-19,101.1923599243164,102.809386261199,101.03460511030268,102.50373113731334,1977200
2024-07-22,104.69263458251953,104.76165372407215,101.95157792868383,102.68120992831467,2310900
2024-07-23,103.82495880126953,105.09688183930422,103.0361622059948,103.69677502908732,3793900
2024-07-24,107.9957046508789,111.97911331083627,105.65890837997284,107.47313008434755,9398100
2024-07-25,102.50372314453125,107.54214265631148,102.18820601858414,107.28578264069144,4194900
2024-07-26,102.22765350341797,104.26865669527567,101.43885687401931,103.53902470272132,3069200
2024-07-29,101.93185424804688,102.83897264072641,99.94015363987356,102.62205318861875,2977500
2024-07-30,97.71180725097656,102.24736901867409,97.25825182645903,102.05017362454372,3058400
2024-07-31,100.73880767822266,101.34026344088393,98.80626412963916,100.91628655118045,2670500
2024-08-01,97.6230697631836,102.73050861031844,96.73567546107098,100.60076228524818,3437000
2024-08-02,93.2452621459961,94.8129933210105,92.14094840964961,94.16223499713081,4204800
2024-08-05,91.24369812011719,92.58464780572793,88.73927760500662,89.32100925849565,3365600
2024-08-06,92.36772918701172,94.53690853869304,91.80571405809745,92.08179060949087,3209100
2024-08-07,90.80986022949219,93.98475562184127,90.75070311765424,93.34385932768329,3288400
2024-08-08,94.1129379272461,94.28056229244231,89.92247172526513,91.00706899556042,2332500
2024-08-09,94.93130493164062,95.6313583222079,92.95932100693676,93.87629383282493,1483600
2024-08-12,94.48760986328125,95.72995429735191,93.76783243376153,94.66508871422299,1284500
2024-08-13,96.82441711425781,96.8540031949251,95.3552910537243,95.82857055160939,1637500
2024-08-14,95.70037841796875,97.6033432252841,95.33556620265556,97.43572639540929,2176000
2024-08-15,98.21466827392578,98.75696690806942,96.84413993220531,97.47517423965118,2196900
2024-08-16,100.30496978759766,101.13319945941029,97.96816603208858,98.79639570390121,2494400
2024-08-19,102.50372314453125,102.53330169969477,99.33868985916516,100.13734093866715,2951900
2024-08-20,102.09947967529297,103.54888166829538,101.3895641964627,102.37555624538867,1703300
2024-08-21,102.97700500488281,103.43056041388961,101.98115099677995,102.74036151299262,1150100
2024-08-22,101.7839584350586,103.73621840095825,101.46844129296763,103.35168211911372,989000
2024-08-23,102.94742584228516,103.20377833987258,102.03045300355005,102.87839918233263,949000
2024-08-26,103.29252624511719,103.75594369867531,101.50787557146644,102.29667219741924,1404700
2024-08-27,99.29925537109375,101.53746146774465,99.12177650670083,101.51773741474426,2423600
2024-08-28,97.85971069335938,98.6189212598615,96.07506749497477,98.59920472882557,2058200
2024-08-29,96.17366790771484,98.93444120447438,95.79899362728591,97.67237255195316,2042800
2024-08-30,98.15550994873047,98.19494301025283,96.5582001462744,97.4357324543305,1975700
2024-09-03,95.42430114746094,98.15550310250384,94.91158863568674,98.15550310250384,1670300
2024-09-04,99.31897735595703,99.62463246839931,93.37343928386012,94.75382958678074,3916900
2024-09-05,99.3978500366211,100.70922118782826,98.46116065577134,98.67808009702628,1736200
2024-09-06,96.60749816894531,99.29925208008451,95.96660187307154,98.8949992772398,2612500
2024-09-09,99.92042541503906,99.95986599764139,96.6074992241858,97.95830344633593,2318500
2024-09-10,100.82754516601562,101.31067914517061,98.54004400105961,99.85140765876599,1878900
2024-09-11,101.09376525878906,101.30082268981408,98.65836365372141,100.88670782776406,2373500
2024-09-12,99.21051788330078,100.84726069381972,98.6780812998726,100.53174355429064,2002600
2024-09-13,100.69935607910156,101.33039033115094,98.59919591423612,99.42742554910531,1795100
2024-09-16,100.01902770996094,100.66977849757748,99.57532681054253,100.40356397594384,1593500
2024-09-17,100.64020538330078,101.0937608107121,99.67392989184388,100.8867033887975,1499300
2024-09-18,99.51617431640625,102.03045696218848,99.30911689608051,100.74866433443243,1833300
2024-09-19,102.66149139404297,103.00658709507137,101.15291729093808,102.04031160966976,1507100
2024-09-20,103.2728042602539,104.31796093895032,102.37555541472308,102.37555541472308,5499800
2024-09-23,105.09923553466797,105.96282285947667,104.12646631986455,104.33491686589385,1477300
2024-09-24,105.84370422363281,106.00252801359085,104.06690283243672,105.24813015756044,1626000
2024-09-25,106.96537780761719,106.96537780761719,105.27790909643709,105.46651045618553,1695300
2024-09-26,109.94325256347656,110.11199715776337,107.0249298412072,109.1987830994801,2660800
2024-09-27,107.93814086914062,109.90354353109228,107.35249520901013,109.863837585351,1320000
2024-09-30,108.72232055664062,108.80173245126296,107.01500268793592,107.94807351691061,1600500
2024-10-01,107.02493286132812,108.46423750308283,105.71466687064554,108.46423750308283,2155000
2024-10-02,107.75946807861328,109.18885183513086,106.40949621370997,107.26315511572632,1476900
2024-10-03,107.9977035522461,108.61312677827304,107.02492681462071,107.24330572958569,1135000
2024-10-04,106.44920349121094,109.0697353621865,105.57569539193072,109.0697353621865,1447800
2024-10-07,105.3473892211914,105.83378138876695,103.74926083775173,105.30768327446269,1871300
2024-10-08,107.84880828857422,108.146591522256,105.71466103474812,106.18119643129786,1551400
2024-10-09,108.48409271240234,108.58335379435655,104.77167372074219,108.29549135549478,3410500
2024-10-10,107.32272338867188,107.92822584065689,105.72459495941769,106.9554490507536,1255900
2024-10-11,109.00025177001953,109.07966366256939,107.14404611375966,107.18375206003458,1054900
2024-10-14,110.24103546142578,110.59838140888057,108.03740464316628,109.18885437899503,1619100
2024-10-15,110.96565246582031,114.46962075046338,110.54875139712202,111.2138089457314,2511100
2024-10-16,110.90609741210938,112.03769035544968,109.8042820346778,110.40978445193784,1238100
2024-10-17,111.62078857421875,112.47444752403567,111.16418153157126,111.55130505844924,1728300
2024-10-18,111.29322814941406,113.82441986693915,110.87631948018789,111.81931870969098,1951000
2024-10-21,111.58108520507812,111.74982979680335,108.51386712194329,110.7869814262825,2419300
2024-10-22,111.80938720703125,111.91857666816807,109.5164236694281,111.0748461192213,3166100
2024-10-23,102.75663757324219,107.00508310657686,101.70445646341759,104.96026844887383,8774000
2024-10-24,103.21324920654297,104.30513623261419,101.59526406761107,103.7591889330111,2746300
2024-10-25,102.25040435791016,104.87093634022379,102.16106408164696,103.45148088537597,2485700
2024-10-28,100.57286071777344,103.12390910043031,100.284998284165,103.00479126037803,2766700
2024-10-29,100.5827865600586,100.9599816843385,99.45119361408409,100.61256412603665,2014700
2024-10-30,99.05414581298828,100.55301313845018,98.21041525858453,100.2254447529211,2862200
2024-10-31,99.62986755371094,100.46366970175855,98.18063460129375,98.68686837412201,2708500
2024-11-01,98.37915802001953,100.23537126359659,97.93247937399983,98.85561423268923,2001600
2024-11-04,99.15340423583984,100.5232253024989,98.10122316607861,98.10122316607861,1961200
2024-11-05,100.90042877197266,101.11880769146192,99.29237201557127,99.47104498850477,1519500
2024-11-06,102.22062683105469,104.0272058131162,101.82357492412282,103.20332443153124,2411600
2024-11-07,104.33491516113281,104.50365975661815,102.22062459469433,103.01472081804975,1953500
2024-11-08,104.0073471069336,105.45658010295989,103.42170142434426,104.69226144425033,1329800
2024-11-11,101.08901977539062,104.04704834090923,100.86072005538365,103.9180096979981,1633400
2024-11-12,99.06407165527344,101.48607379459469,98.02181139097618,100.17580785917994,2064800
2024-11-13,97.54534912109375,99.90780373729866,97.48579398728523,99.13355670524781,1630300
2024-11-14,96.74132537841797,98.03174215868115,96.27478996442844,97.0093386291986,1814400
2024-11-15,96.07626342773438,96.83066124523047,95.6990683055537,96.20530207063268,1926400
2024-11-18,96.3045654296875,96.83066353966535,95.62957948712007,96.67183975405659,1384500
2024-11-19,97.07881927490234,97.10859684119023,95.39135064495187,96.27478711945514,1766600
2024-11-20,97.29719543457031,97.7041757223417,95.86781917005906,97.27734624710756,1875600
2024-11-21,99.18318176269531,99.4710441930715,97.34682529470162,98.02181123448219,1744500
2024-11-22,98.8853988647461,99.91773075107653,98.43871264788494,99.6596458862102,2675600
2024-11-25,100.61256408691406,102.62759349741611,100.06661680041287,100.25521814904688,4038900
2024-11-26,100.91035461425781,102.40921430008711,100.50337435214689,101.1684319006779,2412500
2024-11-27,99.2625961303711,100.66220237091417,97.90269583705638,100.57286209636659,1799200
2024-11-29,100.5827865600586,101.56548410300809,99.23281469939869,99.26259226537674,1460300
2024-12-02,102.39929962158203,104.34484563150971,100.69198172611982,101.06917687178476,2476800
2024-12-03,98.07144927978516,101.9625412810797,97.18801276860184,101.29748369592104,3267100
2024-12-04,96.91007232666016,99.48097756948657,94.26969114084588,99.25267026043328,4572300
2024-12-05,97.45601654052734,98.66702141702702,97.14830491795728,97.30712113268747,2285600
2024-12-06,97.78358459472656,98.35930189096676,96.8902197238228,97.45601621320601,2720200
2024-12-09,98.24018859863281,99.16333100795252,97.37660132116122,97.70416969259543,2437000
2024-12-10,96.870361328125,98.21041239842059,96.05640836463121,98.12107212627127,2812400
2024-12-11,97.66446685791016,98.39900794226195,95.85788792733577,97.2277090154191,2555600
2024-12-12,96.91999816894531,99.44126901717239,96.4038360017096,97.73395115355916,2834700
2024-12-13,95.75,98.30999755859375,95.5199966430664,97.58000183105469,4938000
2024-12-16,95.58000183105469,97.1500015258789,95.04000091552734,95.31999969482422,3552500
2024-12-17,94.48999786376953,96.45999908447266,94.08999633789062,94.80000305175781,2406200
2024-12-18,91.5999984741211,95.30999755859375,91.5199966430664,94.5999984741211,3132100
2024-12-19,87.54000091552734,92.11000061035156,87.41000366210938,91.5999984741211,4522300
2024-12-20,87.30999755859375,89.01000213623047,86.87000274658203,88.08999633789062,6072500
2024-12-23,88.52999877929688,88.62000274658203,87.30000305175781,87.45999908447266,2106800
2024-12-24,88.48999786376953,89.12999725341797,88.02999877929688,88.31999969482422,1142200
2024-12-26,88.4000015258789,89.16999816894531,88.1500015258789,88.7300033569336,1382800
2024-12-27,87.38999938964844,88.83000183105469,87.0,87.94000244140625,1611400
2024-12-30,86.52999877929688,86.86000061035156,85.25,86.68000030517578,1731200
