Price,Close,High,Low,Open,Volume
Ticker,WFC,WFC,WFC,WFC,WFC
Date,,,,,
2015-01-02,40.830806732177734,41.19656555842457,40.45011571998432,41.13685105203903,11700900
2015-01-05,39.71114730834961,40.577029341387764,39.63650058719384,40.41280940232632,15000500
2015-01-06,38.8825798034668,39.912681579290926,38.70343055430928,39.82310553097181,20211200
2015-01-07,39.11397933959961,39.29312573676896,38.89750816616272,39.28566249000384,15714700
2015-01-08,39.97984313964844,40.00223571731682,39.531971653925325,39.561830322469405,16721600
2015-01-09,39.322975158691406,40.00224435358326,39.31550906620382,39.964922433585244,14550800
2015-01-12,38.85273742675781,39.33046516170062,38.598944211634205,39.248358020836385,16967500
2015-01-13,38.70342254638672,39.21100865858354,38.25555378738017,39.03932553938169,25080900
2015-01-14,38.25556182861328,38.61385748062749,37.636006972695725,38.06894933188834,37590100
2015-01-15,37.85993194580078,38.4720205083884,37.665853417675066,38.22569072595495,32144700
2015-01-16,38.54667663574219,38.591464659779476,37.70318735833114,37.71811669967691,23174900
2015-01-20,38.815399169921875,39.03933359563682,38.59146474420693,38.80046982854345,17691000
2015-01-21,38.89004135131836,39.33791303090434,38.5989263257018,38.80793424850082,17928300
2015-01-22,40.13661193847656,40.17393386442104,39.17369087271479,39.181156966391946,21488700
2015-01-23,39.75592041015625,40.29336524920191,39.74099391794311,40.10675277425332,17779700
2015-01-26,39.99478530883789,40.00971180042071,39.47973307734241,39.49466241640549,13429400
2015-01-27,39.53945541381836,39.815641102571945,39.24087428990918,39.50959673193132,14351600
2015-01-28,38.93482208251953,39.83056242647303,38.92735883729028,39.79324050536665,18775100
2015-01-29,39.38269805908203,39.487203443832975,38.74075349478116,38.994546591358,16700000
2015-01-30,38.755672454833984,39.39015649668835,38.7407459645372,38.964680336229314,21754800
2015-02-02,39.420021057128906,39.494664909676274,38.80793235430304,38.95722005939778,17714500
2015-02-03,39.89774703979492,39.95746155008033,39.53945143564142,39.56930726704395,20258900
2015-02-04,39.845149993896484,40.19829480942195,39.747473958058904,39.845149993896484,14435600
2015-02-05,40.32601547241211,40.45374982785463,39.98790135807527,40.002929097906645,13281900
2015-02-06,40.91210174560547,41.38546570221562,40.44625309495309,40.66414824148845,19317000
2015-02-09,40.73175811767578,40.91208813944746,40.63408210270423,40.77684133968082,9739200
2015-02-10,41.002262115478516,41.10745346058524,40.7392837527117,41.03983004355246,12342500
2015-02-11,40.49884796142578,40.769338779256344,40.31851788328938,40.61906705810026,18296800
2015-02-12,41.22016143798828,41.25021692791464,40.551442551497836,40.71674201359425,20159500
2015-02-13,41.573299407958984,41.74611414709961,41.18258670223933,41.310318213941564,18809000
2015-02-17,41.60335159301758,41.6709750003459,41.287777602984626,41.558271232297884,11908600
2015-02-18,40.964691162109375,41.475622971679805,40.87452756814076,41.392971816271505,13231600
2015-02-19,40.9947395324707,41.19009442986539,40.671650271732645,40.882032909888224,10784600
2015-02-20,41.19761657714844,41.28026486569024,40.596518311851646,40.882039701242725,15049100
2015-02-23,41.400474548339844,41.40798985138714,40.77683910908449,41.08490061031267,13715000
2015-02-24,41.60335159301758,41.731085969637185,41.34037326799012,41.468104778360946,11957800
2015-02-25,41.573299407958984,41.76114188957908,41.5056759999258,41.61837976914857,10516900
2015-02-26,41.43804931640625,41.588320996825004,41.29528720726043,41.49064497780253,13579100
2015-02-27,41.167572021484375,41.53574179717403,41.167572021484375,41.19011220923076,12937000
2015-03-02,41.73859405517578,41.746109358677884,41.11495857817957,41.16755423770039,12988500
2015-03-03,41.66345977783203,41.76113866327786,41.43053408676847,41.66345977783203,11759600
2015-03-04,41.19010543823242,41.47562685650024,41.07739878552824,41.453083806209854,16653300
2015-03-05,41.205142974853516,41.332874536439306,41.062383664919416,41.28027885034516,9576100
2015-03-06,41.01728820800781,41.693522351100626,40.957177232511086,41.31032204793168,17298400
2015-03-09,41.07740020751953,41.33286614507656,41.04734758317409,41.160051373530536,11937900
2015-03-10,40.040504455566406,40.701707933536355,40.040504455566406,40.69419549534869,18723200
2015-03-11,40.34857177734375,40.566469777146494,40.27343305348975,40.47630330852169,16612900
2015-03-12,41.76865005493164,41.80621797416285,40.724246422561954,40.96468454513993,26266900
2015-03-13,41.58080291748047,41.813728576523125,41.34036482193562,41.6935095287507,17591400
2015-03-16,41.87384796142578,41.94147137317755,41.573301694056006,41.70103321278214,15505200
2015-03-17,42.009098052978516,42.06169372551607,41.520706389416446,41.70103645686605,13107700
2015-03-18,42.204437255859375,42.2870883865168,41.693508465541704,41.83626768542845,20000500
2015-03-19,41.70855712890625,42.06170202815132,41.50568970407371,42.03916184011432,14841100
2015-03-20,42.08423614501953,42.234510731503356,41.71606641769597,41.72357885720796,26487200
2015-03-23,41.91142272949219,42.294623080734084,41.873854798218325,42.09926525211092,16477400
2015-03-24,41.588321685791016,41.97903436709932,41.588321685791016,41.85130286337762,13927400
2015-03-25,40.979713439941406,41.59583650467662,40.979713439941406,41.52069779785001,15413700
2015-03-26,40.94965744018555,41.137499905507504,40.55143233090255,40.83695081449296,15038600
2015-03-27,40.66414260864258,41.02479985592278,40.54392352621584,40.97971949141839,13600300
2015-03-30,41.15253448486328,41.3403769813984,40.867013087580176,40.867013087580176,11706700
2015-03-31,40.874534606933594,41.092429757692926,40.71674470750512,40.92713028465993,13306200
2015-04-01,40.52889633178711,40.889553583954125,40.40867724773144,40.889553583954125,15436900
2015-04-02,40.85198974609375,40.93464091207549,40.438736782434404,40.536415693708214,13498900
2015-04-06,40.634090423583984,40.851985542273496,40.243377684943866,40.4387326211394,10786100
2015-04-07,40.5890007019043,40.8670067511215,40.558945219219034,40.784355606861325,10853700
2015-04-08,40.57398986816406,40.84448359255179,40.44625831289752,40.558962120559215,9828700
2015-04-09,40.71674728393555,40.791886018477335,40.37111770379226,40.619071228405694,10279400
2015-04-10,40.81442642211914,40.934645531773775,40.61907144377398,40.82194172873799,9531500
2015-04-13,41.01728820800781,41.12247954887801,40.784362477331605,40.82193327014159,14931600
2015-04-14,40.71674728393555,40.92713287440291,40.250898594775045,40.52139230662619,29289600
2015-04-15,41.18259811401367,41.25773398098248,40.71674656680837,40.851993420351896,16899900
2015-04-16,41.18259811401367,41.377953087882325,40.829453233511174,40.97221252725174,15643200
2015-04-17,40.61154556274414,40.994745845537466,40.55894989510567,40.8820392055985,17569700
2015-04-20,40.8444709777832,41.07739382809596,40.701708852753946,40.82944323481966,13327200
2015-04-21,40.784358978271484,41.21263961006993,40.7167355697639,40.98722920379424,10954200
2015-04-22,41.07740020751953,41.25773028483893,40.69420273430867,40.806909390914456,13563800
2015-04-23,41.22016143798828,41.41551639001106,40.882044341939945,40.882044341939945,14657800
2015-04-24,41.099937438964844,41.2652368813316,41.03231402782651,41.145017802224444,15268100
2015-04-27,41.302818298339844,41.701043562911906,41.10746045312549,41.167571441268265,19852400
2015-04-28,41.63340759277344,41.648435335282194,41.22766714378351,41.25772262880102,13028300
2015-04-29,41.67097854614258,41.89638896766762,41.38546001646041,41.4530805632938,18144500
2015-04-30,41.400474548339844,41.813730228492055,41.160036443295816,41.813730228492055,16577800
2015-05-01,41.468109130859375,41.76114583753843,41.29529437538141,41.520704801385314,12069400
2015-05-04,41.87384796142578,41.90390344803745,41.52070315936111,41.528218464138504,9981800
2015-05-05,41.8663330078125,42.226990226739424,41.77616655339418,41.873845445889636,17068100
2015-05-06,41.54483413696289,42.05922781564998,41.18929945145088,41.930630838812974,15670700
2015-05-07,41.46163558959961,41.74908874142424,41.310342786409166,41.57510302773979,14723100
2015-05-08,42.39963912963867,42.39963912963867,41.6734372509505,41.73395263133963,17477500
2015-05-11,41.991153717041016,42.331561783709,41.938201671744885,42.30130264763406,12922100
2015-05-12,41.96089172363281,42.089488705845746,41.60535413758823,41.83985808156843,11705900
2015-05-13,42.05923843383789,42.23322703627204,41.885252717073996,41.96090056284325,11448100
2015-05-14,42.39207077026367,42.46015236868462,42.15000350602684,42.323989171842726,11025400
2015-05-15,41.99871826171875,42.3920783579276,41.83229590564233,42.3920783579276,13323200
2015-05-18,42.17271041870117,42.34669614230954,42.02141760688117,42.04411340433991,10637300
2015-05-19,42.66440200805664,42.891339733336466,42.27860527797818,42.286171504033696,17194100
2015-05-20,42.42234802246094,42.64171959049298,42.30887768139524,42.6038971053613,13292000
2015-05-21,42.369380950927734,42.49798082636456,42.23322062056789,42.29373600232007,13466700
2015-05-22,42.36180877685547,42.53579443090868,42.35424543783977,42.39206790425669,8568800
2015-05-26,42.1046257019043,42.36182259738667,41.95333290120817,42.339129687266805,15859100
2015-05-27,42.4147834777832,42.596335453561316,42.142456956951406,42.30131313221303,12526100
2015-05-28,42.52067947387695,42.58876109108243,42.27861214285083,42.445034515057614,10348700
2015-05-29,42.33155822753906,42.55849595769656,42.119750064148036,42.55093261714822,17291500
2015-06-01,42.39207077026367,42.7324787623684,42.210518879251346,42.543363531829044,15746200
2015-06-02,42.49798583984375,42.70223068798297,42.165143986766964,42.369385949236026,13148700
2015-06-03,43.05019760131836,43.26957199512418,42.62657838076262,42.62657838076262,16197700
2015-06-04,42.46770095825195,43.035046452818555,42.30884491233372,42.76272015371964,17627100
2015-06-05,42.82326126098633,43.284702971369725,42.66440513023235,43.14853974910348,16890300
2015-06-08,42.45259094238281,43.07288873781761,42.45259094238281,43.07288873781761,14248400
2015-06-09,42.89133834838867,43.06532402834092,42.36181508272074,42.53580076267298,14669900
2015-06-10,43.277130126953125,43.54945652984229,43.05019241976865,43.10314445525604,18622400
2015-06-11,43.31494903564453,43.54945294899918,43.17122250623513,43.31494903564453,13943300
2015-06-12,43.186363220214844,43.337656013515556,42.921602996191105,43.21662235600899,13439000
2015-06-15,43.1031494140625,43.17123102261725,42.724918896684976,42.85351877314165,12920600
2015-06-16,43.284690856933594,43.29982042024763,42.91402376991263,43.00479826412769,10476100
2015-06-17,43.24686813354492,43.534324082639436,43.19391610156295,43.35277508317819,17497700
2015-06-18,43.64781188964844,43.7537159961171,43.262015061032024,43.337662912559985,18299900
2015-06-19,43.15610885620117,43.54946900800895,43.15610885620117,43.43599867906946,36241100
2015-06-22,43.806663513183594,43.90500426715155,43.51920747848429,43.5570328431667,15111200
2015-06-23,43.79153060913086,44.07142039530824,43.69318986265287,43.87474178802223,13354200
2015-06-24,43.52675247192383,43.98819399350938,43.52675247192383,43.62509029224921,16166600
2015-06-25,43.24686813354492,43.71587596777,43.21661189074759,43.68561683930336,14053600
2015-06-26,43.45112228393555,43.55702925638696,43.337654856242516,43.37547733214019,16975900
2015-06-29,42.4072151184082,43.26201418075245,42.36938975057864,42.96699477997254,19289700
2015-06-30,42.54337692260742,43.02751160346532,42.35426163254291,42.77031469355077,17346700
2015-07-01,43.05019760131836,43.26957199512418,42.82325986681952,43.18636081915164,12165300
2015-07-02,42.92159652709961,43.22417918242613,42.755174190984796,42.997241469513845,10106800
2015-07-06,42.694664001464844,42.762745616778744,42.369385493372896,42.437467108686796,11682100
2015-07-07,42.55093765258789,42.71736002104357,41.665879534535726,42.60388969970194,15831800
2015-07-08,41.79447937011719,42.49042225685982,41.76422023095351,42.2407915729353,12906600
2015-07-09,41.983577728271484,42.47527844151891,41.93818903783245,42.407196848694944,13623200
2015-07-10,42.42234802246094,42.709801217998276,42.25592562507674,42.61146333379002,13269600
2015-07-13,42.92159652709961,42.93672320704679,42.67952636290098,42.78543332221832,15521800
2015-07-14,43.30738830566406,43.398162809409015,42.65683144320811,42.709783477531786,20066300
2015-07-15,43.70832061767578,43.99577663829085,43.31496050674728,43.42843082389456,17159400
2015-07-16,44.003334045410156,44.13949725335666,43.85960749731981,44.056288969095704,13194500
2015-07-17,43.829341888427734,43.912553046061625,43.48893680453524,43.85203767684467,12963900
2015-07-20,43.912559509277344,44.094111414988156,43.78396252722065,43.867173697101876,10084900
2015-07-21,43.83692169189453,44.15463397145276,43.68562889348437,43.889873738487566,12504300
2015-07-22,44.268089294433594,44.32104132308742,43.86716596729199,43.92768133475245,14871100
2015-07-23,44.033592224121094,44.45721140474778,43.92768815038182,44.426952273488105,13582200
2015-07-24,43.70832061767578,44.13193986459956,43.647805231355264,44.01090620628849,13157300
2015-07-27,43.56459045410156,43.7537057099562,43.375475198246924,43.481379279818356,15495300
2015-07-28,43.42086410522461,43.753705918272345,43.23931218904505,43.670494743592954,16730600
2015-07-29,43.844478607177734,43.97307847696261,43.43598897704181,43.57215218708712,13718400
2015-07-30,43.98820495605469,44.01846120064272,43.66292651996005,43.761264364792765,9864800
2015-07-31,43.77639389038086,44.06384985622869,43.715878515589964,44.0487202911136,12369800
2015-08-03,43.806663513183594,43.927697177424854,43.49651456821098,43.927697177424854,13085900
2015-08-04,43.73857498168945,43.99577183824846,43.65536380961599,43.7007525086569,12324700
2015-08-05,43.89467239379883,44.176389331722014,43.76523299777492,44.01649617002301,12032500
2015-08-06,43.80329132080078,44.12308046794449,43.71192423783423,43.89466130827452,12556600
2015-08-07,43.75761795043945,44.054563207628576,43.43021602469048,43.83375671733131,13596200
2015-08-10,44.11546325683594,44.14591991822724,43.91750076680665,44.008867846473464,12397500
2015-08-11,43.55964660644531,43.818522445107675,43.384525142718914,43.574874938661615,15425500
2015-08-12,43.186553955078125,43.361675383615875,42.790626110533594,43.323606012978416,21663200
2015-08-13,43.31599426269531,43.49873132437643,43.11803177500557,43.2093988535926,11868600
2015-08-14,43.65100860595703,43.68146236030527,43.26269346682174,43.31599116756472,9742500
2015-08-17,43.66625213623047,43.78046320203901,43.34646579917944,43.414991857762956,11462500
2015-08-18,43.810890197753906,43.9479422220873,43.60531216125381,43.71190753473399,10581500
2015-08-19,43.445438385009766,43.818522357789874,43.361684010240694,43.612944230040526,13744600
2015-08-20,42.72971725463867,43.07996305278457,42.72210454151918,42.98859306830802,20857700
2015-08-21,41.09270477294922,42.470835097810514,41.08508915646004,42.12820787297082,31954400
2015-08-24,39.021705627441406,40.53689118247059,36.35680865776248,37.46083798324519,40198100
2015-08-25,38.08517837524414,40.84905756189532,38.06995004668467,40.77291591909794,31041800
2015-08-26,39.821170806884766,39.904925169362215,38.51156638066857,39.25773712122966,30235800
2015-08-27,41.13840103149414,41.191698747259856,40.26279362640905,40.689175352534775,26452500
2015-08-28,40.76530838012695,41.06225356345191,40.384608831349915,40.92520149353162,18342200
2015-08-31,40.60541534423828,40.78053678846918,40.39983723896538,40.658713048808245,13842200
2015-09-01,38.82373809814453,39.83639730501641,38.4734923343892,39.67650420464298,28031700
2015-09-02,39.585140228271484,39.965839775783394,39.036931950412075,39.965839775783394,20919600
2015-09-03,39.9201545715332,40.35415182102136,39.76026145951273,39.88969791081301,15719000
2015-09-04,39.05216598510742,39.45570663497198,38.64862243073539,39.440478302306296,22303800
2015-09-08,40.30085372924805,40.338923102528476,39.577524018891836,40.08766291527203,19685400
2015-09-09,39.737430572509766,40.88714520427241,39.60799407866665,40.81861914738253,16221500
2015-09-10,40.01914596557617,40.24756516161501,39.440480904136265,39.64605905192352,17996200
2015-09-11,40.0648307800293,40.095287449436,39.615605072057996,39.85163990319813,12549400
2015-09-14,40.17903518676758,40.26278956151728,39.904931016498516,40.07243976599792,16225600
2015-09-15,40.71200942993164,40.95565690133313,40.2170988698622,40.38460759564083,14305500
2015-09-16,40.902366638183594,41.0318031101869,40.27801951609207,40.7500862147328,15218500
2015-09-17,39.752647399902344,41.0470264861643,39.61559532579772,40.887133367877944,25025800
2015-09-18,38.861820220947266,39.196834860875036,38.602944347750615,39.03694170803504,39561600
2015-09-21,39.25013732910156,39.40241778550271,38.968420372689714,39.22729627721923,16673300
2015-09-22,38.595314025878906,38.94555977113965,38.321212827358316,38.73236607739253,21761300
2015-09-23,38.66386032104492,38.785684107977595,38.450669420039794,38.74000200319546,12521200
2015-09-24,38.48872375488281,38.58770645070962,37.91767443239343,38.138480867504356,17064300
2015-09-25,39.19682312011719,39.493768287734405,38.88464962281359,39.10545604650579,18394800
2015-09-28,38.3516731262207,39.0597745450756,38.22223666908948,38.88465309480603,17647900
2015-09-29,38.74760437011719,38.800902081133266,38.069959554763585,38.42781810402073,20816400
2015-09-30,39.09785079956055,39.37957061672047,38.602943023766876,39.311044567209635,20514800
2015-10-01,39.16637420654297,39.48616338418681,38.77044626991642,39.21967191873237,15556600
2015-10-02,39.02932357788086,39.05216753003685,37.69687491424913,38.283152674788,21630300
2015-10-05,39.904930114746094,40.02675386494527,39.212056990893124,39.371950118434434,15240700
2015-10-06,39.6156005859375,40.003915815629966,39.53184620680746,39.72981163102529,14490700
2015-10-07,39.737430572509766,40.14858691384904,39.52423968641146,39.96585269848135,13863500
2015-10-08,40.0039176940918,40.04198707607284,39.41763991715922,39.76788287859707,15384100
2015-10-09,39.6993522644043,40.40745372495987,39.57752851336824,40.36938434735623,16983100
2015-10-12,39.72981262207031,39.92016243229315,39.40241071612643,39.6841276219941,10639000
2015-10-13,39.48617172241211,39.82880201920191,39.37196065531282,39.60799550521425,16002200
2015-10-14,39.21206283569336,39.51662370884165,38.633400662120906,39.364343272267504,26269100
2015-10-15,40.118125915527344,40.12574153464248,39.41002437221836,39.577533138659355,18262400
2015-10-16,40.262794494628906,40.49882641110749,39.98107467149783,40.46837264751872,15676300
2015-10-19,40.01914596557617,40.3617733073806,39.935391582643476,40.171423493263624,15515700
2015-10-20,40.415069580078125,40.57496270965503,40.03436999279558,40.0648237523526,13583300
2015-10-21,40.445518493652344,41.008955093305545,40.376992459971646,40.38460807732895,17666700
2015-10-22,41.16123580932617,41.45818098940424,40.65871252661551,40.65871252661551,18263200
2015-10-23,41.686607360839844,41.72467674099847,41.199312323991414,41.3744337963271,16924800
2015-10-26,41.33636474609375,41.73229269282007,41.23738203328528,41.69422040785005,12661400
2015-10-27,41.20692825317383,41.36682430952713,40.97850904989336,41.10033281861013,12443900
2015-10-28,42.219581604003906,42.25765097893936,41.24498875951487,41.298289369833064,16681600
2015-10-29,41.94548034667969,42.31095159934846,41.80842826386549,42.173899516534256,11334900
2015-10-30,41.22215270996094,41.93025420668161,41.138398332250915,41.93025420668161,18450500
2015-11-02,41.76274490356445,41.892184277739,41.21453945534666,41.27544988092311,10992300
2015-11-03,41.82365417480469,41.99116291177179,41.45818294329142,41.633304393526494,10709100
2015-11-04,41.84281921386719,41.97314538483151,41.68949207048938,41.8274862070822,12823600
2015-11-05,42.05748748779297,42.22614768619032,41.66650301413962,41.66650301413962,12263900
2015-11-06,42.816463470458984,43.192115028914415,42.59414206287679,42.96212565155176,22376800
2015-11-09,42.52512741088867,43.10010207929128,42.27213715304477,42.99277394243838,17609700
2015-11-10,42.86244583129883,42.90077689185978,42.34113521914699,42.39479928882681,13475900
2015-11-11,42.77812957763672,43.06178302688697,42.55580526022306,43.031119923205374,10808500
2015-11-12,42.29513168334961,42.73978012698233,42.29513168334961,42.56345492761933,17552200
2015-11-13,41.83515930175781,42.44080002623001,41.65116903386283,42.180144709651636,16550200
2015-11-16,42.37179946899414,42.37179946899414,41.70482968475774,41.766158794201196,11955400
2015-11-17,42.1341438293457,42.540461258335334,42.04214869943986,42.4178001103034,11331900
2015-11-18,42.67844772338867,42.75511276013973,42.14180708849188,42.21080415933177,16612600
2015-11-19,42.90843963623047,42.98510174802176,42.51745526246742,42.75511248817579,12167600
2015-11-20,42.7934455871582,43.13076298940536,42.71678347170684,43.13076298940536,16264100
2015-11-23,42.624786376953125,42.96210671121552,42.594123284770255,42.85477857739469,9638100
2015-11-24,42.37946701049805,42.532794179858286,42.08048063870547,42.27213886928763,14156500
2015-11-25,42.33347702026367,42.56346634528089,42.24147895067844,42.51746731048827,10034400
2015-11-27,42.46379852294922,42.525130562537726,42.149479131239644,42.425467460442704,4914000
2015-11-30,42.24147415161133,42.69378770669597,42.24147415161133,42.51746248006604,15998900
2015-12-01,42.709129333496094,42.75512837234346,42.37181182203499,42.55580212847807,15543400
2015-12-02,42.22614288330078,42.77811660027455,42.16481084559674,42.77811660027455,12779900
2015-12-03,41.55149841308594,42.333464221305896,41.42116931614659,42.264467152213776,15410100
2015-12-04,42.67844772338867,42.83944283832983,41.6358295438234,41.76615571959201,19647700
2015-12-07,42.48678970336914,42.59412075528835,42.18013832844495,42.50979067673075,17991600
2015-12-08,41.704830169677734,42.32580093569758,41.61283211773434,42.149475722847974,19949500
2015-12-09,41.490177154541016,42.118815980786124,41.17585774141846,41.490177154541016,18499600
2015-12-10,41.65884017944336,42.15715283323333,41.30618967725479,41.58984308775664,14075300
2015-12-11,40.86919403076172,41.35217057035126,40.62387177826394,40.976522150670505,17815700
2015-12-14,40.78487014770508,41.06852349686484,40.43988476387705,40.87686527523509,22055100
2015-12-15,42.09580612182617,42.25679830485817,41.25251122782539,41.2678442344673,19056700
2015-12-16,42.816463470458984,42.96212565155176,42.026832202540206,42.32581868555902,21086800
2015-12-17,42.52512741088867,43.115435088052045,42.52512741088867,43.01577199334332,18800500
2015-12-18,41.237186431884766,42.27980769535374,41.237186431884766,42.16481158487868,31468600
2015-12-21,41.41350555419922,41.812154974104715,41.053187190646305,41.628161809351354,12993400
2015-12-22,41.65884017944336,41.78150135083386,41.168195493881356,41.6741731914263,10318100
2015-12-23,42.19548034667969,42.21081335737107,41.75083181004781,41.858159960414746,13033600
2015-12-24,42.02680587768555,42.23379706499837,41.94247580976494,42.141801956572145,4999400
2015-12-28,41.919490814208984,41.996152941018764,41.52850636385015,41.81982770977813,8288800
2015-12-29,42.38713455200195,42.433130655217624,42.15714526250617,42.24914039340999,7894900
2015-12-30,42.08047866821289,42.40246600123902,42.003816549358866,42.37179998390846,8016900
2015-12-31,41.67416000366211,42.12647347836893,41.56683187821847,41.789153170435114,10929800
2016-01-04,40.56255340576172,40.838541763834,40.09490679063623,40.70054758479786,25985400
2016-01-05,40.547218322753906,40.838539677443954,40.28656298949919,40.57788434418923,14759600
2016-01-06,39.772926330566406,40.340233190908215,39.73459526018762,39.95691663817389,20026400
2016-01-07,38.63829803466797,39.243935782768496,38.44663981609218,39.10594163143614,30425600
2016-01-08,37.99433517456055,38.99095755896125,37.91767011454633,38.94495852295272,22981400
2016-01-11,38.40064239501953,38.58463557930647,38.0556570022768,38.46963947356808,19046400
2016-01-12,39.374267578125,39.4969287294022,38.67663173189731,39.00628412429339,28961500
2016-01-13,38.12465286254883,39.71158269398245,37.94832765066424,39.65791862621203,22013500
2016-01-14,38.82228469848633,39.098272975641684,38.02498588103132,38.39297220021983,24569800
2016-01-15,37.42702102661133,38.05565982242956,36.89804533485383,37.2506957960255,41090400
2016-01-19,36.95936584472656,37.97898885201963,36.79070862075079,37.75666464260614,29918500
2016-01-20,36.6987190246582,36.990040368694046,35.93975403096378,36.24640546068387,40241100
2016-01-21,36.8060417175293,37.60334058071213,36.72937960257689,36.82137472541422,24272900
2016-01-22,37.58034133911133,37.771999544885375,37.2276909423604,37.58800638057455,18298700
2016-01-25,36.53772735595703,37.54968264579853,36.50706133518057,37.49601857167608,23440800
2016-01-26,36.99769592285156,37.227688091747076,36.537717434004364,36.60671449977864,18895100
2016-01-27,37.2353630065918,37.795004722066466,36.89804555361976,37.02837175437963,20441500
2016-01-28,37.50367736816406,37.87166370724575,37.25835509175775,37.64167151420164,21306600
2016-01-29,38.50796890258789,38.52330191100159,37.69533700349603,37.7873350539782,25358300
2016-02-01,38.285640716552734,38.46963387405825,37.99432236017103,38.42363485356386,17385400
2016-02-02,37.434688568115234,37.810337078076756,37.39635458081609,37.76433804800136,25593200
2016-02-03,36.774147033691406,37.47718210222325,35.9320498243857,37.43083002003593,47149700
2016-02-04,37.27631378173828,37.55443804522185,36.59645479845687,36.619633785150995,30851700
2016-02-05,36.975006103515625,37.59305826180841,36.77413731012975,37.35356176111145,23733700
2016-02-08,35.92431640625,36.57327191727937,35.58438845175088,36.39558210376129,31172100
2016-02-09,35.88569259643555,36.125186179010825,35.0435955078808,35.23673701491533,29896200
2016-02-10,35.66936492919922,36.480561453246594,35.62301286298274,36.21788893863519,19885500
2016-02-11,34.88907241821289,35.17492094728299,34.37917909336404,34.711382632731215,32570900
2016-02-12,36.55009460449219,36.6118983453749,35.48395281354336,35.50712884798624,28533900
2016-02-16,37.268585205078125,37.3999200107084,36.75096445163398,37.12179577866145,20410600
2016-02-17,37.18360900878906,37.824837370172794,37.075450221117535,37.585343753787534,18060500
2016-02-18,36.87456512451172,37.19131698328891,36.681423675327956,37.152689282873084,17162800
2016-02-19,37.15269088745117,37.21449462136479,36.57326651487527,36.619621525639054,18234900
2016-02-22,38.00251770019531,38.11840377056357,37.152696341178704,37.152696341178704,17572800
2016-02-23,37.16043472290039,37.79393879980193,37.06772759989454,37.75531107747502,15224700
2016-02-24,36.7818717956543,36.83595118586123,35.970677995444625,36.573278598953685,18595700
2016-02-25,36.89002227783203,37.20677418369466,36.85911893406371,36.85911893406371,16646200
2016-02-26,37.13724899291992,37.50035597172249,36.95183479526729,37.18360401588585,20325600
2016-02-29,36.24880599975586,37.106354984292594,36.24108163420335,37.106354984292594,24018100
2016-03-01,37.639427185058594,37.639427185058594,36.418771142731345,36.418771142731345,24758500
2016-03-02,38.29608917236328,38.29608917236328,37.55442665933747,37.73211645222252,18667700
2016-03-03,38.450599670410156,38.466051339842,37.90980302871416,38.34244093149188,14268100
2016-03-04,38.713279724121094,39.00685560650436,38.38107613415968,38.63602136185961,18685600
2016-03-07,38.68238067626953,38.75191173647617,38.195663254823074,38.45061145794924,14386100
2016-03-08,37.89436721801758,38.365633018046616,37.79393279823127,38.327005301853674,18098200
2016-03-09,37.6934814453125,38.24200238842734,37.47716104393291,38.14929532903853,17920100
2016-03-10,37.477169036865234,37.956161997923765,37.0522583980142,37.80937259655538,18542700
2016-03-11,38.68238067626953,38.72873569877579,37.76302816652,37.94844236233403,18318400
2016-03-14,38.53559112548828,38.68237759775125,38.19566021503996,38.605122180161324,12803900
2016-03-15,38.612850189208984,38.62057749996082,38.01024962321049,38.08750504809549,12945600
2016-03-16,38.272926330566406,38.85235092114868,38.07205748878526,38.435164508624034,16629700
2016-03-17,38.41970443725586,38.574218217068655,37.73212121154941,38.187935241089285,16002800
2016-03-18,39.04548645019531,39.16909689263683,38.5742207174166,38.96822808172848,35812100
2016-03-21,39.145912170410156,39.2077188561238,38.75962922601485,39.014577383926145,13543200
2016-03-22,38.91414260864258,39.07638368348512,38.62829405780421,38.7905321855418,13907000
2016-03-23,38.44288635253906,38.88325172384576,38.39653427447938,38.76736563448521,13648100
2016-03-24,37.77846908569336,37.91753116651763,37.484893254274944,37.871176157207984,20871100
2016-03-28,37.623958587646484,37.886631102232876,37.50807252790649,37.886631102232876,18478100
2016-03-29,37.12179946899414,37.58534088418887,36.95956129987355,37.56216189781042,24459500
2016-03-30,37.585330963134766,37.979338262297375,37.199048025988894,37.39218949456183,16794200
2016-03-31,37.36129379272461,37.7321251345676,37.29176273193495,37.54670799009334,16397600
2016-04-01,37.430824279785156,37.53125868763202,36.913203513594866,37.260858812214394,14321400
2016-04-04,37.46944808959961,37.60078288478772,37.23767889702312,37.40764139978978,12110200
2016-04-05,36.7046012878418,37.15269088386756,36.665973585761414,37.14496652229339,18297700
2016-04-06,37.14497756958008,37.18360528314873,36.48057028661901,36.61190510217355,17214400
2016-04-07,36.25652313232422,36.91320306283794,36.01702660795411,36.85912367783589,17593100
2016-04-08,36.36468505859375,36.81277479848025,36.28742962962986,36.58100261737719,12236500
2016-04-11,36.33378219604492,36.859127371949484,36.310606156465695,36.39558889773052,15113500
2016-04-12,36.905479431152344,36.95183445368977,36.271975525335066,36.41876200937865,18772600
2016-04-13,37.8788948059082,38.04886020063923,37.291746178725724,37.30719784616529,26311900
2016-04-14,37.6934814453125,38.08748865804314,37.21448858641106,37.31492295322643,30067900
2016-04-15,37.27631378173828,37.809383322011286,37.12952728583562,37.56216240938273,24885200
2016-04-18,37.73212814331055,37.7630314943714,37.01364144022746,37.27631403003316,18225800
2016-04-19,38.53559112548828,38.56649152426109,37.84028057875786,37.86345661461379,18673400
2016-04-20,38.975948333740234,39.03002770832075,38.44287600272531,38.61284143546687,22647700
2016-04-21,38.66693115234375,39.230904028890635,38.574224049281355,39.05321418672701,20255400
2016-04-22,39.10728454589844,39.199994574659755,38.666922224149644,38.666922224149644,16365700
2016-04-25,39.02231216430664,39.091843230745475,38.721011858773615,38.86780130298103,11689100
2016-04-26,39.33906173706055,39.39314407174052,38.975957698647626,39.02230977536533,13333500
2016-04-27,39.34678649902344,39.717617824270505,39.18454834681011,39.30043147820303,15342700
2016-04-28,38.94504928588867,39.346783932141214,38.78281114425934,39.022304701777344,15506300
2016-04-29,38.612850189208984,38.98368153344695,38.381080967448455,38.98368153344695,17887000
2016-05-02,39.08411407470703,39.16909680628048,38.744186095518664,38.844617553645996,14780300
2016-05-03,38.628292083740234,38.728726468347304,38.27291250387498,38.52013333744253,16246400
2016-05-04,38.09892654418945,38.3558271546022,37.8965224323859,38.19234656779842,22402500
2016-05-05,38.11449432373047,38.29354490401954,37.9665837494937,38.12228081008076,15953600
2016-05-06,38.16121292114258,38.23905998411869,37.87317522452086,37.91988227443649,14189600
2016-05-09,38.052223205566406,38.31690735887017,37.99772967132812,38.16121027404298,13877000
2016-05-10,38.45703887939453,38.54266946474725,38.1456446737793,38.1456446737793,14234400
2016-05-11,38.207923889160156,38.7061522317949,38.207923889160156,38.425898046644065,17344300
2016-05-12,38.30133819580078,38.59716236651117,38.184564637193404,38.41032526667436,13589600
2016-05-13,37.55398941040039,38.48038232646383,37.530632920807996,38.22348172866862,25251700
2016-05-16,37.57735824584961,37.857612477786944,37.3204575433485,37.46058465931717,19655300
2016-05-17,37.07133865356445,37.49950346737384,37.016845111971,37.47614994088387,21495600
2016-05-18,37.8731689453125,37.92766247429601,37.07133007515955,37.11804008700595,30028200
2016-05-19,37.66298294067383,38.11450123156719,37.491715846020334,37.70968998854299,13604100
2016-05-20,37.951026916503906,38.309128201352905,37.803116290938135,37.849823346550764,13222800
2016-05-23,37.91209411621094,38.05222118815883,37.639623489790154,37.95880116041042,10644000
2016-05-24,38.30133819580078,38.43367879052585,37.90431047227566,38.184564637193404,16597700
2016-05-25,39.3133544921875,39.57025506579787,38.54265574103056,38.59715223183284,22478600
2016-05-26,39.35228729248047,39.437920837213134,39.23551670666992,39.32893376925334,14983300
2016-05-27,39.58583450317383,39.593620991303204,39.30558329369353,39.39121387539092,13430500
2016-05-31,39.48463439941406,39.85051916475668,39.30558377601765,39.71817856168439,19725000
2016-06-01,39.702613830566406,39.733753848253684,39.05647182709528,39.12653538205389,16774300
2016-06-02,39.788246154785156,39.788246154785156,39.47685192696478,39.67147257693365,14206700
2016-06-03,39.07204055786133,39.16546060786732,38.620522194867455,39.05647054952699,25452600
2016-06-06,39.30557632446289,39.601397488075094,39.072029236793306,39.11095573118796,14528500
2016-06-07,39.13431930541992,39.492420576317635,39.13431930541992,39.492420576317635,15310100
2016-06-08,38.924129486083984,39.26666075647838,38.72172531941353,39.1187501335144,18168500
2016-06-09,38.25463104248047,38.67501232133029,38.028870396097204,38.65165879573036,19464400
2016-06-10,37.6318359375,37.919873567987935,37.499492397216734,37.748609474827916,16815300
2016-06-13,37.343807220458984,37.76418552189422,37.336020732285576,37.46836430415741,16150100
2016-06-14,36.49525833129883,37.46057491272925,36.207217684708795,37.25817078103413,25311700
2016-06-15,36.41741180419922,37.024630196996604,36.38627475995142,36.79886955056777,20142000
2016-06-16,36.471900939941406,36.47968742731956,35.77905204702636,36.17607975241745,15619300
2016-06-17,36.27727508544922,36.588669202703684,36.21499804380296,36.471895666314666,25661300
2016-06-20,36.534175872802734,37.2893046808904,36.52638938650886,36.97012704535298,19490100
2016-06-21,36.76772689819336,36.8533604454989,36.40962567280197,36.81443691572592,11731600
2016-06-22,36.56532287597656,37.04019766184768,36.534182864190754,36.70544995933771,17072100
2016-06-23,37.29710006713867,37.29710006713867,36.89228877158578,37.08690941542802,16270000
2016-06-24,35.584449768066406,36.56533980574702,35.24970191056801,35.623373315982796,46744100
2016-06-27,35.03950500488281,35.28862220087466,34.64248013471535,35.187418618410085,35030100
2016-06-28,35.88804244995117,35.89582893805335,35.29639705021463,35.72456183590655,27525700
2016-06-29,36.56532287597656,36.58089288186947,35.92696748274243,36.300638715147166,20856400
2016-06-30,36.8455696105957,36.868923129886944,36.22278137920183,36.77550608304761,22538800
2016-07-01,36.61204147338867,36.80666215393133,36.4797008360641,36.65096798523793,19013600
2016-07-05,35.97368240356445,36.40184726546048,35.66229112658353,36.35514020723494,22213000
2016-07-06,36.31620407104492,36.32398758815727,35.576645219038916,35.724555801570276,19024100
2016-07-07,36.432979583740234,36.7599437705914,36.15272541491781,36.26171545698486,17946200
2016-07-08,37.203678131103516,37.30487871451924,36.93899397125668,36.93899397125668,19775700
2016-07-11,37.429443359375,37.7174810785222,37.320453305139935,37.44501039744753,16008700
2016-07-12,37.639625549316406,37.85760265631503,37.53842496823033,37.69411908364734,15067900
2016-07-13,37.57735824584961,37.73305537133431,37.351597562380576,37.60849826488168,14389600
2016-07-14,38.09892654418945,38.26241010066784,37.88873594558119,38.184560080993705,17578400
2016-07-15,37.14139938354492,38.05222545329749,36.90785522734621,38.02886895890507,35121000
2016-07-18,37.58514404296875,37.62407055395514,37.19590269051157,37.21925919103858,24139200
2016-07-19,37.65519714355469,37.795324229082205,37.40608298476689,37.429439478804824,15982900
2016-07-20,37.84202194213867,37.90429897674707,37.678541385408316,37.82645194106806,16569900
2016-07-21,37.60070037841797,37.99772807654764,37.59291686085699,37.873171007848576,15532000
2016-07-22,37.61627197265625,37.6474119835655,37.44500488233026,37.61627197265625,13588500
2016-07-25,37.46057891845703,37.569565998691274,37.250388276715896,37.553998961236566,12122200
2016-07-26,37.343807220458984,37.49950134782568,37.211463648587156,37.390514270798946,16130100
2016-07-27,37.367156982421875,37.53842406888725,37.1958898959565,37.32823345450015,17886800
2016-07-28,37.46836471557617,37.538428261530555,37.118046985804234,37.32045113540849,12562600
2016-07-29,37.343807220458984,37.49950134782568,37.32823721378729,37.32823721378729,13111700
2016-08-01,37.21924591064453,37.406080030140245,37.07911883618535,37.35158649781443,16026600
2016-08-02,37.133602142333984,37.23480566150081,36.892271587297394,37.102462141102045,17033100
2016-08-03,37.329795837402344,37.3847269774745,37.141461355304294,37.141461355304294,14913500
2016-08-04,37.54167938232422,37.667236718311,37.32980081656096,37.35334188158254,14662600
2016-08-05,38.200843811035156,38.21653884715655,37.76924079502399,37.973270277558015,19064700
2016-08-08,38.3813362121582,38.4911984828668,38.247932881589875,38.27931996356207,14871600
2016-08-09,38.39704132080078,38.569683787779695,38.30287406314099,38.46766751242642,10449800
2016-08-10,37.8084831237793,38.39703360454358,37.73001092375308,38.31071238840121,16782700
2016-08-11,37.855567932128906,38.05959744665177,37.60445030833708,37.84771891607657,14614100
2016-08-12,37.5887565612793,37.73000890860027,37.53382542549029,37.70646485503185,13227500
2016-08-15,37.87910842895508,37.93403956641302,37.690770962297506,37.70646600064585,11758900
2016-08-16,38.01251220703125,38.13806952175674,37.714315455509784,37.792787654642275,13957600
2016-08-17,38.14590835571289,38.18514444480607,37.91048882763211,37.95757093713524,13062900
2016-08-18,38.08314514160156,38.18516141339483,37.92620071548644,38.05960407638891,12189200
2016-08-19,38.17731475830078,38.24009192900431,37.82418381833408,38.012518323967655,12557700
2016-08-22,38.161624908447266,38.24794614923969,38.05960862446319,38.169470933281396,9212600
2016-08-23,37.98896789550781,38.25577754066049,37.973272858319746,38.169456332887236,15430200
2016-08-24,38.161624908447266,38.27148721726548,37.94189729728744,38.05960862446319,16315800
2016-08-25,37.965450286865234,38.20871602973429,37.90267009933509,38.15378486240746,13643200
2016-08-26,38.067440032958984,38.32640365590483,37.88695159584017,38.12237415979904,15527300
2016-08-29,38.891414642333984,39.04051301134241,38.208693968005555,38.25577908146618,21201400
2016-08-30,39.723236083984375,39.738931123934954,38.98558716744395,39.024823270559004,25055800
2016-08-31,39.86449432373047,39.95866158378594,39.425045114456125,39.786022105938116,24533600
2016-09-01,39.57413101196289,40.021429097690586,39.32301640220426,39.958648948489795,17017100
2016-09-02,39.668312072753906,39.7546333112401,39.377961265273974,39.589839852415544,12684000
2016-09-06,39.22886276245117,39.684007027748926,38.946357980220625,39.67616100314177,21832200
2016-09-07,39.05621337890625,39.26024291136679,38.96204613265699,39.07190841886826,12437300
2016-09-08,39.15822982788086,39.228856011283945,38.89142013430507,39.087603644477774,14169200
2016-09-09,38.23223876953125,39.12683498812983,38.23223876953125,38.83648426658102,32147200
2016-09-12,38.09099197387695,38.16946418243285,37.65153982280448,37.957585627104486,35588400
2016-09-13,36.85110855102539,37.55737036049843,36.50582666279562,37.510285242025994,59000500
2016-09-14,36.50582504272461,37.337644137686624,36.49013000393032,36.945277148397054,44841700
2016-09-15,36.21546936035156,36.37241373980445,35.46212256877581,36.19192530861591,60827800
2016-09-16,35.65047073364258,35.99575266318165,35.50921835484863,35.862349301833504,51871400
2016-09-19,36.10560989379883,36.32533744860886,35.68970183321264,35.79956411385634,33562400
2016-09-20,36.537208557128906,37.039437734240444,36.1919237527232,37.00020164106399,51510400
2016-09-21,35.96436309814453,36.52152355751904,35.57199607151074,36.49797950032547,64530200
2016-09-22,35.878047943115234,36.19193982141231,35.603389181891515,35.96436918254202,36964400
2016-09-23,35.89373779296875,36.02714114840152,35.650469152827746,35.70540029842041,28710500
2016-09-26,35.2188606262207,35.70539483858213,35.03837217636925,35.60337858657132,30938000
2016-09-27,35.38365936279297,35.39150538634882,35.046223472956015,35.14823974031956,24359000
2016-09-28,35.55630111694336,35.68970446942949,35.28164240152383,35.59553722099676,28220300
2016-09-29,34.81864547729492,35.51705823296684,34.69308816159573,35.4621270944436,45266700
2016-09-30,34.74802780151367,35.101158773789884,34.606775412603184,34.7872669045069,54117700
2016-10-03,34.394901275634766,34.65386200389389,34.18302268331908,34.622471917582665,38197700
2016-10-04,34.332115173339844,34.598924873856426,34.17516776241429,34.2300989072098,44008300
2016-10-05,35.305179595947266,35.375805766923804,34.39488838865093,34.39488838865093,40459000
2016-10-06,35.454280853271484,35.619074267825106,35.179625162348785,35.454280853271484,29878200
2016-10-07,35.571983337402344,35.66615055189795,35.25808863105463,35.469967108811076,24893600
2016-10-10,35.82311248779297,36.03498805827704,35.65831605343881,35.86234859367806,21804900
2016-10-11,35.666160583496094,35.95651132274371,35.4307409842812,35.9408162836597,25442600
2016-10-12,35.56413650512695,35.96435242994917,35.56413650512695,35.713234853352155,21780500
2016-10-13,35.116844177246094,35.50136512896246,34.748018263714314,35.50136512896246,44174600
2016-10-14,35.08545684814453,35.72109247354112,34.779411063387066,35.44643377408807,45418600
2016-10-17,34.920654296875,35.12468376887565,34.7794019725969,34.95204436749722,18861300
2016-10-18,35.2737922668457,35.31302836632601,34.85003520800439,35.11684487540198,23877600
2016-10-19,35.51706314086914,35.7289417016753,35.20317130500749,35.20317130500749,26977000
2016-10-20,35.25810623168945,35.540611009722724,35.0462276481645,35.289496316698326,27210600
2016-10-21,35.38365936279297,35.54845279917206,35.046223472956015,35.10900363549448,21490800
2016-10-24,35.72109603881836,35.84665337313577,35.54060755783226,35.66616489214967,19303800
2016-10-25,35.878047943115234,35.94082512136531,35.63477926777823,35.681864396608304,20402000
2016-10-26,36.21546936035156,36.23116140347913,35.65830603661407,35.67400107326379,25181900
2016-10-27,36.41949462890625,36.73338933847741,36.30178336443661,36.42734064956071,25661000
2016-10-28,36.27824783325195,36.59998861247093,36.00359216569512,36.54505747895956,20882000
2016-10-31,36.10560989379883,36.53721598707427,36.097763870976834,36.41165866726395,20115900
2016-11-01,36.08992004394531,36.3174906419006,35.78387125185951,36.1919333144511,20020200
2016-11-02,35.79716110229492,36.01080197254996,35.662643238228185,35.90793874419438,19566600
2016-11-03,35.87627029418945,36.23234327498952,35.80505569802944,35.868358902821875,14982700
2016-11-04,35.29072570800781,35.9395684277555,35.20368833408395,35.89209404533572,27391600
2016-11-07,35.92376708984375,36.1532337849277,35.77342340653596,35.781337820638775,25769400
2016-11-08,36.0345344543457,36.25608969055361,35.5043805439663,35.74967599724199,19462600
2016-11-09,37.97315216064453,38.463740053048404,36.39851923934033,36.65964050013732,67615000
2016-11-10,40.85336685180664,41.090747805386854,38.60615465555294,38.71693223265954,100988800
2016-11-11,40.932498931884766,41.13823133586153,40.14122695635605,40.42608535050047,46594900
2016-11-14,42.11149978637695,42.77616843415783,41.074932306366485,41.074932306366485,59154400
2016-11-15,41.61299514770508,41.61299514770508,40.7821601404771,41.44682874995212,39437900
2016-11-16,40.8929328918457,41.28065444064509,40.63972612000775,40.97997328562678,26996200
2016-11-17,41.53386688232422,41.858288268105454,40.32321872007368,40.663465907412906,29205900
2016-11-18,41.79499816894531,41.92160160264954,41.13824379987466,41.5022282944663,29673400
2016-11-21,41.241092681884766,41.92158703347403,41.16196669524258,41.81872083606887,23587200
2016-11-22,41.32023620605469,41.60509468760051,40.995814717286166,41.48640264746843,22816900
2016-11-23,41.272743225097656,41.64464199339347,41.10657684633423,41.502212806321154,19986800
2016-11-25,41.63673400878906,41.63673400878906,41.177797793986784,41.46265621208772,9635500
2016-11-28,40.81381607055664,41.525959144308416,40.66347244083148,41.241100707422305,26518500
2016-11-29,41.035377502441406,41.249021362444616,40.797996441925825,40.797996441925825,16267300
2016-11-30,41.874122619628906,42.06402927232666,41.383534709650164,41.52596394455752,26567200
2016-12-01,42.99772262573242,43.10058883574662,41.984895383941144,42.04028418507265,35623100
2016-12-02,42.3963508605957,42.942327397952376,42.18270708029192,42.91859020629512,21894700
2016-12-05,43.00563430786133,43.14806351700618,42.62582408962948,42.64956430346249,24793900
2016-12-06,43.95516586303711,43.97099166772501,42.90277550823223,43.0847677344477,30706700
2016-12-07,45.32406234741211,45.33197675830209,43.701955238250264,43.95516205438951,46617000
2016-12-08,45.331974029541016,45.909602232742266,44.87303481637492,45.331974029541016,39828600
2016-12-09,45.213287353515625,45.292416374668065,44.69896229911062,45.0312951325603,20331200
2016-12-12,44.13714599609375,45.18162467160924,43.95515381974241,44.70686273490685,27886200
2016-12-13,44.18463134765625,44.4774011606878,43.749432324292954,44.192542740024315,24355600
2016-12-14,43.28258514404297,44.01055403845509,42.752431259231045,43.314236752964426,54590600
2016-12-15,43.6702995300293,44.50904891625339,43.44083294964854,43.65447372819906,31345900
2016-12-16,43.788997650146484,44.03429308507878,43.45666180222326,43.907689671218385,33171800
2016-12-19,43.69404220581055,43.89186021214839,43.24301739283733,43.66239060036532,16801400
2016-12-20,44.39036178588867,44.56444260667254,43.63865573642391,43.89186255658405,19245300
2016-12-21,44.081764221191406,44.38244843881376,44.02637542037456,44.38244843881376,14058400
2016-12-22,44.11343002319336,44.334985297760035,43.91561195134047,44.12134141794321,14515500
2016-12-23,44.27957534790039,44.295401148311896,44.010542777830345,44.13714616265961,8313000
2016-12-27,44.27166748046875,44.39035646530722,44.18462708050939,44.23210448552259,8893900
2016-12-28,43.77316665649414,44.37453506488227,43.73360366031514,44.29540605406113,10609100
2016-12-29,43.39335250854492,43.88394025711055,43.10849413245428,43.670296475042576,15933500
2016-12-30,43.606990814208984,43.80480877071078,43.35378407136369,43.432910046579416,15095500
2017-01-03,44.31123352050781,44.58817752262569,43.8839459014146,44.05011230268532,22063800
2017-01-04,44.350807189941406,44.55653965684403,44.002648500866776,44.437847616826055,15036100
2017-01-05,43.662391662597656,44.1688052881886,43.10850062768382,43.90768708307097,18831600
2017-01-06,43.55160903930664,43.97098220869799,43.282576454413736,43.72568681649879,18715900
2017-01-09,42.91859436035156,43.36961915627071,42.87111695397893,43.26675295169489,21794100
2017-01-10,43.21927261352539,43.66238598755522,42.934414231539286,43.005628827035814,17978200
2017-01-11,43.3617057800293,43.3617057800293,42.50713357418454,43.20345077347636,21100600
2017-01-12,43.12432098388672,43.34587616248296,42.64955902447681,43.24301298297066,20566600
2017-01-13,43.7652587890625,44.46949044053523,43.24301934943954,43.60700377313907,37231600
2017-01-17,42.55460739135742,43.48830859716273,42.39635540539434,43.36170519731437,26974400
2017-01-18,42.94233322143555,42.95815902417416,42.20644999563797,42.55460860049769,21186700
2017-01-19,43.187625885009766,43.33796647375457,42.617909096565384,42.91859329251804,20906900
2017-01-20,43.575347900390625,43.60699950416941,43.21927490403703,43.32214110708652,24160800
2017-01-23,42.92649841308594,43.51995230819772,42.84737243445607,43.29048274432348,17227400
2017-01-24,43.28258514404297,43.57535498040753,42.831560281534685,43.01355250513772,18523300
2017-01-25,44.80181884765625,44.967988258175176,43.74151426933407,43.82064327873905,32252100
2017-01-26,45.24493408203125,45.36362609172648,44.77808347220691,44.79390927473048,23769800
2017-01-27,44.778099060058594,45.18956101351739,44.63566980622807,45.126257781386386,17186200
2017-01-30,44.374542236328125,44.56444585606325,44.113420986112814,44.40619082730824,15961400
2017-01-31,44.572357177734375,44.61192017756457,44.15298092783677,44.2954101419962,22409100
2017-02-01,44.54047775268555,45.46458699142255,44.42894779888401,45.04236558375578,21157700
2017-02-02,44.413028717041016,44.58032370124256,44.13420374337176,44.269632148021316,13044400
2017-02-03,45.623924255371094,45.63985754265569,44.954741384237124,45.313232750731004,19879800
2017-02-06,45.05033874511719,45.735454913818295,45.00254192150986,45.47256326708639,13940200
2017-02-07,44.883052825927734,45.5602009677916,44.82728782784315,45.29730926810208,14937400
2017-02-08,44.31742477416992,44.77947794629938,43.950965247144175,44.77947794629938,18592200
2017-02-09,45.19374084472656,45.22560742368799,44.31743119603687,44.31743119603687,15907800
2017-02-10,45.297298431396484,45.4406949747269,45.13796860114449,45.42476168780533,12268100
2017-02-13,45.472564697265625,45.81511975342618,45.32119998051147,45.464596533771214,15325300
2017-02-14,46.18954849243164,46.20548178185971,45.40087041900952,45.5124004060418,16382900
2017-02-15,46.64362716674805,47.01008363255115,46.1178408778677,46.285135824565174,25350400
2017-02-16,46.301082611083984,46.492279062317806,45.81512787653899,46.492279062317806,14694500
2017-02-17,46.277183532714844,46.285148658543655,45.767330388666146,45.87089525822743,15783200
2017-02-21,46.40463638305664,46.70736275886884,46.125811457284726,46.40463638305664,16916800
2017-02-22,46.49227523803711,46.675503509292085,46.205482104259154,46.205482104259154,12344200
2017-02-23,46.59583282470703,46.675496220999726,46.25327475051364,46.54803296355315,13841400
2017-02-24,46.05411911010742,46.13378251658728,45.66376112484212,45.96648753960108,16379100
2017-02-27,46.2532844543457,46.40464615464267,45.97445643089624,46.054122882866544,10101000
2017-02-28,46.10987854003906,46.46040174081543,45.990380405770594,46.1975100999741,15558900
2017-03-01,47.583683013916016,47.79081275321198,47.07382986944049,47.089763160075904,25912700
2017-03-02,46.77109146118164,47.63147070162115,46.65956149422771,47.623502538859476,17578600
2017-03-03,46.914493560791016,47.19332155018164,46.73923042682914,46.88262698389539,14740000
2017-03-06,46.691429138183594,46.906523953226525,46.348871066703786,46.6356641534277,13225500
2017-03-07,46.4444694519043,46.6197325755414,46.221409504703516,46.54803430123202,13099900
2017-03-08,46.372772216796875,47.10568826382424,46.340905641064396,46.962291711992016,14711300
2017-03-09,46.76312255859375,46.89855092496177,46.364799543680626,46.563961051137184,15721500
2017-03-10,46.882625579833984,47.14552027290352,46.6197339257284,46.98619043216113,15120200
2017-03-13,46.76312255859375,47.02601416817543,46.61972603010795,46.86668739338092,14063500
2017-03-14,46.81092071533203,46.85075544913429,46.404632565635225,46.59582895541011,10885000
2017-03-15,46.77109146118164,47.24908094108037,46.49226654379681,46.92245616401656,17777300
2017-03-16,47.257049560546875,47.32874783588712,46.81092662076714,46.89059305945847,18468200
2017-03-17,46.73923873901367,47.328758360567676,46.61974361284994,47.29689177800485,20985700
2017-03-20,45.91072082519531,46.57990374700374,45.902752661467716,46.57990374700374,17663200
2017-03-21,44.49269104003906,46.173615083289775,44.31743093471311,46.149716668691745,31766400
2017-03-22,44.078426361083984,44.269619706735476,43.69603359185412,44.237753136139084,27740900
2017-03-23,44.01469802856445,44.60421749314992,43.799603211984504,43.99876474152552,19000000
2017-03-24,44.476749420166016,44.65200948069079,43.990794854467545,44.213854770933686,21127500
2017-03-27,44.12623596191406,44.2776006966174,43.21009458407636,43.52078613999368,16854800
2017-03-28,44.580318450927734,44.81134656702463,44.006735281365295,44.094363806366665,14878900
2017-03-29,44.34929275512695,44.68388574134856,44.25369606147682,44.56438759506282,10329100
2017-03-30,44.80338668823242,44.954748382553554,44.301498697009734,44.357263691705114,12106500
2017-03-31,44.34133529663086,44.755591759356534,44.3094687135832,44.628128466130526,11864600
2017-04-03,44.20589065551758,44.468782271779595,43.648237812676015,44.373185596681,14550700
2017-04-04,43.97486114501953,44.07842597907855,43.799598047221714,44.05452453185668,11937400
2017-04-05,43.79961013793945,44.77151952825433,43.75977843352548,44.444894689717,17411700
2017-04-06,44.11029052734375,44.33335348576434,43.58450426079235,43.77570064815807,10387500
2017-04-07,43.688072204589844,44.06249684370711,43.504843966437306,43.767735598929654,15848800
2017-04-10,43.44907760620117,44.01469558940149,43.27381449744923,43.807568947301235,14607700
2017-04-11,43.14635467529297,43.226018073438695,42.43734009931895,43.20211966178775,28086800
2017-04-12,42.31785202026367,43.03483492982646,42.262087020515956,42.97906993007875,25601300
2017-04-13,40.907779693603516,42.02308554936174,40.907779693603516,41.266271078594656,47982000
2017-04-17,41.999176025390625,42.031039554210274,40.83607061302318,41.138796929033596,31959100
2017-04-18,41.78409194946289,41.95935203921464,41.497298843915004,41.71239367307592,22257500
2017-04-19,41.54509735107422,42.33377532661082,41.465430913821535,42.12664866768153,17414600
2017-04-20,42.62057113647461,42.692269415085185,41.76815995686224,41.999188081158984,31552900
2017-04-21,42.22224426269531,42.891427123511676,42.18241256457986,42.532935762545094,26177300
2017-04-24,42.740081787109375,43.289766724663565,42.69228190772708,43.13840499840037,23856700
2017-04-25,43.46501541137695,43.88723690203525,43.249920584353696,43.28178715997875,27061300
2017-04-26,43.44907760620117,43.87129905296147,43.30568106976115,43.49687442570545,15915500
2017-04-27,43.36941146850586,43.5367094547922,42.94719001889225,43.449077899824026,13978000
2017-04-28,42.89142990112305,43.480949403885276,42.803798336215856,43.28178786144674,16501900
2017-05-01,43.38534164428711,43.61636972010096,42.99498679518699,43.09854859003038,13915800
2017-05-02,43.44907760620117,43.50484258826523,43.066687855348974,43.38534446157734,15634900
2017-05-03,44.00262451171875,44.03471467243052,43.280614257420986,43.32874643820247,15737100
2017-05-04,44.26736068725586,44.604298170580684,44.01866654935947,44.33956201372346,17054100
2017-05-05,44.21119689941406,44.43582184998545,44.02668310997535,44.32350937469976,13078800
2017-05-08,44.155052185058594,44.355611103347975,43.92240310537422,44.219229447562356,14242800
2017-05-09,43.866241455078125,44.41978289973726,43.681727640191745,44.23526908485088,14402900
2017-05-10,43.89833450317383,44.050758170650994,43.60952918771304,43.66568543679863,15897200
2017-05-11,43.11213302612305,43.65765029890262,42.566612693058204,43.545337829204314,32200100
2017-05-12,42.53452682495117,42.7751968642957,42.14945414994282,42.75915178696798,29642300
2017-05-15,42.77521514892578,42.85543750957049,42.534545006704754,42.566635175077394,15245000
2017-05-16,42.7270622253418,42.87146486300986,42.47837117402451,42.83937776819467,12650100
2017-05-17,41.90879821777344,42.72707601493316,41.43547898827859,42.72707601493316,33173100
2017-05-18,42.0211067199707,42.486401833482304,41.67614512499261,41.96495046593114,19790100
2017-05-19,42.56663131713867,42.79125635481495,42.02913175661621,42.173534440918566,16895000
2017-05-22,42.52650451660156,42.77519863504786,42.117365738807436,42.7350874702109,13947000
2017-05-23,42.83137130737305,42.96775299247561,42.3981632162758,42.526520829161626,11751700
2017-05-24,42.59067916870117,43.00784196019743,42.3580301591635,42.91157456532454,11304400
2017-05-25,42.342002868652344,42.71905465901896,42.17353409178978,42.71905465901896,16643800
2017-05-26,42.045169830322266,42.366065310897184,42.01307967020755,42.22166265066708,14247700
2017-05-30,41.8446159362793,42.117376209380076,41.63603599110175,41.8446159362793,19379700
2017-05-31,41.02633285522461,41.9168149642057,40.77764174894844,41.90076988310945,30519700
2017-06-01,41.780433654785156,41.88472208471557,40.962152933680535,41.339201603979156,21001800
2017-06-02,41.56382751464844,41.90878906727997,41.339199465778584,41.45151196007053,19477300
2017-06-05,41.49163818359375,41.8606659316071,41.45152394379013,41.48361411151829,13663800
2017-06-06,41.56382751464844,41.740317265556094,41.10655346772495,41.17073072434066,14887500
2017-06-07,41.78845977783203,41.96495261974978,41.47558832918618,41.587900843029665,17022400
2017-06-08,42.16551208496094,42.54256080613755,41.61999153061337,41.78846030349781,22644200
2017-06-09,43.160274505615234,43.28061106927703,42.35803890863248,42.40617414615438,25750000
2017-06-12,43.39292526245117,43.7940430766501,43.27258869407707,43.304678853681644,22791400
2017-06-13,43.68172836303711,43.87426319032815,43.54534672177721,43.60150296809425,17966000
2017-06-14,43.74591064453125,43.83415705896378,42.97576512631574,43.39292804708737,16575000
2017-06-15,43.240501403808594,43.68173038542174,43.16830007516018,43.35281390164255,17232300
2017-06-16,43.232479095458984,43.51326341177147,43.03994425140842,43.26456925622947,23492700
2017-06-19,43.51325988769531,43.834152288553035,43.416989413180666,43.56941613435256,15367300
2017-06-20,42.88752365112305,43.400954055730445,42.86345755724664,43.368866950657434,13622200
2017-06-21,42.50244903564453,42.90356690467887,42.35804635796925,42.895545893824234,12653700
2017-06-22,42.10935592651367,42.430248390817944,41.89275190645786,42.35804705079934,15362200
2017-06-23,42.07726287841797,42.382113299859,41.97297138103014,42.277821802471166,21868500
2017-06-26,42.43826675415039,42.86345066580249,42.18957260302752,42.30188510344233,12532800
2017-06-27,42.646854400634766,43.047972294944834,42.446295453479735,42.534541879873814,13496300
2017-06-28,43.58546447753906,43.65766274840307,42.935652497187654,43.00785382833781,20961700
2017-06-29,44.74870300292969,45.4065359826572,44.29142893312608,44.644414573175254,32552100
2017-06-30,44.451866149902344,44.96529634811593,44.25130728745732,44.949251271886084,16750700
2017-07-03,44.74870300292969,45.28620247287452,44.69254675297388,44.772772153115106,11825000
2017-07-05,44.74870300292969,44.94124090298252,44.395720423166615,44.90112973305496,14086900
2017-07-06,44.57221221923828,45.18190994487453,44.52407698025935,44.90914971123268,14481200
2017-07-07,44.71662521362305,44.78882655864017,44.32352832179948,44.748712320074304,11503500
2017-07-10,44.59627151489258,44.77276430397611,44.395712640128764,44.54813628324646,10979000
2017-07-11,44.155052185058594,44.692548617136744,43.978559357672346,44.652437445536115,14842700
2017-07-12,44.25933837890625,44.315497688648016,43.802064313175016,44.06680354085419,11951500
2017-07-13,44.60429763793945,44.66045388448967,44.17109274459292,44.33153741457301,14201800
2017-07-14,44.11494064331055,44.283409398791385,43.41699341011356,43.569420145317736,17949600
2017-07-17,43.890316009521484,44.10692002363719,43.67371199540579,44.042742756650924,14953600
2017-07-18,43.962528228759766,44.05879568320961,43.505253994764026,43.569434337922054,13603300
2017-07-19,44.074825286865234,44.29142927850644,43.874266375377395,43.96251278607782,12366200
2017-07-20,44.026695251464844,44.371656840851735,43.86624750240109,44.09087251491859,15123500
2017-07-21,43.45709991455078,43.81810653773164,43.400943668754415,43.665682879182334,17384500
2017-07-24,43.537330627441406,43.649643132754676,43.35281678867156,43.40094897078511,18489900
2017-07-25,44.17109298706055,44.45187422135292,44.050756423629,44.12295774963074,20167800
2017-07-26,44.05076217651367,44.387702761953776,43.970539830606484,44.37967869119126,19686900
2017-07-27,43.890316009521484,44.09087494181901,43.63360082100357,44.010652593014576,17352600
2017-07-28,42.759159088134766,43.77799872027048,42.66289166801632,43.5613947297894,32590600
2017-07-31,43.272586822509766,43.497214869740375,42.83938192772872,42.85542394655112,20378100
2017-08-01,43.38490295410156,43.63359403287803,43.20038607204126,43.505236458587795,19350300
2017-08-02,43.328346252441406,43.603087853162535,43.19097699333903,43.263702801839216,19422100
2017-08-03,43.15056610107422,43.36066112802005,43.102081210617904,43.231371169318976,19374700
2017-08-04,42.698055267333984,43.39299004183613,41.94655632118782,43.368746052191426,44664600
2017-08-07,42.455623626708984,42.78692927774471,42.36673621844071,42.609154461208156,22673700
2017-08-08,42.59300231933594,43.06975963870738,42.1970531538928,42.27785822530523,24877800
2017-08-09,42.65765380859375,42.67381544126092,42.13241153571771,42.24553988187163,14631600
2017-08-10,41.978878021240234,42.60108696865222,41.95463403249906,42.33442467011163,18373000
2017-08-11,41.970802307128906,42.188979745235464,41.80919213002764,41.88191794272983,14714500
2017-08-14,42.698055267333984,42.90007104678153,42.29402370843889,42.31826461556742,16313200
2017-08-15,42.706138610839844,43.11825256638419,42.689980059558835,42.98896257852089,11028100
2017-08-16,42.57683563232422,42.99702873530362,42.39098152413409,42.835415529155306,11224400
2017-08-17,41.857666015625,42.52835983702158,41.84958674130806,42.39906987033881,16814300
2017-08-18,41.760704040527344,42.13241235152076,41.518285710858436,41.72030149933524,17130600
2017-08-21,41.87382507324219,41.94655086768882,41.534440087501736,41.809181635131715,13503100
2017-08-22,42.19706344604492,42.23746599160559,41.95464200764762,41.978886000997335,12984100
2017-08-23,42.04351043701172,42.40713934758622,41.85765634549925,41.88190032788105,10019500
2017-08-24,42.1485595703125,42.44754197190602,42.051592888109376,42.17280047023446,12345000
2017-08-25,41.83341979980469,42.479869551157904,41.82533744399777,42.2374512797149,15307800
2017-08-28,41.72029113769531,42.035435196247434,41.55059557480794,41.97887103612349,12425900
2017-08-29,41.550594329833984,41.6152408437618,41.31625842313425,41.38090185454662,10715500
2017-08-30,41.50212097167969,41.80918581028694,41.3728310000318,41.582926048016084,11427500
2017-08-31,41.26776885986328,41.40514114513062,41.10615567587852,41.21120470784588,25231100
2017-09-01,41.186973571777344,41.60716671673111,41.15465031081571,41.259699367683105,16217700
2017-09-05,40.48396682739258,40.9445626245922,40.20922520428083,40.91224243791529,31251300
2017-09-06,40.30617904663086,40.62132309014803,40.04759916053906,40.60516146195287,26854000
2017-09-07,40.14458084106445,40.354675921040595,39.81327504561049,40.354675921040595,23367300
2017-09-08,40.06376266479492,40.386985996287514,39.94255198891299,40.08800356696509,18975700
2017-09-11,40.93647766113281,41.049606005076306,40.354671226547765,40.40315612360191,17987100
2017-09-12,41.671810150146484,41.8011001114586,41.081924509002704,41.090003782984034,17129500
2017-09-13,41.58293151855469,41.62333406203814,41.35667480903418,41.52636734117456,12617300
2017-09-14,41.44554901123047,41.793016322692566,41.27585653331144,41.64756474661469,13739400
2017-09-15,41.74453353881836,41.76069516836488,41.41322783940375,41.43746874246571,28494300
2017-09-18,42.59300231933594,42.6980513781848,41.70413420373569,41.7526160135768,20943400
2017-09-19,43.118247985839844,43.30410213099238,42.447554125818144,42.601088089325636,17047000
2017-09-20,43.433387756347656,43.72429093963922,43.05359714677081,43.1424845730561,21560400
2017-09-21,43.68389892578125,43.8293505524583,43.24754404575011,43.27178495602409,16210900
2017-09-22,43.83741760253906,43.92630502544258,43.43338610389815,43.57075533382852,18047800
2017-09-25,43.65964126586914,43.9020626227882,43.2717714103205,43.69196452446043,11595900
2017-09-26,43.473785400390625,43.86165524030492,43.44146214310223,43.716203665022626,12052500
2017-09-27,43.80509567260742,44.063675592985895,43.68388806884515,44.01519378448731,15840800
2017-09-28,43.83741760253906,43.90206412192915,43.425306830232245,43.86974086223411,14531700
2017-09-29,44.564674377441406,44.62931781263944,43.70812651282914,43.83741646574084,20872300
2017-10-02,44.8232536315918,44.8232536315918,44.33033472999623,44.572753002866754,11764400
2017-10-03,44.912132263183594,44.94445243273099,44.322243701847654,44.71011656156621,17405100
2017-10-04,44.411136627197266,44.72628066771261,44.362654825588976,44.693960494145536,14697800
2017-10-05,44.75862121582031,45.06568610220404,44.26570215893281,44.44347705355232,14560700
2017-10-06,44.912132263183594,44.99293731082455,44.62122915965217,44.83132413302765,11151200
2017-10-09,44.55659103393555,45.009107400354914,44.37881619667873,44.944460884074054,11377000
2017-10-10,44.93638610839844,45.02527353592343,44.56467785012654,44.74244962266066,12800500
2017-10-11,44.9767951965332,45.017197737881034,44.653568700717955,44.799020315583185,12843100
2017-10-12,44.6131591796875,45.017190694988095,44.49195157460682,45.00102906447417,15067500
2017-10-13,43.38490295410156,43.401064584597165,42.69805061187533,43.22329281417715,35310000
2017-10-16,43.473785400390625,43.61115770260856,43.16672062118184,43.35257780933236,22802400
2017-10-17,42.98086929321289,43.635401424282776,42.92430513056044,43.61923979459412,18614700
2017-10-18,43.15864562988281,43.69196709799018,43.085919835026544,43.15864562988281,21604000
2017-10-19,43.433387756347656,43.57883934799344,42.827340485328854,42.91622791161414,12669700
2017-10-20,44.37882995605469,44.50004067040415,43.66773655158852,43.805105817502486,28407700
2017-10-23,44.370750427246094,44.47579950691547,44.20105789413774,44.24146043785166,18102100
2017-10-24,44.78285217285156,44.8959835877034,44.443467175843644,44.443467175843644,18779400
2017-10-25,44.645484924316406,44.91214721885665,44.33842009250169,44.839421418756224,17096900
2017-10-26,44.944461822509766,45.38889584241599,44.807092596318014,44.807092596318014,15979200
2017-10-27,45.146484375,45.283856704424885,44.548519409313585,44.629324486022746,17258600
2017-10-30,45.130313873291016,45.21920128971091,44.6939622292991,44.80709054746425,12249200
2017-10-31,45.36465835571289,45.67172317255064,45.170724953248104,45.211127488551945,14619200
2017-11-01,45.42122268676758,45.93030326449113,45.405061056084115,45.51011011426869,11678300
2017-11-02,45.95827102661133,45.99082012243318,45.03877924598615,45.40494881385039,15630000
2017-11-03,45.85248947143555,45.92572338733102,45.486322996010905,45.7711198333529,10049200
2017-11-06,45.71416091918945,45.917588120466,45.56769308594612,45.64906272483564,10414900
2017-11-07,44.79466247558594,45.80366261047942,44.48545230624002,45.706015333389786,18679100
2017-11-08,44.15183639526367,44.745846527595994,43.98095829892005,44.59123987504952,24047100
2017-11-09,43.940277099609375,44.09488066083415,43.2974463748461,43.858907457712725,24438800
2017-11-10,43.78565979003906,44.04604628721251,43.769385245959235,43.95653784679941,13671700
2017-11-13,43.71242904663086,43.86703257046274,43.46017825127683,43.54968669814607,13447000
2017-11-14,43.97282409667969,44.02164463786357,43.386952770051415,43.549695150120684,20830100
2017-11-15,43.73685073852539,44.03792214424181,43.52528780306186,43.639206545546294,18238600
2017-11-16,44.42850112915039,44.64006716442367,43.826358329794154,43.89959224907293,26361800
2017-11-17,44.062339782714844,44.3145875643154,43.91587192705177,44.11116033190038,15814800
2017-11-20,43.980960845947266,44.11115413223254,43.818218462077475,44.03792021469378,16943100
2017-11-21,44.3634033203125,44.41222696486005,43.932138657660204,44.00537257245519,13757000
2017-11-22,43.98910140991211,44.44477637788306,43.96468803373301,44.31458308645523,11421700
2017-11-24,44.01350021362305,44.19251710671047,43.94026631227384,44.09486983554345,5386500
2017-11-27,43.899593353271484,44.31458350358745,43.826359432150674,43.95655272480401,11066800
2017-11-28,45.21779251098633,45.47817904839148,43.71243264760954,43.834487090988745,25685200
2017-11-29,46.12101745605469,46.5848312481046,45.32358316263461,45.43750190397278,29631800
2017-11-30,45.950138092041016,46.649928174397274,45.87690417402576,46.40581304497788,30984400
2017-12-01,45.73044204711914,46.52787641836554,45.11202152799535,46.03151347918948,31242400
2017-12-04,46.69874954223633,47.1869767056496,46.54414598105121,46.60110535117482,28720400
2017-12-05,47.64264678955078,48.342436812636606,46.7394295785471,47.73215524888304,39754900
2017-12-06,47.65892791748047,48.0901926221155,47.2927583078597,47.74843638917144,26758300
2017-12-07,48.3017463684082,48.82251941215618,47.431078353882256,47.561271614819255,32990600
2017-12-08,48.261070251464844,48.75743001417929,48.13087696707121,48.261070251464844,22017100
2017-12-11,47.90303039550781,48.252925385530595,47.69960322010166,47.976264302816126,15876600
2017-12-12,49.09105682373047,49.27820948831971,47.772846240714685,47.772846240714685,25040400
2017-12-13,48.334293365478516,49.229371607632835,48.31801882055999,49.07476808698496,18227000
2017-12-14,48.18783950805664,48.814395700474854,48.17970068121644,48.45636181677705,14731000
2017-12-15,48.71675491333008,49.35145001741061,48.29362587862751,48.374998637639564,36467500
2017-12-18,49.57114028930664,49.74202150218921,49.123601054920414,49.18056042453033,19970900
2017-12-19,49.11547088623047,49.85594587894242,49.050372682713586,49.79898650289175,17062700
2017-12-20,48.93643569946289,49.693184961128985,48.871340624250216,49.53858144145334,16544500
2017-12-21,50.132598876953125,50.5475889926495,49.375849456519134,49.375849456519134,22130700
2017-12-22,50.083778381347656,50.64523946642223,49.79084270288316,50.44994797942828,11653200
2017-12-26,49.74201965332031,50.22210796793996,49.473494260237736,50.04309103921824,11662800
2017-12-27,49.595558166503906,49.831534492908176,49.35958184009964,49.71761263929523,10010800
2017-12-28,49.88035202026367,49.888490847055515,49.563006064546414,49.66065025767797,10550900
2017-12-29,49.36771011352539,50.108188082029066,49.36771011352539,50.010540793667666,10711400
2018-01-02,49.709468841552734,49.92917058175382,49.3921229181687,49.66878402389756,13819300
2018-01-03,50.0919075012207,50.26278557919471,49.71759914901995,49.81524642562133,14203700
2018-01-04,50.71846389770508,51.30433204097787,50.37670463541468,50.43366399512103,18740500
2018-01-05,51.06023025512695,51.10905390350724,50.523182539155464,51.06836597783054,14217900
2018-01-08,50.48249053955078,51.043948447853644,50.40111780382049,50.986989084868675,15569400
2018-01-09,50.6615104675293,51.076503709733835,50.50690690705178,50.694059565751786,15766500
2018-01-10,51.361305236816406,51.58914584107169,50.74288783453066,50.840532034038276,18107500
2018-01-11,51.271785736083984,51.80883337397922,51.01139919068342,51.792561930937595,22075000
2018-01-12,50.897491455078125,51.58914588768595,50.49063700203345,51.42640348565745,25886100
2018-01-16,50.85679626464844,51.385708187421784,50.59640971609764,51.092772544289005,17907800
2018-01-17,51.9797248840332,52.109918182575896,50.8486700209336,51.14160261461485,23892900
2018-01-18,52.036685943603516,52.329618546772814,51.963452016797895,51.97158774019711,16305900
2018-01-19,52.25636672973633,52.28891581836276,51.93902087575849,52.199407376666045,16524000
2018-01-22,52.67137145996094,52.687642903808936,52.05295105594792,52.077361325772536,12245200
2018-01-23,52.47608184814453,52.76901752995518,52.25638319083946,52.32961400723921,12937100
2018-01-24,53.281646728515625,53.403698063185686,52.72832458162813,52.8503759162982,20180300
2018-01-25,53.41998291015625,53.582722183710864,53.2165557141603,53.46066462449223,17568700
2018-01-26,53.6478157043457,53.73732415943732,53.09449353109971,53.615266610848316,16251900
2018-01-29,53.558311462402344,53.95702702492678,53.42812128627622,53.52576236634449,16105200
2018-01-30,53.118900299072266,53.647812169370226,53.118900299072266,53.24095783961863,16158900
2018-01-31,53.52576446533203,53.7861510359005,53.02126897691498,53.11077123445225,18147900
2018-02-01,53.623985290527344,54.09874638843936,53.25562873328468,53.509387138086765,15717600
2018-02-02,52.44526672363281,53.64036648586387,52.24881359364299,53.476656585061086,18905300
2018-02-05,47.60756301879883,49.02367482150843,47.06731225520692,48.04958722243749,103394400
2018-02-06,46.8872184753418,47.885864861416195,45.7330464728154,46.584351486434066,83076900
2018-02-07,47.10006332397461,47.57482771159287,46.45339852461249,46.60892419731102,45551000
2018-02-08,45.34833526611328,47.0181993441337,45.30740466876694,46.9281601486438,43569700
2018-02-09,45.945884704589844,46.28149499070468,44.79171244038359,45.95406895044166,48904600
2018-02-12,46.24876022338867,46.75626786833549,45.741252578441845,46.13416202510068,24401300
2018-02-13,47.47659683227539,47.5502675384695,45.79854532737201,45.88858764856107,24234200
2018-02-14,48.745365142822266,48.78629261719009,47.31288168198537,47.35380915635319,23681800
2018-02-15,49.13008499145508,49.195568318892796,48.41793702177866,48.96637198901207,22397300
2018-02-16,49.072784423828125,49.46569374426071,48.84358497831817,48.84358497831817,18661900
2018-02-20,49.072784423828125,50.15328583565916,48.93362728306504,48.99911373108666,18517600
2018-02-21,48.89270782470703,49.514816692573234,48.89270782470703,48.99912175889371,19987800
2018-02-22,48.1396369934082,49.2528787979685,48.033223048812296,49.01549816819281,17948600
2018-02-23,48.43430709838867,48.491609305301836,47.763086576692835,48.35245215576856,21099200
2018-02-26,49.08915328979492,49.11370914514652,48.25421985961957,48.90906869037508,16478300
2018-02-27,48.46705627441406,49.506630410653244,48.46705627441406,49.138276878510815,17024400
2018-02-28,47.812198638916016,48.966370749195455,47.738527945810276,48.679875344098534,17869100
2018-03-01,46.91178512573242,48.246038817506275,46.70714464413406,47.68123221241853,28491000
2018-03-02,46.99364471435547,47.16554198647317,46.183266953196465,46.59254795684791,22428500
2018-03-05,47.14097213745117,47.452026482246424,46.3224103730381,46.50249496042988,20560900
2018-03-06,46.71532440185547,47.370173255550306,46.363342557513434,47.23920348481134,23975900
2018-03-07,46.33060836791992,46.445209671906895,45.84765665867101,46.16689846449962,24788700
2018-03-08,46.42884063720703,46.67440862855051,46.02774385737842,46.45339649957145,16828400
2018-03-09,47.664859771728516,47.69760299763166,46.6580289944509,46.7889987754976,19051500
2018-03-12,47.49296951293945,47.93499376002247,47.44385466685256,47.69761002111866,12414800
2018-03-13,47.116424560546875,47.820385178649985,47.00182327044249,47.79582932062484,13810600
2018-03-14,46.35516357421875,47.39473761357215,46.20782217509364,47.36199438652967,12212900
2018-03-15,46.51886749267578,46.75624803591206,46.03591591719481,46.46975266171376,13277700
2018-03-16,45.75761032104492,46.79718116033309,45.733051341310926,46.64984289475793,37095000
2018-03-19,45.413818359375,45.8312867185813,44.99635312273485,45.7412444010048,17982200
2018-03-20,44.93904495239258,45.749419401685444,44.74258874260204,45.65119285807293,26874600
2018-03-21,44.84900665283203,45.49567129463145,44.644366180558734,45.03727551261557,18997300
2018-03-22,42.99905014038086,44.43153328323834,42.712554760835545,44.37423420732927,32656300
2018-03-23,41.73028564453125,43.17914059464232,41.69754241883515,43.15458473665318,30975800
2018-03-26,42.80260467529297,43.01542940617801,42.17231160555875,42.524293490248844,26718000
2018-03-27,41.828514099121094,43.22007002875858,41.492903826905525,42.89264712462188,23669300
2018-03-28,42.13956832885742,42.507921826653536,41.70573149954533,41.87762875766152,23342500
2018-03-29,42.90082931518555,43.17914048778194,42.33602272487192,42.61433389746831,17706800
2018-04-02,42.03314971923828,42.892642159192995,41.27188694946251,42.86808318036543,23359800
2018-04-03,42.630706787109375,42.7207459763988,41.795773244313075,42.33602399287939,16646400
2018-04-04,43.310123443603516,43.416537397943124,41.754854101963645,41.85308380869258,15952700
2018-04-05,43.59660720825195,44.16960118626734,43.42470995161713,43.66209366176958,16488800
2018-04-06,42.75349807739258,43.31830480186039,42.53248593584431,43.09729578287874,22943800
2018-04-09,42.76987075805664,43.65391934624178,42.69620004237454,42.97451128799949,17032000
2018-04-10,43.07272720336914,43.432896445334364,42.66344624482023,43.375597360942784,14594700
2018-04-11,42.50791931152344,42.94994348272486,42.336022063578156,42.827157949869196,14673200
2018-04-12,43.138206481933594,43.604786447284525,42.58976846494586,42.696182370791014,19967800
2018-04-13,41.656620025634766,42.810792330297765,41.59113668882649,42.57340859891446,32054900
2018-04-16,41.58295440673828,42.024978693888045,41.18186072298754,41.41105711370225,31879100
2018-04-17,41.394683837890625,41.87763558651764,41.32920049569648,41.7057383003707,25507100
2018-04-18,41.247337341308594,41.722104784727215,41.14092341044474,41.56657601133402,21055700
2018-04-19,42.18868637084961,42.2459854612364,41.3291968924815,41.345565384678096,23678400
2018-04-20,43.02361297607422,43.23643768817093,42.41787581884158,42.50791812407832,31149300
2018-04-23,43.064544677734375,43.25281355147672,42.712562789522075,43.015429836623575,17723900
2018-04-24,42.98268127441406,43.997699340095856,42.71255748824621,43.34285048605872,23052100
2018-04-25,43.473819732666016,43.78487410554513,42.507916513645824,42.92538167725901,20978500
2018-04-26,42.925392150878906,43.47383034010259,42.778050734225765,43.37560376985594,17025800
2018-04-27,42.859901428222656,43.33466570476717,42.73711589464148,42.79441497762847,12304300
2018-04-30,42.5324821472168,43.424714880998,42.5324821472168,43.02362123665304,17050500
2018-05-01,43.02361297607422,43.05635307769744,42.237791208368094,42.36876098255816,13903800
2018-05-02,42.72072982788086,43.27735197934082,42.61431906551702,42.87625853413762,16397200
2018-05-03,42.50632095336914,42.71250217280216,41.90427217015382,42.572297307628325,19216100
2018-05-04,43.22382736206055,43.6279439050644,42.11869598581129,42.20116720875469,16660500
2018-05-07,43.43001174926758,43.70217246786829,43.1990897912372,43.6856775928553,16259100
2018-05-08,43.867103576660156,44.29596077781781,43.40525978008647,43.47948512540365,20786200
2018-05-09,44.33720779418945,44.518648273018165,43.99907072205686,44.08154509701341,16286700
2018-05-10,45.07121658325195,45.1371929386189,44.22999681631173,44.6423592621015,20699000
2018-05-11,44.90627670288086,45.30214432379726,44.75782595177769,45.104208940300964,14424000
2018-05-14,44.93101501464844,45.21142162421652,44.807308159474175,45.17843187107297,12809100
2018-05-15,45.1536865234375,45.59078969673751,44.84853920317574,44.889774817360994,14991100
2018-05-16,45.39285659790039,45.62377854965902,44.99698904656747,45.11245002244679,16450200
2018-05-17,44.716583251953125,45.08770692488128,44.55988351388722,44.86503397955467,21622400
2018-05-18,44.28771209716797,44.88151167584324,44.279463089282714,44.65883880013671,21492700
2018-05-21,44.98049545288086,45.054720817499174,44.592873754754585,44.601122765309796,11491400
2018-05-22,45.57429504394531,45.89594038673949,44.89802090056913,45.05472063974274,17398200
2018-05-23,46.333045959472656,46.333045959472656,45.05472297090447,45.38461104913853,23566100
2018-05-24,45.087703704833984,46.10211798635623,44.898017376684635,46.07737410280599,24673400
2018-05-25,45.27739334106445,45.35161869982982,44.97224289609822,45.029973381129565,17741900
2018-05-29,43.669185638427734,44.749573282390855,43.413519777741136,44.56813593726495,31604000
2018-05-30,44.724822998046875,44.89801444119775,44.023808216107454,44.254730140308624,16416200
2018-05-31,44.52689743041992,44.84853962862211,44.370197690523455,44.70833476377137,17515900
2018-06-01,45.10419845581055,45.376359151594556,44.76606141158147,44.99698649632787,14100200
2018-06-04,45.21965408325195,45.500057444104634,45.029964645148866,45.18666434218404,10593700
2018-06-05,44.94750213623047,45.30213405614732,44.774310681222374,45.03822236868484,11883900
2018-06-06,45.83821487426758,45.879450493130946,45.079466273662135,45.12895090394381,15848200
2018-06-07,45.87944793701172,46.17634941000816,45.566051588173714,45.994908921826806,17299600
2018-06-08,45.920677185058594,45.994902543013744,45.343369194971366,45.82171108981021,12965900
2018-06-11,45.78047561645508,46.27531242033966,45.77222975212438,46.01140071669815,13518400
2018-06-12,45.67326736450195,46.14336032147699,45.4340963804758,45.88769446137221,13608300
2018-06-13,45.491825103759766,46.12686365073763,45.4753302283229,45.68151145216991,14901100
2018-06-14,45.14543914794922,45.64851865789173,44.93100892764203,45.632026929630186,18189100
2018-06-15,45.3433723449707,45.66501453642899,44.848538688277294,44.98874040411268,35715800
2018-06-18,45.42584991455078,45.54955676439009,44.889777460352775,44.95575381771856,17856700
2018-06-19,45.42584991455078,45.54955676439009,45.0299791860525,45.095958689494175,16654800
2018-06-20,44.93101501464844,45.84646021488765,44.89802526150489,45.739245090209145,16545600
2018-06-21,44.84027862548828,45.161920737667,44.43616530621369,44.74131254775826,21191600
2018-06-22,44.48565673828125,45.401101814079446,44.353700889720514,45.32687645263431,24015000
2018-06-25,44.50215148925781,44.65060221173661,43.79288762543146,44.35370076677901,21069600
2018-06-26,44.06504440307617,44.4856526485468,43.72690737559577,44.45266604899589,14409100
2018-06-27,43.94133758544922,44.48565584306805,43.759900263626626,43.90835098352954,19520900
2018-06-28,44.22999954223633,44.41968590146103,43.72691682399536,44.16402003672723,13837300
2018-06-29,45.72274398803711,47.10828197065117,45.69800324958616,45.87119471089402,43888500
2018-07-02,46.4484977722168,46.49798238991458,45.417591832410714,45.52480693105162,21204900
2018-07-03,45.82171630859375,46.70417169474654,45.71450119131958,46.53922608649608,12830400
2018-07-05,45.55779266357422,46.25056151994968,45.40109296103722,46.118602551044845,16788600
2018-07-06,46.0938720703125,46.29180742162256,45.38460818505868,45.607284275504114,12389100
2018-07-09,46.81962585449219,46.984571438708,46.19283326368714,46.34128397487384,16684000
2018-07-10,46.6959114074707,47.07528715865465,46.4649894993305,47.05879228720535,15581400
2018-07-11,46.242313385009766,46.803126429150794,46.16808803663595,46.514474044405425,15641400
2018-07-12,46.209327697753906,46.58045447219517,45.85469579618506,46.56395959932274,18236100
2018-07-13,45.656768798828125,46.011400740670354,44.2299951671242,45.14544026601575,34323400
2018-07-16,47.001075744628906,47.19900796855167,45.87944932214667,45.97016956897626,25538700
2018-07-17,46.64643478393555,47.03405329198997,46.53921968141713,46.96807694541543,21649000
2018-07-18,46.65468978881836,46.86087102463462,46.300057811528305,46.39902392381883,19913900
2018-07-19,46.456748962402344,46.91034696799567,46.201083144741375,46.39901533267373,22219400
2018-07-20,46.52273178100586,46.72891300732588,46.06088470146172,46.242325187367605,17250400
2018-07-23,47.834049224853516,47.908274599493744,46.43201611835809,46.50624149299833,24584100
2018-07-24,48.12269973754883,48.40310634734445,47.710337261147984,47.83404726249864,27245000
2018-07-25,48.02373123168945,48.24640733538186,47.710334884336156,47.91651611226514,15531100
2018-07-26,48.08969497680664,48.43607781610887,47.99897476287277,48.22165079359913,14165300
2018-07-27,48.353614807128906,48.576290875602545,47.96599315318494,48.14743361180984,17662900
2018-07-30,48.238155364990234,48.88143970796329,48.08145563810928,48.51856192532537,22699900
2018-07-31,47.24848937988281,48.41959720555369,47.17426401444764,48.337125975548275,21633800
2018-08-01,47.54539489746094,48.06496935375348,47.18251390389989,47.80105761993237,19192700
2018-08-02,48.07321548461914,48.20517134362308,47.07529910427215,47.07529910427215,13489100
2018-08-03,48.518558502197266,48.60102971868147,47.85877618602269,47.883520067828144,13720400
2018-08-06,48.56805419921875,48.6835151945452,47.99074607651033,48.31239146558909,13360500
2018-08-07,48.51032257080078,48.79072918694722,48.41135645512442,48.60928868647714,13810900
2018-08-08,48.81546401977539,49.071129862571,48.4608320732842,48.4608320732842,13778600
2018-08-09,48.549617767333984,48.93176981133418,48.51638977276291,48.72407979204854,15859500
2018-08-10,48.22562789916992,48.533008278957645,47.66902009876785,47.66902009876785,16170100
2018-08-13,47.86008834838867,48.2754683851994,47.818550978527234,47.90162571825011,19541100
2018-08-14,48.24223709106445,48.40008036374986,47.90993179487624,47.90993179487624,14860400
2018-08-15,48.17578887939453,48.391785152625054,47.89333026418607,47.91825205787835,17378400
2018-08-16,48.73238754272461,48.85700282588427,48.225623372552825,48.30039190862896,19992500
2018-08-17,48.898536682128906,49.04807374353159,48.60776876535787,48.60776876535787,13737600
2018-08-20,49.039764404296875,49.18930146580903,48.74069028127258,48.85699934952497,11403400
2018-08-21,48.98161697387695,49.455149998989555,48.965001390825826,49.0148481399792,17943500
2018-08-22,49.156070709228516,49.43022304729657,48.87361533414956,49.04807418432119,20829600
2018-08-23,48.69916534423828,49.056392508028594,48.65762796523685,49.01485512902716,19655600
2018-08-24,48.75731658935547,48.948391061303404,48.74070100452102,48.931778645567725,14366600
2018-08-27,49.097923278808594,49.41361302110794,48.81546470287728,48.90684882584012,19915200
2018-08-28,49.073001861572266,49.28900127550774,49.00654269742953,49.17269219233561,19330200
2018-08-29,48.98161697387695,49.16438521834091,48.8653110616175,49.056385513057805,14436600
2018-08-30,48.56623840332031,49.08131198650164,48.54131661252392,48.740697277092124,14800900
2018-08-31,48.582847595214844,48.632694339348205,48.24223609971547,48.40838874439524,16720200
2018-09-04,48.848690032958984,48.97330530740122,48.24223558014279,48.55792528472453,19003700
2018-09-05,48.973304748535156,49.18099475750341,48.856998850568615,48.915151799551886,22332300
2018-09-06,48.12592697143555,49.14776138940077,48.12592697143555,48.94007138975505,20756900
2018-09-07,47.68562698364258,48.24223468250553,47.64408644686939,48.117619410382,21482400
2018-09-10,47.73548126220703,48.05117103171027,47.61086913123643,47.86840277003491,15623000
2018-09-11,47.66901779174805,47.81855487069928,47.61917104239816,47.68563337486468,22160300
2018-09-12,46.472721099853516,47.67732393690983,46.35641518728642,47.62748035672304,23868800
2018-09-13,45.691810607910156,46.73026084899902,45.68350440038484,46.53087700830656,26954800
2018-09-14,45.467498779296875,46.15703116657873,45.44257699101861,45.8496476553552,20997600
2018-09-17,45.11857986450195,45.4924193551051,44.81119636147084,45.484113148933126,21959500
2018-09-18,45.27642059326172,45.442573229258414,44.89427174883787,45.06873059054033,22055200
2018-09-19,45.87456512451172,46.06563953135132,45.093648748882885,45.268110745647476,17046200
2018-09-20,46.14872360229492,46.36472300617792,45.68349996765153,46.21518593244302,20308000
2018-09-21,45.683502197265625,46.36472526903957,45.625346070998525,46.314878518995684,36158500
2018-09-24,45.07703399658203,45.82471922758063,45.06042158620228,45.52564513518119,19604700
2018-09-25,45.0521240234375,45.43427294431642,45.02720223223627,45.1102769823061,15207400
2018-09-26,44.163204193115234,45.23488541970036,44.04689829300797,45.17673246964673,22025100
2018-09-27,43.88075637817383,44.52874836240992,43.830909622040714,44.2629053345644,19991000
2018-09-28,43.66475296020508,44.01367068873571,43.540137674816506,43.772749493836926,18588600
2018-10-01,43.407222747802734,43.864140248170365,43.33245419908084,43.814296661754994,17209000
2018-10-02,43.30752944946289,43.490294535674096,43.09983940264668,43.398913577117796,17509600
2018-10-03,43.73950958251953,43.963811964559284,43.473666670600764,43.61489433107746,18444900
2018-10-04,44.453975677490234,44.74474364090346,43.805983753532686,43.805983753532686,21417500
2018-10-05,44.188133239746094,44.74474421339681,44.013674360925165,44.6118227101382,14793000
2018-10-08,44.586883544921875,44.82780468316816,44.013660338944,44.013660338944,12858200
2018-10-09,44.470584869384766,44.83612132295295,44.013667471522666,44.34597276220317,15918300
2018-10-10,43.5567512512207,44.919197275467994,43.54013566932766,44.61181693319225,21875900
2018-10-11,42.73428726196289,43.897352366382066,42.37706025856689,43.51520358059482,33147900
2018-10-12,43.29091262817383,44.304441041781885,42.260768631003515,43.28260325184344,32067300
2018-10-15,44.229671478271484,44.85274158651531,43.62321378410753,43.62321378410753,34118900
2018-10-16,44.636741638183594,44.686588387119855,43.639828843147264,44.287823902925005,28227200
2018-10-17,45.243194580078125,45.7001120042343,44.188128865914855,44.495512386667556,23524200
2018-10-18,44.11336898803711,45.19335987232528,43.830910369993866,45.00228222177048,22533300
2018-10-19,43.93890380859375,44.55366771374733,43.913982018215385,44.09675026525265,19521000
2018-10-22,42.90876007080078,44.171512623345826,42.83399153566735,44.088437881685685,17621500
2018-10-23,42.833988189697266,43.157984093600476,41.928459632304644,42.2358399553541,25529800
2018-10-24,41.69585418701172,42.77584500534018,41.554626471164944,42.62630791262082,31161500
2018-10-25,43.083229064941406,43.706299281262545,41.886932221381464,41.978316360164406,29366100
2018-10-26,42.576454162597656,43.14137127135608,42.194305285819375,42.6346071147553,30053800
2018-10-29,43.39059829711914,44.15489921334845,42.85891235666302,43.09983353877538,30541300
2018-10-30,43.77274703979492,43.955515269692015,43.09152403448524,43.573366397269155,24910900
2018-10-31,44.22136306762695,44.885970563777846,44.055210401314596,44.063519777634404,23667400
2018-11-01,44.49550247192383,44.827804538583635,44.15489103136641,44.38750279493803,17654800
2018-11-02,44.53704071044922,45.38441622611608,44.12166074212807,45.03549540479553,18285600
2018-11-05,44.578582763671875,45.11026867200716,42.50168270355094,44.63673571182743,18990000
2018-11-06,44.48720169067383,44.62012317683089,43.99705311626375,44.32935841620551,20696800
2018-11-07,44.51213073730469,45.010585563910944,43.85582945263093,44.71151140030779,20668500
2018-11-08,44.5204963684082,44.88898691240236,44.269252670469605,44.302752682124606,22429200
2018-11-09,44.42000198364258,44.71311911498447,44.16038167107038,44.46187540315755,18972200
2018-11-12,43.84213638305664,44.87224099620115,43.78351295885974,44.49537384440889,19003300
2018-11-13,44.168758392333984,44.66287241132793,44.068258351539285,44.068258351539285,28102000
2018-11-14,43.67464065551758,44.629368598635615,43.1219032571473,44.503745155704564,24788400
2018-11-15,44.23576736450195,44.311140818414295,42.94604523966326,43.16379219307136,23220100
2018-11-16,44.33625793457031,44.53725484800554,43.951017311451814,44.09339079070542,18872500
2018-11-19,44.65449905395508,44.78849592334348,44.05151154433859,44.36138190052338,20215500
2018-11-20,44.00126266479492,44.58750013908002,43.85051579441483,44.4283766677137,22999200
2018-11-21,43.909141540527344,44.55400247681229,43.77514467030822,44.068261825557116,16946300
2018-11-23,43.40665817260742,43.791898811504204,43.2224112606404,43.52390504577273,11139400
2018-11-26,44.286006927490234,44.537250649546735,43.8253929045971,43.8253929045971,20581700
2018-11-27,44.545631408691406,44.654504877623765,43.92589700497318,44.126890737899934,18044600
2018-11-28,45.51710510253906,45.52548170417354,44.03476608698313,44.51213014854944,23713300
2018-11-29,45.25748062133789,45.575721147640024,45.0481103407374,45.198857198348705,14978400
2018-11-30,45.45848846435547,45.68460882122073,45.11512122498332,45.2909947434816,18939000
2018-12-03,45.424983978271484,46.09496833301998,44.88899329973529,45.87722142101584,21261700
2018-12-04,43.364784240722656,45.21562049319845,43.13866388784811,45.182120471719735,33280500
2018-12-06,42.78691482543945,42.828788246677604,41.89081019304651,42.41842424591155,40310200
2018-12-07,42.09181213378906,43.088417005957595,41.915941813313864,42.61942628995253,28510500
2018-12-10,40.869083404541016,41.93268495051668,40.45034278934134,41.93268495051668,34524600
2018-12-11,39.99810028076172,41.53069239392981,39.8222299973698,41.379945523954675,32388600
2018-12-12,39.981346130371094,40.4503334666744,39.23598532352104,40.44196006198468,42820000
2018-12-13,39.38673782348633,40.299592413149604,39.30299098561292,40.173972156339495,35227100
2018-12-14,38.97637939453125,39.77198724655148,38.842382518013764,38.98475280161592,25913000
2018-12-17,39.03499984741211,39.6212373354344,38.624632647375314,38.708382685514096,29443300
2018-12-18,38.959625244140625,39.79710643203341,38.79212836761463,39.31136580958174,26740000
2018-12-19,38.24776840209961,39.72173723925006,37.93790122401472,38.85075594409184,34287600
2018-12-20,38.55764389038086,39.16900492057138,37.963032871327634,38.02165631293919,43969900
2018-12-21,37.78714370727539,38.96799184829223,37.62802345945633,38.18076081919322,55577900
2018-12-24,36.51417541503906,37.770397090254676,36.51417541503906,37.242786286874704,18049900
2018-12-26,38.18077087402344,38.18077087402344,36.02844428560548,36.715178665076095,27770000
2018-12-27,38.13052749633789,38.13052749633789,36.72355847486079,37.452169600269386,27005300
2018-12-28,38.33989715576172,38.88426133919974,38.130526807476016,38.25615029434263,23635000
2018-12-31,38.59113311767578,38.92612366250196,38.164015939995785,38.507383085416436,16544500
2019-01-02,39.311363220214844,39.319739820594855,38.03001810945463,38.130514950855805,20295200
2019-01-03,39.001495361328125,39.65472961024245,38.83399849898839,39.06849538415879,22262000
2019-01-04,40.1572265625,40.29122343466396,39.52911562521816,39.71335932773271,23343600
2019-01-07,39.897605895996094,40.3917199570396,39.81385904961072,40.014852758830585,21858000
2019-01-08,39.81385040283203,40.33308776607561,39.294609844851735,40.11534409592079,19702900
2019-01-09,40.03160095214844,40.182347824597656,39.42861665708883,39.78873063600945,18837700
2019-01-10,39.9897346496582,40.2409784168865,39.62124400403922,39.78036431117832,16208400
2019-01-11,40.09022521972656,40.274472110961156,39.51236432640533,39.78035806198074,20006900
2019-01-14,40.55084228515625,40.60946891426327,39.69661418584784,39.78873444361586,23827600
2019-01-15,39.922725677490234,40.40846628758161,39.3699882353356,39.86410225140847,27447600
2019-01-16,40.98633575439453,41.32132956931049,40.19073103476026,40.324727921779086,32026400
2019-01-17,41.22920227050781,41.33807572942602,40.53409448219346,40.73508819663286,25738800
2019-01-18,41.88243865966797,42.00806213331993,40.91933707570761,41.12033079986558,36380300
2019-01-22,41.756813049316406,41.95780674781185,41.56419275711776,41.681439613696305,33975200
2019-01-23,41.97455596923828,42.14205284467321,41.45531853065348,41.8740591218722,16806700
2019-01-24,41.85731506347656,42.15880884315928,41.58094789525916,41.698194766305186,17862100
2019-01-25,41.98293685913086,42.32630405121943,41.84056338230816,42.20905718485809,20183400
2019-01-28,41.723323822021484,41.79032386866733,41.20408623946841,41.68145039023686,19913100
2019-01-29,41.74843978881836,41.96618670680506,41.639569524562496,41.68981635583828,11927600
2019-01-30,41.94943618774414,42.16717990834412,41.53069556027404,41.74006587400909,16885100
2019-01-31,41.33253479003906,41.763520752692834,41.12126646597963,41.64521100701136,24934700
2019-02-01,41.33253479003906,41.47619892672285,41.231126897126195,41.40859151564841,21123500
2019-02-04,41.45928955078125,41.5353462625894,41.16351201655035,41.28182174076343,17547800
2019-02-05,41.636756896972656,41.6790099121783,41.19731844669741,41.636756896972656,14784900
2019-02-06,41.59449768066406,41.85646827010232,41.46773543024701,41.48463727854915,12145700
2019-02-07,40.63112258911133,41.66210974123338,40.31844317184533,41.484645135994974,24189700
2019-02-08,40.26774215698242,40.597320212823924,39.769148804281556,40.51281095254491,20641200
2019-02-11,40.26774215698242,40.52971280460071,40.03957198977707,40.45365608219893,15995900
2019-02-12,41.45084762573242,41.79732757407077,40.57197055844035,40.57197055844035,22033000
2019-02-13,41.42549514770508,42.00859458662255,41.31563471183984,41.61141231244642,13770900
2019-02-14,41.00295639038086,41.33253445746992,40.58886906012873,41.09591496801085,16456500
2019-02-15,41.59449768066406,41.76350971628954,40.977594724276834,41.48463727854915,19346200
2019-02-19,41.72970199584961,41.932517692854724,41.256459996675375,41.43392453747919,15121700
2019-02-20,42.093101501464844,42.15225637354014,41.662112320689104,41.77197275041412,16742600
2019-02-21,41.88182830810547,42.16070078349134,41.721262339409066,42.050840366546176,16938800
2019-02-22,41.42549514770508,42.04239829361169,41.36634027232355,41.91563600425188,15848200
2019-02-25,41.966339111328125,42.44803062481679,41.61985919419244,41.628308508596305,16564100
2019-02-26,41.90717315673828,42.37196269480339,41.695904891827055,41.822667140252946,16997800
2019-02-27,42.169151306152344,42.27900849415109,41.71281103328634,41.9071774701667,17455000
2019-02-28,42.16070556640625,42.363524572721595,42.025493970095596,42.23676229081216,17786600
2019-03-01,42.27901077270508,42.963521218894584,42.14379919090574,42.448026055878856,19051400
2019-03-04,42.346622467041016,43.01423113020161,41.99169001403589,42.498735914943396,16697000
2019-03-05,42.16070556640625,42.2959171627169,41.68746659116833,42.279015310215726,14235400
2019-03-06,42.101558685302734,42.43958935208636,41.98324891903827,42.22832099127143,14211000
2019-03-07,41.98324203491211,42.12690294933403,41.653663961874685,42.00859320246919,19047300
2019-03-08,42.08464813232422,42.169157393405,41.55225107046067,41.62830779358403,17400000
2019-03-11,42.05084228515625,42.33816731079266,41.94098508689712,42.253661277716645,19471500
2019-03-12,41.9578857421875,42.29591308855421,41.864927174234666,42.067742937315,18299300
2019-03-13,42.186058044433594,42.32127286864541,41.924087381770306,42.14380502371682,21647300
2019-03-14,42.549442291259766,42.92127663199468,42.19451302822993,42.31282278257321,20160700
2019-03-15,42.8114128112793,42.9297225562777,42.253664567930564,42.43958172361307,46117300
2019-03-18,43.71563720703125,44.00296223027491,42.955073244585215,42.963522558343044,23843300
2019-03-19,43.445213317871094,44.298735836057034,43.38605845144724,44.298735836057034,19911900
2019-03-20,42.59169387817383,43.58042805160744,42.53253900747431,43.259299308025305,20632400
2019-03-21,42.135345458984375,42.371964896396065,41.5522429543655,42.23675332877538,24132800
2019-03-22,40.82550048828125,41.80578558434237,40.56352655210046,41.619868389394746,27975800
2019-03-25,40.63112258911133,41.31562984465903,40.436752908670925,40.918444393574326,17227600
2019-03-26,41.417030334472656,41.44238471904978,40.9099877747019,41.00294632952273,16989600
2019-03-27,41.2142219543457,41.56915116477952,40.94379877772035,41.357882856559804,16912000
2019-03-28,41.484649658203125,41.59451009310207,40.85929397920015,41.18042274537459,15881600
2019-03-29,40.833946228027344,42.084654466994,40.394507675358106,42.084654466994,53590800
2019-04-01,41.248023986816406,41.32408070364317,40.70717443177139,40.926895268692455,42015500
2019-04-02,40.74098587036133,41.30718669730737,40.5297175305768,41.0452127954429,35393600
2019-04-03,41.2902717590332,41.29872107151956,40.63111577936547,40.96069376919934,30366300
2019-04-04,41.552249908447266,41.9832390686599,41.30718111741308,41.366335986666016,19260100
2019-04-05,41.22268295288086,41.75508014313895,41.07056946994998,41.628317832796725,23734900
2019-04-08,41.307167053222656,41.49308091170429,41.05364581078588,41.104348125054734,18875200
2019-04-09,40.68183135986328,41.155073605778554,40.58042345848825,41.138171751599536,22903500
2019-04-10,40.38605499267578,40.72408238860072,40.05647691157693,40.63112703071812,30977800
2019-04-11,40.34379577636719,40.78323100122454,40.039568910159474,40.53816222451136,33662700
2019-04-12,39.287452697753906,41.256471487785525,38.92407098040202,40.35224346284896,70271400
2019-04-15,39.52407455444336,39.76914655987365,38.58604277232628,38.763507373348844,34954000
2019-04-16,40.26774215698242,40.45365608219893,39.60858282160076,39.61703535947799,25217100
2019-04-17,40.18323516845703,40.529715095942535,39.650838081545565,40.529715095942535,25144000
2019-04-18,40.20858383178711,40.45365260629251,39.81984771530241,40.09027087756232,22416800
2019-04-22,39.93815612792969,40.140975104781084,39.80294455126151,40.064918391424094,15972600
2019-04-23,40.01420593261719,40.090262632842574,39.67617866115813,39.887446914706686,16434300
2019-04-24,40.12407302856445,40.30153761749768,39.743789463923086,39.76914385069801,17831800
2019-04-25,40.1494255065918,40.529709083688,39.64238288626244,39.862100495418936,23042800
2019-04-26,40.52970504760742,40.54660689642838,40.05646617541293,40.1578740446406,13035500
2019-04-29,40.791690826416016,41.23112935348317,40.52971692844358,40.53816946718084,16918700
2019-04-30,40.909996032714844,41.03675831009451,40.65647470165414,40.85929047702325,18525100
2019-05-01,40.75788497924805,41.28182952398905,40.555069191986476,40.83394170539584,17542100
2019-05-02,40.817039489746094,40.97760547890819,40.4367558623869,40.859292509741834,16883000
2019-05-03,41.11280822753906,41.21421609844044,40.859283714738496,41.00294782023869,16571300
2019-05-06,40.9268913269043,41.180412617343336,40.46210175714971,40.55506031584025,19279900
2019-05-07,39.86210632324219,40.69873031516791,39.64238868196307,40.605771735654066,23919100
2019-05-08,39.71844482421875,39.98041870593133,39.55788205886517,39.76915038239825,19814400
2019-05-09,39.880558013916016,39.95734997321533,39.061442696436,39.24915709802588,23246900
2019-05-10,40.23039245605469,40.41810362671227,39.34301931433046,39.59899145967257,19983400
2019-05-13,39.530731201171875,40.09387118670441,39.47100122472759,39.48806646730279,23304700
2019-05-14,39.6672477722168,40.04267332427017,39.232092246903406,39.573390570487945,21267600
2019-05-15,39.11263656616211,39.54778881164819,38.81400299130517,39.26622047747763,20123300
2019-05-16,39.16383743286133,39.701377938216204,39.04438073236463,39.240629398606636,20764100
2019-05-17,38.993194580078125,39.44541219896899,38.745753399798566,38.77134964090928,22273500
2019-05-20,38.77987289428711,39.17236366937823,38.65188521530171,38.92492255926613,18854000
2019-05-21,39.530731201171875,39.55632743760356,38.83960352375649,38.92492648177025,18416300
2019-05-22,39.33448791503906,39.513671359137426,39.21503445554859,39.308891675109,13155000
2019-05-23,38.87372970581055,39.1297018063794,38.455639446154,39.10410557278107,17643700
2019-05-24,39.39421081542969,39.54779474980606,38.89933178066543,39.044381465986255,13425500
2019-05-28,38.899322509765625,39.46246238331139,38.89079151760562,39.30887848553876,19984600
2019-05-29,38.80547332763672,38.97612249979747,38.50683971750208,38.728681362907494,16058800
2019-05-30,38.43857192993164,39.121165242660155,38.293522274978805,38.98464658011445,13775900
2019-05-31,37.85837173461914,38.2764620240163,37.73038730266154,37.99489041495783,17540500
2019-06-03,37.986366271972656,38.489779606794734,37.713328862055185,37.74745935201054,20172500
2019-06-04,38.97612380981445,39.0443815280556,38.40444955209087,38.53243724922876,21082000
2019-06-05,39.129703521728516,39.16383400459706,38.65188652615499,39.13823451501465,13705400
2019-06-06,39.1808967590332,39.41127264061772,38.77987496948569,39.027316092838916,16020500
2019-06-07,38.9334602355957,39.385677766072334,38.86519926616261,39.163836125139134,14979900
2019-06-10,39.47953414916992,39.94028591865835,39.30035399043401,39.30035399043401,15242700
2019-06-11,39.47099685668945,39.64164600869437,39.05290985188234,39.11263656685479,15078300
2019-06-12,38.319129943847656,39.47954054925488,38.208207480278915,39.257695622117396,22470400
2019-06-13,38.64335250854492,38.93345508049935,38.32765044901157,38.48123435503814,15629400
2019-06-14,38.899322509765625,39.06997164671982,38.25939068733355,38.66041567094668,16147500
2019-06-17,38.626285552978516,39.26621738138135,38.51536312469411,38.89079188046853,13420400
2019-06-18,39.33448791503906,39.58192908390513,38.44711796388298,38.6092329082111,18611100
2019-06-19,38.95051574707031,39.88908105826133,38.9334505089754,39.65870522627197,17787600
2019-06-20,39.129703521728516,39.24062596362026,38.60069405671418,39.121169273580385,19205200
2019-06-21,40.008541107177734,40.008541107177734,39.069975640285826,39.11263711516966,39186200
2019-06-24,39.47953414916992,39.837894466641735,39.445403665164385,39.71844102748447,21854400
2019-06-25,39.36861801147461,39.701382146690925,38.762816470190415,39.360087016537385,20814000
2019-06-26,39.07851028442383,39.48806634032487,39.06144504190351,39.42833961893486,17106800
2019-06-27,39.49659729003906,39.70137367345441,39.34301337504659,39.436870573637755,13391600
2019-06-28,40.37544631958008,40.69967947313075,39.93175970284304,39.940293952992214,31030900
2019-07-01,40.69113540649414,41.05802995769134,40.443697544527865,40.85325357159084,15089100
2019-07-02,40.29865264892578,40.785000731380734,40.03414623808466,40.54609381504851,12107200
2019-07-03,40.66554260253906,40.7764650530372,40.08533736820424,40.35837474261331,10438400
2019-07-05,40.759395599365234,41.11775589568106,40.674069394388674,41.040963938633105,10801600
2019-07-08,40.55461883544922,40.94711289642453,40.36690768092587,40.443699643414284,13189300
2019-07-09,40.81059646606445,40.86178894064071,40.28158369311945,40.35837565984615,12595000
2019-07-10,40.23039245605469,40.79353247775229,40.13653524329468,40.67407577205438,12784900
2019-07-11,40.22185134887695,40.597280135905564,40.15359364069294,40.281578064111166,19751400
2019-07-12,40.409568786621094,40.46076125790019,40.034139971309784,40.20478913691837,12792600
2019-07-15,39.854957580566406,40.4863584815064,39.624581708123245,40.44369700620846,21338400
2019-07-16,38.65188980102539,40.0768066603272,38.58363208436702,39.863496006618604,37548300
2019-07-17,38.57509231567383,39.03584404292104,38.51536560157087,38.566561322885605,24502100
2019-07-18,39.09557342529297,39.26622258646041,38.55802970681725,38.58362919665269,19409100
2019-07-19,39.274757385253906,39.59899049740154,39.1297076998677,39.21503066128755,21847900
2019-07-22,39.658714294433594,39.71844101399194,39.05291285042059,39.15530104754031,17972100
2019-07-23,40.273048400878906,40.605812469559964,39.812296649691916,39.82936189101684,21150200
2019-07-24,41.339603424072266,41.356668666161646,40.341307918447434,40.358373160536814,29357200
2019-07-25,41.032432556152344,41.587041491219836,40.96417159281892,41.3993270969148,20562000
2019-07-26,42.064857482910156,42.073391731217875,41.01536952654278,41.08363049355629,21641500
2019-07-29,41.194549560546875,42.29523323891162,41.109226606894964,42.133118325028164,19148600
2019-07-30,41.424930572509766,41.459061060143064,40.86179054601017,40.96417875404761,14207000
2019-07-31,41.305477142333984,41.79182519934514,41.04950499467482,41.17748944107318,23422800
2019-08-01,40.153602600097656,41.50172437243924,40.059745382398305,41.30547894218723,22668600
2019-08-02,40.47781753540039,40.622870433244834,39.564848444679455,40.19624924113743,20159000
2019-08-05,39.36861801147461,39.93175806834744,39.121176845081024,39.67578590701663,27113500
2019-08-06,40.04267501831055,40.12799797538533,39.09557522241449,39.76963764983664,19446100
2019-08-07,39.08704376220703,39.37714636960639,38.592161503464894,39.30888540087142,27830000
2019-08-08,40.03616714477539,40.24324891788497,39.302744028623266,39.423542278188094,20671300
2019-08-09,39.949893951416016,40.260520008499796,39.4753278270965,39.70829736990933,19786100
2019-08-12,39.199222564697266,39.61338960763543,39.1129389984003,39.268248759433426,17364400
2019-08-13,39.65652084350586,40.05343040931885,39.05252616554781,39.354525150279926,16649100
2019-08-14,37.939456939697266,38.91447356348215,37.913569241463954,38.84544738170837,28786700
2019-08-15,37.43037414550781,38.396763680565456,37.3958594106649,38.22419329785716,27900000
2019-08-16,38.30185317993164,38.431281801242214,37.64608961767425,37.74100350110113,21196600
2019-08-19,39.04389572143555,39.233723450048174,38.76778445700222,38.94035482014953,15378100
2019-08-20,38.55207824707031,38.86270429014263,38.50893647253392,38.86270429014263,13345800
2019-08-21,38.828182220458984,39.069778745437766,38.66424219158135,38.793667490746074,13513700
2019-08-22,39.36315155029297,39.5443522547991,38.879958448959655,39.1129279620337,14703900
2019-08-23,38.327728271484375,39.3890348086495,38.042989981920044,39.00075233060198,21152500
2019-08-26,38.81093215942383,38.82818952752795,38.38813816114545,38.57796262727789,15973100
2019-08-27,38.61247253417969,39.11292627208746,38.33636126206022,39.026639442358885,15038200
2019-08-28,39.233726501464844,39.50120745821598,38.3881352769334,38.51756059073055,14740000
2019-08-29,39.854976654052734,40.11383387378511,39.50120885079227,39.691036600861004,16196600
2019-08-30,40.182857513427734,40.46759912054255,40.044801874328265,40.15697310969223,15250600
2019-09-03,39.76869201660156,39.984404166118495,39.24235384513926,39.95851976145844,17224200
2019-09-04,40.12245559692383,40.29502595671714,39.9326278720006,40.15697032718366,17123100
2019-09-05,41.0888557434082,41.563421888251895,40.81274441217163,40.82137474274529,19243400
2019-09-06,40.68331527709961,41.21828051996368,40.640170211274665,41.054340460950634,18846100
2019-09-09,41.770503997802734,41.9689587969921,40.45897362395842,40.82999881551007,27651400
2019-09-10,41.68421173095703,42.21917687305989,41.47712664512373,41.47712664512373,25822400
2019-09-11,42.1501579284668,42.26232918175413,41.235540407604745,41.666964760164305,19190000
2019-09-12,41.97758483886719,42.34860999251808,41.606559685216304,41.86541360156419,24305900
2019-09-13,42.21055603027344,42.59021155769792,41.98621682075521,42.28821254347331,25142400
2019-09-16,42.262325286865234,42.279582654357974,41.761874795601,41.813643606572924,17759700
2019-09-17,42.072505950927734,42.15879280564977,41.6842266249529,42.020737129601464,18346100
2019-09-18,42.219181060791016,42.46077760863908,41.78775677305884,41.96032714645293,20511700
2019-09-19,42.20193099975586,42.54707180629037,42.167416260801076,42.270960477665426,16887500
2019-09-20,41.9603271484375,42.538434114103026,41.94306978194666,42.339979336717576,30229400
2019-09-23,42.24506378173828,42.35723501370148,41.68421420493425,41.69284124208251,20603400
2019-09-24,41.97758483886719,42.46940826738002,41.82227183075723,42.26232315939803,21629300
2019-09-25,42.5039176940918,42.74551752386802,41.977582848789616,42.04660902050713,21313100
2019-09-26,42.167415618896484,42.59883997474382,42.124273841613075,42.495299050962316,19984000
2019-09-27,43.755062103271484,44.359056924958075,43.358152443008606,43.487581080336795,59467400
2019-09-30,43.52208709716797,43.87585493132185,43.19420696215178,43.80682874713665,26897100
2019-10-01,42.33135986328125,43.81545744011465,42.27958775455775,43.70328947514043,27249300
2019-10-02,41.82227325439453,42.31409669964911,41.73598641833727,42.03798540727834,23515900
2019-10-03,41.83090591430664,41.856790322849555,40.83000152206481,41.67559288003578,20212200
2019-10-04,42.460777282714844,42.49529201542995,41.87403999258233,41.986211228153394,15779500
2019-10-07,42.11564254760742,42.52980949239473,42.063870445194155,42.23644082839877,15691900
2019-10-08,41.26142120361328,41.718729924013296,41.01982464061045,41.63244637765695,19734000
2019-10-09,41.546165466308594,41.77913171454757,41.485766321727155,41.56341954346913,13467800
2019-10-10,41.97758483886719,42.33997966345301,41.55478758534427,41.70147355589529,18267800
2019-10-11,42.460777282714844,43.07339897663065,42.40900847514826,42.67648942492515,23024600
2019-10-14,42.51255416870117,42.66786719190132,42.26232726560021,42.35724114550102,16870500
2019-10-15,43.23734664916992,44.22099358969479,42.089756357553306,42.52118068525764,38478400
2019-10-16,42.78866195678711,43.38402630238204,42.6678636801307,43.17694448282997,23728400
2019-10-17,42.8059196472168,43.28911275749464,42.69374840739964,43.12517270815126,20560100
2019-10-18,43.11655044555664,43.33226261982257,42.55569747586259,42.572954844784654,21199500
2019-10-21,43.539344787597656,43.5738595256984,43.29774820390559,43.384031757650874,19409100
2019-10-22,43.67739486694336,44.022535620832,43.340884442230326,43.52208185684409,18526900
2019-10-23,43.94487380981445,43.979388539337194,43.63424782712134,43.763676417078734,14173700
2019-10-24,44.09156036376953,44.17784719519053,43.71190818003532,43.71190818003532,16695400
2019-10-25,44.497100830078125,44.6351564706681,44.00527740475721,44.074306870805245,17433300
2019-10-28,44.56613540649414,44.9112729017927,44.49710593253054,44.81635902084599,23914800
2019-10-29,45.014808654785156,45.17875199087934,44.436701688469746,44.436701688469746,21063000
2019-10-30,44.894004821777344,45.10971693918585,44.540237080887614,44.76457952623566,16155900
2019-10-31,44.54887390136719,44.89401136461762,44.134706970562966,44.66967217808015,18814700
2019-11-01,45.0234375,45.11835136692526,44.79046799704873,44.98029573089925,16359300
2019-11-04,45.489376068115234,45.55840223971094,45.075209164023114,45.368577799193275,17559900
2019-11-05,45.98983383178711,46.162404225510876,45.50664067916834,45.50664067916834,25965300
2019-11-06,46.42125701904297,46.455771755233016,45.877661444322165,45.9812056528923,22051100
2019-11-07,47.03974533081055,47.38818921801942,46.848100860544946,46.848100860544946,23452500
2019-11-08,47.126853942871094,47.240098702987204,46.656459022017884,46.89165814394806,14722100
2019-11-11,47.08329772949219,47.16169743420652,46.80454396228724,46.8568115397658,10659400
2019-11-12,47.23139190673828,47.24881443417617,46.70872605262356,46.82197081946618,15187600
2019-11-13,46.421260833740234,46.952636269194954,46.35157072672648,46.87423656030808,16846800
2019-11-14,46.595481872558594,46.65645905350677,46.25574759198096,46.36028275046968,16491400
2019-11-15,46.86552047729492,46.98747483334365,46.54321206159373,46.84809795171554,15225300
2019-11-18,47.03974533081055,47.13556756594335,46.734859421758166,46.90036844052843,14374600
2019-11-19,47.06587600708008,47.32721057592685,46.926499121098445,47.126853187009104,14434100
2019-11-20,46.6390380859375,46.91779187187677,46.38641642899027,46.804547107899175,14994700
2019-11-21,46.656463623046875,46.97877208576951,46.46481913672168,46.900372370728064,16186100
2019-11-22,47.283653259277344,47.34463044005771,46.87423552018157,46.952635227328784,13823400
2019-11-25,47.2226676940918,47.50142142045412,47.07458123077718,47.50142142045412,15561000
2019-11-26,46.874229431152344,47.14427024724184,46.804539334737825,47.13556064669337,18078900
2019-11-27,47.33591842651367,47.388186002951045,47.04845174061855,47.170409418972426,16352900
2019-11-29,47.44044876098633,47.693070387960184,47.100717832369625,47.100717832369625,10508600
2019-12-02,46.70872116088867,47.423028095997225,46.64774398274577,47.30978666402154,20252700
2019-12-03,45.80276870727539,46.21218638948611,45.44561195088973,46.17734134159385,25560700
2019-12-04,46.3776969909668,46.5867606245783,45.76792196742126,45.82018621432086,18867400
2019-12-05,46.368988037109375,46.6303192629976,46.25574328745531,46.52578743724368,13499700
2019-12-06,47.36205291748047,47.39689797017814,46.76970031364859,46.91779012611012,18325700
2019-12-09,46.970062255859375,47.51886029731913,46.96135265272851,47.18783888721557,15070800
2019-12-10,46.769691467285156,46.926490851759354,46.49965066747353,46.59547288276404,15959100
2019-12-11,46.316715240478516,47.02231246152617,46.2296059493397,46.81324883359042,16834200
2019-12-12,47.35334396362305,47.51885298169052,46.255748049680776,46.49094717409697,19119500
2019-12-13,46.85680389404297,47.40559841448832,46.54320512635621,47.08329004681314,19179300
2019-12-16,47.23139190673828,47.527568227167755,47.23139190673828,47.24881443417617,19793500
2019-12-17,47.33591842651367,47.4840049085758,47.031032538146384,47.13556436801417,16723400
2019-12-18,46.75227737426758,47.440452205434816,46.717435644884844,47.440452205434816,18857000
2019-12-19,46.71743392944336,46.89165586198808,46.53449907261757,46.8132561584933,18133300
2019-12-20,46.45610427856445,47.083298604933795,46.229614761619814,47.083298604933795,66318000
2019-12-23,46.874229431152344,47.039738425626766,46.38640872527084,46.464808422233816,17637700
2019-12-24,46.88294982910156,47.074594315371556,46.8132630396445,46.996194600352695,4635500
2019-12-26,47.170406341552734,47.3794699876489,46.996184421134764,47.083293719840384,12517100
2019-12-27,46.970062255859375,47.31850619523235,46.92650759418967,47.29237406283207,9892000
2019-12-30,46.69129943847656,47.26622950157621,46.604190131918784,47.1878297964714,10900500
2019-12-31,46.86552047729492,46.88294300287431,46.56934418845932,46.63032136648368,12566000
2020-01-02,46.82196807861328,47.07458972716379,46.61290108460424,46.90907738769622,16803100
2020-01-03,46.53449630737305,46.70871822956488,46.08152396188377,46.26445548483215,15608800
2020-01-06,46.25574493408203,46.34285756115039,45.92472692024311,45.94214944565678,13200300
2020-01-07,45.87245178222656,46.212182664273364,45.706942802590184,46.212182664273364,13278600
2020-01-08,46.011837005615234,46.45610310369042,45.99441447990572,46.029259531324755,16585600
2020-01-09,45.933441162109375,46.342862243177166,45.7156645569469,46.342862243177166,20817400
2020-01-10,45.733089447021484,46.08153336248749,45.71566691894744,45.98571111958397,13777600
2020-01-13,45.393348693847656,45.73307961070323,45.14943999928606,45.73307961070323,25197600
2020-01-14,42.94553756713867,44.19993269698068,42.90198291913174,43.75566664749275,56668300
2020-01-15,42.09185791015625,42.54483360385745,41.79568162285189,42.536124002616276,47148000
2020-01-16,42.9019889831543,42.9629661635842,41.67372912691219,42.21381414915154,37020200
2020-01-17,42.84101486206055,43.05007854617629,42.274794348483006,43.00652388890279,29669200
2020-01-21,42.63194274902344,43.450784828927034,42.50998839406085,42.762610028201614,30858300
2020-01-22,42.300933837890625,42.762619230460054,42.06573467856063,42.71035164293973,20367700
2020-01-23,42.00474548339844,42.20509952712225,41.79567851607414,42.1528319545395,17297900
2020-01-24,41.43852615356445,41.996033650229364,41.0987952304722,41.97861112558274,21239600
2020-01-27,41.02910614013672,41.30785989531928,40.71551065781149,40.84617461136195,18156200
2020-01-28,41.26430130004883,41.63016764563534,41.185901606209335,41.386255640908814,16673300
2020-01-29,41.17719268798828,41.725990553954006,41.16847976463594,41.3078566312138,16166300
2020-01-30,41.73470687866211,41.76955193167252,40.97684525222503,41.09008668999813,14760200
2020-01-31,40.88972473144531,41.33399076410444,40.72421574608581,41.30785531788498,23080400
2020-02-03,41.046531677246094,41.569197498822284,40.96813197016002,41.151066835365604,15471100
2020-02-04,41.168487548828125,41.67373086258408,41.159777946835575,41.55177649664498,14973300
2020-02-05,42.08314895629883,42.1615486607033,41.621460331247135,41.72599548579111,20141800
2020-02-06,42.24162292480469,42.69943166734631,42.12716989955379,42.646606419123906,18259200
2020-02-07,42.11836242675781,42.259226380353866,41.80141769155131,42.02151782894898,13174600
2020-02-10,42.05674362182617,42.135979822517875,41.748601348708526,41.96870153302301,18124800
2020-02-11,42.250423431396484,42.558562277296836,42.20640071758655,42.32965961440822,13686100
2020-02-12,42.0743408203125,42.69062184375195,42.04792652148387,42.45291330506267,16668100
2020-02-13,42.3648796081543,42.41770485778483,41.86305149128142,41.92467926995268,12530000
2020-02-14,42.45292282104492,42.54096154764417,42.039133417411726,42.3824891529958,15526400
2020-02-18,41.37002944946289,42.36487980021604,40.96504258405023,42.232821713234095,22423800
2020-02-19,41.45806121826172,41.68696387903558,41.36121662231303,41.59892516915214,15602500
2020-02-20,41.67816925048828,41.739797030779,41.0971049231314,41.37883287830673,15965500
2020-02-21,41.99510955810547,42.12716763386617,41.46686717967729,41.801420350168954,21729100
2020-02-24,40.84177780151367,41.33480328022488,40.72732479854367,41.009056042422436,23075900
2020-02-25,39.72367477416992,41.0882950545506,39.58281081022989,40.753745239231655,31110100
2020-02-26,38.86088180541992,40.190288587327245,38.852079277175086,40.04061873947105,27372600
2020-02-27,37.39060974121094,39.0193492980626,37.35539291571565,38.13894881144844,41180000
2020-02-28,35.964359283447266,36.86236820150226,34.995920071396945,36.3693460681507,71703000
2020-03-02,37.20573806762695,37.223346487464696,34.740616384208714,36.07882606571294,44231200
2020-03-03,35.6826286315918,37.769180085063276,35.24242841315731,37.0296435837549,45091000
2020-03-04,36.448585510253906,36.47499645305839,35.180806520251664,36.10522646148716,33881500
2020-03-05,34.24758529663086,35.22482715902172,33.95705148136684,35.21602463058728,45037900
2020-03-06,32.6540641784668,33.17350075891032,31.98496108154646,32.57482797607838,56766500
2020-03-09,28.595413208007812,30.356214538735845,28.36651051273645,29.687111510782476,53277200
2020-03-10,30.88445472717285,30.88445472717285,28.41933035504678,30.488273784619604,40078700
2020-03-11,28.463354110717773,30.171330131717664,28.18162281803862,29.977640917520088,44769500
2020-03-12,23.946895599365234,27.169161473676876,23.876463622629544,26.24473988988633,68447600
2020-03-13,27.195575714111328,27.961525023344436,24.448726609010578,26.544079430475495,78365700
2020-03-16,23.330617904663086,25.73411134616576,23.154537097841143,23.189753930897943,57466700
2020-03-17,26.08626937866211,26.9578674617295,22.793571293313974,24.325468155744545,58112800
2020-03-18,24.756868362426758,25.43477562355628,23.682778436340875,24.38710000216017,51904100
2020-03-19,24.906538009643555,25.628466355564036,23.145736510625344,24.351884597083366,53123500
2020-03-20,23.330617904663086,25.31151942487033,23.0488899571328,25.249891646251957,73915800
2020-03-23,22.230112075805664,23.65636158943171,22.106856546204508,23.119316760345566,47064100
2020-03-24,25.461183547973633,25.681283681798014,23.180946027214585,23.73559762559049,48630300
2020-03-25,25.505203247070312,26.676135907640784,24.44872359800153,25.531615868008572,53341100
2020-03-26,27.20438003540039,27.635776156931854,25.602051104217516,25.822151269033427,45494700
2020-03-27,26.658527374267578,27.547732068425255,25.602046117248577,26.429623045939106,38942800
2020-03-30,26.341588973999023,26.834612895118624,25.434775649755426,26.7289657516371,41232800
2020-03-31,25.267494201660156,26.191914024966728,24.792077141058627,25.892577730342943,36920300
2020-04-01,23.392240524291992,24.096561917015748,23.066493286512927,23.788421412651022,48497400
2020-04-02,23.96450424194336,24.237429642848713,23.224967587728624,23.304203777768123,33113500
2020-04-03,23.092912673950195,24.08776652232471,22.81118468549304,23.770821695694774,32735800
2020-04-06,25.205869674682617,25.381950475006118,24.12297728661669,24.13178149455596,36056100
2020-04-07,25.32912826538086,27.09873385456166,25.276303014911424,27.072321229326946,39229900
2020-04-08,26.658527374267578,26.83460646428363,25.2498862579858,25.83095044557705,42213700
2020-04-09,29.229299545288086,29.85438314287937,27.380458015630143,27.398066430015174,62462000
2020-04-13,27.670989990234375,29.264516219834775,27.653381575942138,29.246907805542538,36068900
2020-04-14,26.57048988342285,28.613018968828438,26.024640782694398,28.26966327855637,64267100
2020-04-15,25.038593292236328,25.628461755705658,24.844904087400188,25.32912542025968,41883900
2020-04-16,23.67397117614746,24.89772913028799,23.47147944475954,24.89772913028799,52962100
2020-04-17,24.98577117919922,25.337932803317848,24.4751388393045,24.78327942079276,46985000
2020-04-20,24.369483947753906,25.434767652260934,23.70037942557794,24.061343464231605,45441600
2020-04-21,23.62994956970215,23.990913640598386,23.33061326516907,23.6827731295519,41918700
2020-04-22,23.5947322845459,24.28144526615348,23.506693579586255,24.21101329464737,28043300
2020-04-23,23.35702896118164,23.955699969871088,23.26018435600896,23.726797287295337,38331500
2020-04-24,23.70038414001465,24.0261330997883,23.2161644833242,23.59473532950591,35135900
2020-04-27,25.012176513671875,25.16184465652437,23.911675957177227,24.096560923868232,39606100
2020-04-28,25.417163848876953,26.341583726734925,25.170651097807152,26.05985582792986,35188000
2020-04-29,26.412017822265625,26.817001289509548,26.10387727849302,26.500058217519353,38515200
2020-04-30,25.57563591003418,26.068661438728114,25.179456660712884,25.81334446716545,29506100
2020-05-01,24.290250778198242,25.117827747303775,24.017327083845103,25.091415126857697,35197600
2020-05-04,24.078956604003906,24.166996999331463,23.418656157893547,23.73559923014953,34343900
2020-05-05,23.17214012145996,24.475132415154434,23.110512357184373,24.228621358052074,56753400
2020-05-06,22.54705810546875,23.4626737832582,22.36217312101128,23.29539721241206,57732900
2020-05-07,22.663837432861328,23.445349836531033,22.582991263055813,22.987222112083384,52387000
2020-05-08,22.843496322631836,23.157897908596276,22.663837783980497,23.032136246200018,53725300
2020-05-11,22.25960922241211,22.66383837489081,22.097916876080287,22.556044619570162,51444200
2020-05-12,21.594877243041992,22.699772755189635,21.558944845890363,22.421301817317495,53560500
2020-05-13,20.238462448120117,21.514033568605583,19.762368410514917,21.514033568605583,90209900
2020-05-14,21.612838745117188,22.0889326615566,19.78032957709429,19.87914022892076,87965500
2020-05-15,20.98403549194336,21.406230783678467,20.732513908346558,21.280470848555375,51616700
2020-05-18,22.825525283813477,22.987217591627573,21.86435624664127,22.05299613019076,55684400
2020-05-19,21.51402473449707,22.59197063170549,21.487075444560425,22.457227608723247,48234300
2020-05-20,22.026052474975586,22.22367549006286,21.882326334302885,21.999103181092924,45297100
2020-05-21,21.972150802612305,22.322484720501688,21.846390875516402,21.90927083906435,28376500
2020-05-22,21.711652755737305,21.999105061655158,21.48708042757012,21.95419128136208,30415300
2020-05-26,23.589073181152344,23.813645467667484,22.49316103976467,22.50214242347677,57720300
2020-05-27,25.1071834564209,25.385652624590943,24.11008191079987,24.972438707720265,61963000
2020-05-28,24.45142936706543,25.484463231553807,24.361601825240818,25.439547747290966,51490200
2020-05-29,23.77771759033203,24.31669152288823,23.436368403945277,23.804666886632656,51336900
2020-06-01,24.334653854370117,24.78379844125277,23.687886266065327,23.903475462166924,34201700
2020-06-02,24.61312484741211,25.1431156363834,24.39753563529085,24.774817184840742,39058000
2020-06-03,25.89767837524414,26.221063045603096,25.45751685911708,25.502430635177724,50814000
2020-06-04,27.14629554748535,27.173244836856995,25.726998860904192,26.481561829805614,61839200
2020-06-05,28.448820114135742,30.443021597147467,28.260178484021385,30.443021597147467,107651200
2020-06-08,29.931001663208008,30.029814042606016,28.987798505985047,29.55372177099963,69051300
2020-06-09,29.31117820739746,29.715409041728382,28.30509352714645,29.1405010625125,51480400
2020-06-10,26.688169479370117,29.041689489195374,26.634272610804448,29.0147384848867,82090000
2020-06-11,24.065168380737305,25.538362113751372,23.984322216037686,24.43346681399082,75621300
2020-06-12,25.12514877319336,25.358704175127226,24.568210418340126,25.152098066499438,51301200
2020-06-15,25.340736389160156,25.502428712147097,23.858559617364204,24.128047393459305,48311400
2020-06-16,25.619211196899414,26.63427735003189,24.945494223222298,26.43665432122625,52985600
2020-06-17,24.65804100036621,25.646157820815933,24.568211731229653,25.601244042923057,38660800
2020-06-18,24.747867584228516,25.089218450871392,24.190929221485955,24.34363845901551,33670200
2020-06-19,24.79277992248535,25.197008996319855,24.262789207443,25.15209522589953,71903000
2020-06-22,24.568208694458008,24.819728560930105,24.154994792845777,24.496345630701608,32808300
2020-06-23,24.46041488647461,25.412602686944975,24.424484208856303,24.9544749821943,47279100
2020-06-24,23.46331214904785,24.2807550965743,23.346533606058074,24.217873420083386,57380900
2020-06-25,24.5861759185791,24.62210659528704,23.2567066133722,23.319586582624087,45102200
2020-06-26,22.762651443481445,23.714837640333492,22.681805267834953,23.44535153041245,81172300
2020-06-29,23.086030960083008,23.265687755222448,22.690783269415416,22.987218609078482,43769200
2020-06-30,22.996204376220703,23.23874287684123,22.609939737458543,22.645870415318594,46610000
2020-07-01,22.53807830810547,23.319589026939184,22.394352159507296,23.112982902498164,37509300
2020-07-02,22.762651443481445,23.508231508503965,22.54706221287443,23.13094992660396,37013300
2020-07-06,22.89739227294922,23.37348618177715,22.43926455993006,23.193827650390944,46983100
2020-07-07,21.972150802612305,22.654850731641005,21.86435706891596,22.63688625159195,36920500
2020-07-08,22.05299949645996,22.259607317621324,21.621821085372314,21.954188848096564,38413400
2020-07-09,21.594877243041992,22.25961117018816,21.29844010659404,22.008089530179745,38118900
2020-07-10,22.879425048828125,22.933323633831964,21.693683592354205,21.720632884856123,56483300
2020-07-13,22.825525283813477,23.39144836116282,22.403330034904787,23.193823667900947,51038800
2020-07-14,21.783512115478516,21.90927204952249,20.95708602029541,21.48707676141015,118952600
2020-07-15,22.771631240844727,22.951288050295275,22.31350354971724,22.43926348766769,61714300
2020-07-16,22.87044334411621,23.436366527666106,22.295538775869378,22.376384944947933,48676800
2020-07-17,22.41231346130371,23.03213169925109,22.331467306206147,22.897388678538636,39184100
2020-07-20,22.070966720581055,22.34943590988485,21.918257478701403,22.205709766157035,38682200
2020-07-21,23.535173416137695,23.607036470445813,22.196721245454707,22.232653629283945,58395200
2020-07-22,23.589073181152344,23.66991934136584,23.193825477147538,23.47229463268815,41030500
2020-07-23,23.669921875,23.813648016686123,23.086034210231276,23.499246439241194,50791000
2020-07-24,23.589073181152344,24.119063914396122,23.535176312126872,23.777713079416788,39357000
2020-07-27,22.89739227294922,23.37348618177715,22.681803063296215,23.37348618177715,34761000
2020-07-28,22.93332290649414,23.086032132460478,22.75366438888059,22.75366438888059,30505200
2020-07-29,23.157894134521484,23.193824808385596,22.457228003990785,22.86145879340283,31442100
2020-07-30,22.142831802368164,22.67282264797874,22.008088744561444,22.627908866493478,51019200
2020-07-31,21.79249382019043,22.15180911832146,21.630801507693846,22.00808299906905,45537900
2020-08-03,21.81945037841797,22.008090330268907,21.469116346857415,21.783517979960042,27863700
2020-08-04,21.756563186645508,21.819444868066544,21.58588947712601,21.738598705304412,28106900
2020-08-05,21.918256759643555,22.23265833124033,21.864359885851478,21.918256759643555,32935400
2020-08-06,21.864139556884766,22.098656113929774,21.75590220464965,21.828061012940292,44670300
2020-08-07,22.61278533935547,22.748082874899936,21.647660739963026,21.76491814532783,46272400
2020-08-10,22.279050827026367,22.982598677723097,21.846096318442093,22.748082154023702,50602600
2020-08-11,22.838285446166992,23.577913697426155,22.73004808863734,22.81122696698547,55000100
2020-08-12,22.72102165222168,23.577907087308567,22.297087246276426,23.43358950412759,42868500
2020-08-13,22.567686080932617,22.75710228113063,22.26101075836316,22.50454734753328,27387800
2020-08-14,22.820240020751953,22.991617804230877,22.22492953119504,22.360228777331834,26743400
2020-08-17,22.07159423828125,22.675924856938313,22.044535762479697,22.57670757833002,36661700
2020-08-18,21.683744430541992,22.053558555719633,21.656684230991758,22.026498356169398,29680700
2020-08-19,21.710798263549805,21.999433448710196,21.50334193926595,21.656679596432586,33667800
2020-08-20,21.42215919494629,21.593536950218166,21.28686169147948,21.41313913199502,36022100
2020-08-21,21.32295036315918,21.56648701745563,21.214712997073146,21.32295036315918,27198000
2020-08-24,22.08963394165039,22.10767407210339,21.29588712613516,21.46726320423408,36906700
2020-08-25,22.1978702545166,22.4504251679708,21.918253428333287,22.31512764713443,35077300
2020-08-26,21.683744430541992,22.170815979633755,21.683744430541992,22.107677234418322,28348200
2020-08-27,22.17983627319336,22.351214097962252,21.62060418624309,21.638644319461243,36706600
2020-08-28,22.270030975341797,22.342189774062813,21.963355650677116,22.32414964428219,25797300
2020-08-31,21.782955169677734,22.1076705850075,21.728836507256528,22.08963045740001,27615500
2020-09-01,21.692758560180664,21.954335277117593,21.41314343411819,21.66570008629163,30508800
2020-09-02,22.161794662475586,22.2429735361434,21.584524201194863,21.656683008854955,40334000
2020-09-03,22.1166934967041,22.87436174976846,21.918255508272043,22.369248434124568,42349300
2020-09-04,22.360233306884766,22.72102735539969,21.87316005108832,22.549649537204452,48745000
2020-09-08,21.620595932006836,22.143747552793783,21.413139640405372,21.900212728931738,49082900
2020-09-09,21.503341674804688,21.710797996537117,21.37706421295041,21.65667933008548,49427900
2020-09-10,21.602556228637695,22.251985253933974,21.52137738542553,21.67471500922617,54211700
2020-09-11,21.89119529724121,21.936293898088387,21.386082021665832,21.575499930106936,34861100
2020-09-14,22.378273010253906,22.522590637987122,21.855121179620543,21.990418740570203,49787100
2020-09-15,22.44140625,22.585725562717695,22.15277106536742,22.513565046158146,41954800
2020-09-16,23.190053939819336,23.451630645893108,22.324148403302093,22.432387455567433,51768200
2020-09-17,22.64886474609375,22.937499936483874,22.45944682714933,22.757102082289325,51531300
2020-09-18,22.666902542114258,22.910439122569468,22.45944621968266,22.495526477706274,115153200
2020-09-21,21.683744430541992,22.116697300935066,21.3951074632115,22.053558555719633,56188400
2020-09-22,21.33196258544922,21.972373360817542,21.223725259168077,21.629617813324277,39839500
2020-09-23,20.59233856201172,21.764919574248623,20.59233856201172,21.449225877385963,45697700
2020-09-24,21.034305572509766,21.39509949683046,20.34879625609987,20.70959018042057,43329100
2020-09-25,21.32295036315918,21.38608911344302,20.75469989020272,20.853918909449845,30229900
2020-09-28,21.48530387878418,21.89119822224799,21.431185206456195,21.638641550714777,41103500
2020-09-29,20.980188369750977,21.39510098140976,20.80881059865653,21.39510098140976,38416300
2020-09-30,21.205690383911133,21.53040588398824,20.97117382501119,21.07039283234624,43071500
2020-10-01,21.25078773498535,21.476284214364572,20.88999371205892,21.259807800608712,38879800
2020-10-02,21.638641357421875,21.728840290763838,20.81783433277298,20.880973069991885,26238600
2020-10-05,22.053556442260742,22.188853986242382,21.846098373060507,21.846098373060507,22607500
2020-10-06,21.81001853942871,22.54964667510801,21.68374106857659,22.26101147293087,30991300
2020-10-07,22.378273010253906,22.48651209125473,21.99943880735376,22.02649900770442,34647300
2020-10-08,22.820240020751953,22.847300214059587,22.25198972450268,22.441405916451977,26483400
2020-10-09,22.820240020751953,23.009657933102634,22.55866503371701,22.901418880273475,28211300
2020-10-12,23.162996292114258,23.217114959973934,22.68494318488304,22.730043508433965,25855600
2020-10-13,22.315128326416016,23.00063773597561,22.27904978928202,22.92847894130625,29939600
2020-10-14,20.97117042541504,22.03551397388313,20.953130296023716,21.8911963795554,75388100
2020-10-15,20.700572967529297,20.826850417833654,20.520175135322017,20.799790226882195,60328600
2020-10-16,20.61939811706543,20.95313193490121,20.39390164324066,20.754695657279978,43141200
2020-10-19,20.33076286315918,20.664496680294448,20.303702667012445,20.646456549529955,37423600
2020-10-20,20.57430076599121,20.86293601897178,20.466063406324405,20.50214195274607,34751200
2020-10-21,20.47507667541504,20.70057310699273,20.384877758703713,20.583313999147638,29528300
2020-10-22,20.97117042541504,21.034309157883243,20.393900048104115,20.438998651180995,32238300
2020-10-23,20.99823570251465,21.277850894160494,20.853918073252157,21.268830827281356,24558300
2020-10-26,20.47507667541504,20.763711832570287,20.384877758703713,20.718611514014004,34034100
2020-10-27,19.68132972717285,20.393899329405713,19.68132972717285,20.393899329405713,49636500
2020-10-28,19.10405731201172,19.374652332587043,18.761301784188376,19.149155908640545,54835900
2020-10-29,19.067981719970703,19.28445813343357,18.725227828754896,18.98680284987193,46184000
2020-10-30,19.34760093688965,19.356619283191872,18.79738891075619,19.031905483855667,34592400
2020-11-02,19.753488540649414,19.825647335339223,19.11307945282755,19.573092414125583,38401200
2020-11-03,19.924867630004883,20.29468169209539,19.834668700626384,20.123303898316394,38427000
2020-11-04,19.735448837280273,20.348799465565282,19.095039735654193,19.61819143853233,47203200
2020-11-05,20.23381996154785,20.451290278440343,19.807940807004282,19.835123516428066,38319700
2020-11-06,19.853242874145508,20.451286569208303,19.78981425926008,20.387857954322875,29502900
2020-11-09,21.946401596069336,22.53538569720144,21.112764448456844,21.774238661194357,102118900
2020-11-10,21.919219970703125,22.082323161973697,21.62019802947397,22.07326168153637,49029100
2020-11-11,21.919219970703125,22.23636487280694,21.756116779432553,21.955464164151767,38309200
2020-11-12,21.57489013671875,21.882973551380054,21.348358315838418,21.66550321073101,34505900
2020-11-13,21.81048011779785,21.910154656868755,21.502396750033583,21.66549991276765,30056100
2020-11-16,22.562570571899414,22.680368094739112,22.10044541799909,22.64412217131128,36954800
2020-11-17,22.689424514770508,22.789097325363738,22.218237985110335,22.22729946394615,29490400
2020-11-18,22.707544326782227,23.51399860982882,22.707544326782227,22.789095902913907,44318300
2020-11-19,23.704288482666016,23.758655633193534,22.625996582116986,22.825345681218813,44560000
2020-11-20,23.088117599487305,23.767712909954714,23.069994643082783,23.59555000901248,38469100
2020-11-23,23.831144332885742,23.95800331434255,23.44151109414829,23.514001199994844,40691400
2020-11-24,25.924299240112305,26.033033534146153,24.773517303734693,24.88225159776854,80523400
2020-11-25,25.90618133544922,25.99679441702118,25.371566055305504,25.670588014682433,38875500
2020-11-27,25.788375854492188,25.942417527148194,25.534661378329528,25.906173342682205,20281400
2020-11-30,24.782581329345703,25.878994503061573,24.719152696591973,25.761198717704737,48211000
2020-12-01,25.425928115844727,25.98772772632745,25.407806885803684,25.507479700080935,41924200
2020-12-02,26.159893035888672,26.26862733208794,25.2356428766925,25.362500131691807,35508000
2020-12-03,26.42266845703125,26.721690357599076,26.08740236794331,26.22332109941951,41264600
2020-12-04,26.776058197021484,27.15663169197765,26.585772313693646,26.73075252812452,47168800
2020-12-07,26.585771560668945,26.848547543769264,26.34111680763385,26.658261665831148,31713000
2020-12-08,26.22332000732422,26.54952460362192,25.734010520427116,26.304871588473738,32209500
2020-12-09,26.322994232177734,26.495158882555035,25.924299512136198,26.495158882555035,35276000
2020-12-10,26.721691131591797,26.785119759564537,25.860871321775264,26.023972767290672,31730200
2020-12-11,26.350175857543945,26.63107477311332,25.9786638868005,26.295808715759613,29779100
2020-12-14,25.95148277282715,26.984468968724663,25.833686995836462,26.766998645456898,28378000
2020-12-15,26.93916130065918,26.975407218323397,26.18707579213144,26.39548463379926,38866200
2020-12-16,26.866668701171875,27.102261959231534,26.712627021990574,26.857607222596467,35204800
2020-12-17,26.703567504882812,27.093202470743783,26.676384795460244,27.002589406634183,42870500
2020-12-18,26.28675079345703,26.839488949322472,26.096463179019537,26.703568484024046,53716400
2020-12-21,26.776058197021484,27.084141584762214,26.132708711522042,26.794181155900468,52731600
2020-12-22,26.24144172668457,26.930098575750655,26.232381975988,26.866669951072268,25655900
2020-12-23,27.500959396362305,27.62781664452853,26.52234214177905,26.53140362069098,38383700
2020-12-24,27.038835525512695,27.528143310077766,26.87573235455752,27.446593452900636,14443700
2020-12-28,27.120386123657227,27.618755369387554,27.10226316569966,27.25630485173819,21658500
2020-12-29,26.984464645385742,27.337853648039783,26.957280211219963,27.319730691929262,19584400
2020-12-30,26.9572811126709,27.22005880016006,26.86666805738842,27.002586776162,18519300
2020-12-31,27.346921920776367,27.4012890743159,26.88479679493872,26.957286909091646,21081200
2021-01-04,26.91197395324707,27.582507759784583,26.640134802510126,27.47377175382977,31421600
2021-01-05,27.664064407348633,28.044637905559178,27.020713188047246,27.26536795010413,37360000
2021-01-06,29.62129783630371,29.90219852133506,28.805785405137026,28.905458224963784,73507500
2021-01-07,30.291839599609375,30.98955812025778,30.192165031430783,30.427760093780506,50634100
2021-01-08,30.074357986450195,30.491179090302495,29.603171467408952,30.454933175776095,32324700
2021-01-11,30.119670867919922,30.409631307127242,29.28603201274806,29.57599245195538,33739300
2021-01-12,30.75395965576172,31.279515154708815,30.500245115084567,30.80832853873598,59146400
2021-01-13,30.627103805541992,31.043921557867584,30.473063814874436,30.64522676737374,35734800
2021-01-14,31.487918853759766,31.80506197756019,30.81738323352355,30.871752107575396,55856900
2021-01-15,29.03231430053711,30.355259091040054,28.832965224274766,29.974687352649088,91993100
2021-01-19,29.56692886352539,29.93844084408538,29.249782297885968,29.367579791214933,43806800
2021-01-20,29.412887573242188,29.748157120190942,29.267907362016015,29.702847995694537,29949800
2021-01-21,28.99607276916504,29.385707773528793,28.92358265637415,29.28603322032859,28240600
2021-01-22,28.905454635620117,29.05043656412051,28.225859299069644,28.398023934919852,24476100
2021-01-25,29.213542938232422,29.313214028357116,28.651743304370047,28.887334859411794,28515500
2021-01-26,28.43427276611328,29.476318773402507,28.41615153435305,29.440076309882045,28026500
2021-01-27,27.33785629272461,28.11712619786193,27.111324504328916,28.0174516579117,45074900
2021-01-28,27.91777801513672,28.13524833158924,27.46471442378552,27.66406351009233,28770200
2021-01-29,27.0750789642334,28.262106796271613,27.020711818188268,27.88153331735486,39500800
2021-02-01,27.174753189086914,27.383162020083116,26.89385425477462,27.310671916767028,23713400
2021-02-02,27.8634090423584,28.26210546054713,27.528141246274622,27.600631347008907,25302900
2021-02-03,28.72423553466797,28.787664167888586,27.736556658888176,27.836229484677446,28507800
2021-02-04,29.687761306762695,29.8604690197052,28.90602545363744,28.969656527308842,30825400
2021-02-05,29.59686851501465,30.169532676187785,29.551416006236824,29.99682493246662,24908100
2021-02-08,30.360422134399414,30.514949557616912,27.96976527829022,29.796842965214864,29223800
2021-02-09,30.23316192626953,30.36951251706762,29.915015171126747,30.18771288518336,23539800
2021-02-10,30.178625106811523,30.624030573498924,30.07863513376833,30.433142516347182,22687000
2021-02-11,29.742305755615234,30.305881461981766,29.424155550822025,30.17862276708023,22393200
2021-02-12,30.47859001159668,30.56039967015835,29.67867720292643,29.67867720292643,34473100
2021-02-16,31.623920440673828,31.751179119704478,30.905813931813523,30.969443271328846,36468200
2021-02-17,33.260108947753906,34.04184477383055,30.933081775658177,31.214871319430106,80157700
2021-02-18,33.59644317626953,33.960042442165005,32.88742842206689,33.123765517621244,43334700
2021-02-19,34.387271881103516,34.40544872404698,33.66007333193703,33.75097488435268,39023000
2021-02-22,33.869136810302734,34.46907309945337,33.72369781497952,34.24182445253966,34690000
2021-02-23,33.76006317138672,34.33273081293599,33.26920519291591,34.16911148677906,36792500
2021-02-24,34.80540084838867,34.850849880678986,33.76005576801698,33.85095730013651,42764300
2021-02-25,34.14183807373047,35.15991104436546,33.90549753833536,35.15991104436546,37233100
2021-02-26,32.87833786010742,34.00549285583908,32.66018106579789,33.72370324002124,39468000
2021-03-01,33.71460723876953,34.014573630392405,33.39646054045149,33.732787545464696,28066100
2021-03-02,33.76006317138672,34.04185278144359,33.62371604461571,33.76915506036191,19701200
2021-03-03,34.260013580322266,35.14173966695227,33.950955202253816,33.950955202253816,35365100
2021-03-04,33.77824020385742,34.541795829312214,33.05104519569556,34.196376900108085,42932500
2021-03-05,34.023681640625,34.65088691490251,33.03287699521989,34.4236381748329,34558300
2021-03-08,35.150821685791016,35.34171319889559,34.332728575852066,34.65996720684342,38255200
2021-03-09,34.65996170043945,35.26898635883181,34.06911388084605,34.696318845576236,35854100
2021-03-10,35.9780158996582,36.08709430490236,34.796319883943276,35.159919191477094,38437200
2021-03-11,35.34170913696289,35.98709443638667,35.09628019192729,35.650767423207085,30598700
2021-03-12,36.332523345947266,36.37797239253976,35.83257343080985,35.90529467938983,28754000
2021-03-15,36.087093353271484,36.56885947564045,35.60532376336263,36.4234204499702,25892200
2021-03-16,35.76893997192383,35.896202142350894,35.196275808930174,35.78712028198484,24668300
2021-03-17,36.21434783935547,36.759743255060364,35.641680225587685,36.06890883066487,33537000
2021-03-18,37.0960693359375,37.759634950314684,36.49613306351847,36.49613306351847,57420600
2021-03-19,36.02346420288086,36.42342065888308,35.65077648074199,36.30525036624201,60291800
2021-03-22,35.42353057861328,35.7325889677501,35.10538029911175,35.705316764196134,32206000
2021-03-23,34.75996398925781,35.496247585813194,34.5872527515156,34.99630112045754,32494400
2021-03-24,34.65087890625,35.468975568434985,34.64179048446562,34.86903917201259,24201700
2021-03-25,35.72348403930664,35.77802495896846,34.341811949057494,34.51452312755046,28773000
2021-03-26,36.14162826538086,36.56885689012977,35.605321245976356,36.26889043794198,29156100
2021-03-29,34.94175338745117,35.76893838710929,34.45089890771056,35.069015552239634,38426900
2021-03-30,35.8052864074707,36.432494719712956,34.96901328119865,35.03264260743508,36134200
2021-03-31,35.51442337036133,36.02346166097784,35.378072775585935,35.69622300754863,25832800
2021-04-01,36.02346420288086,36.0416445146364,35.378075271948745,35.41443589545983,22706900
2021-04-05,35.88710403442383,36.659751474191125,35.74166504667948,36.38705033807385,21293400
2021-04-06,36.22343826293945,36.268890773043914,35.68713123857981,35.83257025531091,20969600
2021-04-07,36.35070037841797,36.44159846340185,36.02346172441252,36.214349783402476,19393200
2021-04-08,36.38705062866211,36.541581504865256,35.75075721941098,36.24161163975628,20845000
2021-04-09,36.81428527832031,37.07789457301655,36.587036603762776,36.66884626530507,28363600
2021-04-12,37.05971908569336,37.168797492764746,36.723391974491555,36.777929444257225,21093000
2021-04-13,36.16889953613281,36.82337335480367,36.08708987535651,36.81428493362388,29333200
2021-04-14,38.16868591308594,38.34139364390015,35.50533137859801,36.08708738506621,64926900
2021-04-15,38.395938873291016,38.41411571643353,37.296052616025136,38.26867669851551,44146300
2021-04-16,39.85032272338867,40.11393198510444,38.70499107262995,38.78679725639778,57060200
2021-04-19,39.88668441772461,40.35936203055546,39.43218711318024,39.64125545716594,39124200
2021-04-20,38.668636322021484,39.45037233806992,38.49592510554493,39.45037233806992,29734000
2021-04-21,39.30493927001953,39.41401768230245,37.968715716278,38.395944410068054,27258000
2021-04-22,38.81406784057617,39.559443091524244,38.795887533536096,39.323102567542264,24638300
2021-04-23,39.868507385253906,40.1593854066593,38.750444340313265,38.823162111894845,28024200
2021-04-26,40.123023986816406,40.61388193847482,39.98667686749316,40.113935565877306,24606600
2021-04-27,40.986572265625,41.10474255071886,40.177567515641776,40.350275264979196,29130200
2021-04-28,40.97747802734375,41.51378150982213,40.84112745101044,41.041107371622175,20795100
2021-04-29,42.03191375732422,42.16826087305364,41.37743650569698,41.46833458284993,26880700
2021-04-30,40.9502067565918,41.83193264370929,40.77749902786889,41.63195271858014,34176500
2021-05-03,41.34107971191406,41.4956106184156,40.96839201304996,41.31381097975366,16522700
2021-05-04,41.577415466308594,41.66831354134052,40.604788032262675,41.141094997045336,26137600
2021-05-05,41.75921630859375,41.99555687829573,41.331991146891944,41.75012788708507,19620200
2021-05-06,42.4788818359375,42.533538261920114,41.63167248217317,42.005173118502356,34271500
2021-05-07,42.39690399169922,42.46978040236341,41.495034518388266,41.841207025579806,25140400
2021-05-10,42.451560974121094,43.1347942739735,42.4424527258356,42.67019715911974,28193100
2021-05-11,41.649898529052734,42.706632445248545,41.45859058487723,41.923191124169875,31478500
2021-05-12,41.577022552490234,42.96170910282725,41.43126625640761,42.66108826251494,33392900
2021-05-13,42.26936721801758,42.62464796960674,41.2764013731407,41.44037763927481,23553400
2021-05-14,42.779518127441406,42.91616619218982,42.33314093612525,42.45156555212892,17078500
2021-05-17,43.635826110839844,43.70870250791258,42.63374871903702,42.74306505219791,25212800
2021-05-18,42.688419342041016,43.84536154006616,42.66109112066469,43.635837067603966,24126000
2021-05-19,42.05983352661133,42.196481554712136,41.33105215198232,41.85030909859947,28911100
2021-05-20,41.65900802612305,42.06894866864901,41.239959136031615,41.96874056990888,26107000
2021-05-21,41.795654296875,42.178263230307614,41.70455444955496,41.877642421911105,27312700
2021-05-24,42.12360763549805,42.36956854039843,41.68633530986558,41.90497147268181,25707400
2021-05-25,41.98695373535156,42.83416310089733,41.94140555469819,42.26024629437523,29415300
2021-05-26,42.26936721801758,42.451559980296196,41.54058226848637,42.005182847567724,26170600
2021-05-27,42.59730911254883,43.16211770097476,42.18737199124767,42.806837009125175,42572900
2021-05-28,42.560882568359375,42.70663887269878,42.160050125097705,42.67930717650086,15760100
2021-06-01,43.05280303955078,43.189451079725465,42.62464589887119,42.961706662836995,17878600
2021-06-02,42.64286804199219,43.235001471010435,42.433343584791494,43.162125060946984,18492600
2021-06-03,42.32402801513672,42.81595686419727,42.22381990050166,42.533552493417055,20206400
2021-06-04,42.779518127441406,42.90705446781745,42.3695774083008,42.870617995641894,18190300
2021-06-07,42.916160583496094,42.979928745350286,42.61553627037989,42.90704886031453,16644300
2021-06-08,42.46065902709961,42.82504791797493,42.17825476971114,42.57908706730809,21271700
2021-06-09,41.832088470458984,42.214700858048026,41.567907615453976,42.12360449081921,22617500
2021-06-10,41.075984954833984,42.49711142904058,41.00310507021121,42.333135163743506,21640000
2021-06-11,41.61345672607422,41.62256497295854,41.157967929576124,41.157967929576124,19389300
2021-06-14,41.130638122558594,41.79565132270535,40.84823382861808,41.549686965099795,25452300
2021-06-15,41.41304397583008,41.64990011569744,40.99399508234661,41.17619131106673,23865400
2021-06-16,41.513248443603516,41.86852914721889,40.37452645760363,40.94844331157661,38287700
2021-06-17,38.98072814941406,41.86852516306072,38.862300101110506,41.71366065575124,48910400
2021-06-18,38.03331756591797,38.54346631005515,37.77824493140138,37.969549407288824,61292200
2021-06-21,39.42710876464844,39.45444045526749,38.47058299547057,38.534351148408845,26444700
2021-06-22,39.66396713256836,39.96458794559975,39.04450206165675,39.54553906677834,26455200
2021-06-23,40.04657745361328,40.36542172249447,39.627528560333566,39.627528560333566,18778500
2021-06-24,41.15796661376953,41.37659928304091,40.27431726478001,40.319865447952914,27951000
2021-06-25,42.25114440917969,42.49710879186186,41.19441047345477,41.51325126113317,49074700
2021-06-28,41.71367263793945,41.968745299767065,41.07598750826603,41.904977134310165,27127500
2021-06-29,40.80268859863281,42.25114315928748,40.62960062606723,41.94141062823227,39534000
2021-06-30,41.258182525634766,41.34927890925525,40.492961087868125,40.64782563504381,18168100
2021-07-01,41.367496490478516,41.57702094078118,40.96666756056526,41.431264650348716,18658000
2021-07-02,41.057762145996094,41.36749468402758,40.84823770484302,41.267286587149165,13218500
2021-07-06,39.6184196472168,40.830018118322485,39.44533166912744,40.74802999057068,25486900
2021-07-07,39.53643035888672,40.055687327704256,39.28135426053322,39.42711054169071,21884000
2021-07-08,38.552574157714844,39.12649105452717,38.23373336787687,38.78943029454074,29148700
2021-07-09,40.00102996826172,40.183226200095405,39.03539237211603,39.336016675907224,25055900
2021-07-12,40.2287712097168,40.31075933380666,39.13559738021993,39.427109938071915,17618900
2021-07-13,39.381561279296875,40.20144251034412,39.18114509501782,39.891709986960024,25387800
2021-07-14,40.94844436645508,41.11242061467158,38.72565676845539,39.718622504831366,49618000
2021-07-15,40.99400329589844,41.34928410177947,40.42008627672654,40.62050251598444,33388100
2021-07-16,40.33809280395508,41.476814967346805,40.183228257783846,41.36749861269039,27838200
2021-07-19,39.21758270263672,39.445327089382694,38.52524129597451,38.90785019765804,43362200
2021-07-20,40.848236083984375,41.13064039351737,39.05360908409186,39.172037146167476,34556200
2021-07-21,41.722774505615234,42.04161875924136,41.18529756817494,41.25817744618224,29654600
2021-07-22,41.021324157714844,41.859425437302136,40.811799706594044,41.759217335656516,23309500
2021-07-23,40.6204948425293,41.4585926390957,40.46562683005694,41.085091929738226,23946500
2021-07-26,41.003108978271484,41.21263692898027,40.51118361059837,40.51118361059837,22976700
2021-07-27,41.12153244018555,41.340168615201414,40.32898282157323,40.62049540485831,22124500
2021-07-28,41.458595275878906,41.94141583949058,40.97577818737152,41.34017067216097,23252800
2021-07-29,42.3604621887207,42.55176666780608,41.61346076791718,41.80476524700256,24487400
2021-07-30,41.85031509399414,42.67930467797601,41.65901060733007,42.14182768560727,25794000
2021-08-02,41.71367263793945,42.642870374017114,41.51325641787239,41.941417078886786,23960700
2021-08-03,42.66109085083008,42.76129548694428,41.0942079665485,41.88675765738897,24050300
2021-08-04,42.041622161865234,42.78862359637901,41.94141405904683,42.150938512619796,22178000
2021-08-05,42.9931526184082,43.00230050834756,42.096505834279526,42.133104374494756,28092600
2021-08-06,44.621761322021484,44.82304985736341,43.41403709042962,43.45978353294465,33583900
2021-08-09,44.511962890625,45.14327208493849,44.182582966555586,44.52111078174722,29795200
2021-08-10,45.40861129760742,45.46350563084046,44.54856284783939,44.58516139681457,28708100
2021-08-11,46.35099411010742,46.41503981583737,44.98772803765021,45.40860430559884,29203900
2021-08-12,46.79931640625,46.8908092721528,46.25950012087362,46.44248585267922,21729900
2021-08-13,46.08566665649414,47.03720798132633,45.911828785511794,46.854218728054036,15843300
2021-08-16,45.20731735229492,45.72883439690546,44.77729317893105,45.683087961282126,22615500
2021-08-17,44.566856384277344,45.17071840370072,43.944695092722434,44.72239845228071,16887000
2021-08-18,43.889801025390625,44.81389158699226,43.82575531766721,44.2466281084866,16319300
2021-08-19,43.231048583984375,43.871509261052346,42.84677427188153,43.32254147060984,20259400
2021-08-20,43.38658142089844,43.41403207542034,42.85591646661064,43.12125068886925,15357400
2021-08-23,43.560428619384766,43.90810787144772,43.41403790644719,43.68852005692641,15551900
2021-08-24,44.246639251708984,44.25578714501789,43.65192496995465,43.68852352365065,15109100
2021-08-25,45.097530364990234,45.39945966680887,44.347277566253354,44.48451688881465,21357400
2021-08-26,44.87793731689453,45.62819002793615,44.731546629135906,45.31710938017041,21627600
2021-08-27,45.573307037353516,45.60990210072387,44.941994203549974,45.0334905875513,16873300
2021-08-30,44.29237747192383,45.573298691526205,44.23747965157646,45.527548762788626,16054100
2021-08-31,41.81288528442383,44.82304783519018,41.36456179145088,44.292379353313216,73514300
2021-09-01,39.7542610168457,42.05991703989361,39.58957105161161,41.81288209204247,84960500
2021-09-02,40.77900314331055,41.06263668745286,39.83661311086388,39.96470455330556,37629000
2021-09-03,40.413021087646484,40.71495388162951,40.09279250938848,40.70580598949203,21687500
2021-09-07,40.54111099243164,41.135821634208455,40.48621317571084,40.550258883437124,19733500
2021-09-08,40.09278869628906,40.751548554886924,39.91895084037214,40.367270807295036,21252400
2021-09-09,40.58686065673828,40.916240602807754,40.03789291654596,40.12023790306333,19776900
2021-09-10,40.559417724609375,41.401163461104886,40.4313227953675,41.172427751375025,23367400
2021-09-13,41.867774963378906,41.9135248889748,40.7698465536634,40.7698465536634,28027200
2021-09-14,42.13311767578125,42.94741625638259,41.86778341079902,42.1056705070693,36053200
2021-09-15,42.67292404174805,42.901659701054356,41.95011852068511,41.96841779225712,31535600
2021-09-16,42.34354782104492,43.24934264647232,42.09651286865563,42.910814818485285,24102400
2021-09-17,42.517391204833984,42.71867623882345,41.849483408378326,41.849483408378326,34912100
2021-09-20,41.91353225708008,41.96842659307832,41.02603659598954,41.19987447703381,30603100
2021-09-21,41.95012283325195,42.416745580735025,41.840330682762215,42.06906636558306,23049100
2021-09-22,43.07550811767578,43.63362028634675,42.51739245877506,42.535691733355556,29430700
2021-09-23,43.734256744384766,44.072784538118505,43.1486940232575,43.423176112507264,21852800
2021-09-24,43.84404754638672,44.43876163016829,43.67020970954441,43.71595614132091,20384700
2021-09-27,43.514671325683594,44.77728960110173,42.233750289203385,44.26492397869288,48927500
2021-09-28,42.01416778564453,43.02975475744491,41.23646787420558,43.01145548432254,49349100
2021-09-29,43.02975845336914,43.139554101534,42.023322776799624,42.49909344815805,21730200
2021-09-30,42.462493896484375,43.1395530832673,42.1971596550269,43.130401701021356,22947500
2021-10-01,43.020606994628906,43.28594122035251,42.53568847123916,42.59058280054095,18021700
2021-10-04,43.020606994628906,43.633616940028816,42.70037494937402,43.020606994628906,22315200
2021-10-05,43.88064956665039,44.32897301015173,43.32253398013559,43.45977677657439,20250500
2021-10-06,43.79830551147461,43.99959401977317,43.057204167701485,43.532974784443034,17425700
2021-10-07,43.69765853881836,44.45706259817046,43.49637353327146,44.15512985450638,19272300
2021-10-08,43.91725158691406,44.22833225859722,43.606170915230905,43.798308053268556,14295400
2021-10-11,43.25849533081055,44.338128135584505,43.20360099546161,44.10024453853611,15387900
2021-10-12,42.68208312988281,43.487230283063894,42.56313958830137,43.26764596500716,18995700
2021-10-13,42.13311767578125,42.608888378091805,41.37371692283382,42.608888378091805,24150300
2021-10-14,41.4560546875,42.90166232791083,41.01688261356901,42.709525199984036,53257700
2021-10-15,44.264930725097656,44.594310669834925,41.82203179511596,41.83118317704176,60096600
2021-10-18,45.225616455078125,45.48179928579206,44.04533957318156,44.09108600863343,33842700
2021-10-19,46.05821990966797,46.06736780181155,45.088379301650455,45.41775926249526,26500300
2021-10-20,45.893531799316406,46.10396822949107,45.48180683148342,45.920978967095316,24227900
2021-10-21,46.049068450927734,46.2960999121985,45.52754789316316,45.70138924249451,20448300
2021-10-22,46.35099411010742,46.77186688782686,46.19545553625731,46.24120197031739,21517200
2021-10-25,46.31439971923828,46.77187108131357,46.22290684291502,46.56143467358648,19330300
2021-10-26,46.32354736328125,46.7535680355787,46.07651242886566,46.41504023222218,18196300
2021-10-27,45.79288864135742,46.65293714841208,45.701395753054996,45.985025800930494,21988300
2021-10-28,46.99146270751953,47.0280612571288,46.06736852614946,46.09481918347131,26785500
2021-10-29,46.8084716796875,47.247643787702444,46.68038025112852,46.89081666807966,19788500
2021-11-01,47.311683654785156,47.57701786128194,46.90911014474914,47.174444351245924,18699000
2021-11-02,46.93655776977539,47.32083550197501,46.86336417187929,47.156145543922214,21672500
2021-11-03,47.577022552490234,48.09853963586647,46.68037908475162,46.69867835840705,24225700
2021-11-04,46.493221282958984,47.48517634374027,45.84110462468911,47.34740363961885,32005700
2021-11-05,46.327884674072266,47.40250240687147,46.29114833138783,46.84223201240488,23443200
2021-11-08,46.722835540771484,47.18207317121977,46.42892373758099,46.42892373758099,19509500
2021-11-09,45.82273483276367,46.43811514163274,45.19817131198854,46.38300535908008,28324800
2021-11-10,46.25441360473633,46.6309883126441,45.62985016181051,45.68495993749396,19827800
2021-11-11,46.465667724609375,46.75957955395967,46.125832828867864,46.30952509443276,16069700
2021-11-12,46.80549621582031,46.84223606538822,46.26359569766076,46.548324276254725,17124700
2021-11-15,46.91572570800781,47.48517948218288,46.823876064621096,47.01675506017474,20110200
2021-11-16,46.26360321044922,47.007569518340745,46.079907436484035,46.94327652300875,19244900
2021-11-17,45.77680969238281,46.557512306137454,45.492081084315515,46.30952355144115,17802700
2021-11-18,45.83191680908203,46.08908876032383,45.25327641508294,45.5839280687967,19198200
2021-11-19,44.8399658203125,45.22572728505485,43.87556741401467,45.0052916618156,30548400
2021-11-22,46.236053466796875,46.9432799711017,45.675782891717354,46.50241218342578,28549400
2021-11-23,47.20963668823242,47.521918462573154,46.566703211212605,46.57588642352899,28024400
2021-11-24,47.12697219848633,47.52191688538919,47.00756942010267,47.310664468362155,18901900
2021-11-26,44.48176193237305,45.09713874134173,43.80208862484266,45.09713874134173,29919300
2021-11-29,45.152252197265625,45.71252277262303,44.37154947981379,45.620673126995584,27677000
2021-11-30,43.88475036621094,44.555236940027484,43.46225255318221,44.187848908408945,40671700
2021-12-01,43.3612174987793,45.418603685206385,43.333664361329284,44.720560504361146,29365100
2021-12-02,44.92262649536133,45.37268093111142,43.63675968210838,43.83882536800089,29184900
2021-12-03,43.85719299316406,45.244089072888364,43.50817141867321,45.244089072888364,29221900
2021-12-06,44.83078384399414,45.83192213237222,44.73893420523601,44.98692297432476,31650100
2021-12-07,46.153377532958984,46.40136625059557,45.3175652640526,45.4277813039895,28370200
2021-12-08,45.38186264038086,46.20849177921315,45.29919972649763,46.0890890138918,19990300
2021-12-09,45.639041900634766,45.951323680450315,44.766493063352335,45.02366505718668,16927200
2021-12-10,46.107460021972656,46.47484803386296,45.53800632613434,46.19012293779638,20040900
2021-12-13,44.601165771484375,45.88702920291449,44.481762990893294,45.83192292241517,19598900
2021-12-14,44.904258728027344,45.455346033219925,44.6379000390362,44.647086754494026,17602900
2021-12-15,44.9501838684082,45.25328242580628,44.20622105244114,45.023663580640054,20284300
2021-12-16,46.199302673339844,46.676910206200375,45.290014171391924,45.66658886987938,32781100
2021-12-17,44.0408935546875,45.67577854987351,43.96741384520681,45.648225410670946,74833400
2021-12-20,43.03055953979492,43.3244713086172,42.47947584917932,43.22344198484457,29134900
2021-12-21,43.91231155395508,44.21540662381989,43.48062698082339,43.7102458382414,21249400
2021-12-22,44.11437225341797,44.380730959779626,43.73779748031224,43.84801705076191,15688000
2021-12-23,44.41747283935547,44.94100355986328,44.28888683834734,44.45421269784515,16025600
2021-12-27,44.794044494628906,44.83996756267413,44.160297746711564,44.5919787907833,11900400
2021-12-28,44.47257614135742,45.17980260318612,44.417469861023704,44.60116563744897,14320500
2021-12-29,44.5001335144043,44.87670828557913,44.42665380114795,44.63790272120158,14390700
2021-12-30,44.17866516113281,44.92263149347968,44.12355887972566,44.53687350880725,13701300
2021-12-31,44.06844711303711,44.41746872897924,43.93986112392828,44.114370180046635,12649300
2022-01-03,46.59424591064453,46.66772560753198,44.93180455746631,44.94099127142964,38978100
2022-01-04,48.4495735168457,48.816965049261256,47.319849284670056,47.374959065643985,43855100
2022-01-05,48.02708435058594,48.80778711784026,47.760725616833405,48.60572138827545,35072600
2022-01-06,49.25782775878906,49.29456410531713,48.36690566101539,48.816960067107594,29720800
2022-01-07,50.304901123046875,50.69065913261541,49.41397880993982,49.46908859860924,35149300
2022-01-10,50.837608337402344,51.489728487383864,50.03853577782865,50.97538103898986,34733500
2022-01-11,51.48973083496094,51.55402383097834,50.72739459117533,51.03049314700494,25073700
2022-01-12,51.80200958251953,52.086734690079375,51.214182433097434,51.811192794112785,34159400
2022-01-13,51.43461227416992,52.51841331310061,51.21417667993618,51.985696004196924,34037300
2022-01-14,53.32667922973633,54.07064200897024,51.792823597833106,52.215321411188825,56739600
2022-01-18,52.06836700439453,53.372603840209784,51.90304115895731,53.01439900966429,41689600
2022-01-19,51.039669036865234,52.97765236260489,50.94782291393269,52.4541217537384,34970200
2022-01-20,50.51613998413086,51.783636841133756,50.43347706946317,51.177443301472394,26972800
2022-01-21,49.29457473754883,50.51614874348829,48.798600667247285,50.05691102763839,38357600
2022-01-24,48.97309875488281,49.1292413651811,47.00756233244328,48.43119823156215,48451400
2022-01-25,49.22109603881836,49.34968203216863,47.34740541190016,48.37609686240787,40858700
2022-01-26,49.72625732421875,50.44266701112593,49.074140634664495,49.51500840381549,39687100
2022-01-27,49.37723922729492,50.98457128357505,48.89044835429309,50.14875875445762,34209200
2022-01-28,49.77218246459961,49.79973911011596,48.467949031212726,49.23946853526175,35519700
2022-01-31,49.413970947265625,49.64358977462625,48.70674453855027,49.4323408738991,34657500
2022-02-01,51.067222595214844,51.26010506089589,49.58848038302704,50.258966896352014,35870200
2022-02-02,51.370330810546875,51.48054688053074,50.47940852693762,50.76413717007709,29037100
2022-02-03,50.89979934692383,51.93311304931793,50.49385694062127,51.51794267955574,25227400
2022-02-04,51.97001647949219,52.625061090197775,51.17658057607448,51.702461857281705,33622100
2022-02-07,52.89262008666992,53.40927344739104,51.582527237476256,52.04382689208414,37480100
2022-02-08,54.20270538330078,54.41490278629874,53.32623540087494,53.51075595287567,39099600
2022-02-09,54.48870849609375,54.783939950287404,53.82443596443976,54.156572230266754,25883100
2022-02-10,54.47948455810547,55.63273361106891,54.24883474751278,54.940784179290844,36092000
2022-02-11,53.7967643737793,55.57738123561361,53.42772326024716,53.990509374637064,38650500
2022-02-14,53.37236022949219,54.110442376239554,52.75422047894325,53.98127553695321,32680500
2022-02-15,53.86134338378906,54.728585382541176,53.59378876564839,54.54406483487738,18224600
2022-02-16,53.639915466308594,54.322640404295996,53.095581812332696,53.42771807841108,22057200
2022-02-17,51.803951263427734,53.077135742804465,51.44413458593052,52.72655054847944,24946500
2022-02-18,51.32419967651367,52.329833047082055,51.08432188934856,51.80395173140691,22137900
2022-02-22,51.001285552978516,51.77626906587116,50.4661798166252,51.268840180873596,26887800
2022-02-23,49.77423858642578,51.684019072560396,49.59894244709645,51.52717534365717,21860700
2022-02-24,48.63020706176758,48.74092150903806,46.757331655070345,47.753737044446105,40917600
2022-02-25,49.92184066772461,50.22629655771602,48.98078911054272,49.05459521258082,27493500
2022-02-28,49.23912811279297,49.26680848751583,48.16891296869219,48.55640653987623,31094800
2022-03-01,46.397518157958984,48.63943466682164,46.13918796900272,48.381104477865385,54135500
2022-03-02,48.17813491821289,48.73169307143383,47.05256268463514,47.34779416894457,34894300
2022-03-03,47.27399444580078,48.49182536300395,46.997211812351296,48.29807681570183,24159700
2022-03-04,45.01362228393555,46.18532385871469,44.45083612791814,46.16687144972953,35871600
2022-03-07,42.26427459716797,44.819875044049034,42.227369781029466,44.819875044049034,56332500
2022-03-08,42.86396408081055,44.46928846557312,42.762477591273516,43.0669370598846,60018100
2022-03-09,45.354984283447266,45.89931804526407,44.60767753671792,45.013623506543006,34560200
2022-03-10,45.216590881347656,45.733247764765004,44.14637581668372,44.52464139507088,26178800
2022-03-11,44.718387603759766,46.12996335624093,44.681482788409916,45.82550390876003,23707100
2022-03-14,46.00080108642578,46.48055313876472,45.484144217883,45.81628052484358,28166600
2022-03-15,46.2314453125,46.71119730676779,45.51181908081659,46.27757456745263,25080600
2022-03-16,47.60612487792969,48.17813900683023,46.80346443181081,47.09869594117493,34672800
2022-03-17,47.49541091918945,47.504638882953245,46.34216180930402,47.07101609141649,29930300
2022-03-18,47.4400520324707,47.55076647713455,46.166867593768146,46.914170738346414,60963400
2022-03-21,47.18172073364258,47.79063604174773,46.69274430242623,47.66147272176126,23411500
2022-03-22,49.257572174072266,50.00487881505559,48.25193887570857,48.35342535380421,28625600
2022-03-23,47.16327667236328,48.94389365735262,47.14482426346674,48.67633900750845,27988700
2022-03-24,47.357017517089844,47.809089143626025,46.969524032050835,47.70760267089113,19677800
2022-03-25,48.4918212890625,48.51949814230728,47.43083066847612,47.48618789440277,19130900
2022-03-28,47.79986572265625,48.07664477821107,46.84958615535463,48.00283515303025,24115400
2022-03-29,47.60612487792969,49.17454447107484,47.53231876030726,48.95312259877035,20915000
2022-03-30,46.2314453125,47.67992573851926,45.936213857479295,47.54153445422481,30913800
2022-03-31,44.70915222167969,46.52667360255673,44.68147537447813,45.8993059234551,31238500
2022-04-01,44.9398078918457,45.640985281325,44.12792309904631,45.43801232340677,29989900
2022-04-04,44.70915222167969,44.89367274837481,43.92494438252081,44.699927779091276,23778300
2022-04-05,44.395477294921875,45.11510714156141,44.07256894795588,44.20173228674228,21757300
2022-04-06,44.18327713012695,44.35857323852214,43.73120547249442,43.99875657786525,26001200
2022-04-07,44.044883728027344,44.56153698502474,42.97466888497171,44.43237367077539,29486500
2022-04-08,44.9582633972168,45.10587914421128,44.22018466224437,44.284766331589644,23659800
2022-04-11,45.51182174682617,46.30525412902447,45.13355268352116,45.15200509047043,27041000
2022-04-12,44.67225646972656,46.03770653245286,44.284766452596116,45.834733559991946,25791900
2022-04-13,44.7829704284668,44.85677654163735,43.77733706052936,43.86037113749436,20645300
2022-04-14,42.76247787475586,44.118700026764756,41.54464703111255,42.338083024275925,65583200
2022-04-18,43.519004821777344,43.897273891968474,42.577956686290506,42.642538352070254,26120900
2022-04-19,44.12792205810547,44.46005481854133,43.666622451490625,43.72197615184492,19753300
2022-04-20,44.88445281982422,45.54872185552148,44.57999339224228,44.72760912455686,25893000
2022-04-21,44.081790924072266,45.65943831223897,43.915722777949455,45.345754427277754,19027600
2022-04-22,42.75325393676758,44.21095907682994,42.67944429958102,43.99876164907441,21676800
2022-04-25,42.28273010253906,42.411893449048335,41.08334812623929,42.21814490984719,30045500
2022-04-26,41.129478454589844,42.439567770344624,41.1110260462703,41.66458421810868,21527400
2022-04-27,41.129478454589844,41.692261070869485,40.723532510433806,40.97263474359219,19520900
2022-04-28,41.67380905151367,41.8029759109561,40.88037660298968,41.55387367547272,17431000
2022-04-29,40.25300979614258,41.88601103431137,40.14229534243012,41.55387471204828,27149400
2022-05-02,40.28990936279297,40.63127363457752,39.311956366429115,40.474429924945184,25009300
2022-05-03,40.741981506347656,41.18482871061443,40.280681895306834,40.50210725715859,21545300
2022-05-04,42.421112060546875,42.5595033524545,40.760434154839125,40.88037303986329,29468000
2022-05-05,41.521297454833984,41.799593174595024,40.30608743840934,41.7439333229074,29978600
2022-05-06,41.32649612426758,41.63262002158827,40.3710249393163,41.382155979783334,27035300
2022-05-09,40.77918243408203,41.31721703310992,40.10200351848541,40.788460845059454,27132700
2022-05-10,39.96286392211914,41.47491953175502,39.13725864278328,41.1780740416009,25276100
2022-05-11,39.4897575378418,41.28938347022813,39.41554794676569,39.9906855476435,25291600
2022-05-12,38.784751892089844,39.34133623052722,37.9591467179708,39.17436022126062,30171700
2022-05-13,39.5546989440918,40.06490191202832,39.22074688109992,39.37844803914715,21253200
2022-05-16,39.15580749511719,39.582522396567335,38.68271115458367,39.33206191778175,16837400
2022-05-17,40.547271728515625,40.649313017274466,39.85153952917111,39.879371223445226,23340500
2022-05-18,39.063045501708984,40.17621775830749,38.85896291870743,40.15766447451852,27351300
2022-05-19,38.96100616455078,39.24857676968913,38.562119389771915,38.682713971110864,25211900
2022-05-20,38.65487289428711,39.693835354396974,37.79216836557966,39.43409297003132,35410400
2022-05-23,40.64931106567383,41.11313250963512,39.63818017629113,39.63818017629113,27979100
2022-05-24,40.15766906738281,40.602937313212486,39.554699660649064,40.52872416956881,23996000
2022-05-25,40.927608489990234,41.24300725400964,39.91647747051718,39.972137324877274,22343900
2022-05-26,42.300514221191406,42.448936941527364,41.51201918290855,41.58623231241492,23502500
2022-05-27,42.56953811645508,42.717960859833305,42.16137645683429,42.3932872145301,19482600
2022-05-31,42.45821762084961,42.92203908901881,41.74393213522781,42.059330875129945,40727400
2022-06-01,41.892356872558594,42.736511843563235,41.18734976414871,42.63447054948403,20417900
2022-06-02,42.05005645751953,42.14281933668573,41.289385985913235,41.85524874938729,14633300
2022-06-03,41.57695770263672,42.05005759979618,41.3821535278897,41.58623611401159,12572400
2022-06-06,41.85525131225586,42.56953684933897,41.70682857329555,42.05933390533024,11867200
2022-06-07,42.179927825927734,42.2448625520385,41.40070757392138,41.52129861459727,13281600
2022-06-08,41.40071105957031,41.808872735013345,41.02965241740212,41.63262182625606,12364400
2022-06-09,39.582523345947266,41.40070623424607,39.55469518956519,41.35432479405026,20142400
2022-06-10,37.179927825927734,38.44151915317018,37.12426797995717,38.06118571906308,27619300
2022-06-13,36.16880416870117,36.808876600908654,35.96472156480426,36.15952575651818,27553800
2022-06-14,34.7216796875,36.456371202313896,34.3320677659063,35.96472151758313,36817600
2022-06-15,35.40812683105469,35.86267339670524,34.62891021338529,35.25042924091019,31358100
2022-06-16,34.92576217651367,34.99997178024959,33.896077826932,34.6567448432815,37991500
2022-06-17,35.69570541381836,36.1502520815653,34.78661561700201,35.092739532996845,59114300
2022-06-21,36.16880416870117,37.0500622375053,36.05748445456972,36.97585263342842,24884700
2022-06-22,35.8070182800293,36.2430116211336,35.53800450020908,35.61221409988035,18631700
2022-06-23,35.157676696777344,35.58439169523612,34.46194433632933,35.306099458792474,23143800
2022-06-24,37.81071853637695,38.126117226298746,35.72352226036769,35.88122337466679,39407700
2022-06-27,37.32836151123047,38.024093866241884,37.012962702078184,37.884945979768496,16996800
2022-06-28,37.27269744873047,38.55284582852424,37.17993456065328,38.00553629604321,18136600
2022-06-29,36.836700439453125,37.59736737007751,36.68827771003073,37.356181761769996,15778700
2022-06-30,36.33576965332031,36.83669765424985,35.51016806216425,36.24300678144894,20425700
2022-07-01,37.03150939941406,37.17993568671668,35.677151375874764,35.918340554064066,15333900
2022-07-05,37.19847869873047,37.21703198128401,35.72352635315397,36.17807292902361,19144500
2022-07-06,36.64189910888672,37.13354877467986,36.10386446138101,36.74394040677072,17014100
2022-07-07,37.217037200927734,37.560267668290614,36.85525698708656,37.30052521478934,21060400
2022-07-08,37.27269744873047,37.75507225182199,36.975851960470656,37.384013622158555,14437500
2022-07-11,36.910911560058594,37.114990590209,36.40070867666737,36.7995918650564,13111600
2022-07-12,36.73465347290039,37.541705256931344,36.187344079228616,36.25228233082575,15127300
2022-07-13,36.243003845214844,36.502742696353266,35.630759739905386,36.252282254856325,14116800
2022-07-14,35.93689727783203,35.946172152336985,34.721683474370955,35.33392781335397,24355300
2022-07-15,38.15395736694336,38.78475488650137,36.391434261352956,36.54913541058105,40328300
2022-07-18,38.20961380004883,39.693844719525025,38.051916189010214,38.89607117534162,17991300
2022-07-19,39.7958869934082,39.9535846083221,38.729096104402835,38.849690687892895,25724200
2022-07-20,39.628910064697266,39.916477129742994,39.294958018742165,39.461934041719715,19111200
2022-07-21,40.14838409423828,40.231872097855494,39.22074118234792,39.40627047246137,17809000
2022-07-22,40.046348571777344,40.380300634313265,39.60108033462191,40.046348571777344,15965400
2022-07-25,40.35247039794922,40.732803885440276,40.08345307934703,40.38029855550214,20297900
2022-07-26,39.7958869934082,40.51944741699396,39.71239898001928,39.99069117842325,15446700
2022-07-27,40.547271728515625,40.78846087261415,39.60107551276585,39.870092812461536,19498400
2022-07-28,40.185489654541016,40.658589509427024,39.61962692625768,40.39884709429629,14527300
2022-07-29,40.695701599121094,41.140969860214376,40.17622373051773,40.17622373051773,17512700
2022-08-01,40.38957977294922,40.96471748061915,40.03707441852299,40.29681334353313,13668300
2022-08-02,39.7773323059082,40.38957653628163,39.75877902151177,40.34319509462915,17764000
2022-08-03,40.71425247192383,41.345050022411876,40.120561492329756,40.25043095178129,17359500
2022-08-04,39.94834899902344,40.72358982369181,39.82692444948569,40.630188516682146,15062800
2022-08-05,40.87303161621094,41.37740719527194,39.724178505926155,39.77088271967833,16021000
2022-08-08,40.34063720703125,41.27466449320218,40.284597850201045,41.06918091310588,12879700
2022-08-09,40.53678894042969,40.90105904156432,40.153837864489226,40.36866373020884,10489500
2022-08-10,41.405433654785156,41.751022772621916,41.13456487130402,41.13456487130402,14037600
2022-08-11,42.26473617553711,42.60098658038885,41.92848577068537,42.03122934583801,14038800
2022-08-12,42.90921401977539,42.92789499383567,42.20869352615654,42.516924253603946,10706000
2022-08-15,42.731746673583984,42.7971282960202,41.94716364131825,42.414177266166156,11070300
2022-08-16,43.021297454833984,43.26414297795469,42.35813538344299,42.57296479158948,12234100
2022-08-17,43.09601974487305,43.25480624120256,42.544943486490816,42.70372998282033,13151700
2022-08-18,43.09601974487305,43.15206266646548,42.74108836751717,43.09601974487305,7885900
2022-08-19,42.35813903808594,42.98393921744252,42.068592838963696,42.8718569327188,13142900
2022-08-22,41.48015213012695,41.78838284848771,41.20928335878533,41.65761603392075,12391400
2022-08-23,41.44279098510742,41.993867243694176,41.35872838420329,41.52685358601155,10475100
2022-08-24,41.694976806640625,41.75101972559092,41.11588089627931,41.4054306329756,11706700
2022-08-25,42.39550018310547,42.51692473435453,41.49883479626205,41.835085207086216,11783200
2022-08-26,41.069183349609375,42.70373119738101,41.041160106500406,42.57296793964432,13405200
2022-08-29,41.022483825683594,41.39609623027651,40.704917913721154,40.9104015295185,12504900
2022-08-30,41.227962493896484,41.50816995798245,40.67688627054721,41.34004476692463,14365000
2022-08-31,40.82632827758789,41.64827321568017,40.732926982295346,41.35872349942365,22609100
2022-09-01,40.816986083984375,40.85434802411988,39.97636024608924,40.77962414384888,13173000
2022-09-02,40.518104553222656,41.844421585450675,40.32195611579671,41.377407943731285,13025900
2022-09-06,40.05109405517578,40.98512141192781,39.56539940210094,40.826334908503526,14708700
2022-09-07,40.947757720947266,41.01313934809658,39.462654144354445,39.73352292141958,19475800
2022-09-08,42.24605178833008,42.274071465460054,40.48074086851811,40.742267356481015,18500300
2022-09-09,42.33945846557617,42.78779113403169,42.26473457265126,42.50758009859458,12875500
2022-09-12,42.52626037597656,43.096017579596584,42.27407258602846,42.6663658914026,12127900
2022-09-13,40.36865997314453,41.59223342328106,40.2005347785709,41.424108228707425,21124900
2022-09-14,40.42469787597656,40.732928575957224,39.462650957305705,40.39667819889874,15067800
2022-09-15,41.227962493896484,41.741676771892635,40.49008010681282,40.536784320019834,13173200
2022-09-16,41.041160583496094,41.15324643117157,40.47140689145459,40.81699601420833,21238800
2022-09-19,41.396087646484375,41.66695640549595,40.54612298716245,40.564803959821646,11324100
2022-09-20,40.54612731933594,41.368072389005846,40.24723885091626,40.99446002196545,19503900
2022-09-21,39.4813346862793,40.919737593889025,39.45331500724515,40.77963207265547,19207100
2022-09-22,38.780818939208984,39.705504090503844,38.70609503528964,39.68682667755586,15499000
2022-09-23,37.74404525756836,38.27644056465776,37.08088669091758,38.126996330440235,23316200
2022-09-26,37.37042999267578,37.86546687509762,36.744633423863725,37.49185453700921,21420000
2022-09-27,37.38911056518555,37.91216712029747,36.810014654082856,37.557235759220404,17541400
2022-09-28,38.11765670776367,38.35116354080136,37.26769197802774,37.26769197802774,16033500
2022-09-29,37.82810974121094,38.005573664712834,37.14627016603193,37.5105402823437,14811300
2022-09-30,37.56658172607422,38.42588519083226,37.529219776380835,37.958871508759856,21182200
2022-10-03,38.83685302734375,39.04233659028735,37.958865171292885,38.56598428183737,16827600
2022-10-04,40.66755676269531,40.714257423432464,39.37859786076423,39.37859786076423,18601300
2022-10-05,40.452720642089844,40.66754647757533,39.75220021910326,40.004387998942164,15873400
2022-10-06,39.453311920166016,40.29393429269746,39.42528868029317,40.04174651202868,15634800
2022-10-07,39.032997131347656,39.34122425131988,38.65938483007669,39.25716166168546,17186700
2022-10-10,38.71543502807617,39.331892947031626,38.43522753092035,39.17310644205662,10973700
2022-10-11,37.57592010498047,38.59401006555973,37.41713716471283,38.50060875517072,19135900
2022-10-12,37.83744812011719,38.50061027700611,37.32373376660855,37.58526385949231,16469900
2022-10-13,39.584083557128906,39.85494880444527,37.12759041385864,37.12759041385864,23808700
2022-10-14,40.32195281982422,41.96584269960015,40.2845944394442,40.91039095793966,33954200
2022-10-17,41.05984115600586,42.20869436069171,40.994459527017916,41.713661008916844,24507000
2022-10-18,41.722999572753906,42.3114377946762,40.9290777588674,42.1339738827454,24810400
2022-10-19,40.74226760864258,41.58289355805639,40.44337917396904,41.26532415083686,17876800
2022-10-20,40.77029037475586,41.498830480419656,40.630184863806136,40.798310051733345,17572700
2022-10-21,41.87244415283203,41.919144803646006,40.69556779934476,40.76094942309058,18632800
2022-10-24,42.21803665161133,42.52626382228341,41.87244753206034,41.9845298156655,16154300
2022-10-25,42.37681198120117,42.59163780413637,41.44278480511896,41.82573580479143,16362200
2022-10-26,42.6850471496582,43.16139949183464,42.4702213041252,42.647685203557344,15010800
2022-10-27,42.638343811035156,43.422926814544155,42.54493895167036,42.98393288310726,14655500
2022-10-28,43.29216384887695,43.422930663578924,42.47022239179571,42.881193120336334,14990400
2022-10-31,42.95591354370117,43.450946831608256,42.946571276175895,43.09601548930055,14000000
2022-11-01,43.85258102416992,43.95532459391993,43.208099927749416,43.506991932036385,22409100
2022-11-02,43.78719711303711,44.41299364077942,43.42292706697444,43.78719711303711,29246700
2022-11-03,42.80955505371094,43.429983231910555,42.687348471132175,43.429983231910555,17140100
2022-11-04,43.93760681152344,44.097412383572426,43.14797063050828,43.552189365193364,27082500
2022-11-07,44.24781799316406,44.952850151864546,44.00340842264532,44.30422185681254,17713300
2022-11-08,44.35123062133789,44.62384396177361,43.91881168642718,44.41703334682519,14842700
2022-11-09,43.213775634765625,44.18201872744955,43.194974345415154,43.994009419924126,18318700
2022-11-10,45.0750617980957,45.22546853209018,44.11621752413859,44.20082153613421,23091900
2022-11-11,44.699039459228516,45.46047550397497,44.49223245839224,45.21606234028786,18076600
2022-11-14,44.059810638427734,44.71784139935626,44.059810638427734,44.37002652317172,13929900
2022-11-15,43.90940475463867,44.661438387522445,43.467587012432766,44.53923538753955,19076000
2022-11-16,43.43938446044922,44.041011383024355,43.270176440227544,43.87180336280268,14713300
2022-11-17,43.23257827758789,43.40178271508081,42.74375549711003,42.97876624237942,11350900
2022-11-18,43.71199035644531,43.96580234367115,43.21376881817536,43.91880092069867,10515300
2022-11-21,44.0316162109375,44.26662697133192,43.59919727244688,43.59919727244688,11656800
2022-11-22,44.28542709350586,44.55804042900249,44.097417772957165,44.30422838415868,11684900
2022-11-23,44.49223709106445,44.65204268044009,44.1726223263337,44.294825334922315,10878500
2022-11-25,44.59563446044922,44.78364376007085,44.200818158625005,44.52043289218804,4913300
2022-11-28,44.1632194519043,44.88705298799686,44.10681558128092,44.29482489737941,12492600
2022-11-29,44.71784210205078,44.793047258072,44.21962049433746,44.35122593139538,13344900
2022-11-30,45.0750617980957,45.0750617980957,43.373582706174844,44.482833714126436,26417000
2022-12-01,44.059810638427734,45.29126815407999,43.674393184823465,45.056257424175456,15980300
2022-12-02,43.185569763183594,43.73079636933382,42.1891265789463,43.60858978761409,29820400
2022-12-05,41.042274475097656,43.129170942197625,41.00467189699261,42.95996292670416,32574600
2022-12-06,40.79786682128906,41.22088329407476,40.1022334373221,41.06107770852984,25961400
2022-12-07,39.904823303222656,40.741460941516955,39.895420865725406,40.50645020779477,24114900
2022-12-08,40.02702713012695,40.31843812483141,39.58520583366669,40.149230121335094,17161400
2022-12-09,39.95182800292969,40.34664434662965,39.78261997392127,39.79202241218813,16023700
2022-12-12,40.290245056152344,40.356047781727725,39.585212779862175,40.04583185888985,18428900
2022-12-13,40.064632415771484,41.43709794714537,39.58521205451,41.24908862638379,31496000
2022-12-14,39.6510124206543,40.63805681347419,39.434802969730264,40.03642989160223,22044400
2022-12-15,38.88957595825195,39.209190705684136,38.55115992144384,38.936577388702126,16766600
2022-12-16,38.720367431640625,38.96478060434045,38.40075268840341,38.56996070458659,29836200
2022-12-19,39.31259536743164,39.397199375263156,38.64516574230482,38.86137518765664,17454200
2022-12-20,38.52296447753906,40.00823424552513,38.51356562469473,38.814379119429674,25415400
2022-12-21,38.654563903808594,39.1433866530001,38.466554602430456,38.8801757826582,20170800
2022-12-22,38.240943908691406,38.29734777135741,37.620515763281084,38.26914404703494,17382700
2022-12-23,38.52296447753906,38.541765769207466,38.024742799255506,38.250351127316854,10167500
2022-12-27,38.57936477661133,38.67336764026045,38.175146008157206,38.551161048733086,10297400
2022-12-28,38.654563903808594,38.89897707139393,38.41015432220242,38.485355891166186,11889400
2022-12-29,38.85197448730469,38.917777202933564,38.59816247588802,38.682766479693576,11597100
2022-12-30,38.81437301635742,38.945978451363196,38.53236085763374,38.64516500392738,10021500
2023-01-03,39.284393310546875,39.61340688829857,38.964778583882776,39.1151853031377,15944300
2023-01-04,40.092830657958984,40.478248099084006,39.69801077979388,39.72621091895602,18943600
2023-01-05,39.876625061035156,40.07403682985649,39.416005967738016,40.02703539384368,12380700
2023-01-06,40.23383712768555,40.421846432941585,39.575806352279024,40.03642897085736,15247000
2023-01-09,39.848419189453125,40.544052534794595,39.6322097460849,40.53465009735556,21225600
2023-01-10,39.820220947265625,40.30904372400016,39.500606192707636,40.11163197414128,18348800
2023-01-11,40.177433013916016,40.262037013912206,39.50060101394649,39.839017013931254,18272100
2023-01-12,40.26203536987305,40.93886375622642,40.23383164704004,40.46884235010217,20940400
2023-01-13,41.56869888305664,41.70030431750839,38.03413551159663,38.89897685881822,41649700
2023-01-17,41.474693298339844,41.70970403214772,40.59105423017475,41.21148242398837,25473900
2023-01-18,40.7790641784668,41.93531657674548,40.70385902119049,41.32428722480294,20278000
2023-01-19,40.374847412109375,40.60985816120666,39.970628636783694,40.33724483161875,18565300
2023-01-20,41.28668975830078,41.30549104994784,40.19623994462926,40.49705702500252,23237200
2023-01-23,42.33012771606445,42.47113557571774,41.23967817081273,41.30548088238991,19692000
2023-01-24,41.784908294677734,42.48994048102445,41.70970314019743,42.21732717500206,13697200
2023-01-25,42.621551513671875,42.69675309205067,41.39009384215007,41.408895133239675,17285300
2023-01-26,43.06336975097656,43.14797376172423,42.45234038602347,42.80015528088418,16724600
2023-01-27,43.35477828979492,43.58978901883801,43.063367280808144,43.063367280808144,18161800
2023-01-30,43.514591217041016,43.8530072699143,43.06337100853645,43.157373873899274,19427400
2023-01-31,44.059810638427734,44.06921307577225,43.29837816856371,43.54278774983359,22840400
2023-02-01,44.49223709106445,44.93405486438382,43.68379953404082,43.86240641380997,21874600
2023-02-02,44.68144226074219,45.00309581428317,43.92461143148518,44.76658595458698,19058000
2023-02-03,45.01255798339844,45.44773525673392,44.416552129745206,44.463853379654886,17346900
2023-02-06,45.107154846191406,45.182836114818215,44.60575516387132,44.709816457126486,15948900
2023-02-07,45.532875061035156,45.79776492498766,44.79496191182589,44.88010559793258,21764800
2023-02-08,45.646400451660156,45.98697520861248,45.040935821013306,45.12607951025139,18070500
2023-02-09,45.003089904785156,46.00589287740324,44.92740863622443,45.85452673142821,17362100
2023-02-10,44.94633102416992,45.135539628963514,44.44493128899278,44.851728526200105,18929000
2023-02-13,45.532875061035156,45.55179628115373,44.58683570822909,44.78550310619347,16451700
2023-02-14,45.882911682128906,46.20456522796603,45.17338212003413,45.343669503645195,16844400
2023-02-15,45.38151550292969,45.655864212377814,45.12608440749515,45.334210641332945,12854000
2023-02-16,44.67198181152344,45.23014520423522,44.643598175382884,45.03147418666708,12631700
2023-02-17,44.92741012573242,45.003091396802255,44.482770478315885,44.548992943822135,13463800
2023-02-21,43.7448616027832,44.5300723951316,43.48943054247119,44.5300723951316,13652700
2023-02-22,43.52726745605469,43.73539726095672,43.22453516284461,43.4705074066113,13402900
2023-02-23,43.75432205200195,43.93406823800115,43.31914479609617,43.631335920079394,14783600
2023-02-24,44.10435104370117,44.236795967948815,43.23399662215752,43.366441546405156,16040300
2023-02-27,44.25572204589844,44.87064910039502,44.19896199147679,44.40708820577936,15468200
2023-02-28,44.24626159667969,44.49223024403184,44.028672975484454,44.15165549473364,18627200
2023-03-01,44.1611213684082,44.388168813155325,43.75432412031104,43.99083398042083,13382200
2023-03-02,43.3286018371582,44.104353821339025,42.93126703939162,43.952987668544075,19115000
2023-03-03,44.32194137573242,44.444927499690756,43.4326657005309,43.53673060473766,14947200
2023-03-06,44.11381530761719,44.63413622134776,44.00028798876953,44.35032514193596,14236000
2023-03-07,42.051448822021484,43.773240109071494,41.73925411174963,43.69755523063457,24056800
2023-03-08,41.474369049072266,42.15551859832611,41.24731799636963,41.87170388023431,14852000
2023-03-09,38.91060256958008,41.18109502478414,38.626791463786326,41.09595133216062,33599800
2023-03-10,39.1281852722168,40.07422455400597,37.58614023242148,38.39027578725435,55435400
2023-03-13,36.337371826171875,38.36189548767549,36.14816323160484,37.65236596468943,78806900
2023-03-14,38.00239944458008,39.35523602113669,37.24556867664548,39.26063352846503,52855100
2023-03-15,36.753631591796875,36.87661773212401,36.02518438310433,36.23331061036471,47324600
2023-03-16,37.179351806640625,37.89834385104923,36.09140854173252,36.54550707084908,40388800
2023-03-17,35.722450256347656,36.66848976493462,35.50486160243518,36.66848976493462,47403800
2023-03-20,35.45756149291992,36.37522100069366,35.42918146157993,36.063026220535995,34283700
2023-03-21,36.403594970703125,36.85769344080614,36.290071255390835,36.517118686015415,34664700
2023-03-22,35.19267272949219,36.62119089244723,35.183210312832635,36.62119089244723,22994400
2023-03-23,34.63450241088867,35.60892182115995,34.5398963072167,35.46701807893277,30239900
2023-03-24,34.27500534057617,34.51151517892587,33.34788720730779,34.0574167223569,35694800
2023-03-27,35.448097229003906,35.65622344155165,34.965615117364464,35.022378780161425,27454600
2023-03-28,35.173744201660156,35.561620200509616,34.88047069663591,35.344031577628584,15270000
2023-03-29,35.92111587524414,35.95895470714831,35.28726762353679,35.57107871151382,20789100
2023-03-30,35.36295700073242,36.4225202146803,35.16428596592313,36.23331159569033,22340400
2023-03-31,35.36295700073242,35.90219921909857,35.296734525414074,35.69406937732418,30287900
2023-04-03,35.684608459472656,36.10086450954399,35.381876130538224,35.49539985167513,21541000
2023-04-04,34.82371520996094,35.76029229173727,34.42637674431773,35.6656897855078,21942700
2023-04-05,34.899391174316406,35.012914886261,34.312847785606664,34.530436403856186,15486900
2023-04-06,35.854896545410156,36.044101548046505,35.06022326423358,35.10752451489267,23484900
2023-04-10,36.54549789428711,36.621179159042505,35.58053740889531,35.665681087278514,27005800
2023-04-11,37.245574951171875,37.406403546431996,36.62118901133276,36.67795268181064,25116100
2023-04-12,37.075279235839844,37.69966503568366,36.79146816479331,37.29286784393731,20252900
2023-04-13,37.519920349121094,37.53884156911923,36.93337696459371,37.1982668268602,22397800
2023-04-14,37.500999450683594,38.32405267896456,37.00905855307493,37.605064357138815,40963100
2023-04-17,39.0714225769043,39.0714225769043,37.42531620707065,37.6807472524973,31445100
2023-04-18,39.61067199707031,39.79042180784602,38.9200636100824,38.98628608494054,27892300
2023-04-19,39.9607048034668,40.12152976502963,39.534986362780145,39.7052737390548,23310500
2023-04-20,39.42146301269531,39.78095902204848,39.21333678315753,39.610671628610355,19265500
2023-04-21,39.01466751098633,39.16603367477219,38.04024444831421,38.98628387418935,23975300
2023-04-24,39.21333312988281,39.35523687195812,38.825457127377476,38.9106008161642,17327800
2023-04-25,38.36189651489258,38.84437862440064,38.21053035695657,38.503803866831156,20728000
2023-04-26,37.33070755004883,38.26728798568914,37.12258137123688,38.0686206113832,26915600
2023-04-27,37.519920349121094,37.6334440602562,37.1982668268602,37.396934223560066,21695800
2023-04-28,37.605064392089844,37.76588935032194,36.85769243490203,37.13204471420192,20189300
2023-05-01,38.21052932739258,38.95790129093762,38.021320732857234,38.30513542908714,26564300
2023-05-02,36.74416732788086,37.85103159987228,36.252226448489026,37.85103159987228,36239500
2023-05-03,36.56441879272461,37.52937566081894,36.52657635625136,36.92391111266039,25202700
2023-05-04,35.01031494140625,36.3069938113968,34.705214458712554,35.92561638948735,53247000
2023-05-05,36.17351531982422,36.49768509245364,35.591919926272716,35.71586451795068,27036200
2023-05-08,36.59302520751953,36.974398993889224,36.37373446201291,36.64069647618016,22735400
2023-05-09,36.74557876586914,36.869523348156164,36.011429523565646,36.17351257905714,18999100
2023-05-10,36.4976806640625,37.403449357428606,36.135376096383915,37.37484732237104,17941600
2023-05-11,36.54536056518555,36.68837439709839,35.66819378702839,36.001896365243695,18536200
2023-05-12,35.74446487426758,36.73603964555687,35.44889718415089,36.66929914086676,17654400
2023-05-15,36.964866638183594,37.27949992478379,35.71585901662596,35.849340025309964,24405800
2023-05-16,36.60255813598633,36.964866325842024,36.53581763220826,36.87905658711527,21821200
2023-05-17,38.5761833190918,38.719200780569416,37.07928274052258,37.174628927202704,29241600
2023-05-18,38.33781814575195,38.442697118435355,37.727617181504506,38.442697118435355,27213900
2023-05-19,38.16619873046875,38.57617818592626,37.7752885098098,38.452233615362566,19769800
2023-05-22,39.07196807861328,39.31032806223373,38.232939917885595,38.3282860935846,27519400
2023-05-23,39.291259765625,40.15888998124469,39.07196901190627,39.10057104675681,26116600
2023-05-24,38.96708679199219,39.36753343200032,38.7859345245388,38.98615602600062,21193700
2023-05-25,38.99570083618164,39.36754188649068,38.633392586381824,38.728735139815065,17691800
2023-05-26,39.310325622558594,39.586824059298614,38.862207717296116,38.9956923549904,17399400
2023-05-30,39.07196807861328,39.49148034043477,38.4617671024785,39.319864498345986,14752600
2023-05-31,37.95644760131836,38.58571785404392,37.47019116593477,38.41409836356559,27221100
2023-06-01,38.19480895996094,38.64292330141574,37.83250072971411,38.33782278239265,17079400
2023-06-02,39.31986618041992,39.61543024501906,38.49990721975482,38.7287307770519,16905100
2023-06-05,38.56664276123047,39.24358418360852,38.55710632593816,39.24358418360852,18443900
2023-06-06,39.338932037353516,39.682171012635656,38.385492055829744,38.518976708394376,18825100
2023-06-07,40.1112174987793,40.177958002803784,39.08150426734107,39.520085761526154,17781800
2023-06-08,40.397247314453125,40.42585298450766,39.62496332758734,39.7584443308933,17157300
2023-06-09,40.16842269897461,40.492592399914926,40.07307652982483,40.359111400189704,11098900
2023-06-12,39.88239669799805,40.769092546370544,39.48195000920198,40.14935873247214,19433400
2023-06-13,40.66421890258789,41.3220912166593,39.596363445868235,39.73938090579402,18864000
2023-06-14,40.120758056640625,40.98838833517966,40.034948308781374,40.75956112852664,14826100
2023-06-15,40.387718200683594,40.44492227184268,39.682171014014145,39.872859737742495,14188200
2023-06-16,40.216094970703125,40.75002262004058,40.10168320194672,40.597472382670524,36421600
2023-06-20,39.93959426879883,40.17795422851912,39.41520308483105,40.15888499529137,16679600
2023-06-21,39.710777282714844,40.0063413536994,39.59636186450958,39.90146237222039,11686500
2023-06-22,39.14824295043945,39.6917033934089,39.014758311514655,39.61542645688044,11504400
2023-06-23,38.719200134277344,38.84314835635002,38.423632416130204,38.64292318620644,18952000
2023-06-26,38.700130462646484,39.30079869216143,38.576182241965775,38.88128275665289,13618500
2023-06-27,39.00522994995117,39.14824740366843,38.46176944516149,38.72873147920977,11749600
2023-06-28,38.728729248046875,39.03382973712091,38.49990569978371,39.01476050191819,13959600
2023-06-29,40.47352981567383,40.53073388947757,39.4438128421859,39.548691826939496,23956300
2023-06-30,40.69281768798828,41.20767613807681,40.6356099811724,40.95024691303255,20059500
2023-07-03,41.379295349121094,41.56998042974953,40.750025126626845,40.88350613790066,9249100
2023-07-05,41.45556640625,41.589047410286526,40.77862495030216,41.217206431303474,15722200
2023-07-06,40.89303970336914,41.2934863817791,40.27330590554435,41.207676639054455,14978600
2023-07-07,40.778621673583984,41.407891811395174,40.607002214446,40.607002214446,13505400
2023-07-10,40.349578857421875,40.98838552255807,40.31144038608259,40.72141986026788,16675800
2023-07-11,40.75002670288086,40.931178991318944,40.11122001939461,40.378182052268606,15402300
2023-07-12,41.24580764770508,41.808337322923386,41.00744767747841,41.293482551418016,13998300
2023-07-13,41.67485809326172,41.72252936191681,41.28394787095452,41.446034548883425,18034800
2023-07-14,41.53184509277344,43.200364987653835,41.283948671623754,42.66643731194161,30891300
2023-07-17,42.65690231323242,43.02874328869802,41.52230651548559,41.531842951160606,25173900
2023-07-18,43.47685623168945,43.572202400094774,42.52341637014289,42.68550303788972,24188900
2023-07-19,44.10612869262695,44.40169637445499,43.41965442976754,43.79149541320902,18932700
2023-07-20,44.93562698364258,45.040505962694304,44.058460316461186,44.21101056678601,18927200
2023-07-21,43.820098876953125,45.0118988048756,43.810566077847035,44.98329677047258,16206500
2023-07-24,44.25868225097656,44.64959613548368,43.82010073183649,43.829637168431,12053200
2023-07-25,43.362449645996094,44.46843987200869,43.31477837464168,44.23007987815179,13537400
2023-07-26,44.27775192260742,44.649596574667974,43.96311861650687,44.3158903951908,19520900
2023-07-27,43.638946533203125,44.97376026826612,43.457794253775326,44.39216495944484,19509600
2023-07-28,43.991722106933594,44.07753185454092,43.44826158444885,43.905912359326265,12616400
2023-07-31,44.01078796386719,44.50657717451281,43.72475670617138,44.182407445901624,11696600
2023-08-01,43.58174514770508,44.010793910765805,43.22897333678193,43.86777644405048,12699200
2023-08-02,43.00014114379883,43.06688165065697,42.48528632476243,43.00014114379883,13911700
2023-08-03,43.38450622558594,43.61511948057927,42.76952899269667,42.961709148878846,12145400
2023-08-04,43.09622573852539,43.912990326339504,42.96170075514047,43.33644997043586,10838300
2023-08-07,43.29801940917969,43.68237600337713,43.16349075240293,43.413326020885805,10860300
2023-08-08,42.74070358276367,42.80796608811791,41.68371821388437,42.26025502135824,14520000
2023-08-09,42.01041793823242,42.519692174356436,41.86628192227638,42.49086643737769,11973800
2023-08-10,41.96236801147461,42.654214987858055,41.91432389712153,42.279465764160676,11982200
2023-08-11,42.020023345947266,42.13532995404399,41.68371087836058,41.808624843160786,7316000
2023-08-14,42.029640197753906,42.192990943087004,41.578017393898776,41.827849023682184,10677000
2023-08-15,41.05913162231445,41.56840589968266,40.85734411605891,41.44349191897101,13835900
2023-08-16,40.56907272338867,41.05912858309672,40.492199203534994,40.991866085990345,10076700
2023-08-17,40.80929946899414,41.078349473864606,40.607508299809886,40.80929946899414,12686000
2023-08-18,40.83812713623047,41.1167881775935,40.40572270403465,40.453766826382726,10796400
2023-08-21,40.828514099121094,41.19365231060451,40.4729795790273,40.98225746856966,12600400
2023-08-22,39.87722396850586,40.90538342577666,39.80996147433159,40.79968417335108,13634800
2023-08-23,39.98292541503906,40.01175115254387,39.608176165351594,39.93488129735396,11927400
2023-08-24,39.809959411621094,40.5306320966026,39.771522655361345,39.829177789750965,10363300
2023-08-25,39.61777877807617,40.16548971826145,39.17576708345837,40.011746360762615,12534700
2023-08-28,40.24237060546875,40.42493973048184,39.67544118349695,39.79074780637198,10314500
2023-08-29,40.357669830322266,40.71320065724077,40.02135738128189,40.23275220687979,14404800
2023-08-30,39.91565704345703,40.48258634599065,39.84839455548954,40.41532385802316,12536300
2023-08-31,39.675437927246094,40.079012906952144,39.50247617436317,40.05018716998204,21534900
2023-09-01,40.0213623046875,40.34806743774528,39.88683364299093,39.925270403475665,12889200
2023-09-05,39.91565704345703,40.6267186778364,39.69465120220233,40.021356286129,14337200
2023-09-06,39.415992736816406,39.78113459868047,39.01241411780225,39.59856183498298,18775400
2023-09-07,38.84906768798828,39.41599708919524,38.72415004622233,39.137336067383224,13801000
2023-09-08,39.39678192138672,39.51208854944193,38.75298261041924,38.86828923847444,13921200
2023-09-11,39.71387481689453,40.0886240608572,39.598564537574354,39.76191893384569,15053800
2023-09-12,40.87656021118164,41.289746224041565,39.65622055291294,39.79074554955919,18393900
2023-09-13,40.597896575927734,41.20326268731392,40.472978944730045,41.03990829797371,15274200
2023-09-14,41.36661148071289,41.69331657861632,41.030299026487675,41.13599827368155,20764500
2023-09-15,41.27052307128906,41.616446545823955,40.943817974842865,41.00146944357813,47268300
2023-09-18,41.73175811767578,41.89510885258306,41.097566227361135,41.30896474597643,15849700
2023-09-19,41.52997589111328,42.02964284771551,41.222489097132176,41.84707004373617,15318100
2023-09-20,41.19365692138672,42.0104216412462,41.145612800343564,41.70293486793226,16788100
2023-09-21,40.6651611328125,41.481922124353964,40.636335395508816,41.07834713997757,14990500
2023-09-22,39.61777877807617,40.73241903632543,39.540908932092144,40.674767568220105,16780300
2023-09-25,39.934879302978516,39.99253077510899,39.17576981865828,39.281469071605535,10624000
2023-09-26,39.06046676635742,39.69465867626988,38.7818057405772,39.44482338918024,15219400
2023-09-27,39.26225280761719,39.588957940904734,38.87789253356199,39.04124693297138,11815500
2023-09-28,39.310298919677734,39.58895994922749,39.127729796282075,39.243036418135574,12454600
2023-09-29,39.26225280761719,39.771527055038774,38.99320281509729,39.588957940904734,13119100
2023-10-02,38.06113052368164,39.166159867603966,37.897776128604605,39.108508393896535,15102000
2023-10-03,37.15788650512695,37.926607063920365,36.96571003095988,37.840126184332675,19252900
2023-10-04,37.4461555480957,37.58068053545005,36.88883355416372,37.00414016253444,14343500
2023-10-05,37.76325225830078,37.878558874673885,37.090623609317056,37.24436698632494,11820600
2023-10-06,38.13800048828125,38.330180620772076,37.2443659879004,37.36928362384911,13973000
2023-10-09,38.14761734008789,38.24370558825048,37.57107685451726,37.58068787865254,12096600
2023-10-10,38.26292037963867,38.801024049225276,38.16683214049491,38.35900861878243,14429700
2023-10-11,38.13800048828125,38.63766736654493,37.71520712922636,38.445487234054106,14835900
2023-10-12,38.1860466003418,38.445485552496045,37.78246797320998,38.13799882017228,14878100
2023-10-13,39.35834503173828,40.01175536452663,38.8875074971162,39.23343104571375,28077900
2023-10-16,40.0213623046875,40.52102552886412,39.781138049954755,39.848400548037425,18419000
2023-10-17,40.33845901489258,40.7132082899453,39.80996635352255,39.80996635352255,16982300
2023-10-18,39.90605545043945,40.30002311541458,39.733093678935106,40.06940986376314,16053200
2023-10-19,39.569740295410156,40.569074094085074,39.55052191479741,39.85800867353873,16120300
2023-10-20,38.6953239440918,39.48325921761033,38.3782261638671,39.444822456577405,17485700
2023-10-23,37.936214447021484,38.80102324348214,37.87855930541368,38.685712960266535,13785800
2023-10-24,37.74403381347656,38.272530107473486,37.70560071843871,38.07073894725137,15097800
2023-10-25,37.503814697265625,37.6767764779958,37.07141391097193,37.54225146310161,13849000
2023-10-26,38.09957504272461,38.41666920928987,37.45577201946612,37.494208786786714,15480300
2023-10-27,37.24436569213867,37.868950201391165,37.10984070012272,37.84012446468235,13582800
2023-10-30,37.88816833496094,38.041911705627925,37.17710295466919,37.571070571099035,14141900
2023-10-31,38.21487808227539,38.25331484597823,37.705603792573164,38.08996043300694,11919200
2023-11-01,38.06113052368164,38.41666138515829,37.744032756166234,38.3974430054121,19850300
2023-11-02,39.2729606628418,39.30204707959163,38.18716269155542,38.52647710010136,19998500
2023-11-03,40.349063873291016,40.581736706128,39.81585976670907,39.91280462310243,16146100
2023-11-06,40.077613830566406,40.51387306457656,39.89341713096615,40.51387306457656,15148600
2023-11-07,39.78677749633789,39.941891487235125,39.49593922568173,39.922501776096816,13796900
2023-11-08,39.728607177734375,39.932193591299345,39.19540308106982,39.81585902614924,19418700
2023-11-09,39.16632080078125,40.11639443954733,39.04028952984221,40.038835596443555,14006500
2023-11-10,39.641357421875,39.699526556625216,39.12754300864751,39.38929856770944,14706600
2023-11-13,39.52501678466797,39.80616201216586,39.292343979584835,39.49593407086087,12159700
2023-11-14,40.795021057128906,41.08585933328068,40.19395109511132,40.23273051812072,20183800
2023-11-15,41.53181076049805,41.71600746874095,40.785323524656945,40.785323524656945,17268100
2023-11-16,41.23126983642578,41.6481393196452,40.70776250479494,41.512415059659105,16931200
2023-11-17,41.64814758300781,41.677234000353494,41.14402616145963,41.522120001277855,13893800
2023-11-20,41.48333740234375,41.63845138954891,41.21188515107784,41.55119954060793,10369100
2023-11-21,41.29914093017578,41.42517221246388,40.862885342164596,41.33792035521974,16078400
2023-11-22,41.47364044189453,41.52211656739187,41.105247035937,41.35730587676105,11862200
2023-11-24,41.60936737060547,41.79356778353803,41.42517065588228,41.49303279805448,5287200
2023-11-27,41.70631408691406,41.71600709327782,41.22158240812363,41.33791697553475,15715000
2023-11-28,42.045623779296875,42.1231826211927,41.48333696838865,41.65784066444513,15332900
2023-11-29,42.44310760498047,42.79211503003859,42.29769031001257,42.35585574871594,16746000
2023-11-30,43.22837448120117,43.383488482035375,42.152269482447224,42.47219418941061,23247500
2023-12-01,43.64523696899414,43.85852007235759,43.02478106634653,43.15080862905321,18114700
2023-12-04,43.742183685302734,43.9457737918496,43.160507176277825,43.3447038745536,13424000
2023-12-05,43.13142776489258,43.59676974740745,43.0538689187021,43.577380035859825,14531700
2023-12-06,43.141117095947266,43.868214575092445,43.0732549604171,43.43195534796353,18923800
2023-12-07,44.01363754272461,44.052413266062224,43.28654003066336,43.42226430786799,18787800
2023-12-08,44.692256927490234,44.92492974814311,43.74218333139162,43.974856152044495,20236400
2023-12-11,44.59531784057617,44.808600978892926,44.17844826925315,44.498372976728284,21116900
2023-12-12,45.050960540771484,45.332102085924134,44.41111491345028,44.53714247919805,19787100
2023-12-13,46.301570892333984,46.32096060434338,44.93462763045164,45.0800486214174,26549100
2023-12-14,48.96759033203125,49.006369752136955,46.96080156917419,46.96080156917419,41115400
2023-12-15,48.77370071411133,49.21965295148784,48.39560691472614,48.57011060730113,44098700
2023-12-18,48.1435546875,48.93851441913118,48.01752340374104,48.870652273617026,20531700
2023-12-19,48.56041717529297,48.78339329202483,47.80423697957543,48.1532406634542,20556400
2023-12-20,47.83332443237305,49.02576397378992,47.78485200188476,48.30836312686077,20481500
2023-12-21,47.939964294433594,48.308361409827455,47.6297363124838,48.104771291877874,11127700
2023-12-22,47.6782112121582,48.337446632518514,47.59095935657494,48.14355320919911,10448000
2023-12-26,48.12416076660156,48.153243484076086,47.53278752322466,47.65881879596299,8856600
2023-12-27,47.82362365722656,48.05629276505998,47.6491199772471,47.9011787937681,12536700
2023-12-28,47.96904373168945,48.13385441607242,47.59095363568189,47.639426061132525,9872600
2023-12-29,47.71698760986328,48.065995010059424,47.70729090529716,47.84301518354916,11731900
2024-01-02,47.82362365722656,48.24048945027884,47.32919533121517,47.552171433809185,14916000
2024-01-03,47.19347381591797,47.59095362163022,46.84446643564204,47.59095362163022,21653600
2024-01-04,47.77515411376953,48.337444648495506,47.28072941789781,47.329201847185736,15917500
2024-01-05,48.395606994628906,48.928814777382314,47.784847767817105,47.89148932436778,15073600
2024-01-08,48.395606994628906,48.46347282915039,47.649123495192256,47.872099614248654,15119700
2024-01-09,47.784847259521484,47.94965424646741,47.55217443877597,47.93026453655453,13625200
2024-01-10,47.58126449584961,47.620040220435236,47.12561552353238,47.50370565025974,11849800
2024-01-11,47.54248046875,47.5812598877893,46.863855428398054,47.3970594964571,21049200
2024-01-12,45.95256042480469,47.29041707316643,45.564773637963995,46.48576448305398,30452700
2024-01-16,45.39027404785156,45.62294688058455,44.80859751333292,45.341801619676545,25209900
2024-01-17,45.24485397338867,45.622947796446,44.79890170809146,44.827988124147744,17445600
2024-01-18,45.02187728881836,45.19638099017965,44.71164930822257,45.1285188505624,17901300
2024-01-19,46.65057373046875,46.70874286078407,44.96370963162411,45.20607546062436,25602400
2024-01-22,47.048057556152344,47.4358443949216,46.68935713412687,46.75721927618009,19372200
2024-01-23,47.62003707885742,47.7169856294489,46.92202600564414,47.16439183480923,16422100
2024-01-24,47.97874069213867,48.56041719707321,47.74606787123945,47.862402432584545,17776000
2024-01-25,48.356834411621094,48.414999847545154,47.98843729186173,48.16294099605252,17979600
2024-01-26,48.78339767456055,48.95790138128127,48.25019354767361,48.31805568937508,19211100
2024-01-29,48.812477111816406,49.12270508108683,48.46347342004402,48.628280410752446,16725200
2024-01-30,49.62682342529297,49.70438226197908,49.07422965763553,49.08392636132573,14736800
2024-01-31,48.64767074584961,49.869192928262756,48.62828103524507,49.45232339578791,20394400
2024-02-01,47.57377243041992,48.784352324096865,46.74394205172287,48.637909916474975,27566100
2024-02-02,47.993568420410156,48.39384010043878,46.91966988107042,47.34922855196931,19329000
2024-02-05,47.54447937011719,47.75925682324784,47.095394839534876,47.456614681595894,14202700
2024-02-06,47.14421081542969,47.954515241142815,46.870851919802035,47.36875309542694,13926600
2024-02-07,47.32970428466797,47.44685597638021,46.324144505418815,47.300417292786186,15839600
2024-02-08,47.20278549194336,47.349227892625464,46.919669227708226,47.036820913742936,10839200
2024-02-09,46.9196662902832,47.12468265905505,46.34366526074464,47.07586976994528,16594000
2024-02-12,47.75925827026367,48.12048184745374,46.74393750170322,46.86108918188621,14101900
2024-02-13,47.095401763916016,47.55424744993772,46.46082295082924,47.251605263788655,13660100
2024-02-14,47.37851333618164,47.56400753421392,46.82203819045447,47.446852127819376,12683400
2024-02-15,50.805233001708984,51.20550466604368,47.46637837856418,47.573768973124565,46473600
2024-02-16,50.67831802368164,51.078589700003896,50.102316955394976,50.707605014280716,24342700
2024-02-20,50.54164123535156,51.00049062432027,50.05350485532018,50.27804714323241,19839100
2024-02-21,51.410518646240234,51.43004454653974,49.91682265308249,50.41472007607351,18563700
2024-02-22,52.10367202758789,52.630860169996204,51.49838400714764,51.576487609364314,20467900
2024-02-23,52.58205032348633,52.73825381277401,52.15248793480649,52.25987853197645,20863500
2024-02-26,52.84564208984375,53.265439647158566,52.40631863170211,52.47465742250361,18099900
2024-02-27,53.50950622558594,53.58760610237955,52.95303110326198,52.992079179566446,19548200
2024-02-28,53.4216423034668,54.10503020091378,53.2751999116226,53.44116820399167,20045200
2024-02-29,54.270999908447266,54.378390502042016,53.63642115948817,53.73405066465833,28335600
2024-03-01,53.753578186035156,54.42720503318323,53.59737469723916,54.08551106524977,17758400
2024-03-04,54.48578643798828,55.217991039725625,53.43141002387761,53.568087620332285,19483500
2024-03-05,55.25703430175781,55.74517066033936,54.11479701028571,54.388152179352225,21786100
2024-03-06,55.75493621826172,56.028291390981835,54.93486697591647,55.471816232695936,25418600
2024-03-07,55.647544860839844,56.31141060623728,55.52062836487669,55.69635775184571,18116300
2024-03-08,55.71588134765625,56.17473069733171,55.53039087983528,55.85255892649114,17869900
2024-03-11,55.73541259765625,55.98924187925758,55.178937416597314,55.43276669819864,16622000
2024-03-12,56.24306869506836,56.73120502642749,55.74516755153864,55.89160994062024,23622800
2024-03-13,56.448089599609375,57.05337765639617,56.25283430652768,56.25283430652768,17444900
2024-03-14,56.008766174316406,56.75073554389323,55.76469798877916,56.49690254539091,24851100
2024-03-15,56.14543914794922,56.91669544466444,55.510864152216854,55.510864152216854,40782500
2024-03-18,56.39927673339844,56.45785443860545,55.75493687286112,56.233308430737715,16376500
2024-03-19,55.65730667114258,56.5652406075285,55.56944197651862,56.28212434634901,14504800
2024-03-20,55.9404296875,56.145446078002564,54.94463100253524,55.276563897523495,22841600
2024-03-21,56.47737121582031,56.74096527776972,56.08686439100182,56.22354196589752,18141700
2024-03-22,55.77446365356445,56.643345811477545,55.76469884045025,56.43832942629952,13736200
2024-03-25,55.383949279785156,55.969715128539136,55.032490515369716,55.72564695593783,15028200
2024-03-26,55.335140228271484,55.793989616327885,55.247275531073136,55.78422480320305,11445900
2024-03-27,56.24306869506836,56.27235568321082,55.042253766827066,55.042253766827066,13762800
2024-03-28,56.58476638793945,56.70192179664398,56.19425953147908,56.29188531454795,14619000
2024-04-01,56.24306869506836,56.50666276090445,55.90137102860618,56.50666276090445,11039500
2024-04-02,55.98923873901367,56.62381749370325,55.833035253515675,55.999003551711276,14632900
2024-04-03,55.77446365356445,56.584768105347386,55.501104749142065,55.8428024486238,13226500
2024-04-04,55.335140228271484,56.6238199710573,55.19846263800405,56.36022587946224,12361900
2024-04-05,56.038055419921875,56.25283288511823,55.22774727757262,55.28632498127246,11079400
2024-04-08,56.41880416870117,56.60429465395458,55.950193686862235,56.018532482702184,15308800
2024-04-09,56.213783264160156,56.61405491799558,55.52062682404804,56.33093494415998,10646000
2024-04-10,55.58896255493164,55.94042129977254,55.08130033729307,55.44252389403764,16475200
2024-04-11,55.34489822387695,55.64754410268581,54.31005154158599,55.62801820171252,18995600
2024-04-12,55.130123138427734,55.64754650188148,54.026933893074784,54.641986765604216,27867700
2024-04-15,55.618263244628906,56.604297145278586,55.393720944959874,56.24307724791408,19407500
2024-04-16,55.07154846191406,55.608497756715124,54.339343862407574,55.549923772233115,25620000
2024-04-17,55.823272705078125,56.26259616035954,55.30584937118266,55.530391642952104,18867700
2024-04-18,57.34626007080078,57.727005828158006,55.86232511901466,56.2625967772857,24468500
2024-04-19,58.91805648803711,59.40619284245062,57.46341223742835,57.60008982079456,34330900
2024-04-22,59.65026092529297,60.031010409448434,58.908295306399516,58.96687300954301,21753400
2024-04-23,59.49406051635742,60.29460387977465,59.36714773926361,59.718602803736886,21731200
2024-04-24,59.16212844848633,59.50382615293724,58.62517916913212,59.16212844848633,19731600
2024-04-25,58.50802993774414,59.513589742651014,58.18585812208355,59.17189574802787,24002500
2024-04-26,58.48849868774414,58.99616095062179,57.97107533627754,58.36158219097851,18785900
2024-04-29,58.38111114501953,58.869247532058466,57.9515524651319,58.43968885217083,15338400
2024-04-30,57.91249465942383,58.56659928685338,57.89296875906335,58.18584981610112,18007700
2024-05-01,58.10775375366211,58.722806620749395,57.92226327433703,58.16633145858921,16365400
2024-05-02,58.410396575927734,58.722803537432405,57.91249542065266,58.69351282441433,15329500
2024-05-03,58.51778793334961,58.83019491882652,57.717244567541904,58.605652630776554,17298500
2024-05-06,58.7618522644043,59.43548280849938,58.42015831028707,59.03521115188286,16240100
2024-05-07,58.83019256591797,59.17189025299438,58.634941000942746,58.84971846725247,16268200
2024-05-08,59.77717590332031,59.972431184659705,58.673986729309796,58.72280334278319,18718400
2024-05-09,60.16992950439453,60.25829933051188,59.38442201979313,59.63971429328554,14224300
2024-05-10,60.76887893676758,60.8474315564804,60.3466679697988,60.3466679697988,14428200
2024-05-13,60.15029525756836,61.04381078166102,60.10120173888983,60.83761575585396,15203500
2024-05-14,60.76887893676758,60.867069711408604,59.91463979816346,60.444858744439834,14499600
2024-05-15,61.210731506347656,61.41692652631512,60.74924420352929,61.073268159702685,17489600
2024-05-16,59.95391845703125,61.348193801206406,59.8655486291895,61.31873844045756,21104100
2024-05-17,59.97356033325195,60.51359653885538,59.78699971534854,60.29758055837583,15795800
2024-05-20,59.600440979003906,60.670696151077706,59.492432992142135,59.87536767603725,15029000
2024-05-21,60.34667205810547,60.58232618761374,59.678989727693235,59.718266040210494,18422100
2024-05-22,59.82627487182617,60.336855704976145,59.41388107576084,60.1895714037538,10340500
2024-05-23,58.59891891479492,59.67899131864559,58.28471589747126,59.64953595627007,13056100
2024-05-24,59.11931228637695,59.296051937849136,58.78547113866229,58.95239358531718,9912500
2024-05-28,58.40253829956055,59.08985877168434,58.11779065823001,58.88366375372577,11276300
2024-05-29,57.685760498046875,57.87231735379653,57.36173655608709,57.80358568348902,12835000
2024-05-30,58.13743209838867,58.3141717653648,57.53848142092464,57.75449740180556,13584800
2024-05-31,58.83456802368164,58.90330344371997,57.90177994321384,58.19634479734027,25386600
2024-06-03,58.265071868896484,59.10949379745361,57.538475123562776,59.10949379745361,13206500
2024-06-04,57.63667297363281,58.40254237700342,57.28319363497084,57.754498171321636,12520700
2024-06-05,57.61703109741211,57.85268147757923,57.076994918467584,57.79377075533508,11199100
2024-06-06,56.68423843383789,57.931233225623586,56.45840526226028,57.71521725907317,18587400
2024-06-07,57.30282974243164,57.617032755426294,56.52713941540311,56.52713941540311,14466700
2024-06-10,56.880619049072266,57.07699686965491,56.330761900559914,56.85116368694325,12793800
2024-06-11,56.09511184692383,56.70387972332528,55.48634022492696,56.70387972332528,19197800
2024-06-12,56.26203155517578,57.39120124102199,56.12456820119704,57.22427877862246,16929800
2024-06-13,56.232574462890625,56.5762328372681,55.66307916181324,56.40931412559772,15963700
2024-06-14,56.36022186279297,56.566416892013066,55.594348725468336,55.95764901001282,15375400
2024-06-17,57.185001373291016,57.19481857820394,56.036193627530054,56.17365696988202,18361100
2024-06-18,57.98032760620117,57.98032760620117,56.85116173148181,57.15554378459973,15547400
2024-06-20,57.8919563293457,58.12761044916452,57.52865981748707,57.67594411057322,11985500
2024-06-21,57.04753112792969,57.401010414753635,56.28166183687445,57.24390892567576,62733200
2024-06-24,57.9410514831543,58.38290062930855,57.21445843889643,57.43047440937079,16198300
2024-06-25,56.16383743286133,57.931230145818134,56.14419927825575,57.70539698624651,27490700
2024-06-26,55.97727966308594,56.752969953991716,55.800543753902716,56.18347842405754,30425700
2024-06-27,56.37985610961914,56.42895337456249,55.309604652810116,55.38815353464769,13832200
2024-06-28,58.314170837402344,58.37308530732202,57.03772062057249,57.03772062057249,31074500
2024-07-01,59.492431640625,59.51206979648059,58.490908165561606,58.530184477272776,14470200
2024-07-02,59.86554718017578,60.07174219161729,59.050580593628226,59.394242691625855,9543700
2024-07-03,59.56116485595703,60.03246937191214,59.0702221836377,59.895006022957986,6698800
2024-07-05,58.54000473022461,59.56116641430926,58.03924483941901,59.4040649048805,11436300
2024-07-08,57.9410514831543,59.315692438835256,57.59739311703169,58.8836642434818,12480000
2024-07-09,58.795291900634766,59.32550710775684,57.85267918060584,58.00978442193992,12233800
2024-07-10,58.63819122314453,58.90330070320251,58.30435007184135,58.46145156977254,12097200
2024-07-11,59.070220947265625,59.610257126394565,58.20616081330217,58.32398974902122,16852800
2024-07-12,55.51579666137695,55.888910384600116,54.59282206722593,55.181955504138436,53042800
2024-07-15,56.68423843383789,57.18500203891473,56.00673891910505,56.016556124132244,27277300
2024-07-16,59.14876937866211,59.52188307854068,56.48785749233649,56.988621069660624,25577300
2024-07-17,59.80663299560547,59.895002821723615,58.805109548131455,59.070219026485915,17371100
2024-07-18,58.16688919067383,59.71826608019125,57.92141785566956,59.52188826306877,17739000
2024-07-19,58.157066345214844,58.687285310494524,58.039241157017756,58.22579801712941,12362800
2024-07-22,58.068695068359375,58.31416638924056,57.479565396482556,58.18652025361571,13638600
2024-07-23,58.58909225463867,58.82474636746681,57.97050723145554,58.127608724809285,10927800
2024-07-24,58.36326599121094,59.119318187847796,58.29453431384354,58.68728996645338,10777100
2024-07-25,58.618553161621094,59.629893822073804,58.373081836610616,58.481089818910455,14119600
2024-07-26,59.29605484008789,59.35496930866056,58.49090916423801,58.765835859719836,12538900
2024-07-29,58.51054763793945,59.728087109214414,58.27489350796532,59.63971727867352,8986200
2024-07-30,58.92293930053711,59.62989796426665,58.805114105113994,59.364788465368065,11503900
2024-07-31,58.265071868896484,59.0309411782413,58.12760853086998,58.73637634738522,11535800
2024-08-01,55.849639892578125,58.26507696050894,55.4961605664233,58.18652433443215,17752700
2024-08-02,52.29521560668945,54.56337226600279,51.843549214284565,54.1804375530684,27642600
2024-08-05,51.17586135864258,51.450791792717055,49.24154984304955,50.370715703300256,28594000
2024-08-06,51.41151809692383,52.000647815236036,51.10713228662513,51.33296547016465,18723500
2024-08-07,51.3427848815918,52.52104802847675,51.20532153448102,52.187206865952604,18407500
2024-08-08,51.80427169799805,52.35412886661323,51.69626745104456,52.010470477225944,16176000
2024-08-09,52.20002365112305,52.26928416986706,51.51734840890737,51.74490682297926,11669000
2024-08-12,51.50745391845703,52.90248849874559,51.131486054673005,52.34843079286435,18090100
2024-08-13,52.30885314941406,52.39789806827646,51.26010607637831,51.80426779199997,12268600
2024-08-14,53.09046936035156,53.20919466103399,52.16044758562223,52.46715492690261,13217200
2024-08-15,53.990814208984375,54.58444452459932,53.852300720288184,53.92155746463628,16549400
2024-08-16,54.74274826049805,54.8416853852782,54.03038888461094,54.198582751579075,19173900
2024-08-19,55.85085678100586,55.86074898324597,54.67348468134662,54.7625295983443,12792900
2024-08-20,55.554046630859375,56.11799656434684,55.32648444262944,55.435317548076064,12533500
2024-08-21,54.87136459350586,55.850858714387364,54.6141258100573,55.84096273759551,13691700
2024-08-22,55.366058349609375,55.77170659561602,55.06924320422562,55.10881956339928,15683000
2024-08-23,56.09820556640625,56.790776751020516,55.72223770489405,55.821174828034955,17074400
2024-08-26,56.11799621582031,56.54343265762787,55.9399063669609,56.414811372516176,9478800
2024-08-27,55.662872314453125,56.31586713013192,55.563935192826655,56.108096910190774,7638500
2024-08-28,56.46427917480469,56.75120212456545,55.43531645620642,55.46500061342234,11905200
2024-08-29,56.741302490234375,57.1568466965889,55.910217851734515,56.70172990684615,9283300
2024-08-30,57.849422454833984,57.95825555977095,56.77099115696421,56.840247901158726,20377300
2024-09-03,57.75048065185547,58.32432655103824,57.2854716301209,57.99782724132195,15933600
2024-09-04,57.503135681152344,58.37379675736287,57.10738339139086,57.86921136129888,10985800
2024-09-05,56.256507873535156,58.057190709670586,55.93990454679987,57.99782617057921,18301000
2024-09-06,53.42686462402344,56.17735755803167,53.12015348691084,56.07842042952284,21853800
2024-09-09,54.01060104370117,54.4954020162683,53.85229937853404,54.149114528946235,17134800
2024-09-10,53.37739181518555,55.50457010264776,52.813441924269725,55.40563298200644,24650000
2024-09-11,53.159725189208984,53.28834646436602,51.87352376026619,53.14983298690884,17322000
2024-09-12,51.02265167236328,53.763252202228074,49.68698166439515,53.15972594963784,42605400
2024-09-13,52.219810485839844,52.47705305108966,51.20074375034331,51.309576853009816,24762000
2024-09-16,53.219093322753906,53.35760680957331,52.249495140808605,52.249495140808605,18066200
2024-09-17,53.93144989013672,54.48550762141574,53.39718411356391,53.39718411356391,15885200
2024-09-18,53.68410110473633,54.60423070213587,53.52579944143153,53.88197912741966,20109000
2024-09-19,55.20775604248047,55.4155262644021,54.069964036093495,54.42613994186944,21399000
2024-09-20,55.69255447387695,55.69255447387695,54.297519973380155,54.76252895740633,45276000
2024-09-23,54.525081634521484,55.92011621868673,54.31731140956715,55.6628736575162,14759300
2024-09-24,53.585166931152344,54.604233708903514,53.21909502226661,54.53497696328215,16365600
2024-09-25,53.0410041809082,53.753363578833664,52.84312615101675,53.703891240703676,10555700
2024-09-26,55.79149627685547,56.50385566431742,52.75408045139662,53.46643983885857,34463400
2024-09-27,55.306697845458984,56.019053442892115,55.207756947058996,56.019053442892115,13530400
2024-09-30,55.890438079833984,55.920118463387624,54.89115572582041,55.069245575561254,16284200
2024-10-01,54.80210494995117,55.43531155955393,54.614122917165695,55.40563117916915,11069400
2024-10-02,54.71306228637695,55.21765141893995,54.33709443112344,54.742746442192534,9007200
2024-10-03,54.39645767211914,54.62401606549915,53.83250778978407,54.49539856546426,8135300
2024-10-04,56.355445861816406,56.52364350471599,55.385847687048184,55.39574366415315,14582800
2024-10-07,56.553321838378906,57.01833461601729,56.19714215969498,56.622578578766415,11177800
2024-10-08,56.691837310791016,57.66143548448834,56.662156927927754,57.66143548448834,12073000
2024-10-09,56.929290771484375,57.11727281691357,56.46427798506399,56.71162456946473,12415300
2024-10-10,57.137062072753906,57.77026873687282,56.74130602057487,57.10738168981378,12744000
2024-10-11,60.34267044067383,61.06492196693607,59.284023656471234,59.3236000131947,37049200
2024-10-14,61.5002555847168,62.6776239867071,60.29320302565807,60.61970233394488,30758800
2024-10-15,62.361019134521484,63.14263524056006,61.569510825840986,62.24229383177175,24693400
2024-10-16,63.21189498901367,63.39988081603771,62.45006702622399,62.56879610883165,17412600
2024-10-17,63.69668960571289,64.03308488519116,62.82603234730693,63.805522706565974,15073500
2024-10-18,63.67690658569336,64.09244704430844,63.15253302385734,63.7263789229461,19234000
2024-10-21,63.34050750732422,64.00340206410317,63.241570387159996,63.795631847232784,15603400
2024-10-22,64.12212371826172,64.51787974813523,63.32072323037123,63.34050763507661,26164900
2024-10-23,63.874778747558594,64.35958348182979,63.18221133919778,64.08254897006684,18380900
2024-10-24,64.73554992675781,64.87406341347692,63.64722643892817,63.92425341236638,18393300
2024-10-25,63.845096588134766,65.25002331936498,63.56806963250271,65.15108619927047,14855500
2024-10-28,64.91364288330078,65.05215637665509,64.12213073691674,64.31011657007728,16158900
2024-10-29,64.60692596435547,65.29949332877828,64.54755765567769,64.79490422131701,13205500
2024-10-30,64.71576690673828,65.6952573119191,64.43873237894842,64.43873237894842,16021700
2024-10-31,64.23095703125,65.05214947502667,63.94403409733701,64.40904686787123,12963200
2024-11-01,63.99351119995117,64.88396044940326,63.93415043279404,64.52778074962242,13313900
2024-11-04,63.02391052246094,63.963828298954894,62.380807892699444,63.87477960330486,12607400
2024-11-05,63.389984130859375,63.815420569928996,62.944759511576116,63.320727387216365,13447200
2024-11-06,71.7008285522461,73.48171941742835,69.20757077320481,72.52202101787422,63689100
2024-11-07,69.0789566040039,70.9093198934606,68.99980388215023,70.87963950987023,18681200
2024-11-08,69.69590759277344,69.7854617956193,69.01924800092466,69.66605619182482,14270900
2024-11-11,72.20352172851562,72.89013429669514,70.67108659472967,70.67108659472967,17117800
2024-11-12,72.24333190917969,73.0095533333676,71.75574128864119,72.42244791556918,17848200
2024-11-13,72.41249084472656,73.5966470199178,72.30303823934027,72.39259244154161,18823000
2024-11-14,72.44235229492188,73.10905890696942,72.1537760915178,72.49210210052833,13654800
2024-11-15,73.97477722167969,74.04444061242603,72.53190384930558,72.64136404631742,18837000
2024-11-18,73.72600555419922,74.33300934161666,73.35782815626295,74.13399494229505,18440100
2024-11-19,73.06925201416016,73.79566899682771,72.77072282305564,73.25832100798719,15412900
2024-11-20,73.21852111816406,73.41753552987964,72.07416927101653,73.30807532586212,14415400
2024-11-21,74.4623794555664,75.6664340962747,73.57675242569078,73.57675242569078,20068200
2024-11-22,75.58682250976562,75.7062357063942,74.18375351096574,74.20365191444743,14997400
2024-11-25,76.52220916748047,76.93019098218413,75.59677774399042,75.82564355440847,28636600
2024-11-26,76.9699935913086,77.74616039451539,75.98485938661635,77.11925819005903,19139100
2024-11-27,76.83068084716797,77.40783323806208,76.05451405550963,76.98989844130955,19793900
2024-11-29,75.79579162597656,77.6566074580258,75.76594022412178,77.30832844986497,9785000
2024-12-02,74.91016387939453,76.57195769637832,74.43252627054206,76.57195769637832,18274500
2024-12-03,73.77576446533203,75.47736266779442,73.6563512681387,75.43755826872997,15047900
2024-12-04,72.70106506347656,73.88522120650117,72.35278607785536,73.68620681240691,14301100
2024-12-05,73.29812622070312,74.24345601651683,72.74087223057703,73.03940142499862,17766700
2024-12-06,73.96483612060547,74.35291953553727,73.3677852970114,73.62650251235718,14798100
2024-12-09,72.26323699951172,74.1837556470907,72.06421499939992,73.94492924695653,15517500
2024-12-10,71.69603729248047,73.1389107258164,71.54677269098396,73.1389107258164,12277100
2024-12-11,71.24824523925781,72.56176009926963,71.09898063409241,72.23337948628838,11867400
2024-12-12,70.45217895507812,71.70598339931136,70.44222595703762,71.5268673941476,12446700
2024-12-13,70.09394836425781,70.70095219449922,69.67600594913637,70.50193018922397,16794500
2024-12-16,71.62638092041016,71.93485552697732,69.47698889656519,70.12379710329148,24602500
2024-12-17,70.46212005615234,71.1885370304657,70.03423226951027,70.7009464430544,15595900
2024-12-18,68.42219543457031,71.14873213469586,68.27293084177934,70.26310516722539,21201200
2024-12-19,68.51174926757812,70.34271358496112,68.33263327557232,69.05905024090491,16444600
2024-12-20,69.99443054199219,70.69099614249502,68.432143929658,68.83018033110064,50113400
2024-12-23,70.19345092773438,70.34271552383886,69.27797253976553,69.37747973986427,11817000
2024-12-24,71.23828887939453,71.23828887939453,70.19345187636807,70.32281047905339,4442700
2024-12-26,71.40746307373047,71.48706428375156,70.76065484386237,71.07908245968638,6964300
2024-12-27,70.76065063476562,71.38755283090316,70.28300544348505,70.83030643433646,7219500
2024-12-30,70.06409454345703,70.45217795045909,69.42723174046823,70.06409454345703,8443800
