Price,Close,High,Low,Open,Volume
Ticker,ZTS,ZTS,ZTS,ZTS,ZTS
Date,,,,,
2015-01-02,40.15752410888672,40.51913596286178,39.93499183265485,40.296603686629915,1784200
2015-01-05,39.916446685791016,40.45423095007098,39.842271619322,40.1018896575093,3112100
2015-01-06,39.52702713012695,40.203891098881044,39.22104563816667,40.00917753328696,3977200
2015-01-07,40.34297180175781,40.389335207524,39.85155082651135,39.870095481411575,2481800
2015-01-08,40.964210510253906,41.60398526808662,40.79731213220508,41.4927208617313,3121300
2015-01-09,41.029090881347656,41.205259715756114,40.50058084109266,40.8529220469392,2999100
2015-01-12,40.259521484375,41.112557900498494,40.1389865364801,41.112557900498494,2168300
2015-01-13,39.69392395019531,41.001291969760054,39.471391643085326,40.695310489612694,3668600
2015-01-14,39.897911071777344,40.08335408549839,39.21177651915014,39.40649009189316,2481300
2015-01-15,39.81446075439453,40.584048001377994,39.777374982335424,40.12044224884276,2719300
2015-01-16,41.00129318237305,41.06619770365155,39.656835815689156,39.684651028513905,2761600
2015-01-20,40.46527862548828,41.05980922249937,40.14943380286591,41.05980922249937,3471000
2015-01-21,41.10625457763672,41.45925843403714,40.35379982828675,40.474564958259855,1991900
2015-01-22,41.3477897644043,41.635767119894616,40.54889135852473,41.19915709078921,2914700
2015-01-23,40.9854850769043,41.61717462891675,40.84614398211651,41.357068417034455,2885500
2015-01-26,40.95763397216797,41.16200524546813,40.73468317005118,40.91118692196778,1926800
2015-01-27,40.223751068115234,40.78112619816079,40.14014497579251,40.50243686129695,3008300
2015-01-28,40.04725646972656,41.143423813421364,40.010097413812225,40.62320766166841,2425100
2015-01-29,40.2423210144043,40.57674530409052,39.536316936818814,39.99150279713963,4927300
2015-01-30,39.69424057006836,40.46527480148501,39.61063449128441,40.11227096398814,3146000
2015-02-02,40.29806900024414,40.29806900024414,39.35982246326733,39.9729326231634,2136700
2015-02-03,40.40953826904297,40.697515564616744,40.13085250695833,40.41882625885037,4910800
2015-02-04,40.37239456176758,40.91119031103518,40.1494472848647,40.74397808151648,5102900
2015-02-05,40.316654205322266,40.94834397950207,40.05654435827713,40.45599534911679,3470900
2015-02-06,40.55817413330078,41.0969697206522,40.20517024999061,40.3538029044872,5408000
2015-02-09,39.824302673339844,40.5581780257084,39.62922296003145,40.40954535694738,4467100
2015-02-10,40.7904167175293,40.88331080645417,39.76856756462637,40.065832901604765,4111200
2015-02-11,42.51826477050781,42.84339755711739,41.69149550425923,41.69149550425923,7071100
2015-02-12,42.536842346191406,44.032460183503424,42.04449387855561,43.88382755304467,6989600
2015-02-13,42.230289459228516,42.267448506201106,41.2084404732546,41.56144433213069,6413300
2015-02-17,42.917720794677734,42.954879844370026,42.22100455951635,42.313898640065055,4055800
2015-02-18,42.592586517333984,43.13138213328918,42.56471900053706,42.83411680851466,3276900
2015-02-19,42.40678787231445,42.731920633575655,42.25815524664058,42.57400001915774,2928800
2015-02-20,42.3603515625,42.62974939465468,41.905165543449336,42.4532491996305,3713000
2015-02-23,42.341773986816406,42.66690684534273,41.99805805788014,42.46253559502197,2664500
2015-02-24,42.17457962036133,42.53687168551125,42.06310241286606,42.40681848711732,1869800
2015-02-25,42.47181701660156,42.704055729870504,42.16526021411943,42.313892848864285,2958800
2015-02-26,43.307884216308594,43.38220232261038,42.546141345127026,42.57401240683137,4903000
2015-02-27,42.81554412841797,43.5494195666534,42.76909707843607,43.23357466562061,5555500
2015-03-02,43.94887161254883,44.227557462701434,42.81554513908767,42.81554513908767,5261700
2015-03-03,43.23356628417969,43.976729570865636,43.047774576587685,43.920990995483415,2256200
2015-03-04,42.945587158203125,43.18711743104259,42.601874816973655,43.10351134331845,3293000
2015-03-05,43.15925598144531,43.502971942879945,42.72264946495484,43.37291524349016,2327600
2015-03-06,42.527557373046875,43.22427360022619,42.4253717594048,43.01061438246637,3486500
2015-03-09,43.0013313293457,43.62372952945479,42.24887644187068,42.61116835461267,3757800
2015-03-10,42.45323944091797,42.99203143769288,42.43465991776274,42.852690329551194,2189500
2015-03-11,42.7412223815918,43.27073004617573,42.48111608884931,42.62046077063705,3245000
2015-03-12,43.51225280761719,43.54012032393728,42.86198359191857,43.0199077863241,2276500
2015-03-13,43.14996337890625,43.53083481293441,42.750512418378875,43.53083481293441,2487100
2015-03-16,43.64230728149414,43.68875432468057,43.24285633146281,43.391488995868734,2519800
2015-03-17,43.80022430419922,43.976724456861476,43.11279612915367,43.307875804782746,2906900
2015-03-18,44.1346549987793,44.36689377250062,43.354332577328364,43.642309932468486,3056000
2015-03-19,44.0417594909668,44.34831636339173,43.753782145084195,44.08820653548145,2000700
2015-03-20,43.97673797607422,44.5155301330193,43.753787175615145,44.116082669321486,4542700
2015-03-23,43.80022430419922,44.31114878290084,43.69803869972256,44.17180413249055,4820100
2015-03-24,43.679473876953125,44.22755758604433,43.43794354077986,43.88384515468699,1938100
2015-03-25,42.98274612426758,44.01388668965562,42.936299085328336,43.818803456219726,4148400
2015-03-26,42.83411407470703,43.094220331363395,42.44395114604052,42.75050798597007,3550800
2015-03-27,42.93629837036133,43.224272133198504,42.731927150013505,42.861980274350536,2801700
2015-03-30,43.58656311035156,43.623722157605286,43.1220856507254,43.16853623163345,2206900
2015-03-31,43.0013313293457,43.595862011146146,43.0013313293457,43.437937805471556,2768400
2015-04-01,42.98274612426758,43.25214391126988,42.6947688129532,43.01061363889474,4751300
2015-04-02,43.19641876220703,43.34505145921139,42.917732898284235,43.14997170883373,3084000
2015-04-06,43.038482666015625,43.354323933369216,42.741213834733756,42.87127049878034,2385300
2015-04-07,43.14363479614258,43.608945777895556,43.11571727325054,43.18086052669267,2367100
2015-04-08,43.004051208496094,43.37630151023118,42.9202950681078,43.15295061918173,2565400
2015-04-09,43.320457458496094,43.49727792712882,42.957515412416456,43.08780193664591,2720800
2015-04-10,43.8974494934082,44.00912671858612,43.087809136100034,43.36699509896056,2278300
2015-04-13,43.422828674316406,44.148712803556556,43.404215805612594,43.9718958759329,2009300
2015-04-14,43.64619064331055,43.72994679874714,42.827241962379674,43.42283971213209,2672500
2015-04-15,43.73925018310547,43.94398823486978,43.65549403011484,43.78578059031303,1578500
2015-04-16,43.86952209472656,43.89743961972059,43.40421107793898,43.55311046130935,1585500
2015-04-17,43.52520751953125,43.76716776731192,43.23671331444746,43.646189418442844,2885100
2015-04-20,43.776466369628906,43.8602225043301,43.46935935904394,43.636871628446336,2890200
2015-04-21,44.24177932739258,44.27900506663476,43.83230329581237,43.9998155723603,3139000
2015-04-22,43.76716232299805,44.22316877753018,43.67410152005291,44.158025505460174,2075700
2015-04-23,43.7857780456543,43.8323084501577,43.33907977234549,43.68340902572143,2113300
2015-04-24,44.58610534667969,44.660556819831264,43.4879709679854,43.63687036424691,3449500
2015-04-27,43.58103942871094,44.660561041153876,43.49728328851959,44.651252831109296,2684100
2015-04-28,42.55735778808594,43.57173624745827,42.47360163822795,43.47867543652379,4492400
2015-04-29,42.082740783691406,42.75278641358853,41.97106355367332,42.343313886982386,3997600
2015-04-30,41.33824157714844,42.29678497676043,41.23587610441304,41.95245571381525,4330200
2015-05-01,41.51506042480469,41.794246398433074,41.31032238745748,41.62673410424759,5835100
2015-05-04,42.25026321411133,42.39916267314606,41.608131412614014,41.64535716488348,4782900
2015-05-05,42.51082229614258,44.14871580289305,41.99898079716068,43.860225193489015,7681200
2015-05-06,42.14788818359375,42.75279059685652,42.0548238161392,42.74348593513238,4441400
2015-05-07,42.39913558959961,42.5759524748685,41.90590356220176,42.18509297584014,2427000
2015-05-08,42.71554946899414,42.89236636373112,42.408442517563486,42.79930558756241,2548200
2015-05-11,42.89237976074219,43.134339984379366,42.50151656866101,42.724867471284846,3405100
2015-05-12,42.41776657104492,42.67833968169145,42.1944156547462,42.54805312636819,2230400
2015-05-13,42.45498275756836,42.80862017914695,42.26885761199848,42.45498275756836,2159800
2015-05-14,43.06919479370117,43.106420534155255,42.324697734829456,42.68763982915179,1959600
2015-05-15,43.264617919921875,43.65547745208882,43.20877932245182,43.292535443636325,2831500
2015-05-18,43.48797607421875,43.525201815165474,43.106421104619926,43.22740298767576,2890600
2015-05-19,44.15803527832031,44.38138267483571,43.497294201068186,43.62758077404265,3845700
2015-05-20,43.99981689453125,44.49304907920677,43.729939152020485,44.176637386224016,2206600
2015-05-21,44.48374938964844,44.56750554648214,43.785782599381854,44.046359281777065,3599300
2015-05-22,44.32554626464844,44.5209761182194,44.20456435765762,44.399994211228574,1832300
2015-05-26,44.62333297729492,44.716393772642725,44.2138569576643,44.22316516722415,3999500
2015-05-27,46.01926803588867,46.047185565593686,44.36275812256659,44.651252279672136,5447800
2015-05-28,45.70286560058594,46.1123381693296,45.04212456350778,45.87037791280895,4934000
2015-05-29,46.31708526611328,46.49390227460804,45.72148739534848,46.00997811710081,5617100
2015-06-01,46.32637405395508,46.875441318537746,45.944819076875056,46.45666059978112,4496100
2015-06-02,46.14026641845703,46.50320863460966,45.507442818483085,46.27055300373816,2680500
2015-06-03,46.112327575683594,46.43804746352892,45.916897773001494,46.41943459421989,1976000
2015-06-04,45.507423400878906,46.14955139007852,45.46088945452566,45.647014589813594,2080700
2015-06-05,45.60980224609375,45.758701688040176,45.05143022630534,45.32131157422159,2412000
2015-06-08,45.414363861083984,45.80522704152919,45.35852879962185,45.367833459851525,1906400
2015-06-09,45.82383728027344,45.944815606521395,45.153788180873704,45.29337937655408,2675500
2015-06-10,46.242618560791016,46.43805193232174,45.60049048302483,45.982045465472936,2012100
2015-06-11,46.410133361816406,46.56834099970711,46.158864913431664,46.344990084462104,2055700
2015-06-12,45.67494583129883,46.40083011540091,45.60979900191604,46.18678740470523,2033300
2015-06-15,45.851749420166016,45.926197339103524,45.33059978743768,45.45158164950775,3015000
2015-06-16,46.26123809814453,46.27985097192683,45.50743623519649,45.879683060714264,1817900
2015-06-17,46.68931579589844,46.87544095278714,46.26123042008389,46.29845616147005,2804400
2015-06-18,46.996421813964844,47.08948261536183,46.68001011915627,46.800992001005966,3696100
2015-06-19,46.75447082519531,47.108104780311194,46.71724507727489,46.86614451891387,2906800
2015-06-22,46.7358512878418,47.18254954907046,46.59625652806437,47.089485192538106,2040400
2015-06-23,46.968502044677734,47.32213591316301,46.75445937163396,46.91266343647603,2104100
2015-06-24,46.26123809814453,46.81030544957274,46.26123809814453,46.763775040138356,2561900
2015-06-25,51.53786087036133,51.53786087036133,46.130944354325386,46.38221278622814,3228100
2015-06-26,45.24685287475586,50.253601581930354,44.91182829620291,50.18845830832752,20823300
2015-06-29,43.80439758300781,45.31200492858702,43.77648004606613,45.144492606851244,5149400
2015-06-30,44.87460708618164,45.23754920420901,43.93467660355679,44.36276199661254,4268800
2015-07-01,45.07003402709961,45.637714144627054,44.51166211971898,45.36783285104155,5532100
2015-07-02,44.95835876464844,45.28407510742038,44.56749560328023,45.22823649864152,2070900
2015-07-06,45.0421257019043,45.0421257019043,44.45583259430578,44.70710106899086,3088100
2015-07-07,44.558197021484375,45.39575496716332,43.832309208511774,45.17240760166588,5656200
2015-07-08,43.25532150268555,44.139413345057484,43.23670863178863,44.06496186146981,3452800
2015-07-09,43.33908462524414,44.083581830790635,43.32977996331849,43.841621570254034,3417400
2015-07-10,43.70201873779297,43.91606142306677,43.57173219458648,43.73924447872112,2917500
2015-07-13,43.776466369628906,44.1487130960462,43.59034123139939,43.83230142606855,3050000
2015-07-14,44.167327880859375,44.26039222903215,43.06919342271389,43.7764682686594,5636300
2015-07-15,43.841609954833984,44.32553389773881,43.7485456100205,44.20455202450216,2099400
2015-07-16,44.66984939575195,44.8745873414955,44.10216949167443,44.10216949167443,3423500
2015-07-17,44.48374938964844,44.94906058315949,44.40930144470886,44.66987457706139,2324000
2015-07-20,45.58187484741211,45.628405247319414,44.68847838904079,44.76292631888409,3364200
2015-07-21,45.712158203125,46.29845114123676,45.535341275776496,46.2519207445705,4412700
2015-07-22,46.54972839355469,46.586954137981934,45.61910608312787,45.647023616427106,2937300
2015-07-23,46.39151382446289,46.894050649030994,46.07510214418392,46.49388283132401,2457900
2015-07-24,46.056495666503906,46.81029739982419,45.90759625189379,46.43805063831994,2081000
2015-07-27,46.04719161987305,46.13094777004227,45.386450629672765,45.96343546970383,1683500
2015-07-28,45.46088790893555,46.13093695317496,44.828064600496454,46.084406558445345,4846300
2015-07-29,45.0421257019043,45.74939716579942,44.54889341454052,45.69355854363294,3629900
2015-07-30,45.18171691894531,45.33992457334904,44.632649559619544,44.632649559619544,1576800
2015-07-31,45.58187484741211,46.01926841663309,45.35852750784026,45.43297543768356,2539800
2015-08-03,45.116573333740234,46.05650394175885,44.66057034770732,45.74939684704701,3559500
2015-08-04,45.46088790893555,46.53110473792444,44.930433598926534,45.70285164159603,4867300
2015-08-05,45.237545013427734,45.71216076610102,45.15378887471576,45.55395669855723,4118200
2015-08-06,44.93043899536133,46.763765878243206,44.641948383363214,46.1216378337511,3223400
2015-08-07,44.95835876464844,45.10725817135016,44.14871491254353,44.781538278536345,3466000
2015-08-10,45.032814025878906,45.68425036754105,44.930445001469394,45.13518305028842,3064500
2015-08-11,44.942378997802734,45.2500136719964,44.59745818176184,44.81186861098409,1946700
2015-08-12,44.61611557006836,44.82120541050442,43.70253904943678,44.65340527853716,3520300
2015-08-13,44.429664611816406,45.10086504946549,44.3737300566317,44.57881986950044,2574800
2015-08-14,44.252532958984375,44.420333027081796,43.75845340019043,44.420333027081796,2594500
2015-08-17,45.38985061645508,45.40849546787752,44.05677396695588,44.09406366980076,1849600
2015-08-18,44.49490737915039,45.473738706392396,44.45761768611582,45.296617998689456,2847800
2015-08-19,44.662715911865234,44.91441605337179,44.019484587665076,44.233895029065124,2153500
2015-08-20,43.236427307128906,44.4483143536588,43.143203038231384,44.1500038054712,2515600
2015-08-21,41.96859359741211,43.18048029448857,41.95926939513991,42.742335247367066,3775200
2015-08-24,40.57958984375,41.92199071866241,35.17270730908015,39.62872374273433,5725500
2015-08-25,39.67533493041992,41.80079809514437,39.67533493041992,41.56774279879681,3814300
2015-08-26,41.25077819824219,41.325357583288294,39.14396035666104,40.598222803652,5873300
2015-08-27,42.75167465209961,43.02201971586826,41.12028717618477,41.67961860261286,4602100
2015-08-28,42.67707824707031,43.00335774608397,42.00588151371226,42.891488660406736,2711400
2015-08-31,41.82876205444336,42.79827290506841,41.73554136178927,42.63979701632816,2580000
2015-09-01,40.99909591674805,41.847417231359366,40.812650929287265,40.97113041327875,4346100
2015-09-02,42.061824798583984,42.09911450471262,40.92451721079762,41.50249343122296,2699700
2015-09-03,41.511802673339844,42.527923771218155,41.31603710416889,42.24825816438234,2932500
2015-09-04,41.02705764770508,41.69825811838885,40.57959185262991,40.989771498555335,4195500
2015-09-08,41.847412109375,41.89402246149965,40.84993563811133,41.68893620092279,4134900
2015-09-09,40.97112274169922,42.192330246426486,40.87789848735329,42.11775439909144,2964700
2015-09-10,41.334686279296875,41.884696904647186,40.831286000608486,40.952475746842694,2871200
2015-09-11,41.94995880126953,42.07114856685964,41.12960305565826,41.57706885613475,2476200
2015-09-14,41.45586395263672,41.949939884421624,41.194839686291466,41.82875017348063,2182200
2015-09-15,42.00588607788086,42.07114127354571,41.46519610678187,41.67028589666651,1999900
2015-09-16,41.4931640625,41.810119412861795,40.73806716615401,41.75418841677196,4242600
2015-09-17,42.89149856567383,43.469478306727005,41.71690134393257,41.71690134393257,5470500
2015-09-18,42.061824798583984,42.602514869022805,41.85673852716073,42.23894912462392,8078600
2015-09-21,41.48383712768555,42.48131337637681,41.12027148363897,42.210968415778694,2502700
2015-09-22,41.232147216796875,41.50249224428463,40.77536077628226,41.027057395096925,2368400
2015-09-23,41.316036224365234,41.63299152033405,41.00840513023903,41.20417069524125,1802500
2015-09-24,40.63551712036133,41.20417254955614,40.09482718567078,41.13891735828538,3202000
2015-09-25,39.62872314453125,41.14824475366076,39.04142632676428,41.12027925456951,3498000
2015-09-28,37.25156021118164,39.432958073429674,36.71087373661413,39.404992573959134,8954900
2015-09-29,36.962562561035156,38.006649042622385,36.33797266738174,37.56850405257331,7328400
2015-09-30,38.38887023925781,38.4261599416437,37.61512491738854,37.876149277947995,4954100
2015-10-01,38.491424560546875,38.53803492186264,37.63377897653782,38.28633470338637,4131800
2015-10-02,40.104156494140625,40.1228013448978,37.745637993553395,37.87614839271198,4036800
2015-10-05,39.945674896240234,40.44907517123335,39.47956432075952,40.22534408644184,5467700
2015-10-06,38.584632873535156,40.17873018837977,38.39818793209416,39.880419704530766,4622200
2015-10-07,39.777870178222656,39.8151598733981,38.435473157176226,38.771073301473095,4157200
2015-10-08,40.290611267089844,40.45841140866691,39.13465513135256,39.67534526668811,4434600
2015-10-09,39.899070739746094,40.37450559193322,39.87110523884404,40.188060621588114,2863000
2015-10-12,39.81517791748047,40.15077821387008,39.55415704524085,39.973657415727864,2848100
2015-10-13,39.451602935791016,40.1973792230557,39.330413177816176,39.656692748341996,3285500
2015-10-14,39.50754165649414,40.048228188216875,39.27448631989213,39.47025194916369,2940800
2015-10-15,40.085506439208984,40.19737197308724,38.761754212582886,38.86429554422225,2481500
2015-10-16,40.952484130859375,41.14824976060257,40.26263876815287,40.28128362186302,4120400
2015-10-19,40.81263732910156,41.02704774858265,40.29991645154755,40.84060637939295,1924800
2015-10-20,40.16941452026367,40.81264591401017,39.927038555648764,40.70078035773728,2890400
2015-10-21,38.83633041381836,40.607551904842346,36.850698499125784,40.439751824381496,9647400
2015-10-22,38.03462600708008,39.06007150817055,37.270204872232874,38.864302344452646,8908000
2015-10-23,39.65669250488281,40.2533135310318,38.26768128901447,38.37022619466042,7391500
2015-10-26,39.47956466674805,40.048220142800695,39.1439680366197,39.56346471331551,2929300
2015-10-27,39.8431396484375,40.42111585468113,39.42363935513888,39.628725621529966,4570300
2015-10-28,40.4024772644043,40.82197762272491,39.44229032124802,39.79653190725869,3219100
2015-10-29,40.59823226928711,40.933832467959455,40.309245975207205,40.37450117426664,3019000
2015-10-30,40.09482955932617,40.72874021731991,39.982964018545346,40.43975394062432,3774400
2015-11-02,41.24146270751953,41.50248347552153,40.24398286663778,40.588907231373284,4298800
2015-11-03,43.55118179321289,43.80335504543177,42.40239490832192,43.40174618776754,8007200
2015-11-04,43.47645568847656,44.02750006894048,43.17758452241058,43.56985515463802,7718100
2015-11-05,42.45843505859375,43.69127981109619,41.954088506344696,43.48580806089659,5177500
2015-11-06,42.93476867675781,43.22429822026777,41.87003931442407,42.402403995590944,3496200
2015-11-09,42.775978088378906,43.000133256725775,41.991440343403156,42.75729819411454,3707900
2015-11-10,42.8506965637207,43.00013215116803,42.27163054489004,42.82267494163184,2963200
2015-11-11,42.1035270690918,42.88806138838618,42.084847171562004,42.88806138838618,2118900
2015-11-12,41.589839935302734,42.20626231939576,41.524462073567584,42.03814679984073,2858600
2015-11-13,41.888702392578125,42.10351939359641,41.28162186624867,41.44039562206813,3283700
2015-11-16,42.308998107910156,42.421073928386335,41.77663350711569,42.02880677530666,3532300
2015-11-17,42.74795913696289,43.065510207184104,41.77662603242442,42.056817314895966,3638700
2015-11-18,44.06486511230469,44.08354500776547,42.3650338164565,42.78532255725979,3378000
2015-11-19,43.80336380004883,44.09289333937552,43.49515079812826,43.943457704063704,2928500
2015-11-20,44.195621490478516,44.429114843054094,43.765994576817654,43.89675028420785,3679400
2015-11-23,43.85939407348633,44.298362752270954,43.53250477832296,44.11156734239498,3265300
2015-11-24,43.83137512207031,43.88741481274698,43.24297083985644,43.48580593662929,1713500
2015-11-25,43.868743896484375,44.111575480142676,43.57921077962195,43.70996652180925,2196800
2015-11-27,43.97147750854492,44.111571406740275,43.8127001485318,44.02751364269249,1155100
2015-11-30,43.61655807495117,44.13024272746765,43.39240289345404,43.97146896114423,3481900
2015-12-01,43.90609359741211,44.0181729850211,43.15891549414999,43.71930174371625,2956900
2015-12-02,43.308349609375,44.06486941672052,43.02815827574462,43.96213176306328,2335100
2015-12-03,42.21559524536133,43.467119650572286,41.97276018428243,43.41107996813281,2465300
2015-12-04,43.392398834228516,43.429758621454106,42.18757241739395,42.365029625302775,2237600
2015-12-07,42.878726959228516,43.73798450637883,42.355700471275,43.40175344718203,2108700
2015-12-08,42.90673828125,43.14957336930594,42.40239533456825,42.449093293709495,1335200
2015-12-09,42.224945068359375,43.1309005890375,42.000793402369354,42.59853592877808,1768000
2015-12-10,43.05617141723633,43.42042402841606,42.168899555994756,42.17823772215674,2472300
2015-12-11,42.80399703979492,42.96277078689469,42.33701040080694,42.3930465172773,4233700
2015-12-14,43.51382064819336,43.56051860541323,42.54248746158679,42.82267876773175,3895900
2015-12-15,43.868743896484375,44.503846269531344,43.7753443929029,43.94345993652279,4154100
2015-12-16,43.980804443359375,44.410431321948465,43.112208957658304,44.28901379092963,3441900
2015-12-17,43.64458084106445,44.42911871663179,43.420429198231574,44.14892738167762,2642300
2015-12-18,43.523155212402344,44.475808424711424,43.42042114015152,43.523155212402344,5439700
2015-12-21,44.21430587768555,44.24232394273654,43.48580768375032,43.73798095768779,2467100
2015-12-22,44.569217681884766,45.26035609409766,44.261004708970674,44.363742366608705,2404600
2015-12-23,44.812042236328125,44.92411804406549,44.46647308415627,44.68128653349692,2368400
2015-12-24,44.9521369934082,45.251008171475064,44.48515033232554,44.69996376888451,965300
2015-12-28,44.73732376098633,45.017515046349345,44.44779074717676,44.79335988036364,928300
2015-12-29,45.138946533203125,45.409796173865494,44.793373730340676,45.176302770063266,1483800
2015-12-30,45.07355880737305,45.4378114592074,44.84006543618046,45.13894022910698,1453700
2015-12-31,44.756011962890625,45.20432241376768,44.65327786250884,44.76535369381489,1768500
2016-01-04,44.14891815185547,44.569206847833755,43.66325161015005,43.84070525386293,2871700
2016-01-05,44.84006118774414,44.924118935922344,44.15826103599906,44.3730744896043,3116700
2016-01-06,44.849395751953125,45.1576050708179,44.139574088996035,44.148915816648866,4670500
2016-01-07,43.48580551147461,44.83072600913118,43.23363225013413,43.88741438366582,4324400
2016-01-08,42.8506965637207,44.42911017880971,42.63588312944175,43.84070599449972,4946100
2016-01-11,41.636531829833984,43.28032328620679,40.93605184800899,43.056168124379596,4306900
2016-01-12,42.00078201293945,42.075498027066416,40.394346736716166,40.973409206795864,7774900
2016-01-13,40.394344329833984,42.337010460939375,40.188869068283324,42.262290888439026,4197600
2016-01-14,41.216251373291016,41.46842464473314,39.84330919415926,40.47841145642251,4794900
2016-01-15,40.51576232910156,40.95472735280286,39.946038051990456,40.16085148121138,4529100
2016-01-19,40.426841735839844,41.85895969577363,39.996271910002726,41.2879849581593,4595000
2016-01-20,40.988460540771484,41.44710995123675,39.69674740662978,39.846510989526976,5212900
2016-01-21,40.32388687133789,41.11014304268797,40.23028239571599,40.98846258034798,3777400
2016-01-22,40.62342071533203,41.01654886549029,40.34261081305186,40.80126389221607,3397500
2016-01-25,40.436195373535156,40.96972821186188,40.30515272140501,40.482995810632424,2364200
2016-01-26,41.0633544921875,41.2412012620942,40.38941992560182,40.52982132376078,3797500
2016-01-27,40.38941192626953,41.521999405411684,40.0618015874902,40.876140961597386,3242500
2016-01-28,40.09923553466797,40.79189429972862,39.97755151432381,40.62340983175833,5660400
2016-01-29,40.295799255371094,40.58596774151291,39.88395032044148,40.43620416784348,7032600
2016-02-01,40.2115592956543,40.61404959214443,39.790348105066315,40.24900108385,4702400
2016-02-02,39.05088806152344,39.80906454918507,38.72327780740052,39.715463659804264,3441500
2016-02-03,38.667118072509766,39.31297276827058,37.86213758261817,39.1632092053125,5145100
2016-02-04,38.882408142089844,39.266177546372965,38.31143336655132,38.51735963199681,3949800
2016-02-05,38.29270553588867,38.854317977277006,38.011899315194505,38.676474870654495,4058100
2016-02-08,37.618770599365234,38.10550308507317,37.057158115434206,37.815338182321675,4314300
2016-02-09,37.30989074707031,38.33951498848951,36.8699586365106,37.047805355577204,6277600
2016-02-10,36.813804626464844,37.89022946982436,36.738921035285315,37.60006090997293,6629200
2016-02-11,36.841880798339844,37.00100305898768,35.812252938225214,36.48619091425328,8058200
2016-02-12,37.84343719482422,37.89023766410959,36.70148717689713,37.26310352026237,6734700
2016-02-16,37.84343719482422,39.191309991736325,37.188219912888236,38.994745878349605,5614300
2016-02-17,39.12577438354492,39.31297976321316,37.88086521444556,38.171030160817985,7226900
2016-02-18,39.33169937133789,39.659306097054014,38.87304638468981,38.901129511640846,5350400
2016-02-19,39.15385818481445,39.528265379944656,38.75136786133137,39.37850178776344,3844500
2016-02-22,40.033695220947266,40.08985787386897,39.11639331375415,39.4252789782146,3476600
2016-02-23,39.65930938720703,40.43621050213661,39.584429373965065,39.85587700958955,2499000
2016-02-24,39.65930938720703,39.70610984181399,38.61096420729878,39.25681905042474,3086800
2016-02-25,40.15540313720703,40.17412046203598,39.116416647560285,39.6593083337427,4135900
2016-02-26,39.64993667602539,40.567238829763056,39.518894021297804,40.239632192944086,2654300
2016-02-29,38.4331169128418,39.472099747557714,38.423754680541094,39.40657840403451,3550500
2016-03-01,39.406578063964844,39.444019851553676,38.26463210766851,38.835606871139376,5280700
2016-03-02,39.05088806152344,39.481457865707206,38.85432048079167,39.22873117960498,2507700
2016-03-03,38.451847076416016,39.17258202891937,38.096157146796884,39.05090154484006,4473700
2016-03-04,38.18974685668945,38.67647936204986,38.02126239057834,38.4518357876652,3557900
2016-03-07,38.56416320800781,38.77944815267576,37.87150434941226,38.002547048719215,3540500
2016-03-08,37.65620422363281,38.50798499637801,37.590682900394285,38.2271788152637,3266300
2016-03-09,37.87149429321289,38.00253695772345,37.29116096296121,37.95573651620465,4083700
2016-03-10,37.3566780090332,38.011894827053375,36.83250384048819,37.36603666800526,7999500
2016-03-11,39.19129943847656,39.22874123208147,37.459657546678194,37.628142047254315,5890900
2016-03-14,38.667118072509766,39.04152519458249,38.442470942750134,38.966645198425944,3338500
2016-03-15,38.114864349365234,38.46119191998004,37.41284697694212,38.43311236768951,7034600
2016-03-16,37.87149429321289,38.245904966652894,37.534525401245844,38.245904966652894,5147400
2016-03-17,37.178836822509766,38.068055866696724,36.991631497706614,37.899575002082926,7288100
2016-03-18,38.24591064453125,38.4143951155275,37.25372471206952,37.36604650251857,5812800
2016-03-21,38.9572868347168,39.34105622606071,38.26463162626454,38.292711181280204,5461700
2016-03-22,40.01499557495117,40.14603826401031,38.929208703345566,38.929208703345566,7592600
2016-03-23,39.91203308105469,40.09923845584213,39.453383662003255,40.06179666675554,5261500
2016-03-24,39.762271881103516,40.305167143496455,39.434665133553125,39.56570783257328,4796600
2016-03-28,39.48145294189453,39.91202269238107,39.284888956321716,39.771621375819606,2038300
2016-03-29,40.36132049560547,40.38004138859838,39.1819328022138,39.312975482518965,2763500
2016-03-30,41.2037467956543,41.54071576069188,40.464287519115764,40.473649751836575,5311700
2016-03-31,41.49390411376953,41.69982675967591,40.48299749140424,40.623402379169846,6326700
2016-04-01,42.1116828918457,42.17720422638645,41.15693885485137,41.203739298002624,4549300
2016-04-04,42.832420349121094,43.0945092749233,42.149123837000836,42.214645175790096,5400600
2016-04-05,43.005950927734375,43.1278881085845,42.21805547421818,42.45254812612093,6004300
2016-04-06,44.33786392211914,44.64739231226371,42.86525059119518,42.95904620564545,6180800
2016-04-07,44.26283264160156,44.30973403545481,43.925166221146526,44.0470998265578,5865600
2016-04-08,44.02832794189453,44.51607296435235,43.65314194020829,44.422277358449044,4872700
2016-04-11,43.77507400512695,44.1221256067811,43.5968609288172,44.08460593448235,3962100
2016-04-12,44.093994140625,44.197171473989954,43.70942635685706,43.93454086402367,3634800
2016-04-13,44.5536003112793,44.5536003112793,44.03771723381605,44.22531205600458,3295700
2016-04-14,44.71304702758789,44.9850593009692,44.19716402577468,44.33786101630242,3065300
2016-04-15,45.12576675415039,45.15390472755064,44.619261764502326,44.78809676105168,3189400
2016-04-18,45.557228088378906,45.754201039784775,44.80685238439923,45.0038253358051,3033300
2016-04-19,45.5478515625,46.05435294423837,45.360256735376225,45.669785158767795,2426200
2016-04-20,45.46343231201172,45.697924942334744,44.91940769218698,45.547849802050955,2702100
2016-04-21,45.43529510498047,45.801106648822355,45.060109007455814,45.41653526339315,2998900
2016-04-22,45.62287521362305,45.91364729724108,45.191409730633275,45.52907961404188,2117600
2016-04-25,44.384761810302734,45.36025194588756,44.281584487375234,45.34149210734862,5239600
2016-04-26,44.65677261352539,44.797466030767886,44.03771227466802,44.459799682541956,3360100
2016-04-27,44.51608657836914,44.84437845557575,44.40353110124858,44.65678360832542,2490100
2016-04-28,44.26283264160156,44.68492013976285,44.05648153655804,44.30035232545457,1888600
2016-04-29,44.112754821777344,44.37538901482271,43.72818703068018,44.234691997902914,3342300
2016-05-02,45.050716400146484,45.116374040782986,43.962670897790524,44.27220284199665,3705400
2016-05-03,45.163291931152344,45.36964305797835,44.666165012808214,44.91941753843839,4474600
2016-05-04,44.13150405883789,45.06009627562797,43.19353371294092,44.93815912880095,5430400
2016-05-05,45.247703552246094,45.285219657103866,44.11275640104319,44.38476873518701,3536200
2016-05-06,44.40353012084961,44.769338096970216,43.95330464423394,44.37539214670927,3499600
2016-05-09,44.5536003112793,45.05072354871633,44.19717050692845,44.44104484919563,6012400
2016-05-10,43.671913146972656,43.746948935616246,43.27796362785351,43.418660651411905,12371400
2016-05-11,43.146636962890625,43.94391034510614,43.13725883355516,43.61562214726987,5596500
2016-05-12,43.38114547729492,43.54059878103309,42.73394697341609,43.00595576085616,6171400
2016-05-13,43.512447357177734,43.709420287300496,43.174777432354034,43.47492768151439,3167500
2016-05-16,43.86887741088867,44.028330666406,43.221679102731436,43.27795503852661,3694300
2016-05-17,43.615638732910156,44.009584720118816,43.36238620767272,43.81261172651448,2562600
2016-05-18,44.04708480834961,44.290959092169224,43.43740625494611,43.474922347933706,3498500
2016-05-19,43.54996871948242,44.0189539492179,43.07160178143116,43.887638657383704,2189200
2016-05-20,44.14088821411133,44.17840431069247,43.634383340498246,43.80321829836927,5065200
2016-05-23,43.521820068359375,44.12212044258682,43.521820068359375,44.08460077467949,2356000
2016-05-24,44.35661315917969,44.42227078921706,43.84073024685502,43.90638787689239,3450200
2016-05-25,44.084617614746094,44.60988243187944,43.97206214610104,44.45042557139792,4637700
2016-05-26,44.3941535949707,44.52546891647523,43.86888873087843,43.981444209586,3116900
2016-05-27,44.25344467163086,44.722429881310646,44.178405320606956,44.591114595092016,2023200
2016-05-31,44.47856140136719,44.750573717390076,44.187792823201875,44.47856140136719,2804200
2016-06-01,44.88188552856445,45.02258253020069,44.30034483940991,44.544219165169594,2140700
2016-06-02,45.144527435302734,45.191425251199924,44.703680094106346,44.919412909692625,1750900
2016-06-03,44.95692443847656,45.125759407539064,44.48793920843034,45.10699956896842,2287000
2016-06-06,45.40715026855469,45.416528398893924,44.863129257044335,44.95692487273024,2006600
2016-06-07,45.35087585449219,45.51971084418028,44.91941024887763,45.097626948033835,2432500
2016-06-08,45.44467544555664,45.56661262316328,45.219560931365436,45.3696360814683,1827200
2016-06-09,45.153900146484375,45.660405084745236,44.94754548762101,45.360254805347736,2121200
2016-06-10,44.45041275024414,44.647385658077134,44.03770709886937,44.40351495000859,4378900
2016-06-13,43.32485580444336,44.38476346390474,43.287339704041116,44.24406645865754,2829900
2016-06-14,44.26283264160156,44.30035232545457,43.11851090867696,43.17478685638247,4244700
2016-06-15,44.29097366333008,44.750577261768555,44.20655616470837,44.26283211174021,3517900
2016-06-16,44.3284912109375,44.42229042249902,43.67191462037722,44.08462041702569,2366900
2016-06-17,43.559356689453125,44.328492353715355,43.559356689453125,44.281594535762615,4010000
2016-06-20,44.000205993652344,44.37539570999633,43.925170197228134,44.09400163370118,2543500
2016-06-21,44.35661315917969,44.43164891719133,43.784450744791926,44.20653806508392,2698500
2016-06-22,44.3941535949707,44.8256192450782,43.9345463916307,44.234696720233664,2640200
2016-06-23,44.92878341674805,44.92878341674805,44.49731431508809,44.647389435382344,2291500
2016-06-24,43.62501525878906,44.42229249288732,43.315486791395045,43.36238461032453,6423700
2016-06-27,42.60261917114258,43.7000465367977,42.47130387123438,43.428034228088684,5046800
2016-06-28,43.63184356689453,43.63184356689453,42.93629267707505,43.14307982108374,3628500
2016-06-29,44.40259552001953,44.534186037605025,43.87622986410486,44.06421785447243,3603900
2016-06-30,44.60939407348633,44.675189354389715,44.148827107162624,44.3556107390416,3769000
2016-07-01,44.599979400634766,45.098144506197094,44.50598361666001,44.646975499835875,2008300
2016-07-05,44.64698028564453,44.76917302512355,44.02662238720375,44.34620091582918,2655400
2016-07-06,45.201541900634766,45.24853800381258,44.18640886124438,44.37439685952847,3451600
2016-07-07,44.82556915283203,45.27673823006895,44.60938419408766,45.21094296373688,2338000
2016-07-08,45.586917877197266,45.69031146050733,44.91956385747066,44.96655996290987,2852000
2016-07-11,45.389530181884766,45.75610480875897,45.380128809846894,45.662112601817384,2011600
2016-07-12,45.934696197509766,45.981692305851915,45.323739617915386,45.61511764098064,1824100
2016-07-13,46.235477447509766,46.32007188014694,46.00049331080355,46.122686065851326,2574300
2016-07-14,46.97801971435547,47.053216345625856,46.40465795042332,46.63964204478418,2617900
2016-07-15,46.69605255126953,47.2506153121645,46.54566283232719,47.07202864141226,2089100
2016-07-18,46.733642578125,47.19420944190687,46.60205204561589,46.70544204574941,2756800
2016-07-19,46.40467071533203,46.7524498522649,46.056895163972875,46.5268634819726,2305700
2016-07-20,47.231807708740234,47.31640213462657,46.48925703546827,46.545654514583525,2530800
2016-07-21,47.12841033935547,47.36339443844326,47.00621760386944,47.19420560025423,1710800
2016-07-22,47.2412223815918,47.33521821371486,46.874647600247776,47.15662792546823,1308000
2016-07-25,46.987430572509766,47.222414714312414,46.743045057113875,47.17541501749312,2053700
2016-07-26,46.92163848876953,47.04383126411005,46.70545347736645,46.996835146078766,2582500
2016-07-27,46.8558349609375,47.05322435885157,46.64905136087388,46.92163023171774,3930000
2016-07-28,47.05322265625,47.15661265975402,46.592652191880504,46.85583326547838,2852900
2016-07-29,47.438594818115234,47.54198840357194,46.968626582819695,46.987425742500285,3501500
2016-08-01,47.372798919677734,47.69237745883582,47.34459838774673,47.43859418489501,3715300
2016-08-02,46.733642578125,47.23180776135892,46.32946960794812,47.20361081455643,5500500
2016-08-03,48.134151458740234,49.04589108981248,47.673584541911424,49.01769413976233,5425500
2016-08-04,48.3221321105957,48.86729696544491,48.11534494695318,48.434923479140274,4520300
2016-08-05,48.021339416503906,48.63229936565739,47.955544170973155,48.63229936565739,4222000
2016-08-08,47.748775482177734,47.993160990331404,47.44799607642963,47.95556266821956,5174600
2016-08-09,47.87095642089844,47.91795251915215,47.59837403122547,47.776964224391016,3666700
2016-08-10,48.698116302490234,48.87670296482445,47.57019167080265,47.72058138265609,5086400
2016-08-11,48.9424934387207,49.027087867438446,48.53832045546629,48.77330458128522,3056900
2016-08-12,48.8578987121582,48.9706900879032,48.594717640228815,48.81090260439555,1980700
2016-08-15,49.23386764526367,49.327859847234116,48.951887453779676,49.027080498241496,2280700
2016-08-16,48.9612922668457,49.30906776673751,48.82030035808171,49.027087534782716,2696900
2016-08-17,49.1586799621582,49.22447523262685,48.58531810329713,49.1586799621582,3027600
2016-08-18,49.1492805480957,49.47825688955289,48.96129253058879,49.25267413700316,1842500
2016-08-19,49.3842658996582,49.45006116958315,48.93309679778429,48.93309679778429,2713900
2016-08-22,48.1529426574707,49.130477400718505,48.04015129034916,48.87669413551535,5297800
2016-08-23,48.1717414855957,48.538316115404186,48.15294232694234,48.3033320105964,3518500
2016-08-24,47.5889892578125,48.331536418625845,47.52319398515275,48.181146711750216,3262800
2016-08-25,47.438594818115234,47.96495694687946,47.33520123265852,47.579583137360046,2919300
2016-08-26,47.711177825927734,48.08715388114669,47.43859895074606,47.61718560490969,2707100
2016-08-29,47.711177825927734,47.89916585353721,47.39159925466364,47.711177825927734,2370700
2016-08-30,47.70177459716797,47.84276649818682,47.34459774400706,47.6359793328453,2878600
2016-08-31,48.0307502746582,48.105946910345956,47.44799069036989,47.69237617078215,3446700
2016-09-01,48.0401496887207,48.07774800503202,47.57957927783909,48.07774800503202,2695000
2016-09-02,48.18114471435547,48.31273883979305,48.011959438510885,48.25634135746266,2226500
2016-09-06,48.209354400634766,48.604126095173235,48.087161625174495,48.32214580113519,3957400
2016-09-07,48.9142951965332,48.92369298366504,48.30333505134321,48.35033115814865,3766400
2016-09-08,48.3221321105957,48.970686961693204,48.21873852877444,48.904891697911125,5517300
2016-09-09,47.363399505615234,48.152946306442765,47.354001718298335,48.152946306442765,3173300
2016-09-12,48.07775115966797,48.25633779550554,47.062618066090984,47.17540943685297,5678000
2016-09-13,47.297603607177734,47.861564063576736,47.175410860247794,47.68297742235079,3880000
2016-09-14,47.5137825012207,47.77696712143057,47.32579451123441,47.39158976989371,3544600
2016-09-15,47.67357635498047,47.87096214258168,47.18480898646349,47.66417498286257,3331000
2016-09-16,47.476192474365234,47.81457019829902,47.27880666392829,47.81457019829902,8679600
2016-09-19,47.297603607177734,47.786371009324334,47.250607500073336,47.60778436809838,2429000
2016-09-20,47.56077575683594,47.701767637283496,47.476181345681894,47.607775440700095,1722800
2016-09-21,47.99315643310547,48.049550325344974,47.39159409315773,47.56078294102225,2487000
2016-09-22,48.5289192199707,48.707505852097654,48.07775016072396,48.1247462654339,3172900
2016-09-23,48.41612243652344,48.660507908697475,48.24693718307509,48.52891738625276,2560500
2016-09-26,48.134151458740234,48.31274170392053,47.99316312291598,48.31274170392053,3267000
2016-09-27,48.75450134277344,48.76390271494079,47.83336407688257,48.12474565933115,3203400
2016-09-28,48.64170837402344,49.03647993830289,48.14354323274523,48.85789331430592,2842300
2016-09-29,47.95555877685547,48.79210165530925,47.870964351754914,48.63231417765991,2877900
2016-09-30,48.88610076904297,48.98949436827091,47.88977027227963,48.068356934671996,3971600
2016-10-03,49.21507263183594,49.280867895869974,48.52891946007174,48.65110861580754,2412700
2016-10-04,49.1680793762207,49.450059607789385,48.66991059535708,49.280870751733545,3189800
2016-10-05,49.0458869934082,49.27146974611532,48.82970202807505,49.16807974270893,2607500
2016-10-06,48.547725677490234,48.89550120731488,48.312741533040764,48.82030456001577,2702500
2016-10-07,48.735713958740234,49.07409172706018,48.45373368033154,48.95190254394647,3323600
2016-10-10,49.52525329589844,49.94822544144385,48.87669839644429,48.87669839644429,3118800
2016-10-11,47.89916229248047,49.20567342959519,47.21300909045522,49.16807869532698,7512200
2016-10-12,48.33153533935547,48.47252725509132,47.73937789864096,47.96496066113029,4602000
2016-10-13,47.95555877685547,48.12474762705658,47.60778328947455,48.05895236148649,2812200
2016-10-14,47.166015625,48.0965507869628,47.166015625,48.087152999262706,2485400
2016-10-17,47.025020599365234,47.26940609027947,46.87463090709998,47.137815557744,2644600
2016-10-18,47.99315643310547,48.058951697766894,47.47618851708999,47.5325859949025,2032600
2016-10-19,48.0401496887207,48.303330731754315,47.76756727382286,48.303330731754315,1605200
2016-10-20,48.2187385559082,48.32213213778764,47.90856139584284,48.011954977722276,1497800
2016-10-21,47.880367279052734,48.09655225850256,47.65478451161528,47.917965602150126,2032200
2016-10-24,47.96495056152344,48.11534023337439,47.75816700371125,47.99315109007666,1674000
2016-10-25,46.987430572509766,47.429198320908796,46.658450622641986,47.429198320908796,3556800
2016-10-26,45.840702056884766,46.65844578155165,45.80310373755976,46.583252728474726,3930100
2016-10-27,45.840702056884766,46.291871132065566,45.73730847152754,46.16967838704584,2564500
2016-10-28,45.643310546875,45.79370021978181,45.02295269793783,45.577515289076565,3621800
2016-10-31,44.92896270751953,45.850100021103096,44.89136438804924,45.765505595081486,4635800
2016-11-01,44.50042724609375,45.11260387280749,44.13312270715044,44.83947869518368,8722800
2016-11-02,47.19401550292969,48.01338773559376,45.988502002668646,47.94746144059284,8106200
2016-11-03,46.10151290893555,47.2976097748272,45.87547735621743,47.25051648983906,4550200
2016-11-04,47.03390884399414,47.29761763142208,46.12035716542861,46.205120062688685,4234200
2016-11-07,47.07156753540039,47.88152306123907,46.92087838589873,47.674324133407026,9364500
2016-11-08,47.40121078491211,47.99454739362956,46.47823554148051,46.82670717954251,3852200
2016-11-09,48.032222747802734,49.15297331854127,47.39179282374828,48.87043155033219,5102900
2016-11-10,48.11697006225586,48.82332605049056,47.542466616991,48.644383826847545,5661800
2016-11-11,47.66492462158203,47.99455613087782,47.2128570119561,47.88154012664983,3526600
2016-11-14,46.11093521118164,48.03222507649263,46.05442901042841,47.89095238918218,3681300
2016-11-15,46.289886474609375,46.32755608191881,45.43284093400163,45.87548845977875,5996800
2016-11-16,45.997920989990234,46.751366968356265,45.931994691427825,46.39347878136472,2941500
2016-11-17,46.34638214111328,46.676017177277274,45.96024091047962,46.22394965795347,3645100
2016-11-18,46.98681640625,47.194015385861,46.36522306013061,46.384059657614664,4747900
2016-11-21,47.090396881103516,47.231669508831686,46.854944896697994,47.043307202764844,2730200
2016-11-22,46.741943359375,47.0904113977587,46.21452945834332,46.949138726480115,3018500
2016-11-23,47.25994110107422,47.25994110107422,46.026170926352364,46.506495174520765,2056200
2016-11-25,47.25994110107422,47.551902969425875,47.1469251102696,47.420046788654645,804700
2016-11-28,47.231685638427734,47.45771760872802,46.89263409026392,47.09041296245501,2695200
2016-11-29,47.51422119140625,47.63665725507592,47.118659905978426,47.118659905978426,2313600
2016-11-30,47.448299407958984,47.86269373381364,47.344699928317,47.664914868704365,3782100
2016-12-01,46.29928970336914,47.60840249076934,45.79071242701259,47.47654992120574,4252000
2016-12-02,46.24278259277344,46.48765474415852,45.72478878552338,46.44998155275877,3182800
2016-12-05,46.920894622802734,46.939731222097905,46.101522313389474,46.101522313389474,2578200
2016-12-06,47.2976188659668,47.30703536914645,46.66660537151263,46.789041469131604,2573000
2016-12-07,48.2770881652832,48.39010773934712,46.89263251377628,48.22058197096452,4037800
2016-12-08,48.672645568847656,48.69148216300783,47.71200082295702,47.938036360166045,3217000
2016-12-09,48.87042236328125,49.42608929314294,48.59729714851421,48.84216926958563,2664300
2016-12-12,47.95687484741211,48.9081032013904,47.81560576412052,48.8045037180152,5021800
2016-12-13,48.079307556152344,48.43719567561612,47.853275601648065,48.277086414521875,5177700
2016-12-14,47.881526947021484,48.47486709314806,47.627238312967236,48.06046920385388,2890500
2016-12-15,49.27540588378906,49.69922030219874,48.653812601025955,49.134133213414756,3995200
2016-12-16,49.407257080078125,49.68038231905966,49.19064162621065,49.407257080078125,3959800
2016-12-19,49.34131622314453,49.972329396081776,49.21888018790976,49.407242489952765,2137800
2016-12-20,50.010032653808594,50.36792090938334,49.75574750646061,50.12305226675715,2580800
2016-12-21,50.02885818481445,50.30198346659369,49.66155350580072,50.22664066734883,2754600
2016-12-22,50.160701751708984,50.26430122565264,49.60503478550371,49.60503478550371,1515800
2016-12-23,50.65043640136719,50.65043640136719,50.085353001512466,50.104189593869314,1942400
2016-12-27,50.59394836425781,50.99892626340749,50.52802206371846,50.65045456888358,1345000
2016-12-28,50.330238342285156,50.71637963290709,50.245475444699174,50.63161673532111,1241900
2016-12-29,50.499755859375,50.65044503119153,50.292560493573056,50.35848678169821,1046700
2016-12-30,50.41499710083008,50.6127795741021,50.17012852385962,50.51859658856458,1701200
2017-01-03,50.47149658203125,51.2155258485793,50.236044555354994,50.744621795226784,3579700
2017-01-04,50.96125793457031,51.027184241408975,50.01002934838802,50.593953198550835,3316300
2017-01-05,50.79172134399414,51.017753321571675,50.48092288393315,50.98950022255286,2469100
2017-01-06,50.95182418823242,51.53574788196747,50.6033561464774,50.7163721289657,2845800
2017-01-09,50.810546875,51.18726795315518,50.28313305432747,50.94239943198995,2123300
2017-01-10,50.79172134399414,51.13077290307395,50.5656857737031,50.88590073586586,2087100
2017-01-11,50.20779800415039,50.961243869149634,49.64271091086599,50.70695521607865,3400500
2017-01-12,50.28313446044922,50.462080300836256,49.944082965729386,50.00059274575363,1513600
2017-01-13,50.61277770996094,50.744630292143604,50.245469468963414,50.433831840387256,2458700
2017-01-17,50.123046875,50.55627789988977,49.849921562159615,50.3867520914174,2213400
2017-01-18,50.297607421875,50.96761221984628,50.05225481973592,50.38253786104144,3199900
2017-01-19,50.486351013183594,50.599590418722684,50.12775536252471,50.297616270741244,2902500
2017-01-20,50.92987060546875,51.3262102740829,50.580710116662566,50.60902266428882,3573500
2017-01-23,50.72227096557617,50.95818850495095,50.57128388436895,50.62790538975265,2978600
2017-01-24,50.75056457519531,50.94873798421748,50.44859050407519,50.722255630969954,2490900
2017-01-25,50.958187103271484,51.23185230537449,50.70339573577722,51.05255267649934,5709100
2017-01-26,50.80720520019531,51.37340589685354,50.57128764328501,50.60903531634656,2272000
2017-01-27,51.57157897949219,51.63763560692811,50.92988294170076,51.0431223601886,2326800
2017-01-30,51.21296691894531,51.43944568353298,50.83549751154579,51.32620630123915,2317100
2017-01-31,51.845218658447266,51.873531200945045,50.769435638713325,50.96760543712438,3616500
2017-02-01,52.203834533691406,52.23214348740193,51.54326468185592,51.83580373619029,2492100
2017-02-02,52.56242370605469,52.58129753946383,51.63762746790025,51.911289052793805,2723000
2017-02-03,52.7700309753418,52.91158293217598,52.40200020735187,52.70397435543672,2309400
2017-02-06,52.628482818603516,52.70397455600412,52.29819611800542,52.52467852983885,2894300
2017-02-07,52.82664489746094,53.14749283373667,52.552979740087316,52.94932300245865,2402700
2017-02-08,52.80778121948242,53.147503052601614,52.590737514948714,52.81721993696683,2888900
2017-02-09,52.80778121948242,53.317363969161214,52.760598431508306,52.80778121948242,2655800
2017-02-10,52.590728759765625,52.93045053632873,52.42086787148408,52.845520092187954,6160900
2017-02-13,52.033973693847656,52.36426042019427,51.38284255876632,51.43002534829695,5636000
2017-02-14,51.92072296142578,52.14720174173182,51.70367929704279,52.0339623515788,5216300
2017-02-15,52.04340362548828,52.19439068638578,51.14691637649012,51.703681838515045,5639900
2017-02-16,49.80691146850586,51.78862102708704,49.070849872361585,51.609321387132645,12881800
2017-02-17,49.55210876464844,50.505217454550944,49.3728127654719,50.023943751780095,8167500
2017-02-21,50.458038330078125,50.637334342239654,49.39169017398512,49.53324212030221,5931400
2017-02-22,50.37311553955078,50.5241026253269,49.759728478688764,49.88240661082438,3595600
2017-02-23,50.56183624267578,50.760006062708605,50.25985855524448,50.48634092086419,4673400
2017-02-24,50.84494400024414,50.873252950191954,50.203248069445955,50.514657318318704,4819700
2017-02-27,50.79776382446289,51.12804692352585,50.533533745396724,50.81663405885295,4220600
2017-02-28,50.307044982910156,50.929866989234654,50.240988376164765,50.44859331172954,4106300
2017-03-01,50.854373931884766,51.03367352944795,50.533525999199064,50.70338688119828,3581100
2017-03-02,50.363677978515625,51.033686561863064,50.30706006993426,50.95819121733303,3299900
2017-03-03,50.41084671020508,50.69395057342364,50.250424547542046,50.33535498654458,2483600
2017-03-06,50.09001541137695,50.32593295886878,49.90128065342027,50.023955186248436,1832300
2017-03-07,50.080570220947266,50.3731092379619,49.674791803720616,49.882400370622335,2763200
2017-03-08,50.01450729370117,50.40141182877304,49.816337468379885,50.033381124657744,2095300
2017-03-09,50.66564178466797,50.69395433297863,49.92958032526845,50.06169355133345,3188000
2017-03-10,50.33536911010742,50.73170887011783,50.203255856770625,50.675090961439864,2833500
2017-03-13,50.54296875,50.609025364960694,50.24099462451807,50.32592507229834,2297800
2017-03-14,50.41084671020508,50.533524810945444,50.071128554010095,50.3259198710177,2277500
2017-03-15,51.222412109375,51.326216396818346,50.38254629251996,50.38254629251996,2926100
2017-03-16,51.36395263671875,51.41113541147258,51.052539843676534,51.41113541147258,3245900
2017-03-17,50.958187103271484,51.7319963231507,50.81663514361382,51.54326157687912,4510200
2017-03-20,51.222412109375,51.38283789900992,50.797763442293345,50.99593330024022,2180600
2017-03-21,50.382537841796875,51.70367720614463,50.24098950978365,51.40170311140489,3008300
2017-03-22,50.83552169799805,50.91101705532305,50.24101195823912,50.391999073072355,3276800
2017-03-23,50.769439697265625,51.13747038082533,50.580704998056426,50.85437013191902,3015600
2017-03-24,50.816627502441406,51.156349274683954,50.57127488905253,50.816627502441406,2384000
2017-03-27,50.92987060546875,51.11860172396196,50.39197899816936,50.47690944141744,3168400
2017-03-28,51.10916519165039,51.250717126413015,50.66563915588839,50.778882143624585,2328200
2017-03-29,50.78832244873047,51.21297469659255,50.693956882456945,50.995931014310955,2269900
2017-03-30,50.458038330078125,50.788321405063975,50.25042976876386,50.788321405063975,2697500
2017-03-31,50.363677978515625,50.62790808455456,49.995647173472136,49.995647173472136,3163800
2017-04-03,50.174930572509766,50.43916061196055,49.84464752296535,50.34479145507983,2806500
2017-04-04,49.78253936767578,50.27421558048251,49.517786475850826,50.17966329500548,3001600
2017-04-05,49.801448822021484,50.42550691474165,49.75417267749564,49.86763975268401,3762900
2017-04-06,49.801448822021484,49.88654732494345,49.40432487967806,49.81090621508982,4210500
2017-04-07,49.678531646728516,49.8865474043611,49.5177884267584,49.71635400518485,2218700
2017-04-10,49.86764144897461,50.170213112558585,49.612345931524615,49.73526319008522,1772300
2017-04-11,49.971656799316406,49.981114194461156,49.50834543152745,49.706907446294146,1976400
2017-04-12,50.32150650024414,50.33096028811495,49.66908332204057,49.706905687402376,2764500
2017-04-13,50.208045959472656,50.453887759482924,50.0756712703624,50.217503355517536,2104900
2017-04-17,50.58625411987305,50.65244145353083,50.11348538978077,50.19858390547495,1975300
2017-04-18,50.63352584838867,50.718624356649045,50.16075715959524,50.30258920900881,2194400
2017-04-19,50.91717529296875,51.23865807587492,50.71861335242207,50.79425805754732,4102700
2017-04-20,51.333221435546875,51.49396104694761,50.72807813413938,51.049560963879436,2232800
2017-04-21,51.238677978515625,51.418332419502235,51.05902714446848,51.27650034576959,2124700
2017-04-24,51.9951057434082,52.14639159049301,51.61688932222663,51.70198783664553,2770600
2017-04-25,52.11801528930664,52.155837647206475,51.72089135217408,52.11801528930664,4346100
2017-04-26,52.54350280761719,52.64751247849335,52.08019159163568,52.14637890820447,2665800
2017-04-27,53.385040283203125,53.564694696112404,52.4962364332786,52.62861109103981,2986400
2017-04-28,53.05409622192383,53.53631863734562,53.025731258351485,53.38503282006247,3341800
2017-05-01,53.21484375,53.47959667487878,52.978459399856874,53.08246909103008,3607800
2017-05-02,53.39449691772461,53.451226851993326,52.84608350686797,53.224299901040744,3728600
2017-05-03,52.56242370605469,53.328310291205675,52.47732519659346,53.03519240151949,5795900
2017-05-04,55.66377639770508,56.35401815117421,52.45840572609895,52.45840572609895,6923200
2017-05-05,56.231109619140625,56.36348427635172,55.295026017958186,55.55977533238038,6896000
2017-05-08,55.6070556640625,56.48640573258658,55.1248295712905,56.1554654791876,3160700
2017-05-09,56.19328308105469,56.43912119661064,55.36120923151235,55.597593560944034,3130500
2017-05-10,56.6376838684082,56.855157007493716,55.77724509770534,55.77724509770534,4052800
2017-05-11,56.46749496459961,56.62823459207274,56.0230912301568,56.42967260274513,3175500
2017-05-12,56.61878204345703,56.91189633689296,56.325664143082065,56.76061049310502,3425100
2017-05-15,56.732234954833984,56.79842227372622,56.31619986366301,56.51476182033972,2319400
2017-05-16,57.04426956176758,57.091545707469535,56.637688216241024,56.95917105672856,1816300
2017-05-17,56.4769401550293,57.04426467567513,56.439117798931896,57.04426467567513,2397600
2017-05-18,56.64712905883789,57.0064341765619,56.363468642503314,56.476932087649566,1583700
2017-05-19,57.02536392211914,57.30902443082727,56.67551247467135,56.71333483768285,2567700
2017-05-22,57.02536392211914,57.564319970746304,56.99699534639098,57.10100504120308,3117300
2017-05-23,58.08436584472656,58.11273081400735,57.20501572763099,57.20501572763099,3330500
2017-05-24,58.90697479248047,59.086629193178595,58.04653596857792,58.08435832735002,3689100
2017-05-25,59.17173767089844,59.22846761168029,58.78406383854638,59.152826488324735,2864900
2017-05-26,59.200103759765625,59.67287251222254,58.99208435446399,59.36084340427009,1985500
2017-05-30,58.8691520690918,59.28519079913072,58.49093930452934,59.0488064686772,2884400
2017-05-31,58.88805389404297,59.28518138172961,58.71785691459699,59.17171793107831,3789800
2017-06-01,59.228458404541016,59.228458404541016,58.613861297662204,59.048807608426664,3112500
2017-06-02,59.0960807800293,59.85250989262597,58.99207110074629,59.3608300677035,4110100
2017-06-05,59.256832122802734,59.36084182268235,58.76515580745419,59.020447752872414,3364600
2017-06-06,59.54994201660156,59.64449791599733,59.08663073384797,59.09608452031817,2420400
2017-06-07,59.81468963623047,59.96597546406366,59.427019476974245,59.50266419436017,1904700
2017-06-08,59.17173767089844,60.03217663983606,59.058270575456206,59.814699843708084,3202000
2017-06-09,59.181175231933594,59.66339763105593,58.97315588759856,59.086622951929456,2021700
2017-06-12,58.481483459472656,59.294646154867955,57.92361628055766,59.200093862959136,4522600
2017-06-13,58.68511199951172,59.007141491592066,57.70008018690454,58.45779918926205,2007100
2017-06-14,58.94083786010742,59.291280527840875,58.44832198522897,58.732464786447224,1822100
2017-06-15,59.0923957824707,59.23446902532894,58.46728001742523,58.56199671702161,1605500
2017-06-16,59.24394989013672,59.67016608478556,58.97875030816558,59.41443636799625,2821300
2017-06-19,59.698570251464844,59.944830065773836,59.47125739079646,59.5565006168153,1839500
2017-06-20,59.67015075683594,60.47522277419921,59.528077524090705,60.030066963537436,2077500
2017-06-21,59.67015075683594,60.12478004331933,59.51860766134147,59.79328065101031,2363000
2017-06-22,60.1531982421875,60.46575793496562,59.49019940248729,59.67015571425268,2379300
2017-06-23,59.46177673339844,60.16266579747793,59.17763388533953,60.14372245919768,5215500
2017-06-26,59.40495681762695,59.594382994966736,58.950327488480546,59.54702645063179,1911700
2017-06-27,59.442832946777344,59.859579159654665,59.31023319288813,59.404949883574936,2329900
2017-06-28,59.62279510498047,60.1058375999785,59.3007655706243,59.67015164557675,1635200
2017-06-29,59.19657897949219,59.93535112897307,58.77036288822536,59.73645149073936,1782100
2017-06-30,59.08293151855469,59.603860769950856,59.07345804116089,59.15870127234012,1890200
2017-07-03,59.35759353637695,59.51861011432915,58.97873758856289,59.10186748781192,744300
2017-07-05,59.24394989013672,59.55650963723698,59.04505020365836,59.39549302455927,3000300
2017-07-06,58.52412033081055,59.196592757396985,58.40099040621464,59.05451948954992,2319600
2017-07-07,59.281822204589844,59.4901953188049,58.836662774429485,59.0071492109559,2289500
2017-07-10,59.168155670166016,59.395468471295224,58.988195788444244,59.19656886703921,1596800
2017-07-11,58.921913146972656,59.19658617395731,58.68512680227683,59.11134294534389,1220200
2017-07-12,59.2534065246582,59.61331910843,59.11133329580408,59.14921997190815,2016200
2017-07-13,59.717506408691406,59.75539308526972,59.18710738888433,59.25340726636021,2976100
2017-07-14,60.001651763916016,60.172138202569485,59.57543928035482,59.81222559925437,2131400
2017-07-17,59.7364387512207,60.15318127765486,59.69855208161623,60.09635488631983,1695800
2017-07-18,59.158687591552734,59.6701468603502,58.9692578312864,59.6701468603502,1808400
2017-07-19,59.12080764770508,59.471254008670876,58.99768136062554,59.39548065070879,1850600
2017-07-20,59.43336486816406,59.61332116626199,59.21552189265422,59.25340857006613,1394600
2017-07-21,59.82169723510742,60.067953424308996,59.09239491771485,59.433367805126714,2097200
2017-07-24,59.944820404052734,60.10583335331854,59.717503966949735,59.859577191773134,1811900
2017-07-25,58.04106140136719,59.69856563563144,57.8895183016145,59.651209094409815,6067900
2017-07-26,58.779842376708984,58.91244214909494,57.58643719908973,57.66221056220903,3153600
2017-07-27,58.73247146606445,58.91243136399111,58.43885877041091,58.7798316158802,2090500
2017-07-28,58.921913146972656,59.338659426003964,58.77984350799889,58.865086736612305,1540600
2017-07-31,59.21552276611328,59.50913910077792,59.02609298933198,59.1492228862007,2130400
2017-08-01,58.978736877441406,59.376536159810684,58.647233862394515,59.29129294029262,1751000
2017-08-02,58.28732681274414,58.92191247501705,58.13578369838995,58.76089949673509,1831100
2017-08-03,58.98820877075195,59.16816869207986,57.96529371440055,57.99370691752701,1768800
2017-08-04,58.83666229248047,59.52807789580848,58.59040611566639,59.07344860648619,1277500
2017-08-07,58.561988830566406,59.04503128770303,58.01264288610498,58.83665818972495,4208300
2017-08-08,56.82872009277344,57.775865427652995,56.35514742533366,57.29282289661642,4663700
2017-08-09,57.59590530395508,57.65273170792145,56.60139987767385,56.781359791760636,4017300
2017-08-10,56.58246612548828,58.126310480775686,56.55404930743248,57.65273779467144,2690700
2017-08-11,56.57299041748047,57.03709322131273,56.48774719282037,56.87607663558911,2285200
2017-08-14,57.529598236083984,57.614841444455564,56.866595905757485,57.00866551099543,2475400
2017-08-15,57.804290771484375,58.41993681368221,57.35913482748946,57.643277765014055,2220800
2017-08-16,58.24943161010742,58.287318286422085,57.85163234802042,58.03158864090659,1388900
2017-08-17,57.681148529052734,58.694593681381185,57.662205190037795,58.17366089115139,1765700
2017-08-18,57.53907012939453,57.85162977548316,57.24545382062086,57.50118345476461,1513100
2017-08-21,58.10736083984375,58.22102087359837,57.44436204163749,57.605375003181166,1806300
2017-08-22,58.34414291381836,58.54304615188636,57.87057031350142,58.022113401079956,3459300
2017-08-23,58.11682891845703,58.34414173871043,57.99369903319437,58.19259865418412,1597900
2017-08-24,58.14524841308594,58.35362153177214,57.91793556822146,58.35362153177214,2099000
2017-08-25,58.08842086791992,58.69459325975386,58.00317764950125,58.467276806279905,1965900
2017-08-28,58.28732681274414,58.57146970052414,58.13578369838995,58.27785333574353,2102100
2017-08-29,58.24943161010742,58.41044456483626,57.85163234802042,58.11683185607842,1331300
2017-08-30,58.666175842285156,58.90296215623007,58.24943323044818,58.268376569132464,2101800
2017-08-31,59.386009216308594,59.499665637172114,58.609350383108314,58.874549902814024,2934200
2017-09-01,59.547027587890625,59.6417442914422,59.130284931482116,59.43337115670154,1407500
2017-09-05,59.83116912841797,59.90694248955714,59.329183256625505,59.386013277479876,2859900
2017-09-06,60.0395393371582,60.23843898086166,59.72698327034885,60.19108243899024,3216100
2017-09-07,61.4223747253418,61.67810801741207,59.88800026442971,60.21950330597731,2558500
2017-09-08,61.28028869628906,61.64020848026336,61.20452257568653,61.422361914902915,2608200
2017-09-11,61.82963943481445,61.93382598816659,61.10980703696641,61.87699958675438,1842400
2017-09-12,61.94329833984375,62.03801141586044,61.73492523692033,61.801225112746465,1832000
2017-09-13,61.82963943481445,62.35057220157513,61.772813033402244,61.86752611113747,1517200
2017-09-14,61.80122375488281,61.82016347921222,61.34659088338936,61.65915053090709,2584700
2017-09-15,61.753875732421875,62.17062201095519,61.44132324966765,61.95278262073697,2115400
2017-09-18,61.753875732421875,61.96224887168854,61.22347663330366,61.8580623020552,1584900
2017-09-19,61.35607147216797,61.952777636818475,61.11928514680385,61.924357207812825,2005800
2017-09-20,61.071929931640625,61.640215646015896,60.62677050043411,61.299242772161755,2634700
2017-09-21,60.84461212158203,61.43184480969791,60.80672544239922,61.090871923197746,1232200
2017-09-22,60.76884460449219,61.13823068542517,60.560467873735426,60.901444365537614,1538400
2017-09-25,60.30472946166992,60.88248857642747,60.15318638346073,60.787775507448714,2214300
2017-09-26,59.98271560668945,60.74990101320269,59.94482892627399,60.34262823141823,1580000
2017-09-27,59.86906051635742,60.314220015370125,59.68910418911142,60.0395469792528,1959700
2017-09-28,59.973228454589844,60.36155780761735,59.47124269930527,60.02058498777429,1689700
2017-09-29,60.38998031616211,60.40892365497105,59.56596494987156,60.01112437920059,1981400
2017-10-02,60.38051986694336,60.986692351045306,60.323689841656424,60.46576309833726,1838500
2017-10-03,60.228965759277344,60.71200824034679,60.04900946497155,60.38050885265917,1809500
2017-10-04,60.21002960205078,60.62677586835919,60.124786376039765,60.31421616862788,1954400
2017-10-05,60.38051986694336,60.607836355018094,59.935360368211555,60.06796014747473,2345500
2017-10-06,60.38051986694336,60.57941953583812,60.21950688157322,60.38051986694336,2543600
2017-10-09,60.361568450927734,60.49416821245373,60.1531953324883,60.43734180784117,1257600
2017-10-10,60.60783386230469,60.64571693119822,60.086901017948854,60.38051738357915,2014600
2017-10-11,60.88250732421875,60.88250732421875,60.41840808501017,60.52259466081257,1612000
2017-10-12,61.47920227050781,61.50761547211325,60.79725652739797,60.84460945469207,1837900
2017-10-13,61.9811897277832,62.06642933483547,61.2992439667849,61.49814360938523,2401600
2017-10-16,62.23691177368164,62.32215860139818,61.90541239066088,62.12325174544113,2453400
2017-10-17,62.33162307739258,62.61576952683723,61.971710504087824,62.18008360352798,2251600
2017-10-18,62.0948486328125,62.42635529583424,61.80123587817174,62.42635529583424,1723200
2017-10-19,62.11377716064453,62.21796369934749,61.71597795440245,62.03800381865262,1572000
2017-10-20,62.45475387573242,62.50210679782833,61.79174793109305,62.16113396370387,1690100
2017-10-23,61.82963943481445,62.843084541485084,61.82016595919754,62.70101131180993,1782100
2017-10-24,61.54551315307617,62.2558722247933,61.41290614496785,61.8770126079816,1780700
2017-10-25,60.97721481323242,61.55497405275515,60.882501723800694,61.384487601319826,1964400
2017-10-26,60.37104034423828,61.17610875536445,60.228967110286796,61.17610875536445,3112800
2017-10-27,60.66465377807617,60.96773995716526,60.162664358338674,60.38997718611936,2911700
2017-10-30,59.897464752197266,60.66465367405414,59.69856151188991,60.66465367405414,3912200
2017-10-31,60.44681167602539,60.7498978775597,59.90693915372537,60.05848225449252,3798400
2017-11-01,61.10033416748047,61.640206600837,60.63622785241633,60.80671426432597,3066000
2017-11-02,63.75232696533203,64.26378612707558,60.90142574821918,60.90142574821918,5185600
2017-11-03,65.0594253540039,65.16361193492835,63.875493503632,64.18804602025881,4320700
2017-11-06,66.02549743652344,66.75480335798638,65.2109519073323,65.27725178872483,3884100
2017-11-07,64.83207702636719,66.54641451354794,64.54793784159965,66.04442878359625,5010100
2017-11-08,65.93719482421875,66.04154141395584,64.277144653076,64.50480665011857,3933500
2017-11-09,65.73798370361328,65.92770081104975,65.41545593627882,65.60518028095902,2406600
2017-11-10,65.57675170898438,65.68109834574784,65.05502576241476,65.40600332493942,1905700
2017-11-13,65.3395767211914,65.73799429056217,65.03602495806054,65.4628993744053,2747300
2017-11-14,66.30715942382812,66.3545850943394,65.04551934484935,65.24472453038616,2372000
2017-11-15,66.04156494140625,66.71507038230975,65.785438770899,66.10796668241795,2075500
2017-11-16,66.79093170166016,66.86681420388601,66.12690733716572,66.37354537182044,2055500
2017-11-17,67.15144348144531,67.46448344500295,66.62971020884923,66.62971020884923,2355100
2017-11-20,67.30317687988281,67.48341322197741,66.86682168497798,67.16089264901308,2268300
2017-11-21,67.69213104248047,68.43203826122395,67.32217743310872,67.37909114616673,2725400
2017-11-22,67.41702270507812,68.13796095601622,67.30318806422078,67.66366080831277,1437200
2017-11-24,67.6257553100586,67.74907081486607,67.28425842586086,67.51192060290931,1200300
2017-11-27,67.86287689208984,68.10951503490344,67.55932503833736,67.8154439748094,1997500
2017-11-28,67.72057342529297,67.94823546611482,67.597257994274,67.91029058643687,2610400
2017-11-29,67.92928314208984,68.39409536584799,67.61624323665684,68.28974873070366,1618400
2017-11-30,68.57433319091797,68.97274367662935,68.1474586100149,68.1474586100149,2602100
2017-12-01,68.58380889892578,68.63123457456136,67.616232479206,68.50791913321316,1932200
2017-12-04,67.36958312988281,69.04860953948834,67.35061431023964,68.71660091639394,3581400
2017-12-05,67.2083511352539,68.08106195125839,66.97120098499737,67.17989427518283,2261500
2017-12-06,67.32217407226562,67.45497755426942,66.85736188525233,66.97118930568588,1507400
2017-12-07,67.9577407836914,68.14745799309908,67.12297493015093,67.32218017120329,2694400
2017-12-08,68.18539428710938,68.28026011710223,67.63521155428303,68.194882317558,1640000
2017-12-11,68.08106231689453,68.27078678046765,67.84391216536436,68.14746406983305,1172500
2017-12-12,68.51741027832031,68.92530874101232,67.95773227730257,68.08104772425717,1939900
2017-12-13,68.65969848632812,69.23834534419653,68.35614662951578,68.43203640303065,1595100
2017-12-14,68.07157897949219,68.73559648407938,67.8913425551408,68.53639123270322,1364500
2017-12-15,68.26127624511719,68.55534002015476,67.8438898000993,68.498426318469,2843200
2017-12-18,68.89686584472656,69.17196091463578,68.21387942389042,68.26130511627197,1657800
2017-12-19,69.0581283569336,69.79803568606707,68.99172660271003,69.07709718503386,1946300
2017-12-20,68.97274780273438,69.39962240917404,68.46050261735564,68.94429094308802,1806300
2017-12-21,68.56482696533203,69.5418840941324,68.55533893611914,69.24782032374473,1163500
2017-12-22,68.28972625732422,68.65019896455807,68.10000911253968,68.55533315492063,1345700
2017-12-26,68.62174987792969,68.8209623319139,68.20437062072837,68.67867082360236,791900
2017-12-27,68.7260971069336,68.95376641713625,68.53637991901152,68.85890058592841,1159800
2017-12-28,68.669189453125,68.86839468918275,68.43203932868757,68.76404805545049,710500
2017-12-29,68.33717346191406,69.0201669056492,68.33717346191406,68.82096169076758,1704100
2018-01-02,68.08106231689453,68.8589145244236,67.79648647740729,68.81148883646652,2135600
2018-01-03,68.39408874511719,68.4699785155572,67.67315040043079,68.08104886998728,2328200
2018-01-04,68.80198669433594,69.16245948257637,68.54586776759645,69.01067994284423,2534000
2018-01-05,69.5893325805664,70.1205465394685,68.83993732440243,69.08657547842728,2166100
2018-01-08,70.42408752441406,70.59483587585369,69.39960465302255,69.65572356155886,3631400
2018-01-09,71.24937438964844,71.59087110192387,70.642270731658,70.86044476396113,2721800
2018-01-10,70.11106872558594,70.95532261926232,69.51344575917055,70.74662934446633,2257200
2018-01-11,70.7560806274414,70.84145840299686,69.93080314145863,70.24384292308747,1629300
2018-01-12,71.51498413085938,71.79956714796198,70.92684927289582,71.05965998819133,1915700
2018-01-16,71.65727233886719,72.47306923058905,71.34423248192233,72.15054134357867,2599100
2018-01-17,72.82404327392578,73.07068138318863,71.5149774396773,71.9133878365469,2769600
2018-01-18,72.52570343017578,72.82975429363489,72.06962351041491,72.82975429363489,2589000
2018-01-19,72.80122375488281,73.0767708807457,72.42115850372222,72.86773463015028,4829600
2018-01-22,73.6183853149414,73.71339984617263,72.80124729789355,72.84875093893713,4195100
2018-01-23,73.722900390625,74.41652028117983,73.13380591421804,73.44736040922821,2264100
2018-01-24,74.42604064941406,74.59706975341963,73.73242060285091,74.2645151759494,2585300
2018-01-25,75.3001708984375,75.42368907381542,74.44502555197016,74.55904734788069,2327300
2018-01-26,76.09828186035156,76.136289115735,75.42366938786691,75.52818752788565,2532800
2018-01-29,75.23365783691406,75.9652777378582,75.16714693682823,75.83225593768654,2662400
2018-01-30,74.44501495361328,74.76807303812865,74.0269495930818,74.53053310065755,3808700
2018-01-31,72.90575408935547,74.8440734215062,72.72522143376437,74.57802987588327,4136400
2018-02-01,73.94144439697266,74.36901345965244,72.86776630123894,73.01028448936897,2981800
2018-02-02,72.95327758789062,74.22649565181938,72.90577394131886,73.66589752877125,2595200
2018-02-05,70.15030670166016,73.08629729402199,69.53270132083823,72.82025368361124,2962000
2018-02-06,69.61820983886719,70.84391692968377,68.53502817705616,69.11462627230611,4924300
2018-02-07,70.17878723144531,71.26196857383624,69.06710226148762,69.076598637915,4534900
2018-02-08,67.94593048095703,70.843913570656,67.93642685303541,70.27381913080899,2730000
2018-02-09,68.74405670166016,69.2476402110479,66.70121178222948,68.6300421707157,3296500
2018-02-12,69.54218292236328,70.3498171264799,68.98158499301205,69.30464302414413,3828000
2018-02-13,69.58971405029297,70.1123049325293,69.32367041902548,69.46619586410314,2416200
2018-02-14,70.74891662597656,70.85343481166362,69.15264744811026,69.16215107839433,2947800
2018-02-15,74.58756256103516,77.3430281054758,71.97462247131736,75.3096862155907,6022200
2018-02-16,75.75625610351562,76.0888106366273,74.25500164073134,74.25500164073134,3921100
2018-02-20,76.34534454345703,77.40952621366532,75.12914106273017,75.26216286536314,3646700
2018-02-21,76.48786926269531,77.70407273210238,76.30733656831178,76.36435108972708,3403100
2018-02-22,76.73490905761719,77.60905435181996,76.4973691027266,76.9914490192756,2417700
2018-02-23,78.66373443603516,78.79675623440122,76.96294744361836,77.12447287747084,2697200
2018-02-26,79.14832305908203,79.3003448744668,78.66373947732501,79.3003448744668,2211700
2018-02-27,77.59956359863281,79.2148399093705,77.54255631972696,78.87278173764464,2240900
2018-02-28,76.82992553710938,78.3691870935071,76.81091828071565,77.79908538800433,1968200
2018-03-01,76.43087005615234,77.50454820904285,75.85127189641938,76.82993550245021,3010300
2018-03-02,77.22900390625,77.43804026683358,75.8797784413958,75.94628935165916,2027200
2018-03-05,77.80857849121094,78.45468738745798,76.67788611049276,76.9724405515973,2148500
2018-03-06,77.44754028320312,78.04613844764494,76.89644576722135,77.91311663332453,2102700
2018-03-07,77.68508911132812,77.87511822507864,76.93446178846536,76.9439654188967,2878600
2018-03-08,78.42620086669922,78.72074812292401,77.84660273408954,77.91311363869336,2458100
2018-03-09,80.30751037597656,80.81110120484358,78.8442705307678,78.9202778122987,3028700
2018-03-12,80.2030029296875,80.71608291109689,79.89894479382275,80.65907563519472,2316300
2018-03-13,80.37403106689453,81.27668741802695,80.12699468582906,80.6685855968503,1911500
2018-03-14,80.14598846435547,81.21967382227923,79.89894485335377,80.88711204821561,1794700
2018-03-15,80.46903991699219,81.09614164766379,79.77542003772403,80.11747816323377,1659200
2018-03-16,80.38353729248047,81.16266822909495,80.36453728145631,80.78260276629979,3151600
2018-03-19,79.00578308105469,80.11746822651023,78.25515602368101,79.64238836101879,2417800
2018-03-20,80.4405288696289,80.5640470289037,79.12930375960933,79.16731101995781,2653400
2018-03-21,79.90843200683594,81.45719700935986,79.87992837474052,80.64005905995475,3305400
2018-03-22,77.97010803222656,79.93693845672026,77.72307171259581,79.19581499954056,3224400
2018-03-23,76.58287811279297,78.67323401361641,76.31683452975855,78.06513232406805,2608000
2018-03-26,79.55687713623047,79.68989891808718,77.46652138721574,77.79907584185753,3089900
2018-03-27,77.78009796142578,80.24100887492256,77.16249251333171,79.8894543153633,2689900
2018-03-28,76.96293640136719,78.43568684944572,76.27882025126988,77.99860700421655,2634500
2018-03-29,79.34786224365234,79.34786224365234,77.0484695744693,77.42853501765912,4122900
2018-04-02,77.1624755859375,79.13880968662524,76.65889205768832,79.02478790226651,2566000
2018-04-03,78.73975372314453,79.03430097316806,77.33351387794089,77.70407565995268,2216500
2018-04-04,78.72074127197266,78.92027396841907,76.70640705119303,77.51404146513642,3093300
2018-04-05,79.35733795166016,80.12697226714621,78.72073266841029,79.1388052719265,2522000
2018-04-06,76.93445587158203,78.97730130844577,76.06980679747987,78.62573950098465,2752300
2018-04-09,77.78959655761719,78.85377104631482,77.49504204808551,77.73258203204766,2456700
2018-04-10,78.94876861572266,79.30983395316723,78.17914155288506,78.81574683323575,2335000
2018-04-11,78.9297866821289,79.34785937946124,78.44520307832508,78.45470670757675,2239700
2018-04-12,79.7754135131836,80.17447887725872,79.24332636108342,79.40485178237901,1369500
2018-04-13,79.40486145019531,80.22199953277782,79.07230693964304,80.05097046318741,1162600
2018-04-16,80.19348907470703,80.6210580877413,79.68040190957949,80.27899997765627,1663000
2018-04-17,81.40020751953125,81.65675478554307,80.59257294892818,80.74460203236417,1901000
2018-04-18,81.68524169921875,82.07480345974561,80.9536145710077,81.42869448574166,2151300
2018-04-19,81.27227020263672,81.72901227958351,80.7108492941501,81.28178052022581,2176100
2018-04-20,81.31034088134766,81.76709030171455,81.0153612668146,81.25324992622146,1815200
2018-04-23,81.1676025390625,81.60531674212243,80.89165086021902,81.44354695812123,1396200
2018-04-24,80.26361083984375,81.73852303898302,79.43576317201095,81.67191452249321,2108700
2018-04-25,80.47295379638672,80.47295379638672,79.39769995823502,80.04475722839472,2105600
2018-04-26,80.6252212524414,81.12954400886011,80.27314345089195,80.95826389726648,2154600
2018-04-27,80.72986602783203,81.08194374413148,80.30166948242153,80.67277509105287,1119200
2018-04-30,79.43578338623047,80.88214322368958,79.3311117965699,80.77747163402901,3364500
2018-05-01,79.3596420288086,79.96863629178107,78.87434722995155,79.41673297227968,3215600
2018-05-02,76.02921295166016,76.55256361862794,73.26970319746104,73.90724302838917,7496500
2018-05-03,76.4859390258789,76.97123379606668,74.63992845145407,75.91500784554356,4833600
2018-05-04,77.60877227783203,77.86569602381925,75.76276173231395,76.1433776733882,2882000
2018-05-07,78.17021179199219,78.46519139467229,77.28526572416641,77.78007092154454,2021800
2018-05-08,78.02745056152344,78.49371012360307,77.180567837431,77.87519839280512,2534400
2018-05-09,78.34146881103516,78.56032223888576,77.24717989243219,78.12260812340124,3009300
2018-05-10,79.416748046875,80.28266623940131,78.81727124728532,79.28353098029952,1977600
2018-05-11,80.35877227783203,80.3778074327564,79.5309245332342,79.56898758329845,2210400
2018-05-14,79.98768615722656,81.04391246026972,79.33111834761134,80.44443560980723,2484500
2018-05-15,78.99805450439453,79.66414703647716,78.76968344814748,79.48334935123138,2203100
2018-05-16,78.83627319335938,79.1407702824068,78.02745348118182,78.55081125600549,3221300
2018-05-17,78.93144989013672,79.07418452978646,78.1036020477818,78.97903052328175,1844900
2018-05-18,80.31120300292969,80.55860921106344,78.70307353973759,78.70307353973759,2149500
2018-05-21,81.24372863769531,81.30082685000029,80.31120920087726,80.76795134060455,1641300
2018-05-22,80.29217529296875,81.49113613303483,80.13041275178915,81.25324748078758,1658900
2018-05-23,80.76792907714844,80.88211821049705,79.68315771957856,80.21603308208867,1739300
2018-05-24,80.64424133300781,81.41499813058164,80.09233799805607,80.97728394555301,1244900
2018-05-25,79.6165542602539,80.9297039678708,79.50237237944121,80.75842388686789,1964000
2018-05-29,79.12174224853516,79.37865871767102,78.40807651675604,78.95997975834653,1822100
2018-05-30,80.35877227783203,81.15808180961228,79.73075010123314,79.73075010123314,1893200
2018-05-31,79.64511108398438,80.54909224139061,79.55947466116726,80.18749687451415,2693700
2018-06-01,81.28179931640625,81.29131689598069,80.23509061658835,80.23509061658835,1422300
2018-06-04,81.25323486328125,81.61482294502464,80.8535837319147,81.50064105593957,1546400
2018-06-05,80.65375518798828,81.60530961407663,80.36828595624812,81.38644890177129,2152100
2018-06-06,81.32936096191406,81.45306042835008,80.45393259994127,80.748912159788,1917800
2018-06-07,81.51017761230469,81.81467482040536,80.92021109545323,81.63387710754411,1758500
2018-06-08,82.5759048461914,83.15635371764871,81.31033551925759,81.53871384427327,2285100
2018-06-11,82.84232330322266,83.88903894552013,82.52831587031731,82.74716931568213,2091900
2018-06-12,82.92798614501953,83.29909186406795,82.41414578177121,82.8137969777025,2236000
2018-06-13,83.1278076171875,83.689221327448,82.9565275046057,83.2134440435858,2386200
2018-06-14,83.87952423095703,83.9746782217444,83.03264137131652,83.20392145864741,2627800
2018-06-15,84.87864685058594,84.92622747297168,83.26100732644282,83.26100732644282,4208500
2018-06-18,84.62174224853516,84.85963087430302,84.06032131663495,84.21257352182305,3538900
2018-06-19,83.02311706542969,84.14595148919877,82.43315075470915,83.7843634495992,2742800
2018-06-20,82.78523254394531,83.32761825987636,82.4046093331658,83.0516666135558,3331800
2018-06-21,82.80426025390625,83.5464787801827,82.49976313791484,82.58540680854762,2462300
2018-06-22,81.66239929199219,83.31810193500829,81.66239929199219,83.1563394274263,9403200
2018-06-25,80.59664154052734,82.1667074946483,79.85443039197848,81.83366496129726,3069500
2018-06-26,79.94009399414062,81.06292857228885,79.90203094372048,80.70133322318979,3358900
2018-06-27,79.32158660888672,81.12002409903862,79.32158660888672,80.24459566929181,2288100
2018-06-28,80.72035217285156,81.14854869949032,79.30253105353553,79.32156620481638,2199500
2018-06-29,81.06293487548828,82.22383259432442,81.01535424381724,81.33888656765302,3618500
2018-07-02,81.50064849853516,81.51967639519215,80.12089004788842,80.67279342814712,1759000
2018-07-03,81.90029907226562,82.74718203316709,81.37694117068156,81.67192801511304,1283500
2018-07-05,81.97640228271484,82.58539643822571,81.49110756949173,82.51878792933493,2474600
2018-07-06,82.65201568603516,82.88038670907808,81.92883230998467,82.376064039124,2073600
2018-07-09,83.25148010253906,83.46082320112296,82.42363254331727,82.6900665743212,1836800
2018-07-10,82.04303741455078,83.10877390263452,81.91933067233725,82.80427672606984,2894800
2018-07-11,80.40637969970703,81.98596413471851,80.39686211907323,81.89080284795442,2960500
2018-07-12,81.32936096191406,81.55773199986687,80.48247807221232,80.77745763205905,3629000
2018-07-13,81.96690368652344,82.1096383128488,81.18662929036745,81.34839181230333,1948300
2018-07-16,80.48246002197266,82.12864480520264,80.40633393980013,82.12864480520264,2473300
2018-07-17,81.61483001708984,81.90029928410772,80.2445964108451,80.2445964108451,2269600
2018-07-18,81.78611755371094,81.90982430188758,81.17712317122584,81.49113794150945,1699800
2018-07-19,81.40110778808594,81.59170243256389,80.79121946664107,81.36298885919035,1405800
2018-07-20,81.2772216796875,81.86805413525134,81.01992074321541,81.19145227738287,1977600
2018-07-23,80.00980377197266,81.15334988713619,79.85733531888312,81.13428678647334,3026900
2018-07-24,79.5714340209961,80.99132943067708,79.39037094638309,80.54344115375532,2952500
2018-07-25,81.61076354980469,81.74417617436266,79.33321011142445,79.33321011142445,2496200
2018-07-26,81.51547241210938,82.09677341038253,81.14382190769774,81.75371028778056,2717400
2018-07-27,81.19146728515625,81.620299835063,80.42911042494954,81.601236733053,2998200
2018-07-30,80.51488494873047,81.38207446240281,80.24805964312183,81.22007442263246,2174900
2018-07-31,82.41123962402344,82.66853330100898,80.82933682262994,80.82933682262994,3692500
2018-08-01,81.9728775024414,83.06877308355442,81.9252342939666,82.00147215205706,2775900
2018-08-02,87.12836456298828,87.48095927026054,81.00088552044728,81.74418660077569,4942800
2018-08-03,87.3189468383789,87.66200997380751,85.06045634565771,87.12835943889336,4377700
2018-08-06,88.22425842285156,88.48155214871109,86.91871214974785,87.60483844596459,2644900
2018-08-07,88.13847351074219,88.65306814246752,87.64294197858571,88.56730600573442,2051900
2018-08-08,88.84365844726562,89.16765841969112,87.90976291593927,88.14800075581987,1918000
2018-08-09,88.0527114868164,89.26295657506819,87.70011684876337,88.97707551514935,2347000
2018-08-10,87.3856430053711,88.3481259829999,87.1759997984644,87.8430628896275,1684600
2018-08-13,86.96635437011719,88.10036169093146,86.87106067591034,87.3951796292694,1439300
2018-08-14,87.0711898803711,87.57625306261171,86.82342042986758,87.3284836121082,2385100
2018-08-15,86.5756607055664,86.98543022840016,86.15636690042906,86.78531124335733,2017300
2018-08-16,87.23319244384766,87.75731147424318,86.60424088284034,87.01401037155738,2462400
2018-08-17,87.16646575927734,87.47140991659262,86.40410173076806,87.13787838053564,2712500
2018-08-20,87.8239974975586,88.23375958719821,87.29033981229178,87.29033981229178,1175900
2018-08-21,87.75728607177734,88.59588791037642,87.54764288256938,88.18611854027236,1220400
2018-08-22,85.451171875,86.15636132382399,84.95564022084102,85.34634661288952,2831000
2018-08-23,85.451171875,85.95623508129013,85.05093393082035,85.57506024137277,1899800
2018-08-24,85.38443756103516,85.9562069039231,85.10808080337696,85.59408801653045,1655600
2018-08-27,85.17479705810547,85.79421694796318,85.08903491834982,85.68939170796683,1536900
2018-08-28,85.3368148803711,85.3654022638245,84.48868857585076,85.29869594561875,2129900
2018-08-29,85.60362243652344,85.86091610479758,84.84125844014348,85.29867829205983,1667100
2018-08-30,85.58457946777344,86.25164993911454,85.10810367557704,85.54646053194449,1443000
2018-08-31,86.33740234375,86.49940234989927,85.46068873000272,85.53692659305277,2018400
2018-09-04,85.73704528808594,86.91870308024649,85.47022003860866,86.53752103651777,1939000
2018-09-05,84.86985778808594,85.54645247684304,84.66973884666,85.54645247684304,2167200
2018-09-06,85.51786804199219,85.73705009231185,84.77456701381426,85.1080985943501,1883500
2018-09-07,85.22245025634766,85.44163229345128,84.73644297090414,85.14621239383834,1987000
2018-09-10,84.6888198852539,85.82282746018585,84.42198730306075,85.60365264143991,1289600
2018-09-11,84.08843231201172,84.69832064676969,83.79301969467527,84.39337647939071,2094600
2018-09-12,84.61256408691406,84.83173885924715,83.85973153364749,84.28855679808557,1631100
2018-09-13,85.47976684570312,85.6608300000407,84.66022778036256,85.02235408903773,2277900
2018-09-14,84.82220458984375,85.4987991989481,84.66972887883551,85.48926764939958,2607900
2018-09-17,84.14563751220703,85.0795261011426,83.88833648330528,84.86987556513212,1667200
2018-09-18,84.9842300415039,85.27964273203635,84.00269098675294,84.02174682111712,1722300
2018-09-19,84.88890838623047,85.47020929399073,84.61255162102954,84.94608314094727,2273400
2018-09-20,85.82280731201172,86.24210828657654,85.1176252578786,85.4988073010791,3428300
2018-09-21,85.60362243652344,86.65186747871446,85.56550350966025,85.79420980039748,3448400
2018-09-24,85.43209838867188,85.73704255986273,84.80314694596682,85.34632897810185,1526200
2018-09-25,86.0134048461914,86.59470584566847,85.8895164975023,86.02292912651903,1800500
2018-09-26,86.10868835449219,87.03305236791422,86.01339466938975,86.19445048995173,2336200
2018-09-27,86.90916442871094,87.19505275575915,86.32786349537051,86.32786349537051,1411300
2018-09-28,87.2522201538086,87.4714021554512,86.4993877418244,86.79480759364198,1710900
2018-10-01,87.3475341796875,87.73824049705917,86.91870166107843,87.7001215662644,1891200
2018-10-02,87.50953674316406,87.75729889491528,86.9091726536339,87.25223577038174,2170100
2018-10-03,89.12956237792969,89.87286346593781,87.86213499943186,87.97649180929609,3142100
2018-10-04,86.7852783203125,89.10095036939356,86.30880264988794,88.89129991113606,2433800
2018-10-05,87.6238784790039,88.56730560141463,86.91869647746276,86.91869647746276,1723500
2018-10-08,87.16646575927734,88.14800453843456,86.46128375869368,87.32846575244186,1589200
2018-10-09,88.1956558227539,88.65306842768653,86.74716560943529,86.93776025352577,1987900
2018-10-10,85.41304779052734,88.45296566767914,85.31775408628974,88.40531518033853,2140900
2018-10-11,82.90676879882812,85.91809860363217,82.33499943361426,85.6131471870467,3134500
2018-10-12,84.71739959716797,85.06998703984253,83.46902804395872,84.00268588954918,2436700
2018-10-15,85.84187316894531,86.6995309760716,85.16527847400206,86.04199211220094,2550900
2018-10-16,87.49046325683594,87.63340741692049,86.04198036840275,86.57563081091361,2337600
2018-10-17,88.42436981201172,88.60543292202706,87.21411734576643,87.47141832004536,2127100
2018-10-18,87.50953674316406,88.56731347472943,86.91870420422214,88.12895666342781,1663700
2018-10-19,87.16646575927734,88.31953608132704,86.94728373818721,87.40470360938123,1735400
2018-10-22,88.43389892578125,88.55777999896378,86.87105910365727,87.41424114829253,2750200
2018-10-23,87.16646575927734,88.03364775302552,85.67986390117066,87.00446576611284,2941800
2018-10-24,84.593505859375,88.06225618874238,84.44103739206885,87.08070998547758,2909600
2018-10-25,86.2135238647461,86.83294379740173,83.85973248292052,84.77456505573558,1745300
2018-10-26,84.66973876953125,85.82280920456915,83.62149358044616,85.29869024524807,2284700
2018-10-29,85.43209838867188,86.97587507450694,84.27902801415514,85.57504255932689,1965600
2018-10-30,85.93716430664062,86.76623470725313,84.85080020677196,85.05091914406958,2446800
2018-10-31,85.90858459472656,87.18553619541238,85.83234672501425,86.89965508965635,4295600
2018-11-01,89.815673828125,92.02652089307652,87.63341414329622,89.35825393483319,4277000
2018-11-02,88.40531158447266,90.81628509923556,87.32847895654479,89.92050832086166,2685300
2018-11-05,88.357666015625,88.88178498887245,86.24211247991853,88.62449127770634,3133100
2018-11-06,88.39579772949219,88.6245040914231,87.46190190673768,88.42438511592803,2478900
2018-11-07,90.7114486694336,90.9687423557481,89.09142688114738,89.09142688114738,2613700
2018-11-08,90.43508911132812,91.38804050919155,90.07296292705702,90.39697018296052,1760900
2018-11-09,90.78768157958984,91.01639516265385,89.8156742981169,90.21591216281502,2137700
2018-11-12,89.9872055053711,91.0735695742132,89.71084871305968,90.70191909121155,2375400
2018-11-13,89.73945617675781,91.09264579055105,89.20580557310848,90.49228886144553,1804700
2018-11-14,88.12894439697266,90.52084706025329,87.34752457768715,90.25402184446436,2244100
2018-11-15,87.30941009521484,87.85259210370273,86.0705703640603,87.85259210370273,3887900
2018-11-16,87.9288330078125,88.3004907871225,86.8520004142292,86.90917517853394,1883000
2018-11-19,85.97833251953125,88.45939286519223,85.22447055997247,88.0586077060499,2195800
2018-11-20,84.36563110351562,85.96877143233243,84.05072541876248,85.26262524744175,2606200
2018-11-21,84.623291015625,85.25309521221256,84.28930339013279,84.69963312441871,2271100
2018-11-23,85.15768432617188,86.11193899184512,83.8789865687547,84.19389235571934,836300
2018-11-26,85.42487335205078,86.1405643419588,84.76644259199738,85.69207077047336,1908100
2018-11-27,86.07374572753906,86.15963241109425,84.77595913457644,84.91909875357945,1879300
2018-11-28,88.55484771728516,88.71706928482944,86.19783721332126,86.55090682734277,3411200
2018-11-29,88.52620697021484,89.07967645385192,87.75326297849165,88.22084575172296,1457300
2018-11-30,89.57585906982422,89.86213100855797,88.23035693251184,88.52617345331826,3143500
2018-12-03,89.28958892822266,90.3392673710599,88.78383523269822,90.31064090231455,1969000
2018-12-04,86.42684173583984,90.1675181462824,86.36958878763855,89.07966844814743,2557700
2018-12-06,86.27415466308594,86.36003407531675,83.49727051480902,85.46303249663471,3006400
2018-12-07,84.06031036376953,86.43641029865884,83.5068480567247,86.30281519553901,1768900
2018-12-10,84.852294921875,85.28171374693251,83.3064075367401,84.15569332447994,1930100
2018-12-11,85.69205474853516,86.40774560462965,84.90956637042052,85.79702332319306,1684400
2018-12-12,86.57952880859375,87.83914467299276,86.51273127337507,86.53181316327242,1630100
2018-12-13,86.77991485595703,87.79142239293512,86.40775614780907,87.09481333796971,1908500
2018-12-14,84.40380859375,85.96878540950674,83.8980548677338,85.95924810627243,2350900
2018-12-17,81.05437469482422,83.60223230960915,80.35776574826583,83.58314314373982,3374200
2018-12-18,81.10211181640625,82.06591118393503,79.8329584904924,81.96094257557118,2972100
2018-12-19,79.62300109863281,82.41896719033844,78.90731019407046,81.62693417533052,2922800
2018-12-20,78.64965057373047,79.88063969651651,77.73356716894675,79.3367149474142,2850600
2018-12-21,77.9435043334961,79.97606370582506,77.81945387503296,78.47788449965573,4091700
2018-12-24,75.65328979492188,77.20872917011462,75.29067573366117,77.20872917011462,1551400
2018-12-26,79.12679290771484,79.14588207750789,75.51971153765211,75.9682123827821,1869700
2018-12-27,80.4722671508789,80.4722671508789,77.46636463917214,78.0866313924422,2244700
2018-12-28,80.62496948242188,81.67464809112207,79.72797510500128,80.94941983369857,1797300
2018-12-31,81.62693786621094,81.67464622710835,80.72993622887724,81.3692850519031,1485200
2019-01-02,80.61540985107422,81.18796099902966,79.91880097946684,80.64403631641456,2665600
2019-01-03,77.82899475097656,80.38639710418646,77.64769134649633,80.22417558635212,2390900
2019-01-04,80.88261413574219,80.98758271405181,78.73554149276463,79.1458712224157,3383500
2019-01-07,81.36929321289062,82.6098272067985,80.949426105113,80.949426105113,2360800
2019-01-08,82.5811767578125,82.59072134033232,81.17842162311382,82.03725204031538,2250300
2019-01-09,82.28536987304688,83.25870627309975,82.09451460218463,82.58118644240315,3158400
2019-01-10,81.970458984375,82.27582011817775,81.24522356144955,82.01816733880385,1837500
2019-01-11,82.12313079833984,82.1517572652917,81.35018706910675,81.57920608510484,1393900
2019-01-14,80.634521484375,81.77962420276812,80.548642056669,81.43609193117308,1592700
2019-01-15,80.9302978515625,81.71278601864994,80.26232281150563,80.6535632548584,2277900
2019-01-16,79.40349578857422,81.09252989914347,79.33669828185229,80.88259279790822,3880600
2019-01-17,80.55472564697266,80.86068989176411,78.65201072763715,79.04402399685604,2711400
2019-01-18,80.87979125976562,81.4152340386961,79.9140961607837,80.908481556213,3059000
2019-01-22,80.4017105102539,80.91802635252179,79.78978224417945,80.3539079457308,2782900
2019-01-23,80.01927185058594,81.05189638277191,79.57944880461089,80.39216546119002,2073800
2019-01-24,79.99059295654297,80.24874727915555,79.16831282561145,80.01927595963751,2883600
2019-01-25,80.97541046142578,81.434353074919,80.47821411958658,80.61207298975222,4021400
2019-01-28,79.98102569580078,80.27742643994006,79.32128747715645,80.23918000605734,2471800
2019-01-29,80.70768737792969,80.88934880697846,79.41689403787746,79.98101977745213,1842100
2019-01-30,81.35786437988281,82.0654124953409,80.65032355918642,80.65032355918642,2097300
2019-01-31,82.38094329833984,82.51480218053837,80.92760787052455,81.32918451712011,2620000
2019-02-01,83.31796264648438,83.54743399361364,82.11322530822119,82.75384406504939,2111900
2019-02-04,83.15540313720703,83.54741630159161,82.81119254202196,83.42312086795963,1977000
2019-02-05,83.53787231445312,84.18804716716922,83.01199291344668,83.49962587667427,3263200
2019-02-06,83.73865509033203,83.7960210958162,82.81119909627589,83.25102215943167,1968900
2019-02-07,82.42874908447266,83.43269803483129,81.93155997333382,83.42313460151259,1594400
2019-02-08,83.02153778076172,83.02153778076172,81.64469550767033,81.97934264494658,2082700
2019-02-11,82.48611450195312,83.37532413038245,82.09410127585105,83.09805021899334,3361100
2019-02-12,83.6717300415039,83.74821562124112,82.83988644453933,83.10760421052461,2626400
2019-02-13,84.37928009033203,84.9720889901691,83.71954174170392,83.71954174170392,3698700
2019-02-14,89.16951751708984,89.46591824728607,84.76171652242483,85.10592711641576,5438200
2019-02-15,91.18697357177734,91.35907887321673,88.84442878581004,89.80056772830415,3308200
2019-02-19,90.74715423583984,91.11048442269646,90.41249975650494,90.594168497314,2251400
2019-02-20,90.24994659423828,90.90012131214289,89.5615254464851,90.74714288750918,2165700
2019-02-21,89.3703384399414,90.13524547656584,89.04524729593416,90.13524547656584,1903700
2019-02-22,90.46031951904297,90.50812939125265,89.64760275481456,89.64760275481456,1851900
2019-02-25,90.24994659423828,91.00529717053632,90.10652430599627,90.83319188359802,1295500
2019-02-26,89.38946533203125,90.35516811312884,89.24604297131151,89.89621801777857,1829400
2019-02-27,89.68583679199219,90.03004739897044,89.06434501301693,89.24600645381673,1535100
2019-02-28,90.09696960449219,90.51766575000535,89.72406873121989,89.83880802259296,2253400
2019-03-01,91.55030059814453,91.93275762095321,90.36469039272252,90.82363298428416,2069300
2019-03-04,91.66504669189453,93.65381022742959,91.0913574677525,93.36697291012008,2749600
2019-03-05,91.57899475097656,91.96145182036175,91.15829124517666,91.89452238032648,2541000
2019-03-06,90.03960418701172,91.69372779887635,89.5137321354331,91.69372779887635,2113000
2019-03-07,88.49067687988281,90.15435687618067,88.20383223114484,89.77189977611754,4092500
2019-03-08,88.35679626464844,88.39503539996664,87.20942524656496,88.21337397554292,2412800
2019-03-11,90.57504272460938,90.61328186186063,88.49065959588751,88.58627202853766,2902100
2019-03-12,91.55030059814453,91.75108889379787,90.60372512013282,90.83319641591363,2433700
2019-03-13,92.6785659790039,93.15663554305638,91.65549740372211,91.90409561956294,2665100
2019-03-14,91.98055267333984,92.60204437277329,91.91362324692457,92.41081952437548,1751500
2019-03-15,92.6594467163086,92.96541094653587,91.55032182250805,92.00927181523029,2904400
2019-03-18,93.48170471191406,93.59644401544043,92.73591747589644,92.74548090821402,2144100
2019-03-19,94.39005279541016,94.80119289879048,93.78768049582831,93.78768049582831,1903400
2019-03-20,94.1796875,94.90635515167023,93.51994928369668,94.41872223984771,1592000
2019-03-21,95.26966857910156,95.52783013781156,93.92151667667845,94.13186108316059,1658900
2019-03-22,93.63468170166016,94.9732776053567,93.58687183930067,94.66731345263413,1489200
2019-03-25,93.63468170166016,94.23704657568123,92.97494353385554,93.14704882568454,1402400
2019-03-26,94.48566436767578,95.00198035047605,94.02671439582144,94.21794659024505,1795400
2019-03-27,94.1988296508789,94.95418048524209,93.80681637683095,94.1223440598111,1487300
2019-03-28,95.03064727783203,95.21231600810758,94.2657332190771,94.30397965149096,2278700
2019-03-29,96.25452423095703,96.51268588049275,95.33663154377334,95.49917344473279,2323000
2019-04-01,97.08634948730469,97.97555899919655,96.84731475071828,97.9181929967394,2659700
2019-04-02,97.56443786621094,97.88952166947676,97.11505130718596,97.27759320881889,1737900
2019-04-03,97.64091491699219,98.16678697726792,97.12459899425424,97.8417032267078,1737000
2019-04-04,97.50706481933594,97.90864147490846,96.22583468210082,97.70785314712221,2475500
2019-04-05,97.64091491699219,98.79784220331257,97.22021143296242,98.01380853428712,1865700
2019-04-08,97.74606323242188,98.00421747363389,97.23930359008224,97.74606323242188,1909500
2019-04-09,97.00987243652344,97.47837855408092,96.75171808861778,97.1341678936984,1657100
2019-04-10,96.88555908203125,97.50705084262502,96.7803832166341,97.28713568004159,1566700
2019-04-11,96.62739562988281,97.27757037858657,96.33099490296642,97.19152137842153,1062700
2019-04-12,97.21064758300781,97.4592457583902,96.4935433536352,97.10547171245224,1829000
2019-04-15,96.81865692138672,97.52619788310301,96.73260060056597,97.39233897939353,1680400
2019-04-16,94.82030487060547,97.84170767554441,94.70557285684342,97.4879336120005,2014200
2019-04-17,93.83768463134766,95.70524119791203,92.79376296340882,95.20722854910993,2142500
2019-04-18,94.8432846069336,95.05398478512426,92.99487937123119,94.36442322262566,3420400
2019-04-22,95.88720703125,95.91593754545508,94.46977410675798,94.54639368253483,2058500
2019-04-23,97.65900421142578,97.83139462380964,95.38919833284595,96.02129894720201,2716900
2019-04-24,96.8257827758789,97.91758628658805,96.7587424658124,97.58238473625555,2196400
2019-04-25,97.5249252319336,97.69731564721728,95.7818698359968,96.50973398333153,1494200
2019-04-26,98.98065185546875,99.0189616450398,96.88324385108166,97.91757894211909,2035400
2019-04-29,96.97901916503906,98.80826603403085,96.61507980067383,98.35813511927105,3445100
2019-04-30,97.53450775146484,97.93675696853984,96.37566378713278,96.95987540730344,2356400
2019-05-01,97.48661041259766,98.45391254330794,96.73000847935353,97.80266070879688,2095100
2019-05-02,98.78911590576172,98.80826714822794,96.03086935250361,96.03086935250361,2003600
2019-05-03,99.36375427246094,99.57445448676057,97.68773914015436,98.20491040065907,1965200
2019-05-06,98.96150207519531,99.20093278341547,97.86969863025905,97.93673893628689,1301000
2019-05-07,97.0843734741211,98.56883959221014,96.32777150263165,98.30067834800545,1673400
2019-05-08,97.55367279052734,97.94633545085738,96.86411100894108,96.86411100894108,1367600
2019-05-09,97.3716812133789,98.23363324689633,96.71085741005349,96.91197833339997,1517100
2019-05-10,97.96546936035156,98.16659027824653,95.81059298839006,97.28548702646515,1885800
2019-05-13,97.0652084350586,97.5344905810437,96.06917580399654,96.27029672370445,1754400
2019-05-14,96.9694595336914,97.9846436360506,96.93114973458485,97.58240170570228,1711700
2019-05-15,97.53450775146484,98.09956812646368,96.39482233915129,96.48101390269449,1459500
2019-05-16,98.57840728759766,99.44993122888877,97.97504455901151,98.07081537685684,1929800
2019-05-17,97.65900421142578,98.20490596616703,97.07479266428302,97.40041493942711,2042100
2019-05-20,97.8984375,98.13786822865121,96.95986582867505,97.34295645588618,1665000
2019-05-21,98.05166625976562,98.93277686648482,97.96547470746846,98.40602635740518,1166700
2019-05-22,98.58798217773438,99.06684355251359,97.53448130774434,98.04208050275986,1059200
2019-05-23,98.54009246826172,98.7029035809712,97.64941002476709,98.43474238195684,1726200
2019-05-24,98.07081604003906,99.99584091118153,97.9750452215461,99.12430965715185,1266700
2019-05-28,97.70687103271484,99.19134420720702,97.11308760839368,98.26235197733659,4303700
2019-05-29,96.87364959716797,97.7164429168722,96.4139395002467,97.4482817381865,1883100
2019-05-30,98.00376892089844,98.02292016052716,96.9598473434412,97.01731567601651,1281800
2019-05-31,96.77789306640625,97.96546730726,96.30860362764103,97.19928613499263,1642100
2019-06-03,99.5552978515625,100.43640851984364,97.24718933879869,97.24718933879869,3397100
2019-06-04,103.54898071289062,103.6543307941924,100.42680267225806,100.6375028348616,3712100
2019-06-05,103.91291809082031,104.7365602381154,103.72137646408203,103.74052770401798,3224100
2019-06-06,104.28643798828125,105.6942917122673,103.80757657505309,104.08531707154687,3123400
2019-06-07,105.40699005126953,106.21148116326974,104.43969509128905,104.43969509128905,1964800
2019-06-10,105.56021881103516,106.04865953411938,104.48756653659522,105.61767984662889,2730000
2019-06-11,105.50274658203125,106.93933077422551,104.89937654492884,105.82836882497632,1706300
2019-06-12,106.72863006591797,106.97763273041318,105.43569845381926,105.43569845381926,1907300
2019-06-13,105.37825775146484,107.50440392468317,104.96643658001402,107.25539390531034,1790000
2019-06-14,106.1061019897461,106.73819519113043,104.88021806610232,105.08133896230844,1790100
2019-06-17,106.12527465820312,106.54667508211188,105.38783122320885,106.2689345578853,1726700
2019-06-18,108.58659362792969,108.69194370611298,106.03905512684189,106.47002740534147,2572900
2019-06-19,109.4485855102539,109.61139666994188,108.2514317357598,108.5387515643771,2026700
2019-06-20,108.1939468383789,111.54597666791324,108.0407076817431,110.4541732508411,3083300
2019-06-21,108.10775756835938,109.09421828623732,107.16919322473194,107.99283549754138,3468800
2019-06-24,108.67282104492188,109.209143542639,107.71509812365787,108.56747093903516,1875700
2019-06-25,109.04631042480469,110.5403555427079,108.91222982739515,109.11335072350946,1669200
2019-06-26,108.27056884765625,109.5730724809247,106.94890666595559,109.15167209755981,1743100
2019-06-27,107.99284362792969,108.96971783765703,107.82045320187822,108.41423676406386,1348800
2019-06-28,108.69196319580078,108.80689256720271,107.53311943483494,108.30887259797309,2414100
2019-07-01,108.7685775756836,109.57306852333745,108.30886741890352,109.4964489460666,1470700
2019-07-02,109.7454605102539,109.91785091966847,108.42380557597268,109.12294648827776,1568100
2019-07-03,110.46375274658203,110.5403723301219,109.4389895639847,110.32010016100185,1052000
2019-07-05,109.35277557373047,110.74147053291706,109.09419366590082,110.46373007971091,1762400
2019-07-08,109.27617645263672,109.52518644121466,108.5100025516327,108.97928470534664,1267300
2019-07-09,108.47169494628906,109.90827925982039,107.98325423377162,108.37592412008944,2722000
2019-07-10,109.72630310058594,110.7319149834576,108.39506896648055,108.86435110195954,1763700
2019-07-11,109.5156021118164,109.71672302555352,108.5387280584011,109.48687159654612,1588000
2019-07-12,108.5195541381836,110.09979801580886,107.67676081331072,109.76459654039603,1473400
2019-07-15,108.7685775756836,108.96011921201567,107.75339375080247,108.37591502914931,1255200
2019-07-16,108.682373046875,110.17641809093466,108.67279377414933,109.4389675347863,1214600
2019-07-17,108.87393188476562,110.0998159412016,108.7685817886489,109.18040289887462,1930300
2019-07-18,110.23970031738281,110.48906273176392,109.35731680124412,109.67382369342208,1177700
2019-07-19,109.42445373535156,111.15084830965965,109.34773077891694,110.91107169197251,1839000
2019-07-22,111.19882202148438,111.918151974563,109.54915749163962,110.38357555407312,3063400
2019-07-23,111.19882202148438,111.39064041534427,109.7601621153271,110.89190820086694,1209600
2019-07-24,110.71924591064453,111.1987991139063,109.37649547803136,111.07411059792149,1581200
2019-07-25,109.9615478515625,111.23716109222323,109.78890841059035,110.70005654397605,1174500
2019-07-26,110.40274810791016,110.44111324541025,109.77932742898687,110.44111324541025,1574100
2019-07-29,110.82475280761719,111.23716887226203,109.72177893078548,110.36437849369212,1541500
2019-07-30,111.0549545288086,111.10290546855556,109.63547353556936,110.29725943374066,1380800
2019-07-31,110.19175720214844,111.60164508150355,109.68343187256384,110.74804078891759,2099800
2019-08-01,110.96862030029297,112.24423371500227,109.3573210705028,110.20133948259411,2101200
2019-08-02,111.60161590576172,112.19626447934044,110.70005359168448,110.96860219994558,2227000
2019-08-05,107.96663665771484,110.79599838389132,107.29526492121968,110.3644033129163,3488100
2019-08-06,116.21493530273438,116.82876289030337,112.67583721883861,112.78133220405643,4042200
2019-08-07,115.94640350341797,116.43554994872804,113.711683230185,115.62031075147999,2659000
2019-08-08,119.03472137451172,119.2553117959951,116.53145254917428,117.0685499065975,2295000
2019-08-09,119.9554672241211,120.73234126128902,118.85249312416221,119.04431884268716,1658000
2019-08-12,118.8908462524414,119.37999263849191,117.26995385238129,118.9004393667489,1291500
2019-08-13,119.6005630493164,120.34867217477442,117.52889706680472,117.52889706680472,1784700
2019-08-14,116.80960083007812,119.33204870795467,116.6081893098586,118.35376313583085,1875200
2019-08-15,118.62228393554688,119.03469999446565,116.560203640953,116.89588942904936,1650300
2019-08-16,120.24319458007812,120.4637849957533,118.90044390447241,119.23612974402322,1209700
2019-08-19,121.56675720214844,122.1614059071457,120.51174144336176,120.86660618953226,1137000
2019-08-20,120.89540100097656,123.15889337101521,120.78989867985925,122.32446791783376,1657100
2019-08-21,122.42034149169922,122.8903089007622,121.03922592080609,121.6530534373361,1875000
2019-08-22,121.46124267578125,122.87113035630908,120.38704079599775,122.65053264873329,2397900
2019-08-23,118.0372543334961,122.27650394197177,117.41383355168426,121.40372070135759,2321400
2019-08-26,121.03923797607422,121.0776031143536,119.16898321871709,119.22652726743519,1267400
2019-08-27,120.11847686767578,122.25728724146738,119.64851680644651,121.81609919986838,2394900
2019-08-28,120.6268310546875,121.10638434352565,119.37040377950038,119.6485455651148,1110400
2019-08-29,121.49960327148438,121.7681519020426,120.08012253044629,121.29819179856571,1498800
2019-08-30,121.25020599365234,122.2284984310958,120.52129053848239,121.93117052849254,1601200
2019-09-03,121.84490966796875,122.23813958933488,120.82825896075566,120.9721191043024,1887400
2019-09-04,122.37239837646484,122.56422407247679,121.4037060518624,122.42994974396949,1953900
2019-09-05,122.832763671875,123.75349762037952,122.48747746508411,123.43699075220539,1721400
2019-09-06,123.17803192138672,124.1850966010016,122.6313488657575,123.0341718106429,1698200
2019-09-09,121.48043823242188,124.76058085286492,120.64601290585911,124.76058085286492,2601600
2019-09-10,117.9988784790039,120.67478664980867,116.63694892490899,120.67478664980867,3089400
2019-09-11,115.76414489746094,119.19774772415451,115.10236642674172,117.98927155549111,3365700
2019-09-12,116.71367645263672,117.83582934113068,116.10943465313832,116.33003237559373,2444800
2019-09-13,116.0710678100586,117.202813796153,115.32296589537624,116.73285365030931,3116200
2019-09-16,114.74748229980469,115.80249781370432,114.63238690437173,115.09276116870285,2651000
2019-09-17,117.413818359375,117.82623445545032,115.15991950206185,115.15991950206185,2182300
2019-09-18,118.20028686523438,118.51679377673103,117.00140370114289,117.75909873893696,1673800
2019-09-19,119.18815612792969,119.74443962886828,118.27700792122806,118.35373819392336,1424200
2019-09-20,120.48297882080078,120.98171105423215,119.54305109339946,119.81159978197041,2572300
2019-09-23,119.96503448486328,121.27900561591173,119.18815329772369,120.2239900023089,1574800
2019-09-24,119.936279296875,121.20229967437712,119.46631180986259,120.34869541395385,1843800
2019-09-25,119.67731475830078,120.20482629049489,118.83330362419252,119.55263354041959,1196000
2019-09-26,120.90496063232422,121.35574184910033,119.79240091960607,119.79240091960607,1870800
2019-09-27,118.83329010009766,121.7297883468057,118.38250889977985,121.58592091645299,1664000
2019-09-30,119.49507904052734,120.17605111602825,118.81411428242853,119.89790934428613,1859200
2019-10-01,120.00342559814453,120.96253223947988,119.43754887470712,119.87873705163304,1542300
2019-10-02,117.28913116455078,120.0801271888715,116.59857333495343,119.04429776187712,1743300
2019-10-03,119.19775390625,119.63894201541181,116.91508308474268,116.96303401900266,1590400
2019-10-04,121.8544921875,122.0367174592815,119.84995565868431,119.84995565868431,1468400
2019-10-07,120.91455078125,121.80652007925082,120.64600214398551,121.16392050902485,1007300
2019-10-08,120.2527847290039,121.64349371090147,119.2361340588878,119.89791996466673,1621200
2019-10-09,121.25982666015625,121.70101474140552,120.09930875390029,120.81863857890697,1464200
2019-10-10,122.19974517822266,123.17802313107353,120.48294391098216,120.5692599712687,1890600
2019-10-11,123.21642303466797,124.77017100521991,122.81360002877692,122.95746016130768,2310900
2019-10-14,121.4133071899414,123.72475772648737,121.09680755698366,123.34112092079278,1810100
2019-10-15,123.44660186767578,124.87566116108812,122.02712105316255,122.1038440105781,2006500
2019-10-16,122.6985092163086,123.85902733921745,122.29568619527961,123.16846940750906,1633200
2019-10-17,123.21642303466797,123.74393457862232,122.69850460534984,123.56170198754673,1494700
2019-10-18,122.88072967529297,124.07961289374472,122.43954884639348,123.15887877746454,2451400
2019-10-21,121.4344482421875,123.40313938883028,120.8582482784906,123.14384464275965,1639300
2019-10-22,117.93883514404297,122.15470864449779,117.59311367608389,121.96264441864523,2273800
2019-10-23,116.96888732910156,118.12128720034426,116.23903016969868,117.68913908032317,2831700
2019-10-24,118.0732650756836,119.10082392671036,117.66032045367585,117.74675447198328,2195800
2019-10-25,119.42735290527344,119.77307435692637,118.22693323336195,118.28455103304402,1561000
2019-10-28,120.16681671142578,120.83905617138255,119.31211843062451,119.52339348013147,1441800
2019-10-29,121.1559829711914,122.57727602729658,120.70462391729936,120.70462391729936,1683700
2019-10-30,122.53884887695312,122.83655796266031,121.0503327555406,121.63613819049819,2042500
2019-10-31,122.84615325927734,123.22068363355471,122.08748710126451,122.38519618021934,1905300
2019-11-01,120.36849975585938,124.05618614300315,120.29167845121339,123.6720576394285,2466200
2019-11-04,119.81149291992188,121.26159465979958,119.37933742662058,121.069530436186,1918800
2019-11-05,115.48039245605469,119.93635046447427,115.05784231372441,119.81150943459555,4492000
2019-11-06,116.65199279785156,116.94969455638474,115.27871228724052,115.71086047393582,3509800
2019-11-07,116.22943115234375,121.00230085849128,115.37473294670792,120.42610089118782,3945400
2019-11-08,113.1852035522461,116.92091007231546,111.69667979515049,116.02779728341459,3818900
2019-11-11,112.3880844116211,113.46366301998707,111.67743805389027,112.63777374203781,2035200
2019-11-12,112.55135345458984,113.36764475054947,111.49498553407712,112.00396233861993,2131400
2019-11-13,111.83109283447266,113.06992680546033,111.29330717021017,112.34967500791727,2452600
2019-11-14,111.6390380859375,112.5033417816364,110.40020400989921,111.54300597014446,1958500
2019-11-15,113.24279022216797,113.24279022216797,111.60061696394251,112.09039024941407,3429200
2019-11-18,114.08788299560547,115.71084533081662,112.91627228056674,112.91627228056674,3023100
2019-11-19,115.55719757080078,115.74926178180301,113.86700467221705,114.28955472855799,2349500
2019-11-20,114.81775665283203,116.43112124094874,114.07830124138667,115.55721939105878,2142900
2019-11-21,115.45157623291016,116.26786023421117,114.654495724688,115.10585474324226,1654500
2019-11-22,115.0578384399414,116.25825827952607,114.45282947843198,115.63404582436704,1627700
2019-11-25,115.82609558105469,117.13215278931037,115.24029018646439,115.95093659111576,1774400
2019-11-26,117.0553207397461,117.1609582554631,115.48037073950358,116.11419583380564,3688700
2019-11-27,116.80563354492188,118.0444675300757,116.1430068658156,117.2954068243502,1443300
2019-11-29,115.73966217041016,116.98810158479681,115.33632291103491,116.47912480604515,1064400
2019-12-02,115.15385437011719,116.6807845773617,114.09747926560615,116.0757757394161,2050400
2019-12-03,115.74927520751953,115.99896457220783,114.52965193995364,114.89457691389741,2115200
2019-12-04,114.99060821533203,117.0841405810748,114.88497068974283,116.21023880103242,2566500
2019-12-05,115.34593963623047,115.4899914792198,113.31963040471553,114.472030495068,2771100
2019-12-06,116.89208221435547,117.08414645591061,116.1142125112416,116.20063922190707,2387200
2019-12-09,116.42152404785156,117.16097946495309,115.84531664807417,116.67120610585489,1570800
2019-12-10,117.91002655029297,118.12130159535003,116.7672246211828,117.16096581002199,2047000
2019-12-11,118.6590805053711,118.80313233028922,117.93882870756067,118.31335905627968,1803000
2019-12-12,119.39854431152344,120.04196749889023,118.49582637136211,118.78393002407154,2041800
2019-12-13,119.51378631591797,119.67704896881868,118.26535418309427,119.03361842019025,1130100
2019-12-16,121.44404602050781,121.48246032591138,119.43694801893392,120.04195684378595,1391100
2019-12-17,122.0586929321289,122.3083823207115,120.27246754992562,121.69376792326324,1994800
2019-12-18,121.95304870605469,122.56766306978884,121.54010399353508,122.1067059603788,2754200
2019-12-19,123.63361358642578,123.77765806869246,122.39477242469749,122.56763313019685,2055700
2019-12-20,127.41732788085938,128.22402096908863,123.86408888223822,124.24823193700435,5320300
2019-12-23,127.11963653564453,127.78227053727471,126.17851161846853,127.44616182220635,1632300
2019-12-24,127.6478271484375,127.80148438651611,126.08247517432822,126.96599696649987,442500
2019-12-26,127.75347900390625,127.90713625922767,127.07164874545637,127.90713625922767,929400
2019-12-27,127.96475219726562,128.18562534008714,127.12926469569918,128.10879671354874,1296100
2019-12-30,126.96602630615234,128.358510545812,126.58188312218697,128.27208382450635,942000
2019-12-31,127.10045623779297,127.3213293813884,126.23614517637922,126.77393091047014,1128600
2020-01-02,128.8194580078125,128.95390444868022,126.2649609777628,126.81235947858617,1576700
2020-01-03,128.8386688232422,129.55892075362226,127.02363454482692,127.22529687933805,1274000
2020-01-06,127.84951782226562,128.75223587588042,127.44617851920499,128.47373027028658,2334100
2020-01-07,128.28167724609375,129.4628863550276,127.40776801959801,127.72468063976339,1224500
2020-01-08,128.00314331054688,129.90461861106206,127.95513824678024,128.45450227701218,1766700
2020-01-09,129.70298767089844,130.96102558192,128.69463186356572,128.69463186356572,2075400
2020-01-10,130.19271850585938,130.60565582512712,129.42444701147016,129.93342376262154,1249000
2020-01-13,131.095458984375,131.32594489420734,130.08711793107332,130.6729234633619,1797600
2020-01-14,131.82528686523438,131.8348849470419,130.14469937463983,131.00899565123586,1848800
2020-01-15,133.04490661621094,133.48666750299608,131.89250666200508,131.9597371973343,1859600
2020-01-16,133.9104766845703,134.06434139663168,132.73717204096965,133.46807711618564,1822800
2020-01-17,134.79525756835938,135.02606196769756,133.54501326454363,134.27591832035722,1993200
2020-01-21,136.49749755859375,137.0649259432432,133.65080237601921,133.79505512438615,4693300
2020-01-22,136.08395385742188,137.84391064001017,135.80506033820592,137.26687033679468,1888900
2020-01-23,133.04490661621094,136.3436278640644,132.25630049607872,135.88198973668727,2148500
2020-01-24,131.09263610839844,134.27594117215133,130.9387566994879,134.27594117215133,2047000
2020-01-27,130.75601196289062,131.21763541091178,128.89987686345472,129.27494866648658,1656400
2020-01-28,132.96800231933594,133.6027439073648,130.30403645626595,130.9291514090299,2176500
2020-01-29,133.2084197998047,134.61254365342128,133.14110673356993,133.6508194090872,1366500
2020-01-30,132.74679565429688,133.0353158612052,130.85219772778717,132.37172378774022,1735400
2020-01-31,129.07298278808594,132.68905969730486,128.8710142938726,132.33322651793372,2582300
2020-02-03,130.3328094482422,132.2081678652102,129.0633270276853,129.57303945191916,2377000
2020-02-04,133.6508026123047,134.10281412431422,131.45807278477767,131.8331446059403,1839800
2020-02-05,132.6121063232422,134.92986441515384,132.27549709256087,134.60288181518692,1507600
2020-02-06,133.6508026123047,133.77583144427408,131.63117608312402,132.67946653051055,2206800
2020-02-07,133.58348083496094,133.83353851004733,132.74678550616247,133.7277482647599,1780800
2020-02-10,137.0937957763672,137.2765257331649,133.05455683173793,133.31421181532116,2456000
2020-02-11,138.5171356201172,138.82489440859126,137.1899515256295,137.91124467702556,2274200
2020-02-12,137.50730895996094,138.93067120672563,136.9783577652001,137.95932046505246,1830700
2020-02-13,139.39230346679688,140.66177173959147,135.8435389335987,136.49750432494065,3384500
2020-02-14,138.6517791748047,139.83469585765607,137.6419658078475,139.3923109338729,1810500
2020-02-18,138.1516571044922,138.61329522497397,137.15147052627117,138.51711694785408,2461700
2020-02-19,138.54595947265625,140.03663463321902,137.3438044519998,138.00739637136118,1676600
2020-02-20,138.05552673339844,138.57485140051588,135.83394593977394,138.247868659192,1182500
2020-02-21,136.78607177734375,137.52660375263446,136.08401699998444,137.45927599363017,1754800
2020-02-24,133.09298706054688,135.42998406913986,132.27551577045702,133.9489208546996,1642000
2020-02-25,129.65965270996094,133.53539973383263,129.1787906506742,133.47768395993202,2236200
2020-02-26,130.938720703125,133.92007106348441,130.31360595405485,130.73676687485363,2562100
2020-02-27,128.8229522705078,132.16974834160857,128.7748631260753,129.31344099907412,3075200
2020-02-28,128.1304931640625,128.14011979655606,122.1389563436903,125.40881229716682,4776300
2020-03-02,133.5931396484375,133.8431827090082,127.96704605022424,128.71718990668603,2881600
2020-03-03,131.98703002929688,136.3340127005364,130.42902689913495,134.12205885510537,2768200
2020-03-04,138.12283325195312,138.1997729535706,133.21804834050766,134.59330698570733,3283700
2020-03-05,134.21824645996094,137.1803591863105,132.77565995084743,135.3434621760996,2472600
2020-03-06,131.80430603027344,132.33325728118362,126.78410447572024,129.75582876526988,3204200
2020-03-09,124.75486755371094,128.18821540369075,122.70639025997482,123.87008302829952,2827400
2020-03-10,127.64005279541016,128.50559881263618,122.3986508542816,128.50559881263618,3265500
2020-03-11,125.2838134765625,126.61098287078576,122.48519258101612,125.39921568264805,3591500
2020-03-12,115.67619323730469,122.46596418950858,115.32997191546224,117.58041050743809,5344300
2020-03-13,120.67715454101562,120.96566739547539,112.80063108013013,119.59040151083465,4073300
2020-03-16,102.94295501708984,115.32995956247666,102.32745214137951,109.99239487429737,4364700
2020-03-17,106.79947662353516,113.56039665649605,103.04875073115741,105.08760136364725,5299600
2020-03-18,101.7696533203125,105.81851127288506,92.34475333929144,100.50017768515286,5218300
2020-03-19,98.4132308959961,108.56903524857313,96.8840857307656,100.93294339282424,4492600
2020-03-20,97.07642364501953,102.3947562314199,94.75866526548329,97.66307587646348,6662600
2020-03-23,89.11335754394531,97.17260276245683,86.68980873249721,95.26838583917619,5405800
2020-03-24,99.78849792480469,101.19261427611154,93.76810280800095,94.93178812646678,4732500
2020-03-25,104.06816101074219,108.66520090357774,96.67250054483151,98.72097751529297,4424800
2020-03-26,113.3968734741211,114.14701697457728,105.31839089734027,105.31839089734027,4159000
2020-03-27,107.49190521240234,113.27186941887078,106.78985069055535,110.13664662970866,2870100
2020-03-30,112.21398162841797,113.2430262443194,108.12665371726419,109.28071983958175,2031900
2020-03-31,113.18531799316406,115.64732947859517,109.54038257027702,111.25225038982664,3956000
2020-04-01,107.63616180419922,110.94449512664188,106.51094634419614,109.5692293408472,2521000
2020-04-02,111.58885955810547,111.84852920523734,106.6263664212208,106.99181898168129,2403700
2020-04-03,110.22320556640625,112.74292548424191,109.36727165874746,110.67521709149251,1701900
2020-04-06,121.93701934814453,122.58137283895599,113.38729129582933,115.0029883400591,3419900
2020-04-07,121.28303527832031,125.87046366349733,121.19647628786275,124.0816561260208,3075000
2020-04-08,122.37940216064453,123.09107600086669,117.57078125059955,121.52346822564638,2478400
2020-04-09,123.8219985961914,126.13013095255145,121.60041790137664,121.7062081570701,1962300
2020-04-13,118.24397277832031,123.88930311043589,117.43612807253118,123.11029427834114,3188900
2020-04-14,122.92758178710938,124.00471548732034,119.42690643314006,121.58116649618894,2508200
2020-04-15,119.07107543945312,121.2926634164201,118.36902085534618,120.6194520480708,2262900
2020-04-16,122.77006530761719,123.34803933882488,119.42748900300596,120.62195445896131,2064000
2020-04-17,125.92001342773438,126.70989570225495,123.8874912222043,124.97600276357828,1977600
2020-04-20,122.71227264404297,124.39801311155195,122.55815162290679,123.99343716316865,2418600
2020-04-21,120.12104034423828,121.42147451900955,119.04217120270278,121.17101960433389,2607800
2020-04-22,121.19029998779297,122.79898377771117,120.93985238513761,121.88386302429132,1943700
2020-04-23,119.09998321533203,121.97056192403865,118.87843284793698,121.6141455448322,3259300
2020-04-24,121.28661346435547,122.19209185453101,118.15595281552429,120.0247114053402,1945400
2020-04-27,122.74114990234375,123.8778280758202,121.46962045059593,122.29804193347266,2202200
2020-04-28,118.48347473144531,123.97416940125318,118.33898121924082,123.74299154051852,3098400
2020-04-29,120.9398422241211,122.31733331997641,118.49310942837307,119.70683729102537,2905300
2020-04-30,124.56177520751953,125.63101694533775,120.25591102266975,120.89167955834354,3075300
2020-05-01,122.84712982177734,123.19391130173575,120.33296776670151,122.7604381264103,1738300
2020-05-04,122.76042175292969,123.3576507282327,120.9494504104131,123.06867109964084,1833800
2020-05-05,126.4786605834961,127.38414608974861,123.57917852217868,123.92595989269059,2445800
2020-05-06,121.07469940185547,124.1764630449263,121.01689758820986,121.34441670138419,3393900
2020-05-07,119.67794799804688,122.81824398035296,118.83989880146295,122.61595598982423,3098000
2020-05-08,120.8627700805664,121.72008888630796,120.23663646926494,120.61231516619685,1617500
2020-05-11,121.74899291992188,122.19210096287688,119.97656074810183,120.73754569520712,1888300
2020-05-12,119.45639038085938,123.01088964038512,119.32153172869555,122.39439084499466,1889500
2020-05-13,118.51238250732422,120.4774753400891,117.27938481207863,118.99402269135739,1879000
2020-05-14,121.4022216796875,121.88386185605648,117.0385628576638,117.58763236475463,2246800
2020-05-15,122.80859375,123.26133663134361,120.70864256685475,121.79715392393489,2921700
2020-05-18,126.59425354003906,127.67312241695512,125.0337446718589,125.3997810702491,2762800
2020-05-19,129.4070281982422,130.77488399770175,125.30346079986354,126.23784355065757,3335300
2020-05-20,128.44375610351562,132.03680121038144,128.15476915384866,131.19873758649857,2303400
2020-05-21,125.5443115234375,128.97358671901475,125.1300933899549,128.87725281862635,1413100
2020-05-22,125.33236694335938,125.97776280814851,124.14753660641735,124.84109941303878,1602400
2020-05-26,125.6598892211914,128.02956479328503,125.36127473454496,126.59427211723958,2322300
2020-05-27,130.65931701660156,130.72675368137405,126.04521163399727,128.79055120161127,2287000
2020-05-28,133.0386505126953,135.0904423738387,132.4125241608916,132.74966346628906,2367800
2020-05-29,134.27163696289062,134.52208454296868,129.9946701895403,133.3565236412121,2814500
2020-06-01,133.2601776123047,133.9922799618443,132.03682235708095,133.5587921186741,1413000
2020-06-02,136.28488159179688,136.31377882255626,133.1445933618647,133.57806652174494,1649100
2020-06-03,137.29629516601562,137.95133319940933,135.50459380493422,136.4486040752071,1459500
2020-06-04,135.3601531982422,137.03625152963545,134.28126925669423,135.84179335296275,1524800
2020-06-05,135.8321533203125,137.2000096178276,134.23311915185988,136.33306320482927,1947800
2020-06-08,136.1114959716797,136.15966292165075,132.61478412233083,133.89594855941593,1747300
2020-06-09,133.70330810546875,136.58350678521887,133.38542384377735,135.70693288618105,1622500
2020-06-10,134.77252197265625,136.03441654865873,133.6551135318877,134.13675358065126,1731100
2020-06-11,126.24750518798828,133.0193640609754,125.91036592499073,132.6147881262844,2524000
2020-06-12,129.14698791503906,131.2084070260619,126.48832506448389,129.43596022619516,1638500
2020-06-15,128.4052276611328,128.75200905102065,125.62134903343124,126.96993516161365,2457900
2020-06-16,131.23733520507812,132.643716445985,129.76351727667222,131.86346162488698,1919800
2020-06-17,131.76707458496094,132.49917684673187,131.11205119125793,131.7478195664314,1455000
2020-06-18,132.35472106933594,132.6340806164679,130.56301893754875,130.8134812485626,1031500
2020-06-19,132.35472106933594,134.95558990790846,131.4203379055361,134.90742294821408,2316300
2020-06-22,131.91160583496094,132.4028734935293,131.01574751817057,131.7863746932022,1107800
2020-06-23,133.0386505126953,133.94413639880537,132.48957365467427,133.0290230005954,994900
2020-06-24,129.36854553222656,132.71112930524708,128.65571282812306,131.9982966011436,1701600
2020-06-25,130.34144592285156,130.50520179857668,127.04702929114035,129.2433070456145,1141700
2020-06-26,127.78876495361328,130.76529747909078,127.73097048880642,130.04283727202397,2612800
2020-06-29,127.13369750976562,128.64605425099026,126.45940441114104,128.3666948039612,2126400
2020-06-30,132.00790405273438,132.75927608530915,127.21077306622456,127.24931250301736,1878800
2020-07-01,132.1523895263672,133.86702680205764,131.68037702071587,132.24870871017228,1226800
2020-07-02,132.6051788330078,133.9441379550381,132.32581929545572,133.49139500672285,1307300
2020-07-06,133.51063537597656,134.47391553107454,132.8941366646534,133.48173814720272,1297800
2020-07-07,133.3565216064453,135.3986710550516,133.03863735668278,133.2505601898578,1140300
2020-07-08,133.7129364013672,134.56062777085035,132.3836048807669,133.62624470180393,932600
2020-07-09,132.62440490722656,134.4353763051757,130.37033286838903,133.71291618771582,962500
2020-07-10,132.06573486328125,132.76892536592578,130.64006943794513,132.37397691572494,1821100
2020-07-13,133.23130798339844,136.50647011851962,133.04828235809705,133.37580886055375,1569200
2020-07-14,135.24456787109375,135.44686323079253,133.08682909293628,133.15425108050718,1163300
2020-07-15,137.6719970703125,138.51004609605513,135.86102568747788,136.36193548031295,2223200
2020-07-16,137.88427734375,137.9035740738812,136.46626942050145,137.5563065269817,942000
2020-07-17,139.5433807373047,140.14144663321775,137.1993221597835,138.7137983401902,1518100
2020-07-20,140.80706787109375,141.5016027748616,139.2154339694273,139.95818860669118,1173700
2020-07-21,139.8810272216797,141.80064671761346,139.07074134444622,141.31833159272364,1659600
2020-07-22,139.9774932861328,140.93248251285547,138.95498759722588,140.26688529899627,1020900
2020-07-23,138.97430419921875,141.88747731317457,138.54986448219438,140.36335956526491,1051500
2020-07-24,139.11898803710938,139.2347389671553,136.86175658666926,138.62703186532343,1214800
2020-07-27,141.72348022460938,141.868183599343,138.65596297224565,139.09968466227923,1256700
2020-07-28,140.81666564941406,142.5722990947824,140.5658671796831,141.89706112313453,2257500
2020-07-29,142.36973571777344,142.93886387540033,140.8745562996827,141.20254168054444,1059600
2020-07-30,143.8360137939453,144.20257799045964,140.84565420142022,140.86495092731286,1129300
2020-07-31,146.31512451171875,146.5370000900991,143.21866932902873,143.5466401156461,2250100
2020-08-03,149.04498291015625,149.92279978342827,146.36331256337343,146.80704886034067,1902300
2020-08-04,150.13504028320312,150.39549455255246,147.7716992914238,148.55304738038336,1682300
2020-08-05,152.14146423339844,152.76846792594546,150.27007943903178,150.48229924369733,1587200
2020-08-06,155.62379455566406,158.1800587411199,152.1414788861986,152.85531054510372,2068700
2020-08-07,153.26043701171875,156.27007825315297,151.8424295685613,156.2218438037018,1515700
2020-08-10,152.4983673095703,154.27328314158908,151.63020611669444,153.6945139193675,1393200
2020-08-11,151.37939453125,153.83920423012287,151.11895500198693,153.25077928034614,1136700
2020-08-12,153.72344970703125,155.1703948229788,151.3408122385773,151.74595510475223,1386500
2020-08-13,153.2507781982422,154.2154082914527,152.4597891757349,153.0578551234175,1192600
2020-08-14,151.49517822265625,153.15434337012672,150.23151499595133,153.0578744609828,1780200
2020-08-17,151.85208129882812,152.97105584116375,151.2636562997627,152.3343963892395,2368000
2020-08-18,154.5048065185547,154.8520739549335,151.53374394488873,151.9388868341494,1476700
2020-08-19,152.97105407714844,155.28616059679058,152.7684752651128,154.37940588221946,1076500
2020-08-20,152.9324493408203,153.27007576293246,151.53373864180332,152.4404932894534,1828500
2020-08-21,152.76844787597656,153.58838926085252,151.6301915449668,153.14465298594757,1259500
2020-08-24,151.21543884277344,154.0996887064808,150.6849039589622,154.0996887064808,1721500
2020-08-25,152.97105407714844,153.2507903499623,151.09966919287837,152.40192580960726,1076100
2020-08-26,154.10931396484375,154.73633242024167,151.65915975690473,152.0064272143146,1917800
2020-08-27,153.96461486816406,155.334387879624,152.96140601437918,154.34082002821935,1121700
2020-08-28,154.34078979492188,154.5144161182805,152.9806580522738,153.77166166513345,926000
2020-08-31,154.43727111816406,155.85527841617113,153.6269707199558,154.19611361468102,1392800
2020-09-01,156.31832885742188,156.4051420439533,154.32153725266548,155.0257279054353,1273100
2020-09-02,159.48233032226562,159.9550044712708,156.0964832456983,156.36657855396115,1790200
2020-09-03,153.18328857421875,159.66560511343545,151.80385964540878,159.43408855164566,1794100
2020-09-04,151.6784210205078,154.54337319455755,149.7973808131792,153.53050878732333,1552500
2020-09-08,148.0803985595703,150.7427877247517,147.10612721264127,150.70419426836568,1829100
2020-09-09,153.2893524169922,155.01603359085644,149.7105687436834,149.7105687436834,1408600
2020-09-10,152.50802612304688,155.80705932959074,151.64950591478623,153.27971843498972,1356800
2020-09-11,152.980712890625,153.97428090356317,152.26689590215875,153.37621483882873,854100
2020-09-14,155.17041015625,156.24115023662057,153.9646224404763,154.28295216373115,2092000
2020-09-15,156.54019165039062,158.11254362639454,155.98070435390403,156.51125392118348,1039900
2020-09-16,155.5465850830078,158.18967654080845,155.43083419491384,157.7362992703265,1721200
2020-09-17,154.7942352294922,154.83281396753762,152.41159705995173,154.746000767617,1258100
2020-09-18,155.18008422851562,156.24118353215573,153.49198106669184,154.44697043996794,2518700
2020-09-21,155.27651977539062,155.37298868010853,151.8520797251406,153.70416788683596,1170000
2020-09-22,155.7974090576172,156.73310147361732,154.43729174283828,154.67844927852724,1545000
2020-09-23,153.6945343017578,156.91639569523218,153.49195547970845,156.24115748688263,1301200
2020-09-24,152.39227294921875,153.86815595904426,150.99356212070884,153.22185549950075,1415600
2020-09-25,155.15110778808594,155.74918848233554,151.68808912692668,151.86171548652032,1195900
2020-09-28,155.61415100097656,158.52732360857706,155.45980663632403,156.42443683676922,2293800
2020-09-29,156.73309326171875,157.63020690140382,155.72988444221366,155.90351079365053,1046300
2020-09-30,159.52090454101562,160.89067777101553,156.99357791994012,157.15756330109258,1906700
2020-10-01,158.22825622558594,160.8809887004903,157.3311573992339,160.35043926169232,1061900
2020-10-02,157.76527404785156,158.88424862586658,156.2700942760836,156.63665846659273,1042600
2020-10-05,157.66880798339844,159.23151896333098,156.7813499390251,158.3054674671084,1274600
2020-10-06,155.8070526123047,158.68164609189566,155.1510965125286,158.68164609189566,1194900
2020-10-07,154.25401306152344,157.7073908150169,153.3279616276624,155.98069457872606,3591700
2020-10-08,157.39871215820312,157.77491735745545,154.23472619549406,156.20256537948563,3642400
2020-10-09,159.57876586914062,159.7813446862046,157.0996739254051,158.1800550321765,1620900
2020-10-12,162.58840942382812,162.98391130501076,160.31188175530892,161.1704019720465,1582300
2020-10-13,159.47267150878906,162.11574883291982,159.4630157865856,161.90352901168598,1515800
2020-10-14,157.8713836669922,160.803853028358,157.03214537549349,160.64950866221008,1319500
2020-10-15,157.22506713867188,157.45656894516648,155.50802671809564,156.31831247900158,1363800
2020-10-16,157.76527404785156,159.9839264783051,157.54341322053287,158.1800579736686,1631000
2020-10-19,154.33119201660156,159.16398405166186,153.7813457338059,158.7974198631314,1271100
2020-10-20,154.23463439941406,156.0214254146084,153.6840998016823,154.8044751413537,2145700
2020-10-21,155.67367553710938,156.59123291888173,154.0510756698891,154.0510756698891,1456700
2020-10-22,156.83270263671875,157.65365569366156,155.74130151321177,155.8571973006599,878800
2020-10-23,157.90480041503906,158.98653385135427,156.7071564408953,157.52812432649984,1111200
2020-10-26,154.9976043701172,157.3832242741097,153.52954191959202,156.46568155815365,1151600
2020-10-27,156.9196319580078,158.86096017786704,155.14249435736448,155.34531199506748,1851000
2020-10-28,153.26876831054688,155.99242262943514,152.75687557087087,154.30220686021872,2160700
2020-10-29,155.683349609375,156.90029955876741,152.72788920548575,154.01245485415535,1539000
2020-10-30,153.13357543945312,155.8089500850533,150.91214570714118,154.55335808526706,2078300
2020-11-02,157.32525634765625,157.68261147612955,155.219737851503,155.79923145949948,1516600
2020-11-03,157.56671142578125,159.8364351903197,157.33490514636804,159.01546751271837,1519500
2020-11-04,168.39376831054688,170.15158483744185,160.30004561896433,160.31936649481224,3403700
2020-11-05,165.06163024902344,170.60554305286993,164.5594053375337,168.7124949835651,2539300
2020-11-06,163.46798706054688,166.7228545241245,160.5801278034272,166.12404002608014,2008200
2020-11-09,159.55636596679688,170.38341177048673,159.37285446779183,169.46586901297349,2325300
2020-11-10,157.0065460205078,161.25623998152727,155.0072700032587,160.36765648773755,2926600
2020-11-11,159.31488037109375,160.25174385272584,157.75022845795993,159.35352212111482,1570200
2020-11-12,159.5467071533203,160.90854163506185,158.1945257415693,158.5518956563773,1182800
2020-11-13,160.11651611328125,161.3238128114074,158.8898985414827,159.80745582206538,1666600
2020-11-16,159.64329528808594,162.7629614422342,158.97687970327272,160.6864016963987,1548000
2020-11-17,159.77850341796875,160.43528063436463,158.46497846020074,158.8706284743665,1214300
2020-11-18,157.91444396972656,160.64776608339204,157.8371751950014,159.4597899892057,1457800
2020-11-19,160.62844848632812,161.23693088877258,157.95307421468135,158.4649816998806,1329000
2020-11-20,160.52218627929688,162.41523422520052,160.4642383884802,161.1596425533011,1217600
2020-11-23,158.7257537841797,161.4977178248669,156.60091392952452,160.47391754977107,1493100
2020-11-24,155.55780029296875,160.5704997561398,154.98795965038596,158.7740412445556,2425500
2020-11-25,154.71749877929688,157.1224245248239,153.8096092458411,156.4560090840516,1981800
2020-11-27,155.95379638671875,156.64920062851502,154.81410037029798,156.0986661297963,853300
2020-11-30,154.9010009765625,156.92925059612978,154.19592909064542,156.92925059612978,4533900
2020-12-01,155.84756469726562,156.9292981555345,154.52437182509655,156.11799806183285,1964400
2020-12-02,153.51988220214844,156.31115225173252,153.06593735519945,155.49985221197727,1529400
2020-12-03,151.7041015625,153.65508268044613,151.09561922806057,153.16251086626357,2308200
2020-12-04,152.5540313720703,152.81481162561533,151.30810747181883,151.79102622560032,1497100
2020-12-07,153.03697204589844,153.761350280326,152.1773771305449,152.1773771305449,1407100
2020-12-08,153.55853271484375,154.0511046090294,151.12461771928213,151.51094688285758,1593900
2020-12-09,153.2783966064453,154.69817880210834,152.27393216759663,154.23458096398662,1510400
2020-12-10,152.7182159423828,154.9879398904302,152.49607745092823,154.0027815451596,1847000
2020-12-11,154.08004760742188,154.16696944113835,151.79101756116202,152.16769357810998,1264000
2020-12-14,154.0511016845703,157.30596977531863,153.65510472003953,154.63061015644521,1612900
2020-12-15,156.42706298828125,156.57193273217223,152.9500417597768,154.81410123956385,1813100
2020-12-16,155.13279724121094,157.75022305894893,155.05552848132288,156.81335960938105,1440900
2020-12-17,157.14175415039062,158.36837186948307,155.7316396906556,156.3594281540635,1486800
2020-12-18,158.0399932861328,158.91889420197765,155.54813079214762,157.09346193443753,3566400
2020-12-21,155.34532165527344,156.0407259313799,152.89210054721264,155.2487467342942,1463800
2020-12-22,156.30148315429688,156.8326967225874,154.186296688065,155.04589146674945,1209200
2020-12-23,154.38912963867188,157.41219097980263,154.37946183170456,156.46567436017614,1164600
2020-12-24,155.2294158935547,156.34012320737114,154.38914192114592,154.45674288774194,417400
2020-12-28,156.8423614501953,157.26733233641608,154.8334175482955,155.92481871177048,1522400
2020-12-29,157.54742431640625,159.45979337202127,156.85202006663937,157.63436090076124,1188400
2020-12-30,158.6581573486328,159.1700501320578,157.58607695103242,157.9241112912587,1009000
2020-12-31,159.8461151123047,160.01995879793793,157.653659739246,158.88027755875603,1292600
2021-01-04,158.00135803222656,160.560836329825,155.22940903648927,160.3290300170674,1805900
2021-01-05,159.10238647460938,159.6432530459871,156.94857325733426,157.5763616553601,1358600
2021-01-06,161.4397430419922,162.1737890231598,157.11279487870937,157.35425426988047,2139800
2021-01-07,161.29486083984375,163.03337126945195,161.00510664532396,161.72948476286817,1710700
2021-01-08,162.366943359375,164.07647986766779,160.99545587242912,161.6811922471467,1475900
2021-01-11,163.6032257080078,164.66565293205946,161.85506206094158,162.1641224204309,1117000
2021-01-12,160.44491577148438,163.95091050295585,158.64845748810768,163.24585327648578,1304200
2021-01-13,156.41738891601562,160.37732878224853,156.11798163229045,159.4597860534906,2603100
2021-01-14,155.46124267578125,157.7985681412687,155.40328003426998,157.0065741532658,2213900
2021-01-15,156.0407257080078,156.56228628309742,154.16699834104278,155.91516209965056,2516500
2021-01-19,157.2595672607422,158.59447875315195,155.98267871282167,157.06608856413445,1464200
2021-01-20,158.0237579345703,158.8363153382726,156.54373739198667,157.24988741470278,1618000
2021-01-21,159.08786010742188,160.33571528841347,157.16285887560088,157.16285887560088,2440200
2021-01-22,157.99473571777344,159.8036463956731,157.32727259310292,159.27160950206962,1079100
2021-01-25,156.06971740722656,157.8592918235582,155.18943962361044,157.24986647177005,1443800
2021-01-26,154.4929962158203,156.35994467628984,153.38055270818134,156.0794241717895,1982000
2021-01-27,148.1472930908203,153.10972447978304,147.5669011674253,152.82920393086204,2235600
2021-01-28,151.41683959960938,155.40225226603346,149.21131853563196,149.25968820359688,1859300
2021-01-29,149.21133422851562,151.45555716703498,147.32503506230006,150.56559651186222,1977200
2021-02-01,150.4978485107422,151.91014810096797,149.21129232271466,151.09759095916564,1885700
2021-02-02,152.24876403808594,154.47363616002448,152.13268863079674,152.40354108803947,1583000
2021-02-03,150.1593475341797,153.11938908221344,150.02392127905247,152.18108808906018,1726000
2021-02-04,151.99725341796875,152.1229968483157,149.53054783641105,150.2753994299781,1888000
2021-02-05,154.0770263671875,155.02500997284403,152.45191161463345,152.7324321039367,1377800
2021-02-08,154.79283142089844,156.60174175213334,153.32247922227285,155.16040840029285,1625100
2021-02-09,154.60902404785156,156.5049907783786,153.8158029338109,154.58967323131813,1852700
2021-02-10,155.3732452392578,157.4143213957348,154.93794771515354,155.98267062921465,1746000
2021-02-11,159.06849670410156,159.34901723070436,155.16045683319828,155.8859577499876,1860300
2021-02-12,161.26434326171875,162.2703646613379,158.26560036532618,158.26560036532618,2188700
2021-02-16,160.88705444335938,164.34043036026574,158.28492270824205,162.49281822919016,2609700
2021-02-17,163.38278198242188,164.30176151416273,159.61018354815192,160.40340487863304,1561800
2021-02-18,162.4638214111328,164.51458052617195,160.3066696742492,162.23167058477745,1954100
2021-02-19,154.77349853515625,162.54119231206133,154.20277480179212,162.39609806132503,3793100
2021-02-22,154.9282989501953,155.75052442900179,153.09035452158918,153.8061873740383,2908200
2021-02-23,154.3092041015625,156.51472558829036,154.0383516214628,155.1314295731676,1811000
2021-02-24,153.85452270507812,156.330896140767,153.6513760083982,155.92461750775712,2495900
2021-02-25,151.3684844970703,154.2414688785056,150.66233450995423,153.32250414014604,2059900
2021-02-26,150.1689910888672,152.31647454501615,149.8884558591774,152.00692046540684,2561500
2021-03-01,152.5389404296875,154.72511052362077,150.8364227009932,151.0105505415866,1680100
2021-03-02,151.9198455810547,154.33818118482714,150.44949340106328,153.21606992219293,2039500
2021-03-03,144.44241333007812,150.72040560144416,144.3166551054796,150.2754399396194,3392700
2021-03-04,139.2961883544922,144.1328615612454,137.57433387371645,143.75560164153285,6115200
2021-03-05,140.9212646484375,141.26950561381054,136.79075749512674,140.50531795220505,3520700
2021-03-08,140.40858459472656,144.71323455471287,140.28284115767104,143.1751616152251,2303100
2021-03-09,145.235595703125,148.47617205873368,142.53673904556226,142.68183331088994,3121500
2021-03-10,146.15452575683594,147.71193446275657,143.71685411653763,145.53543243798015,2119200
2021-03-11,147.383056640625,148.53418683570024,147.21861157852143,147.67325988683433,1456800
2021-03-12,147.58619689941406,147.85704931462755,145.7579209561986,147.22827318189297,1727200
2021-03-15,149.78208923339844,150.4205336260004,147.51852976183318,147.77971424250762,1917700
2021-03-16,149.96583557128906,151.25239196344518,149.35641023807037,150.08191096414976,1627600
2021-03-17,151.06857299804688,155.1410562792984,148.5825318986498,149.14357271863756,2482500
2021-03-18,147.4410858154297,150.86545735413452,146.80264166274242,150.22701320144725,2462200
2021-03-19,148.1182403564453,149.84009442798114,147.0154797178173,147.61523708994955,4034400
2021-03-22,150.54624938964844,150.8171018264171,147.61522749434081,148.0408422090124,1604100
2021-03-23,150.9428253173828,152.11330621909116,148.95980197304416,150.59458440748477,1962800
2021-03-24,150.35276794433594,152.1133235112789,150.20767369886283,150.2560433674707,1739700
2021-03-25,147.8861083984375,150.9912439892404,146.7736648272437,150.9912439892404,1656600
2021-03-26,151.04925537109375,151.0879570115366,147.64424902967795,148.12791621275588,1877200
2021-03-29,153.21607971191406,153.9222296204372,150.43015219505003,150.6719857708792,2044800
2021-03-30,151.91018676757812,153.1000186998734,151.3878326892752,152.1713711869053,1298000
2021-03-31,152.3358154296875,153.44825883312322,151.80377856372706,152.38418510120235,1564100
2021-04-01,152.73243713378906,153.62238306478417,151.1556772423817,152.55832401614657,1386400
2021-04-05,153.2354278564453,154.09635478095728,152.53894598938507,153.38052209527044,1212600
2021-04-06,150.8074188232422,153.99962512104912,150.33343443974212,153.64171613589997,1802500
2021-04-07,152.7227783203125,153.0129668672306,150.6139813971364,150.6139813971364,1660500
2021-04-08,154.77349853515625,155.51835012975496,153.4482551772613,153.70942482858663,3440800
2021-04-09,154.62838745117188,155.69244628155423,153.28379341943773,154.879889045186,1821900
2021-04-12,157.20150756835938,157.8206009921262,153.3418527703254,154.84122403799003,2916400
2021-04-13,158.13015747070312,158.64284352810606,156.21483946832325,156.90163863487356,2452700
2021-04-14,157.75289916992188,159.45540243739262,157.31760163248154,158.65251309660843,1183100
2021-04-15,160.0454559326172,160.96442055951638,158.5751036733685,158.5751036733685,2041500
2021-04-16,162.15426635742188,162.77335976835502,160.57750659942835,160.83869101414504,2290800
2021-04-19,162.6089324951172,162.77337758598352,161.14824797917328,162.02852590118079,1842700
2021-04-20,163.47113037109375,164.40114627247743,162.3182855334247,162.70578969527853,1984700
2021-04-21,164.83706665039062,165.81553889855985,163.6067329965484,164.28487256605473,1206900
2021-04-22,163.7908477783203,164.79836759047006,162.59924351085854,164.41086338172124,1467700
2021-04-23,165.21490478515625,165.95118334741028,163.26767208819925,163.72299758359253,1057500
2021-04-26,164.49801635742188,165.83491595498245,163.73267574370323,165.54429524833995,980500
2021-04-27,164.4495391845703,165.45705857579026,163.83920626755975,164.2945316528959,1323100
2021-04-28,166.3580780029297,166.79402388509013,164.1395745238046,164.33334138906383,1394600
2021-04-29,169.07064819335938,169.3806485634858,166.39681924154644,166.7165168241474,1686200
2021-04-30,167.62716674804688,169.39034465576114,167.1330967322052,168.27624433909475,2151000
2021-05-03,169.7681427001953,170.72722052553658,167.93715847269462,169.24499590243286,1886800
2021-05-04,168.3440704345703,169.36128734977783,167.03621800325544,168.9834508312028,1849700
2021-05-05,168.43124389648438,169.22563181251286,166.95870156679499,168.76062389136604,1929400
2021-05-06,162.28921508789062,163.36455608124476,160.0610293163428,162.02764166184897,3200100
2021-05-07,166.19338989257812,167.84998722018665,163.72301015565566,163.90707981035362,1492500
2021-05-10,165.82522583007812,167.83059730685812,165.4377217176477,166.62931090658887,1472300
2021-05-11,164.9145965576172,165.80586795909332,164.00394551327477,164.59489897083722,1596500
2021-05-12,162.79298400878906,165.04054964983686,162.23110738086407,164.2364644307898,1612100
2021-05-13,165.51524353027344,165.9221273273576,162.58953838095093,163.11267046796317,1317900
2021-05-14,166.9102783203125,167.57873559597994,165.51525440253246,166.34840169386138,1232600
2021-05-17,164.953369140625,167.57874184069337,164.730540185541,166.87154003359674,1003600
2021-05-18,164.79832458496094,165.64115414933207,163.3645416479424,163.98455708954506,1149500
2021-05-19,165.93182373046875,165.99964509352864,162.57017242849653,163.77145906081162,1537900
2021-05-20,170.31068420410156,170.48505664569365,165.44742852998974,166.1643275042091,2223000
2021-05-21,170.52378845214844,172.16102065193803,169.6421996088257,171.03723804609814,3329900
2021-05-24,170.8919219970703,173.12980489876742,170.48503822830764,171.52163468246619,2273000
2021-05-25,171.1050567626953,171.2116226170633,169.0125137405326,170.5044209193494,2096400
2021-05-26,169.84567260742188,172.91668817139646,169.32252572917426,172.45166543910165,1590300
2021-05-27,169.21592712402344,170.9984695725544,168.89622960080865,169.53562464723825,3201800
2021-05-28,171.16317749023438,172.5872780691369,170.0878513207926,170.6981695815116,1439900
2021-06-01,168.75094604492188,171.93820978988398,168.40218639900587,171.82196150202387,1367300
2021-06-02,167.54966735839844,169.4775353219972,166.85214803399768,168.56688427167757,1402900
2021-06-03,168.39254760742188,169.0706874329027,166.51312096084678,166.9878114475136,1030300
2021-06-04,169.7293701171875,170.5818968127441,168.63466446384712,169.37092811216155,1225200
2021-06-07,169.63253784179688,171.2213285261364,169.0415843979814,169.93285577872447,1355100
2021-06-08,168.6637725830078,170.7175713296305,167.7240594321844,170.39787373150466,946500
2021-06-09,171.17288208007812,171.38601379374924,169.1965725137343,169.92315386970338,1349100
2021-06-10,176.41395568847656,177.14053703022097,171.4538170101801,171.4538170101801,1890600
2021-06-11,176.51083374023438,176.93709718195342,174.00170958742171,176.31708166190828,1622600
2021-06-14,178.81649780273438,179.00056742462837,175.53235102411867,176.38487778559235,3695600
2021-06-15,179.87245178222656,180.2890327174329,178.1480334714655,178.89399435764116,1629700
2021-06-16,178.36119079589844,181.0059427768737,177.63460944424207,180.19217521077906,1933800
2021-06-17,180.61842346191406,181.09311377775634,178.04147827010038,178.3417961717151,1245500
2021-06-18,179.60122680664062,181.10283126516723,178.72933507321787,178.9812112938579,3361800
2021-06-21,180.7734832763672,181.47100269958486,177.92528142861806,179.75626621897985,1980700
2021-06-22,180.79283142089844,181.16097074420244,180.07594720057435,180.70564519664342,1416600
2021-06-23,180.30844116210938,180.7250221980206,179.49467351628726,180.19219286480248,1279700
2021-06-24,179.591552734375,181.51940593700908,179.20403378189178,181.08346005000993,1686000
2021-06-25,181.38375854492188,181.4418826859761,178.73900665060893,179.70778175440626,1994900
2021-06-28,181.23843383789062,182.06188374149875,179.8433954337383,181.49031002328832,1386100
2021-06-29,182.1200714111328,182.31382351194435,180.2793894975787,181.2481647839742,853900
2021-06-30,180.54095458984375,182.64319508993225,179.78531108409163,182.23631126239937,1203600
2021-07-01,183.3794403076172,183.54414509037653,180.78313001999206,181.16095173445498,1997200
2021-07-02,186.68296813964844,187.0123481423429,183.83476683818733,183.94133269580445,1767000
2021-07-06,187.9617462158203,188.2620641271327,185.62699471215336,185.62699471215336,1535200
2021-07-07,191.23619079589844,191.45901970282162,187.26422192210643,189.1145858331588,2651100
2021-07-08,190.8099365234375,191.09087477807319,187.34172014015058,189.68615394022711,2818200
2021-07-09,191.3330841064453,192.20497579197104,190.0349290076101,190.9649448345262,1521100
2021-07-12,192.1371612548828,193.0768742546257,191.30401410404895,191.73027749968503,2665800
2021-07-13,193.08657836914062,194.30724455416083,192.01123733022746,192.4084387009828,2999000
2021-07-14,194.9950714111328,195.73133524276687,193.31909445128431,193.8131644824989,1798900
2021-07-15,193.987548828125,194.995068518697,192.80564191702277,194.995068518697,1438000
2021-07-16,193.4450225830078,193.9875491058392,191.38154148307706,193.64847187686163,1785400
2021-07-19,191.65277099609375,193.2706235648366,189.4536474811395,192.2727864402966,2073300
2021-07-20,194.10693359375,195.40673160175294,191.32303498834725,191.32303498834725,1884900
2021-07-21,192.09898376464844,194.84408825984116,191.19688997560237,194.84408825984116,1877600
2021-07-22,194.52398681640625,194.88289723780883,192.39969713802924,192.57429020705746,1488800
2021-07-23,197.4824676513672,197.8219738661057,194.63066281088598,195.68797497628165,957800
2021-07-26,194.79559326171875,196.75498447748092,194.16508377855448,196.53188840856532,1120000
2021-07-27,195.81407165527344,196.6191741566422,194.98957979317677,195.28058301552096,1618200
2021-07-28,197.17208862304688,197.79288861184065,195.54247940181364,196.22147707689447,1363800
2021-07-29,197.99659729003906,199.50010178434906,197.5115967951675,197.86079774351663,1114800
2021-07-30,196.61917114257812,198.0741724309559,196.16326955480332,196.38638040910232,2427500
2021-08-02,196.0469207763672,198.27792624226035,195.30001579321575,197.37581753255031,1580700
2021-08-03,197.97720336914062,198.20029944735407,196.20209982265243,196.91019638457172,2915500
2021-08-04,198.64646911621094,200.79017752397212,197.15267430795814,198.04507332082895,1824800
2021-08-05,197.72500610351562,197.8511109735578,189.74190178299673,192.06020364914426,2149200
2021-08-06,195.8237762451172,198.07417051955198,194.12627475839057,198.07417051955198,1282600
2021-08-09,193.72860717773438,196.87141584788483,192.71010313454332,196.29910399056035,1238000
2021-08-10,192.79739379882812,194.85380598745243,192.2445009243162,194.17479344532666,1476900
2021-08-11,191.48788452148438,193.89348265065317,191.0513870691693,192.5257778058318,1083900
2021-08-12,193.84500122070312,194.40760359114506,191.26479494279246,191.5752023751912,831200
2021-08-13,195.435791015625,195.56189587787998,193.60248977695267,194.49488889196903,934500
2021-08-16,198.6367950439453,198.7047022155212,194.99929145055188,195.56189378245486,1040200
2021-08-17,200.40220642089844,200.51860180102278,198.41370147121322,198.41370147121322,1080500
2021-08-18,197.2303009033203,200.615609649557,197.06540251295905,200.04329782296156,1089300
2021-08-19,200.24700927734375,201.80871148304445,196.59979603613235,196.91989814300723,1126200
2021-08-20,200.83871459960938,202.0124075478469,200.41191178168992,200.42160646353685,1194000
2021-08-23,200.27609252929688,202.3033909139462,199.81049622874994,201.47889900683595,1081600
2021-08-24,198.8405303955078,200.75143374253693,198.3555298465368,199.90752272261875,978700
2021-08-25,198.29725646972656,198.92776587044523,196.8907582697197,198.25846295017718,780700
2021-08-26,197.8996124267578,199.3255151115529,197.259408200719,198.6562120389706,957600
2021-08-27,197.7056121826172,200.00450983091343,197.13330034018435,198.5397988389266,855300
2021-08-30,199.71348571777344,200.7804926335789,197.6861873787823,197.7055915411713,667800
2021-08-31,198.42340087890625,199.89780653344178,196.98780355269668,199.63590212088337,1480600
2021-09-01,200.24700927734375,200.2761081233287,197.37579979815865,198.42340265673806,1030700
2021-09-02,202.94361877441406,202.9824123035562,200.51861617439576,201.20730862421786,1116500
2021-09-03,203.39955139160156,203.79725543075938,200.9357400865666,201.973648461777,1003500
2021-09-07,201.57589721679688,203.5740968270965,199.296403840433,203.19579704457414,977200
2021-09-08,203.05029296875,203.12789481794314,200.30518860783033,200.79018906450787,832600
2021-09-09,199.83958435058594,203.7001836876127,199.68438065838419,203.21518325026125,1109600
2021-09-10,200.79017639160156,201.61468303633026,200.14997227694434,200.5088826569398,1151400
2021-09-13,198.85018920898438,202.72049822001148,196.1438931463536,202.29369544573808,1407900
2021-09-14,197.4436798095703,200.30517941239683,197.26907195664168,198.8501781091591,1790600
2021-09-15,197.84141540527344,199.02480303782167,196.2991025280278,197.58920566631903,1354100
2021-09-16,196.6871337890625,198.06453362114163,195.35822217277615,197.9093298876853,1644700
2021-09-17,192.53549194335938,196.45428922920175,191.9437907778121,194.51428734885528,4160100
2021-09-20,192.66160583496094,193.88381664344382,189.91650105855018,190.77010672783453,1523300
2021-09-21,194.9799041748047,195.7462132867673,193.16600696212566,193.5928097888834,1614900
2021-09-22,195.30972290039062,197.47282115920467,194.3300123393217,196.40581405339944,1673200
2021-09-23,198.56893920898438,199.80082999585917,196.10512803314933,196.10512803314933,1197600
2021-09-24,198.58831787109375,199.41282471327617,197.64741563511313,198.30702406906747,1112000
2021-09-27,191.8661651611328,197.88986196490623,190.62456529558398,197.88986196490623,1964000
2021-09-28,186.9871063232422,190.36270582880664,185.59030244479032,190.12990024871752,1957300
2021-09-29,189.14051818847656,190.74101406927605,186.81250668790034,188.86891906689897,1430400
2021-09-30,188.31597900390625,192.1765785414524,188.2286824728981,190.06198362926665,1785600
2021-10-01,190.3044891357422,191.769185244847,186.6572760836583,188.31598422398963,2095500
2021-10-04,187.87948608398438,190.11049122575247,185.2022739934467,189.32477802459042,1942300
2021-10-05,190.56640625,191.5752007948923,187.85040044307942,189.36359966093835,2490200
2021-10-06,189.9067840576172,190.18809262058957,187.6466800769099,189.80008336149658,1564600
2021-10-07,193.03990173339844,195.3970119582556,191.0417019582192,191.0417019582192,1093400
2021-10-08,191.9437713623047,194.64037251913635,190.57606662275705,194.00016841113043,1085600
2021-10-11,191.72068786621094,193.12720112870073,190.14929101420924,191.6333913302198,901900
2021-10-12,191.23570251464844,193.38910604580678,189.8971111203641,192.92350968262275,1398000
2021-10-13,191.53639221191406,192.98168414050554,189.9164776164628,191.06108642272372,1223800
2021-10-14,194.3784942626953,195.71710034090918,192.85560043260347,192.85560043260347,1314700
2021-10-15,196.15359497070312,196.7161973026396,194.1165870378655,195.09629747841007,1235800
2021-10-18,196.6482696533203,196.84226686456984,194.73736678038364,195.92076901035574,848800
2021-10-19,198.3070068359375,199.98510442188112,197.60860493175645,197.6862067878922,813700
2021-10-20,200.12091064453125,200.411913914486,198.6950079426899,199.6747184581696,794700
2021-10-21,202.36160278320312,202.51680649460886,199.15090185882977,200.8678077637844,957000
2021-10-22,202.25491333007812,202.80782103232062,200.635013354922,201.78931697100748,1104400
2021-10-25,205.1746368408203,205.4171371158493,200.88723375443283,202.5459273470475,1224700
2021-10-26,204.20462036132812,205.38802279842673,201.76021362884106,204.67021671002627,1219300
2021-10-27,203.2928009033203,204.7381076473809,202.73019857612303,203.95239444490616,1625200
2021-10-28,206.53648376464844,207.26485337087956,203.53560454346848,203.7881006722236,1073700
2021-10-29,209.9646453857422,210.66388129284732,206.60444238316262,207.01232752585472,2127500
2021-11-01,207.43968200683594,211.36315999671484,206.8181404989724,209.59565735383228,1323900
2021-11-02,206.08004760742188,209.1780488536384,205.215716225579,208.5662136127803,2760900
2021-11-03,205.04092407226562,206.85698772011884,202.7586931628894,205.79842734884178,2225300
2021-11-04,211.48939514160156,211.61563579192088,206.85696046917778,207.82811990800022,1947300
2021-11-05,210.47940063476562,212.1886508903038,208.5273753156222,211.71277738621086,1728000
2021-11-08,211.51852416992188,212.09150466995715,209.53735065904104,211.8292874778989,1011300
2021-11-09,213.86871337890625,214.00467509524435,211.09119704338607,211.41168140733637,1622700
2021-11-10,210.333740234375,214.441741042514,209.79959951021533,213.13068452181548,1332000
2021-11-11,209.4693603515625,211.05235481726757,209.16830332724902,210.72214937954473,1340200
2021-11-12,210.59593200683594,211.33400785180865,209.20716629191017,210.4599702770063,1187100
2021-11-15,209.82872009277344,211.04266947294425,209.43054113958507,210.88728039579007,918900
2021-11-16,213.82986450195312,215.16036292508966,209.81898635191246,209.81898635191246,1256800
2021-11-17,215.47113037109375,216.18979365861335,211.15918028340877,214.6262264388666,1347400
2021-11-18,219.03529357910156,219.8025178351892,217.0735621797623,217.85049269551186,1706300
2021-11-19,219.899658203125,221.7448703099226,217.7339764730442,219.96764648721006,1734800
2021-11-22,217.86990356445312,222.28868194675897,217.86990356445312,220.16184041825838,1655500
2021-11-23,217.20953369140625,218.81194091210216,214.52912403228444,216.6559656726858,1098700
2021-11-24,216.733642578125,218.47202621109523,214.69421671939577,217.19008868385126,1177900
2021-11-26,212.9947052001953,219.44320358291205,212.1983473101202,214.31546787281562,976500
2021-11-29,217.10267639160156,219.0547013569757,214.32516004844507,215.06323582220742,1391600
2021-11-30,215.63623046875,219.82194000448555,214.1600788241238,216.3743211097798,3828400
2021-12-01,213.32489013671875,218.29722182052706,212.9267112023795,215.93731145017372,2042700
2021-12-02,216.7530517578125,217.4911275088494,213.1694714835188,213.6550511452125,1705600
2021-12-03,216.88902282714844,219.58884467714103,214.12121270860234,218.37489547053588,1479400
2021-12-06,216.53941345214844,218.51086585637754,214.61652198185294,216.46171892159796,1212000
2021-12-07,219.190673828125,220.91933637629862,217.56883940680333,218.95760505587825,1296800
2021-12-08,222.99761962890625,223.22099696332998,220.20069059672238,220.9776062720022,1441800
2021-12-09,223.52206420898438,224.32812833664636,220.75425382868374,222.881095410788,1107400
2021-12-10,224.77487182617188,225.22161173333117,222.62861754834958,223.26957158040454,1188100
2021-12-13,225.6586151123047,226.30929017916145,222.39551869933862,224.87197831235423,1161000
2021-12-14,221.4923553466797,224.3281393221161,219.909360612052,223.36668607773865,1762100
2021-12-15,225.38670349121094,225.56150509206765,220.628012945406,223.6289071285775,1842700
2021-12-16,226.0956268310547,227.3192972093018,224.14360169160307,225.42552444653214,1537700
2021-12-17,227.55238342285156,229.58210325123025,225.53236985487723,225.87228161236683,3042700
2021-12-20,227.50381469726562,227.78545924525352,223.5123486373798,227.2416123068574,1122500
2021-12-21,230.78631591796875,231.11650655274786,225.87225179534175,229.1936151175278,1509500
2021-12-22,234.60299682617188,234.72923747868498,230.78633245954214,231.2719121873916,1136700
2021-12-23,235.51588439941406,237.34166899666835,233.7483818197317,234.7292475774492,1172400
2021-12-27,239.40048217773438,239.60443215818424,236.06941277387148,237.34162913088537,807000
2021-12-28,237.20567321777344,240.69213175688782,236.6132654165792,239.87636145256926,1004400
2021-12-29,239.905517578125,240.70187543954535,236.61328763770493,236.9823329704331,939900
2021-12-30,238.08944702148438,242.0809128314019,237.89521810118057,239.92493773298125,859100
2021-12-31,236.99203491210938,239.86667334993248,236.71040519717576,238.0894498118265,1073400
2022-01-03,227.2804412841797,236.22482619669702,226.5909263841248,235.30221287889307,2772700
2022-01-04,218.62741088867188,227.27073889465385,215.73335987364754,227.27073889465385,4664000
2022-01-05,210.31430053710938,220.45320816466415,209.3819957085515,220.45320816466415,4749400
2022-01-06,211.1494903564453,214.19893050191266,207.46880248246487,209.26543861215782,3103400
2022-01-07,205.00201416015625,211.1494543397777,204.70095714656512,210.86782466152903,2206500
2022-01-10,206.46847534179688,206.46847534179688,200.21420701112154,202.11767096123964,2232200
2022-01-11,206.66273498535156,207.00263190336727,202.23425024159758,205.8858044576171,2287800
2022-01-12,206.6724090576172,210.07146662070227,205.07000213393448,209.80924945945267,2451400
2022-01-13,201.02999877929688,207.43965684177562,200.44729720317457,206.3422419615225,2347400
2022-01-14,200.233642578125,201.418458258836,197.54354164781267,200.9717332230565,2209100
2022-01-18,196.85400390625,198.39814376822525,194.55236091127873,195.9799663893211,2433800
2022-01-19,195.10800170898438,200.28285967846384,194.6021836136917,197.30634156378923,2159600
2022-01-20,196.45034790039062,200.62330613734073,195.48735068762602,195.51653107202662,2844200
2022-01-21,194.86483764648438,198.1526332672773,194.81619871834803,197.5689958146751,2633000
2022-01-24,194.61190795898438,194.67999057455197,186.29515709156783,192.6470113170211,4093400
2022-01-25,189.92340087890625,193.24037651279787,188.71722387316876,193.24037651279787,2673200
2022-01-26,184.66098022460938,190.7696546492035,183.55208110530447,189.88449159720327,4532700
2022-01-27,182.54043579101562,187.52075190367052,182.4528946505618,185.14731536794818,4606200
2022-01-28,189.9720458984375,190.2444060629071,180.65339500689643,183.6980105827723,2963800
2022-01-31,194.3395233154297,194.9912581096461,190.65292482027448,190.65292482027448,2591500
2022-02-01,193.4446563720703,196.93672946877967,190.75023496079402,195.50683110307662,2143200
2022-02-02,196.65460205078125,197.86077897617838,193.07500318962482,193.07500318962482,2494300
2022-02-03,195.4386749267578,196.47949124923954,193.50295901880762,193.50295901880762,1734500
2022-02-04,194.09634399414062,195.62351995849934,192.2092815895552,194.553523114521,1919800
2022-02-07,194.85508728027344,196.47952631317077,194.0769090715314,194.45626890744737,3303900
2022-02-08,195.80836486816406,196.26554404907176,192.4524868205032,193.45438634227554,2880500
2022-02-09,196.7713165283203,199.70893201270437,195.9736946804163,197.57867506526256,2026900
2022-02-10,193.93099975585938,196.87833740404804,192.27738027535162,192.96801735829231,2809000
2022-02-11,193.4446563720703,196.38227241809142,191.98557761870123,193.16257434379293,3714600
2022-02-14,191.0712127685547,193.88238532053495,189.1160526484137,192.54975001124484,3381900
2022-02-15,192.3649139404297,195.9542496089061,191.17819551230158,192.3940943245218,3618400
2022-02-16,189.76779174804688,191.8785907041596,186.04227530172224,191.11987088924417,2916900
2022-02-17,187.8028564453125,190.22491715281163,187.72503714752952,189.8552791989708,2435500
2022-02-18,186.10061645507812,187.95849856710208,185.2251604013484,187.7639577248893,2558900
2022-02-22,184.91392517089844,186.91772434066075,183.67856763557734,185.82826874779147,2347300
2022-02-23,181.9568328857422,186.03252829883016,181.7233898004203,185.66289029038305,2070600
2022-02-24,185.74069213867188,186.4702313967519,178.02703750764587,178.99001982910244,2903200
2022-02-25,189.39816284179688,190.4292428237799,186.06172825220196,186.25626912460152,1742600
2022-02-28,188.3670196533203,190.1665556566417,186.65503963623797,187.28730101983015,2220200
2022-03-01,187.2873077392578,189.68020298453808,186.08114569128296,188.61994284800735,1669100
2022-03-02,190.72103881835938,191.88829875612825,187.88068601835076,188.00714424946847,1355300
2022-03-03,190.52647399902344,191.90773325750433,189.14521474054257,191.77155318533056,1052200
2022-03-04,191.4700164794922,191.58675285976776,188.17249945512052,189.64131473701124,1467800
2022-03-07,182.95872497558594,189.91367518071317,182.77390597883564,189.90393849087474,1825000
2022-03-08,176.44151306152344,182.23892530029087,176.21779182936496,180.70202737510584,2414400
2022-03-09,184.40811157226562,185.49755234943558,178.78579566612908,180.48805430171583,2630400
2022-03-10,184.05789184570312,184.42752981827647,181.0619155205386,182.27781428030437,1995100
2022-03-11,180.235107421875,185.088980856407,180.11838588471682,184.76798178670705,1589700
2022-03-14,179.62229919433594,182.15135976052412,178.87330138719858,181.334279339564,2044800
2022-03-15,183.95089721679688,184.4956175013406,180.565839132479,181.2759198717939,1261600
2022-03-16,186.68423461914062,188.42540999616568,182.35563790037236,185.49751621410556,2064000
2022-03-17,188.39622497558594,189.349500364066,186.87878558006628,187.28732581405114,2199700
2022-03-18,190.55564880371094,191.78128425990474,188.09467088700785,191.30464659999444,2613700
2022-03-21,189.39816284179688,191.29496232209743,187.2484468691115,189.8845224440543,1891000
2022-03-22,191.50889587402344,191.99525530902045,188.08492129574117,189.85526192102398,2374700
2022-03-23,186.01307678222656,191.3824905850405,185.64345360234307,190.7015901562907,2115200
2022-03-24,184.39834594726562,187.09276686132728,183.84388899889404,186.7717678137196,3445900
2022-03-25,184.26214599609375,186.35350067159115,183.0170669111291,185.59478106801936,2363100
2022-03-28,184.2038116455078,186.19788877364542,182.48210952111756,185.04035066715267,2995800
2022-03-29,187.03440856933594,189.29112377901225,186.50914683881558,186.65504875215066,2557400
2022-03-30,186.10061645507812,187.52077796149464,184.4080799585459,186.58697598186745,2612700
2022-03-31,183.44509887695312,189.58295426974735,183.3478358685548,187.1997953475038,2477600
2022-04-01,185.89634704589844,186.32434582297694,181.60665226997386,183.6201879232707,1831400
2022-04-04,183.59100341796875,186.74260371934136,182.07354919442005,185.9255232591718,2603600
2022-04-05,183.26028442382812,185.536458546202,182.56966212971278,183.59102021965387,2059300
2022-04-06,186.1589813232422,187.08306147598984,181.43156602503808,183.02682471433866,2843500
2022-04-07,192.53028869628906,193.90182622053592,185.76017191886413,185.98389316102345,2781400
2022-04-08,194.63134765625,195.82780275286945,192.19955007493093,192.39409091293354,2455500
2022-04-11,187.2484130859375,194.42708426969392,186.77177541841354,193.54190639108418,2252200
2022-04-12,182.78363037109375,188.03630702026243,182.04435443383062,186.8690471918376,1746500
2022-04-13,184.34974670410156,184.88474523192065,180.9744098970176,182.86148751740657,1517800
2022-04-14,182.19029235839844,185.31271239117888,181.2370317860482,184.71935314009525,1819400
2022-04-18,177.82278442382812,182.11247941309816,176.76252411857124,181.4607593674123,1857000
2022-04-19,180.86740112304688,181.3245803109412,177.79360504688978,178.24106238659016,1615300
2022-04-20,182.97698974609375,185.91974879597916,180.42400847647576,181.2425195122843,2085000
2022-04-21,179.99526977539062,184.24375115745516,179.01110870713472,183.75654005799137,2179900
2022-04-22,177.29612731933594,180.61891079598928,176.93559584088217,179.1377847968895,2016700
2022-04-25,175.68833923339844,176.4776188975346,171.92706865550556,176.06836332607526,2097000
2022-04-26,172.44351196289062,175.0841880135185,172.2876008297565,174.38261765142306,2449100
2022-04-27,173.90513610839844,175.6201138759104,172.53119719936444,173.37893977925626,1621200
2022-04-28,176.6724853515625,177.55921311522005,173.62253913097254,174.49952802536558,2339000
2022-04-29,172.71630859375,177.20839484500448,172.2680679080096,175.3959692348378,2251800
2022-05-02,170.2023468017578,172.71635820040458,167.16215388641976,171.87835440085567,3513000
2022-05-03,170.6603240966797,172.34607054281756,169.1499665308142,170.21208328847592,2152200
2022-05-04,172.33633422851562,173.17433802875763,163.70295177244301,167.7760299832322,3747100
2022-05-05,167.064697265625,175.82475893296444,165.1450841807147,175.39601074994837,2855200
2022-05-06,164.8820037841797,166.95751317082232,163.23522771962686,165.33022971543406,3339500
2022-05-09,157.6712646484375,164.0927038196947,156.97943316521153,162.7285185932605,2984600
2022-05-10,158.48976135253906,160.5360538743629,155.01108190764154,159.79549837151836,2851900
2022-05-11,155.8101043701172,159.91242838841075,155.1864747547059,157.72971730021976,3355200
2022-05-12,158.90878295898438,159.4934273902544,154.22181429642782,154.2900161225827,2396600
2022-05-13,161.1012420654297,163.71268671560156,160.0001400987877,161.26689207367153,2239300
2022-05-16,161.26687622070312,161.95872253394234,158.10974289852496,160.42887252294304,2457600
2022-05-17,162.17308044433594,164.23886562955698,160.77966382804098,163.54701932185262,1871900
2022-05-18,154.7967071533203,160.97454016791764,154.05615165375582,160.5847772457263,2614000
2022-05-19,154.57260131835938,156.24860872409099,152.66272722746646,154.09512907851038,2956600
2022-05-20,158.40206909179688,158.64567463970343,154.9428673378233,157.4763709834525,2467600
2022-05-23,158.83084106445312,160.63352833681972,158.1974724922729,159.52268746644657,1909600
2022-05-24,158.87954711914062,159.67856561382536,157.19380082926045,158.71389712473652,1689300
2022-05-25,158.86004638671875,160.36066486622585,157.4373983341238,158.2948797396254,1735500
2022-05-26,161.6566162109375,162.3094920851284,158.74310372404491,159.6395702483581,1596300
2022-05-27,167.6980743408203,167.72730581869507,162.8551945928549,162.8551945928549,2043100
2022-05-31,166.5579833984375,168.34117785029747,164.44348895928198,166.31437784274905,4268000
2022-06-01,162.74798583984375,167.43495383487914,161.4325100369558,166.4995020621697,1733600
2022-06-02,168.28271484375,168.39965562102637,162.16334447623206,163.3716333847336,1399900
2022-06-03,164.68710327148438,166.6846719080424,164.31683291773254,166.4020959905604,1208300
2022-06-06,166.63592529296875,167.74676594105668,165.65176428136954,166.12923648401772,1414900
2022-06-07,169.33511352539062,169.7638617351406,166.3338909256458,166.3338909256458,1473400
2022-06-08,166.90875244140625,170.12434829645215,166.79182654909582,168.67246890526098,1310300
2022-06-09,162.23155212402344,166.79184073397383,162.1146113532667,165.7199852701362,1327300
2022-06-10,157.35946655273438,160.955072440974,157.29124985312993,159.922187155856,1606200
2022-06-13,151.98062133789062,153.9489582105652,150.38256963383353,153.6761212026897,2285300
2022-06-14,153.7638397216797,154.2412971260304,150.54824320381962,150.54824320381962,2197000
2022-06-15,154.0269317626953,156.13167251673372,151.52265945033224,155.06955583565133,1758000
2022-06-16,153.3643341064453,154.08541200297196,150.2364317997004,152.01962649645148,2003400
2022-06-17,154.76748657226562,157.41791626154748,152.8089032173529,153.286360600372,3865100
2022-06-21,157.86614990234375,158.60672035883087,156.06347758635127,156.1706646330268,2080200
2022-06-22,160.00987243652344,162.0171797448076,156.9696651297267,157.05735955733078,2137700
2022-06-23,164.84298706054688,165.0476222464033,161.35455411202884,161.77356335221054,1535600
2022-06-24,170.1438751220703,170.212076950135,167.00623418699695,167.60063237329356,3255000
2022-06-27,169.15966796875,170.72848800965573,168.50679213358114,169.39351973681048,1378400
2022-06-28,165.76869201660156,170.2023157892914,165.66150498496285,168.53606223295546,1725800
2022-06-29,169.4715118408203,170.67004701617898,165.79793588390433,167.60062295024724,1658000
2022-06-30,167.49343872070312,169.11098321219728,165.4861312794891,168.02937392794558,2220700
2022-07-01,169.75408935546875,170.03666523693076,166.13897663551114,167.66882654844932,1498400
2022-07-05,169.7930908203125,169.83206117132858,165.21330884792755,167.87347764279184,1853100
2022-07-06,173.93435668945312,175.27906403690577,169.93921986010957,170.39719946776367,1883300
2022-07-07,174.51902770996094,175.3960017714167,172.96968506091758,173.17432027179237,1317300
2022-07-08,173.42764282226562,174.87953711755068,172.5506688714366,172.9599243730569,1301700
2022-07-11,172.5116729736328,173.89536536717893,172.01472308141587,173.30096732268393,1008700
2022-07-12,169.36431884765625,174.62620760664825,168.72119663236234,172.1803983883797,1643000
2022-07-13,163.51776123046875,166.5969384655902,162.77720582785113,166.04151076225162,2271500
2022-07-14,166.4215545654297,166.56772681088339,161.51047340933215,162.66028442402282,1570500
2022-07-15,170.07566833496094,170.72854438571517,168.74071448980223,169.1304923461111,2409300
2022-07-18,167.3667449951172,171.7808761942923,166.8990265210893,170.36796703475872,1834500
2022-07-19,172.88198852539062,173.17431816515418,168.9842996445517,169.52997370890864,1838700
2022-07-20,172.0570831298828,173.94116205332656,171.47135093112522,173.31638799268646,1944300
2022-07-21,176.30361938476562,176.450044999063,171.5885209591216,171.5885209591216,1878400
2022-07-22,173.94119262695312,176.85031085745237,173.04308068790874,175.9717124048848,1224500
2022-07-25,171.01254272460938,174.4488077446059,169.9484768889167,173.77522013800368,1291300
2022-07-26,172.18402099609375,172.54521413172492,169.82159326054042,170.71970517602253,1354900
2022-07-27,173.24807739257812,173.9021366354243,171.1492307908447,171.52018064906508,1312600
2022-07-28,177.93385314941406,179.4372104369699,173.13090032575644,173.5018501056128,1318400
2022-07-29,178.2072296142578,178.5293808664997,175.62026285381464,177.86554998121,1752000
2022-08-01,175.46409606933594,177.7874671346025,175.07360289750736,176.6941160450653,1243500
2022-08-02,174.57571411132812,177.2407644316108,173.38473618737692,175.5421678057509,1180200
2022-08-03,175.8740997314453,176.54768740755586,174.1754879784619,175.36646606461272,1659900
2022-08-04,170.16323852539062,177.57267215134877,168.70869451068356,176.90885620559047,2390900
2022-08-05,170.4561004638672,170.91492054870923,166.59030068208472,167.6543813508949,1523500
2022-08-08,169.87039184570312,172.3304465938743,169.27490281646539,170.44636738897887,1231700
2022-08-09,165.51649475097656,169.67514615610014,165.26267048537548,169.55800566169364,1415200
2022-08-10,169.91917419433594,170.10465654749862,167.75198598668754,167.86914135993075,1377100
2022-08-11,169.0601348876953,171.3835207494498,168.6013296360675,169.6556239154647,1367100
2022-08-12,171.49087524414062,171.59825898150729,168.56224411136378,171.01252679663665,1185200
2022-08-15,170.29989624023438,171.97897927000207,169.11869003297653,171.002768899011,1243600
2022-08-16,167.70318603515625,170.02657166427196,165.16504781195582,169.68490694550096,2210700
2022-08-17,168.35726928710938,170.60254151918315,167.17604802864255,167.61533977423136,1367200
2022-08-18,166.12173461914062,168.82584180369142,165.72148474970012,168.35726494686264,1297900
2022-08-19,165.4871826171875,167.7812680010277,165.14550303654917,166.6683887984351,1223200
2022-08-22,161.11376953125,164.49146431404188,160.1375590605435,163.93501719576014,1606800
2022-08-23,158.55609130859375,160.44994186706097,158.05822936730343,159.54205844966268,1320300
2022-08-24,158.7611083984375,159.97159980901372,158.23394641994403,159.31754060263708,1206400
2022-08-25,161.5921173095703,161.6995010567046,158.49753191861458,159.65922475694282,1088800
2022-08-26,156.0863037109375,162.28524664059654,155.86177945602526,161.76785624252568,1468000
2022-08-29,154.11431884765625,155.35411012806165,153.78241091299256,154.54385377288568,1236900
2022-08-30,153.34312438964844,154.9733938954159,153.0307299259913,154.7098129286787,1918800
2022-08-31,152.80621337890625,155.61770410967566,152.49383379537,154.39744110441652,2149000
2022-09-01,155.61769104003906,155.9495989746048,151.03926224550244,152.08379954446815,1839400
2022-09-02,153.2454833984375,157.87272542214043,152.34737174113818,156.8769867799185,1529500
2022-09-06,153.1088409423828,155.73484939400626,152.50359523976238,154.00695275445446,1692000
2022-09-07,156.5841522216797,157.00393046635182,152.68908200973448,153.46028172093742,1506400
2022-09-08,154.7196044921875,156.8184510679675,150.8147625682881,155.03198410028875,3039700
2022-09-09,160.40113830566406,160.69400442283361,157.22845431053767,157.66774603839727,2453100
2022-09-12,162.3926239013672,163.2321655337544,160.44020288612163,160.44020288612163,2129400
2022-09-13,157.1601104736328,159.60063636205987,156.61342016216332,158.4779855159107,2264400
2022-09-14,156.41818237304688,157.86298443599668,155.50054224802923,157.34557923921582,1785400
2022-09-15,155.3931427001953,157.84343999655894,154.9343375801602,156.65246228261174,1641600
2022-09-16,153.5579071044922,155.17842003007323,151.61524294220246,154.96365253893407,2699000
2022-09-19,153.45053100585938,153.53838637594276,151.27358575987134,152.2790813840438,1616100
2022-09-20,149.3016357421875,152.27908073615214,148.13994286783816,151.74216198383226,1991000
2022-09-21,147.64207458496094,152.10334861875054,147.2808665874539,149.69210760310222,1554900
2022-09-22,145.90440368652344,147.88610948120277,145.41629851747362,146.52917770707572,1937300
2022-09-23,146.4804229736328,146.88067294780845,144.34251909221922,145.35777169697874,1626200
2022-09-26,145.0648651123047,147.78848545613667,144.76222738895632,146.18750106534273,1631100
2022-09-27,145.84584045410156,147.54445205994338,144.2546274931969,146.5194280718628,1930900
2022-09-28,148.6378173828125,150.33642915260603,146.5194422140662,147.72019195109894,2079200
2022-09-29,147.3589630126953,148.9306624177146,146.43156607338835,148.44255719746997,1642000
2022-09-30,144.7622528076172,148.41328554897427,144.51820017533962,146.8415860012751,2437200
2022-10-03,147.7494659423828,149.2137817004013,144.78177766448948,145.72870304633798,1580200
2022-10-04,151.06857299804688,151.61524848792828,148.96972640744005,149.59450052384594,1676300
2022-10-05,150.9123992919922,151.9276666994335,148.38401730889004,149.1064185451159,1260200
2022-10-06,148.95997619628906,151.263833874893,148.61831141386165,150.13142597108265,1324100
2022-10-07,143.86412048339844,147.8080188027166,143.45411390687715,147.48586758635236,2022600
2022-10-10,142.31192016601562,144.5767349545563,141.00380208769576,144.5767349545563,1569000
2022-10-11,142.77076721191406,144.95748381237857,141.1600260529667,142.30219040316746,1583400
2022-10-12,142.3900604248047,144.48890698693506,142.1264794258345,143.43459788684405,1474200
2022-10-13,145.1039276123047,146.29490560976663,138.49497837979698,138.6218905110021,1478200
2022-10-14,141.9409942626953,147.28086664561658,141.657899784765,146.14847383810587,2625400
2022-10-17,146.2265625,146.83182313193154,143.5126985339722,143.62985392171473,2180400
2022-10-18,146.84158325195312,150.717140171622,146.207052378228,150.05332417423512,2783100
2022-10-19,144.60606384277344,146.44132942458688,142.40959025254006,145.8458404331809,1983700
2022-10-20,140.9940643310547,144.69391017815323,140.74025498340183,144.0007942232477,2327200
2022-10-21,143.70794677734375,144.1765236221272,138.7390242702381,140.51573443771727,2354100
2022-10-24,145.81654357910156,147.06609170713162,144.7915345694217,145.17225603193415,1356600
2022-10-25,148.67684936523438,148.92090196928243,145.70916135836825,145.70916135836825,2065600
2022-10-26,148.0618438720703,151.2345279783114,147.5346967593348,148.5694774998901,2162300
2022-10-27,147.54446411132812,149.32117448856093,145.96300776361315,148.97949483269582,2343700
2022-10-28,149.633544921875,150.21927718282757,146.93920929223154,148.48162367666916,1615500
2022-10-31,147.50576782226562,150.01017429899088,146.58617780371554,148.80688828176307,1899000
2022-11-01,149.40365600585938,151.54610210848222,147.1144731540602,148.11231290334206,2286200
2022-11-02,144.1600341796875,149.88300565322962,143.99372757176042,149.55037750993557,2638300
2022-11-03,128.29226684570312,131.23689869161097,121.45405824906345,131.23689869161097,8065500
2022-11-04,130.76731872558594,130.92384786575897,125.0834868040859,128.9770558693878,4314500
2022-11-07,134.8663330078125,135.63917137376217,130.63035835029018,131.2662374516118,3940800
2022-11-08,133.2521514892578,137.4000686258509,132.31299170832,134.55325686676878,2552400
2022-11-09,130.27816772460938,132.98802044044206,130.00424921117929,132.98802044044206,3186200
2022-11-10,139.51319885253906,139.9142992115414,133.78044920714964,135.31636354055,4381500
2022-11-11,145.32421875,146.0285850424818,139.40559236918813,140.20779311851996,4129600
2022-11-14,143.269775390625,146.30246359421176,143.20130323151133,145.76440408358337,2492800
2022-11-15,146.56661987304688,148.45470216539948,144.88396900686166,146.44921555922573,2916100
2022-11-16,145.06005859375,148.1710117979239,144.61983345066662,146.55683303669772,2358500
2022-11-17,140.48167419433594,143.6904464804516,139.62077897161865,143.41652798730308,2816800
2022-11-18,142.47738647460938,143.7295897259771,141.0295292641105,142.9567513628049,2410500
2022-11-21,144.13067626953125,144.91330695869505,140.70668006594858,142.17410701034115,1998900
2022-11-22,145.4024658203125,145.9600803603701,143.60241055215758,144.87418370084686,1628500
2022-11-23,147.20248413085938,147.91662770517257,145.1578729109083,145.47091621888518,1445900
2022-11-25,146.84054565429688,147.57425921034277,145.42202083732238,147.2025062318319,889500
2022-11-28,144.913330078125,146.72314797515037,144.61006418295779,146.21445063435945,1633300
2022-11-29,144.639404296875,146.10683140197372,143.25022683456726,144.36548576478512,1767100
2022-11-30,150.79278564453125,150.83191045993885,143.719792260136,144.87416090763676,4194100
2022-12-01,153.23851013183594,154.10918289115276,151.82000034563745,152.61240854005126,2367800
2022-12-02,154.0015869140625,154.480951825901,149.09059318221992,150.76346670929635,1946100
2022-12-05,151.9569549560547,153.26785279135888,151.22324147589265,152.2504433336073,2087400
2022-12-06,149.72647094726562,152.12326539076406,148.78731110089564,150.87106221389698,1964800
2022-12-07,146.98727416992188,150.4503953926073,146.13617126931268,149.63843223883052,2444100
2022-12-08,150.3427734375,150.99823726992264,145.9600625137213,147.2611828513541,2267500
2022-12-09,150.05909729003906,152.93525684505178,149.42321817315667,150.59715688833066,3274900
2022-12-12,149.5406036376953,151.1156426418017,148.87536226252826,150.72433472283774,1851800
2022-12-13,151.60479736328125,155.0385716535534,148.77755487508074,154.77444550406886,3655900
2022-12-14,148.4840545654297,152.71025174826858,147.9459949804701,150.43084654466895,2182000
2022-12-15,145.48072814941406,148.06339922856375,145.3144066098719,146.26334398814285,1947400
2022-12-16,141.32301330566406,144.3654792977077,140.7947312121271,144.11111572399,5216000
2022-12-19,140.08059692382812,141.30345287165477,138.92621314681057,140.71647604572166,1833700
2022-12-20,139.37620544433594,139.99252950712432,137.70333224281237,139.61099911764535,2045900
2022-12-21,141.7729949951172,142.97628081024067,139.679466658162,140.10991424794602,1647500
2022-12-22,141.88064575195312,141.94913285428456,138.76970720045443,140.58931755635948,1541800
2022-12-23,142.59475708007812,142.72193885410738,140.42296408670782,141.37190133729928,1017900
2022-12-27,142.14479064941406,142.97632380935858,140.4523620509933,142.7415450006411,957900
2022-12-28,140.70669555664062,143.45567328005316,140.6480008607933,142.02737099552655,1443900
2022-12-29,144.93287658691406,145.28505968634607,141.98824492738555,142.0469396227175,1298900
2022-12-30,143.3676300048828,144.5806935151494,141.59693703397537,144.00350910768768,1249500
2023-01-03,143.66110229492188,145.55896191704778,142.05671611659366,145.431795067215,1840600
2023-01-04,145.72528076171875,147.535098317462,144.74699616052618,145.78397544940017,1796100
2023-01-05,142.29150390625,144.96221690645308,141.13713514751416,144.15025375714004,1560900
2023-01-06,144.43394470214844,145.3926594766328,138.44684743861882,143.40674283719565,1761200
2023-01-09,143.8665313720703,146.2731180642472,143.8078366842628,145.7644058908514,1700500
2023-01-10,151.00802612304688,151.33086186370193,143.91546208402684,143.91546208402684,2639100
2023-01-11,154.4711456298828,155.11681710389686,151.5656389242592,152.61241070129165,3270800
2023-01-12,156.4375,156.97555953623242,153.4048116521,154.16787247532457,2540900
2023-01-13,157.4255828857422,157.8951553941334,154.9407461460877,155.13640011396396,2466800
2023-01-17,156.10491943359375,158.8538974517598,155.55706738291545,157.20059368006625,3349900
2023-01-18,156.49618530273438,158.81471497827175,156.05596022765536,156.9364103778134,2738100
2023-01-19,158.8054962158203,159.99200884466316,155.6284152241561,156.09909111875137,2907700
2023-01-20,160.62936401367188,161.7374280412877,158.93295892483368,159.7076132256568,4856000
2023-01-23,163.51226806640625,164.2967377123011,158.22692458767784,159.236924206919,2724900
2023-01-24,162.66897583007812,166.27753043834625,161.62955984434518,163.5613102942507,2361800
2023-01-25,162.29635620117188,163.48286872100334,160.59995107675752,162.22772314238844,1804400
2023-01-26,164.97335815429688,165.03219076484783,162.8945111522322,163.62994870914997,1530700
2023-01-27,161.9727783203125,164.43405252648944,161.30598871008448,163.7378316452059,1831700
2023-01-30,161.5020751953125,162.41402549382047,160.6391720194564,160.8156698409334,1950600
2023-01-31,162.27676391601562,162.49249347652224,159.46247918123083,161.3059808937359,2692000
2023-02-01,164.5516815185547,165.47343221645895,161.28633732731493,162.23750432727877,2878400
2023-02-02,167.67974853515625,167.9346948130906,163.47305265541203,164.02217692327932,2620200
2023-02-03,164.54193115234375,166.1304717971087,163.20833685719592,165.48328302979027,1994400
2023-02-06,161.7276153564453,163.13965786719655,160.88432798406856,163.12985741955802,1929600
2023-02-07,162.35519409179688,163.0808162021633,159.60955769138545,160.39402737186222,1755200
2023-02-08,158.92315673828125,161.7962588806393,158.08965487419314,161.60014519571124,2031900
2023-02-09,157.68759155273438,161.52167568805527,157.42282988318829,160.00176864345738,1868400
2023-02-10,155.25576782226562,157.17770286151318,154.80469288549492,156.70702703022,2338200
2023-02-13,159.97235107421875,160.13904843149615,155.01060221491716,155.06943481601354,2349200
2023-02-14,168.56228637695312,173.22987310039153,165.65976779033429,170.07239324483584,3532400
2023-02-15,171.62171936035156,171.8668652224971,167.43462384540132,168.5622888262644,2510800
2023-02-16,170.55287170410156,173.0533624857129,169.15064455731525,170.25870864010162,1951100
2023-02-17,168.6897735595703,169.9253033482855,166.95413662392184,168.8074387882528,1954500
2023-02-21,166.54229736328125,168.73880978074345,165.38521602005343,168.1994858654607,1791300
2023-02-22,163.19850158691406,165.8264730969228,162.64937723146892,165.13025224179424,2103800
2023-02-23,166.20887756347656,166.43440754411765,162.94353321761272,164.13004565275216,1769000
2023-02-24,163.10043334960938,164.80665379596044,160.7274233952107,163.757422410485,1843200
2023-02-27,162.25714111328125,165.14005878711615,161.78646525709874,164.73801599042147,1183700
2023-02-28,163.75743103027344,165.2773383227581,161.8354809448544,161.992377882953,2935200
2023-03-01,164.3163604736328,164.6791715280695,162.73762066883327,162.73762066883327,1594200
2023-03-02,165.30674743652344,166.03238452177337,162.84548854755744,163.18868375188714,1606700
2023-03-03,167.24830627441406,167.39540276540995,164.8654957379398,167.1012247459338,1663200
2023-03-06,166.37557983398438,168.64072504158577,166.3265476726155,167.4836438383581,1489500
2023-03-07,163.78683471679688,167.59150287871955,163.5907210405411,166.30694109235262,1287600
2023-03-08,165.36558532714844,165.8460765835755,163.4632511216199,163.56131544742635,960100
2023-03-09,164.2379150390625,167.13063300587078,163.88490442518832,165.61072578050934,1527500
2023-03-10,158.39364624023438,160.1881157804905,156.96200275730845,159.83510513384147,3326400
2023-03-13,160.23712158203125,161.68838068502308,156.74624740759788,158.84469508338162,2772100
2023-03-14,161.36480712890625,163.62015201435233,159.3153913476271,162.73763291081573,1911300
2023-03-15,160.39405822753906,160.50190805386893,157.01103301483334,158.85453487421879,1824100
2023-03-16,163.08082580566406,163.60053382005012,159.0996595237562,159.3546058258557,2040500
2023-03-17,161.2765655517578,165.12045098353525,160.47247991914557,164.04180317454723,3605100
2023-03-20,162.600341796875,162.72780746062287,160.52149487538915,160.81567287925662,2145800
2023-03-21,163.01220703125,163.74764465897834,161.93355919224172,163.4142348962287,2453500
2023-03-22,158.24655151367188,162.71800935680568,158.18771890455406,162.1786855023674,1475600
2023-03-23,158.10926818847656,162.2375158029953,156.29518296641007,158.85450616422315,3560800
2023-03-24,160.9921875,161.73744051588335,156.86393945550296,157.87393923622406,1864900
2023-03-27,162.49246215820312,163.56129434401734,161.1196365866176,162.82585688290442,1273500
2023-03-28,161.83547973632812,162.77684639537443,160.85489632430782,162.35520271021312,1098300
2023-03-29,159.50172424316406,163.56133955207724,158.14851415268714,163.33580952450362,2512200
2023-03-30,160.9627685546875,161.4530602834103,160.011601403964,160.6489896288133,1318400
2023-03-31,163.20831298828125,163.25734515363786,160.84510326574522,161.89433474681496,1705000
2023-04-03,164.40460205078125,164.65954832596978,161.01177720012234,163.55148439291256,1926200
2023-04-04,163.82606506347656,166.1402273715181,163.2573249333172,164.13984395036647,1737900
2023-04-05,164.39480590820312,165.33617258367232,163.07102725639055,163.7574326642766,1216200
2023-04-06,165.65977478027344,165.72840784306453,163.13966806569354,165.00278564705042,1594900
2023-04-10,167.55226135253906,167.89547148777092,163.5024625543764,164.63992779504514,1686100
2023-04-11,167.88568115234375,169.08197906823918,167.51305469308068,168.21907589878205,1197900
2023-04-12,168.12103271484375,171.39617790927315,167.83667009243007,169.55269116264213,1852200
2023-04-13,170.17044067382812,170.6313160797204,167.61111734084758,169.1506404972357,1324900
2023-04-14,171.20986938476562,171.26870199536788,169.25850301220325,169.50364886472295,1193700
2023-04-17,171.22947692871094,171.41579017786282,168.9643315574769,170.63132042683614,1285100
2023-04-18,171.0627899169922,172.5238647298964,169.49386528226276,172.5238647298964,1396100
2023-04-19,171.5824737548828,172.5336408200178,170.55285822470924,170.65092254663617,1241800
2023-04-20,171.38101196289062,171.98045304980994,169.4058118213937,170.9977637266405,1297800
2023-04-21,173.81809997558594,174.19151173856022,171.892022219259,172.71747768854922,1177400
2023-04-24,173.29727172851562,174.36839951424216,172.678172643807,173.92619230858574,1117700
2023-04-25,170.02488708496094,173.21862693804724,169.7595568063572,172.80589927946758,1151200
2023-04-26,169.94631958007812,170.47696529697822,168.53124434214274,169.3861793839573,1205200
2023-04-27,170.93881225585938,171.1157041389977,168.1971155217383,170.86019530720344,1682900
2023-04-28,172.73715209960938,173.97533542128105,171.04692502863784,171.2139804374994,1606700
2023-05-01,176.45169067382812,176.82511741112074,172.50127543637927,172.6781673099675,1689900
2023-05-02,173.83773803710938,176.77598455821624,173.0515985617832,176.37307833058952,2620300
2023-05-03,174.65338134765625,177.45405211120894,174.22099561626496,175.8915795774859,2513900
2023-05-04,175.3805694580078,179.59630017099514,164.62994557207458,165.09181076605157,3592200
2023-05-05,183.00625610351562,184.56874375934547,173.84759802512457,176.88410489375096,4224400
2023-05-08,181.66978454589844,183.81205523471783,180.3235048664371,183.0848596807791,1976100
2023-05-09,181.17843627929688,182.09234520035363,180.19574689882506,180.46107723005446,1904200
2023-05-10,181.9351348876953,183.26177172118372,180.1761272662507,182.78024846425157,1610500
2023-05-11,181.91546630859375,183.05538967008,180.0287043626774,182.62300391264375,1539100
2023-05-12,180.44142150878906,181.43394739209944,178.64309812059568,181.1882750438979,1267700
2023-05-15,180.66744995117188,181.12931516302592,179.55700614463123,180.42177760421333,1060600
2023-05-16,178.30899047851562,180.44142469925157,177.70954933851885,179.7044076416154,1175300
2023-05-17,175.8424530029297,179.27202959505988,174.6435706714887,179.1934276341647,1714500
2023-05-18,176.60894775390625,177.05115500397145,172.81576590718203,175.8227932012065,1836600
2023-05-19,176.44189453125,178.98705661935472,176.08812572789037,177.69973583327285,1755200
2023-05-22,176.4123992919922,178.2795030906877,175.17420109349013,175.76382071131488,1911400
2023-05-23,169.68096923828125,174.89904731756357,168.43294955812186,174.80078737878975,2301700
2023-05-24,166.21209716796875,168.42314848626987,165.6028344918809,168.17747611756974,2437900
2023-05-25,162.3795928955078,167.02770930256676,160.7385034874056,166.69359852371588,3626300
2023-05-26,161.88824462890625,163.74552685142376,161.50499639234388,162.79231700760084,1909400
2023-05-30,158.15402221679688,162.58594567033012,157.81007495550875,161.31828303991077,2185000
2023-05-31,160.18820190429688,160.4928482294138,155.90367530096296,158.21300150715766,5471200
2023-06-01,163.1264190673828,163.3131324281097,158.8124137653265,160.0800763279037,2136100
2023-06-02,168.90464782714844,169.48443093652563,163.62759589780472,164.06981809461203,3056300
2023-06-05,168.15780639648438,169.67115647908903,167.06702055577856,169.4746215967723,1500200
2023-06-06,167.1947479248047,168.9832495522037,165.4160827864527,168.81617918488354,1802900
2023-06-07,160.74835205078125,167.19479284548297,160.02115641437635,167.19479284548297,3195100
2023-06-08,161.45587158203125,162.01599674337893,159.56910973148328,160.1390713834171,1984000
2023-06-09,160.26681518554688,161.38708053348333,160.12923926543715,160.89573581956995,1346600
2023-06-12,162.68421936035156,162.7431783202031,159.94250777006292,161.00381403133764,1423000
2023-06-13,163.13626098632812,164.3744592200005,162.68423226185263,162.75301272225101,1867700
2023-06-14,162.78250122070312,164.52186574384686,162.27151350339787,164.18775492992012,1645400
2023-06-15,168.46243286132812,169.16997041301065,162.54665360232974,162.83162692428385,1836000
2023-06-16,167.78439331054688,169.97578647086416,167.32252809364522,169.24859091784552,3287700
2023-06-20,165.98605346679688,166.96874276801103,164.00101687984267,165.6028052391093,2844000
2023-06-21,166.9392852783203,167.47975246946115,164.8363304965001,165.18026280043964,2318200
2023-06-22,167.2144317626953,168.1872846713045,166.51671569163346,167.69593997171594,1679400
2023-06-23,165.45541381835938,166.74273456697205,164.29584749338483,166.1727878953189,2412100
2023-06-26,164.6397705078125,165.45540448454622,161.70153888709507,165.00337577119728,1729200
2023-06-27,167.71560668945312,168.12833445923604,164.2565356257688,165.8779822156135,1452300
2023-06-28,166.17279052734375,167.8433595786804,165.8288432250167,167.4404533090175,1686800
2023-06-29,168.8948211669922,168.93413713971404,165.28835289424583,165.7305601221406,1429000
2023-06-30,169.2289276123047,171.65615634034646,168.69826700376962,170.29021884007796,2061100
2023-07-03,167.28321838378906,167.74508361798297,165.7797047472517,167.5780282133289,742900
2023-07-05,166.41844177246094,166.7820320213336,164.5709810588721,166.27102937817412,1702400
2023-07-06,165.55368041992188,166.79186363594917,164.1877427866914,164.72822494257034,1564300
2023-07-07,164.2467041015625,165.7207381870718,163.12643879636144,165.31783193831654,1315400
2023-07-10,167.27340698242188,167.57803832662555,163.51952591534692,163.90277421848242,1280100
2023-07-11,167.1947479248047,168.4919049285861,166.5265264341158,167.58781762583956,1081300
2023-07-12,168.88499450683594,170.09369822469426,167.55835786906846,168.9734329507805,1471800
2023-07-13,168.03988647460938,169.97578578152044,167.9809275100781,169.425482119695,1001500
2023-07-14,169.2092742919922,170.36884047764664,168.15778953532183,168.68845015848314,2455900
2023-07-17,167.77456665039062,169.53358917390798,166.74273972250043,169.53358917390798,1639400
2023-07-18,168.11849975585938,168.52140599756203,166.21207997282707,167.50923714280157,1032000
2023-07-19,167.93177795410156,170.0740484773269,167.70576360811626,169.02256370336858,1844100
2023-07-20,169.0102081298828,169.6996005282974,167.4344411955405,168.29127141636673,2910800
2023-07-21,180.7299346923828,182.0496459648167,169.9162789234222,169.9162789234222,4346600
2023-07-24,182.76858520507812,183.35948657777294,179.5382762792693,180.42463585212568,2950200
2023-07-25,187.2693328857422,190.3519200282509,181.547353386453,181.70493308681742,3952800
2023-07-26,189.09130859375,189.9678249960222,185.31932912421567,186.5208480164486,2922500
2023-07-27,185.83143615722656,192.0359970759568,185.62461094796453,189.87917215885113,2173400
2023-07-28,187.02310180664062,188.38220028998546,185.01401342170232,187.61401811095382,1899800
2023-07-31,185.2405242919922,187.2102252638527,183.6155270012576,186.31400771502598,1500800
2023-08-01,182.69961547851562,185.91023780762114,181.99052189832216,184.62008602432167,1535300
2023-08-02,179.2427978515625,183.0541646234118,178.90795227539326,181.4390103427775,2284800
2023-08-03,178.1397705078125,180.48370457453916,177.03672768407918,177.87385665424156,1688000
2023-08-04,175.92385864257812,179.69583805426382,175.63824356746548,177.41097756386992,1827500
2023-08-07,177.95265197753906,179.12462656078506,177.302646994417,177.46022669231817,1941700
2023-08-08,186.4322052001953,187.65341021918323,174.5647535076876,179.3905150125055,4118000
2023-08-09,186.48146057128906,188.0572124593676,184.13751141677443,187.06251879825,2270000
2023-08-10,186.23524475097656,188.92388254091424,184.88598928061077,187.12160423366427,2348500
2023-08-11,187.93902587890625,188.6973649843946,185.32916299344026,185.62462115393424,1742900
2023-08-14,186.77691650390625,189.6034480388965,185.95950370297552,187.32844548149492,1352400
2023-08-15,186.28445434570312,187.87992227412573,185.66400878851803,186.28445434570312,1001200
2023-08-16,183.4481201171875,186.2352490371815,183.04432777633852,185.13220617857874,1205300
2023-08-17,180.00112915039062,183.7829514439617,179.10491159345227,183.5958274455212,2197100
2023-08-18,178.81930541992188,179.65641929521016,177.3026272944871,178.30717897245847,2027200
2023-08-21,178.07081604003906,179.86325115866384,177.24354522880887,179.1049120678898,860200
2023-08-22,179.06553649902344,179.7352276683074,176.44583039596722,176.9283975539433,1286400
2023-08-23,181.45870971679688,181.88218823041933,179.54809728876424,180.04052255258185,1022900
2023-08-24,178.80946350097656,182.42386321711942,178.60265330089277,181.5079594186375,1210300
2023-08-25,180.05038452148438,182.20719459986967,178.6912859554764,180.30644025419346,879700
2023-08-28,184.1473388671875,185.08294381931117,181.50794678939644,181.7147569750905,1546900
2023-08-29,189.84963989257812,189.9481159284922,184.0291696837928,184.4625063191687,2423800
2023-08-30,189.7807159423828,191.42541471323975,188.91405759513907,189.7807159423828,1673500
2023-08-31,187.62387084960938,190.35191105146046,187.58448344018942,189.34735929354522,1893000
2023-09-01,189.60342407226562,190.42085179749827,188.2837129701017,190.04660379549085,1174300
2023-09-05,187.54507446289062,189.47538806493876,186.53067964490202,188.75645140398956,1673000
2023-09-06,184.0291748046875,186.96402524281882,183.53674952853535,186.60947844288418,1356800
2023-09-07,184.9352264404297,185.41780859733905,182.61097864986553,184.10795562369316,1159600
2023-09-08,182.9655303955078,184.90568714324223,181.92159123736167,184.38371756416916,1562200
2023-09-11,183.25115966796875,184.364030635154,182.65040019656016,183.33979261597307,1069100
2023-09-12,184.8564453125,186.8852350419909,182.18750873627232,182.4238632506973,1675700
2023-09-13,179.2427978515625,184.4329643926921,178.42537010200115,183.63523786161912,1935700
2023-09-14,179.97161865234375,181.1337352413476,177.84433757715874,180.60192248636574,2000700
2023-09-15,177.51930236816406,180.67082095807922,176.3768721831867,177.55868977595162,3257500
2023-09-18,176.92840576171875,178.71099798586513,175.36249690122608,176.85947403350738,1228200
2023-09-19,179.2230987548828,179.83371631423847,176.13066863116856,176.1602129454376,1373600
2023-09-20,178.7306671142578,181.64583124852655,178.67157848782438,180.43446932376216,1485500
2023-09-21,173.95416259765625,177.8246181603112,173.79658289836755,176.53446630609287,1691800
2023-09-22,174.00338745117188,175.3920303292357,172.31930143107473,174.3776354679165,1281800
2023-09-25,175.0276336669922,175.22460076327292,172.48671755038006,173.13672249297005,1551100
2023-09-26,174.1905059814453,175.74657160026706,173.59960468833503,173.9049059439193,1463200
2023-09-27,172.03369140625,175.49052654576838,170.17232441867364,175.03748866864234,1450400
2023-09-28,171.37384033203125,173.0677844954287,171.14732891123595,171.79733388669408,1115900
2023-09-29,171.3442840576172,172.92989394776245,171.1571600600805,172.92989394776245,1498500
2023-10-02,170.11322021484375,170.73368082977572,167.9957976812953,170.57610114540796,1270200
2023-10-03,167.7495880126953,170.32989152222856,167.1192842917549,169.21702067240278,1671800
2023-10-04,168.3995819091797,168.94123762831933,166.62684811414286,168.5276022474149,1673400
2023-10-05,169.394287109375,169.96550220643104,167.43442919159438,168.5965606035708,2083200
2023-10-06,172.92005920410156,173.2647478757035,167.70034834902523,169.17762415550192,1490600
2023-10-09,171.95492553710938,172.74279401684458,169.6405205519102,170.97991800613926,1215100
2023-10-10,172.96929931640625,174.11171448328705,170.92080845896746,171.64958821631149,1665300
2023-10-11,174.26930236816406,174.64355038718833,172.3685480139131,173.98370231991655,1053600
2023-10-12,171.66928100585938,174.86020190114274,171.57080497659084,174.15110836885754,1306300
2023-10-13,171.73825073242188,173.0677900126503,170.37915210906945,170.79278755364902,1287400
2023-10-16,172.52609252929688,173.86548972618837,171.03897377774368,172.35866975813857,1264400
2023-10-17,171.62005615234375,171.7874789471324,168.7836967091344,170.251114451305,1716300
2023-10-18,166.9715576171875,171.42308636377308,166.88292467326565,170.3003573245487,1228600
2023-10-19,165.49429321289062,168.59658171321473,165.04127033867223,167.28672857231717,1602300
2023-10-20,164.5586700439453,165.71094335087716,162.588969000788,165.0806396181719,1932000
2023-10-23,163.97760009765625,166.0260908391282,163.49501796670302,164.05638993705423,1075400
2023-10-24,164.5882110595703,165.69125384042295,163.7313959318051,164.10564393134672,1201400
2023-10-25,161.1905059814453,163.47536672962877,159.89051092249457,163.05187313077212,1273600
2023-10-26,155.67532348632812,159.83137871052548,155.48819948962685,159.81169252070228,2891100
2023-10-27,153.66622924804688,155.53743927144782,152.80941408321746,155.53743927144782,2407100
2023-10-30,154.62152099609375,156.01016374033205,151.19424563015747,154.74955636372042,2756200
2023-10-31,154.99172973632812,156.50215748981663,154.09336641367383,155.4952006329557,3208900
2023-11-01,149.50286865234375,154.9917459061024,149.09810952229134,154.41916312633234,7269900
2023-11-02,158.8517303466797,159.75996039904874,153.2345113240997,153.32335647774727,4137800
2023-11-03,160.15484619140625,162.61300101650528,157.33142900641505,162.14901177164393,1974700
2023-11-06,161.08279418945312,168.73365935447987,160.14494921420308,168.10184657565412,2112500
2023-11-07,165.0217742919922,165.30805812521783,160.98409519567704,161.00382851961945,2938200
2023-11-08,168.68431091308594,169.52344416023746,165.81154563769334,166.67041220897096,3326300
2023-11-09,168.44740295410156,171.33991683083067,168.36842446094622,168.78305025230634,3479300
2023-11-10,167.15414428710938,168.32890970536334,164.11354041159183,168.32890970536334,2108500
2023-11-13,166.67044067382812,167.44046222722804,165.42656317916877,166.52235033595352,1544900
2023-11-14,170.44154357910156,172.99842507363863,169.15818456432842,169.21741466487407,1421500
2023-11-15,172.3863525390625,173.40317614258808,170.27372684021432,170.28360856644338,1714100
2023-11-16,174.2817840576172,174.54833457363202,171.57684237580037,172.79110462759118,1566900
2023-11-17,172.5640411376953,175.4269396349214,171.47810581055128,175.14065581064105,2425100
2023-11-20,173.80792236328125,174.73590074350847,171.67554843385776,172.09018925091726,1056700
2023-11-21,176.44378662109375,177.6087005873869,173.52165763779632,174.38052428854272,1423800
2023-11-22,177.0558624267578,178.65513548412932,176.49314631332277,177.69754196953824,1501500
2023-11-24,177.90484619140625,179.06974496323286,177.08546134821702,177.86534941672397,635200
2023-11-27,176.50302124023438,178.4774384656745,176.1871223172401,177.72716534290615,1442700
2023-11-28,174.706298828125,176.07851811423993,173.9066623103784,175.83171597599187,1348900
2023-11-29,173.54139709472656,175.78236488526886,172.99844440332117,175.59479283684527,1524400
2023-11-30,174.41014099121094,174.59771303478254,171.4090334848887,172.80098615805227,2581900
2023-12-01,176.8386688232422,177.16444944581917,173.72895291515633,173.99550343610235,1367200
2023-12-04,179.79042053222656,180.32352159737883,176.52276256508634,176.52276256508634,1559500
2023-12-05,177.35202026367188,179.71144823241053,176.57213209194657,178.971041776987,1425900
2023-12-06,179.6719512939453,180.836850121254,178.32934709931442,178.43794063945393,1552900
2023-12-07,179.504150390625,180.2643052678915,178.20102774388243,180.12609665962563,1088600
2023-12-08,182.23870849609375,182.48551063920135,179.14874084403226,179.7509386757591,1474600
2023-12-11,187.03652954101562,187.71769075441833,182.3176590398066,182.80139662900586,3199200
2023-12-12,189.02081298828125,190.03763653974306,186.50342829672184,187.64859377373332,1899700
2023-12-13,194.88482666015625,195.14149543811766,188.4975866875259,189.32683818272963,2104700
2023-12-14,197.53054809570312,199.33714148527937,195.46728591519715,195.46728591519715,3044400
2023-12-15,193.77915954589844,196.85926046347248,191.48884354422236,196.85926046347248,4058300
2023-12-18,194.2036590576172,195.60549333249045,193.0979903481073,195.27971271695137,1543100
2023-12-19,195.5462646484375,196.43474628735638,194.717013110299,195.25009908092903,1600300
2023-12-20,192.14039611816406,196.79013974036027,192.08116601805042,195.4672839591347,1833200
2023-12-21,192.17001342773438,194.4603293528267,191.419725314523,193.49286922451395,2118600
2023-12-22,192.4859161376953,193.40402790928056,190.27457865769216,192.82157848828734,1548400
2023-12-26,192.999267578125,193.82851912790096,191.60729993582535,192.38720310999608,814600
2023-12-27,194.38134765625,194.48994119381197,192.2489887442431,192.9104166317182,766400
2023-12-28,194.63803100585938,196.05961365260796,194.0160848320053,195.0921384791447,880100
2023-12-29,194.8453369140625,195.47714975180818,193.73966821390908,194.1641606385729,1007200
2024-01-02,194.0555877685547,195.41792529526944,192.55502658672285,193.28555125744631,1642300
2024-01-03,190.46212768554688,193.4435015578767,190.33380082446544,193.41388650811894,1493000
2024-01-04,191.55795288085938,192.43656794499654,189.55392059902286,190.38318728333397,1851900
2024-01-05,192.35757446289062,193.43362806906134,190.60034460912019,190.60034460912019,1088200
2024-01-08,193.6409454345703,193.7692873626981,190.20546399813165,192.04167245036047,1610600
2024-01-09,193.4336395263672,197.27388006081372,191.5678160289339,193.04862880669387,1983200
2024-01-10,196.22743225097656,196.3261440600401,193.4040154177393,194.06544328652768,1325200
2024-01-11,194.19378662109375,195.87203802344186,193.23619319093632,195.6943326640653,1589500
2024-01-12,196.395263671875,197.0073281286007,194.35173482270656,195.1513713067789,1726500
2024-01-16,190.52137756347656,196.37551685242119,190.20546360676798,195.5758803619616,2316200
2024-01-17,188.45811462402344,190.55100708716597,187.28334905025187,189.53418344013855,1678000
2024-01-18,188.48977661132812,190.7853023975677,187.17380943007797,189.40995567541307,3832800
2024-01-19,186.39215087890625,188.90534123642212,185.18502355271679,188.5590436217836,2285100
2024-01-22,189.18238830566406,192.20020666801113,188.1038939869513,188.1038939869513,1890700
2024-01-23,186.1151123046875,189.91458772460214,185.80837084561844,189.52870373816978,1488000
2024-01-24,184.1065216064453,187.69820611679174,183.96798444901478,186.8175983594409,1837700
2024-01-25,185.3433380126953,185.55111356104322,183.35453860615758,183.57221829341813,2530600
2024-01-26,189.49900817871094,190.84465751577667,186.97591378449118,187.21338664318708,1840200
2024-01-29,190.72592163085938,190.96339449963227,187.95548031737312,189.34070097411626,1669900
2024-01-30,189.40992736816406,191.46797997652922,188.43038400734,190.83473418147614,1607500
2024-01-31,185.82814025878906,190.7456957453602,185.46204949990744,190.10256088282142,2150000
2024-02-01,187.1441192626953,187.63884306481702,183.42380170593796,186.31298689859617,1584200
2024-02-02,187.04515075683594,188.17312031498517,183.66124208238824,185.41256840348893,1177700
2024-02-05,188.1632537841797,188.8558641048846,185.46206598454418,186.45151361348627,2112500
2024-02-06,194.07025146484375,194.43634224518834,188.8558583907135,189.97393900887576,2459300
2024-02-07,195.01022338867188,195.85125988574572,193.15007217165794,194.07025119050076,2017800
2024-02-08,193.6843719482422,194.92118147537016,192.9422862319654,194.01089147513667,1520900
2024-02-09,195.23780822753906,196.1283050309324,193.5260530043331,193.5260530043331,2234100
2024-02-12,194.6144561767578,197.51353047703353,194.37698331107174,195.65337920469693,2469000
2024-02-13,181.55374145507812,188.5986033765381,180.14872770657186,184.63092402542765,4139800
2024-02-14,182.1375274658203,184.5220999551396,180.17842532208047,183.235814974751,2726800
2024-02-15,187.6487274169922,188.33144866250498,181.91983257458696,181.91983257458696,2725600
2024-02-16,186.40203857421875,188.34136257372865,185.94688602100214,187.4013752461914,1953700
2024-02-20,184.58145141601562,187.41127213471546,184.27472507795827,185.3235371104533,2502800
2024-02-21,186.39215087890625,186.86708151777287,184.69029973371366,184.69029973371366,3179300
2024-02-22,194.5847625732422,194.5946516137359,186.55043804522893,187.3123169008534,3339700
2024-02-23,195.12896728515625,196.11841488234776,192.76418813177946,195.26748934485218,2391100
2024-02-26,194.96075439453125,195.90074172135715,193.39744042499197,194.82223233022629,2098500
2024-02-27,196.9000701904297,197.14743208765387,191.9924035064827,195.56430990631043,1982500
2024-02-28,197.8301544189453,198.38424265610686,195.0201268746134,197.19690856250753,2003300
2024-02-29,196.23715209960938,198.41393388635404,196.0986300340285,198.38425166499906,2849200
2024-03-01,188.806396484375,194.1592964751902,186.5009817865547,193.93172775672937,3724300
2024-03-04,185.8776397705078,188.41062338843423,184.541879377758,187.60917319189366,3757200
2024-03-05,183.27537536621094,185.74899437492425,182.4739252230314,185.4620612129333,2508500
2024-03-06,181.5933074951172,185.26416454563352,181.29647021080575,183.34463388456044,5028500
2024-03-07,179.59463500976562,183.15665253916106,179.47590612471004,182.95876603147747,3839300
2024-03-08,180.23777770996094,181.0491168878355,177.9422520403213,180.07946247113637,6518000
2024-03-11,181.55374145507812,182.0484652438946,178.5161301448143,180.69291179605253,3383500
2024-03-12,179.43630981445312,181.89013538229574,179.03063271677868,181.71202698180204,2598400
2024-03-13,174.37034606933594,181.0392283189233,174.13288830825238,179.6836899401639,5947400
2024-03-14,172.04515075683594,175.61705713939435,168.91849276757395,175.61705713939435,6432600
2024-03-15,170.74899291992188,173.6579564090769,169.7991165066862,171.9462161547111,3399500
2024-03-18,168.88880920410156,172.440922379339,168.61176509057603,171.90662733118887,4955000
2024-03-19,171.13485717773438,171.6691522188542,168.47324081702624,169.84857232599265,3624000
2024-03-20,169.18565368652344,171.28327780601003,167.55305605768223,170.82812525857696,3697300
2024-03-21,166.5438232421875,172.49039773885448,166.2469859498279,170.90727557811783,4400900
2024-03-22,167.11770629882812,169.55175422279171,166.38552468176974,166.9890883675406,2840500
2024-03-25,166.03921508789062,168.04779269856687,165.26744709451617,167.5134975869129,2762200
2024-03-26,163.92176818847656,167.44419893031946,162.37823247892933,167.42442085039158,4550000
2024-03-27,166.7318115234375,166.75160470303723,164.5847120189264,165.57415963009865,2857700
2024-03-28,167.4244384765625,169.3340651368401,165.64342974044055,166.94949274841497,3395600
2024-04-01,165.25753784179688,167.70147455451394,164.36702596758488,167.2067507680979,1896500
2024-04-02,163.2687530517578,164.41651596159915,161.91321458792896,163.92179213126477,2391500
2024-04-03,161.25027465820312,164.50555058039023,160.92375514236159,163.25885205444516,2481200
2024-04-04,163.77337646484375,167.00885935481784,162.71466025045217,163.46665011421373,4306100
2024-04-05,164.10977172851562,167.60252038244388,163.5655725548643,164.01082093411665,3663900
2024-04-08,163.9415740966797,165.12890818870258,162.30897650959764,164.12957155498964,2301400
2024-04-09,165.3762664794922,165.4158377393285,163.00159834724656,164.10977479592495,1829800
2024-04-10,161.47784423828125,163.13021990767962,160.92375600156947,162.52665627173886,2666000
2024-04-11,161.01278686523438,162.55632254400803,159.55829783767368,161.59657236242853,2290400
2024-04-12,148.3973388671875,154.3340241490076,146.91316754673247,154.20540623438606,11577200
2024-04-15,148.1895751953125,153.3643820526815,147.66516916127676,149.52532043194648,8667300
2024-04-16,151.4052734375,152.77070083609135,147.09128137001483,148.6150240054136,4967400
2024-04-17,150.336669921875,151.5635752764637,149.6440596252891,151.3953709971337,3270500
2024-04-18,151.92628479003906,152.4819529255592,150.00128079140066,150.45773112604712,4772800
2024-04-19,145.3673858642578,150.36841418356522,144.67280070057913,150.3287300917069,6162800
2024-04-22,144.414794921875,150.35849050234344,143.68052569780437,149.65398813109618,4545000
2024-04-23,148.40371704101562,148.74108479407093,144.05757491826975,145.11930978566278,4315300
2024-04-24,149.71353149414062,150.56688332537135,147.59999396242262,148.09612839590974,3640300
2024-04-25,152.17434692382812,152.40256451312283,148.88000717203752,149.80282504836754,4567200
2024-04-26,157.19522094726562,157.51275422978506,151.4499912766643,151.4499912766643,5236500
2024-04-29,158.46533203125,163.76404404690362,157.19522911680465,157.19522911680465,4849500
2024-04-30,158.00889587402344,160.87655222219252,157.69136257694265,158.40579735455344,3647900
2024-05-01,157.2746124267578,159.53698418920195,156.8181620946621,156.94716188998024,3779100
2024-05-02,165.93711853027344,168.67579029565104,160.13235473787356,161.83905840183252,5323100
2024-05-03,165.77835083007812,170.3626277068011,165.6592682818067,169.13220898012895,3007000
2024-05-06,164.66700744628906,166.32409455673218,163.60528768343463,166.05619287705582,3081300
2024-05-07,167.14767456054688,170.8984493735337,165.18298659679664,165.66920375433943,3337500
2024-05-08,163.6449737548828,166.20502915518657,159.75528175513455,165.78827806315863,4673100
2024-05-09,166.83016967773438,167.08815413280502,163.64497994842702,164.51818139762207,2145300
2024-05-10,167.73312377929688,168.6757913221433,166.9889221238843,167.4056883748382,2010700
2024-05-13,166.6118621826172,170.23363734064893,166.50271200614063,168.12009989652142,2125800
2024-05-14,167.56443786621094,168.88415726945397,167.32630302947737,168.49717301894069,2050100
2024-05-15,171.94032287597656,173.6371090519558,169.32073405645744,169.52911714996404,2585700
2024-05-16,172.36703491210938,173.48828845794105,171.22591660829875,171.44421697456437,1694900
2024-05-17,172.7143096923828,173.30967704521203,171.24575606711036,172.70439245480327,1999500
2024-05-20,173.041748046875,173.3592813169273,170.8587598081342,172.2479300125639,2254400
2024-05-21,171.45411682128906,174.42100594126444,171.18621515053718,172.12886746879997,1600400
2024-05-22,170.7198486328125,172.63492013311753,169.66804613618694,170.6900817803284,1575700
2024-05-23,169.5787353515625,171.17628875805374,168.4177826485825,170.69008672617855,1946000
2024-05-24,168.7551727294922,170.93816119904167,168.417789809185,170.2435760233879,1893800
2024-05-28,169.97564697265625,170.38248081087366,167.8918764546619,168.72537860553157,2304300
2024-05-29,169.47950744628906,172.0891639925672,168.10025447381182,168.1697054138717,3071200
2024-05-30,168.13003540039062,172.82346279449047,167.00876676127112,169.36043907719477,2904700
2024-05-31,168.24908447265625,170.81905686539025,166.6614635793683,168.68568513907672,4088400
2024-06-03,171.03736877441406,172.92268858511736,168.665846940234,168.72538064589887,2142700
2024-06-04,170.55117797851562,170.92822985282174,168.34833987897747,169.6085104406969,1304400
2024-06-05,174.46072387695312,175.36367706174136,171.56328538809242,171.56328538809242,1870800
2024-06-06,175.4132843017578,175.53235171748005,172.644860900469,173.17076217433686,2722200
2024-06-07,175.55218505859375,175.75063578000646,173.89509806652717,174.54006669632344,1819400
2024-06-10,177.4474334716797,178.37023619927092,174.6591605324152,175.20491140719415,2506900
2024-06-11,177.15966796875,177.6161182866432,176.08803097004878,177.1199838780213,1844100
2024-06-12,174.490478515625,177.74511904258222,173.4485932237005,177.61611925057787,2068300
2024-06-13,169.99549865722656,175.13544379097706,169.4894318773939,174.5103095998051,2298800
2024-06-14,169.23146057128906,170.26341354488812,167.5842905961164,169.13222762692578,2225300
2024-06-17,169.5787353515625,170.2931701135226,166.0264262984206,166.9988455029916,1798700
2024-06-18,168.3483428955078,170.26341457860954,167.46522419227045,169.08261218129653,2273700
2024-06-20,166.8797607421875,169.7771989833919,165.8081237542379,168.50709612132826,3233700
2024-06-21,169.76727294921875,170.46185811211254,168.0407348501429,168.07050170420828,4899700
2024-06-24,170.511474609375,172.942530250297,168.98338725076778,170.38248995534502,1885900
2024-06-25,166.68130493164062,171.08698072433225,166.42332050029938,170.46184654972006,2293400
2024-06-26,169.5787353515625,170.1840199376448,165.16314212890677,165.91727612254277,2053800
2024-06-27,175.0957489013672,180.255543332372,172.9127455559864,173.1409782680704,4164700
2024-06-28,172.0197296142578,175.70105373481394,171.69227907462712,175.095769126555,4189600
2024-07-01,171.24575805664062,174.10349715810878,170.6702403131049,171.92049359958676,1589800
2024-07-02,173.45849609375,174.62938108069505,171.15644048915576,171.15644048915576,2454200
2024-07-03,174.24241638183594,176.2964050312388,173.90503346529783,174.08364973179695,1251800
2024-07-05,173.60736083984375,174.59962966802095,172.9028433098768,173.845495668481,1812100
2024-07-08,174.07371520996094,175.7705015871169,173.36921281292106,174.0538807345661,1704700
2024-07-09,172.89292907714844,174.37139996670282,171.98004355625807,174.33171587484716,1777500
2024-07-10,172.1487274169922,173.31959738681945,170.18402420196185,173.31959738681945,1971000
2024-07-11,176.36585998535156,177.16959528180917,172.66468650145703,173.4585045607211,1989900
2024-07-12,177.6558074951172,178.32064094574457,176.43532105417842,177.6161234032453,1672800
2024-07-15,176.60400390625,179.45182577284822,176.44525239887167,177.19937126658672,2216500
2024-07-16,181.49588012695312,181.80348101595706,176.405536610359,176.72306987695632,1939900
2024-07-17,180.64254760742188,183.4109710436541,179.1640615666516,180.5929311366377,2190800
2024-07-18,178.26736450195312,183.25046587079274,178.20768918586754,179.5902229902461,2171100
2024-07-19,177.62086486816406,179.5404917286554,175.22380511673524,179.07301484180132,2131400
2024-07-22,179.7891387939453,181.19156937488543,177.8197775553529,179.82893245434857,1532900
2024-07-23,178.41656494140625,181.20151415704328,178.2872583075249,180.15716578959686,1329400
2024-07-24,178.69505310058594,179.86870805749888,177.43186999761664,178.36682370327102,1309300
2024-07-25,179.7891387939453,185.44858042795792,178.79450975954828,180.02785522586106,2473700
2024-07-26,178.87408447265625,182.8625566710482,178.2971978032001,181.2810849492482,2437300
2024-07-29,180.85340881347656,182.09669517293497,178.18779496684334,179.6598569437636,1302900
2024-07-30,180.85340881347656,183.79750241364619,179.0730142477043,180.99265627866248,2271300
2024-07-31,179.07301330566406,182.2757201649274,178.86414969740164,181.51980752601406,1740100
2024-08-01,181.4402313232422,182.94211574034102,179.6300143258042,180.07759436748472,1987800
2024-08-02,179.6200714111328,182.54428348922727,177.57113782630094,180.62465654821906,2699600
2024-08-05,173.8810577392578,177.33240657874734,171.31491297002086,175.23373867697805,3197400
2024-08-06,184.29481506347656,188.80049874653858,183.01175023150884,184.00637930885398,3832500
2024-08-07,183.77761840820312,189.1983438307289,183.50906430848173,185.0010079207458,2097100
2024-08-08,187.28866577148438,187.82575881687097,184.50370120844258,184.51364203595193,1734100
2024-08-09,184.25503540039062,188.6115155879021,184.17546325349142,187.35827324528364,1881700
2024-08-12,182.82275390625,184.25502209332558,181.36064806334653,183.8671173907288,1638100
2024-08-13,187.36822509765625,188.0246687355683,183.6284101604326,183.6284101604326,1732700
2024-08-14,182.39508056640625,187.48757646036043,181.50986131645195,187.03999642194935,2153100
2024-08-15,183.09132385253906,185.1700949984811,181.7286868621962,183.52896307838694,1891900
2024-08-16,182.7233123779297,183.61847246652346,181.27114726387936,182.73325320492825,1588400
2024-08-19,183.48916625976562,183.52895992152298,181.57948026996127,182.81282577824197,1637000
2024-08-20,182.61390686035156,183.76766506950756,181.91765435639553,183.48917013865935,1186400
2024-08-21,181.9176483154297,183.5388985336869,180.84346229030604,183.2803004427253,1246800
2024-08-22,181.1915740966797,183.35987334012438,180.53511527443024,182.42491959513305,1135800
2024-08-23,179.9283905029297,181.95744228006825,179.21225636709664,181.87787013421624,1262400
2024-08-26,180.58485412597656,181.60932086870844,179.55044655606196,180.06764275260156,1015900
2024-08-27,181.1219482421875,182.10662124592596,180.44559262548583,181.00258244110236,1423900
2024-08-28,181.92759704589844,183.61846333853921,181.1219499708471,181.1219499708471,1485400
2024-08-29,181.90769958496094,183.71793167354582,181.4998980471807,182.92222542775943,1359900
2024-08-30,182.50450134277344,183.2305763454898,180.00797255686118,182.1066405916142,2328500
2024-09-03,182.5840606689453,183.75771565455105,181.48002182438043,181.72867908507672,1680900
2024-09-04,186.3238525390625,186.50287847432418,180.5848389549952,182.20608908286854,1870800
2024-09-05,185.58782958984375,187.039994671205,184.84185780719616,186.65208995130166,1465700
2024-09-06,188.21365356445312,189.41716140991315,186.05531031641206,186.4531710481834,2710100
2024-09-09,190.70022583007812,192.5701333234443,189.0690347752805,189.5265708216615,2652700
2024-09-10,190.33221435546875,191.73464494912795,186.8112342195777,190.70022224494616,2675600
2024-09-11,188.96958923339844,190.1233474614797,185.4386528732112,189.68572340356513,1387900
2024-09-12,189.6857147216797,189.8448438368945,186.13488169238786,188.9596245805153,1046000
2024-09-13,190.0636749267578,191.5854562664383,189.11878029798382,189.54647871160242,1725200
2024-09-16,193.20669555664062,193.40561833394455,190.18302988184993,191.21743742993132,1263400
2024-09-17,194.6588592529297,195.25562758050648,192.95803688914071,193.43545458656914,1962900
2024-09-18,195.42471313476562,197.32445827865132,193.32604521457725,195.74300171831788,1993800
2024-09-19,192.20213317871094,199.25404987108567,190.28249111945127,197.16532268566704,2463100
2024-09-20,191.60533142089844,193.5050764678934,190.04377177088838,191.90372315855137,3520700
2024-09-23,192.5502471923828,192.61987851548108,190.053733571404,191.77443769496833,1315700
2024-09-24,192.6497039794922,194.65885891894052,191.85399770058677,193.91288712812323,2045100
2024-09-25,190.50131225585938,194.72848597406292,189.77523725495254,192.79890307204806,1906300
2024-09-26,193.8233642578125,194.111815190479,190.8394770132741,191.0881342836523,1556100
2024-09-27,193.76368713378906,196.44918259345627,193.37578240269085,194.59917191202592,1343700
2024-09-30,194.33062744140625,194.9472925919979,192.5402921271332,193.96260437493902,1838200
2024-10-01,193.3757781982422,194.94729391942508,190.05372081164745,194.40024490622298,1951200
2024-10-02,191.4263153076172,193.34594210595125,190.23274829575652,192.48061968150378,1233300
2024-10-03,189.96420288085938,191.29700213144514,188.9795146827991,190.85936293230725,1325000
2024-10-04,189.0093536376953,190.83946741317527,187.98488694941932,189.9642041857218,1697700
2024-10-07,186.2741241455078,189.0988669576885,185.63756217125817,189.05908847416305,1847300
2024-10-08,186.36363220214844,188.23353959206742,185.6474981028958,185.9956243261115,1990100
2024-10-09,189.1486053466797,189.41715944072905,186.00557389411907,186.27412798816843,965400
2024-10-10,189.2580108642578,189.74538455326206,187.90531477459757,188.74079951846093,1153600
2024-10-11,189.05909729003906,191.78438643206974,188.68113338316687,189.18840392698698,1819900
2024-10-14,191.6152801513672,192.00318487326663,188.77064046515954,189.13866353340714,1616400
2024-10-15,191.356689453125,194.76827511370817,190.9091093993134,191.24727964647457,1414600
2024-10-16,193.3956756591797,194.82794392501944,190.7300619029035,190.96877833948844,1591500
2024-10-17,189.97415161132812,195.49434596314995,189.86474180699165,194.65886119012697,1701200
2024-10-18,192.2418975830078,192.45077635698328,189.47683009549849,190.13328889732477,1576400
2024-10-21,188.43246459960938,191.96340065215318,188.16391051498653,191.44618931279953,959500
2024-10-22,188.49215698242188,188.8005047547531,186.21446300062576,187.39807406862627,1441900
2024-10-23,187.97494506835938,188.95961809082556,186.5526176693695,188.38273143458383,1339500
2024-10-24,180.52517700195312,187.23892325409187,179.09290870653655,186.5526267644685,4485900
2024-10-25,179.0431671142578,181.05232201433202,178.7049968848216,180.51522901327655,2622900
2024-10-28,181.7783966064453,182.1165820120578,179.7294632267698,180.55500714537555,1909700
2024-10-29,180.29641723632812,183.41955193448226,180.06764162104417,181.03243304094602,1696000
2024-10-30,181.75851440429688,182.82275957443375,178.8343026278285,178.95365325484042,1957800
2024-10-31,178.24114990234375,181.03271365154978,178.20127715730874,179.67681212838104,2120000
2024-11-01,181.40159606933594,182.55810345753213,178.6598846235667,179.43753247116098,2838600
2024-11-04,174.65199279785156,178.62997224636777,173.0667887759069,176.1075989899758,4164000
2024-11-05,174.74172973632812,176.2671170055222,171.73082794185694,174.03386302621672,2453800
2024-11-06,169.8564910888672,178.38072398663627,168.79968841805854,177.98193569256452,5362100
2024-11-07,173.7248077392578,174.2631734770708,169.12870174378472,172.06980735448641,3781300
2024-11-08,176.2870635986328,176.56621844858677,172.69790808094157,173.72480239601467,3243400
2024-11-11,175.61907958984375,177.84236934552965,174.47255176337555,176.39672746067944,3399500
2024-11-12,173.43568420410156,175.97798623052697,173.22631045898024,174.8613668240092,2704100
2024-11-13,176.5063934326172,176.96501368283523,174.38282361312645,174.79159152115574,2375300
2024-11-14,174.10366821289062,178.43058375620936,173.28613239936462,176.94506915526034,3009800
2024-11-15,174.61212158203125,176.5363124082269,170.2353537971637,172.4785722220165,3426500
2024-11-18,175.8882598876953,176.66590771350286,173.1365841358223,173.6051687504497,3172900
2024-11-19,175.03085327148438,175.96802251097301,172.71785374743445,174.35291011862788,2208300
2024-11-20,175.14051818847656,176.87527920003228,173.3060677106372,175.8882576431957,2187300
2024-11-21,176.17739868164062,177.1245323171897,174.02390532034258,175.17043310872324,2019500
2024-11-22,176.42665100097656,177.53330608044894,175.7486926036065,175.81848892644132,1854600
2024-11-25,178.17137145996094,178.26109654723052,175.6190745683914,176.4665187378452,4558300
2024-11-26,175.17042541503906,178.11153087532475,174.31301690400275,177.91213673125077,2539600
2024-11-27,176.20730590820312,178.7296791966219,174.47254484287222,174.74173531449912,2315800
2024-11-29,174.72178649902344,177.27406807888443,174.71182211620146,176.39671558100787,1543400
2024-12-02,176.27708435058594,176.37678903125115,173.20636578223767,175.25019003348746,2391500
2024-12-03,176.40670776367188,180.85325686725844,176.02784821022934,176.17740524001945,2679000
2024-12-04,174.79159545898438,177.96200368466842,174.0139323714777,174.0737643111315,2687000
2024-12-05,174.2432403564453,175.99793016810517,173.1964020566807,174.74173333606672,2442000
2024-12-06,175.9281463623047,177.014857390134,173.88432213465617,174.2432376829886,2551200
2024-12-09,177.61305236816406,179.23814443962135,174.5523132148198,175.34990506884543,2387300
2024-12-10,176.17739868164062,177.9719612699236,175.66892609720156,177.34387044914408,1678200
2024-12-11,176.63600158691406,177.84236129815037,175.2801000660528,175.72874070772633,1782400
2024-12-12,178.30096435546875,179.1583728843879,176.02783759745958,176.41666151099275,1936000
2024-12-13,177.64295959472656,181.30191163117334,176.09764345264045,178.4405514436479,1650300
2024-12-16,175.2801055908203,178.74961259866473,175.26016161130883,177.45354297360032,1938800
2024-12-17,170.2752227783203,176.78555499209247,169.00906158193973,174.47254029856265,3018300
2024-12-18,166.50662231445312,170.4247851093601,166.39695324862117,169.5574121786519,2728300
2024-12-19,163.0271453857422,166.93532845021707,162.8775883668639,166.08788431496794,3713700
2024-12-20,164.34317016601562,165.88850152340493,163.03712092753022,163.26642345014696,6220100
2024-12-23,163.78485107421875,165.33018234329063,162.23951980514687,164.34316077362058,2437800
2024-12-24,164.20358276367188,164.5425543352725,162.24949882272833,163.20659681463584,1023600
2024-12-26,165.0211181640625,165.29029341646768,162.52865329721138,163.22654041737005,2167200
2024-12-27,164.10389709472656,166.02807271875903,163.02715041930995,164.4528330572865,1800100
2024-12-30,161.75100708007812,163.55554922752867,160.9633796551742,163.39602782339642,1531400
